87/7,0,0,0,-5,-2,-5,-1,-2,-9,-10,-1,5,-4,4,-8,2,6,-13,-11,8,-13,8,6,-1,0
-73/9,0,0,2,1,0,0,1,-2,-4,-5,4,5,-6,7,-6,-2,4,-10,2,5,-11,12,6,-14,6
-1,0,-2,1,1,6,6,3,1,-4,0,1,7,12,10,-8,0,4,0,4,-8,1,8,12,-9,8
-18,-1,0,3,3,-3,-5,3,0,-3,4,-9,-5,2,-4,-3,-3,2,1,-2,8,-2,-10,-6,-14,-14
-17/7,0,2,1,-5,4,-5,-8,-2,4,10,-6,-11,12,8,7,6,4,-2,2,8,-13,-8,4,-14,1
-50/79,1,2,0,3,0,0,2,1,6,0,-1,11,3,-6,11,7,10,-13,2,-9,-5,-8,16,-8,-10
1,0,2,2,0,-5,2,4,0,-3,4,2,8,-6,-6,2,-3,0,10,12,2,-16,0,11,-6,8
1/2,0,-2,0,-5,2,6,-4,-2,1,6,4,-5,12,-2,-8,-2,-14,4,-10,7,-8,1,-4,6,5
-85/53,0,2,0,-5,-3,-6,-8,-2,-3,-5,6,-10,10,-1,0,5,-12,-5,-12,8,-4,-10,6,6,6
55/43,0,2,0,1,0,-5,-3,-2,-4,-4,-6,-2,-9,-12,0,4,-11,2,-10,-15,-4,12,15,-15,-9
-9,0,-3,0,-5,-1,-5,-3,-2,4,7,-1,-6,8,5,-6,-2,-5,-7,-8,0,2,-8,0,1,13
26/45,1,0,0,-5,-3,-7,1,0,-4,-1,-2,-1,0,-1,1,6,-11,1,12,-8,2,10,-3,-1,-13
-27/10,0,0,0,-5,4,-1,3,-2,6,-4,10,8,7,-10,4,-2,-11,6,11,-9,-5,10,6,-10,-6
-95/92,0,-2,0,3,-5,-1,4,1,0,10,-6,-2,-1,4,-8,1,-11,-12,5,13,10,-4,16,-6,10
1/2,0,-2,0,-5,2,6,-4,-2,1,6,4,-5,12,-2,-8,-2,-14,4,-10,7,-8,1,-4,6,5
69/17,0,0,3,1,2,2,-2,-2,-7,4,0,-6,-2,10,10,6,-9,-8,10,11,-6,0,6,2,17
-16/15,0,0,0,-5,4,-5,-3,1,6,-8,2,-1,-4,-10,-8,-10,-1,-5,9,-15,-11,-11,10,-15,18
92/59,0,2,0,-5,-5,0,2,1,-7,-4,-8,-2,0,4,8,-11,10,-2,-11,13,14,12,10,1,11
-27/19,0,0,2,3,0,0,6,-2,-3,2,1,-7,-6,7,12,1,-9,-1,2,-3,-8,15,2,-2,10
-45/94,0,0,0,1,0,4,6,-2,1,-4,8,10,0,-9,3,6,-12,1,-12,-9,4,-16,17,1,-6
2/3,-1,0,2,3,0,-5,6,-2,-6,7,3,10,4,9,13,3,7,-5,5,-7,-11,12,10,-8,14
23/95,0,2,0,-5,0,-1,-3,-2,-7,0,-9,-11,0,-10,0,-9,4,13,10,-13,0,15,-16,9,10
-37/38,0,2,2,-5,0,4,6,-2,-9,-5,-1,-11,7,8,0,-10,-4,-7,-10,12,4,-6,-3,-10,2
-16/15,0,0,0,-5,4,-5,-3,1,6,-8,2,-1,-4,-10,-8,-10,-1,-5,9,-15,-11,-11,10,-15,18
11/52,0,-2,3,1,0,-2,5,-2,-8,5,-6,10,-6,-4,0,6,9,1,-14,-7,6,-8,2,4,-7
57/37,0,0,0,-5,2,-5,-6,1,-3,-10,-7,-8,0,-12,-8,5,-4,8,12,9,-6,13,14,10,14
-65/77,0,-2,0,-5,-2,-7,-5,-2,1,0,6,-2,0,-12,6,-4,0,-2,-13,2,-13,13,16,-6,3
5/7,0,-2,0,-5,4,2,-3,-2,0,0,-1,-1,-4,-1,0,-2,-13,1,-4,-3,-7,-6,12,6,17
-27/11,0,0,3,1,-2,6,-3,0,6,4,6,10,-6,8,0,0,0,1,16,12,8,10,-16,-12,-5
3/7,0,0,1,-5,-1,-6,5,-2,3,-5,-9,10,-6,-4,1,6,-4,-3,-3,-15,-5,-8,4,0,11
-45/22,0,0,0,-5,-2,-5,-3,1,-4,2,-5,-2,-1,-3,-10,6,4,8,12,-4,2,15,8,0,8
2/3,-1,0,2,3,0,-5,6,-2,-6,7,3,10,4,9,13,3,7,-5,5,-7,-11,12,10,-8,14
94/83,1,-2,3,-5,-5,4,-3,1,6,7,3,-1,-6,-1,-8,6,4,10,5,6,4,-16,-16,-17,12
76/7,0,2,3,-5,-2,-1,-5,1,-3,6,-6,-3,-6,-6,-11,-4,0,1,-12,-3,-5,-15,12,-14,9
-15/37,0,0,0,3,6,2,6,1,-8,0,-9,-8,-6,0,0,-2,6,-12,-10,-12,-2,5,3,0,8
-1/31,0,-2,1,1,2,-5,-5,-2,-4,3,2,-1,0,-6,-7,1,0,5,-10,13,5,13,-3,-6,-2
3/29,0,0,3,3,-1,2,-3,1,1,-6,-1,-3,10,4,8,-11,0,5,2,3,-13,10,2,-7,8
-20/97,0,2,0,1,6,2,-3,1,-9,-1,-9,-8,7,-4,6,-2,-11,13,2,-9,7,-9,14,3,4
39/56,0,0,1,-5,2,-7,4,1,-4,-3,-5,-8,-3,10,4,5,-10,2,12,15,-13,9,-12,8,17
-65/54,0,0,0,0,6,-7,4,1,1,0,3,-1,-5,-2,-11,1,-4,6,-4,-12,-10,8,-4,-7,9
-53/29,0,-2,3,3,4,-5,2,1,6,-6,3,10,-6,-1,-11,-10,-4,-2,-2,14,2,-15,-4,9,18
-10/21,-1,0,0,-5,6,0,-5,-2,-3,2,2,5,12,4,-1,11,6,-1,-12,-4,-8,6,-3,-17,11
-19/35,0,2,0,-5,4,-5,5,1,6,0,3,-6,10,4,-3,-14,0,-4,-12,9,-8,6,16,0,-12
-83/55,0,2,0,1,-2,6,-4,-2,-3,-10,3,10,-6,7,11,-6,4,13,-2,5,-11,11,0,-15,-2
71/38,0,2,2,-5,-5,6,2,-2,-8,-3,10,-10,-1,10,1,2,-5,-10,14,-12,12,-14,4,-12,-2
-11/71,0,-2,2,3,0,-1,-6,1,2,-5,4,-5,-6,4,0,2,6,-1,-7,4,14,6,-16,12,-14
-57/94,0,0,-2,1,4,6,2,1,2,-2,-5,7,7,4,3,6,-1,4,4,11,-10,-6,-4,3,10
7/32,0,-2,2,1,-3,6,2,1,3,-5,2,-1,-7,9,1,-3,-5,2,0,-13,-10,-8,-3,3,3
67/53,0,-2,2,0,4,0,-3,-2,-8,-2,-9,-7,8,7,11,5,-4,-7,-5,13,-16,4,-16,12,-6
-16/57,0,0,-3,-5,-2,0,2,-2,-3,4,-4,2,12,2,0,-6,1,-13,8,0,-16,-6,0,6,-5
67/95,0,-2,0,0,0,6,2,-2,3,-5,10,-8,-7,-6,4,6,13,-12,-5,14,-1,-4,16,-15,-6
-72/85,0,0,0,-5,-1,6,-2,-2,3,6,-5,-2,-6,1,-6,-9,-4,-6,4,3,-10,9,8,6,14
33/7,0,0,1,-5,0,2,6,1,6,9,10,-5,-3,-6,0,-3,-14,-8,-12,6,-7,8,-4,-10,-9
-63/41,0,0,3,1,6,2,-3,-2,6,-7,3,-8,6,-4,1,-2,13,0,-4,3,-4,5,-3,6,14
-91/46,0,-2,1,1,-3,-7,-3,-2,0,10,-9,-1,-1,2,0,5,0,2,-2,-2,-11,-6,6,-16,-7
49/71,0,-2,1,1,-5,-6,2,-2,-3,-4,-6,5,3,5,-1,1,11,-4,-10,4,12,-16,6,-2,-10
98/23,-1,2,2,1,6,0,2,1,0,5,3,-6,-1,12,8,-2,0,-7,3,3,-7,0,3,10,-18
-10/91,1,-2,0,-5,-3,-2,-3,1,6,-5,-5,-5,6,-2,11,3,-2,-11,-14,-15,5,-6,0,-6,-14
-11/19,0,2,4,1,0,-1,2,-2,-4,-2,10,-2,12,-1,8,-7,-10,-12,-3,-7,14,-4,12,1,3
79/66,0,0,1,3,-2,2,2,-2,1,0,3,-8,0,0,11,-6,6,6,2,-15,-14,4,10,4,6
97/10,0,2,0,1,-1,4,-3,1,1,4,10,-1,-7,-7,12,-3,-4,6,10,-15,-2,-6,-4,18,8
-47/6,0,0,0,-5,4,1,6,1,-9,-8,10,5,12,7,-8,-3,-2,1,3,12,-14,-14,4,-3,8
-10/9,-1,0,0,1,4,-1,2,0,0,6,1,-2,6,-6,0,1,6,4,5,0,-6,-9,4,9,11
-4/59,0,2,1,0,6,-5,-3,-2,-3,-2,-1,-7,-6,-9,-11,6,10,2,-10,-12,14,8,-3,10,8
-83/52,0,2,4,-5,-1,-2,-6,1,-3,0,1,6,7,1,0,-4,-1,10,-3,9,-13,5,0,18,-2
85,0,2,0,0,0,6,-8,1,-6,-1,1,10,3,10,-6,-11,-13,13,0,0,12,5,12,0,-12
-77/15,0,0,0,1,0,6,-3,1,-3,7,1,-7,-6,6,0,10,-10,-5,2,8,-5,5,-12,18,13
-3,0,0,-2,-5,0,2,2,1,-4,-8,-4,-10,-6,4,0,11,6,-6,-11,-12,-13,-16,16,-12,9
61/46,0,2,0,3,-2,-5,5,-2,0,6,-6,-2,-5,-4,-2,-2,0,-13,-10,2,-6,-14,1,10,8
-4/13,0,-2,2,-5,0,-2,4,-2,-3,6,-1,-1,1,10,0,6,-11,-13,-3,-4,-10,2,6,18,10
-3,0,0,-2,-5,0,2,2,1,-4,-8,-4,-10,-6,4,0,11,6,-6,-11,-12,-13,-16,16,-12,9
-23/64,0,2,3,-5,2,2,-1,-2,-7,4,-10,-1,12,10,-6,-9,0,-2,-12,5,4,-8,-3,1,18
82/15,-1,0,0,-5,-3,0,-1,1,3,3,-1,-2,-4,4,-6,10,13,8,12,6,-4,8,17,0,8
7/19,0,2,2,1,4,6,6,-2,0,-5,-6,2,8,1,-6,-2,0,-2,0,-12,-13,-4,-11,1,-1
-82/51,1,0,3,0,-3,-5,-2,0,6,7,1,-5,-4,-2,-7,1,-7,-8,-3,-12,-2,-6,-5,-14,14
-17/18,0,0,4,0,4,6,-8,-2,6,7,10,-10,2,7,-2,-6,6,10,0,4,10,10,0,6,16
-39/49,0,0,2,-5,-5,-7,5,1,6,3,3,-1,-1,9,-1,-4,6,-10,-8,3,-1,8,-4,-1,10
-36/55,0,-3,0,0,-2,2,-3,1,-9,-5,-1,6,2,4,11,-3,11,1,10,8,-13,-4,-4,-2,-8
-93/25,0,0,0,3,-1,0,3,-2,3,4,-10,-2,-3,-2,13,10,0,6,2,3,-2,8,3,-9,17
3/95,0,0,0,1,-1,-5,-6,-2,-3,-2,8,-5,6,1,-7,3,4,-1,-5,13,7,-16,2,6,2
-45,0,0,0,-5,6,6,-5,1,-3,9,8,6,0,-2,4,6,-14,10,-11,15,0,-9,6,6,1
19/32,0,-2,2,3,-2,2,3,1,-4,4,10,10,-9,-4,12,6,-4,-2,-12,6,12,-14,-16,1,8
-7,0,-2,3,1,-3,-6,-1,1,-6,6,-2,-6,-3,-10,10,1,0,-12,6,-12,-16,13,-4,-15,-14
34/49,1,2,0,-5,0,-6,-8,-2,-9,6,-9,-7,0,4,0,6,-4,-3,3,4,-1,-4,12,2,-3
25/21,0,0,0,-5,0,-5,-6,-2,-4,6,-9,-5,8,-10,6,-12,6,8,8,-15,-1,-11,-12,-14,1
-49/53,0,2,2,1,0,1,4,-2,-6,-2,-6,11,0,12,-11,5,0,1,4,5,0,10,2,9,2
22/25,-1,2,0,1,0,-5,1,-2,3,0,8,6,-6,4,-8,1,2,-8,8,0,-11,-8,16,-17,9
51/83,0,0,-2,-5,-2,-5,-8,-2,6,0,-4,10,10,-1,0,9,0,0,4,3,2,13,-16,-6,-1
-49/10,0,-2,0,1,4,6,1,1,6,-1,1,-2,8,12,0,-9,0,-4,2,14,-2,-16,1,6,2
-71/62,0,-2,2,0,-3,0,-4,0,-4,-2,2,-7,-7,4,0,-6,-2,8,-12,-12,-11,10,-1,1,2
85/93,0,0,0,-5,2,2,-8,1,-6,3,2,-7,-5,-4,6,-9,-4,10,12,8,-4,-8,-7,-9,12
90/67,-1,0,0,-5,-1,-6,6,1,-3,10,10,-2,0,-10,0,-2,-13,-2,0,4,-13,-10,-9,6,9
-11/82,0,2,0,1,0,6,5,-2,6,-5,2,-1,6,6,0,-6,-4,10,-14,-8,2,-8,17,0,12
-13/34,0,-2,3,1,0,-7,-2,1,-8,0,6,6,0,7,2,-4,-4,-1,-12,8,0,9,14,-12,-1
-73/7,0,-2,0,-5,6,2,-4,-2,2,-7,-7,-5,0,12,-7,-3,6,8,-3,8,-11,10,-15,8,18
1/2,0,-2,0,-5,2,6,-4,-2,1,6,4,-5,12,-2,-8,-2,-14,4,-10,7,-8,1,-4,6,5
-57/47,0,0,1,-5,-2,2,-1,1,1,0,1,6,-1,-6,3,3,9,-7,12,6,-9,2,-7,-6,-18
-87/77,0,0,1,-5,-2,-1,-3,1,-3,-10,10,-2,-6,0,-10,1,4,1,8,-3,-11,-1,10,-6,-13
-2/35,1,-2,0,-5,6,6,5,-2,-9,3,0,8,-6,7,-6,-10,4,2,4,12,4,0,4,-6,-7
9/11,0,-3,1,-5,-2,0,1,1,-3,3,-4,-2,-6,-10,-6,-6,13,-5,3,-6,14,-14,3,-8,-10
75/97,0,0,0,1,-5,-6,-6,1,-3,6,3,6,-6,10,0,-2,-4,-6,-5,3,-10,-8,-1,1,4
93/25,0,0,0,-5,0,4,4,1,1,9,-10,-7,-9,4,-6,-2,4,-2,6,0,7,-15,-12,5,-18
-4/3,0,0,3,0,2,1,-1,1,4,-10,-5,10,7,-1,-10,-12,-4,-10,4,-6,12,8,16,-16,-1
88/67,0,2,2,0,0,-5,2,1,6,9,1,6,6,-6,-8,6,-9,4,0,-12,14,-4,4,0,-7
-27/17,0,0,1,-5,-5,1,-2,1,-6,-3,-9,10,0,-4,-6,-2,-4,2,4,7,-6,-4,3,-3,-8
-19/94,0,-2,1,3,2,4,-3,1,6,-10,3,-8,-5,10,3,-10,0,1,-4,-12,-1,-1,4,-17,7
-17/8,0,-2,2,-5,-1,-6,-8,1,6,4,-7,-2,3,-7,8,-2,-1,-11,5,-5,-6,9,8,6,-7
-73/14,0,2,3,-5,4,-5,-3,-2,-8,4,-4,-2,0,-1,0,-2,4,8,9,-8,-11,-8,12,-1,7
9/8,0,-3,-3,1,0,-6,3,-2,0,-5,-5,-2,0,7,0,4,-4,13,-12,-8,-13,10,-3,6,14
95/86,0,2,0,1,-1,6,-1,1,3,0,-9,10,-3,-12,0,-3,-2,10,-4,14,-6,-8,-6,-6,-5
61/22,0,2,0,-5,-2,2,-6,-2,6,-5,2,-6,0,-10,3,6,-4,-13,0,0,10,6,12,-14,-6
89/35,0,2,0,-5,2,6,-3,1,-8,10,1,10,-2,2,4,-6,-4,13,4,-15,-10,5,3,-13,9
-79/76,0,-2,4,1,-1,6,2,-2,-3,2,2,-5,6,4,0,-3,-3,-4,4,-15,-6,4,-1,12,-2
61/81,0,0,4,3,4,1,-5,1,3,3,-9,2,12,2,0,-4,-4,-13,9,-8,4,-8,17,10,2
-62/5,1,-2,0,3,-2,4,-3,1,2,-4,-10,-3,-5,-2,0,-4,8,5,12,13,2,8,16,2,-6
-13/95,0,2,0,1,2,-7,2,-2,3,-7,-5,-2,12,-9,1,-10,6,-1,12,-9,-5,-10,1,18,3
51/43,0,0,3,1,-3,1,-8,-2,2,3,3,11,-6,-12,-8,-11,-14,-3,5,-3,2,6,12,12,16
38/55,1,-2,0,-5,-2,-5,4,1,-8,-8,1,6,8,-3,10,3,-1,10,10,12,11,-5,12,0,8
51/95,0,0,0,-5,-5,1,-8,-2,-8,10,1,10,7,4,-1,-7,-13,10,2,-5,1,0,-4,3,6
31/30,0,0,0,-5,0,4,2,1,3,-7,-10,-7,0,5,-8,-10,5,0,-4,-6,2,-9,-15,6,-18
-13/24,0,0,0,-5,6,-7,2,1,6,7,-2,8,6,-12,0,-4,6,2,11,-9,-10,-1,-11,6,1
9/16,0,0,1,0,-3,1,-3,1,6,-4,10,2,-9,-7,-6,-4,0,5,2,3,6,-4,0,-6,2
-28,0,-2,-2,1,4,4,-5,-2,6,4,3,-7,0,9,11,-2,-9,-2,-4,2,-1,-6,-8,18,-10
-7/5,0,2,0,1,-2,-1,-6,-2,-8,4,3,-1,2,4,-6,1,0,-5,-8,-4,2,10,-6,-1,11
23/80,0,2,0,3,-3,-5,-4,0,-7,-4,3,-5,8,-9,-8,1,-4,5,-12,12,-1,-8,1,-12,2
13/9,0,0,3,3,6,-7,-4,1,0,-3,-4,-7,1,7,-6,-2,1,-2,-14,-9,14,-4,3,2,6
21/23,0,0,0,1,6,-6,6,-2,0,4,-5,-2,-2,-7,12,7,-12,-1,8,12,-10,-8,-15,10,2
67/12,0,0,0,-5,-5,4,1,1,-9,-5,3,-2,8,4,-2,6,7,4,-5,-9,-7,8,16,-10,12
-12/95,0,0,0,-5,-2,2,-4,-2,-9,9,-7,-5,-6,-1,-6,-4,0,10,9,-15,10,-4,12,-6,14
-64/87,0,0,2,1,0,1,-6,1,-4,-6,-8,-2,6,-2,0,1,8,-5,4,6,-13,6,-9,-14,-8
73/58,0,2,4,-5,2,2,-3,1,6,-6,-5,10,7,4,0,-14,6,-8,2,-12,-11,5,-12,10,6
-55/96,0,0,0,3,0,0,6,1,-3,10,1,-5,12,8,-6,-11,-4,-10,2,10,12,-11,3,4,3
29/88,0,-2,-2,1,-2,6,-3,1,6,-10,10,-5,-9,-10,-7,3,0,-3,-6,8,-7,-6,4,-8,18
-75/16,0,0,0,0,4,2,1,1,4,-5,-5,-6,3,-2,4,-2,4,-8,12,8,7,-11,-4,10,13
8/19,0,-2,3,3,-5,2,-3,-2,-8,-4,-1,-5,-7,-7,10,-10,-4,0,12,-12,4,8,3,-6,-14
-33/41,0,0,-3,-5,0,1,2,1,6,3,6,8,6,4,-3,6,-4,-5,2,4,-2,-8,3,-4,-12
-37/7,0,-2,2,-5,-5,-5,-6,-2,-8,5,-1,-11,-3,8,-6,-2,-1,2,12,-2,10,5,16,-14,-1
-19/22,0,-2,-3,1,-2,-5,2,1,-9,4,-5,-2,-6,2,0,6,0,13,9,5,-1,-14,-4,-1,-6
-1/14,0,2,0,-5,4,6,-5,1,6,-7,3,6,-6,10,4,-12,-2,13,-12,3,10,-1,-16,8,-14
-6/7,-1,0,2,-5,4,2,-3,-2,-3,-3,-1,-2,-6,-10,-4,-4,6,8,-3,-5,-14,13,17,5,-2
-49/41,0,2,0,1,0,-5,-1,1,-9,-5,1,-10,6,10,-11,-3,4,-11,4,12,-2,-11,14,-17,-2
17/26,0,2,2,1,4,-2,-8,1,-8,-2,-5,-7,-6,10,-6,3,6,-5,-10,-1,-2,13,2,-1,-14
43/80,0,-2,0,-5,4,0,2,1,2,-1,3,8,12,-1,0,-11,-4,-3,6,-5,2,4,4,8,16
2,1,-2,0,1,-1,0,-6,1,6,-7,-6,10,-7,4,4,-6,-2,2,-12,-1,-13,0,12,0,10
36/95,0,-3,0,1,-1,-1,1,-2,1,3,10,10,4,-1,0,6,0,-10,-12,-3,10,-7,0,6,-14
1/10,0,2,0,-5,6,-5,6,1,3,5,-4,2,0,-1,-2,6,4,0,-3,-12,2,-14,-4,6,-3
23/73,0,-2,2,3,0,4,-3,1,-7,-5,10,2,-7,7,0,-2,0,8,8,-9,-6,-1,4,-15,8
2/13,1,-2,1,-5,-5,-2,-3,1,-3,-10,-2,-2,-6,4,7,-2,2,-2,-6,3,-2,9,-4,-3,-6
68/13,0,-2,0,1,-5,-2,-8,-2,3,5,1,-6,12,6,0,1,-3,13,5,9,-10,11,-4,-8,2
48/5,0,0,0,-5,-2,6,-3,1,-3,-1,-1,-2,7,-6,11,0,6,8,5,9,10,-8,-4,10,-19
-49/29,0,2,1,1,-3,2,2,1,3,-6,-5,-7,4,-4,0,-2,0,1,4,4,10,6,-9,1,-12
55/81,0,0,0,-5,0,2,3,-2,6,6,-4,6,0,-9,-7,3,-4,6,-3,-15,-5,9,-3,-14,2
-26/95,1,-2,0,-5,-5,-7,5,-2,-4,-2,10,-10,-9,8,0,0,-2,-2,5,-12,-7,13,-9,12,-2
16/5,0,-2,0,1,-5,4,-1,-2,-8,0,-4,10,-5,1,3,-3,-11,-7,-12,-5,-6,-4,-3,-1,11
4/13,0,2,-2,3,-1,-2,3,1,6,6,8,-1,0,4,3,-4,8,-1,9,0,14,10,4,-17,-2
-12/97,0,0,1,-5,2,4,3,-2,-6,6,-4,-7,8,4,-6,3,11,-11,3,3,-7,0,17,4,4
35/59,0,2,0,1,2,-5,5,1,6,-4,-5,-5,0,8,-8,11,10,13,11,4,14,0,12,-4,-3
41/44,0,2,2,3,-2,1,3,-2,4,-3,-9,11,-4,-2,4,3,-4,0,-4,13,-4,-14,-10,-3,-14
13/12,0,0,1,-5,-1,-7,5,1,-8,-10,-1,6,6,-10,12,-11,4,-8,-10,6,10,-9,-3,3,-14
-80/23,0,-2,0,1,0,-5,5,1,0,2,1,10,8,-1,11,-6,10,4,-7,-12,7,2,8,10,-1
1/30,0,0,0,-5,4,2,-3,-2,6,4,1,-2,7,4,7,-4,-2,5,4,-9,14,-15,4,3,3
19/83,0,-2,3,1,4,-1,3,1,-8,-5,-9,6,-3,12,0,5,0,-3,-11,2,-14,-8,-16,-14,12
-16/15,0,0,0,-5,4,-5,-3,1,6,-8,2,-1,-4,-10,-8,-10,-1,-5,9,-15,-11,-11,10,-15,18
42/23,-1,0,1,1,0,6,1,0,0,6,10,-10,6,7,4,1,0,4,4,-12,-9,-4,0,-3,17
16/9,0,0,1,0,-2,-1,5,1,1,-4,10,-5,6,4,0,6,2,-13,-4,-4,-4,13,17,-14,13
14/43,1,-2,-3,1,0,2,5,1,-8,4,-9,11,-9,-12,4,1,-11,1,-4,-15,6,-1,-15,5,-3
79/71,0,-2,1,1,4,4,5,-2,-3,6,-9,5,-5,-9,0,-2,2,10,10,4,-13,4,-4,5,-18
-4/9,0,0,1,-5,-1,2,-4,1,-4,-4,3,-5,-5,4,4,6,0,2,2,-15,-7,-10,-4,-14,2
-97/86,0,2,-3,-5,6,-1,2,1,-4,10,-5,-3,0,-12,-6,-12,10,10,2,4,2,-11,2,-15,8
74/69,1,0,4,3,6,6,-5,-2,0,-5,0,-11,-4,-1,-3,-6,-9,0,4,-12,-4,1,16,-14,-2
-41/92,0,-2,0,0,0,4,3,0,0,6,1,-2,-4,1,0,-4,6,6,6,12,-10,4,12,-1,2
23/51,0,0,-3,0,0,1,-2,1,-7,-4,3,7,-1,-10,0,-3,0,10,14,-9,11,0,-10,18,-13
2/9,1,0,2,0,6,-6,-3,1,-3,-8,-1,6,2,2,-8,0,13,8,-12,13,2,4,0,6,10
-23/42,0,0,4,-5,2,2,6,1,-7,-2,3,-7,-6,1,8,-2,-4,5,-14,0,-1,-8,-15,0,10
1/73,0,2,-3,-5,0,-5,1,1,2,-7,8,7,8,4,-6,6,-4,-13,4,7,-6,6,-3,5,-2
59/32,0,2,-3,1,4,6,-3,1,0,10,-4,-2,-9,-2,-6,-4,-12,-10,4,0,10,-15,1,-12,-7
8/3,0,0,0,-5,6,6,2,1,6,6,-9,-2,-4,-6,1,-6,-12,-5,8,11,2,-15,-3,-15,6
69/79,0,0,0,3,4,-5,2,1,-7,-3,0,7,-6,2,-2,4,-14,10,4,8,4,-8,4,0,-14
-8/23,0,-2,1,3,-2,6,-1,-2,0,4,2,11,-6,4,-11,-2,13,-6,2,10,11,-9,0,8,-8
-73/41,0,2,-2,3,2,-1,-4,0,6,-4,-6,-6,6,9,4,-4,10,2,4,3,-11,-1,-7,1,3
-35/12,0,0,0,1,0,-1,1,1,-4,3,1,-1,12,9,2,6,-2,1,8,4,2,-9,-6,-14,14
-7/8,0,2,4,1,2,-5,2,-2,6,10,3,10,0,-1,12,3,-11,-8,-12,-12,-5,4,2,6,-8
37/48,0,0,1,-5,-5,6,3,-2,3,-4,-10,-11,-6,8,6,-3,-2,8,-8,8,-2,4,-13,-6,6
-11/48,0,0,3,-5,0,-6,5,1,2,-2,3,7,6,9,0,-12,0,1,9,3,-14,-14,-3,9,2
7/6,0,0,-2,1,-2,6,-3,-2,-3,-4,-9,-3,6,4,6,6,-9,-7,9,4,11,9,14,-1,-12
3,0,0,2,3,-2,1,2,-2,-8,5,3,-2,3,10,-7,1,5,-5,10,4,-8,-16,0,3,12
13/80,0,-2,0,1,0,-7,5,1,-4,2,1,5,-6,2,0,-4,-1,-11,12,-9,-2,6,2,10,13
-9/8,0,0,0,-5,-2,6,4,1,-9,-5,-9,-7,-5,9,10,-11,-2,1,1,-12,-13,5,12,-13,10
0,0,0,0,1,0,-7,-8,1,-7,-10,-10,-11,-4,-1,-8,-10,-12,-13,-5,-12,-11,4,0,-13,8
3/2,0,0,2,-5,4,-5,-1,-2,-3,4,8,-7,-7,1,0,6,-9,10,-14,-3,-10,-4,-3,0,2
18/17,1,0,1,1,-2,4,-2,-2,-4,9,3,-7,-4,-3,6,-4,1,-10,-4,-9,8,-16,4,-2,-3
-62/95,-1,-2,0,1,6,-5,-3,-2,6,3,-10,11,-1,-6,13,-6,-1,-7,6,-4,-8,5,-4,-14,-1
-97/19,0,-2,-3,3,-2,6,5,-2,3,4,-8,-6,10,-1,13,2,6,-1,2,7,-6,2,-3,-14,8
3,0,0,2,3,-2,1,2,-2,-8,5,3,-2,3,10,-7,1,5,-5,10,4,-8,-16,0,3,12
-91/27,0,0,2,1,2,-7,-3,-2,2,-7,0,6,0,10,0,-4,0,4,-7,4,4,-10,9,-14,10
35/43,0,-2,0,1,0,6,-6,-2,-9,-5,-8,-8,-6,-12,-7,-4,-9,-2,-2,0,0,-12,2,-6,8
11/24,0,0,2,1,0,2,-3,1,3,0,-7,10,8,-1,3,-6,6,-5,8,-9,5,-16,16,8,1
21/17,0,0,0,1,0,0,-2,1,6,7,-1,5,0,0,-1,1,-4,5,-14,2,2,-8,17,0,-1
-17/35,0,-2,0,-5,0,2,-8,1,1,-7,10,11,0,1,0,-6,-4,-5,12,-12,7,-1,15,-16,-6
26/21,1,0,4,-5,4,-7,5,-2,6,-2,4,-2,-1,5,-8,6,9,-7,-7,-12,-7,-5,2,-12,-10
1/29,0,-2,1,0,0,-1,-1,1,0,-6,0,5,-6,10,1,-9,6,6,4,-12,10,-9,-7,4,-9
7/11,0,-2,-3,1,-2,1,-3,-2,-3,-1,-9,-8,2,7,3,-2,4,-7,8,8,-10,-16,0,-6,-4
14/19,1,-2,4,1,6,4,1,-2,6,4,-10,-6,-6,10,0,-4,-4,-11,-5,-12,-2,-9,1,-14,13
20/41,0,2,0,0,0,2,5,-2,-9,0,-6,-2,6,4,0,6,6,0,8,16,-1,11,-3,-3,13
70/99,1,0,0,1,-2,6,2,1,6,4,-1,-7,12,-12,8,6,-10,-4,8,9,14,4,-16,-3,6
88/25,0,2,0,0,0,1,5,1,-8,6,6,-2,2,-10,-6,0,-10,-7,12,3,-4,6,-7,-14,-12
-17/87,0,0,2,1,2,2,-8,-2,6,-6,-1,-6,0,-1,0,-4,-9,-6,-5,14,-6,9,-3,3,-10
-3,0,0,-2,-5,0,2,2,1,-4,-8,-4,-10,-6,4,0,11,6,-6,-11,-12,-13,-16,16,-12,9
72/25,0,-3,0,-5,-1,-6,-4,1,-3,4,10,-1,6,-3,2,-7,-4,5,-13,5,4,8,10,-13,8
99/14,0,0,0,-5,0,-5,4,-2,1,-4,-9,-2,10,-1,0,-4,6,0,5,-1,-2,2,5,6,-18
20/51,0,0,0,3,2,-6,-2,-2,0,6,2,-8,-7,0,12,6,10,5,-2,-8,6,9,6,10,8
-38/93,1,0,2,1,6,6,-3,1,6,9,2,6,-5,-1,-6,9,4,-13,-7,-3,-14,-6,14,9,-6
64/81,0,0,1,1,4,-5,4,1,-3,0,-5,-7,-6,-1,-8,-2,0,-7,-6,-12,-13,-10,2,-10,-1
23/67,0,-2,1,-5,-5,-5,5,1,-7,0,8,10,-3,6,-6,5,-7,10,0,10,2,6,3,3,-1
-9/85,0,-3,0,-5,-2,-5,-2,1,-8,3,-5,-5,-6,4,2,6,-9,1,12,-9,-2,11,-15,-14,-2
-95/36,0,0,0,3,4,2,6,1,-8,5,3,-2,-3,-9,-10,6,4,10,-10,16,8,-10,-8,-6,-18
-71/5,0,-2,0,-5,6,-5,-3,0,6,0,1,-2,0,10,8,9,13,5,4,-12,2,-8,12,2,17
31/22,0,2,-3,3,-2,0,-3,1,-3,-5,-10,-6,-9,-10,-8,0,-4,1,-12,-12,-4,-5,-3,12,9
33/13,0,0,0,1,0,-2,-3,1,-4,6,-2,-1,-6,1,0,-2,6,4,0,-12,-11,12,12,-14,-7
-31/22,0,-2,0,-5,-2,4,-3,1,6,0,-10,10,-3,0,12,-3,6,6,4,-9,-2,-1,-4,9,12
79/17,0,-2,-3,3,-3,2,-2,1,2,7,2,-7,-5,6,-8,-2,6,-10,3,4,-10,4,-16,2,-18
49/69,0,0,4,1,0,-1,5,1,0,6,2,-2,-6,6,-10,5,4,1,-8,-5,11,-16,6,0,7
-19,0,-2,4,1,-2,6,5,1,0,10,3,10,-7,0,0,-12,7,-10,3,0,-2,-14,-4,-12,-5
17/4,0,-2,-3,1,4,2,-8,1,6,-8,3,-3,0,9,-11,-2,0,-4,4,3,-4,2,-4,-14,-14
-44/45,0,0,0,-5,0,2,-3,-2,-8,3,10,10,-4,8,3,-11,-1,6,-12,6,12,6,2,-6,-3
-82/99,1,0,3,1,-2,-6,3,1,6,-1,2,10,-4,4,10,6,-1,-1,-3,4,-14,9,3,10,-18
29/45,0,0,0,-5,4,6,5,1,-8,-10,-1,7,-6,-10,6,1,0,2,8,-3,12,-9,1,-16,12
-86/57,1,0,0,-5,-5,2,2,-2,3,0,3,6,10,-1,-3,-7,-4,-7,-11,6,-13,1,6,18,-6
-75/7,0,0,0,-5,4,-6,3,-2,-3,10,2,-2,-6,4,-6,0,8,5,0,15,-2,-8,5,0,-7
0,0,0,0,1,0,-7,-8,1,-7,-10,-10,-11,-4,-1,-8,-10,-12,-13,-5,-12,-11,4,0,-13,8
88/23,0,-2,4,1,0,2,-4,-2,0,-3,-1,7,0,6,-8,6,-5,-2,8,-8,-6,10,-4,-16,12
-97/99,0,0,-2,0,-2,-1,-3,1,-9,-2,-1,-2,6,-10,6,6,-2,-3,8,4,8,11,2,-8,8
69/22,0,0,0,1,-2,6,1,1,-7,6,-9,-7,-6,4,2,2,-4,-6,-14,-1,-11,-8,4,1,-14
96/25,0,0,0,3,6,-5,6,1,6,-4,0,6,0,4,0,6,0,8,-5,2,-6,11,8,4,-1
-13/12,0,0,2,3,0,-7,-5,-2,-4,4,8,10,6,0,-8,4,0,-13,4,-12,-9,-4,1,-6,-6
-20/67,0,2,0,1,-1,1,2,-2,6,4,-9,-11,2,6,-8,-2,10,-6,0,3,-5,13,4,6,14
-95/91,0,2,0,-5,4,-2,-3,1,-8,-1,2,2,0,0,-11,-10,-2,8,-3,4,2,8,-16,-12,-2
33/80,0,0,0,-5,0,2,1,-2,-8,4,2,-11,-5,8,2,5,0,-5,0,-15,-7,13,6,-15,-18
14/93,-1,0,-3,1,4,6,-5,1,4,-5,2,-6,-6,4,-2,1,9,-4,5,8,-13,0,-4,10,18
13/49,0,2,-3,-5,4,-7,-6,1,1,-4,1,6,-6,4,-10,6,7,-13,10,3,-10,0,14,-15,16
10/9,1,0,0,-5,2,-5,2,1,-9,3,-1,-10,-2,-4,3,9,-4,4,5,13,-16,-4,6,10,3
-13/66,0,0,3,-5,-2,-7,5,-2,1,-7,-1,-10,-4,4,-3,0,-11,8,3,-15,-2,0,0,0,2
12/23,0,0,1,1,-5,-1,-6,-2,0,-1,-1,-2,0,12,0,6,0,4,0,8,2,13,-10,-1,-3
39/41,0,0,1,3,0,-7,-3,-2,2,-2,2,-5,6,4,0,6,-4,-13,-12,8,-11,4,2,0,1
-96/11,0,0,2,-5,-2,-1,3,1,6,6,3,6,-5,10,1,-2,-2,-10,0,14,-13,-11,8,-3,1
-43/6,0,0,-2,0,-1,-5,1,1,1,-5,-4,7,0,-1,13,-4,-12,-5,11,0,-9,5,3,12,-5
41/27,0,0,-2,0,2,0,3,-2,-6,2,-9,10,-4,2,12,6,0,-6,11,0,2,-7,-7,6,9
65/41,0,2,0,-5,-3,-7,-6,1,6,5,-1,10,6,-9,0,0,0,5,5,-4,-2,-4,4,6,-18
5,0,-2,0,-5,4,-5,2,1,-3,-4,-5,-2,-6,2,12,-7,4,-1,-4,3,-9,-5,2,-8,-12
49/10,0,2,0,1,2,2,-1,-2,-8,-7,-1,-5,8,6,11,6,4,-4,8,10,14,-16,-7,0,-14
-57/85,0,0,0,1,0,1,-2,1,6,3,3,-2,-7,-7,3,-11,-5,8,10,2,4,-9,5,-10,-19
-12/49,0,0,-3,-5,-1,-5,-5,-2,-9,4,-1,7,-3,-2,0,1,-4,10,5,6,-8,-10,14,0,8
85/54,0,0,0,3,-2,2,-8,1,6,6,2,-2,6,-3,8,-11,-12,10,12,3,2,5,-16,-14,14
67/57,0,0,4,-5,2,1,2,-2,0,7,1,-7,-6,-7,4,-4,-2,1,-5,-15,2,-14,0,-4,-2
-22/35,-1,2,0,-5,0,6,6,0,6,-4,1,10,-1,6,0,5,-2,1,-12,0,-10,1,16,-3,-6
11/52,0,-2,3,1,0,-2,5,-2,-8,5,-6,10,-6,-4,0,6,9,1,-14,-7,6,-8,2,4,-7
38/9,-1,0,3,-5,-2,2,-3,1,-8,4,10,5,0,4,-8,6,-3,-4,-10,8,2,6,-16,-10,-6
-49/23,0,2,-3,1,2,6,-5,1,0,9,1,-7,-6,-3,-1,-2,5,4,-13,9,-2,-8,12,-7,-5
-86/47,-1,-2,-3,0,0,6,-3,0,2,0,-1,-2,0,-1,3,-11,-7,2,12,-9,-8,-8,0,8,-2
21/47,0,0,3,1,4,2,3,1,-8,-4,3,-6,-3,8,3,-4,-4,1,2,-12,-13,11,12,6,18
-1/2,0,2,-3,3,4,-6,-3,1,3,3,0,10,6,8,0,-4,-4,8,12,-15,-7,12,4,6,-13
-46/53,1,2,3,1,-5,-6,5,1,-7,6,3,10,3,-1,-6,5,-4,-5,-12,12,10,-11,-11,-15,3
4/5,0,-2,0,-5,-2,-6,5,1,6,-3,2,5,8,-6,-3,-9,0,13,-12,-2,7,-8,12,18,9
-3/10,0,0,0,1,-2,2,5,-2,6,7,-5,5,-6,-1,-8,-7,2,6,6,-3,-6,10,-3,-15,-9
2/3,-1,0,2,3,0,-5,6,-2,-6,7,3,10,4,9,13,3,7,-5,5,-7,-11,12,10,-8,14
-15/92,0,0,0,1,6,4,-1,1,0,-8,0,-6,-3,-10,-11,2,-2,4,14,11,-14,10,3,-6,12
20/83,0,2,0,0,4,-5,1,-2,6,-3,-4,-1,6,-2,7,3,-5,5,0,-12,-13,-5,-16,-3,0
42/47,-1,0,0,1,-2,0,5,-2,-9,-5,-1,-5,-9,-9,3,1,-13,-6,0,13,-6,-14,0,-9,-10
13/28,0,2,4,-5,-3,-7,6,1,-8,4,6,-2,12,4,-3,-2,-9,8,-11,4,4,6,4,-13,9
81/82,0,0,-2,-5,-2,-5,1,1,6,6,10,-11,6,-12,12,6,-12,8,-14,14,7,12,12,-1,-18
41/22,0,-2,2,1,-2,-6,5,0,-3,3,1,-2,-4,-3,-1,-6,-13,-10,12,-3,-1,12,3,-17,-3
-87/83,0,0,0,3,-1,-6,4,1,6,-10,10,-2,-5,1,0,5,0,-5,-2,-6,2,-7,-16,1,-18
-55/28,0,-2,0,-5,0,-5,6,1,1,-8,-1,10,6,-6,10,-12,-7,-8,-3,-15,-13,10,11,-6,2
91/60,0,0,0,1,4,-7,6,1,6,-7,2,-8,0,-6,0,5,-4,4,-10,-12,-16,8,0,3,-19
7/93,0,0,1,1,0,2,2,1,3,-4,2,2,2,-6,10,6,-1,2,10,-8,-6,1,15,-10,7
47/26,0,2,-2,0,0,-2,-4,1,6,2,3,2,6,4,-8,0,-1,1,8,-8,1,-4,2,-8,-2
49/3,0,0,-2,1,0,6,2,-2,-3,-8,6,-8,-4,4,13,-12,-11,-8,-14,15,-13,-15,-13,0,-2
-36,0,-3,2,1,0,1,5,1,6,6,-9,8,-6,8,7,6,8,2,5,-15,-8,4,8,3,12
15/34,0,0,0,1,-3,2,-2,0,-6,5,-5,-3,-2,2,-6,-6,8,13,-12,-12,-10,4,-16,-10,-5
-29/36,0,0,0,1,4,2,5,1,-9,-10,10,6,-6,-2,-8,3,-5,6,2,4,-13,-16,-3,18,18
-1/7,0,-2,3,-5,-2,4,6,1,-3,-2,-1,-2,0,-4,4,-3,-12,4,11,-8,-5,-4,7,-12,18
7/2,0,-2,0,1,0,2,6,-2,-3,-10,10,-7,-3,-4,-6,-4,13,8,4,-15,5,4,4,10,1
52/19,0,2,-2,1,-5,-7,-4,-2,6,-10,6,-6,6,2,0,-2,7,-8,4,-8,-1,15,-16,-4,-1
-26/7,1,2,3,-5,-5,-7,-5,1,-6,-5,-1,-6,6,2,-7,3,-14,-1,8,-9,-10,-8,1,6,-5
-31/53,0,2,-3,0,6,-5,-1,-2,1,-5,-10,-2,0,2,1,5,-11,-10,2,8,0,-6,-15,-6,2
-45/16,0,0,0,1,-1,4,5,1,-3,0,3,10,10,8,12,-2,8,10,6,-6,-14,-6,1,2,3
38/63,1,0,2,-5,-1,6,-5,1,-3,-2,2,-5,-9,-9,4,-2,0,-10,1,4,5,1,2,12,-6
65/77,0,2,0,-5,-2,-7,5,1,3,-5,-7,-10,4,12,4,-2,-1,-1,0,-8,-6,11,0,0,12
48/83,0,0,4,0,0,6,-1,1,6,-5,-1,-6,-9,2,0,-2,-2,2,10,12,14,-6,-16,-10,1
-24/55,0,0,0,3,-2,-5,5,1,-3,-5,1,10,10,-2,0,1,4,-13,-12,-3,4,0,6,-6,-18
-23/14,0,-2,3,-5,4,1,-6,1,-7,-5,-5,8,0,-1,-8,-10,-9,0,5,0,11,-1,-4,-10,14
20/21,0,0,0,-5,-1,-1,2,-2,-3,-5,-4,-2,12,10,8,-10,-11,8,8,8,-10,8,16,-4,12
-41/4,0,2,4,1,0,-6,5,1,3,-8,-9,7,-4,-2,0,1,0,-1,0,2,-13,-8,12,10,-18
41/32,0,2,0,-5,-2,-1,2,1,6,-2,1,2,-4,12,-6,1,7,8,-6,-15,1,-16,-1,4,7
20/47,0,2,0,-5,-2,-1,6,-2,-4,3,-5,10,-6,2,3,-11,0,10,4,-5,2,-15,-4,-17,10
98/41,1,2,2,1,-3,2,2,0,6,9,4,-1,6,4,-6,3,-4,-4,-11,4,-10,12,-3,18,7
-23/70,0,2,0,-5,0,4,2,-2,-7,6,2,-2,-3,12,-8,6,-14,-4,4,16,-7,-8,6,12,16
-15/7,0,0,0,-5,-5,-1,-1,1,3,-7,-1,-5,-2,-1,-6,5,7,13,-14,-12,4,4,6,-6,-2
-79/78,0,0,3,-5,0,-2,-3,1,0,-5,-4,-2,-4,-1,4,-3,-14,-10,-4,13,0,4,6,1,18
-87/31,0,0,-3,1,4,-6,6,-2,-3,-10,2,5,12,-6,-4,6,0,-1,10,2,0,11,1,0,-3
-23/26,0,-2,0,0,0,-2,2,-2,-7,-1,8,6,-9,-7,11,1,-11,-7,-8,-15,7,-15,8,-14,17
83/71,0,2,-3,1,6,1,2,-2,3,6,1,-10,7,-1,0,-4,-2,8,11,4,10,12,0,-6,8
1/2,0,-2,0,-5,2,6,-4,-2,1,6,4,-5,12,-2,-8,-2,-14,4,-10,7,-8,1,-4,6,5
-81/85,0,0,0,3,4,6,-2,-2,-3,-8,-1,5,-6,4,6,3,7,-4,-10,11,4,4,11,-6,-1
23/2,0,2,1,0,2,-5,2,1,-7,-8,-9,-6,8,4,-6,-6,2,-10,12,-9,4,-6,-3,-3,-2
63/8,0,-3,0,1,-5,1,-1,1,-3,-8,-10,-1,0,0,4,1,-14,-1,12,-8,-2,-7,4,8,8
34/3,-1,0,2,1,-3,6,-8,1,-9,0,2,7,6,4,-6,6,-9,-7,4,-15,7,-8,4,2,3
-34/47,1,2,2,3,4,6,-8,-2,1,4,-7,-8,6,-1,3,1,0,-1,-6,-15,4,5,-4,-2,3
18/43,-1,-3,2,-5,-3,4,-6,1,-8,6,8,-2,8,-12,11,-4,-2,0,5,-9,11,12,9,6,-2
-51/26,0,0,1,0,-5,-2,-8,1,2,-5,-10,-2,4,10,0,-6,8,-7,-3,-15,2,-1,-3,-2,0
-77/29,0,-2,-3,1,0,-1,6,-2,4,-6,1,-2,3,2,-2,-3,-11,4,-12,-12,-14,-14,14,-14,14
8/11,0,2,2,1,-2,-1,-1,1,3,-4,3,-1,-6,-9,12,2,9,8,11,-9,11,-6,14,2,17
-12/7,0,0,2,-5,-2,0,-3,0,6,3,4,-6,10,1,12,4,-4,8,-13,-12,5,11,4,10,16
-80/33,0,0,0,-5,-2,-1,6,1,-3,0,-1,-7,10,12,-8,-14,0,1,4,-9,-13,9,0,1,-9
3/10,0,0,0,0,0,6,-6,1,-8,0,-1,-8,-4,-3,12,1,0,1,2,11,-16,2,1,0,-7
-5/3,0,0,0,3,-1,6,-3,-2,2,-5,10,5,-6,2,8,6,0,-7,-12,3,-6,-6,3,10,2
-16/45,0,0,0,-5,2,-6,2,-2,-6,0,-8,6,0,6,-6,-6,0,10,11,-4,0,13,3,2,-2
-44/31,0,2,2,-5,0,6,-4,1,2,6,2,-3,-4,-6,-6,-6,0,8,5,4,-13,1,1,-3,14
-31/18,0,0,-2,0,4,6,2,1,-4,4,-10,-7,0,9,-6,5,-1,-8,-12,-3,-13,-15,6,-14,17
16/39,0,0,1,-5,6,-2,-1,1,-3,3,-6,-2,-2,-3,0,-2,-9,-1,2,-15,7,1,12,9,-4
0,0,0,0,1,0,-7,-8,1,-7,-10,-10,-11,-4,-1,-8,-10,-12,-13,-5,-12,-11,4,0,-13,8
1/2,0,-2,0,-5,2,6,-4,-2,1,6,4,-5,12,-2,-8,-2,-14,4,-10,7,-8,1,-4,6,5
-57/88,0,0,0,-5,-2,-6,5,1,-4,4,1,-7,-1,-10,-2,0,-2,2,4,3,5,-11,-8,2,7
-10/97,-1,-2,0,3,4,6,-6,-2,-8,0,-9,-1,0,10,0,9,-3,1,-11,13,7,-4,2,-1,4
-1/5,0,2,0,-5,-1,-5,-1,1,-3,2,6,-7,6,-6,0,4,-4,5,0,0,-1,-16,-10,-14,-6
7/12,0,0,0,1,4,-6,-6,1,4,5,-4,-5,-5,4,0,-7,10,4,-6,12,-2,6,6,-17,-3
-11,0,2,2,3,0,0,-5,1,1,-10,-1,2,-4,-9,0,6,0,-4,4,-5,11,5,6,9,14
36/37,0,0,2,-5,0,-5,6,1,-9,3,6,-8,8,4,1,-9,0,1,-4,-12,1,13,1,-10,-14
99/68,0,0,3,3,0,6,-2,1,-6,6,2,10,-1,8,0,-6,-9,-10,-12,9,4,-8,10,-17,8
49/57,0,0,3,1,0,0,5,-2,-8,0,0,-2,12,-4,11,0,4,-5,2,-9,-10,11,14,12,8
9/35,0,-3,0,-5,6,2,-4,1,6,4,1,2,-3,9,7,-4,0,2,8,8,-10,-7,2,-6,-1
15/8,0,0,0,0,2,2,-3,1,-4,7,-4,-7,-9,-6,-6,-3,-12,6,-13,-12,0,6,-10,-10,-18
-22/35,-1,2,0,-5,0,6,6,0,6,-4,1,10,-1,6,0,5,-2,1,-12,0,-10,1,16,-3,-6
9/22,0,0,-2,1,-2,2,6,-2,4,6,1,6,1,-6,0,-6,-10,-10,0,16,-2,-1,3,3,-1
71/6,0,0,0,1,6,2,-4,1,6,6,8,10,-6,-10,-1,1,-2,-8,5,-12,4,8,-16,-12,2
37/13,0,2,1,-5,-1,-2,6,1,-8,3,1,-11,1,-1,8,-9,-2,4,10,0,-4,-16,4,0,17
27/50,0,0,0,1,6,-6,1,-2,-3,6,-8,-7,3,-4,6,-2,6,1,4,3,-13,15,12,-10,11
-1/94,0,-2,4,1,0,-5,5,0,3,-2,1,-11,-6,8,3,-2,-4,13,-6,-3,-16,10,14,-14,1
85/71,0,-2,0,0,2,6,-8,1,6,4,6,-2,0,1,-3,6,6,-7,4,4,-10,-4,6,6,-14
47/34,0,-2,-2,1,-2,2,-2,1,-8,0,-9,-7,-6,4,-8,-2,-7,-8,-13,13,-11,6,6,6,8
-47/29,0,-2,3,1,0,-6,-5,0,-9,-6,-1,6,12,12,-8,5,10,-4,10,15,-5,-6,2,-15,-12
-38/99,-1,0,0,-5,-2,-5,1,1,3,0,-10,-10,-6,8,-10,5,-2,0,10,-12,7,5,-3,-17,-5
29/51,0,0,1,-5,-5,2,-2,-2,-3,-10,3,-5,-9,4,11,0,0,-7,-14,3,-13,-9,6,2,-1
99/23,0,0,0,-5,0,-6,-3,0,0,-1,2,-7,2,1,6,-6,6,0,3,6,-2,6,-13,4,3
25/77,0,-2,0,-5,-2,2,3,1,2,-5,3,5,-5,4,10,6,4,13,-5,13,2,12,-6,9,6
82/83,-1,-2,1,1,6,-6,-1,1,-9,2,-4,-2,-4,6,-11,-2,2,1,-3,3,-5,-14,-16,-1,8
29/13,0,-2,-2,1,0,-2,2,-2,0,-10,2,-7,-6,-9,-8,6,0,-5,16,-15,2,-16,14,2,2
-5/74,0,-2,0,-5,0,4,-6,1,-4,4,-4,-8,6,-1,-8,-2,0,-1,16,3,10,0,12,-6,-1
-18/37,-1,0,0,-5,-5,-1,5,1,6,-4,-4,-8,6,10,-10,4,13,10,-7,14,-8,-8,-6,-12,-7
20/13,0,-2,0,0,6,-2,6,-2,-8,-4,1,-6,-1,7,-11,-4,6,2,-14,6,4,11,0,-12,-5
83/33,0,0,2,-5,-2,2,-6,-2,2,0,-9,10,-6,-3,-11,-2,9,-5,-14,0,-4,-16,0,-1,3
-49/39,0,0,2,1,-5,-2,2,1,3,-1,-8,-1,-5,1,-8,-4,-4,-1,8,-4,10,-4,0,-8,12
11/17,0,2,-2,1,0,-6,-2,1,6,4,-4,-2,8,12,4,6,0,-2,2,13,4,4,6,3,1
-45/79,0,0,0,1,4,6,3,1,3,-7,2,-6,2,12,-7,-4,-12,6,3,-3,-1,-8,1,-14,-3
15/19,0,0,0,3,2,-1,3,-2,6,9,-1,-6,-1,4,0,-6,0,-13,-10,10,-14,15,2,2,10
-77/25,0,2,0,1,0,6,4,-2,-9,-5,10,-6,-2,8,-6,6,6,10,3,-15,-10,11,12,18,9
-21/41,0,0,1,1,4,-1,2,1,6,7,2,-8,6,-9,-6,-3,-9,5,1,3,8,-6,-4,6,12
19/18,0,0,-2,3,0,-1,-6,1,6,6,-1,7,-6,-1,-6,-14,-12,6,2,3,-13,-8,0,6,2
12/23,0,0,1,1,-5,-1,-6,-2,0,-1,-1,-2,0,12,0,6,0,4,0,8,2,13,-10,-1,-3
-2/11,1,-2,3,3,-2,2,-5,1,0,9,-4,-7,-1,6,1,1,-4,-8,-8,-9,-11,11,12,-1,13
38/35,1,2,0,-5,0,2,-3,1,3,4,-7,10,12,-4,0,-2,8,-8,10,3,1,-14,-3,0,-9
27/31,0,0,2,1,-2,-5,-3,-2,1,0,2,2,7,6,1,-10,0,-12,5,4,2,-9,-10,-6,-2
-2/5,-1,-2,0,0,-3,2,2,-2,6,-5,3,10,6,5,6,6,10,13,3,8,-13,1,3,3,10
15/31,0,0,0,-5,0,1,6,1,-4,6,2,-5,-3,12,4,4,0,8,-14,0,2,-8,14,9,-2
-85/48,0,0,0,0,0,-5,-8,0,-3,2,-9,7,2,-1,6,6,6,8,10,11,-4,-15,6,-1,8
44/45,0,0,0,3,0,1,-3,1,6,10,3,-11,-1,-2,0,4,0,1,8,12,2,-14,12,-9,-19
-70/81,1,0,0,1,6,6,-4,1,-8,-7,3,11,-4,-7,6,-10,-4,-1,-6,-12,2,5,-1,18,1
25/98,0,-2,0,-5,0,4,5,1,6,-8,-5,10,12,4,-6,-4,-4,10,9,2,-16,13,3,18,-2
95/72,0,0,0,1,-2,-5,5,1,-3,9,-7,-2,-1,2,13,-7,-14,1,11,-12,-13,4,-3,-1,6
-19/47,0,2,-3,1,-5,-1,-4,1,0,6,-2,-11,-1,-4,3,0,-11,-6,12,-4,10,-14,6,10,18
-11/6,0,0,1,-5,0,-1,4,-2,6,5,-2,6,-6,5,12,9,1,-10,-10,-8,-4,-8,9,-10,-14
12/29,0,0,2,-5,0,-5,4,1,6,-6,-7,-2,12,-10,-6,-4,10,1,2,8,-1,5,15,-14,-9
3/8,0,0,0,3,6,0,5,-2,-3,-2,3,-2,7,4,-6,9,0,13,-14,-4,2,-9,-16,-3,12
-17/32,0,-2,1,0,2,-5,-8,1,-6,-2,-1,5,-1,-4,0,4,4,-1,4,-2,-14,-16,-4,-14,-3
11/3,0,0,-3,1,0,-5,5,-2,-9,2,-1,-5,-1,-6,-6,-2,-4,13,4,-15,0,-9,0,10,17
-1/21,0,0,1,-5,-5,-5,-3,1,1,4,-4,10,-9,4,-6,-7,-14,1,5,-4,-16,-16,-11,18,-2
51/82,0,0,3,1,0,1,-8,1,3,9,2,10,6,-2,-11,-2,13,-1,9,-12,7,-4,1,-14,-6
-41/77,0,-2,2,-5,-2,0,2,1,-3,6,-1,10,-4,4,11,-2,0,2,5,3,-13,-14,-4,0,17
63/41,0,-3,3,1,-5,6,-4,1,-3,-1,-4,-7,6,4,1,6,-13,1,-6,3,11,8,-16,-14,10
22/21,-1,0,3,-5,0,-6,2,-2,1,3,-10,-1,3,10,4,-6,-10,-2,-14,-9,-13,-6,2,6,-18
-93/41,0,0,0,1,0,6,5,-2,4,3,-10,5,6,-4,8,4,-11,4,12,6,0,-4,1,-1,-14
-31/27,0,0,-2,3,4,-5,-6,1,-8,4,-10,6,-1,-4,-6,-2,-11,4,-2,10,14,13,2,6,-5
29/3,0,0,3,-5,2,2,-3,1,6,-10,-1,-7,0,0,0,-2,9,8,-12,-4,14,15,-6,-14,11
3/8,0,0,0,3,6,0,5,-2,-3,-2,3,-2,7,4,-6,9,0,13,-14,-4,2,-9,-16,-3,12
-44/43,0,2,2,-5,0,0,2,-2,3,4,8,-2,-3,-12,7,-3,-4,10,3,-9,-2,-12,3,1,8
5/99,0,0,0,-5,-2,6,-3,1,0,-1,6,-2,-7,8,2,-9,-3,-5,11,16,-8,-11,8,6,-3
42/25,1,0,0,1,-2,2,4,-2,-8,-2,-2,-2,2,-12,0,-2,-14,-1,4,6,-5,-14,2,1,-18
-7/44,0,2,-2,1,-2,-1,4,1,-3,6,-5,7,6,-10,-6,6,2,-13,2,3,-10,8,8,-17,-14
2/3,-1,0,2,3,0,-5,6,-2,-6,7,3,10,4,9,13,3,7,-5,5,-7,-11,12,10,-8,14
2/71,-1,2,-3,1,4,-1,6,-2,-3,-10,-1,-11,-1,4,-1,-10,0,-10,-10,4,1,15,6,6,-12
55/23,0,-2,0,3,0,6,6,1,0,6,-4,-8,-7,12,-11,9,-10,13,-2,-12,4,-8,4,-17,1
19/26,0,-2,1,0,-1,-2,-3,1,4,9,-8,-2,0,4,0,-3,5,-4,6,-13,10,-7,-8,10,9
-29/9,0,0,1,3,0,-5,-1,0,3,-10,-1,-2,2,6,4,-6,8,8,-10,0,-1,9,4,-6,18
-2,-1,2,-3,-5,0,4,5,-2,-8,-1,-4,6,-9,-2,0,-6,6,5,8,-13,-6,-7,-16,-6,-14
47/6,0,0,-3,1,2,2,2,-2,0,5,-9,2,-6,9,-8,0,6,6,11,6,-14,10,-16,-15,-5
2/3,-1,0,2,3,0,-5,6,-2,-6,7,3,10,4,9,13,3,7,-5,5,-7,-11,12,10,-8,14
43/83,0,-2,4,1,0,-6,-3,-2,6,4,-5,10,-7,-1,-4,-3,0,8,-12,-9,-13,-8,-16,12,-9
8/27,0,0,1,1,2,-5,5,0,6,-2,-4,2,-6,8,6,6,4,-4,0,-9,-8,-6,7,-12,2
3/7,0,0,1,-5,-1,-6,5,-2,3,-5,-9,10,-6,-4,1,6,-4,-3,-3,-15,-5,-8,4,0,11
1/10,0,2,0,-5,6,-5,6,1,3,5,-4,2,0,-1,-2,6,4,0,-3,-12,2,-14,-4,6,-3
-12/5,0,0,0,1,-1,-5,4,1,-6,6,1,-2,-6,-9,0,-10,13,-8,12,15,14,-4,-4,10,-7
4/19,0,2,0,-5,2,-5,-6,-2,-4,-5,1,-2,-1,8,4,1,0,-6,-4,-5,-2,10,3,-6,-9
-23/95,0,-2,0,3,-2,-5,-3,-2,-7,-5,-10,10,-6,8,-8,-2,0,1,-14,-1,11,4,2,10,-2
-35/9,0,0,0,1,-5,6,5,-2,4,0,3,6,4,4,0,-6,-12,8,12,12,2,1,-10,6,2
48/37,0,0,1,3,-5,0,3,1,6,-4,-1,-8,-4,6,8,11,-14,5,8,-9,12,5,-12,0,-18
-41/14,0,-2,4,-5,-5,4,-3,1,6,-3,8,-2,-4,4,1,6,10,-7,4,4,8,-10,0,12,-2
7/45,0,0,0,1,4,6,-3,0,-6,-3,4,-11,-6,-4,4,3,-4,-4,4,-12,-4,-9,12,-17,-14
-21/22,0,0,3,1,-2,0,-5,1,-8,5,1,-1,0,-6,8,-10,-5,13,4,-15,7,-4,-10,-6,-9
31/39,0,0,1,1,4,-2,-3,1,1,-4,-10,-10,-6,10,4,7,-7,6,-12,3,2,-4,16,10,-6
-40/7,0,-2,0,-5,6,4,-3,1,4,6,3,2,1,-4,2,6,2,-5,5,-9,-7,-1,-4,-3,2
-5/16,0,2,0,0,6,6,2,1,0,4,-8,10,-2,4,13,1,-2,8,-10,4,-4,-8,4,18,-6
5/13,0,-2,0,1,0,-2,2,1,3,4,-4,2,0,8,-1,-11,-14,-7,4,5,11,-8,-16,-15,2
-78/19,-1,0,0,-5,-3,-7,6,-2,6,-7,-1,6,-1,-7,-2,4,4,6,-3,-3,14,8,15,-10,8
-76/79,0,-2,4,-5,2,0,1,1,-4,-3,2,10,-9,-6,-6,1,1,-4,5,15,-7,-8,12,18,-6
-1/7,0,-2,3,-5,-2,4,6,1,-3,-2,-1,-2,0,-4,4,-3,-12,4,11,-8,-5,-4,7,-12,18
-5/7,0,2,0,-5,-3,1,-4,1,-9,7,8,-1,-1,6,12,-9,13,13,16,11,-6,9,2,10,-18
43/95,0,-2,0,1,-2,2,-5,-2,-4,0,6,-3,-6,-1,-6,-2,0,-5,-3,-1,-13,-8,12,-2,-18
40/89,0,-2,0,0,4,-6,-1,1,6,7,-8,-2,0,10,8,9,-2,-7,-7,-3,-10,-1,3,-8,8
61/71,0,-2,0,-5,6,-5,-4,-2,-9,-1,-2,6,4,8,0,-10,0,-13,-12,4,11,-7,7,10,3
11/96,0,0,0,-5,0,2,4,-2,-4,-1,-1,-5,-2,-7,-3,3,-4,10,-4,15,-4,4,1,0,14
7/6,0,0,-2,1,-2,6,-3,-2,-3,-4,-9,-3,6,4,6,6,-9,-7,9,4,11,9,14,-1,-12
-6/5,1,0,0,3,-5,-5,-4,-2,6,6,-5,-2,-9,8,-6,2,-10,-4,-4,4,0,-1,1,-12,-12
47/35,0,2,0,-5,4,4,-3,1,6,5,-10,-3,12,8,-8,6,-14,13,2,-7,-16,-6,-7,-12,0
-1,0,-2,1,1,6,6,3,1,-4,0,1,7,12,10,-8,0,4,0,4,-8,1,8,12,-9,8
59/38,0,2,3,0,-2,-6,-6,-2,3,9,-10,-7,0,-7,-10,6,-12,10,16,0,2,11,-16,-14,8
-74/45,-1,0,0,0,-2,-5,4,-2,-3,0,-1,-11,-7,-4,6,-6,0,-6,-2,0,7,5,-7,-6,6
1/3,0,0,2,-5,-3,-1,-5,-2,6,10,-8,-7,-6,1,-11,6,-1,2,12,-12,0,-14,-4,-6,1
-3/16,0,0,2,1,2,6,2,0,3,-1,-7,-5,4,0,-6,-4,13,-8,11,3,4,-8,2,18,11
68/15,0,0,0,-5,2,-5,-8,1,-8,7,10,10,10,8,8,-3,-11,-2,2,0,4,6,12,-1,10
-88/67,0,-2,0,1,0,-5,2,-2,-8,4,2,10,6,-4,12,-10,0,4,0,3,-10,-14,8,6,-9
10/83,-1,-2,0,-5,0,0,6,1,0,-5,1,-10,10,7,-3,6,-7,1,2,-5,-16,8,-16,10,-18
-43/79,0,-2,-2,3,2,-1,-1,-2,-8,0,1,-2,4,-1,12,-11,0,10,-12,-15,-9,-8,-16,18,9
-21/55,0,0,0,1,-2,-6,3,0,-3,6,3,-2,-3,4,-6,6,-1,8,8,14,11,-8,-7,-6,5
67/2,0,-2,4,1,2,2,-3,1,-4,3,10,-2,0,-12,4,9,6,-5,-5,-13,-13,6,1,9,-12
81/44,0,0,1,1,-2,4,2,1,-8,-5,3,8,0,4,4,-2,-14,1,-2,-12,5,0,6,-1,-14
93/35,0,0,0,-5,0,-6,-3,-2,6,4,-10,-7,-6,-1,-1,-2,13,2,-6,-4,0,-10,-4,-14,2
79/32,0,-2,-2,-5,0,4,2,1,-9,6,8,7,-6,7,2,-10,1,5,-14,-3,12,4,3,18,0
-1/61,0,-2,2,-5,0,2,2,-2,-8,3,2,-7,-7,12,4,-11,-4,-4,4,-12,-10,-7,12,9,13
-17/11,0,-2,2,0,-2,0,-8,-2,3,0,-8,-7,8,-6,0,-4,-11,-13,-14,4,-11,-11,4,0,-10
9/7,0,0,-3,-5,2,-5,5,1,-8,6,10,5,0,-9,-6,-10,10,-2,-12,0,-2,-15,-4,-17,-19
51/73,0,0,-3,3,-5,-5,-8,1,3,6,1,5,6,-4,7,-4,-5,-4,2,-12,-6,6,-3,-16,-7
-78/47,-1,0,2,-5,4,-7,5,1,4,6,1,10,4,4,3,5,-11,-5,1,-3,-8,5,-3,-7,1
31/80,0,-2,0,0,-2,-1,-3,-2,3,-5,-10,7,-6,4,0,10,-4,1,5,-15,-10,6,4,0,12
-27/37,0,0,1,-5,4,6,-3,1,-8,6,3,-8,-6,-1,0,-7,-1,13,4,8,6,-1,4,2,-6
-3/2,0,0,0,1,-3,-5,1,1,6,9,-1,-2,-3,4,3,-2,2,1,-12,-12,4,11,-16,4,2
-67/63,0,0,0,-5,-3,2,-1,-2,-3,-2,-9,5,10,8,1,1,6,-6,-5,-15,11,-4,6,6,-14
-43/10,0,-2,0,1,6,2,5,1,-8,4,-5,6,6,-1,-6,-3,-3,10,4,-4,-8,-6,-6,-16,18
22/15,1,0,0,0,0,4,-5,1,-8,6,10,7,0,4,8,-7,-4,8,-11,4,-2,-6,0,4,8
2/43,-1,-2,2,1,0,6,-3,1,3,-2,-9,-7,-6,-12,0,4,6,-1,-4,3,14,-8,8,-16,-14
-13,0,-2,-3,0,0,-7,-3,1,6,4,10,-11,4,6,1,-10,-10,-3,-10,-1,7,11,-5,-1,-8
-9/13,0,-3,3,1,-5,-2,5,-2,-8,-4,4,-2,-3,-3,0,3,6,-13,4,2,-11,-8,-13,-10,9
58/91,-1,2,0,-5,-5,-2,-3,-2,3,-10,-6,5,-1,10,-8,-3,10,1,10,-8,7,0,-4,1,3
39/53,0,0,0,0,0,-7,5,-2,-4,-1,6,2,-3,5,-10,5,8,6,-12,-4,7,11,0,-6,-3
96/89,0,0,2,0,0,-5,1,-2,4,3,2,7,-7,-9,6,-6,-11,2,-3,6,11,-8,-3,-8,-12
-32/99,0,0,3,3,-2,-1,2,-2,6,6,-5,-2,2,0,-7,11,-9,5,4,13,-4,-9,-16,12,-2
5/73,0,-2,0,-5,4,6,4,-2,3,10,1,-3,-5,-10,4,-10,-4,-11,-8,9,-6,-6,4,18,8
-55/12,0,0,0,3,0,1,5,1,-3,6,-4,-2,-2,10,-6,-2,-1,4,12,6,-10,0,12,6,1
-33/31,0,0,3,3,0,-1,5,1,-6,-1,2,-11,8,6,12,6,-3,-13,0,-15,11,10,14,3,5
-36/29,0,0,0,1,0,2,2,1,-8,-6,10,5,3,8,4,6,-4,13,10,-5,14,4,10,12,-10
1/2,0,-2,0,-5,2,6,-4,-2,1,6,4,-5,12,-2,-8,-2,-14,4,-10,7,-8,1,-4,6,5
-86/67,-1,2,2,3,-1,-1,4,1,-4,9,-1,10,3,-1,-6,10,6,1,0,-4,-5,6,-16,10,-9
-5/3,0,0,0,3,-1,6,-3,-2,2,-5,10,5,-6,2,8,6,0,-7,-12,3,-6,-6,3,10,2
-21/74,0,0,4,1,4,0,2,0,-3,6,6,-8,-6,5,0,0,0,-4,-11,-12,-5,-11,12,-12,2
31/14,0,-2,1,-5,-2,-5,4,1,-8,-2,-10,2,-1,-10,11,-10,6,13,2,-1,-13,-14,1,12,6
-53/4,0,2,3,1,2,1,-3,0,0,2,1,5,-6,-10,3,-10,-9,2,4,15,-9,10,6,6,10
-13/9,0,0,3,-5,-5,-7,-3,-2,-9,-4,-6,-2,0,-9,6,6,-4,-1,8,9,-2,-14,-12,10,-9
-24/79,0,0,1,1,6,0,-3,-2,-6,5,0,-5,6,7,7,1,-10,-10,8,-12,6,-8,4,-12,13
16,0,2,0,1,4,1,3,1,-6,4,4,-5,6,8,-11,6,6,10,5,13,-5,8,-3,-1,-6
61/81,0,0,4,3,4,1,-5,1,3,3,-9,2,12,2,0,-4,-4,-13,9,-8,4,-8,17,10,2
15/7,0,0,0,-5,6,-5,1,-2,1,-1,3,10,6,-3,-3,-10,0,1,4,4,12,15,-3,3,-6
-58/69,-1,0,3,1,6,-5,-1,-2,0,-10,-5,-5,-5,7,0,1,4,13,4,6,-13,-15,-3,-7,-5
-23/48,0,0,1,1,0,-1,-6,-2,-7,4,-9,-2,7,-1,-8,7,6,-3,0,2,-6,9,4,2,12
-51/55,0,0,0,1,-2,-1,-8,1,6,-5,-7,-6,-1,7,0,-3,6,-7,4,0,2,-6,-5,0,2
-43/45,0,0,0,1,-5,-5,-1,1,-4,10,-1,11,6,-1,0,0,2,1,-4,14,-11,-8,8,3,8
-3/19,0,0,0,-5,-5,-6,1,-2,6,0,-1,-1,-7,2,13,-9,0,-3,4,15,6,-1,0,3,-18
-33/14,0,0,2,-5,0,-6,5,1,-9,-5,-1,-3,-3,-1,2,10,4,2,-8,16,-2,6,2,6,-2
53/10,0,-2,0,1,-1,-5,1,-2,-8,3,-9,-7,-3,-6,4,-10,8,-3,-8,5,-6,-15,16,-14,-6
14,-1,-2,2,1,-2,2,2,-2,4,3,-1,2,-6,-7,8,-2,-14,10,-7,0,11,-10,-3,-17,-18
55/82,0,2,0,-5,0,-5,-1,1,2,-10,-9,-6,6,4,-6,-9,-10,-7,4,3,-6,6,-4,4,12
-88/67,0,-2,0,1,0,-5,2,-2,-8,4,2,10,6,-4,12,-10,0,4,0,3,-10,-14,8,6,-9
81/43,0,0,2,-5,4,-5,-4,0,-9,-5,1,-3,6,-12,-6,6,4,4,-4,6,-5,-8,16,9,2
-7/83,0,2,4,1,0,-1,6,1,3,0,1,-6,-3,12,3,-6,6,13,-10,6,-13,0,-16,-1,5
2,1,-2,0,1,-1,0,-6,1,6,-7,-6,10,-7,4,4,-6,-2,2,-12,-1,-13,0,12,0,10
55/19,0,2,0,-5,0,6,-6,-2,-3,0,-4,7,-6,8,10,6,4,4,-14,0,0,-10,-3,18,8
-13/90,0,0,0,1,6,-7,5,-2,6,6,-7,-7,-3,1,-6,-10,-9,1,-7,-3,-11,5,10,-1,-12
-93/26,0,0,3,0,4,-2,4,-2,-3,-7,-10,-3,-9,12,-6,-2,10,2,4,-3,2,8,4,-15,-6
9/38,0,-3,3,3,-3,-5,5,-2,-9,4,10,-7,-6,0,-8,6,1,-4,-12,-9,11,6,-10,-15,-2
11/94,0,-2,1,1,0,-5,2,1,-8,3,3,-3,-6,-3,3,-4,-2,2,2,3,-6,5,11,6,12
39/11,0,0,1,0,-2,-7,-6,-2,4,6,3,-2,-1,2,-8,6,-7,5,-10,-8,4,-10,-11,6,-6
-5/3,0,0,0,3,-1,6,-3,-2,2,-5,10,5,-6,2,8,6,0,-7,-12,3,-6,-6,3,10,2
-61/3,0,0,0,3,0,2,-3,1,6,0,-8,6,-9,4,7,-3,0,-13,-12,-4,-6,5,-1,-9,0
-45/19,0,0,0,-5,-3,6,2,-2,-8,3,-9,-2,-4,-6,4,-10,-4,-10,-3,-15,-1,-14,12,-3,-1
-33/5,0,0,0,1,0,-1,1,0,-8,-4,3,5,-6,4,-11,-14,-7,8,-3,7,-13,8,10,1,7
-60/17,0,0,0,0,-5,4,-2,-2,6,-4,-1,-2,2,10,4,-4,0,6,16,13,4,-15,-3,18,-2
-89/8,0,-2,2,1,-3,2,-3,1,-3,6,4,-8,0,2,-10,-9,-9,-1,-7,-15,-6,-14,1,-13,8
7/86,0,-2,-3,1,-1,-1,1,-2,6,6,1,-5,-6,-12,12,11,11,10,0,0,12,0,12,2,-7
-2/13,-1,2,4,1,6,-2,-4,-2,4,4,2,-10,3,1,0,6,0,6,-4,-12,14,-6,12,-15,8
-22/31,-1,-2,0,1,0,-6,-3,-2,-8,-10,2,-5,0,4,11,-3,4,-6,-2,-12,-6,-16,10,10,1
2/5,1,2,0,1,4,1,2,1,-3,-5,10,-6,6,4,-6,-9,-12,1,-10,2,2,-10,-12,-6,-5
-4/33,0,0,-3,1,-2,-5,-3,1,6,0,-4,8,12,4,0,-11,2,4,10,14,2,6,1,-12,14
85/96,0,0,0,3,-5,-5,-8,1,0,5,10,-5,8,6,11,6,-9,-1,4,-6,2,-5,-4,10,0
-17/43,0,2,4,-5,2,6,-8,1,-8,-4,-9,-6,-6,-12,-11,9,9,-7,4,-12,-8,-15,-13,2,-18
29/13,0,-2,-2,1,0,-2,2,-2,0,-10,2,-7,-6,-9,-8,6,0,-5,16,-15,2,-16,14,2,2
-35/46,0,2,0,1,6,-5,1,-2,0,6,-1,6,-3,-6,-6,-7,0,1,1,0,-6,8,3,-6,-18
59/93,0,0,0,-5,-2,2,4,1,-3,-4,2,10,-3,4,-6,-10,-12,-10,-3,-12,-13,10,-4,-12,-6
-14/75,-1,0,0,1,4,-1,5,-2,-3,-4,10,5,-7,-1,0,10,-11,0,8,-9,-16,4,-4,-6,-4
-41/7,0,2,-3,-5,-1,-1,3,1,0,3,3,-5,-4,12,0,-11,-9,1,2,5,2,13,4,6,8
-45/31,0,0,0,1,2,-5,5,0,-8,0,2,2,6,-10,0,6,-4,10,0,-8,4,4,-4,-6,-6
-88/43,0,-2,2,3,0,-5,5,1,4,-7,3,-5,-6,-12,3,-4,10,10,4,-12,-8,-11,12,1,-6
-36/49,0,-3,0,-5,2,6,4,-2,3,-2,-4,-10,6,4,-3,10,0,-5,-12,-3,-10,-4,4,-10,-2
-87/41,0,0,3,3,4,0,1,1,-4,-10,-9,-1,6,-2,-6,7,-1,-3,2,-8,-9,10,-3,10,-1
-4/5,0,2,0,1,0,6,-5,-2,-3,-4,-2,2,8,-4,-6,-2,-9,-3,4,8,-2,-16,6,-8,-18
-61/8,0,2,-2,1,-1,6,2,1,-3,-2,-10,-10,-6,6,4,0,4,-13,5,3,-10,-7,-6,10,1
-2/55,1,2,0,1,-2,-5,-3,0,6,7,10,-8,0,8,-6,0,-14,2,4,13,-13,13,4,-1,10
-7/30,0,0,0,1,2,-5,-5,1,-4,6,2,8,2,2,0,-6,6,10,-12,15,2,-9,16,12,12
11/18,0,0,0,0,0,2,5,1,3,0,1,-2,-6,10,0,-11,-7,-13,-2,0,-1,-5,-11,12,14
9/11,0,-3,1,-5,-2,0,1,1,-3,3,-4,-2,-6,-10,-6,-6,13,-5,3,-6,14,-14,3,-8,-10
-57/13,0,0,0,0,6,-2,-1,1,6,0,-4,10,-3,-9,8,6,2,-1,2,10,-5,4,12,-14,11
-61/88,0,-2,2,-5,-2,1,-3,1,-8,-8,6,-6,-3,5,-6,-10,6,-13,-10,-12,7,0,2,18,-1
49/31,0,2,1,1,-2,0,6,1,-3,10,2,6,8,8,0,-7,-4,1,-10,-12,0,8,2,1,17
-12/11,0,0,-2,-5,-2,-6,-6,-2,-3,7,-9,-7,6,4,-11,-4,-11,-2,-4,-4,-5,8,-3,-3,2
17/19,0,-2,3,1,0,-5,-8,-2,-3,6,-9,-10,6,-10,-6,-4,6,-2,8,12,-6,-9,-3,1,14
31/16,0,2,0,-5,-3,-6,2,1,1,4,-10,-3,6,-4,-8,-2,-4,-5,3,-9,-2,-16,0,-1,8
51/91,0,0,0,-5,2,-2,-8,-2,6,7,-8,-2,-2,-10,-10,-2,4,-11,2,-8,2,2,-11,-12,8
95/59,0,2,0,1,6,-5,2,1,6,-5,-1,-1,3,-7,-1,9,10,-3,-12,-13,2,-16,4,-14,12
-22/5,1,2,0,-5,0,-6,3,-2,4,9,-1,-2,-6,6,12,-6,-9,-11,2,-12,-2,4,3,-14,-6
32/31,0,-2,-2,1,2,-1,6,1,0,4,2,10,-6,-1,0,5,2,-5,-7,8,14,0,-4,-10,8
-3/40,0,0,0,-5,0,2,-3,1,1,-4,1,7,3,-6,1,1,-7,4,8,16,-14,6,12,-8,12
61/78,0,0,-3,-5,2,-2,4,1,-8,3,-4,-1,-5,6,12,-4,6,-13,-5,6,14,0,2,4,-6
-57/29,0,0,2,1,2,6,-3,1,6,-6,-9,-2,2,-6,7,10,-2,8,-14,-9,-16,13,0,2,-12
-61/45,0,0,0,3,4,-5,-3,-2,-3,-1,-1,-10,-5,5,0,-3,-7,-13,0,13,-4,-10,12,-3,9
-44/61,0,2,4,0,0,4,3,1,-8,-3,-9,6,1,12,0,4,-3,-4,8,-9,0,-11,12,0,0
-1/2,0,2,-3,3,4,-6,-3,1,3,3,0,10,6,8,0,-4,-4,8,12,-15,-7,12,4,6,-13
-51/89,0,0,0,0,-3,-6,-8,1,-8,-10,-5,-8,-7,-1,-3,1,6,-8,11,13,-6,11,-10,-8,8
-2/3,1,0,0,-5,-2,-5,2,1,3,0,-1,-11,0,7,-6,6,0,6,2,16,4,0,2,1,-1
-7/4,0,-2,2,1,-5,-5,5,-2,0,7,6,2,-4,4,4,-6,-4,-3,8,13,-14,0,12,1,7
-5/16,0,2,0,0,6,6,2,1,0,4,-8,10,-2,4,13,1,-2,8,-10,4,-4,-8,4,18,-6
4/73,0,2,-3,1,6,6,5,1,-3,-5,6,5,-5,10,7,-11,0,2,5,-1,-6,0,3,-2,-6
29/66,0,0,1,-5,-2,1,5,1,-8,-10,0,8,-1,2,-1,6,-2,6,4,-15,4,8,12,1,12
-97/11,0,2,-3,1,-2,1,-6,1,6,6,-7,-2,12,10,-1,-6,0,8,-2,-4,-2,-16,-13,0,8
-2/3,1,0,0,-5,-2,-5,2,1,3,0,-1,-11,0,7,-6,6,0,6,2,16,4,0,2,1,-1
-29/2,0,-2,-3,3,-1,-5,5,-2,-4,-10,2,-8,1,8,6,0,-11,10,11,-3,2,8,2,-6,-14
31/43,0,2,2,3,-1,4,5,-2,-3,-2,-10,7,-5,-12,-1,-12,-10,-8,-14,12,-5,-8,-4,6,0
98/13,1,-2,4,1,4,-2,4,1,0,-5,-4,7,-6,5,3,-11,5,4,5,4,7,5,-6,-1,-6
9/16,0,0,1,0,-3,1,-3,1,6,-4,10,2,-9,-7,-6,-4,0,5,2,3,6,-4,0,-6,2
-69/76,0,0,4,1,-2,0,-6,-2,-7,4,0,-2,8,4,-6,11,0,10,4,2,4,-8,-16,8,-1
-55/52,0,-2,0,-5,0,-2,-3,-2,6,3,-8,-2,-5,-1,0,-6,-5,6,4,0,-14,4,-3,-1,0
75/17,0,0,0,-5,4,-1,-2,-2,-4,4,10,-11,-7,-12,0,2,0,13,-12,12,-1,-8,-7,-15,-14
-19/36,0,0,4,1,-5,0,3,1,6,-10,-8,-5,-6,9,12,-6,-4,-7,-2,-9,-10,13,17,-12,18
37/86,0,-2,2,0,0,1,2,-2,-3,0,-1,-11,12,-12,1,-9,6,-5,2,-12,-4,6,-16,0,3
32/89,0,2,0,-5,6,2,-3,0,-4,4,1,-8,4,-4,-7,1,4,-11,4,-4,-13,-4,-10,-8,-1
-7/9,0,0,0,1,0,-5,2,-2,1,-2,-9,-6,-7,-1,0,-9,-4,1,-10,-2,14,-14,-16,8,-7
-93/91,0,0,0,-5,-1,-2,-1,1,-3,9,-10,-7,-6,4,-11,-6,0,-5,4,0,-6,-6,0,-6,-1
45/77,0,0,0,-5,-2,6,2,-2,-4,10,3,-2,8,4,0,-3,-4,0,4,2,-16,-4,12,10,2
-51/61,0,0,2,0,0,1,-8,-2,-3,-5,-1,-2,6,4,10,-10,6,-4,2,-13,-4,8,0,-8,-6
-70/17,1,2,0,1,-2,0,-2,1,0,4,-5,-7,6,-4,-6,0,2,-5,2,-6,14,1,0,4,-2
-23/33,0,0,1,0,-2,-6,-5,1,-7,4,-10,-2,6,-2,12,-2,4,-5,-2,3,-2,1,1,0,-18
-49/23,0,2,-3,1,2,6,-5,1,0,9,1,-7,-6,-3,-1,-2,5,4,-13,9,-2,-8,12,-7,-5
-32/43,0,2,2,3,6,-5,-3,1,-8,-4,10,10,6,-12,-6,-3,-2,-13,-2,0,5,15,12,10,9
36/73,0,0,3,-5,-1,4,2,-2,-3,3,1,8,0,2,12,-4,-9,-5,8,-3,-6,6,5,6,2
-13/6,0,0,0,1,4,-7,6,0,-8,6,3,-8,8,2,6,6,-4,13,2,-4,-4,10,-9,18,-18
18/23,-1,0,0,1,4,6,2,-2,0,-8,-8,-8,12,-12,7,6,-4,-8,-13,0,12,8,-3,-10,-12
80/57,0,0,0,3,4,1,-6,-2,-3,6,0,-8,-6,-6,-6,2,0,2,-14,-9,10,-10,6,3,-14
-52/43,0,-2,0,-5,0,-7,5,0,6,-5,6,-5,2,-12,1,-4,0,8,-8,10,-13,-4,-4,-8,-4
-12,0,0,0,1,6,2,2,-2,3,-5,10,-7,-4,12,-6,1,-4,-10,2,14,2,9,7,6,-12
8/85,0,-2,0,0,-5,1,-2,-2,1,-2,1,-1,-4,6,4,-10,8,2,6,-15,-11,-8,-6,-6,-1
11/6,0,0,4,3,0,-5,3,1,-8,-8,2,-2,-5,4,0,1,-4,5,3,-12,11,-16,7,-1,11
92,0,-2,2,0,-3,2,1,1,-7,-4,1,10,10,-4,0,-2,13,4,8,-3,6,6,15,3,8
-14/39,-1,0,1,1,4,-2,-3,1,6,4,6,-6,-9,-4,6,-3,-12,-7,-10,6,7,13,6,4,-18
72/5,0,0,0,1,6,-5,5,-2,-9,-8,-6,10,-9,1,12,-2,-4,8,12,-4,-1,10,3,5,8
-86/95,-1,-2,0,3,4,4,2,-2,6,4,10,-5,1,-1,-6,1,-14,-10,0,15,-5,5,3,6,2
-57/89,0,0,-3,-5,0,-1,1,1,-9,6,-1,10,0,0,4,7,6,4,4,8,-16,0,1,-8,8
-4/11,0,2,0,1,-2,0,6,-2,6,-8,-7,-2,-7,2,0,6,4,-3,1,3,-16,-10,12,-14,-14
-62/9,1,0,3,-5,0,-1,6,-2,3,-4,-10,2,6,-6,8,0,0,-1,10,2,-13,5,12,3,2
2,1,-2,0,1,-1,0,-6,1,6,-7,-6,10,-7,4,4,-6,-2,2,-12,-1,-13,0,12,0,10
6/7,1,0,-2,-5,-3,6,-3,1,4,-4,1,-7,-5,8,0,6,-4,-1,8,-5,-14,10,6,-9,-8
96/61,0,0,0,0,4,0,-3,1,3,5,-4,-8,0,5,-6,0,0,-4,5,-9,-13,10,10,-2,13
33/58,0,0,2,1,0,6,6,-2,-4,-6,0,-6,-6,7,-7,-6,-13,-4,-12,4,2,10,12,3,-19
54/85,-1,0,0,-5,-3,-5,-2,1,1,-7,2,-2,-6,-9,0,-7,0,-3,10,0,-6,4,2,18,17
-27/56,0,0,-2,-5,2,1,5,1,6,0,-1,-7,-1,12,0,-2,11,-10,-4,13,-16,-16,11,-8,-9
-59/3,0,0,-2,1,2,0,2,1,3,3,2,-2,0,4,-6,-6,-12,-5,8,12,-1,13,-3,-13,18
-77/62,0,-2,1,1,0,-5,-1,1,3,-5,2,-6,10,2,0,-3,0,-7,-12,-7,-6,-6,0,-14,-3
1/6,0,0,4,1,-1,4,2,1,0,-4,-9,-1,-9,-10,-6,10,0,8,4,10,2,11,-3,8,-2
-14/19,-1,2,1,1,-5,0,-1,-2,-3,9,-9,-7,2,4,-8,6,-2,2,5,4,7,-4,-3,6,6
11/65,0,2,0,1,0,-2,-6,1,-8,3,-1,10,8,-2,0,-4,-4,6,16,-8,10,8,-6,-12,14
86/17,-1,2,-2,3,4,0,-2,-2,-3,-5,4,6,-3,-1,0,-4,6,-5,2,-15,4,-4,6,-15,18
33/31,0,0,3,-5,0,-5,-5,-2,3,-7,2,10,8,12,-8,-2,6,-1,-13,15,-10,2,0,0,-13
71/34,0,-2,1,1,4,-5,-2,1,-9,7,3,8,6,8,6,5,-12,1,10,-12,7,-8,0,9,13
17/15,0,0,0,3,4,0,-8,-2,6,-4,-4,10,2,-1,0,-10,11,-12,11,-15,11,11,3,-10,-18
26,1,-2,2,-5,-3,-7,-4,-2,-8,-8,-9,2,7,-1,-4,-4,-13,4,4,15,10,4,3,-15,16
12/13,0,0,1,1,2,-2,2,-2,6,0,-1,10,2,5,11,-7,0,-2,4,-12,-1,11,12,3,18
-29/3,0,0,3,1,4,6,-3,-2,-8,-10,3,-2,-5,-10,12,6,0,4,-14,0,-10,4,-4,6,3
-77/90,0,0,0,1,0,6,2,1,0,9,-5,-5,6,-1,-11,6,-4,4,8,0,-6,13,6,10,10
51/38,0,0,0,3,0,2,-8,-2,6,-2,-7,2,-3,8,4,-2,4,-10,4,4,14,-4,2,-9,-5
2,1,-2,0,1,-1,0,-6,1,6,-7,-6,10,-7,4,4,-6,-2,2,-12,-1,-13,0,12,0,10
23/77,0,2,1,-5,-2,1,6,1,-7,-10,4,-7,6,8,-6,0,6,8,2,4,4,13,10,5,14
34/57,1,0,-3,1,2,6,-8,-2,-3,-3,10,6,-6,2,0,-3,-12,-8,-3,8,-6,-11,-15,-14,-2
7/5,0,-2,0,1,0,-5,5,1,2,9,-1,-1,7,-4,8,0,-7,8,2,0,-5,13,-4,-12,-14
-83/24,0,0,-2,-5,0,-1,-1,-2,-3,-4,3,-3,-4,2,3,0,4,0,2,-15,7,6,0,12,-3
-25/14,0,2,0,-5,6,2,2,1,-3,0,-9,-7,-9,-9,-6,-6,0,-11,10,5,-16,-8,-3,-6,10
-2,-1,2,-3,-5,0,4,5,-2,-8,-1,-4,6,-9,-2,0,-6,6,5,8,-13,-6,-7,-16,-6,-14
-93/20,0,0,0,1,0,-1,2,1,6,7,-10,-8,-7,-10,10,-6,6,4,-14,0,1,-8,4,-14,2
82/81,1,0,-2,3,-3,2,2,1,-8,-2,10,-2,-4,-6,11,-4,0,5,8,4,-13,-4,-4,10,-6
34/57,1,0,-3,1,2,6,-8,-2,-3,-3,10,6,-6,2,0,-3,-12,-8,-3,8,-6,-11,-15,-14,-2
43/66,0,0,-3,-5,-2,-5,-3,1,-3,0,3,11,-6,-1,-6,-10,8,-2,1,-12,2,10,-12,0,8
-3/7,0,0,4,-5,0,6,-6,1,-6,-5,-10,2,2,-6,1,-2,1,-6,9,14,-4,-15,8,2,3
23/11,0,2,3,-5,-2,-5,3,1,-7,10,10,6,-6,-4,13,-2,6,-7,4,-2,2,11,-5,-7,3
-1/4,0,-2,4,-5,0,1,-3,-2,-8,6,1,-7,10,-9,-6,5,4,-2,4,8,-4,15,3,-2,-5
10/9,1,0,0,-5,2,-5,2,1,-9,3,-1,-10,-2,-4,3,9,-4,4,5,13,-16,-4,6,10,3
-83/52,0,2,4,-5,-1,-2,-6,1,-3,0,1,6,7,1,0,-4,-1,10,-3,9,-13,5,0,18,-2
-52/57,0,0,2,-5,4,-7,2,-2,1,2,-4,11,-9,2,0,-10,-13,13,-12,-12,-13,9,12,9,10
-2/3,1,0,0,-5,-2,-5,2,1,3,0,-1,-11,0,7,-6,6,0,6,2,16,4,0,2,1,-1
35/93,0,0,0,1,4,4,5,-2,1,4,2,5,-2,2,-8,-12,0,-5,0,11,-14,8,4,18,-1
-7/31,0,-2,2,1,0,-1,-3,0,6,4,2,-3,0,4,0,-9,-11,2,-12,-15,2,11,10,-8,-5
81,0,0,4,-5,-3,1,-3,1,1,2,10,10,12,4,1,6,6,-11,-7,-8,-13,0,-16,-10,-2
-11/8,0,-2,-2,3,0,2,2,0,-3,-3,10,-1,-6,-1,0,-2,4,-7,2,2,10,-16,15,-14,6
-22/73,1,-2,0,1,0,6,3,0,2,3,-4,-7,-9,2,4,3,9,-10,-12,-5,-6,-9,12,2,-5
-51/79,0,0,4,1,-1,2,-8,1,3,10,-4,-8,-6,4,0,-6,-12,-3,-2,9,0,-8,1,-17,10
56/97,0,-2,-3,1,4,-5,3,1,6,2,-1,5,-6,4,-7,-3,-7,-10,5,-12,-13,1,-6,-3,4
-29/48,0,0,0,0,-5,-5,-3,1,-4,-10,-1,-1,-1,4,-6,-2,1,-5,8,4,-6,-8,-3,12,-6
-61/94,0,-2,4,3,6,2,2,1,0,-5,2,-2,-6,6,3,3,4,-13,-12,8,0,-4,12,1,-12
-7/32,0,2,1,1,4,2,6,-2,1,-5,-2,-1,-3,7,1,6,11,-11,-13,-1,14,-7,1,-12,12
39/8,0,0,-2,-5,0,-7,1,1,6,2,2,-6,10,8,-8,-6,10,1,-12,6,11,-1,4,-1,-7
-79/72,0,0,3,1,4,4,-1,1,1,9,-1,-2,-6,8,4,9,5,-2,12,4,11,4,12,2,8
16/9,0,0,1,0,-2,-1,5,1,1,-4,10,-5,6,4,0,6,2,-13,-4,-4,-4,13,17,-14,13
95/86,0,2,0,1,-1,6,-1,1,3,0,-9,10,-3,-12,0,-3,-2,10,-4,14,-6,-8,-6,-6,-5
5/24,0,0,0,-5,0,-5,-3,0,-3,0,8,10,-3,4,4,-6,-12,6,10,-2,-13,4,0,2,-14
7/73,0,2,2,1,-5,-1,5,1,-9,3,-9,-6,-7,8,-11,1,-14,4,9,-15,-6,-6,0,-7,2
7/40,0,2,0,1,-5,6,-3,-2,6,-1,10,11,-3,-12,-8,6,7,-11,-12,-15,-13,-10,2,-12,2
37/48,0,0,1,-5,-5,6,3,-2,3,-4,-10,-11,-6,8,6,-3,-2,8,-8,8,-2,4,-13,-6,6
91/29,0,-2,1,1,-1,-7,-4,-2,-9,-6,2,-2,-4,9,-6,7,-1,2,-14,-4,14,5,4,-12,-2
-41/40,0,2,0,3,-1,4,-3,1,-8,7,1,10,-4,7,-4,1,10,4,11,5,7,-16,-8,8,-14
41/99,0,0,2,1,-2,2,-4,1,-9,4,3,-8,-4,1,-6,-11,-4,8,-6,12,-4,5,-5,-10,-10
-62/3,-1,0,4,-5,4,2,-6,-2,6,-10,-10,-8,-3,12,-8,11,4,-11,1,4,0,-10,0,6,17
-63/20,0,0,0,1,-3,-5,-3,-2,-8,6,8,-3,3,10,-6,-4,-4,1,-13,2,-8,-8,11,10,-10
-69/98,0,0,-2,-5,-2,-5,-3,1,-7,0,3,10,-4,2,-6,-6,-14,2,-12,6,11,6,9,-2,2
26/33,1,0,-2,0,-2,-7,-3,-2,-8,0,-9,-8,-9,-4,0,-14,4,2,8,-3,-8,4,4,6,2
59/39,0,0,4,1,0,-2,2,1,6,5,10,10,8,-3,3,-2,-12,-4,-10,-4,7,1,-4,12,-2
67/52,0,2,4,1,4,-2,3,-2,-3,9,0,10,12,-6,-1,-2,2,6,-5,-5,14,0,6,3,14
-27,0,0,-3,0,2,6,1,-2,-9,-7,-10,-5,-6,8,4,-4,-4,8,0,0,2,0,10,-15,17
-8/5,0,-2,0,-5,4,2,6,1,-8,10,8,-6,2,8,0,10,6,4,8,-15,-1,-9,14,12,3
75/49,0,0,0,-5,-3,2,2,1,6,4,1,-10,0,5,8,4,6,-1,2,-9,11,5,10,-1,1
31/26,0,-2,4,1,4,-2,5,1,6,0,-10,2,4,-1,-7,-2,1,-1,12,-12,-6,-6,-16,-14,-9
1,0,2,2,0,-5,2,4,0,-3,4,2,8,-6,-6,2,-3,0,10,12,2,-16,0,11,-6,8
76/61,0,2,0,-5,0,6,5,1,6,-4,8,-10,-6,4,8,3,-4,-4,-12,-15,-4,11,6,-13,-3
-37/80,0,2,0,-5,2,2,-3,1,-3,-8,1,-11,-9,10,12,-11,-10,1,-14,14,10,8,-16,-17,-2
27/11,0,0,3,-5,-2,-6,-3,1,-3,9,-7,2,-5,-2,7,1,7,13,-4,6,-1,2,10,10,8
-5/3,0,0,0,3,-1,6,-3,-2,2,-5,10,5,-6,2,8,6,0,-7,-12,3,-6,-6,3,10,2
-5/68,0,-2,0,1,-2,6,-2,-2,-3,3,-7,10,2,-6,4,-3,4,13,-6,-12,-16,-7,-4,0,2
-4/41,0,2,4,-5,4,4,2,1,6,3,3,7,6,4,13,6,13,-10,-6,9,2,8,-3,-1,-6
-33/85,0,0,0,1,0,6,-2,1,6,-7,-1,-10,-4,4,-6,7,0,-7,-10,16,-5,-9,-4,18,-18
3/38,0,0,4,0,4,2,2,-2,4,10,-9,-2,12,12,-11,4,-12,1,5,-1,-13,-7,17,12,-10
-46/29,1,2,2,3,2,0,3,-2,-7,-6,1,-2,-6,5,1,-10,13,8,0,-3,0,8,0,-14,-7
-61/14,0,2,2,-5,0,-5,-4,1,-8,-4,-1,-6,-7,7,-8,9,-12,-13,-3,-3,-14,-15,6,0,-6
-7/43,0,-2,2,1,4,-5,2,-2,6,3,-6,-2,-6,-12,6,-10,2,-6,5,-3,2,-7,2,0,2
-26/87,1,0,0,3,-3,-7,-3,1,-9,-6,-7,6,3,-6,0,1,-3,0,-14,6,6,-15,-1,-10,2
53/31,0,-2,0,1,-5,-5,2,1,-8,-5,2,-7,-9,6,-3,-10,-2,-7,11,12,-13,-4,0,-15,14
-27/5,0,0,0,3,6,-5,5,1,-3,-5,2,10,-1,1,-1,-4,-14,-10,10,16,-14,8,0,10,-18
20/19,0,-2,0,-5,0,6,-1,-2,6,-1,10,-2,-6,6,12,-3,-4,-1,-14,13,-13,4,4,-1,2
-23/40,0,2,0,0,-2,1,3,-2,-7,3,-7,-2,2,-2,4,-2,-1,-13,3,-1,14,13,-3,8,9
-29/54,0,0,1,-5,4,-5,-3,1,-3,-10,1,10,2,-1,-11,-10,0,-7,16,8,-5,-7,11,10,-6
3/16,0,0,-2,-5,4,2,2,1,-6,-7,6,-2,0,-10,6,-4,-13,-13,4,-12,12,-16,-16,10,-14
-1,0,-2,1,1,6,6,3,1,-4,0,1,7,12,10,-8,0,4,0,4,-8,1,8,12,-9,8
-22/17,1,2,2,1,0,2,-2,-2,-9,-8,6,11,-6,0,0,-11,8,4,-2,8,-8,-14,-4,18,-14
-27/41,0,0,2,1,0,-6,4,-2,6,-4,10,-2,6,6,0,6,-9,2,4,-12,-10,-10,16,-6,6
-83/90,0,0,0,1,0,-5,2,1,3,4,2,10,-6,4,6,-3,-4,4,-12,-9,-13,-10,0,6,-14
-80/53,0,-2,0,0,4,4,5,0,-3,4,-6,-3,-9,6,-6,5,13,-2,2,7,-6,-16,-3,-2,-14
-86/57,1,0,0,-5,-5,2,2,-2,3,0,3,6,10,-1,-3,-7,-4,-7,-11,6,-13,1,6,18,-6
13/32,0,-2,2,-5,0,-7,-6,0,0,3,-9,11,0,5,-6,0,-7,1,-5,-9,11,13,0,18,-6
8/45,0,0,0,-5,0,2,-1,1,-3,6,-5,8,-7,-1,-6,0,-5,8,1,-4,-2,-8,3,-1,8
34/35,-1,-2,0,-5,2,4,-8,-2,-4,-2,-2,-7,6,7,12,-14,13,0,12,4,10,-12,-6,-15,10
-12,0,0,0,1,6,2,2,-2,3,-5,10,-7,-4,12,-6,1,-4,-10,2,14,2,9,7,6,-12
-9,0,-3,0,-5,-1,-5,-3,-2,4,7,-1,-6,8,5,-6,-2,-5,-7,-8,0,2,-8,0,1,13
59/16,0,-2,1,-5,-2,4,-4,1,6,7,-7,-1,0,-6,0,9,-12,8,12,-4,-5,-14,-16,-1,-14
85/32,0,-2,0,1,-2,6,-8,1,1,0,1,-7,0,-1,4,-3,0,10,2,6,2,-16,3,10,17
0,0,0,0,1,0,-7,-8,1,-7,-10,-10,-11,-4,-1,-8,-10,-12,-13,-5,-12,-11,4,0,-13,8
29/32,0,2,-2,1,-3,6,5,-2,-6,-10,-4,-7,2,-1,4,-2,-4,0,10,10,10,13,4,-1,-7
-53/88,0,2,1,1,-2,-1,2,-2,-9,-4,1,-7,-9,4,2,-10,-4,-4,5,-9,4,11,4,3,5
-43/6,0,0,-2,0,-1,-5,1,1,1,-5,-4,7,0,-1,13,-4,-12,-5,11,0,-9,5,3,12,-5
95/28,0,-2,0,-5,-2,0,-3,1,-9,0,-1,-5,12,12,-8,6,10,-5,12,-5,11,-8,4,-14,-14
38/13,-1,-2,2,-5,0,-2,3,1,6,2,-1,-7,6,-10,0,9,6,-6,-4,4,-2,4,16,6,-12
5/76,0,-2,0,1,2,-5,1,-2,0,-10,2,-2,1,8,-6,-2,10,2,10,2,10,-6,2,0,-5
-31/25,0,-2,0,0,0,-5,5,-2,-9,6,-10,10,6,7,-8,1,-1,-4,-3,14,-5,4,4,-10,13
-29/37,0,2,-2,3,-5,-5,-3,-2,-6,-10,-8,-8,-6,-12,0,-2,6,-10,-12,8,2,15,7,-10,17
37/19,0,2,-3,1,2,-5,-1,-2,6,-4,0,-11,-4,7,0,1,13,6,2,-1,-11,-15,-7,-1,1
44/43,0,-2,-2,1,0,4,2,1,-6,0,-1,-3,-7,-12,0,-6,6,-7,-10,-15,-4,-15,3,-6,-10
-33/26,0,0,2,1,0,-2,-6,-2,1,4,10,-2,0,8,-6,5,0,-3,-8,6,4,-11,-3,6,8
47/90,0,0,0,1,4,-5,-5,1,3,-4,-5,5,-1,-6,-8,9,-4,-4,4,3,4,13,3,0,12
23/94,0,-2,2,3,-1,6,6,1,-7,-3,1,-2,-3,-10,3,6,-9,-6,3,2,2,-8,-5,-16,-12
-84/59,0,0,1,1,-5,2,5,1,-3,5,-4,10,8,2,10,-2,10,-10,2,6,11,-11,4,-6,-10
-91/3,0,0,2,1,6,-7,5,-2,6,-10,3,-5,-6,2,2,-7,11,8,-14,-4,-10,4,-4,1,10
-85/54,0,0,0,-5,0,1,-8,-2,-8,3,1,-3,6,-1,-6,4,-7,2,-11,3,-5,8,-3,-6,10
11/38,0,2,-2,1,0,0,1,-2,-3,-1,6,10,10,9,-1,-10,-11,8,-6,-9,14,-4,0,10,9
47/23,0,2,2,1,-2,-6,2,-2,0,-8,-4,-1,0,-6,-8,-11,-1,-2,4,7,14,-8,-9,-6,8
-81/29,0,0,0,3,-5,6,-5,1,-8,-6,-7,-11,-6,9,0,6,4,-12,0,6,5,-4,-3,6,-14
-91/82,0,-2,-3,1,2,-7,-6,-2,-6,-3,-4,-2,6,-12,-6,-10,-14,10,8,-12,-6,4,-3,-10,10
-17/20,0,-2,0,3,-2,-5,-8,1,-8,-10,1,8,-3,4,0,-4,1,8,-5,-12,-7,10,-16,2,-2
2/29,1,2,0,1,4,-5,2,1,6,-6,1,-7,-3,-4,-4,-9,-2,-10,2,-4,-5,-14,-3,-12,-14
87/74,0,0,0,1,-3,2,-5,1,-4,-10,0,-8,6,-4,0,6,0,2,-11,6,11,-9,-4,10,-10
3,0,0,2,3,-2,1,2,-2,-8,5,3,-2,3,10,-7,1,5,-5,10,4,-8,-16,0,3,12
60/53,0,0,0,0,-2,-5,-3,1,6,-5,-1,10,-6,-4,4,5,9,-5,-10,0,-13,-7,-16,10,-5
53/20,0,2,0,3,-5,0,6,1,-3,6,-4,5,-6,-2,12,-10,2,13,8,4,1,-8,-16,-1,-18
-15/22,0,0,0,1,-2,6,2,-2,-3,-1,3,8,-1,-1,4,4,-2,-7,12,13,6,10,7,-8,2
89/44,0,2,4,1,-2,2,2,1,-3,-2,-1,10,6,10,-2,-6,6,-7,-10,16,-6,10,12,-13,13
-17/8,0,-2,2,-5,-1,-6,-8,1,6,4,-7,-2,3,-7,8,-2,-1,-11,5,-5,-6,9,8,6,-7
-75/13,0,0,0,-5,-5,-2,-5,-2,-9,0,1,-2,10,0,1,-3,-13,13,8,-4,14,10,0,-14,2
-5/8,0,-2,0,1,0,2,-1,1,6,5,3,-8,6,4,0,-10,-4,8,-8,15,-1,-15,6,12,-2
-37/81,0,0,-3,3,6,-5,2,1,6,4,4,-11,0,8,8,1,0,-4,4,-6,-6,10,12,-12,-10
7/8,0,-2,1,1,4,-1,2,1,-8,3,-4,-11,1,-6,-8,-12,8,-7,4,4,-4,-8,1,10,-2
11/47,0,2,0,-5,0,1,-1,1,3,0,-1,11,-5,6,3,9,6,-5,-12,9,-13,-6,12,-7,-2
48/91,0,0,2,-5,4,-2,-3,-2,-8,-5,2,-2,-3,-6,-11,6,-9,4,-12,-9,2,-1,4,-10,-10
-26/73,-1,2,0,3,-5,-7,2,1,-3,-4,1,2,-6,4,-8,-14,-11,13,0,-1,-6,-8,6,9,-14
5/37,0,-2,0,1,-3,-5,-3,-2,6,-8,6,-8,8,6,0,1,7,1,12,-4,-4,-7,4,1,8
-53/80,0,-2,0,0,0,-6,2,0,4,7,4,-7,1,8,1,-10,0,0,-12,-1,-2,4,-16,0,18
8/27,0,0,1,1,2,-5,5,0,6,-2,-4,2,-6,8,6,6,4,-4,0,-9,-8,-6,7,-12,2
-8/7,0,2,4,-5,-1,2,5,-2,1,5,-8,-7,-3,2,11,-2,2,2,0,13,-13,5,-5,-12,-12
-8/11,0,-2,-2,-5,-2,-5,1,0,-6,2,10,-1,3,7,-8,-11,0,-1,3,9,-4,13,-15,0,12
-19/54,0,0,2,1,0,2,2,1,1,-5,-1,-7,6,-4,-1,-12,-4,0,14,3,-16,-4,-1,-6,6
-37/78,0,0,4,-5,4,-2,5,-2,-3,-5,10,-11,12,-4,0,9,-13,-1,4,-2,-13,5,-4,-8,1
11/86,0,2,2,1,0,1,5,-2,6,-10,-7,-8,0,-12,0,6,-9,5,9,6,2,-14,0,-15,8
-14/11,-1,-2,2,1,-2,6,-3,1,-3,-2,1,6,-5,6,-7,6,-4,10,-14,-15,12,-8,-13,-14,-14
82/43,-1,2,1,-5,2,2,5,1,3,10,3,2,-4,-12,-7,5,-7,-1,-8,4,-6,10,2,0,-18
-61/60,0,0,0,-5,-5,6,2,1,-8,9,0,10,0,-1,0,-2,6,-13,-3,10,8,2,-4,3,8
13/5,0,-2,0,-5,4,-7,-5,-2,-8,7,0,-5,-3,4,-8,-2,-4,-1,5,-15,2,8,6,-3,2
-7/16,0,-2,-3,1,-2,0,1,1,-3,-4,8,-7,-6,-1,-4,3,0,-4,-10,12,10,5,-9,-7,11
-39/76,0,0,0,-5,2,-7,-1,-2,-3,6,-9,7,0,5,4,-6,6,8,0,-12,7,6,-3,3,-12
16/81,0,0,0,-5,-3,2,-3,-2,-3,6,-5,-10,6,-7,12,1,9,13,-2,14,-13,-14,1,-6,8
15/67,0,0,0,1,-3,2,-6,-2,0,0,3,-5,12,-4,0,2,-12,-2,0,0,14,-14,-4,-8,-13
16/47,0,-2,2,1,0,0,-3,1,-6,-5,2,-7,-4,-1,3,-3,-4,2,4,16,-9,12,-4,3,0
76/41,0,-2,0,0,-3,6,-5,1,-8,4,-1,-5,6,2,-7,6,6,-7,16,14,-11,-7,-3,1,12
-2/17,-1,-2,1,-5,4,-6,-2,0,6,-4,-5,2,-3,-4,3,1,6,2,-14,11,7,-6,-16,0,-7
58/3,-1,0,0,3,-5,0,-3,-2,0,-10,-5,10,-2,2,-6,-4,0,0,-11,2,10,13,8,-14,-8
-35/29,0,-2,0,1,2,2,1,1,-8,-6,-6,-7,6,0,-6,-2,-9,-5,12,-5,-1,-15,4,-17,9
65/84,0,0,0,-5,-2,-7,2,0,1,-5,1,-7,-6,-9,0,-6,-4,10,-14,3,-4,6,-6,-1,8
-19/22,0,-2,-3,1,-2,-5,2,1,-9,4,-5,-2,-6,2,0,6,0,13,9,5,-1,-14,-4,-1,-6
38/15,1,0,0,3,-3,-6,5,1,-3,-10,8,-2,6,-7,6,0,0,4,2,10,2,6,16,5,-5
74/19,-1,-2,4,-5,-5,-5,2,-2,-6,10,1,-11,-3,-2,0,6,0,-11,0,-9,4,13,-12,-14,-5
-27/77,0,0,1,-5,-2,2,2,-2,3,2,1,-6,-4,10,13,-11,2,2,11,-15,4,-14,14,-14,18
-31/75,0,0,0,-5,6,-6,5,1,4,-4,-10,-1,-7,4,8,-3,-10,1,4,-8,7,9,-1,12,9
16,0,2,0,1,4,1,3,1,-6,4,4,-5,6,8,-11,6,6,10,5,13,-5,8,-3,-1,-6
8/67,0,-2,1,1,0,-5,-4,1,-9,-5,-1,-7,0,1,-6,1,0,-10,0,-13,12,0,4,-14,18
31/32,0,-2,-2,1,-1,1,-1,-2,2,7,-10,-5,-2,2,0,-6,-11,2,1,0,-13,11,7,-15,-2
-1/71,0,2,1,1,-1,0,5,1,3,7,-2,-7,2,1,0,11,-1,1,4,4,-8,-12,0,-8,-18
-17/11,0,-2,2,0,-2,0,-8,-2,3,0,-8,-7,8,-6,0,-4,-11,-13,-14,4,-11,-11,4,0,-10
-7/3,0,0,4,1,4,0,-4,1,-3,-5,-1,-5,6,-12,-3,-11,-3,6,8,-9,2,2,-3,2,-6
70/19,1,2,0,1,2,1,4,-2,-8,6,-1,6,6,9,0,-4,-4,-7,-2,8,6,-6,-3,-9,10
96/67,0,0,0,3,0,-1,-5,1,-8,4,-9,10,10,-1,-2,-9,6,10,0,-9,2,6,-16,10,3
-24/43,0,0,3,-5,-1,6,2,1,6,3,-4,5,-4,-12,12,5,-9,-10,12,-5,7,12,-9,-1,2
-37/77,0,2,1,-5,-2,4,5,0,0,-3,3,-11,8,7,-11,3,0,10,10,8,7,-14,1,12,9
-9/4,0,-3,1,3,2,2,-6,1,-3,-4,-8,10,6,6,-2,-9,-12,13,3,-15,-5,-8,12,6,2
-83/81,0,0,3,1,-3,6,-3,-2,6,0,-7,-8,-6,12,4,-11,-11,-1,0,4,-2,-7,0,-6,-8
-65/93,0,0,0,1,0,-7,5,1,0,2,2,10,8,10,-6,-7,-4,8,5,-15,2,0,-1,6,-10
-43/34,0,-2,-3,0,-5,-6,-2,1,-8,5,-9,10,-6,-1,0,3,6,6,3,3,2,-16,-7,-12,-2
39/86,0,0,1,1,0,-7,2,1,-3,3,-8,-1,6,-12,2,-10,1,-13,-6,-15,-8,-1,5,-1,8
25/79,0,2,0,1,4,6,-1,1,4,6,-9,-2,-3,8,8,1,6,5,-12,10,-13,-8,10,3,-2
93/89,0,0,-3,1,4,6,-6,-2,-3,5,-10,-2,6,12,11,9,11,-11,4,-4,14,13,3,-8,5
-72/65,0,-3,0,1,2,-2,1,-2,6,-1,2,-2,-6,7,-6,7,-4,1,-5,10,7,12,-6,3,2
-3/2,0,0,0,1,-3,-5,1,1,6,9,-1,-2,-3,4,3,-2,2,1,-12,-12,4,11,-16,4,2
2,1,-2,0,1,-1,0,-6,1,6,-7,-6,10,-7,4,4,-6,-2,2,-12,-1,-13,0,12,0,10
-9/58,0,-3,0,1,0,-5,-5,-2,-3,-6,1,2,7,12,-8,-4,11,-5,12,8,-4,-8,0,1,18
-1/91,0,-2,2,-5,4,-2,2,1,-3,6,4,10,8,-6,-11,1,10,2,14,-15,-6,10,3,6,-2
-44/21,0,0,0,-5,0,2,-5,1,-4,7,1,-8,0,4,-6,6,-13,-13,12,0,2,13,-16,3,12
25/18,0,0,0,0,-1,-5,-3,-2,6,5,1,-11,-1,10,-1,-9,4,5,8,6,2,-16,4,-6,-1
-3/70,0,0,0,-5,-1,0,1,-2,-4,6,10,-5,-1,-10,12,-2,0,-11,4,4,-16,-14,5,0,0
87/31,0,0,0,0,2,6,2,1,6,-10,2,-8,6,-4,0,-4,4,-7,-14,8,4,6,2,4,-18
39/49,0,0,0,-5,6,-7,-5,-2,-3,6,-4,-1,10,7,-6,-4,-2,5,2,3,8,-8,-8,12,-5
-60/19,0,0,0,1,0,1,-3,-2,-3,-4,-5,-6,12,0,-3,6,-9,-7,0,16,-16,0,-3,-9,1
29/56,0,2,2,-5,4,-5,3,1,-9,-10,-8,-2,8,-9,0,-2,0,1,0,-4,-10,-8,12,6,2
-21/50,0,0,0,1,-1,-5,-3,-2,1,0,-7,-11,6,4,10,9,6,13,-14,2,-10,-7,0,-14,18
72/59,0,0,-2,3,4,2,-4,-2,6,3,2,-5,-5,-1,12,0,10,2,-8,4,-6,13,16,10,-14
13/83,0,-2,0,0,-3,-7,-6,-2,-9,-2,-1,-7,0,-4,-2,-12,5,-11,-4,6,-10,-8,-16,18,14
-23/3,0,0,2,-5,4,2,5,1,-7,-7,-9,-2,1,8,-6,6,6,-2,4,13,-6,-4,1,-2,-12
-13/86,0,2,2,-5,-5,-7,-3,1,2,9,-2,10,-9,-12,-11,-6,-7,-10,1,-3,1,-10,2,12,-7
11/32,0,2,-3,0,0,-5,2,-2,4,2,3,-7,-6,10,10,-6,2,-3,8,6,7,9,12,-10,-1
-1/3,0,0,-2,1,4,-5,5,1,-3,3,1,-8,0,-7,-11,-3,0,-11,-11,-9,4,4,-8,1,-2
5/81,0,0,0,3,-3,-6,2,0,6,-2,-4,-1,-5,10,-6,4,0,-1,14,7,0,8,4,12,-6
-39/35,0,0,0,-5,0,-7,6,-2,4,-5,-4,8,0,8,-6,-9,11,10,-12,6,10,8,4,1,12
-53/74,0,-2,2,1,-2,2,5,-2,-8,9,-2,-8,-7,12,12,-10,-12,-2,-12,0,-14,-14,12,10,-9
-19/37,0,-2,0,0,0,1,2,1,-4,2,-6,-8,2,-3,-11,-2,-7,-3,8,-5,4,10,-16,5,14
24/17,0,0,-2,0,-3,-6,-2,-2,-9,-1,4,-2,12,4,-6,6,-5,-1,-10,-15,-4,-11,12,1,-9
-5/3,0,0,0,3,-1,6,-3,-2,2,-5,10,5,-6,2,8,6,0,-7,-12,3,-6,-6,3,10,2
-34/63,1,0,3,-5,-3,-5,-8,-2,-8,0,-4,-6,8,4,8,-2,-2,-3,2,3,-4,-6,10,8,8
35/32,0,2,0,1,0,-5,-3,-2,-3,-7,-10,-6,4,-9,-3,6,-14,-5,4,-12,0,-16,-16,8,-10
-65/28,0,2,0,-5,-1,-7,-3,1,6,6,2,7,-6,4,-6,-2,6,4,1,8,14,1,16,-9,-6
-2/69,-1,0,2,1,-2,-6,5,-2,0,9,-9,-6,-6,4,0,-11,-4,-2,4,2,-8,8,9,6,-6
40/31,0,2,0,-5,-1,-5,5,1,-3,7,2,10,0,7,0,1,0,-10,5,-8,11,-6,9,-6,8
1/2,0,-2,0,-5,2,6,-4,-2,1,6,4,-5,12,-2,-8,-2,-14,4,-10,7,-8,1,-4,6,5
-16/17,0,2,0,-5,-5,-1,-2,1,6,4,1,5,4,4,-6,-10,4,-6,10,-9,14,6,-3,6,2
-94/95,-1,2,0,0,4,-1,5,-2,3,10,0,6,-6,1,-8,-4,7,13,12,-1,7,-1,4,-17,2
2/13,1,-2,1,-5,-5,-2,-3,1,-3,-10,-2,-2,-6,4,7,-2,2,-2,-6,3,-2,9,-4,-3,-6
1,0,2,2,0,-5,2,4,0,-3,4,2,8,-6,-6,2,-3,0,10,12,2,-16,0,11,-6,8
43/25,0,2,0,1,4,-1,3,1,6,4,-4,10,-6,-1,1,6,6,4,-8,11,0,12,14,10,-2
5/78,0,0,0,-5,4,-2,-4,1,-8,6,1,6,8,4,13,-11,6,1,4,-3,-16,-1,12,-7,12
4/71,0,-2,1,-5,-2,-5,1,-2,6,6,-4,10,-7,4,-6,0,-1,1,12,4,-6,12,-8,-14,8
-1/8,0,2,2,1,-3,-5,-6,-2,-4,-10,-9,5,-6,8,0,-11,6,8,8,0,7,-15,3,10,0
77/25,0,-2,0,1,0,2,3,1,0,-5,-9,-7,6,-2,4,-4,-2,2,-10,15,11,-4,2,10,-18
36/37,0,0,2,-5,0,-5,6,1,-9,3,6,-8,8,4,1,-9,0,1,-4,-12,1,13,1,-10,-14
-11/17,0,-2,2,0,0,6,-2,1,-8,9,3,-3,8,-12,-6,6,2,-1,5,0,-10,-1,-3,-6,18
-4/3,0,0,3,0,2,1,-1,1,4,-10,-5,10,7,-1,-10,-12,-4,-10,4,-6,12,8,16,-16,-1
-6/19,-1,0,2,3,-1,6,2,-2,-3,-10,4,-7,-5,7,0,-9,11,4,2,0,-13,-14,4,-6,-6
27/47,0,0,0,-5,0,-5,-5,-2,0,4,1,7,6,-3,3,-9,-12,-1,-12,-12,-1,-6,1,-15,-14
-25/26,0,2,0,1,-1,-2,4,-2,3,-10,-5,-7,-4,-1,6,11,-12,1,3,15,-13,4,14,-14,3
-17/16,0,2,0,1,-5,1,-8,1,-3,-5,-4,6,-7,8,-6,6,0,6,12,14,5,6,10,-14,-12
39/41,0,0,1,3,0,-7,-3,-2,2,-2,2,-5,6,4,0,6,-4,-13,-12,8,-11,4,2,0,1
48/35,0,0,0,-5,-1,2,2,-2,0,-5,3,10,-2,4,-6,-3,6,4,-12,-6,-6,8,12,6,11
27/64,0,0,3,1,-2,6,-5,1,-3,3,-4,8,-3,-9,13,1,-4,-1,-8,-4,-13,-10,2,10,8
25/41,0,-2,0,3,6,-6,-5,1,6,3,10,-10,6,4,-6,2,-11,10,3,-5,-10,4,-10,18,-19
-59/79,0,2,1,1,0,-6,1,1,-3,4,-6,-2,1,4,-3,0,-12,8,5,-3,-13,-8,-16,-12,-3
24/25,0,0,0,1,0,0,2,1,1,2,-9,6,-3,-1,-11,-4,0,6,2,-3,-7,-10,0,-6,-2
89/83,0,2,-2,1,-1,2,5,-2,6,3,10,2,-9,10,6,-11,6,1,6,-3,7,8,-16,-13,-18
-93/59,0,0,-3,-5,4,-1,3,0,3,2,-10,-2,-4,-1,-1,-9,10,10,8,-12,2,-15,-1,10,-12
4/27,0,0,0,3,-2,-5,2,-2,-3,-1,1,10,-4,-9,0,6,6,2,8,-1,-10,5,-16,4,-7
-15/7,0,0,0,-5,-5,-1,-1,1,3,-7,-1,-5,-2,-1,-6,5,7,13,-14,-12,4,4,6,-6,-2
-36/67,0,-3,2,-5,0,-5,-6,1,6,-2,1,-2,0,4,0,-7,-7,0,0,13,11,-16,2,12,8
-36/73,0,-3,3,1,0,0,2,1,4,6,-1,7,-5,8,-8,-4,0,-6,-14,8,-6,5,-5,-14,2
23/14,0,2,3,-5,-3,2,5,-2,-7,-5,-9,7,4,-6,12,5,0,1,5,-4,-4,4,-8,-17,-1
-32/33,0,0,4,1,-2,2,5,-2,2,0,0,-2,-5,1,6,-2,13,-11,-11,-4,7,10,-16,-15,5
46/91,1,2,4,-5,0,-2,-6,-2,-7,-8,-1,-1,0,6,-11,-14,-12,8,-12,0,4,-4,0,-14,-12
-43/50,0,2,0,1,-1,0,-4,-2,6,0,2,-6,-6,-1,0,-11,-9,-2,4,-6,-4,4,12,1,17
59/8,0,2,-3,3,2,-1,4,1,-6,4,10,-8,-2,4,0,-2,-12,-2,4,-12,-14,5,16,10,-3
59/41,0,2,1,-5,2,2,-5,-2,6,-5,-5,-11,6,6,0,-4,-12,0,9,2,-9,6,6,12,11
-65/73,0,2,0,-5,0,-7,-3,1,-3,6,3,-6,-4,2,0,6,1,-11,12,4,-6,2,6,4,-1
33/71,0,0,-3,-5,0,6,5,0,-3,6,-1,2,-6,9,11,1,-4,-1,8,4,-14,-6,-4,-10,8
1,0,2,2,0,-5,2,4,0,-3,4,2,8,-6,-6,2,-3,0,10,12,2,-16,0,11,-6,8
-59/8,0,-2,0,-5,4,-5,3,-2,3,-10,3,-7,6,-2,3,-2,-12,-1,12,-3,-14,8,0,-15,-19
-30/47,-1,0,0,0,-5,-6,3,-2,-6,-5,-6,-10,-5,-7,3,-7,-4,1,-14,3,-4,4,-5,6,8
-45/16,0,0,0,1,-1,4,5,1,-3,0,3,10,10,8,12,-2,8,10,6,-6,-14,-6,1,2,3
3/76,0,0,2,-5,0,-5,5,-2,3,-4,-4,-7,6,-1,8,-4,-2,-10,12,6,-16,8,8,12,18
-41/42,0,0,0,-5,-3,-5,2,1,-6,-5,4,2,-4,-2,-6,-4,-4,-2,2,-3,-10,6,11,-1,13
21/65,0,0,0,1,-5,-2,-1,1,1,5,2,-5,1,10,6,-3,13,8,5,-9,-2,11,0,6,2
1/6,0,0,4,1,-1,4,2,1,0,-4,-9,-1,-9,-10,-6,10,0,8,4,10,2,11,-3,8,-2
0,0,0,0,1,0,-7,-8,1,-7,-10,-10,-11,-4,-1,-8,-10,-12,-13,-5,-12,-11,4,0,-13,8
-9/14,0,0,1,-5,0,-5,2,-2,-3,-10,6,10,-6,2,-6,1,6,-13,8,-9,2,-5,8,-15,-14
65/79,0,-2,0,0,4,-7,-4,1,6,10,-6,10,-2,10,-6,6,0,8,12,-4,12,-8,14,-12,13
-27/80,0,0,0,-5,-1,-6,-6,-2,6,-5,-1,2,-3,-1,-8,0,-12,-1,-10,-12,-2,0,15,3,-2
35/31,0,-2,0,1,6,6,5,-2,-3,5,2,-7,-6,9,0,-6,-4,-1,14,-12,7,1,12,6,-14
6/7,1,0,-2,-5,-3,6,-3,1,4,-4,1,-7,-5,8,0,6,-4,-1,8,-5,-14,10,6,-9,-8
-5/84,0,0,0,-5,-3,2,2,1,-3,0,-10,10,-6,0,-8,1,-4,-5,-3,13,2,8,-16,-6,2
15/23,0,0,0,-5,-3,-5,5,1,0,-5,-6,-6,1,-4,0,-4,0,5,4,4,-6,8,3,6,-12
42/31,-1,0,3,1,-5,4,2,-2,3,0,2,-6,-5,-6,-6,-2,2,-5,-3,9,1,4,-11,-1,-7
62/87,1,0,2,1,-3,-5,2,1,2,-6,-10,-5,0,-10,-6,-11,6,-12,4,3,-10,9,3,-16,1
2/45,1,0,0,3,-1,-1,5,-2,-8,4,-5,-6,12,-6,-8,5,-12,8,8,-5,10,-6,6,6,-3
-47/67,0,2,2,-5,0,-1,-3,0,1,-1,3,-8,6,8,-8,6,-9,1,0,4,-14,8,12,6,2
20/11,0,2,0,-5,-2,1,-3,-2,2,6,1,-7,0,4,0,11,0,13,-7,-9,4,4,1,6,-14
66/65,1,0,0,-5,0,-2,6,-2,6,-8,-1,-2,0,10,-6,-11,-9,2,-10,-5,-4,-16,-4,0,-2
23/31,0,-2,-2,3,4,0,5,-2,-7,-8,2,11,10,8,0,-9,10,-1,5,-1,-1,9,-6,-6,-6
-56/19,0,2,2,1,-3,-5,-5,-2,4,2,0,7,10,12,4,-9,-7,-10,9,10,-6,-7,1,18,2
2/87,-1,0,4,3,0,-6,4,-2,6,-6,1,-2,6,4,10,-2,-4,2,-3,13,7,-11,-4,-9,-6
75/94,0,0,0,-5,4,6,2,0,-8,3,-9,10,0,-1,3,9,0,8,0,4,11,-5,-15,8,-7
48/41,0,0,2,0,2,4,-6,1,6,-2,3,-8,6,-10,8,-6,-7,-8,6,-15,4,-10,-5,-9,-2
14/23,1,2,3,1,-2,-5,-3,-2,0,-5,6,7,-7,4,11,-6,6,8,4,11,10,15,16,9,2
-1,0,-2,1,1,6,6,3,1,-4,0,1,7,12,10,-8,0,4,0,4,-8,1,8,12,-9,8
10/31,-1,2,0,0,2,0,-3,1,3,-4,2,5,12,6,0,-2,-10,-11,4,8,-10,15,0,-1,-3
-11/5,0,-2,0,1,0,1,-3,-2,3,0,-10,-7,1,9,-4,3,6,-2,4,10,2,-10,3,-14,-18
68/59,0,2,0,-5,2,-6,-8,1,3,10,-4,-6,-7,9,6,6,10,-1,8,-3,-5,5,17,10,-12
-23/90,0,0,0,1,4,2,-4,1,-7,-7,10,-11,-2,2,0,6,-12,-13,4,-8,-11,-4,10,-6,-1
-82/7,1,-2,1,-5,-3,-5,5,-2,6,0,6,-7,-4,-10,-8,-9,6,-6,-14,-15,7,-15,9,-6,-6
-78/5,1,0,0,-5,-1,-7,5,-2,1,-2,3,2,8,-10,3,1,1,-5,4,-4,1,8,11,6,13
11/50,0,2,0,-5,0,2,-5,1,-4,-3,3,6,-3,4,-6,-2,-7,0,5,4,-5,-6,-8,0,-7
-13/15,0,0,0,0,4,-7,5,1,-6,5,-9,-7,12,4,-6,-6,0,-7,-14,-3,-6,15,12,10,-2
-23/38,0,-2,1,-5,-1,2,1,-2,-7,7,1,2,0,-3,1,-6,-4,10,-3,3,7,5,16,18,1
13/35,0,-2,0,-5,-5,-7,-3,1,-8,6,3,-8,8,-10,-8,-2,6,8,5,-9,5,-4,-16,-17,-7
-85/83,0,2,0,0,2,-1,-8,1,1,3,-2,10,-6,-7,-8,-10,0,-2,1,-1,0,11,-16,1,-2
4/5,0,-2,0,-5,-2,-6,5,1,6,-3,2,5,8,-6,-3,-9,0,13,-12,-2,7,-8,12,18,9
78/11,1,0,-3,1,-2,-7,-3,-2,-3,6,-2,-10,-7,7,6,3,-5,-8,12,8,2,4,1,-9,-2
-19/3,0,0,0,3,-5,4,2,1,-3,9,-10,-1,12,12,0,6,13,10,5,-15,-4,-11,6,3,16
-85/71,0,2,0,1,4,2,-8,-2,-3,-10,-7,-5,-5,4,-6,6,-4,-8,-10,4,11,-14,-3,-14,-6
-15/13,0,0,0,0,0,-2,-3,1,-3,10,6,5,-7,-2,-6,9,-7,-1,11,-7,-2,10,-4,-10,13
32/19,0,-2,2,-5,-3,2,3,-2,-3,7,10,11,1,-1,11,-10,-9,1,2,5,-10,-12,4,-12,-7
0,0,0,0,1,0,-7,-8,1,-7,-10,-10,-11,-4,-1,-8,-10,-12,-13,-5,-12,-11,4,0,-13,8
17/19,0,-2,3,1,0,-5,-8,-2,-3,6,-9,-10,6,-10,-6,-4,6,-2,8,12,-6,-9,-3,1,14
-85/48,0,0,0,0,0,-5,-8,0,-3,2,-9,7,2,-1,6,6,6,8,10,11,-4,-15,6,-1,8
-44/17,0,-2,3,-5,0,0,-2,-2,-3,2,3,-2,-5,2,8,5,-10,10,8,-15,11,8,10,12,18
-7/62,0,2,2,1,6,4,-3,-2,-3,7,2,-5,0,4,1,-9,-3,-12,2,8,-10,-4,-4,3,2
12/17,0,0,0,-5,-1,1,-2,-2,-8,0,-1,6,6,-1,6,-3,-7,-2,3,5,-9,-12,12,-6,8
-4/27,0,0,-3,-5,0,-1,2,1,-4,-7,2,-6,-6,7,11,-2,-3,-11,-3,4,4,6,4,0,-2
-35/16,0,2,0,1,-3,2,4,1,-3,-2,1,2,7,-2,0,4,-9,0,-12,8,4,-1,0,1,-6
77/15,0,0,0,1,0,-6,-3,-2,-4,0,2,-2,0,12,4,-2,-4,-6,5,2,-4,8,3,-8,-1
-47/33,0,0,0,1,-2,2,-3,-2,-6,10,1,-2,-1,4,-8,-7,-1,8,-13,-9,-8,5,6,-6,2
-33/68,0,0,1,1,0,0,-2,1,6,-5,1,-11,-6,4,13,3,6,-13,-10,-5,-13,-16,12,0,-6
-41/54,0,0,4,3,0,6,-4,0,-3,5,-5,-2,-4,12,0,0,-1,10,8,15,11,5,10,1,10
-96/97,0,0,3,-5,-3,2,-4,1,-3,-7,2,-6,10,10,-6,1,-4,8,4,15,6,10,2,6,4
-67/38,0,2,0,0,-1,0,-3,-2,-8,0,8,10,-5,-2,0,6,4,-3,-5,14,-6,6,3,-10,10
71/40,0,-2,0,3,4,-6,-4,-2,-3,-5,2,7,-1,2,4,3,0,-1,-3,-12,11,-16,-3,6,2
16/33,0,0,0,1,-2,-6,4,1,-4,-2,-1,5,-9,8,11,-2,-4,1,-14,3,-13,-9,0,-1,-5
59/67,0,-2,0,1,-3,2,-4,1,-3,9,10,10,-9,9,4,6,-12,-11,0,4,-13,13,-3,-16,1
46/45,-1,0,0,1,-1,6,5,1,-7,0,-8,-2,8,1,-8,-12,6,-11,11,-15,11,6,-4,3,17
4/3,0,0,3,1,4,2,1,-2,-3,4,-1,2,2,6,0,3,-2,-10,-2,6,4,-8,8,18,13
-44/7,0,2,-2,-5,0,1,4,-2,-4,-7,2,7,2,-4,1,-10,0,-1,-12,0,-11,-5,-3,-12,2
-1/6,0,0,1,0,0,0,2,-2,-9,-3,-5,-1,-3,8,8,-2,9,-2,12,14,12,6,6,-6,-6
85/3,0,0,0,-5,6,4,-8,-2,-3,0,10,-5,-6,-7,0,1,0,13,8,0,-6,0,10,-16,-1
54/67,1,0,-3,3,6,2,2,-2,-9,-4,8,-11,12,-1,0,3,-4,-1,0,3,2,8,0,-12,10
-33/53,0,0,2,-5,0,-6,-4,-2,-3,-3,-1,-6,4,-6,-6,5,10,-1,2,-12,-6,15,3,-12,-2
54/11,1,0,2,3,-2,6,-3,-2,3,-8,10,-2,-1,-6,3,6,-2,10,12,4,-13,-16,1,-10,5
-13/87,0,0,2,-5,-1,-7,-6,1,-8,-6,-4,7,-7,6,3,-4,0,8,4,-7,2,13,0,10,10
-5/4,0,2,0,-5,4,0,2,-2,-6,-4,-1,-2,8,12,1,0,-4,10,-2,0,-2,-14,0,-1,6
85/64,0,2,0,0,4,-6,-8,1,2,3,-9,-5,-3,4,12,-2,-7,13,-14,-13,12,1,5,5,11
24/13,0,0,-3,-5,-5,-2,5,1,-6,9,-5,7,-6,-4,-6,6,-1,8,2,-15,-13,-10,2,-6,-10
9/58,0,0,-3,0,-2,-5,5,1,6,-6,-8,10,2,6,-6,-4,-5,-6,4,2,11,-15,-4,-8,1
41/14,0,2,1,-5,6,0,-4,-2,-8,-4,-1,-3,-4,-4,1,-4,-12,10,-2,-12,-1,-6,16,-2,-1
-14/93,1,0,0,1,2,-6,5,-2,-3,-5,2,-7,-5,-2,8,11,0,-4,5,-15,-13,8,-6,2,1
-51/94,0,0,4,-5,0,-1,-8,-2,-3,4,3,-2,1,10,3,-2,0,-13,3,-15,-13,5,-4,18,-7
89/72,0,0,-3,1,-1,-1,4,-2,-4,-2,3,10,4,4,0,-2,-7,-6,-8,-3,2,10,0,-13,2
-8/5,0,-2,0,-5,4,2,6,1,-8,10,8,-6,2,8,0,10,6,4,8,-15,-1,-9,14,12,3
-45/83,0,-3,0,3,0,-5,2,1,-3,-2,-1,-3,0,9,1,-2,10,8,6,0,-7,-16,-16,-1,-5
47/69,0,0,0,1,-5,0,-3,1,0,0,-1,6,8,4,-8,1,-10,-3,9,10,-2,-4,-7,10,-5
-11/29,0,-2,0,3,0,-5,-4,1,6,-6,-8,-1,-6,-4,0,-6,6,-3,-6,6,-2,-6,16,18,-2
-34/21,-1,0,4,-5,-5,6,-8,1,-8,-8,-1,-5,-6,-4,0,-9,6,-2,-14,3,-2,15,12,6,12
16/35,0,-2,0,-5,0,-1,3,0,-3,6,-10,6,-1,-2,-10,-7,0,8,12,-15,-10,-10,-8,3,14
5/4,0,-2,0,3,-3,4,2,1,3,2,-5,6,8,-12,1,1,6,2,0,3,14,10,4,12,-9
-51/94,0,0,4,-5,0,-1,-8,-2,-3,4,3,-2,1,10,3,-2,0,-13,3,-15,-13,5,-4,18,-7
-5/26,0,-2,0,1,4,-2,1,1,2,0,2,-11,-6,-6,0,6,0,4,5,-12,-13,-16,0,-16,10
36/47,0,-3,0,3,-5,4,-3,1,-3,-7,1,10,1,4,3,7,6,2,8,-12,-16,5,12,5,8
74/71,-1,2,1,-5,2,-5,-6,1,4,0,-1,-11,-6,-6,0,6,6,-3,8,4,-7,8,-7,18,-18
91/30,0,0,0,1,6,-7,1,-2,-3,-2,-6,-11,-4,-10,8,-4,4,10,-12,-7,-4,-10,4,6,-6
-8/7,0,2,4,-5,-1,2,5,-2,1,5,-8,-7,-3,2,11,-2,2,2,0,13,-13,5,-5,-12,-12
5/12,0,0,0,0,4,-5,3,1,6,-1,3,-7,-6,-1,4,-6,-7,-11,8,14,-2,11,-1,-15,-12
95/31,0,-2,0,1,-1,-6,-3,1,-3,-2,2,-2,-1,-4,0,-2,-12,8,-10,12,6,4,-5,-14,2
-5/6,0,0,0,-5,-5,2,-6,1,-8,-2,-7,-6,1,6,0,6,11,-4,2,-5,7,-6,5,-17,-4
90/43,-1,0,0,1,0,1,-1,1,-6,2,1,-2,-5,-12,2,-2,-10,-13,3,10,-13,5,12,1,2
-76/29,0,2,4,0,0,-5,2,1,6,-6,2,-6,6,6,-8,0,0,-2,-12,-15,2,10,3,2,-2
-1,0,-2,1,1,6,6,3,1,-4,0,1,7,12,10,-8,0,4,0,4,-8,1,8,12,-9,8
0,0,0,0,1,0,-7,-8,1,-7,-10,-10,-11,-4,-1,-8,-10,-12,-13,-5,-12,-11,4,0,-13,8
-25/21,0,0,0,-5,-2,-5,5,1,-3,3,10,11,8,8,4,3,-2,-12,-12,7,8,15,3,6,18
61/37,0,2,2,1,4,0,-4,1,2,-2,-5,-8,-5,4,-6,-4,6,-13,-13,-4,0,-8,2,-14,8
41/3,0,0,-2,1,6,-5,-3,0,2,-2,-2,2,-4,7,0,-6,0,8,-5,-12,-10,1,6,-4,12
-32/83,0,-2,4,-5,-1,-5,3,1,-3,-5,-4,-2,8,-4,4,-10,-4,-12,8,-3,10,6,-16,9,-6
43/65,0,-2,0,-5,-5,-2,2,-2,6,-7,-10,-11,-3,-1,12,6,-7,4,-8,0,2,15,-4,-9,-2
-10/17,-1,2,0,1,-1,-5,-2,1,-8,-2,-1,-5,-6,8,-11,-3,0,-5,-13,-3,-13,0,-3,2,-12
-79/87,0,0,-2,-5,-1,2,2,-2,6,-6,-1,10,-6,8,-6,1,13,-13,14,-15,-4,4,11,-6,10
-15/19,0,0,0,-5,4,-5,4,-2,-8,4,-5,10,10,-4,11,-6,0,-8,4,14,-14,-11,10,-14,14
31/83,0,-2,3,-5,4,2,-1,1,-8,3,-10,-11,-1,-1,4,-10,0,1,3,0,-11,9,-16,-14,-9
-7/18,0,0,2,1,6,-1,-1,-2,2,-1,-1,2,-1,4,0,-11,6,-5,3,2,0,-1,-16,12,-12
51/38,0,0,0,3,0,2,-8,-2,6,-2,-7,2,-3,8,4,-2,4,-10,4,4,14,-4,2,-9,-5
94/11,1,-2,1,1,-2,-5,1,1,-9,-1,8,-7,6,-9,-8,-4,-14,-5,-4,-2,-2,11,11,-14,6
-91/79,0,-2,4,1,-3,-7,4,-2,3,6,-1,-8,3,-1,0,-4,6,-7,8,-9,-13,-8,12,6,-2
44/37,0,-2,-3,0,0,-5,-4,-2,-3,7,-4,-8,-4,8,12,-4,6,-10,10,8,2,-10,-4,6,-3
-12/19,0,0,0,1,-3,4,5,-2,-8,6,2,10,6,-2,1,-2,0,-1,-14,-9,2,8,-16,6,-6
16/9,0,0,1,0,-2,-1,5,1,1,-4,10,-5,6,4,0,6,2,-13,-4,-4,-4,13,17,-14,13
62/29,-1,2,2,1,-5,6,-3,-2,6,-6,-10,-7,-4,-7,0,1,0,6,5,8,-2,4,2,0,9
3/43,0,0,4,3,0,-5,-5,1,-4,2,-1,-5,-7,-12,7,-7,13,-2,8,2,-13,10,12,-6,17
16/3,0,0,-2,3,0,2,5,1,-3,6,-9,-6,-3,5,0,-4,-7,-1,4,6,-2,-14,-10,9,17
-85/74,0,2,0,-5,6,-5,-8,-2,2,4,3,-8,7,-4,-11,-3,-14,4,2,3,2,-4,0,1,-19
-7/97,0,-2,1,1,0,2,5,1,-8,-5,6,-5,-6,9,-3,6,-1,10,-12,-12,7,-1,4,6,4
51/20,0,0,0,-5,-1,4,-8,-2,2,-2,2,-10,12,4,11,-4,10,8,4,-8,4,10,14,-3,-12
-66/29,-1,0,4,-5,0,-5,2,0,1,-6,-6,7,7,-6,-6,6,-14,-3,4,-9,-10,-1,1,-13,-5
-95/61,0,2,0,1,0,2,3,1,-3,6,-6,10,7,8,4,6,2,-4,-13,-9,11,15,-4,-14,17
-17/21,0,0,-3,-5,2,-6,-8,0,-4,9,3,-2,-9,5,-6,-11,-2,-1,4,-9,2,0,14,12,2
-32/25,0,2,0,1,-3,-6,-3,0,3,-5,-9,-2,-7,4,4,-2,0,6,2,-9,-11,2,9,6,2
51/32,0,0,3,-5,-3,0,-8,0,-8,-5,-1,-8,6,7,12,6,4,8,12,15,-1,4,12,-8,-3
-95/4,0,2,0,1,-5,6,-5,1,-3,-1,0,-8,-9,6,-6,6,-5,-8,6,4,-2,4,16,4,5
-1/8,0,2,2,1,-3,-5,-6,-2,-4,-10,-9,5,-6,8,0,-11,6,8,8,0,7,-15,3,10,0
-19/14,0,2,1,-5,-5,6,6,1,-4,0,1,5,6,-7,4,6,6,-5,3,-12,14,13,12,-8,12
69/29,0,0,0,1,-1,2,-1,1,-7,-6,3,5,6,6,-1,6,0,-2,2,0,-14,8,3,-6,14
-1/13,0,-2,-3,0,4,-2,-3,1,3,7,10,-2,-7,4,-6,-14,11,10,-5,-5,0,5,2,2,-12
-4/5,0,2,0,1,0,6,-5,-2,-3,-4,-2,2,8,-4,-6,-2,-9,-3,4,8,-2,-16,6,-8,-18
7/18,0,0,1,1,-5,-5,1,1,-8,-7,-5,5,-4,-2,-7,4,-4,-6,11,8,-1,4,2,9,8
-51/44,0,0,4,1,-2,-5,-8,0,4,3,-1,6,-3,6,0,1,10,-5,-12,4,-8,-16,14,-10,3
42/17,1,0,2,1,4,-5,-2,-2,-6,4,-4,-7,-4,2,-6,6,4,13,-10,-2,-2,8,4,-10,-1
-43/76,0,-2,3,0,6,0,4,-2,3,-2,-1,-10,-6,-1,12,-3,0,-4,8,-12,-4,9,-4,-8,2
-43/37,0,-2,0,3,-2,0,2,1,-3,7,-4,-8,12,-1,6,-10,0,-7,4,3,7,13,-4,-14,8
-63/65,0,0,0,1,0,-2,-3,1,6,7,1,10,2,10,4,6,0,8,8,-6,-2,5,4,-6,-12
-46/39,-1,0,0,1,4,-2,4,-2,-7,6,-6,2,2,4,0,-4,-1,-7,5,-12,5,6,-1,1,12
-31/66,0,0,2,1,-2,-5,1,1,6,6,-10,11,6,12,-2,6,6,1,5,4,-10,-6,4,-14,8
71/79,0,-2,1,-5,0,-6,-3,-2,4,-7,6,6,-1,-3,0,6,-11,-3,12,-12,4,-8,0,-4,6
37/10,0,2,0,3,4,-5,-6,-2,2,-3,-9,-11,6,12,-8,10,6,-8,-11,6,0,15,9,-6,14
-7/5,0,2,0,1,-2,-1,-6,-2,-8,4,3,-1,2,4,-6,1,0,-5,-8,-4,2,10,-6,-1,11
5/49,0,-2,0,-5,-5,6,-5,1,-8,6,-6,-7,6,12,-4,0,-4,2,4,4,2,6,10,10,-7
-76/99,0,0,2,0,-2,2,2,1,-4,9,-1,-1,10,-7,1,-4,6,5,8,-7,14,-6,-3,10,9
-90/37,-1,-3,0,-5,4,-6,-3,-2,6,-2,4,-8,-7,9,6,0,-4,-10,10,-5,-10,15,1,10,2
-15/38,0,0,0,1,0,0,-4,-2,-4,-5,-1,-7,-6,10,-2,-3,-13,5,11,4,-5,-12,-4,-1,2
21/8,0,0,-3,1,-3,2,-4,1,-8,0,-1,6,-6,12,13,-6,0,-13,12,-9,7,0,5,-6,2
-35/86,0,-2,0,1,-5,6,3,1,6,-4,-5,-1,-7,-12,3,-3,-14,-5,2,-9,-2,-1,-3,-14,0
7/13,0,2,2,1,0,-2,5,1,-4,-4,-1,6,10,2,-6,-2,-2,13,5,0,12,5,-3,-14,8
3/14,0,0,0,-5,-5,1,3,-2,-3,2,-4,-11,8,5,0,-14,-2,-8,-4,8,10,-6,-4,-14,12
-9/7,0,-3,0,-5,4,-5,-5,1,6,6,3,-8,4,7,8,6,-12,8,4,3,7,-12,-3,18,-3
23/55,0,-2,0,-5,-2,6,-1,-2,-7,-7,1,-6,4,2,0,-6,11,2,4,4,6,10,-3,-12,10
17/13,0,-2,2,-5,-2,-2,-8,-2,-9,-5,10,10,-5,-2,0,-6,-12,1,-8,-9,4,-15,14,8,12
9/7,0,0,-3,-5,2,-5,5,1,-8,6,10,5,0,-9,-6,-10,10,-2,-12,0,-2,-15,-4,-17,-19
-43/8,0,2,1,1,4,-6,4,1,-3,7,-1,11,10,-1,-8,1,-2,-3,10,-15,2,5,2,10,-1
-43/39,0,0,0,-5,-1,-2,2,-2,-6,4,-1,-10,-6,-1,0,-9,-9,8,-3,-12,12,11,-9,-10,3
77/74,0,2,-3,1,0,2,-1,1,-4,5,-5,-8,6,4,3,-2,-4,-11,12,-1,-6,-10,10,18,-2
20/31,0,-2,0,1,-5,-5,3,1,4,10,2,-7,-9,2,1,6,13,6,-14,-15,-8,13,4,8,-12
-5/14,0,-2,0,-5,-1,-5,-3,0,-8,10,-2,-10,7,9,-7,-9,-10,-13,-7,6,2,6,-3,6,13
58/19,-1,2,3,1,6,2,6,-2,-4,-10,-8,-2,6,4,-6,6,-9,-3,4,-3,-14,13,6,9,5
30/37,-1,0,0,0,-1,4,-1,1,1,4,-5,-8,0,4,0,6,6,10,4,8,7,9,2,0,-13
-93/8,0,0,1,-5,0,1,3,1,-4,0,-10,-6,-6,-1,12,1,7,-8,-3,-2,14,0,0,6,5
-79/44,0,2,2,1,-2,-5,-3,1,-3,4,-9,-1,-6,8,-8,11,-2,-10,0,-9,-2,4,0,-14,-1
86/73,-1,-2,3,3,2,2,1,-2,6,-1,-5,-7,-5,-1,0,0,8,-6,-14,2,-6,-6,-3,10,1
-33/16,0,0,-3,0,0,0,3,-2,6,6,-9,-6,12,-4,-8,1,11,-6,2,6,-10,13,-8,10,-2
11/21,0,0,0,-5,0,1,1,1,2,-3,-6,-10,-7,8,12,-6,8,2,2,-1,-6,13,-13,6,10
20/33,0,0,0,-5,-2,2,2,1,6,-4,1,-3,-6,-2,-8,0,-9,13,-13,4,-7,-16,3,6,-6
-69/10,0,0,0,-5,-2,2,2,-2,-7,-2,-8,-5,-4,-4,-4,10,4,-3,0,-4,2,0,-4,0,12
-70/81,1,0,0,1,6,6,-4,1,-8,-7,3,11,-4,-7,6,-10,-4,-1,-6,-12,2,5,-1,18,1
-11/86,0,-2,1,-5,0,2,-5,1,-8,4,6,5,4,-12,11,-3,2,2,-3,12,-5,10,-4,10,8
-7/2,0,2,2,1,-1,1,2,1,6,4,3,-2,-6,-6,4,-4,-13,-1,-12,-9,-11,15,6,2,18
95/93,0,0,0,1,0,0,2,1,-8,4,2,-2,-1,-9,-8,10,1,1,-12,0,12,8,2,0,5
23/2,0,2,1,0,2,-5,2,1,-7,-8,-9,-6,8,4,-6,-6,2,-10,12,-9,4,-6,-3,-3,-2
30/19,1,0,0,1,-5,-5,5,-2,0,-8,-9,5,12,12,6,-6,-14,13,-8,-12,5,12,16,2,2
-5/2,0,-2,0,0,-2,-5,-5,-2,-3,-5,-9,-5,-6,-10,0,-10,10,6,5,-9,14,5,4,3,12
41/90,0,0,0,0,-3,4,5,-2,4,-2,2,-6,-4,8,0,-2,-4,-12,16,-9,0,-8,-16,2,8
19/46,0,2,2,3,-3,6,2,1,0,-2,-2,6,-6,6,0,2,0,-2,5,-15,-13,4,-16,18,17
-97/96,0,0,3,3,-2,-5,-6,-2,-6,6,-5,-8,0,1,3,-3,-5,1,-10,13,-4,-8,-7,-12,8
-11/73,0,2,3,0,0,2,-3,-2,-8,6,1,10,-3,0,12,6,-1,0,-10,14,-6,-16,3,-4,1
-23/56,0,-2,2,-5,6,-5,-4,1,-7,-8,-5,-6,-3,7,1,6,-4,1,4,-5,5,0,0,-6,-2
16/65,0,-2,0,0,2,-2,-5,1,-9,2,-9,11,4,-9,-6,3,-12,-13,-14,-3,-6,5,4,1,-13
38/37,-1,-2,1,-5,-3,6,1,1,2,-5,-9,-8,-1,12,-6,-2,11,8,-12,-12,-8,-16,10,9,2
-37/77,0,2,1,-5,-2,4,5,0,0,-3,3,-11,8,7,-11,3,0,10,10,8,7,-14,1,12,9
9/40,0,0,0,1,2,-1,-1,-2,6,3,2,-2,8,4,8,3,-4,-6,-11,-1,-1,0,-16,-6,-18
39/80,0,0,0,1,-1,-7,3,1,4,4,-4,-7,-6,9,8,-2,4,2,10,8,-5,12,-5,12,-10
-1/2,0,2,-3,3,4,-6,-3,1,3,3,0,10,6,8,0,-4,-4,8,12,-15,-7,12,4,6,-13
19/43,0,2,-2,-5,-2,-5,-3,1,-3,7,1,-10,-4,-12,0,-2,-4,1,-12,10,-2,13,0,-8,6
3/46,0,0,3,1,4,-6,-3,-2,0,6,-7,-7,-6,-6,0,-2,10,5,11,-15,-13,4,10,0,-12
63/2,0,-3,1,1,-3,6,-5,-2,-4,-5,4,10,-1,-4,-6,-7,-2,10,8,6,10,6,-16,-1,-4
-40/67,0,-2,0,-5,-3,-6,-5,1,-4,-7,1,10,-4,2,0,-3,-1,8,0,-8,-2,-15,-13,6,13
2/9,1,0,2,0,6,-6,-3,1,-3,-8,-1,6,2,2,-8,0,13,8,-12,13,2,4,0,6,10
-86/55,-1,2,0,1,-2,-6,-3,1,-6,3,1,-11,-4,-1,2,6,-4,0,4,-9,7,-16,15,-10,2
-36/31,0,-3,1,1,4,4,6,1,3,4,2,-1,6,10,8,-2,10,-4,12,-12,-14,-14,4,-15,-18
51/56,0,0,4,-5,4,1,-8,1,1,-10,2,-6,4,4,6,6,-12,2,4,6,-13,12,-1,0,1
-41/72,0,0,-2,-5,2,-1,5,1,-8,-3,1,10,-4,-4,-1,10,-11,13,-12,14,-6,-6,6,-8,-9
40/97,0,2,0,1,-1,4,-4,0,6,-2,1,10,-4,12,-3,-2,-4,4,-2,6,10,10,0,-8,4
67/74,0,-2,-2,0,4,-6,2,-2,6,-4,3,-8,-9,-2,-8,3,-4,8,-5,-6,-10,-9,17,4,8
-9/31,0,-3,0,-5,6,-6,2,1,-9,10,2,-7,-6,4,-6,-6,0,1,-14,-1,10,-16,6,-8,-1
-27/50,0,0,0,0,-5,6,-1,1,-4,6,1,-2,-6,4,-6,10,5,13,-12,0,-6,-11,3,-1,-14
56/67,0,-2,3,1,-5,0,6,-2,6,5,-5,6,12,12,-11,-14,0,-4,0,-4,2,-16,6,0,-5
23/20,0,2,0,-5,4,6,-6,1,-7,7,3,-2,-5,10,-6,-2,0,1,4,15,14,6,16,1,14
-1/91,0,-2,2,-5,4,-2,2,1,-3,6,4,10,8,-6,-11,1,10,2,14,-15,-6,10,3,6,-2
-32/23,0,-2,0,-5,-5,0,-5,-2,0,6,-10,-10,6,-10,0,7,-14,-10,11,-7,4,-8,-16,-1,18
57/62,0,0,0,1,4,6,3,1,-3,6,2,5,8,10,13,-10,0,-8,-12,-15,0,6,2,6,-6
84/17,0,0,0,1,-2,-5,-2,1,-3,6,-7,10,-6,-4,-11,-11,6,-3,12,14,4,-8,-13,-4,13
-32/55,0,2,0,-5,-2,4,-4,1,-4,4,-5,11,0,-1,-6,-4,1,-1,8,-1,-4,-8,5,-14,-7
23/31,0,-2,-2,3,4,0,5,-2,-7,-8,2,11,10,8,0,-9,10,-1,5,-1,-1,9,-6,-6,-6
76/29,0,-2,1,1,-2,-5,6,1,-3,-6,-2,-7,12,-1,2,1,-7,8,8,-9,-13,5,3,0,-6
58/61,1,2,2,1,2,-5,3,1,6,-10,-10,-11,-9,12,-11,7,-4,-4,-14,-15,14,9,1,-8,-14
-15/29,0,0,0,1,-5,-5,2,1,-3,-6,1,-7,8,-2,10,7,-14,-2,3,-6,-13,2,2,12,1
-37/13,0,-2,2,1,0,-2,2,-2,2,6,-8,-11,0,-6,-6,6,-4,8,-14,3,11,-8,0,6,-18
2/37,1,-2,4,0,2,6,6,-2,6,6,-8,-8,6,-7,0,-11,6,-1,-8,6,-6,-16,-4,1,11
30/11,1,0,0,-5,-2,4,6,0,-3,-5,-1,5,12,5,0,-9,-4,-11,4,-15,-5,-14,6,0,-18
3/97,0,0,1,-5,-3,6,-3,-2,-9,0,-2,10,-2,-12,2,-3,-12,-13,-3,0,2,11,-4,-3,4
-23/18,0,0,2,3,-2,4,5,1,-7,10,-4,-7,-6,-4,0,-4,-2,-11,-6,11,6,1,3,10,-6
91/25,0,2,0,1,-5,-7,2,1,3,0,-8,2,-7,-1,0,6,4,-4,2,-2,2,-8,16,2,-10
-49/43,0,-2,3,1,4,-5,-3,-2,-3,4,-1,6,0,-12,-8,6,-4,6,5,5,-2,-6,-16,3,1
-1/2,0,2,-3,3,4,-6,-3,1,3,3,0,10,6,8,0,-4,-4,8,12,-15,-7,12,4,6,-13
-53/31,0,2,-3,0,6,-5,6,-2,6,-5,2,-2,-3,12,-6,-10,6,10,3,6,-8,-1,15,0,-1
33/49,0,0,2,-5,0,0,-4,-2,3,-4,2,-8,12,2,10,-7,-4,1,-10,-12,10,-8,2,-12,13
18/73,1,-3,0,1,-5,6,1,-2,-6,6,-9,-5,-9,6,-4,-6,10,10,10,13,-6,-16,6,-13,-7
-7/19,0,-2,-2,1,2,2,2,-2,-9,0,-4,5,8,4,-8,6,7,8,-2,-3,2,-1,-6,6,13
-49/34,0,-2,2,1,2,0,-2,-2,2,-2,-7,-8,-9,9,7,11,10,2,-5,13,-9,0,11,0,-9
99/46,0,-3,1,1,0,1,-3,-2,0,0,10,10,4,4,-8,-3,4,8,1,11,-1,-16,4,-6,-18
31/19,0,2,1,1,0,1,1,-2,-8,2,-10,-7,-3,-2,8,6,-12,1,5,-15,-2,-8,4,10,-3
-15/22,0,0,0,1,-2,6,2,-2,-3,-1,3,8,-1,-1,4,4,-2,-7,12,13,6,10,7,-8,2
-99/10,0,0,0,1,0,6,-6,-2,-4,6,10,-5,0,10,0,-10,-2,-7,4,5,12,-7,14,-9,-6
-77/4,0,2,-3,1,0,2,-6,-2,-8,-5,-10,11,8,-1,-11,7,-7,-8,5,-12,1,1,-3,3,-12
25/19,0,2,0,-5,6,0,-3,-2,3,-5,4,10,-6,4,-11,-11,-4,-1,4,8,7,13,4,6,18
-33/68,0,0,1,1,0,0,-2,1,6,-5,1,-11,-6,4,13,3,6,-13,-10,-5,-13,-16,12,0,-6
-91/17,0,2,0,1,4,-7,-2,-2,-9,10,-1,7,7,-4,8,-14,6,-1,4,4,-1,-15,-7,0,12
27/7,0,0,0,-5,4,0,3,1,-8,-5,-9,-7,-9,-4,-8,3,-10,8,5,0,14,-8,1,3,-9
-2/11,1,-2,3,3,-2,2,-5,1,0,9,-4,-7,-1,6,1,1,-4,-8,-8,-9,-11,11,12,-1,13
3/4,0,0,3,1,0,-5,2,1,6,-5,-2,-5,-1,4,0,-2,6,10,5,5,6,-14,-7,-14,-2
-62/65,1,-2,0,-5,4,-2,5,1,0,4,-10,10,0,2,0,-2,-4,-2,5,-12,10,12,0,-13,8
-1/58,0,-2,2,3,4,0,6,1,-8,-6,-1,10,-6,4,0,4,0,2,8,-5,-10,-8,10,-14,-12
93/20,0,0,0,-5,-2,-5,2,-2,-3,0,-10,-7,-3,0,0,-6,-4,4,10,4,-16,-15,-4,6,-6
-25/39,0,0,0,1,4,-2,6,-2,-4,-5,-2,-1,-2,-6,6,-6,6,-2,-12,4,-5,8,10,6,-10
51/65,0,0,0,0,-3,-2,-8,1,-6,0,8,-5,-6,8,-8,-2,-4,6,10,-4,7,0,17,6,-18
-24/35,0,0,0,-5,6,-6,-1,1,-8,-2,-7,-8,-5,10,4,3,0,-2,5,-7,-5,-14,-4,-7,13
11/9,0,0,1,1,0,6,2,1,4,-1,0,-6,-3,-4,-6,5,0,13,5,-4,-13,-12,1,-1,0
3/14,0,0,0,-5,-5,1,3,-2,-3,2,-4,-11,8,5,0,-14,-2,-8,-4,8,10,-6,-4,-14,12
31/38,0,-2,-3,0,-3,-5,6,-2,-4,-8,-10,-1,-6,7,0,-7,-2,-8,-14,5,-1,-10,0,5,-14
-14/11,-1,-2,2,1,-2,6,-3,1,-3,-2,1,6,-5,6,-7,6,-4,10,-14,-15,12,-8,-13,-14,-14
28/69,0,0,-3,1,-1,6,5,1,0,0,-10,-11,-6,7,0,-3,-5,8,-7,-4,-16,6,-16,-1,8
95/29,0,2,0,-5,-5,2,5,1,1,-6,1,10,6,2,1,-6,-10,6,5,15,-7,5,15,1,8
-15/2,0,0,0,3,0,6,4,1,0,6,-1,10,0,-7,-11,3,6,-5,4,8,-1,-10,12,-12,-3
1/24,0,0,1,-5,2,-6,2,1,-3,2,-1,-2,-6,4,4,6,-4,6,-7,4,-13,-15,4,-15,-1
-34/39,1,0,1,1,0,-2,-8,1,6,3,10,-7,-6,6,-11,6,-4,-8,8,-15,-16,5,16,6,-5
-11/39,0,0,2,1,0,-2,-3,1,6,-2,10,10,7,6,11,11,13,4,8,6,-2,-7,2,0,11
41/16,0,-2,2,3,2,-5,-1,1,0,-5,-1,-6,-4,8,-3,-2,-2,10,9,6,-6,1,-5,-12,18
1/76,0,2,2,1,6,-6,5,-2,6,0,-1,-5,-3,6,1,-4,0,-8,8,-4,0,4,7,2,-2
10/49,1,2,0,-5,-1,2,6,-2,3,6,-10,10,8,8,12,-10,4,-4,-14,0,7,4,8,-2,8
7,0,2,3,1,4,6,1,-2,3,6,2,10,-9,8,0,9,0,8,2,6,-6,11,0,-3,-6
-19/58,0,-2,3,0,-5,6,1,1,6,-6,-4,-7,2,-10,0,6,0,2,-14,6,0,6,-4,-10,-14
81/38,0,0,-3,1,-2,2,3,-2,6,0,4,10,-6,-6,-6,-4,-4,-5,0,12,-2,8,6,-3,8
-77/67,0,2,1,1,0,6,-4,-2,0,3,-4,10,0,4,3,4,-12,8,0,-3,-11,6,10,10,-1
-33/46,0,0,0,-5,0,6,-1,-2,0,10,-10,-2,-6,-9,-2,-3,6,8,-14,6,-13,0,6,12,1
-49/10,0,-2,0,1,4,6,1,1,6,-1,1,-2,8,12,0,-9,0,-4,2,14,-2,-16,1,6,2
-99/5,0,-3,0,-5,0,2,-3,-2,-8,6,-5,-3,0,-4,-8,0,-4,1,2,-3,4,4,12,-6,10
73/51,0,0,-3,-5,-5,-5,-2,-2,6,-7,1,6,-5,-10,-10,6,-4,-4,10,6,-11,-6,8,-6,-3
84/95,0,0,0,1,-5,-5,2,-2,-3,-2,3,-8,-6,4,6,-6,6,13,10,-15,-8,8,0,-17,3
-27/29,0,0,-3,0,-3,-5,-6,-2,3,-6,-4,-2,-2,2,0,4,-1,6,8,15,11,15,-4,0,3
44/49,0,-2,4,-5,0,6,6,1,3,-5,1,-5,7,-10,3,6,-9,1,-4,-13,-4,9,-4,6,13
79/97,0,2,3,-5,6,4,-3,-2,6,-4,3,-10,6,9,-8,1,4,4,-10,0,-2,4,0,-1,4
-17/58,0,2,2,1,0,-5,-8,1,1,-6,3,-2,12,-3,0,-2,-7,4,-10,-9,11,-10,-6,9,-12
31/38,0,-2,-3,0,-3,-5,6,-2,-4,-8,-10,-1,-6,7,0,-7,-2,-8,-14,5,-1,-10,0,5,-14
81/47,0,0,-3,-5,4,0,4,1,1,3,2,-10,-3,12,3,5,1,10,8,-15,-10,-1,12,12,2
46/27,1,0,-3,3,4,6,-3,0,-7,-4,-10,-7,7,0,10,-2,-7,13,-10,8,1,-15,-3,-8,1
75/8,0,0,0,-5,0,4,2,-2,6,9,-8,2,0,-1,-6,6,-2,-6,12,7,-2,12,12,1,17
11/19,0,-2,1,-5,0,-5,2,-2,-8,-2,3,-7,6,6,-6,1,-4,8,9,16,-10,11,-3,-10,12
-2,-1,2,-3,-5,0,4,5,-2,-8,-1,-4,6,-9,-2,0,-6,6,5,8,-13,-6,-7,-16,-6,-14
-5/32,0,-2,0,-5,4,2,5,1,6,-5,-9,8,0,4,-11,6,6,-6,3,12,-16,12,-4,-6,-6
31/57,0,0,-2,3,6,2,-3,-2,3,-1,-10,5,6,-10,0,4,-14,8,-14,4,7,-1,12,10,3
6/41,-1,0,0,0,0,1,-3,1,6,6,-9,-7,6,4,-8,-4,0,6,-12,0,4,-1,7,10,-18
-79/71,0,2,2,-5,-3,0,-6,1,6,3,-5,2,0,7,-10,6,0,2,-11,4,-8,4,-8,-9,9
45/89,0,0,0,1,-5,2,1,1,6,-5,3,-2,-3,9,-6,1,-9,1,4,9,-14,5,6,-8,3
54/95,1,0,0,3,-2,6,-6,-2,6,3,-9,6,-6,-4,0,-10,-9,5,12,8,-1,13,14,6,17
-23/91,0,2,-2,-5,4,-2,3,0,-7,4,-9,-2,-7,-1,8,-6,-4,-1,3,-9,6,6,6,-6,8
-7/3,0,0,4,1,4,0,-4,1,-3,-5,-1,-5,6,-12,-3,-11,-3,6,8,-9,2,2,-3,2,-6
-8/31,0,2,3,1,-3,2,2,1,-4,-2,2,2,8,9,-8,6,0,-7,-12,-4,0,11,-4,-7,14
42/17,1,0,2,1,4,-5,-2,-2,-6,4,-4,-7,-4,2,-6,6,4,13,-10,-2,-2,8,4,-10,-1
6/5,-1,0,0,-5,6,-1,-3,1,-3,6,-9,-5,-3,2,4,-11,-4,-4,16,-1,-1,-4,2,8,8
28/73,0,2,0,1,-3,2,-4,1,3,-1,3,-7,1,8,-10,0,-2,1,-13,0,-6,-16,8,1,-6
73/3,0,0,0,0,2,6,-3,1,-3,-4,-1,-8,-6,-4,10,6,4,-13,-12,-7,-11,-7,12,12,-10
4/91,0,2,1,-5,4,-2,6,1,-9,4,-4,-7,-6,-6,-10,6,-3,1,4,-4,2,-14,-4,0,-1
48/17,0,0,1,1,0,6,-2,-2,-3,-2,2,-2,-9,-6,0,-12,2,-2,-8,6,-14,1,-15,1,-14
-7/8,0,2,4,1,2,-5,2,-2,6,10,3,10,0,-1,12,3,-11,-8,-12,-12,-5,4,2,6,-8
71/81,0,0,0,1,-3,0,6,1,0,6,2,2,-1,10,6,0,6,4,-10,-12,-4,4,4,-14,-18
67/79,0,2,-3,1,2,0,2,1,-3,-5,-2,-1,-6,9,-10,-2,-12,2,-5,-15,1,-8,-6,6,-14
4/47,0,-2,3,-5,4,6,3,-2,0,-8,-1,-6,4,-6,3,6,0,-7,0,14,14,-15,14,12,13
-39/25,0,0,0,1,0,-7,-1,-2,-3,-5,-1,-1,-6,4,0,-4,0,-8,2,-12,-13,-8,-4,0,18
-15/8,0,0,0,1,4,1,-3,-2,-3,0,-6,-8,-3,-4,-1,6,10,-5,0,6,11,-14,-7,-1,18
19/42,0,0,3,-5,4,0,-3,1,-3,-8,-9,2,-3,0,-6,-11,4,0,0,4,7,10,6,10,0
82/43,-1,2,1,-5,2,2,5,1,3,10,3,2,-4,-12,-7,5,-7,-1,-8,4,-6,10,2,0,-18
1,0,2,2,0,-5,2,4,0,-3,4,2,8,-6,-6,2,-3,0,10,12,2,-16,0,11,-6,8
0,0,0,0,1,0,-7,-8,1,-7,-10,-10,-11,-4,-1,-8,-10,-12,-13,-5,-12,-11,4,0,-13,8
19,0,2,1,-5,0,-6,-6,1,-9,3,10,-5,-3,-10,11,3,0,-10,11,3,6,-4,12,8,10
-3,0,0,-2,-5,0,2,2,1,-4,-8,-4,-10,-6,4,0,11,6,-6,-11,-12,-13,-16,16,-12,9
-11/13,0,2,2,-5,0,-2,1,1,6,-5,1,10,0,-10,4,-2,7,10,-14,-3,-5,11,-7,6,-19
-11/16,0,2,1,-5,0,-5,5,-2,6,-5,-5,-10,-9,4,8,-6,5,4,4,-4,-1,2,14,-1,13
-83/59,0,-2,0,-5,-3,1,-3,1,2,-2,2,-2,6,-10,0,1,10,-4,-12,2,-7,8,0,-14,13
-43/31,0,-2,-2,1,4,6,2,-2,-3,6,2,8,-2,-1,-6,-2,-5,-11,2,-12,-6,-4,9,6,8
-90/11,1,0,0,1,-2,-6,5,1,-9,-4,-1,-8,3,2,-4,-10,-12,10,11,-3,-11,8,4,-17,-4
3/8,0,0,0,3,6,0,5,-2,-3,-2,3,-2,7,4,-6,9,0,13,-14,-4,2,-9,-16,-3,12
-44/67,0,2,3,3,0,-5,-1,-2,-4,-5,4,8,-2,5,-4,0,-12,13,0,-5,14,-9,-6,0,8
89/6,0,0,1,1,-1,-5,6,1,3,10,-1,-2,6,-2,0,-10,4,2,4,4,2,13,11,-13,-1
23/26,0,2,-3,1,-2,-2,6,1,-7,-7,-1,-2,-3,1,0,9,4,-8,2,8,-2,-12,4,6,-18
95/33,0,0,0,-5,-2,-5,1,1,-8,-7,2,-8,-3,-12,4,-3,4,8,12,-9,-11,-9,2,-4,9
4/95,0,-2,0,0,6,2,2,-2,-3,6,-6,-7,0,-4,-1,6,-10,-11,3,10,5,-11,-4,-8,-14
94/65,-1,-2,0,-5,4,-2,2,-2,3,4,-8,-1,12,8,-8,0,-2,-12,8,-12,-2,-10,-6,10,13
-41/25,0,2,0,1,-5,0,2,1,4,5,3,-7,-4,-10,-1,-2,-2,13,6,-1,4,10,2,-6,-7
-23/21,0,0,-3,-5,-5,0,1,-2,-7,0,-2,10,-5,10,0,10,10,-8,-10,8,-13,-15,0,12,2
-27/76,0,0,-3,1,4,6,2,-2,2,9,10,-2,6,8,0,-6,-4,2,-11,16,2,4,1,5,-19
59/79,0,-2,4,-5,-1,6,-1,-2,-4,-10,-4,-10,0,-4,-6,1,-12,-1,2,-12,2,-8,4,3,-18
-79/34,0,-2,1,1,0,-5,-2,1,-4,3,0,2,2,-1,-6,1,0,-5,-12,6,-2,4,2,-1,-10
1/45,0,0,0,-5,-5,4,2,-2,-4,7,-1,2,-1,-2,0,-11,-2,-10,10,14,-1,13,-4,0,-10
67/24,0,0,-2,1,2,6,6,1,-8,-2,8,6,6,-6,10,-7,-1,-1,-5,14,-4,12,2,10,6
64/45,0,0,0,-5,0,0,6,0,-3,-2,-5,-2,6,-9,-6,-2,-10,-8,-8,4,-1,4,-4,-9,-3
12/17,0,0,0,-5,-1,1,-2,-2,-8,0,-1,6,6,-1,6,-3,-7,-2,3,5,-9,-12,12,-6,8
-70/69,1,0,0,1,2,0,5,-2,0,7,-8,2,-6,4,-11,6,0,1,-12,-15,-2,11,2,10,-3
-79/28,0,-2,3,-5,4,-6,3,1,-8,0,4,-2,6,7,11,6,13,-13,9,8,-9,4,9,-7,2
9/7,0,0,-3,-5,2,-5,5,1,-8,6,10,5,0,-9,-6,-10,10,-2,-12,0,-2,-15,-4,-17,-19
-71/39,0,0,0,-5,-5,-2,-3,1,-4,3,-9,-7,2,8,-7,-10,-11,1,3,-12,7,-16,4,-1,14
96/43,0,0,-2,-5,-2,4,2,1,4,4,-1,-5,-9,-12,0,-3,0,-2,4,-4,10,8,-4,2,-5
-25/33,0,0,0,1,-2,0,-3,1,-3,4,3,-10,-9,0,13,1,10,8,4,-8,0,8,-4,-12,10
-16/45,0,0,0,-5,2,-6,2,-2,-6,0,-8,6,0,6,-6,-6,0,10,11,-4,0,13,3,2,-2
65/36,0,0,0,1,4,-7,1,1,-3,4,-9,-7,4,10,-8,6,0,8,4,14,-5,-1,4,1,1
-88/57,0,0,0,3,0,4,-3,-2,-3,4,1,-2,2,-4,4,-2,4,-8,-2,-4,14,-1,16,2,-3
-19/30,0,0,0,0,6,-5,-4,1,-8,10,10,-2,-9,-6,-4,-10,-2,8,8,-12,-2,0,-7,-14,2
-10/7,1,-2,0,-5,0,-6,4,1,-3,4,3,-7,-7,-6,-8,-2,0,10,4,6,7,10,14,-10,0
-6/55,-1,0,0,1,-2,4,1,-2,3,-7,1,-8,2,8,7,11,-9,10,-10,-4,0,-11,-4,10,-18
-47/2,0,-2,2,0,-3,-1,-6,1,3,7,1,-3,-6,-2,-8,1,4,8,-3,10,-1,8,-4,-1,-2
-27/22,0,0,2,0,-2,2,5,-2,0,-5,3,-11,2,-9,-6,-10,0,-8,-7,-1,2,9,-16,8,0
-2/3,1,0,0,-5,-2,-5,2,1,3,0,-1,-11,0,7,-6,6,0,6,2,16,4,0,2,1,-1
-15/8,0,0,0,1,4,1,-3,-2,-3,0,-6,-8,-3,-4,-1,6,10,-5,0,6,11,-14,-7,-1,18
-29/5,0,-2,0,-5,-2,0,4,-2,6,-10,10,-7,0,4,1,-4,4,1,4,-15,-10,-12,-13,10,14
-11/61,0,2,1,1,0,-6,-3,1,6,-4,3,6,-7,4,-11,-2,-12,-4,3,4,-6,-5,-4,1,12
-57/94,0,0,-2,1,4,6,2,1,2,-2,-5,7,7,4,3,6,-1,4,4,11,-10,-6,-4,3,10
29/24,0,0,4,-5,0,-5,-4,1,2,-10,10,-8,6,10,7,0,-4,-10,11,13,-4,5,12,3,-5
-48/73,0,0,1,-5,-5,6,-3,1,3,7,-8,10,-3,8,6,-10,4,-8,-14,-9,-6,-14,6,3,10
5/46,0,-2,0,3,0,2,3,-2,0,-7,-8,-2,-6,8,-8,-9,6,-11,-10,0,11,-4,6,-6,-14
47/43,0,-2,1,-5,0,0,-4,-2,-3,6,-1,2,3,-12,-8,6,6,0,-8,-5,6,15,0,10,13
-55/59,0,2,0,-5,0,6,-3,0,-8,5,-1,-5,-7,-4,-6,-3,10,-6,-12,-6,7,-1,0,-1,-2
-23/68,0,-2,2,0,4,2,-2,-2,-7,-10,-1,-5,4,-6,0,-6,6,-10,2,5,-5,11,-11,9,12
43/34,0,2,0,1,6,6,-2,-2,2,-8,-10,6,-4,-1,3,-12,5,-5,11,3,12,-8,-10,10,-8
57/70,0,0,0,-5,2,2,2,1,3,-5,3,-3,7,-1,-6,7,-4,2,11,0,-2,-11,12,-12,-3
38/41,-1,2,3,-5,-1,-6,2,1,-4,-5,1,-6,6,0,0,1,-9,1,-7,4,0,8,0,-7,-14
-30/59,-1,0,0,-5,0,-5,-4,1,-8,0,1,10,-6,-4,0,1,10,-2,-10,9,12,-4,4,-6,10
97/76,0,2,-2,0,-1,2,-1,-2,0,6,10,-6,-6,1,8,1,-14,-7,3,0,-13,6,-16,18,8
7/5,0,-2,0,1,0,-5,5,1,2,9,-1,-1,7,-4,8,0,-7,8,2,0,-5,13,-4,-12,-14
-37/61,0,-2,-2,0,-2,-6,5,1,-9,6,6,-11,-2,1,0,-6,-9,-4,-6,6,-13,2,5,-14,2
-57/7,0,0,1,-5,2,1,-3,1,-3,-2,-1,10,0,-2,-8,9,0,6,12,-1,8,5,-7,-6,2
-43/11,0,2,-3,-5,-2,0,-1,-2,-8,-2,-9,5,-1,-1,-4,-2,0,-1,9,13,-5,-10,-4,6,5
30/31,1,0,0,3,4,-6,1,1,-8,6,2,-3,-6,-10,-1,6,-1,0,2,-4,-6,-15,15,12,16
90/71,-1,-3,0,1,4,0,-3,0,-4,-1,1,10,3,4,8,-7,-3,-1,4,4,0,-16,12,-6,-2
-79/40,0,-2,0,0,2,6,4,1,-8,-4,-5,5,-6,-12,-6,-6,-4,-1,6,0,5,4,-4,12,-6
-1/7,0,-2,3,-5,-2,4,6,1,-3,-2,-1,-2,0,-4,4,-3,-12,4,11,-8,-5,-4,7,-12,18
-47/39,0,0,0,-5,4,-2,5,-2,6,-2,-4,-3,3,-6,-8,-2,8,10,16,-4,-11,-16,12,-14,-18
0,0,0,0,1,0,-7,-8,1,-7,-10,-10,-11,-4,-1,-8,-10,-12,-13,-5,-12,-11,4,0,-13,8
-35/71,0,-2,0,1,-3,-5,5,-2,-8,-2,3,-11,-2,12,-8,-3,-2,-1,10,4,-2,-9,-11,-12,8
-31/65,0,2,0,1,0,-2,3,1,6,-5,-10,-11,-6,0,-6,1,4,8,-2,-4,-1,-14,12,-8,-2
-1/6,0,0,1,0,0,0,2,-2,-9,-3,-5,-1,-3,8,8,-2,9,-2,12,14,12,6,6,-6,-6
97/81,0,0,-3,-5,4,0,2,1,6,-5,1,6,7,9,0,7,-5,10,4,-15,-8,4,-4,-9,8
32/5,0,2,0,-5,-1,-1,2,-2,3,-10,-7,7,-1,9,0,6,-14,1,6,-12,7,11,2,3,-8
6/7,1,0,-2,-5,-3,6,-3,1,4,-4,1,-7,-5,8,0,6,-4,-1,8,-5,-14,10,6,-9,-8
0,0,0,0,1,0,-7,-8,1,-7,-10,-10,-11,-4,-1,-8,-10,-12,-13,-5,-12,-11,4,0,-13,8
-15/19,0,0,0,-5,4,-5,4,-2,-8,4,-5,10,10,-4,11,-6,0,-8,4,14,-14,-11,10,-14,14
-17/29,0,-2,0,-5,4,1,-8,1,-3,-6,-2,-5,-9,6,8,-2,0,-7,-12,3,12,4,-3,-12,8
-3/2,0,0,0,1,-3,-5,1,1,6,9,-1,-2,-3,4,3,-2,2,1,-12,-12,4,11,-16,4,2
-53/2,0,-2,0,-5,-5,-6,3,1,6,-5,-1,6,0,4,0,-10,5,-13,2,13,-4,6,14,6,2
56/67,0,-2,3,1,-5,0,6,-2,6,5,-5,6,12,12,-11,-14,0,-4,0,-4,2,-16,6,0,-5
90/31,-1,0,0,1,6,-5,-3,-2,-8,4,2,-7,8,-7,-8,2,0,-6,5,-15,4,-14,2,-14,-5
-64/63,0,0,-2,-5,-2,-6,-5,1,-8,6,-4,2,-6,-7,-6,3,-4,1,5,-12,7,-1,-3,-14,10
-35/36,0,0,0,1,-2,1,-3,1,-3,-3,-2,6,-9,2,-11,-2,7,8,14,2,-13,-12,8,0,12
-21/41,0,0,1,1,4,-1,2,1,6,7,2,-8,6,-9,-6,-3,-9,5,1,3,8,-6,-4,6,12
-5/52,0,2,0,3,0,-2,6,0,-8,-2,4,-8,-9,4,-8,-7,-13,-3,12,12,4,1,-3,1,0
11/12,0,0,2,-5,0,0,-3,1,-4,9,10,-8,-6,-1,0,-4,-2,1,0,3,-6,1,-16,-12,-5
-1,0,-2,1,1,6,6,3,1,-4,0,1,7,12,10,-8,0,4,0,4,-8,1,8,12,-9,8
-67/3,0,0,0,0,4,-5,-5,-2,-6,-8,10,11,-6,6,6,5,-7,5,-5,6,-13,-1,-10,-12,-7
-99/38,0,-3,0,1,0,-5,2,-2,-8,-10,-1,-8,-2,4,7,-6,-14,0,12,4,-6,11,12,-12,-3
-5/48,0,0,0,-5,4,4,-3,1,-3,6,2,10,-1,10,-8,-3,-4,-7,-12,8,8,0,9,-10,-7
10/49,1,2,0,-5,-1,2,6,-2,3,6,-10,10,8,8,12,-10,4,-4,-14,0,7,4,8,-2,8
-88/37,0,-2,2,-5,0,-5,3,1,-4,-10,6,-8,-7,1,6,-11,6,13,-14,7,-2,-6,6,6,8
33/43,0,0,4,-5,0,-5,5,1,1,0,-9,-11,0,-12,-6,-6,11,-10,2,-9,4,-10,4,12,14
8/39,0,0,-2,1,4,-2,2,1,1,-3,2,-8,0,-2,-8,9,10,-3,4,8,-6,-16,12,-9,8
-31/13,0,-2,0,3,-5,-2,6,1,6,4,-10,-7,7,5,0,6,-4,8,2,0,-13,13,-6,2,8
69/13,0,0,0,0,4,-2,-3,-2,-7,-5,-1,10,12,4,-6,6,2,-2,-6,-12,-10,-14,-7,8,1
62/59,1,2,3,1,6,6,6,1,-8,-2,-10,5,6,4,1,6,10,8,2,5,11,5,1,-10,-19
-43/34,0,-2,-3,0,-5,-6,-2,1,-8,5,-9,10,-6,-1,0,3,6,6,3,3,2,-16,-7,-12,-2
41/98,0,2,2,-5,-2,-5,5,0,-8,0,-6,-1,-4,8,3,6,-1,-4,-11,0,-11,-7,8,12,-3
22/13,-1,2,1,1,0,-2,2,1,3,-3,4,5,6,2,-6,6,-4,-6,-8,6,-6,4,-16,6,2
-2/7,1,2,2,-5,2,-1,1,1,-8,-5,-9,-2,-4,-12,10,-4,-7,-7,4,8,-2,10,0,-1,-10
18/19,-1,-3,-2,-5,4,1,-4,-2,3,-2,-1,7,-4,-4,-6,-10,-4,-6,10,-4,4,10,6,8,1
23/16,0,-2,2,0,0,6,5,1,-7,-2,0,10,-5,12,3,6,-12,8,-7,-12,11,15,-12,-3,-18
-9/4,0,-3,1,3,2,2,-6,1,-3,-4,-8,10,6,6,-2,-9,-12,13,3,-15,-5,-8,12,6,2
55/28,0,2,0,-5,0,-5,2,1,3,5,1,6,12,-4,0,3,-12,-7,9,15,2,13,12,-3,2
35/9,0,0,0,1,6,2,-6,1,-3,7,-4,-2,0,1,-10,-6,-7,4,4,6,12,12,-7,-7,2
-63/89,0,0,-2,1,-2,6,2,0,-8,-5,-1,10,8,-2,3,-6,-4,13,2,-9,0,-8,3,-8,8
54/29,-1,0,2,-5,-2,-5,-3,-2,-3,-6,-10,-2,6,4,0,-9,0,2,2,3,2,1,12,-17,11
-46/99,-1,0,4,3,-2,-5,-3,-2,-7,4,-9,-5,-3,-1,11,0,9,2,14,0,7,-14,6,18,-9
-49/83,0,2,-2,1,-5,4,3,1,6,-4,-1,10,-2,4,1,-2,-7,-13,-12,-12,-2,1,-16,-14,1
-41/58,0,2,-3,-5,-5,-5,3,1,6,-6,10,-6,-4,10,8,5,2,8,-8,6,-16,-4,-16,3,10
-37/26,0,2,0,0,6,-2,5,-2,-8,6,-9,-11,-6,6,-1,4,0,-2,4,-9,-6,-10,6,0,13
-60/91,0,0,0,-5,-1,-2,1,1,4,3,1,-2,-9,12,4,-14,10,5,5,-12,7,-1,12,1,-7
-7/2,0,2,2,1,-1,1,2,1,6,4,3,-2,-6,-6,4,-4,-13,-1,-12,-9,-11,15,6,2,18
80/41,0,2,0,-5,6,2,-4,-2,3,-8,-1,-7,6,10,-6,-9,0,-8,12,-3,14,12,4,10,0
-91/31,0,-2,2,1,4,-7,-6,-2,-8,-1,2,-7,-6,-1,-6,4,0,10,5,7,-5,-11,-4,4,17
-5/7,0,2,0,-5,-3,1,-4,1,-9,7,8,-1,-1,6,12,-9,13,13,16,11,-6,9,2,10,-18
3/10,0,0,0,0,0,6,-6,1,-8,0,-1,-8,-4,-3,12,1,0,1,2,11,-16,2,1,0,-7
-19/75,0,0,0,1,-3,0,1,1,-6,-2,-1,10,8,4,2,6,-4,-5,8,4,2,-8,1,-6,8
48/29,0,0,-3,1,6,1,-3,0,6,-6,2,-1,0,9,1,-6,6,1,-10,13,-5,0,4,-8,-12
24/19,0,0,4,1,-2,-5,6,-2,-8,6,-4,10,6,10,-4,6,8,1,12,3,-7,1,10,6,10
-63/16,0,-3,3,1,4,-5,6,1,-3,4,-4,-2,-6,12,-8,-10,4,8,-14,7,0,0,4,9,-9
18/83,-1,0,4,3,-2,2,-3,1,-8,10,1,10,-6,4,-8,6,6,-5,-12,-3,-2,5,-16,-12,-3
-58/95,1,2,0,3,0,-5,4,-2,-9,-10,-6,7,-6,2,0,-2,2,-1,-12,-15,-6,4,15,6,-19
-46/39,-1,0,0,1,4,-2,4,-2,-7,6,-6,2,2,4,0,-4,-1,-7,5,-12,5,6,-1,1,12
-9/5,0,0,0,0,4,-6,2,1,1,-2,1,10,-1,0,0,-4,0,2,8,5,14,-10,6,-1,10
-67/73,0,-2,4,0,-2,1,1,1,1,4,-1,-6,-6,-4,8,7,-5,8,-5,-1,-6,-7,14,-14,6
-3/95,0,0,0,0,0,-1,5,-2,-4,-2,-1,-2,6,-7,0,-12,-1,8,5,0,-2,-8,3,6,2
-41/60,0,0,0,1,4,1,2,1,6,2,-5,-3,-4,4,-2,-11,0,2,8,7,-14,-7,15,18,-12
3,0,0,2,3,-2,1,2,-2,-8,5,3,-2,3,10,-7,1,5,-5,10,4,-8,-16,0,3,12
16/15,0,0,0,1,-3,-5,-4,1,-8,5,1,-1,-6,0,0,7,4,-6,-3,8,5,15,-16,-3,-18
-2,-1,2,-3,-5,0,4,5,-2,-8,-1,-4,6,-9,-2,0,-6,6,5,8,-13,-6,-7,-16,-6,-14
17,0,-2,2,3,2,-5,-8,-2,-8,-5,8,-2,-6,-6,0,6,-7,-6,-14,-4,-2,-4,-12,-8,-7
73/3,0,0,0,0,2,6,-3,1,-3,-4,-1,-8,-6,-4,10,6,4,-13,-12,-7,-11,-7,12,12,-10
73/6,0,0,-2,-5,-2,2,5,1,-6,-5,2,-1,-3,2,4,4,6,2,12,-12,-11,8,3,0,-1
16/37,0,2,3,0,-3,-5,5,-2,3,-7,-9,-8,0,-1,0,0,0,6,-6,-1,-7,-4,0,18,18
3/22,0,0,1,3,-2,-1,-3,0,-4,-5,1,-7,-7,-4,0,6,10,10,-8,5,7,-8,12,6,-1
-29/2,0,-2,-3,3,-1,-5,5,-2,-4,-10,2,-8,1,8,6,0,-11,10,11,-3,2,8,2,-6,-14
-1,0,-2,1,1,6,6,3,1,-4,0,1,7,12,10,-8,0,4,0,4,-8,1,8,12,-9,8
19/63,0,0,0,-5,-5,2,2,1,-6,-1,10,-2,12,8,4,-2,9,6,-8,12,-14,-16,-3,9,8
-61/78,0,0,0,1,4,-2,3,-2,2,10,-6,-1,-6,-1,-8,-4,5,-13,5,12,-2,-10,3,0,-14
11/46,0,-2,0,0,0,-1,-3,1,0,4,-5,-6,0,-6,0,-10,7,-3,8,-9,-9,4,-9,-12,-6
-55/19,0,-2,0,3,0,-6,5,-2,6,7,-6,8,2,-2,0,-2,0,4,4,-4,4,1,-9,-16,-10
70/61,-1,2,0,1,0,0,1,1,-4,-2,1,-1,-3,1,12,-9,10,-4,12,-12,-2,1,2,3,-2
-11/12,0,0,-2,1,0,4,-4,-2,-3,4,3,5,2,-6,-7,-4,6,0,-13,3,-16,-10,4,10,13
10/3,-1,0,0,0,4,6,-4,1,3,9,-2,-6,-6,-9,11,4,8,-3,3,-4,-5,-15,3,-6,-3
5/22,0,-2,0,-5,-2,0,4,1,6,7,-9,-8,-6,-4,0,1,0,-5,8,-12,4,10,-6,-14,-8
1/97,0,2,-2,1,4,4,-1,-2,4,5,-1,6,-1,-1,-11,7,-14,-7,4,-15,-13,-7,4,9,4
72/89,0,0,-3,1,2,1,4,-2,-4,6,-9,11,-7,0,-8,-6,-13,-11,8,12,-6,-8,9,-8,13
42/79,-1,0,-3,1,6,1,-1,-2,6,-7,-4,8,0,4,-11,-9,1,1,4,16,-6,-8,3,12,-6
61/11,0,-2,2,3,-2,0,-3,1,-6,-3,-1,-5,0,1,0,2,10,-13,-5,10,-5,-16,-16,0,-2
-15/29,0,0,0,1,-5,-5,2,1,-3,-6,1,-7,8,-2,10,7,-14,-2,3,-6,-13,2,2,12,1
23/40,0,-2,0,1,0,2,4,1,-7,10,6,-7,-6,8,6,-2,4,-8,11,4,-2,10,-16,-6,12
-56/45,0,0,0,1,6,-5,5,-2,6,4,-9,-6,0,9,0,9,6,8,12,-12,-13,-16,-9,-6,-6
-3/8,0,0,2,-5,-5,4,-5,1,4,-2,10,-3,2,2,-3,1,0,1,10,0,2,-8,10,-6,17
53/49,0,-2,-2,-5,-3,-5,3,-2,6,6,0,2,-7,8,-7,-10,-11,-5,4,-6,-1,4,-11,-10,-5
-25/24,0,0,0,0,-3,-6,5,-2,-8,-4,-1,-5,4,4,0,6,-13,10,8,6,-13,-7,-15,-15,12
-10/73,-1,-2,0,1,0,0,5,1,-3,0,4,-5,-2,-7,-6,-4,13,-4,-12,3,-6,13,11,12,-12
-82/65,-1,2,0,0,4,-2,3,1,-3,0,-1,-2,-4,12,13,-6,4,-2,-12,-12,-13,-6,2,0,18
-7/33,0,0,4,1,-2,6,1,1,-4,7,3,10,1,2,-8,1,6,-1,-7,-4,-13,-1,-1,9,-18
23/13,0,-2,4,-5,2,-2,1,1,-7,-2,-4,-5,0,9,6,-2,-4,-3,-12,15,-1,-11,6,-6,0
17/5,0,2,0,1,6,-6,-8,-2,6,6,-1,5,4,-12,0,-2,10,6,9,-6,-4,8,1,-9,-2
69/29,0,0,0,1,-1,2,-1,1,-7,-6,3,5,6,6,-1,6,0,-2,2,0,-14,8,3,-6,14
61/87,0,0,2,-5,4,2,2,1,-4,-6,-9,7,-5,-6,0,7,-4,-13,6,15,-14,-8,4,-17,6
26/29,1,2,1,-5,6,-7,2,-2,1,-6,10,-1,8,6,6,4,0,-5,1,6,-5,-15,0,5,-1
-17/25,0,2,0,0,0,-5,-8,-2,-8,-8,-1,5,-3,-9,4,6,-14,1,-12,3,0,13,-11,-13,11
35/36,0,0,0,1,0,2,-4,-2,6,-4,2,10,-3,4,-11,-4,0,-5,-7,-8,-8,-15,16,4,17
-28/9,0,0,-2,1,-2,6,6,1,6,9,-8,8,1,8,0,-2,0,13,-2,-5,-9,-10,-3,-1,8
-59/80,0,-2,0,1,2,1,2,1,-8,-2,-9,-2,8,-6,0,1,-12,1,-3,6,-13,-11,1,-3,-2
-41/99,0,0,0,0,-2,1,-3,1,0,0,10,-7,-4,4,4,4,10,-5,-4,6,-5,6,5,-1,2
-95/79,0,2,0,-5,-1,-1,-3,1,6,4,-5,10,-6,-9,3,-2,0,10,8,-12,-1,-8,0,12,2
-23/78,0,0,2,-5,6,-2,-3,-2,-7,0,4,-7,6,-10,3,-11,4,13,11,-4,-4,-8,7,-7,13
-37/30,0,0,0,1,4,6,2,-2,-8,0,6,-11,-7,-1,-11,11,4,13,12,-15,-1,13,-11,12,10
43/82,0,2,1,3,-1,2,2,1,-8,5,-9,-5,6,-1,-11,-6,0,8,8,0,7,9,-16,-14,6
33/58,0,0,2,1,0,6,6,-2,-4,-6,0,-6,-6,7,-7,-6,-13,-4,-12,4,2,10,12,3,-19
3/7,0,0,1,-5,-1,-6,5,-2,3,-5,-9,10,-6,-4,1,6,-4,-3,-3,-15,-5,-8,4,0,11
25/33,0,0,0,-5,-2,4,-4,-2,4,0,-4,-2,-7,-10,-6,0,-12,-2,-14,-12,-1,-16,4,-1,14
-5/7,0,2,0,-5,-3,1,-4,1,-9,7,8,-1,-1,6,12,-9,13,13,16,11,-6,9,2,10,-18
31/36,0,0,4,3,-2,6,1,-2,-3,0,-10,-1,-7,-7,4,2,-4,-4,4,0,0,8,-12,-6,-14
-1,0,-2,1,1,6,6,3,1,-4,0,1,7,12,10,-8,0,4,0,4,-8,1,8,12,-9,8
-21/79,0,0,2,1,2,-5,6,1,4,0,8,10,-9,10,8,6,-2,-1,8,-12,-11,-8,3,10,-12
-25/18,0,0,0,1,0,-5,-4,1,-3,-8,-8,10,10,-6,-6,-2,-11,2,-3,12,2,-16,-16,3,-2
75/16,0,0,0,1,-3,6,-1,-2,-3,0,-9,10,-6,4,6,6,0,-7,-10,-3,2,15,4,6,6
-59,0,2,0,-5,4,-6,-4,-2,6,0,3,-2,2,2,-6,7,-12,2,10,10,11,-11,-4,-6,-18
-9/49,0,-3,2,-5,4,1,-3,-2,-4,4,0,11,-5,4,11,6,-1,10,-10,16,2,2,1,-6,-14
-51/79,0,0,4,1,-1,2,-8,1,3,10,-4,-8,-6,4,0,-6,-12,-3,-2,9,0,-8,1,-17,10
51/5,0,0,0,1,0,-5,-8,-2,-3,4,-10,-7,-7,-10,-3,6,6,5,4,6,-2,4,12,10,5
43/61,0,2,0,3,0,6,-5,1,-3,-3,10,-6,0,-1,10,0,-4,-4,11,-4,-10,0,1,-17,2
41/80,0,2,0,1,6,2,-6,1,6,3,-10,10,-4,1,1,6,6,-2,8,0,-13,-4,-3,9,-5
7/10,0,2,0,1,-3,0,3,-2,-8,0,1,-10,0,2,-6,-10,-12,-10,-14,3,-13,-15,15,10,13
-5/16,0,2,0,0,6,6,2,1,0,4,-8,10,-2,4,13,1,-2,8,-10,4,-4,-8,4,18,-6
63/59,0,-3,3,1,-1,-1,-1,-2,-9,-4,1,10,-3,-12,0,-4,10,0,-10,-7,-7,-8,-5,9,14
2/7,-1,-2,0,-5,4,-5,-1,-2,-4,0,10,-3,-6,12,0,-4,0,-1,-10,-15,14,5,-4,-10,2
2,1,-2,0,1,-1,0,-6,1,6,-7,-6,10,-7,4,4,-6,-2,2,-12,-1,-13,0,12,0,10
60/29,0,0,0,-5,4,6,2,1,6,-6,2,10,-5,12,0,-10,6,-5,2,6,-13,-1,4,-9,-14
11/45,0,0,0,1,0,-5,4,-2,1,-5,3,-1,0,2,-6,-2,-1,4,12,-6,-13,0,14,-2,-4
45/76,0,-3,0,-5,6,2,6,-2,-3,-5,2,-8,0,-6,0,-2,-1,-5,-4,13,2,-8,4,1,-2
6/89,-1,0,1,-5,2,2,-1,1,-8,5,-1,-6,-5,4,-6,10,6,-8,-2,-12,2,-16,11,-8,-7
20/9,0,0,0,3,-5,-5,-5,-2,-3,0,4,-1,6,8,0,-2,10,-1,-12,-3,-4,10,-4,-2,-2
-92/11,0,-2,2,-5,-2,6,-3,1,-7,-10,8,-3,-6,-10,1,-3,6,-11,5,-5,-13,5,12,-10,7
23/8,0,2,4,1,4,4,2,-2,-7,0,1,2,6,-10,0,3,-7,2,16,4,12,13,12,-17,-6
-41/98,0,-2,-2,-5,0,-1,-5,1,-4,7,-4,-1,-4,-10,0,-2,4,-4,10,13,4,0,4,9,-18
-87/52,0,0,1,1,4,-2,5,1,-4,-10,10,-7,-9,-10,8,-12,6,8,-2,-4,-11,-6,2,-10,14
-11/20,0,-2,0,-5,0,-5,-6,1,-9,-1,2,-2,-7,-10,-10,6,-13,-2,-12,4,-11,8,-5,-6,-18
7/8,0,-2,1,1,4,-1,2,1,-8,3,-4,-11,1,-6,-8,-12,8,-7,4,4,-4,-8,1,10,-2
-1/40,0,-2,0,-5,-2,6,2,1,0,0,-2,-8,-6,1,-6,-6,2,10,-4,5,-2,-7,10,6,-4
-7/5,0,2,0,1,-2,-1,-6,-2,-8,4,3,-1,2,4,-6,1,0,-5,-8,-4,2,10,-6,-1,11
-19/25,0,-2,0,-5,-5,-6,-3,1,6,-5,-4,-2,-6,-1,-7,1,-3,-1,0,-15,-13,-9,0,-6,-6
0,0,0,0,1,0,-7,-8,1,-7,-10,-10,-11,-4,-1,-8,-10,-12,-13,-5,-12,-11,4,0,-13,8
13/18,0,0,0,-5,4,-7,-3,1,6,-5,1,10,3,2,11,-2,6,8,-11,0,7,-8,-10,1,-2
-7/6,0,0,2,1,0,2,-3,1,6,2,-10,-2,-2,-4,-6,6,0,-1,-3,-1,0,-6,0,-4,-6
-27/8,0,0,4,0,0,-5,2,1,3,6,4,6,-6,4,-4,6,6,-4,-4,-15,4,10,0,-6,14
96/37,0,0,-2,1,-1,-5,5,1,-4,-5,4,-8,-6,2,0,7,0,-8,4,-12,2,4,12,-8,3
19/92,0,-2,3,-5,-1,-6,-1,1,0,-1,3,7,1,-3,8,6,6,8,-2,5,-16,5,4,-6,6
-29/47,0,-2,3,-5,4,4,2,0,-8,-10,-10,5,-7,-4,3,-6,10,-4,12,13,-7,13,-16,-10,-8
39/35,0,0,0,-5,-2,-7,2,1,-3,0,-6,7,-6,-2,13,6,-5,1,4,-12,-6,5,-16,-10,-3
-31/92,0,2,3,-5,2,-5,5,1,0,-5,-10,-7,-6,4,8,-10,1,0,-3,8,14,13,14,-14,18
21/31,0,0,0,1,2,6,-1,1,-8,-2,2,-2,-7,4,-11,-10,-14,-10,-4,3,-7,5,-16,-12,-12
-39/92,0,0,-2,3,-3,-7,-4,-2,0,-1,-1,-8,-2,9,-6,0,-9,-3,2,14,7,-16,2,-1,13
-19/64,0,-2,1,1,-3,-6,-4,1,-3,0,6,10,-6,4,0,-11,1,10,5,16,-10,4,11,8,-14
-56/89,0,-2,4,1,6,0,2,-2,3,4,-1,-5,-2,-4,-10,-9,4,5,-10,-5,-11,4,14,-8,-6
-41/74,0,-2,0,1,6,6,-3,-2,-3,0,-7,-8,-4,8,-8,1,-4,2,2,-8,-7,2,2,12,14
51/89,0,0,2,1,4,6,-8,0,2,4,-9,5,-3,-6,-6,11,-4,-13,3,0,10,6,-7,-8,-6
24/73,0,0,0,0,4,1,5,-2,2,3,-5,10,-1,-6,11,-11,10,2,11,10,-6,4,-4,4,8
70/37,-1,2,0,1,-5,-5,6,1,-3,4,-1,-8,3,-6,10,6,-4,1,8,16,-10,-6,6,5,-6
-17/47,0,-2,2,-5,0,-6,-8,1,2,7,-4,10,-5,7,3,7,-13,-5,5,-15,-2,-16,9,10,3
-1,0,-2,1,1,6,6,3,1,-4,0,1,7,12,10,-8,0,4,0,4,-8,1,8,12,-9,8
-65/14,0,-2,0,-5,-3,-7,3,-2,-4,3,-6,6,10,1,8,-4,1,-7,3,-15,0,0,-4,9,-6
33/13,0,0,0,1,0,-2,-3,1,-4,6,-2,-1,-6,1,0,-2,6,4,0,-12,-11,12,12,-14,-7
-73/85,0,-2,0,-5,2,2,-2,-2,-8,6,-9,11,3,6,-3,-10,6,8,-11,-8,-11,0,2,0,-14
-85/96,0,0,0,-5,6,-1,-8,-2,-9,-8,-9,10,8,-1,0,-3,2,-2,11,6,7,-1,12,-15,-12
-45/29,0,-3,0,-5,-2,4,-4,1,0,-6,2,8,-6,4,-4,-3,-9,8,-3,6,11,13,-5,-14,13
-29/73,0,2,0,1,6,4,4,1,6,-10,3,6,7,-9,-4,-11,0,-5,5,-3,-6,0,0,10,-5
27/89,0,0,3,-5,4,-6,5,1,4,0,2,-11,-9,4,-1,-2,-1,8,14,-3,2,-14,14,-8,14
-19,0,-2,4,1,-2,6,5,1,0,10,3,10,-7,0,0,-12,7,-10,3,0,-2,-14,-4,-12,-5
-2/5,-1,-2,0,0,-3,2,2,-2,6,-5,3,10,6,5,6,6,10,13,3,8,-13,1,3,3,10
53/94,0,-2,-3,1,4,-1,-3,1,-3,7,-1,5,-6,-12,3,-10,-11,-1,-11,-4,11,13,-1,0,2
11/96,0,0,0,-5,0,2,4,-2,-4,-1,-1,-5,-2,-7,-3,3,-4,10,-4,15,-4,4,1,0,14
21/52,0,0,-3,1,-3,-2,-3,-2,-3,4,2,-1,4,12,0,-11,6,6,-8,15,1,-14,12,-6,14
-2/79,1,2,-3,1,6,4,-5,1,-3,6,-5,10,4,12,0,-14,0,-1,12,8,4,-8,-4,6,0
17/10,0,-2,0,0,4,1,-8,1,0,6,3,6,-6,-4,0,9,-4,-11,-6,16,7,-8,10,0,-10
-47/21,0,0,3,-5,-2,6,4,1,1,-3,-1,5,-4,12,-8,-4,11,-5,8,0,-7,6,0,0,-6
43/17,0,-2,1,-5,0,2,-2,-2,1,2,-1,5,-6,-1,0,-3,4,-10,4,-12,4,-8,3,-10,7
31/3,0,0,0,0,-2,-6,3,1,6,7,-10,6,-3,-3,-4,6,-14,8,2,-12,-4,-16,6,-7,2
13/4,0,2,-2,-5,2,-7,3,1,-3,-2,3,-1,-3,-7,-6,6,0,-10,8,-3,-13,-8,-4,-12,3
-37/23,0,2,4,1,4,-5,-3,1,0,4,-2,-11,-6,-1,-6,1,-12,-1,12,8,2,-4,12,-13,5
85/63,0,0,0,-5,-5,1,-8,-2,-3,-5,1,7,-7,9,4,-3,-11,5,-10,13,0,-8,-3,-3,12
-11/5,0,-2,0,1,0,1,-3,-2,3,0,-10,-7,1,9,-4,3,6,-2,4,10,2,-10,3,-14,-18
13/4,0,2,-2,-5,2,-7,3,1,-3,-2,3,-1,-3,-7,-6,6,0,-10,8,-3,-13,-8,-4,-12,3
39/94,0,0,4,1,-5,-7,-1,1,6,-10,-1,2,-3,8,3,6,-5,6,-14,-7,-2,8,-11,6,-8
67/31,0,2,3,1,4,1,-5,1,-8,3,2,-3,-7,-2,1,10,-7,5,-5,-12,7,-11,4,10,7
-12/11,0,0,-2,-5,-2,-6,-6,-2,-3,7,-9,-7,6,4,-11,-4,-11,-2,-4,-4,-5,8,-3,-3,2
-9/94,0,-3,2,-5,-3,2,3,1,3,6,-1,-1,-4,9,3,-2,0,-2,-11,-12,-4,6,12,-1,12
97/10,0,2,0,1,-1,4,-3,1,1,4,10,-1,-7,-7,12,-3,-4,6,10,-15,-2,-6,-4,18,8
-97/91,0,-2,-2,-5,0,-2,5,-2,-3,-5,-6,-2,-6,9,2,6,-4,-4,-2,8,12,11,12,0,8
3,0,0,2,3,-2,1,2,-2,-8,5,3,-2,3,10,-7,1,5,-5,10,4,-8,-16,0,3,12
-4,0,-2,4,3,4,-1,-3,1,-9,-2,-9,5,0,-3,-6,-6,-2,-8,4,6,6,4,-11,0,-1
2/19,-1,-2,-2,1,-2,-1,4,-2,3,2,-5,-8,7,-4,4,6,6,1,14,14,2,8,-5,18,8
-7/4,0,-2,2,1,-5,-5,5,-2,0,7,6,2,-4,4,4,-6,-4,-3,8,13,-14,0,12,1,7
-73/17,0,2,4,1,0,4,-2,1,-6,2,3,-11,2,8,-1,-4,-1,6,-12,11,-11,-5,-4,-14,-9
24/23,0,0,0,-5,-1,-5,-3,1,0,-2,-4,-6,7,8,-8,-2,0,-1,-5,-15,-2,-15,3,-14,2
-23/2,0,-2,2,1,4,-5,2,-2,-7,5,-10,10,8,-4,-8,-3,0,-10,-11,-12,-11,13,12,-6,10
44/5,0,2,0,1,0,2,-6,1,6,5,0,-1,-6,-1,6,-4,6,-5,-2,16,-10,13,-4,1,8
-85/27,0,0,0,0,4,-6,-8,1,-9,0,-4,11,8,12,-11,6,0,-2,2,-8,-7,-8,0,4,2
-44/53,0,-2,0,3,0,-5,6,-2,-4,5,-4,-7,10,6,-8,5,10,-11,5,-12,2,4,0,-1,8
11/65,0,2,0,1,0,-2,-6,1,-8,3,-1,10,8,-2,0,-4,-4,6,16,-8,10,8,-6,-12,14
3,0,0,2,3,-2,1,2,-2,-8,5,3,-2,3,10,-7,1,5,-5,10,4,-8,-16,0,3,12
59,0,-2,2,3,-3,6,-3,1,-3,4,-4,-7,-6,8,-8,-10,-12,5,-14,14,-4,15,0,1,9
-53/39,0,0,-3,1,-3,-2,2,1,-3,6,-5,6,1,0,0,-10,2,-3,12,3,-13,12,7,3,16
-35/44,0,-2,0,1,-2,-6,2,-2,2,-5,-1,-3,-7,12,-6,-6,6,-11,11,-6,8,0,6,-12,9
12/17,0,0,0,-5,-1,1,-2,-2,-8,0,-1,6,6,-1,6,-3,-7,-2,3,5,-9,-12,12,-6,8
31/19,0,2,1,1,0,1,1,-2,-8,2,-10,-7,-3,-2,8,6,-12,1,5,-15,-2,-8,4,10,-3
17/25,0,-2,0,1,-1,-1,-8,1,-4,5,1,2,-7,7,-6,-10,-4,13,8,3,11,11,-6,6,3
8/13,0,-2,0,1,-3,-2,5,1,-3,3,3,-8,-4,4,0,4,-10,-2,-3,-4,10,6,0,10,6
-81/56,0,0,1,-5,4,-1,5,1,6,-8,-4,5,-1,8,-6,-4,10,-13,4,-7,-5,6,0,10,2
87/10,0,0,0,0,-5,2,1,-2,3,-10,10,-2,12,-1,-1,-2,-5,-1,-12,14,-5,-8,-12,-14,8
17/56,0,2,3,-5,2,2,-8,1,0,-4,1,-10,2,-2,0,1,-14,-5,-14,-9,1,6,-9,18,0
17/23,0,2,1,-5,2,1,-8,1,0,-7,-7,-8,2,4,1,-11,-9,10,-14,-8,14,11,3,-15,-1
-2/5,-1,-2,0,0,-3,2,2,-2,6,-5,3,10,6,5,6,6,10,13,3,8,-13,1,3,3,10
65/57,0,0,0,1,4,-7,-3,-2,6,6,10,-1,-7,4,-10,1,6,0,-13,-15,-8,-16,4,-14,9
-71/45,0,0,0,1,2,6,-4,-2,6,4,6,-2,0,1,-8,6,-4,-12,2,-12,10,-8,4,-6,-13
1/3,0,0,2,-5,-3,-1,-5,-2,6,10,-8,-7,-6,1,-11,6,-1,2,12,-12,0,-14,-4,-6,1
97/7,0,2,4,-5,2,6,-4,-2,0,-10,-5,6,6,4,1,6,6,6,12,-12,-16,15,12,-1,8
-9/71,0,0,4,-5,4,-5,2,-2,3,-4,1,-2,-6,6,-3,-4,-14,-12,3,4,-6,10,-7,6,10
-96/59,0,0,4,3,0,1,2,1,-3,7,2,7,-7,4,8,-4,10,-3,-8,-12,-4,5,-6,-1,-9
-26/31,1,2,1,3,-1,-7,2,0,4,4,2,6,-3,4,-11,-10,6,-1,-11,-12,-4,-4,-4,2,-3
71/49,0,-2,1,-5,-5,4,1,-2,-6,-4,4,-7,-6,-10,-8,-9,-10,-4,4,-12,-10,-1,14,0,18
52/81,0,0,2,1,-1,-7,-3,1,1,4,6,10,-4,0,-6,6,6,-1,2,0,-2,4,3,-12,12
-3/95,0,0,0,0,0,-1,5,-2,-4,-2,-1,-2,6,-7,0,-12,-1,8,5,0,-2,-8,3,6,2
51/62,0,0,-3,-5,-5,-1,-8,-2,-9,7,2,-2,6,-7,0,1,-7,8,-12,-3,-13,-16,4,-17,-14
6/7,1,0,-2,-5,-3,6,-3,1,4,-4,1,-7,-5,8,0,6,-4,-1,8,-5,-14,10,6,-9,-8
-96/25,0,0,0,-5,-5,-5,2,-2,-8,-3,4,-2,1,5,-10,-9,2,-5,5,-8,-13,13,4,0,13
30/7,1,0,0,-5,0,-5,2,-2,-3,-2,-1,7,6,6,7,-2,-4,13,12,5,2,13,-4,-8,-2
-75/97,0,0,0,-5,6,6,5,-2,6,6,-1,-2,-5,-6,3,-4,6,-5,5,-12,11,4,6,-10,4
-97/71,0,2,3,0,4,6,-3,1,-3,-8,3,-7,6,4,0,-2,-10,-2,4,4,12,-7,14,-7,8
21/20,0,0,0,1,2,1,1,1,-6,-5,0,2,12,1,0,10,6,5,-8,-9,12,-5,-8,5,6
-37/72,0,0,1,1,-2,-5,6,-2,-8,4,10,-11,6,-6,-6,0,-4,2,8,-12,-8,6,3,1,-7
50/9,1,0,0,-5,0,6,5,-2,-8,-5,-5,-7,-6,-3,-11,-3,4,1,3,-9,-10,9,-4,12,-2
19/72,0,0,0,1,4,6,-4,1,4,7,-5,-7,0,-7,0,-3,4,4,2,3,-2,-6,4,0,-6
3,0,0,2,3,-2,1,2,-2,-8,5,3,-2,3,10,-7,1,5,-5,10,4,-8,-16,0,3,12
-2/11,1,-2,3,3,-2,2,-5,1,0,9,-4,-7,-1,6,1,1,-4,-8,-8,-9,-11,11,12,-1,13
7/87,0,0,0,1,-3,-5,6,-2,-8,-6,-10,6,7,8,-8,6,-11,5,-11,6,-8,-8,-4,2,-5
34/15,-1,0,0,1,-2,-5,-8,0,-3,10,-7,-7,-6,12,-6,-2,0,2,4,6,12,-16,4,-15,0
-49/34,0,-2,2,1,2,0,-2,-2,2,-2,-7,-8,-9,9,7,11,10,2,-5,13,-9,0,11,0,-9
47/67,0,-2,0,3,-2,-5,-3,1,3,-7,-4,-7,6,-10,-8,-2,2,6,0,0,-14,-15,2,-13,-14
-32/9,0,0,0,-5,4,-5,-3,-2,-4,3,-2,-2,-6,-4,-2,2,5,-2,4,8,-8,-10,0,-6,11
37/23,0,-2,1,0,-3,-5,-4,-2,0,-10,2,-11,2,-3,4,11,-7,-7,-11,-15,2,-14,-16,6,-13
78/97,-1,0,1,1,4,-7,5,0,3,-7,-10,-2,-6,7,-4,10,-14,1,5,4,-13,-8,-3,-14,4
33/29,0,0,0,-5,0,4,1,1,-8,-6,1,-5,4,-1,12,-2,0,-7,8,5,-2,8,-6,-6,-6
-58/79,1,-2,-3,1,-3,6,-3,1,6,-10,-9,10,-2,-3,0,6,5,8,5,-6,-10,-8,10,6,-18
85/27,0,0,0,1,2,6,-8,-2,0,4,-6,-5,8,6,-11,-9,-7,6,5,-12,-6,4,16,0,2
83/68,0,2,4,-5,-2,-6,-2,-2,-3,-5,10,-2,-6,-10,-8,-6,-12,8,5,6,-6,-10,0,-10,0
18/49,1,-3,3,-5,0,6,-3,1,2,-1,2,-7,-2,10,6,-9,0,1,4,6,-2,6,12,6,17
41/12,0,0,3,-5,0,4,-6,1,-3,4,6,-7,-4,8,0,0,2,-7,2,-9,2,-12,6,0,-2
-91/36,0,0,1,1,6,-7,2,-2,-6,4,10,-2,10,-1,-1,-6,6,-4,2,-15,-7,4,15,-6,-2
-55/97,0,-2,0,1,0,-6,5,0,1,0,-7,5,10,4,1,0,6,8,-10,-4,6,-8,12,-14,4
-53/25,0,2,0,1,0,2,-3,-2,6,-4,-1,2,-1,5,-6,-10,-4,-12,-11,-12,7,-11,2,-8,14
-23/42,0,0,4,-5,2,2,6,1,-7,-2,3,-7,-6,1,8,-2,-4,5,-14,0,-1,-8,-15,0,10
-18/65,-1,-3,0,-5,4,-2,-5,1,-6,3,-7,10,-4,8,-8,-2,6,4,2,4,2,-15,11,-14,2
10/11,-1,-2,0,1,-2,-5,-3,-2,-8,6,0,10,0,4,-6,-2,-7,5,2,14,-2,5,-3,6,18
31/82,0,2,-2,1,-3,4,4,1,-3,-5,-10,11,6,10,0,-4,10,10,12,-7,8,-16,12,-1,-12
2,1,-2,0,1,-1,0,-6,1,6,-7,-6,10,-7,4,4,-6,-2,2,-12,-1,-13,0,12,0,10
3/2,0,0,2,-5,4,-5,-1,-2,-3,4,8,-7,-7,1,0,6,-9,10,-14,-3,-10,-4,-3,0,2
31/15,0,0,0,3,4,-1,-1,1,-4,-2,-10,10,0,-4,-8,1,4,5,12,-3,-6,-14,0,-17,-6
5/2,0,2,0,1,0,-1,5,1,4,-5,10,-2,2,0,-4,6,-4,-2,-5,9,-10,8,-13,0,-3
4/7,0,2,-2,-5,6,-5,2,1,-8,9,-5,11,-3,-10,8,1,11,6,-8,-15,0,-8,6,-15,-18
-7/4,0,-2,2,1,-5,-5,5,-2,0,7,6,2,-4,4,4,-6,-4,-3,8,13,-14,0,12,1,7
-5/16,0,2,0,0,6,6,2,1,0,4,-8,10,-2,4,13,1,-2,8,-10,4,-4,-8,4,18,-6
17/21,0,0,0,-5,4,6,-8,1,-8,4,-1,6,-3,4,-8,4,6,-13,11,9,2,-10,0,-2,2
-11/8,0,-2,-2,3,0,2,2,0,-3,-3,10,-1,-6,-1,0,-2,4,-7,2,2,10,-16,15,-14,6
33/43,0,0,4,-5,0,-5,5,1,1,0,-9,-11,0,-12,-6,-6,11,-10,2,-9,4,-10,4,12,14
-58/43,1,-2,1,-5,-2,-5,2,1,0,-10,-8,-2,-6,-12,-6,-2,-9,-2,10,-12,-7,5,6,6,10
64/71,0,-2,2,0,-3,0,-1,-2,-3,-2,-1,-6,-3,4,1,-11,-7,1,5,4,-6,6,-7,-6,-12
-20/33,0,0,0,3,-2,6,2,1,-8,-3,-8,-2,2,4,-6,-3,2,1,0,-12,-8,-16,-12,-7,8
-28/39,0,0,-3,1,6,-2,-3,-2,0,5,3,5,-6,8,-6,-6,-7,1,12,4,-4,-15,0,-12,0
2/3,-1,0,2,3,0,-5,6,-2,-6,7,3,10,4,9,13,3,7,-5,5,-7,-11,12,10,-8,14
-5/37,0,2,0,0,4,-1,-3,1,-8,5,-7,-8,8,12,-8,11,0,6,4,0,-5,0,6,-8,-10
-74/41,-1,-2,0,-5,6,0,-3,-2,-3,-10,-5,-11,6,4,0,-3,-5,-8,10,-12,-5,-15,-6,18,-2
-67/48,0,0,4,-5,0,6,5,1,-3,-1,2,-8,6,8,-6,-10,9,8,-5,0,2,-11,-4,8,10
59/25,0,-2,0,1,4,-6,4,-2,6,6,4,6,-5,1,-6,-6,-12,-6,-11,0,-5,-16,15,-12,-18
13/8,0,-2,0,1,-2,-7,-3,1,-6,-1,-8,-10,-6,8,-11,1,11,0,-3,-6,-1,-6,9,9,-18
13/32,0,-2,2,-5,0,-7,-6,0,0,3,-9,11,0,5,-6,0,-7,1,-5,-9,11,13,0,18,-6
8/9,0,0,-3,-5,4,4,3,-2,2,-5,-7,-2,10,4,-6,1,-14,6,14,-12,7,15,8,1,17
-34/45,-1,0,0,-5,6,1,-8,1,3,4,-6,-2,-6,-1,0,-2,0,2,-12,-9,6,0,-3,-1,-14
68/11,0,2,0,3,-2,-5,-8,0,6,6,-5,5,-5,-7,11,-9,13,-7,-14,-9,2,8,0,6,-6
58/43,-1,2,4,1,0,-5,2,1,-9,-10,1,-7,-4,-12,6,-4,0,8,-14,4,-8,6,17,1,-2
68/89,0,2,-3,0,-1,-5,-8,-2,6,-4,-1,10,-9,4,-8,-6,0,-1,-11,14,-4,-8,4,-8,8
-55/21,0,0,0,-5,0,4,3,0,-6,-2,-8,-2,0,0,3,6,5,-1,-8,4,-14,8,8,6,10
-68/61,0,2,-3,1,4,-5,-8,1,-4,4,6,-6,0,-6,3,6,-7,-4,4,-3,7,-1,7,-6,18
-5/2,0,-2,0,0,-2,-5,-5,-2,-3,-5,-9,-5,-6,-10,0,-10,10,6,5,-9,14,5,4,3,12
7/46,0,2,2,1,0,2,-6,1,0,-8,8,-7,7,12,10,0,6,6,-11,-7,-2,-1,1,0,17
33/29,0,0,0,-5,0,4,1,1,-8,-6,1,-5,4,-1,12,-2,0,-7,8,5,-2,8,-6,-6,-6
18/7,-1,-3,1,-5,-5,2,2,1,-9,6,2,6,7,8,-11,1,-9,-11,6,-9,-1,15,-7,10,-6
-47/56,0,-2,0,-5,0,4,5,1,-6,0,-9,-2,6,10,-8,-6,-2,-1,14,-15,4,-8,16,-14,2
-5/4,0,2,0,-5,4,0,2,-2,-6,-4,-1,-2,8,12,1,0,-4,10,-2,0,-2,-14,0,-1,6
2/3,-1,0,2,3,0,-5,6,-2,-6,7,3,10,4,9,13,3,7,-5,5,-7,-11,12,10,-8,14
-58/85,-1,-2,0,-5,-5,2,-2,1,-3,-10,0,-7,6,9,-6,6,-7,-5,-10,0,14,4,16,1,12
-85/12,0,0,0,-5,-2,6,-8,1,4,-4,3,5,10,-6,0,-3,-4,5,-12,-1,1,12,6,-6,8
-2,-1,2,-3,-5,0,4,5,-2,-8,-1,-4,6,-9,-2,0,-6,6,5,8,-13,-6,-7,-16,-6,-14
4/71,0,-2,1,-5,-2,-5,1,-2,6,6,-4,10,-7,4,-6,0,-1,1,12,4,-6,12,-8,-14,8
-1/2,0,2,-3,3,4,-6,-3,1,3,3,0,10,6,8,0,-4,-4,8,12,-15,-7,12,4,6,-13
-84/89,0,0,1,1,-3,1,-3,-2,-3,4,-8,-11,-4,9,0,-11,11,-6,5,3,-1,12,6,-8,9
-67/24,0,0,2,0,4,2,2,-2,6,-2,-1,-2,6,10,0,1,0,-2,-5,10,-2,1,10,-12,-9
37/31,0,2,0,3,0,2,3,-2,-9,-2,2,-11,6,-2,-10,2,4,13,-8,-9,-14,-8,4,5,18
17/19,0,-2,3,1,0,-5,-8,-2,-3,6,-9,-10,6,-10,-6,-4,6,-2,8,12,-6,-9,-3,1,14
-1/3,0,0,-2,1,4,-5,5,1,-3,3,1,-8,0,-7,-11,-3,0,-11,-11,-9,4,4,-8,1,-2
-39/68,0,0,0,1,0,-7,-2,1,-6,0,-5,-7,0,4,0,6,10,8,16,4,-8,-10,6,-7,-14
16/33,0,0,0,1,-2,-6,4,1,-4,-2,-1,5,-9,8,11,-2,-4,1,-14,3,-13,-9,0,-1,-5
-84/41,0,0,2,1,2,2,2,-2,-8,6,-10,-5,6,10,8,9,4,1,-10,-4,7,-8,12,-10,2
-47/66,0,0,-2,3,-2,-5,5,1,6,-4,-9,6,7,-1,-8,6,10,-2,-3,0,-10,-9,-4,-6,14
65/21,0,0,0,-5,-5,-7,6,1,6,10,-5,2,-9,10,0,1,0,1,-14,8,-2,0,17,-12,-14
49/66,0,0,2,1,-2,2,4,1,-4,-5,-1,-2,6,-1,4,6,0,-8,0,-9,-16,-8,12,-7,12
-95/64,0,2,0,3,0,-5,5,1,-9,-10,1,-6,3,-6,7,-3,7,-1,-10,0,-2,15,2,18,9
7/58,0,2,1,1,2,6,4,-2,4,-6,6,-7,-9,-9,3,0,0,6,-10,4,6,4,5,-8,13
48/59,0,0,-2,1,-5,-5,-5,1,-3,3,0,-5,-4,10,-1,6,10,1,-14,6,-6,-4,-16,12,-2
69/61,0,0,1,-5,2,6,6,-2,-7,2,-2,2,7,7,-6,-6,4,-4,-11,-4,0,-1,0,6,-9
93/26,0,0,3,1,-3,-2,3,1,6,-1,-10,-2,-7,6,6,-4,-12,-11,12,11,12,5,-16,-3,8
-45/37,0,0,0,1,0,1,-6,-2,-3,-1,-1,-8,-6,1,0,-4,0,6,-14,-15,14,0,10,6,-2
47/84,0,0,-2,-5,-1,2,-3,-2,-4,2,3,8,3,-2,-8,-12,-12,-2,-10,8,2,-4,8,6,7
-8/17,0,-2,2,1,2,4,-2,1,-3,7,-5,-6,-6,4,0,0,5,-7,-14,-1,7,10,-7,-13,-3
-29/23,0,-2,0,3,-3,2,5,-2,0,-10,1,-5,0,4,7,-2,11,5,9,-12,5,-8,-4,1,13
47/6,0,0,-3,1,2,2,2,-2,0,5,-9,2,-6,9,-8,0,6,6,11,6,-14,10,-16,-15,-5
-36/17,0,0,2,1,4,-5,-2,1,2,5,2,-11,-7,12,4,-3,-4,-5,9,-7,-13,-8,-4,6,-6
31/21,0,0,0,-5,-1,6,6,1,-9,6,-10,-2,12,0,0,-14,-4,10,-13,-2,-6,4,4,-15,-4
76/13,0,2,0,0,4,-2,5,1,-4,-5,-9,-2,8,1,-8,-2,-12,8,12,5,11,0,-4,-9,8
-29/6,0,0,0,0,0,-6,5,-2,-4,-10,-8,2,-7,12,-7,-14,4,-1,5,6,14,-10,15,-13,3
-82/35,1,2,0,-5,-2,2,2,1,-4,-2,-9,-8,-4,8,-8,-12,2,-11,9,3,11,12,12,6,11
80/21,0,0,0,-5,0,2,2,1,2,3,1,-3,0,-12,-6,-10,0,5,2,-15,0,-8,7,2,2
13/5,0,-2,0,-5,4,-7,-5,-2,-8,7,0,-5,-3,4,-8,-2,-4,-1,5,-15,2,8,6,-3,2
-76/47,0,2,2,3,-3,2,-6,1,-6,0,3,-7,-6,0,3,1,-13,-10,2,-2,-2,-10,4,-14,18
21/37,0,0,-2,1,0,-1,1,-2,-3,0,10,-8,-6,-6,-8,-6,-5,-8,8,0,14,12,2,8,1
-29/17,0,-2,0,1,0,-1,-2,1,-3,-10,-1,10,6,8,6,6,13,-1,0,-2,-10,5,12,-17,-2
-1/18,0,0,3,-5,-2,-5,3,0,4,-5,3,10,6,12,1,11,-11,-3,4,6,-6,-8,2,-6,17
-46/5,1,2,0,1,-3,-1,4,1,-7,3,-4,10,12,12,11,0,-4,-5,5,3,-14,-8,-4,-15,5
-39/46,0,0,0,1,0,-7,4,-2,0,-2,4,-2,6,6,8,-6,5,-1,4,-9,14,6,12,10,6
19/10,0,2,0,-5,-2,4,1,1,6,0,-5,10,1,-9,-11,-2,-2,13,-11,13,-14,6,12,-15,-1
5/31,0,-2,0,-5,-2,2,-3,1,-3,-5,2,-6,6,-3,13,9,8,-2,8,0,6,0,-3,-15,-10
-13/7,0,-2,0,-5,2,-7,2,1,6,2,2,2,-5,6,0,3,-11,-2,-2,14,6,-10,10,-14,0
1/18,0,0,3,1,0,-5,4,1,-3,0,10,6,6,-12,1,1,8,-6,-12,12,6,-7,12,-8,-18
19/21,0,0,2,-5,-2,-5,-4,1,6,2,-9,-2,-6,2,-10,-9,-4,5,-5,5,7,6,-4,-3,-5
-25/33,0,0,0,1,-2,0,-3,1,-3,4,3,-10,-9,0,13,1,10,8,4,-8,0,8,-4,-12,10
-42/17,-1,0,1,1,-3,-1,-2,1,3,-10,3,-6,-6,4,8,6,0,1,12,8,6,5,0,-17,13
29/33,0,0,0,3,-2,-6,2,-2,-9,-10,1,10,-7,-4,-6,-11,-12,-11,2,-15,12,-10,2,-14,8
-1/7,0,-2,3,-5,-2,4,6,1,-3,-2,-1,-2,0,-4,4,-3,-12,4,11,-8,-5,-4,7,-12,18
-46/39,-1,0,0,1,4,-2,4,-2,-7,6,-6,2,2,4,0,-4,-1,-7,5,-12,5,6,-1,1,12
22/21,-1,0,3,-5,0,-6,2,-2,1,3,-10,-1,3,10,4,-6,-10,-2,-14,-9,-13,-6,2,6,-18
77/41,0,2,-2,1,0,-6,5,-2,-8,-2,8,-5,6,-1,-8,-6,4,-3,-2,0,7,8,9,12,6
-11/76,0,2,2,-5,0,6,2,-2,-3,4,-4,10,-5,-7,0,1,2,-3,-5,10,-1,-9,6,-7,10
98/11,-1,2,3,1,-2,1,6,1,3,4,1,-5,0,2,-4,-11,-7,-11,8,6,11,0,-4,-8,1
-87/11,0,0,-2,0,-2,4,-5,1,-3,-10,-5,-5,-9,-3,3,4,10,-10,14,3,12,13,12,-4,18
-47/91,0,2,-2,-5,6,-2,6,-2,-3,10,-1,-5,0,-4,-8,6,0,-2,-8,-1,14,-15,14,-1,-5
-85/24,0,0,0,1,4,2,-8,1,3,-5,-8,6,-6,4,-6,-12,0,0,5,6,-7,15,-4,8,5
-1/52,0,-2,-3,1,-3,-2,3,1,-9,-4,-4,-3,7,-10,0,-3,-7,8,2,-2,-6,-4,1,6,-10
-66/23,1,0,-2,1,0,-1,-5,1,0,4,4,-5,-1,10,-6,-12,-4,-5,-14,8,-1,-1,3,-6,-18
-17/19,0,2,3,-5,-1,-5,-8,-2,6,6,-10,-2,6,0,6,-2,-2,6,8,6,10,-8,6,-8,14
87/92,0,0,0,3,0,-1,-1,1,0,-10,6,10,12,-10,-6,6,1,-7,-12,4,-2,6,-6,1,10
-35/24,0,0,0,1,6,4,6,1,3,6,-5,-10,-1,1,-8,-2,0,-8,-2,-3,-7,-16,12,-14,2
-30,1,0,0,-5,-2,-1,-3,1,-6,0,2,10,-1,-1,0,-4,-4,4,4,-15,-2,-8,-3,1,8
7/4,0,2,-2,1,6,-5,-5,1,-9,0,-7,10,-6,5,6,-3,-10,-6,8,5,-14,-10,-4,-10,16
37/28,0,2,1,-5,0,6,-3,1,1,0,-4,-11,0,4,-7,9,-1,8,2,0,7,11,-4,-14,-2
-80/29,0,-2,0,-5,0,-5,3,-2,6,-6,-5,-5,-3,-6,0,4,-12,-2,2,8,4,-8,2,18,-5
-12/5,0,0,0,1,-1,-5,4,1,-6,6,1,-2,-6,-9,0,-10,13,-8,12,15,14,-4,-4,10,-7
-81/11,0,0,1,1,-2,-5,2,-2,-3,3,10,5,2,4,8,3,6,1,-14,10,-4,11,-3,2,-7
-7/20,0,2,0,1,0,6,-4,1,6,-2,-9,-7,-6,-10,4,11,-4,-5,10,-5,6,-6,-15,-10,1
-40,0,-2,0,1,-3,6,5,-2,2,-10,-1,-10,-6,10,0,5,0,-5,-13,-15,-11,12,-3,-14,-12
-48/7,0,0,0,-5,-5,-5,5,1,-8,-10,-6,-7,12,6,4,-2,0,6,-12,5,11,12,2,6,-6
17/42,0,0,2,-5,0,2,-8,1,-3,-5,1,5,-6,-1,12,-4,4,6,-12,3,12,-8,12,10,-7
2,1,-2,0,1,-1,0,-6,1,6,-7,-6,10,-7,4,4,-6,-2,2,-12,-1,-13,0,12,0,10
-66/89,-1,0,4,-5,0,6,-4,-2,-4,-2,2,-2,-6,8,13,9,6,2,-11,8,-9,8,6,-8,-2
19/27,0,0,-2,1,2,-6,1,1,-4,-4,3,-11,6,1,8,-6,6,5,16,-4,-6,5,5,6,-3
5/42,0,0,0,-5,-2,-6,1,1,-6,4,1,8,-6,4,-8,-2,-12,-10,0,-15,-2,0,10,-6,17
42/25,1,0,0,1,-2,2,4,-2,-8,-2,-2,-2,2,-12,0,-2,-14,-1,4,6,-5,-14,2,1,-18
67/97,0,2,0,3,4,-1,1,1,6,-1,-5,-5,12,-4,-6,-9,0,8,-5,-12,-4,0,-5,0,4
13/15,0,0,0,1,2,-7,-6,-2,3,-8,-5,-6,6,-2,-1,-3,0,-1,4,-12,6,4,2,9,-7
-13/97,0,-2,4,1,-5,-7,-5,-2,6,3,-1,-6,12,5,-6,-2,-1,-10,2,-15,-10,-9,2,12,4
40/91,0,2,0,-5,2,-2,4,1,2,10,3,6,8,12,-6,-3,6,-10,1,-1,-4,-15,2,6,-6
52/7,0,2,0,-5,0,-7,2,1,4,-3,3,10,6,-9,0,-3,4,8,-14,-7,-13,-9,-3,-14,5
-83/55,0,2,0,1,-2,6,-4,-2,-3,-10,3,10,-6,7,11,-6,4,13,-2,5,-11,11,0,-15,-2
88/37,0,2,1,1,0,-5,4,-2,-8,4,-7,-8,-3,-7,4,4,-2,1,8,-15,7,13,4,10,-12
34/29,1,-2,4,1,0,6,-8,-2,-8,-6,-1,-2,-5,8,11,1,-5,6,8,-9,0,13,-9,-12,-13
-26/73,-1,2,0,3,-5,-7,2,1,-3,-4,1,2,-6,4,-8,-14,-11,13,0,-1,-6,-8,6,9,-14
59/62,0,2,3,-5,6,0,-1,1,6,6,2,6,-5,7,-3,3,-12,5,8,6,2,4,5,10,-9
53/88,0,-2,4,0,-2,-5,6,1,0,-3,-1,-2,-7,2,-8,-10,6,-4,2,-12,12,-4,-16,-6,-13
-37/13,0,-2,2,1,0,-2,2,-2,2,6,-8,-11,0,-6,-6,6,-4,8,-14,3,11,-8,0,6,-18
11/7,0,-2,-3,-5,0,-1,-3,-2,6,3,6,-6,6,4,-6,7,0,-10,-14,-9,12,-14,6,0,-12
-97/75,0,0,0,3,6,0,-3,1,-8,-2,-1,2,6,-6,-6,-6,4,2,3,6,2,5,-4,-15,8
-16/5,0,2,0,0,6,0,1,1,2,7,3,-5,-6,-7,0,6,4,-1,4,-5,10,-14,12,12,3
-31/12,0,0,-3,-5,-1,-5,-3,1,3,-3,-10,-5,0,-6,0,1,6,-2,10,-4,5,-1,1,6,0
94/75,1,0,0,1,0,6,5,0,6,-8,3,-7,10,7,-8,-6,2,5,-6,14,-6,8,15,6,-1
-31/13,0,-2,0,3,-5,-2,6,1,6,4,-10,-7,7,5,0,6,-4,8,2,0,-13,13,-6,2,8
-37/19,0,-2,0,0,4,-1,1,-2,-3,-3,4,-11,-1,-9,-7,0,-13,1,-8,4,4,-8,-10,-4,17
-42/41,-1,0,0,1,-2,-5,5,1,-3,4,-6,-2,6,8,0,-4,6,-8,3,0,2,-6,11,10,-2
-1/36,0,0,2,1,4,-1,-3,-2,3,-2,6,8,-2,4,-10,-2,0,-8,3,-13,-13,5,-3,3,6
13/14,0,-2,2,-5,0,-7,1,1,-9,5,3,-6,-9,-1,7,-3,6,10,2,0,2,-16,-16,6,14
-19/99,0,0,1,1,-2,-1,6,1,-8,-2,-6,-2,2,-4,-6,-11,0,8,-14,10,-6,-16,-6,-3,2
3/56,0,0,0,-5,-2,-5,-3,1,-8,9,0,-1,-2,6,-11,-3,4,-11,0,0,-2,13,14,-17,-5
-5/28,0,2,0,-5,-5,-5,5,-2,-4,-4,3,-2,0,1,0,-11,8,2,2,-7,-13,-16,0,3,-1
-95/78,0,0,0,3,-3,-2,3,1,-3,-5,-9,-8,-3,7,-7,6,-1,5,-10,-4,-2,8,12,2,-12
27/31,0,0,2,1,-2,-5,-3,-2,1,0,2,2,7,6,1,-10,0,-12,5,4,2,-9,-10,-6,-2
-49/19,0,-2,1,1,0,6,4,-2,6,-7,8,10,-3,7,6,1,4,-7,10,-6,-7,12,-4,10,-9
-31/16,0,-2,2,1,4,6,2,1,3,-10,-10,-2,6,4,2,6,-10,6,11,9,7,-16,-4,-12,-10
57/56,0,0,-2,-5,-1,4,-3,1,6,6,6,-2,-6,7,3,3,7,13,2,8,-2,8,-13,10,-18
22/61,-1,2,0,3,0,2,-4,1,-8,-5,-5,-8,-6,-4,-6,6,-9,-4,-12,10,-4,-15,12,18,14
0,0,0,0,1,0,-7,-8,1,-7,-10,-10,-11,-4,-1,-8,-10,-12,-13,-5,-12,-11,4,0,-13,8
9/7,0,0,-3,-5,2,-5,5,1,-8,6,10,5,0,-9,-6,-10,10,-2,-12,0,-2,-15,-4,-17,-19
75/47,0,0,0,0,-2,4,5,1,2,0,-9,2,-2,12,3,-2,-4,0,3,14,0,-12,0,-6,2
31/14,0,-2,1,-5,-2,-5,4,1,-8,-2,-10,2,-1,-10,11,-10,6,13,2,-1,-13,-14,1,12,6
-31/21,0,0,2,-5,0,2,2,-2,0,6,-10,-3,6,-10,-7,-6,-2,-7,0,8,-13,-8,-4,-3,-7
-9/4,0,-3,1,3,2,2,-6,1,-3,-4,-8,10,6,6,-2,-9,-12,13,3,-15,-5,-8,12,6,2
1/10,0,2,0,-5,6,-5,6,1,3,5,-4,2,0,-1,-2,6,4,0,-3,-12,2,-14,-4,6,-3
-25/11,0,2,0,1,-2,-6,1,1,0,5,-5,-6,0,1,4,6,-10,4,5,14,0,-16,-3,-2,14
-31/14,0,2,4,-5,0,-5,3,-2,2,-2,-10,10,-4,8,0,7,-2,1,6,4,-8,4,-7,12,-9
73/44,0,-2,2,-5,-2,6,-4,1,-8,4,-1,-2,-6,6,0,-2,5,6,-8,12,-11,8,-11,-14,17
18/37,1,-3,2,1,6,-5,-5,0,-8,-3,3,-8,6,4,0,-11,-13,-7,14,10,-7,-15,-11,10,-9
57/59,0,0,-3,-5,2,2,2,1,-3,0,3,10,10,-6,10,3,10,2,0,4,2,4,-3,-3,2
39/11,0,0,1,0,-2,-7,-6,-2,4,6,3,-2,-1,2,-8,6,-7,5,-10,-8,4,-10,-11,6,-6
6/11,1,0,4,-5,-2,2,3,1,3,3,-5,2,6,0,8,-3,6,-13,5,6,-6,-14,-4,2,-18
-31/76,0,-2,1,3,0,-1,5,-2,1,4,-10,-2,-6,8,4,-10,0,2,11,-12,11,-16,-16,0,-4
-23/5,0,-2,0,0,-1,4,-4,-2,-7,6,-1,-7,6,-1,-2,-10,0,10,-2,9,-4,12,9,18,8
7/24,0,0,3,1,0,1,4,1,3,4,1,-2,-7,4,8,6,-4,13,5,-3,-5,-16,3,6,-10
-61/86,0,2,1,0,-2,6,1,-2,4,5,-1,6,-5,-12,6,-9,0,-13,8,-7,-1,15,-1,5,-2
40/41,0,-2,0,1,4,6,-3,-2,-3,9,-10,-5,6,1,6,-11,-12,5,4,-6,-2,-14,0,-17,-18
1/3,0,0,2,-5,-3,-1,-5,-2,6,10,-8,-7,-6,1,-11,6,-1,2,12,-12,0,-14,-4,-6,1
-48/71,0,0,-3,0,0,-5,4,1,-4,5,-5,-5,2,1,0,-3,-2,-3,2,4,4,5,-6,-15,-10
56/59,0,2,2,1,-2,-5,1,1,-4,-1,-6,-5,0,-4,0,-2,10,-2,6,3,6,6,-3,-13,17
93,0,0,3,1,4,0,-3,-2,-3,-4,-10,-5,-1,8,-8,-10,0,10,4,3,-14,-10,10,6,-1
-73/71,0,2,-3,-5,-2,1,-3,-2,-8,10,4,-8,-4,4,-8,1,0,-4,-12,4,-11,-4,5,6,-18
-3/8,0,0,2,-5,-5,4,-5,1,4,-2,10,-3,2,2,-3,1,0,1,10,0,2,-8,10,-6,17
57/80,0,0,0,-5,0,-1,-4,1,-3,-2,-4,-6,-2,-12,12,6,2,-5,8,14,-1,-8,-4,3,-13
-9/79,0,-3,1,1,-5,-5,-1,1,2,-5,-7,10,3,-9,4,6,-4,8,5,-12,4,-8,2,-10,5
-5/26,0,-2,0,1,4,-2,1,1,2,0,2,-11,-6,-6,0,6,0,4,5,-12,-13,-16,0,-16,10
36/59,0,-3,1,-5,0,6,-3,1,-3,6,10,-2,-7,-1,-7,-10,10,1,-10,-12,7,-10,-16,-12,18
80/17,0,2,0,0,2,6,-2,-2,6,5,3,5,-3,6,1,-2,-4,1,8,14,7,-10,12,9,8
-1,0,-2,1,1,6,6,3,1,-4,0,1,7,12,10,-8,0,4,0,4,-8,1,8,12,-9,8
-43/32,0,2,2,-5,6,-5,-3,1,6,-4,10,-5,2,-1,12,11,-14,5,5,4,14,10,4,-3,-2
15/29,0,0,0,0,6,-5,2,-2,4,-6,-1,-8,8,4,0,-10,-4,8,11,6,-6,10,1,-2,17
77/87,0,0,4,1,0,2,-3,-2,-8,-6,-9,5,12,5,0,-3,-4,-2,-10,-4,14,15,-16,6,10
3/2,0,0,2,-5,4,-5,-1,-2,-3,4,8,-7,-7,1,0,6,-9,10,-14,-3,-10,-4,-3,0,2
-53/38,0,-2,1,0,4,2,-3,-2,-8,6,10,-2,-5,4,13,-10,-7,-6,0,-12,11,4,2,8,11
-23/53,0,-2,2,3,2,1,2,0,-7,6,6,-11,-7,4,-1,5,0,2,5,-3,14,-12,-16,-10,-18
15/34,0,0,0,1,-3,2,-2,0,-6,5,-5,-3,-2,2,-6,-6,8,13,-12,-12,-10,4,-16,-10,-5
86/25,-1,-2,0,-5,-2,-5,5,1,-4,6,-9,7,10,-1,-4,-2,0,10,-2,6,14,-8,12,-3,2
87/52,0,0,4,0,-3,-2,-6,-2,-8,-10,-9,-6,-3,0,-6,3,-2,4,4,0,4,9,1,1,10
43/31,0,2,2,-5,2,-6,2,1,4,6,2,7,6,-1,-8,-2,11,2,5,3,-7,-14,7,-13,-10
-4,0,-2,4,3,4,-1,-3,1,-9,-2,-9,5,0,-3,-6,-6,-2,-8,4,6,6,4,-11,0,-1
-1/24,0,0,2,1,4,6,6,1,-4,-4,-5,-7,-4,5,0,-9,10,-2,14,-12,-8,-8,6,10,-2
-36/43,0,-3,-3,1,-2,-5,-3,1,1,3,-4,-1,2,-12,6,1,-7,2,-14,0,-1,0,0,-10,14
-71/18,0,0,2,-5,-3,-5,2,-2,-3,-5,0,-1,-6,12,-10,0,0,13,4,-12,-13,0,10,-6,6
67/74,0,-2,-2,0,4,-6,2,-2,6,-4,3,-8,-9,-2,-8,3,-4,8,-5,-6,-10,-9,17,4,8
-48/35,0,0,0,-5,0,6,2,1,-9,0,10,-11,6,-4,-1,-6,-2,8,-14,6,-7,5,11,1,-14
-32/3,0,0,4,0,-3,4,6,1,-4,0,1,2,3,-6,12,9,11,8,-10,4,-10,8,-12,8,0
-27/13,0,0,4,1,-2,-2,5,-2,-3,-10,8,-2,6,12,-11,-6,0,5,-10,-1,10,-1,6,-9,-4
83/68,0,2,4,-5,-2,-6,-2,-2,-3,-5,10,-2,-6,-10,-8,-6,-12,8,5,6,-6,-10,0,-10,0
7/16,0,2,0,1,0,4,-1,1,-4,-3,-1,-8,3,6,0,6,2,-4,3,6,-9,8,-3,6,3
-95/8,0,-2,0,3,2,-6,2,1,4,0,1,10,-3,9,0,6,-7,-4,-12,-12,-5,-7,-16,-6,8
1/13,0,2,0,1,2,-2,-3,-2,-6,0,3,-7,-3,-4,-3,-6,-5,2,5,-5,-1,6,1,10,-6
-54/67,-1,0,0,-5,-5,6,2,1,0,2,-1,10,6,6,4,-12,1,-7,0,-12,7,5,-4,10,-2
65/21,0,0,0,-5,-5,-7,6,1,6,10,-5,2,-9,10,0,1,0,1,-14,8,-2,0,17,-12,-14
26/27,-1,0,0,1,-2,-7,-5,1,6,4,-5,11,-5,-10,0,0,-7,-2,4,3,0,12,-13,2,-4
-97/9,0,0,2,-5,6,-5,-1,1,6,6,3,10,-6,4,-11,-3,6,-8,11,3,2,-7,-7,6,8
31/49,0,2,1,-5,-3,6,-1,1,6,5,-10,10,8,-2,8,-11,-5,-2,-12,-9,-14,-8,-6,-12,13
73/26,0,-2,-3,1,6,-2,-1,1,-3,-3,-10,11,-6,8,2,5,-2,8,4,-5,-11,0,4,18,-18
47/12,0,0,4,0,-2,-5,5,1,6,4,-1,10,12,1,-8,-4,4,-1,-12,-13,-4,8,16,2,0
61/32,0,-2,-3,3,4,-5,6,1,-8,4,1,-5,6,-7,0,-10,0,-13,11,4,2,-9,14,6,10
-67/74,0,2,2,1,-3,6,2,1,-3,2,-4,-8,-3,4,2,6,10,-5,-5,6,11,-4,6,0,-5
5/22,0,-2,0,-5,-2,0,4,1,6,7,-9,-8,-6,-4,0,1,0,-5,8,-12,4,10,-6,-14,-8
43/87,0,0,2,-5,-5,6,-3,1,-9,-6,-4,-7,6,-1,8,-12,-5,-13,-4,13,4,8,-16,-14,18
-77/82,0,2,2,1,0,2,2,-2,6,-1,2,-3,6,6,-4,-3,-14,1,2,-12,-7,12,-16,10,-1
23/54,0,0,-3,1,6,-5,-6,1,-7,4,2,-10,0,-4,4,-4,0,-10,1,6,-4,5,4,12,-2
75/49,0,0,0,-5,-3,2,2,1,6,4,1,-10,0,5,8,4,6,-1,2,-9,11,5,10,-1,1
31/49,0,2,1,-5,-3,6,-1,1,6,5,-10,10,8,-2,8,-11,-5,-2,-12,-9,-14,-8,-6,-12,13
67/8,0,-2,1,-5,4,2,-6,1,-8,-5,-1,10,-3,10,-4,-3,0,10,-5,-15,-2,11,-16,0,-10
64/55,0,2,0,1,-2,-5,3,1,6,-1,-9,-7,4,5,-6,-11,-4,8,-14,6,-8,8,3,-7,-14
-59/38,0,-2,3,1,0,6,5,-2,-6,4,-9,-2,1,1,0,-9,-12,-7,-4,3,-13,6,2,2,8
66/95,-1,0,0,1,0,2,-1,-2,-4,4,-6,-5,-3,-10,11,7,-4,-7,2,8,-8,-10,8,10,-1
57/62,0,0,0,1,4,6,3,1,-3,6,2,5,8,10,13,-10,0,-8,-12,-15,0,6,2,6,-6
87/80,0,0,0,0,4,4,2,-2,6,-10,1,5,-6,8,-8,-3,-2,-4,-14,-4,-13,-14,16,6,0
27/83,0,0,1,0,6,-5,6,1,-4,6,10,-2,0,5,0,-6,-4,-13,5,8,-4,11,-16,-7,-12
59/80,0,2,0,0,4,2,6,-2,-4,-2,-5,-5,8,-1,-4,0,-12,10,8,-6,-6,15,-3,-6,1
-31/36,0,0,1,-5,0,-6,-1,1,6,-5,-10,-1,-9,1,6,-11,10,-4,12,13,11,-8,3,-3,11
43/9,0,0,0,-5,2,6,4,1,-3,-5,-1,10,2,-1,4,1,-9,5,2,-5,7,4,-3,-6,14
3/14,0,0,0,-5,-5,1,3,-2,-3,2,-4,-11,8,5,0,-14,-2,-8,-4,8,10,-6,-4,-14,12
2/3,-1,0,2,3,0,-5,6,-2,-6,7,3,10,4,9,13,3,7,-5,5,-7,-11,12,10,-8,14
21/16,0,0,4,1,-1,6,-3,1,-4,3,3,7,8,-1,-11,-6,4,6,-4,14,2,4,6,6,-3
13/15,0,0,0,1,2,-7,-6,-2,3,-8,-5,-6,6,-2,-1,-3,0,-1,4,-12,6,4,2,9,-7
66/19,-1,0,2,1,0,4,3,-2,6,-4,1,-2,-6,12,2,-4,0,-10,2,6,2,-8,6,12,-19
91/22,0,2,2,1,-2,-7,-3,1,-3,4,-1,2,1,-4,4,4,0,6,-6,14,14,-14,2,-10,6
-85/44,0,2,0,3,-2,-1,-8,1,6,-2,3,-7,12,-6,0,-11,6,-1,-13,-12,-1,8,6,-10,13
-1/26,0,2,1,-5,0,-2,5,1,-3,10,-7,11,-1,4,6,-6,0,8,0,14,11,-16,-9,1,-3
-49/29,0,2,1,1,-3,2,2,1,3,-6,-5,-7,4,-4,0,-2,0,1,4,4,10,6,-9,1,-12
-11/18,0,0,-3,1,0,1,-5,-2,-6,4,-1,-7,-4,4,4,2,-12,-8,0,-4,8,-1,-6,12,14
1/11,0,-2,0,1,-2,-6,2,-2,-8,-5,8,11,2,-1,-10,6,-4,-4,-14,4,-14,15,0,-10,1
-2/37,-1,2,1,1,4,2,2,1,-3,6,1,-8,12,1,11,2,-4,-13,2,-6,6,-8,-6,-10,3
7/5,0,-2,0,1,0,-5,5,1,2,9,-1,-1,7,-4,8,0,-7,8,2,0,-5,13,-4,-12,-14
1/30,0,0,0,-5,4,2,-3,-2,6,4,1,-2,7,4,7,-4,-2,5,4,-9,14,-15,4,3,3
53/41,0,2,-2,3,0,6,-1,1,-8,-7,-9,-8,6,4,-8,-10,-1,1,5,6,0,4,12,-14,-14
17/31,0,-2,3,0,0,-6,-8,-2,-3,2,2,-6,0,4,-6,-2,-9,8,8,10,4,-7,12,9,-2
25/51,0,0,0,1,-1,2,-2,1,-3,9,-5,-2,2,6,-6,-2,0,6,12,0,14,-8,0,-12,-7
-43/34,0,-2,-3,0,-5,-6,-2,1,-8,5,-9,10,-6,-1,0,3,6,6,3,3,2,-16,-7,-12,-2
67/73,0,2,1,1,0,2,-1,-2,3,-10,1,10,-4,-6,-6,-10,11,4,-5,-13,-6,0,0,2,-9
86/47,1,2,0,1,-2,2,-3,1,-8,-5,8,-5,4,-1,3,4,-12,-11,4,15,-7,-7,-4,-12,-7
14/81,-1,0,1,1,0,-1,2,1,-3,-5,-10,10,0,1,0,-2,4,-10,12,0,-14,11,-4,1,-8
-55/17,0,2,0,-5,0,-1,-2,1,-3,6,0,-8,-5,-6,0,1,2,2,3,15,8,-11,-5,0,-1
3,0,0,2,3,-2,1,2,-2,-8,5,3,-2,3,10,-7,1,5,-5,10,4,-8,-16,0,3,12
-3/44,0,0,0,1,-2,0,5,1,-3,2,-9,2,12,4,2,6,6,-12,4,-12,-13,0,1,6,14
3/22,0,0,1,3,-2,-1,-3,0,-4,-5,1,-7,-7,-4,0,6,10,10,-8,5,7,-8,12,6,-1
-36/19,0,-3,4,-5,-5,6,3,-2,-3,0,3,10,-3,1,-6,-4,-1,-1,5,8,-11,-16,0,1,-14
-5/33,0,0,0,1,-2,1,2,0,3,-4,-9,6,6,-2,0,-10,0,5,-3,-1,2,-4,-4,4,-3
-85/92,0,2,0,1,0,-6,-8,-2,0,-5,1,-7,-6,-10,11,-2,0,13,-3,16,2,15,15,18,-7
19/23,0,-2,2,1,0,4,-5,1,0,0,8,5,-3,2,6,-10,-4,8,-6,6,-6,0,-16,12,2
-39/8,0,0,2,3,-1,-7,-1,-2,-8,-4,1,-7,-1,-2,2,-3,-4,6,4,12,-4,-5,8,-4,-4
86/93,-1,0,0,0,-3,-5,5,-2,-8,-3,2,-11,-3,-1,-6,-4,4,1,6,0,-13,1,1,-6,-18
-96/37,0,0,2,0,0,-1,-6,0,-8,-5,0,-8,-3,8,11,-10,4,-13,-12,6,2,-8,6,-6,12
-1,0,-2,1,1,6,6,3,1,-4,0,1,7,12,10,-8,0,4,0,4,-8,1,8,12,-9,8
49/73,0,2,0,1,4,4,2,1,6,4,-9,-7,-1,-1,-3,4,13,0,-11,-5,-6,-5,1,0,10
98/45,1,0,0,1,6,6,6,-2,-8,-5,2,-2,-5,-4,0,-3,0,10,4,6,-11,8,-4,6,-10
9/26,0,-3,2,1,4,-2,4,1,-8,-8,1,-5,-3,4,1,-3,0,5,-4,0,-14,0,0,-12,10
28/25,0,2,0,1,-1,4,6,-2,4,6,4,-5,-4,12,-7,0,-1,1,2,-3,14,-14,3,-7,-12
38/99,1,0,-3,3,-2,-5,-1,1,1,-5,-9,-2,-5,-10,0,-10,6,10,-11,-9,-5,6,1,18,10
17/50,0,2,0,3,-5,4,-8,-2,6,4,-9,10,-1,2,6,0,4,-13,4,-9,-2,4,12,-6,3
31/29,0,-2,2,3,2,-6,-3,1,-3,-6,-10,-5,0,8,-6,-4,6,-11,10,8,2,-10,-13,-6,-5
31/2,0,-2,2,-5,6,-1,1,1,0,4,-10,-10,-5,4,8,6,6,-1,-2,-15,-5,10,3,-8,-1
12/11,0,0,2,3,-2,6,5,1,-4,0,10,-6,6,2,-11,-4,4,8,-6,0,7,5,6,-15,0
-10/29,-1,2,0,-5,0,2,-6,1,2,-6,-5,6,0,-1,7,-6,-1,-1,-12,6,4,8,12,8,12
-35/31,0,2,0,1,-5,-6,-5,1,6,-8,2,-8,-3,7,7,-14,6,-7,-7,4,-1,-10,3,0,10
61/42,0,0,-2,-5,0,1,2,0,6,-1,-1,11,6,-4,-11,-11,6,-13,11,-12,-2,-15,4,1,-2
-16/43,0,-2,0,-5,4,-1,-6,1,-3,5,-5,-7,-2,-12,-1,-2,0,6,5,-15,-14,0,-12,-12,2
-7/16,0,-2,-3,1,-2,0,1,1,-3,-4,8,-7,-6,-1,-4,3,0,-4,-10,12,10,5,-9,-7,11
54/17,-1,0,-3,-5,0,6,-2,-2,4,10,-5,8,6,12,0,-2,-12,-8,8,-8,-4,-4,12,-6,16
-7/46,0,-2,-2,1,-1,6,5,-2,0,5,-1,-6,2,-12,0,-3,-2,-2,12,16,7,-5,-7,2,12
-47/7,0,2,1,-5,0,2,2,1,-3,3,3,-7,-6,0,-8,6,10,2,-11,0,4,-10,-12,6,12
3/4,0,0,3,1,0,-5,2,1,6,-5,-2,-5,-1,4,0,-2,6,10,5,5,6,-14,-7,-14,-2
-36/59,0,0,4,1,-1,-6,-3,0,-4,6,3,-3,-9,6,0,7,10,6,4,4,-1,-6,-3,8,1
-1/14,0,2,0,-5,4,6,-5,1,6,-7,3,6,-6,10,4,-12,-2,13,-12,3,10,-1,-16,8,-14
31/28,0,2,0,-5,4,-1,-4,-2,-4,-1,-10,10,7,-6,-2,1,4,5,4,6,4,11,10,-8,-2
-27/91,0,0,2,-5,-1,-2,-3,1,0,6,-4,10,-6,1,6,-4,0,-12,1,14,4,-8,0,18,1
-97/12,0,0,1,3,-1,-6,3,-2,-3,-2,1,-3,8,-6,-6,-2,-10,-6,5,-4,-6,11,0,1,8
18/59,-1,0,0,1,6,2,5,1,1,-10,-7,-2,-6,7,0,1,10,-7,3,-12,7,11,1,9,7
-12/17,0,0,2,3,0,2,-2,1,6,4,1,-2,12,-6,-6,6,0,6,11,13,10,-15,-3,8,-12
-79/27,0,0,-3,1,-3,6,-3,1,-3,-2,3,-5,8,-1,7,-3,1,6,2,15,-5,4,-16,10,14
26/95,-1,2,0,3,6,-7,-5,-2,-3,-2,-9,-2,-7,-2,-4,1,6,8,2,6,-6,-6,-3,12,-8
75/43,0,0,0,-5,-1,-1,2,1,-8,-3,-1,-1,-6,-12,10,3,4,1,-11,-8,14,5,-7,-9,-2
-82/75,1,0,0,1,0,2,5,1,-8,-7,-1,6,-4,2,1,-4,-7,1,0,-2,-7,-14,3,6,2
-35/74,0,-2,0,1,0,6,2,1,-6,-2,1,-8,-4,7,6,6,-3,2,-6,10,-10,11,-7,-14,-10
52/35,0,-2,0,-5,-3,-7,4,1,1,0,-9,10,-6,9,-6,1,-4,5,9,9,11,5,1,-14,-3
7/8,0,-2,1,1,4,-1,2,1,-8,3,-4,-11,1,-6,-8,-12,8,-7,4,4,-4,-8,1,10,-2
5/49,0,-2,0,-5,-5,6,-5,1,-8,6,-6,-7,6,12,-4,0,-4,2,4,4,2,6,10,10,-7
49/4,0,2,4,1,-3,-1,-3,-2,6,-4,-1,-2,-7,1,-8,0,10,-6,-10,14,-10,-10,-10,6,-12
-5/2,0,-2,0,0,-2,-5,-5,-2,-3,-5,-9,-5,-6,-10,0,-10,10,6,5,-9,14,5,4,3,12
4/49,0,2,4,-5,-2,1,5,1,-3,-4,-1,-7,12,9,4,0,10,-11,4,-9,12,8,-16,1,8
-5/2,0,-2,0,0,-2,-5,-5,-2,-3,-5,-9,-5,-6,-10,0,-10,10,6,5,-9,14,5,4,3,12
-17/16,0,2,0,1,-5,1,-8,1,-3,-5,-4,6,-7,8,-6,6,0,6,12,14,5,6,10,-14,-12
7/32,0,-2,2,1,-3,6,2,1,3,-5,2,-1,-7,9,1,-3,-5,2,0,-13,-10,-8,-3,3,3
19/64,0,2,4,-5,4,6,-3,1,6,-5,-7,-11,-3,2,-4,4,-4,2,5,-7,11,-1,12,-6,8
2,1,-2,0,1,-1,0,-6,1,6,-7,-6,10,-7,4,4,-6,-2,2,-12,-1,-13,0,12,0,10
-12/11,0,0,-2,-5,-2,-6,-6,-2,-3,7,-9,-7,6,4,-11,-4,-11,-2,-4,-4,-5,8,-3,-3,2
4/13,0,2,-2,3,-1,-2,3,1,6,6,8,-1,0,4,3,-4,8,-1,9,0,14,10,4,-17,-2
1/92,0,-2,2,0,-2,2,2,1,0,-4,1,6,0,-10,0,-12,0,2,-14,0,4,6,-15,-6,-6
97/54,0,0,3,-5,-1,1,-3,1,-3,-5,0,-10,-9,-6,1,-2,6,-5,10,-5,-6,-14,3,4,8
37/72,0,0,4,0,0,-1,2,1,-4,9,-9,-11,6,-4,6,1,-2,-11,-14,-3,-7,5,3,-10,-4
-99/91,0,0,0,-5,0,-2,-4,0,3,-8,3,6,-4,-4,-2,-6,-4,-2,4,-4,-2,-6,-16,-6,1
22/15,1,0,0,0,0,4,-5,1,-8,6,10,7,0,4,8,-7,-4,8,-11,4,-2,-6,0,4,8
23/12,0,0,1,1,-5,1,-4,-2,-7,3,-1,-2,-3,2,0,-10,6,8,-12,6,-13,-16,-16,-9,-7
-6/11,-1,0,1,1,-2,1,4,1,1,10,-1,5,-2,-10,-6,-6,-3,-1,-5,-12,10,10,0,10,17
-10/7,1,-2,0,-5,0,-6,4,1,-3,4,3,-7,-7,-6,-8,-2,0,10,4,6,7,10,14,-10,0
79/62,0,-2,2,-5,4,-5,4,1,-3,-1,2,-2,0,4,-8,11,-10,6,12,6,10,4,-3,10,-1
-23/31,0,2,2,-5,2,4,-6,1,-7,5,2,-5,-1,2,3,6,-12,-2,-5,4,8,-6,-4,-8,-14
-55/69,0,0,0,1,0,-1,-3,1,0,-3,2,10,6,-1,0,-11,-12,10,8,4,-7,-4,-16,2,2
-10,-1,-2,0,-5,-5,1,1,1,-3,3,-8,11,-1,4,6,6,9,8,9,-12,-5,-15,-16,6,-9
-67/65,0,2,0,-5,-5,-2,5,-2,3,6,10,-6,6,4,0,6,-4,1,-5,16,-2,13,4,10,-14
-17/15,0,0,0,-5,-3,4,-8,1,-3,-3,3,2,-6,-3,4,5,-5,8,3,-9,-10,-4,2,-1,17
-14/65,1,-2,0,1,-2,-2,3,-2,-3,-1,4,10,0,9,0,6,-3,-1,2,15,-14,0,10,-17,3
-18/49,-1,0,3,-5,-2,-6,-4,-2,-8,-7,1,-2,6,4,-6,-2,9,10,12,-6,6,-16,-4,0,12
-33/86,0,0,-2,0,0,-5,4,-2,-8,-2,10,-7,-7,-12,4,0,-7,1,-12,10,4,-16,6,10,12
-31/3,0,0,-3,1,0,6,4,1,-3,0,-10,10,-6,-1,0,-2,-4,-2,-8,-3,11,8,4,-14,2
-51/76,0,0,1,1,4,-6,-8,-2,-9,-7,3,-6,-4,-6,-8,9,6,-5,-4,12,14,-4,3,6,17
-7/17,0,2,1,1,0,-5,-2,-2,-3,5,4,-2,-7,6,-10,-4,0,-8,-4,-9,2,-14,-4,18,10
-50/79,1,2,0,3,0,0,2,1,6,0,-1,11,3,-6,11,7,10,-13,2,-9,-5,-8,16,-8,-10
-11/17,0,-2,2,0,0,6,-2,1,-8,9,3,-3,8,-12,-6,6,2,-1,5,0,-10,-1,-3,-6,18
91/46,0,2,4,1,4,-7,-4,1,0,3,-10,-1,10,8,-7,-10,0,5,0,8,4,-10,17,18,-4
5/11,0,2,0,3,-2,-5,-6,1,-3,4,1,-11,-3,4,6,-2,-4,1,4,4,2,-7,-3,-14,7
41/89,0,2,1,-5,0,6,-5,1,-8,-4,-9,-7,-4,7,4,-3,8,13,12,3,-6,-6,-4,-8,-6
-44/75,0,0,0,0,0,-6,4,1,6,2,1,-6,-6,-1,13,-6,6,-5,16,-5,-13,10,8,12,10
57/37,0,0,0,-5,2,-5,-6,1,-3,-10,-7,-8,0,-12,-8,5,-4,8,12,9,-6,13,14,10,14
-9/28,0,-3,-2,-5,-3,0,-1,1,1,0,3,8,-9,6,0,7,4,6,4,-1,8,8,10,2,-7
-21/26,0,0,1,1,-2,-2,-4,1,-6,6,-4,-8,7,0,2,6,4,2,-12,0,-13,-16,-11,-6,-12
-26/27,1,0,-3,-5,0,-7,5,-2,-3,9,-1,-5,0,8,12,-3,0,8,11,-12,-1,1,4,-14,-7
20/93,0,0,0,3,-3,2,5,1,-4,9,2,-2,0,4,-6,-2,-9,-12,2,14,-16,2,12,-8,8
1/17,0,-2,2,-5,-1,2,-2,1,-9,-5,3,-11,-4,4,0,-2,0,6,11,-6,-2,-10,-13,-1,8
38/85,-1,-2,0,3,-1,4,-2,1,3,10,3,11,12,2,2,-2,4,-1,-14,16,2,15,12,9,-2
92/67,0,-2,2,1,-3,6,-1,-2,-7,6,6,-2,0,7,8,0,2,-13,0,-7,7,-4,14,10,-2
-33/61,0,0,-2,1,0,-5,6,1,3,-10,-6,-1,6,5,2,6,-4,-4,-4,8,7,-16,-3,-6,-5
-46/49,1,-2,4,-5,-3,4,-5,0,-7,-10,-7,11,6,8,-8,-6,7,10,-3,-2,-13,-8,-3,1,-12
-41/15,0,0,0,0,0,6,6,1,6,-4,-1,-2,-4,10,-6,-9,-4,-10,12,-1,-6,6,4,-1,5
25/12,0,0,0,-5,-2,2,6,-2,0,3,0,7,7,4,12,-11,0,-6,-12,-12,6,8,15,12,14
-47/59,0,-2,2,3,-1,2,-4,1,3,4,-9,10,0,-9,-8,-3,10,-12,5,-13,6,-9,-16,-1,-18
1/3,0,0,2,-5,-3,-1,-5,-2,6,10,-8,-7,-6,1,-11,6,-1,2,12,-12,0,-14,-4,-6,1
24/47,0,0,2,1,0,1,5,1,-3,4,8,-3,-5,-4,3,-6,6,8,-4,-8,8,-4,2,10,-2
-35/16,0,2,0,1,-3,2,4,1,-3,-2,1,2,7,-2,0,4,-9,0,-12,8,4,-1,0,1,-6
-71/22,0,2,3,1,-2,-5,-3,1,6,-4,2,-7,12,6,-11,-14,-3,0,-8,-12,-14,-6,-4,-8,-7
-1/5,0,2,0,-5,-1,-5,-1,1,-3,2,6,-7,6,-6,0,4,-4,5,0,0,-1,-16,-10,-14,-6
19/83,0,-2,3,1,4,-1,3,1,-8,-5,-9,6,-3,12,0,5,0,-3,-11,2,-14,-8,-16,-14,12
-6/91,-1,0,2,-5,0,-2,3,-2,2,9,3,-8,0,8,4,-9,13,5,4,-3,4,12,1,-12,8
-73/99,0,0,-3,-5,-2,6,-3,1,2,-4,-2,-2,2,-6,0,6,-4,4,11,3,-11,2,17,12,0
-83/93,0,0,1,-5,-5,-5,-3,-2,-3,7,2,-5,7,-4,0,-2,0,4,8,-12,-7,10,0,0,18
-8/9,0,0,0,3,-3,0,4,1,-8,-5,6,-3,-1,1,4,-7,6,-2,-7,6,2,4,4,6,1
52/3,0,0,2,0,6,-7,-5,-2,6,-1,2,-2,-1,10,-2,-3,-3,-6,-6,-15,-16,-8,4,0,-12
33/46,0,0,-3,3,0,2,1,1,0,3,-9,-5,2,7,8,6,-2,-2,10,-12,2,8,-1,-2,18
52/53,0,-2,2,1,4,-7,-4,1,4,6,-1,-1,-6,12,10,5,-9,13,8,3,12,-7,-15,10,-9
-13/35,0,2,0,-5,6,-7,-3,-2,-4,6,-1,-7,8,8,12,-2,5,4,-5,15,-11,11,12,-10,-4
-5/13,0,2,0,-5,-2,-2,2,1,1,9,-6,10,4,-10,-6,2,6,-1,-2,13,-10,-9,4,0,2
31/38,0,-2,-3,0,-3,-5,6,-2,-4,-8,-10,-1,-6,7,0,-7,-2,-8,-14,5,-1,-10,0,5,-14
-92/61,0,2,2,-5,-2,2,4,1,-7,-5,1,11,6,-7,-6,-3,-4,-4,6,3,-7,-8,3,-1,-5
-42/85,-1,0,0,1,-2,6,-2,1,2,0,-9,10,0,10,0,-6,6,-3,8,-12,-11,13,3,12,1
-39/29,0,0,2,3,4,-7,4,-2,-3,-6,-10,-6,-3,-12,4,1,0,4,5,0,0,-16,-10,-17,10
94/21,-1,0,2,-5,4,0,5,1,-4,10,3,-2,-3,2,-8,9,2,-10,-12,-3,-16,-6,-13,0,18
-45,0,0,0,-5,6,6,-5,1,-3,9,8,6,0,-2,4,6,-14,10,-11,15,0,-9,6,6,1
-63/61,0,-3,2,1,2,-6,-4,1,-3,-5,2,10,3,-6,11,0,6,-4,2,8,7,4,-9,-14,16
-70/39,-1,0,0,1,-2,-2,2,1,6,6,1,10,0,-3,0,-7,13,-10,-5,-15,-1,-10,-4,-12,-18
2/9,1,0,2,0,6,-6,-3,1,-3,-8,-1,6,2,2,-8,0,13,8,-12,13,2,4,0,6,10
-13/8,0,2,2,0,0,-7,-4,1,3,-7,1,-2,-3,-10,-11,-7,-5,1,9,6,8,13,7,12,9
-25/47,0,2,0,1,6,-5,-6,1,-8,-8,3,-5,-4,-1,3,5,0,2,0,12,2,-8,0,6,5
-5,0,2,0,1,2,-5,6,-2,6,-3,-9,-3,-5,4,-8,1,-1,-13,-6,3,10,-1,-16,-6,8
3/61,0,0,-3,1,2,-1,-6,1,4,4,-4,2,0,-10,0,9,-9,-4,12,-3,-4,6,-4,-4,8
71/6,0,0,0,1,6,2,-4,1,6,6,8,10,-6,-10,-1,1,-2,-8,5,-12,4,8,-16,-12,2
-11/2,0,-2,3,-5,0,2,2,1,2,0,1,10,2,8,-6,4,-12,2,16,14,-2,-9,4,-9,2
-33/41,0,0,-3,-5,0,1,2,1,6,3,6,8,6,4,-3,6,-4,-5,2,4,-2,-8,3,-4,-12
12,0,0,-3,-5,-5,6,6,1,1,-5,3,-8,-6,-12,-8,0,6,5,-8,10,12,-6,9,10,0
-2/83,1,-2,4,1,4,2,4,1,-3,6,-7,-2,-9,9,1,9,-1,-4,8,14,-1,12,-16,-6,-18
33/49,0,0,2,-5,0,0,-4,-2,3,-4,2,-8,12,2,10,-7,-4,1,-10,-12,10,-8,2,-12,13
-7/20,0,2,0,1,0,6,-4,1,6,-2,-9,-7,-6,-10,4,11,-4,-5,10,-5,6,-6,-15,-10,1
35/47,0,2,0,1,0,-6,-3,1,1,10,-1,-7,12,-2,3,1,-2,6,8,-3,-5,6,8,-17,-5
-6/7,-1,0,2,-5,4,2,-3,-2,-3,-3,-1,-2,-6,-10,-4,-4,6,8,-3,-5,-14,13,17,5,-2
36/11,0,-3,2,1,-2,-5,5,1,-4,-1,1,-5,-9,9,-8,-4,-14,4,8,12,-5,-10,4,12,1
21,0,0,4,1,6,-5,-3,1,-8,0,-8,-2,12,8,0,4,-2,-5,4,-3,7,10,2,-1,12
-89/30,0,0,0,0,-3,6,4,1,3,-1,-9,10,2,6,-6,2,4,-13,-14,12,-14,4,-10,-13,1
-4,0,-2,4,3,4,-1,-3,1,-9,-2,-9,5,0,-3,-6,-6,-2,-8,4,6,6,4,-11,0,-1
1/10,0,2,0,-5,6,-5,6,1,3,5,-4,2,0,-1,-2,6,4,0,-3,-12,2,-14,-4,6,-3
22/25,-1,2,0,1,0,-5,1,-2,3,0,8,6,-6,4,-8,1,2,-8,8,0,-11,-8,16,-17,9
-22/15,-1,0,0,1,0,0,5,1,-4,3,-9,8,-5,-4,-2,1,-14,-1,10,-12,-4,9,-4,0,-12
-14/33,1,0,2,1,-2,4,2,1,-8,4,-2,-7,-6,-4,2,-10,-2,4,16,-12,-6,-15,-5,12,3
23/15,0,0,0,1,-2,-5,2,1,-7,-5,4,-8,-9,-1,0,-6,13,8,8,-5,7,-8,-11,-14,8
29/32,0,2,-2,1,-3,6,5,-2,-6,-10,-4,-7,2,-1,4,-2,-4,0,10,10,10,13,4,-1,-7
62/73,-1,-2,1,1,-5,4,-4,-2,0,-5,-10,-8,6,-4,12,3,-2,-13,2,-15,-6,8,2,-6,0
-13/62,0,2,2,1,2,-7,2,1,-3,-2,2,6,2,12,-6,6,10,-3,5,-9,-6,2,12,-4,-7
71/79,0,-2,1,-5,0,-6,-3,-2,4,-7,6,6,-1,-3,0,6,-11,-3,12,-12,4,-8,0,-4,6
33/26,0,0,-2,0,0,-2,5,1,3,-10,3,-10,1,-10,13,-10,4,13,2,12,0,15,12,1,-12
-14/3,-1,0,-3,1,6,-5,4,1,-8,-4,4,-7,8,0,7,5,-11,-11,0,3,8,-16,2,2,-2
2/19,-1,-2,-2,1,-2,-1,4,-2,3,2,-5,-8,7,-4,4,6,6,1,14,14,2,8,-5,18,8
-3/32,0,0,4,0,-2,-6,-1,-2,-3,0,-4,-2,-6,-12,11,-6,-10,5,-12,-5,-11,-10,-13,18,-5
-96/79,0,0,2,0,4,-5,3,1,6,-5,-4,-2,8,-1,0,-11,0,-2,-14,14,2,-8,-4,10,17
7/60,0,0,0,1,0,-1,2,1,1,-10,3,10,8,12,-6,-3,0,-12,4,-15,4,-1,-3,12,2
-51/37,0,0,0,1,-5,-6,-8,-2,-8,3,2,-8,2,6,-6,-11,4,2,-6,-3,8,0,4,9,-1
-2/5,-1,-2,0,0,-3,2,2,-2,6,-5,3,10,6,5,6,6,10,13,3,8,-13,1,3,3,10
-44/67,0,2,3,3,0,-5,-1,-2,-4,-5,4,8,-2,5,-4,0,-12,13,0,-5,14,-9,-6,0,8
67/88,0,2,2,0,-2,-5,5,1,1,0,1,10,-6,-12,0,-9,-4,8,-5,6,-13,8,12,-2,-3
85/11,0,-2,0,1,-2,1,-8,1,4,9,10,8,-5,-3,-8,-2,6,2,4,15,7,-14,-3,-14,2
-91/67,0,-2,0,1,0,-7,-5,1,3,-4,10,10,-6,-2,-4,2,-2,-13,0,3,-8,0,-4,-10,-6
8/97,0,-2,2,1,4,2,6,1,-4,-3,-6,-5,1,-9,1,-7,0,8,-5,0,0,0,6,-6,4
-96/97,0,0,3,-5,-3,2,-4,1,-3,-7,2,-6,10,10,-6,1,-4,8,4,15,6,10,2,6,4
-93/29,0,0,-2,-5,-3,-5,2,1,-9,-6,-10,10,-6,-2,1,-4,11,10,-12,-1,2,-8,12,6,-12
-9/28,0,-3,-2,-5,-3,0,-1,1,1,0,3,8,-9,6,0,7,4,6,4,-1,8,8,10,2,-7
-12/13,0,0,2,-5,4,-2,2,1,-3,-5,3,-5,-6,4,0,1,9,-1,-12,-8,8,13,3,0,-18
-87/25,0,0,0,0,-3,-1,-3,-2,4,-10,1,6,6,-12,0,-7,0,8,4,14,-5,5,-3,2,-5
37/70,0,2,0,-5,-5,2,-1,1,4,7,-2,-11,-6,4,4,-10,6,8,9,-12,12,6,0,-4,-2
-7/2,0,2,2,1,-1,1,2,1,6,4,3,-2,-6,-6,4,-4,-13,-1,-12,-9,-11,15,6,2,18
44/67,0,-2,3,-5,0,-1,1,1,-3,0,0,7,6,4,0,1,10,-3,0,-5,-2,-8,-4,-6,-12
11/5,0,2,0,-5,0,2,-4,1,-6,-5,-9,-2,0,7,0,-12,-14,8,-10,14,2,0,12,6,-3
93/71,0,0,-2,1,-5,-1,2,1,1,-2,-10,-1,12,7,0,-2,0,-7,0,4,-5,0,5,-14,-6
-5/2,0,-2,0,0,-2,-5,-5,-2,-3,-5,-9,-5,-6,-10,0,-10,10,6,5,-9,14,5,4,3,12
71/66,0,0,4,-5,-2,-6,1,-2,3,-1,1,-2,-3,4,-4,-12,10,2,4,-12,14,6,12,-10,-19
-40/39,0,0,0,-5,0,-2,-4,-2,-3,-2,-9,-2,6,-4,12,6,-2,13,12,3,2,0,-3,18,14
-62/11,-1,-2,-2,1,-2,-5,3,-2,-3,-8,-10,-6,0,-4,4,-14,0,-4,4,-6,-16,15,-12,10,0
14/45,-1,0,0,1,-2,4,-4,1,-3,3,2,10,-3,8,10,-6,4,-8,2,4,-7,-14,-6,10,-1
5/21,0,0,0,-5,2,6,2,1,-3,5,0,10,10,4,0,6,0,8,3,6,4,-1,1,0,13
5/4,0,-2,0,3,-3,4,2,1,3,2,-5,6,8,-12,1,1,6,2,0,3,14,10,4,12,-9
-55/96,0,0,0,3,0,0,6,1,-3,10,1,-5,12,8,-6,-11,-4,-10,2,10,12,-11,3,4,3
-2/3,1,0,0,-5,-2,-5,2,1,3,0,-1,-11,0,7,-6,6,0,6,2,16,4,0,2,1,-1
-62/39,-1,0,2,1,0,-2,-3,-2,-4,-5,-10,-1,-1,4,-6,0,11,2,2,-9,6,-4,-3,-1,-5
-15/83,0,0,0,0,-2,2,3,1,-8,4,8,5,7,2,-6,-4,-4,-7,8,0,4,8,-16,0,8
55/9,0,0,0,3,0,-1,-3,1,-3,3,-9,10,-6,6,-6,0,0,6,4,0,-6,8,-3,-1,-2
-66/49,-1,0,0,-5,0,-1,3,-2,-3,-5,8,10,-7,-9,8,6,-12,-11,4,4,7,0,4,8,13
1/8,0,-2,-2,0,4,-5,5,1,-8,4,-10,2,-5,2,12,2,-3,-5,2,13,2,-12,12,9,-12
-3/37,0,0,4,1,-1,-5,3,-2,6,-2,0,-8,-1,-2,12,-4,10,-5,-3,-13,-10,-4,10,-6,-14
7/19,0,2,2,1,4,6,6,-2,0,-5,-6,2,8,1,-6,-2,0,-2,0,-12,-13,-4,-11,1,-1
14/3,1,0,0,1,-5,-1,3,-2,-4,-3,0,-2,8,-10,0,-10,4,2,-13,0,-1,6,12,0,10
-29/54,0,0,1,-5,4,-5,-3,1,-3,-10,1,10,2,-1,-11,-10,0,-7,16,8,-5,-7,11,10,-6
-38/7,-1,2,0,-5,-3,0,2,1,3,6,1,-2,-6,-1,-6,-10,5,5,8,6,-9,-6,-4,6,2
99/14,0,0,0,-5,0,-5,4,-2,1,-4,-9,-2,10,-1,0,-4,6,0,5,-1,-2,2,5,6,-18
4/5,0,-2,0,-5,-2,-6,5,1,6,-3,2,5,8,-6,-3,-9,0,13,-12,-2,7,-8,12,18,9
-5/3,0,0,0,3,-1,6,-3,-2,2,-5,10,5,-6,2,8,6,0,-7,-12,3,-6,-6,3,10,2
22/13,-1,2,1,1,0,-2,2,1,3,-3,4,5,6,2,-6,6,-4,-6,-8,6,-6,4,-16,6,2
35/36,0,0,0,1,0,2,-4,-2,6,-4,2,10,-3,4,-11,-4,0,-5,-7,-8,-8,-15,16,4,17
89/48,0,0,3,1,-2,6,-1,-2,6,2,10,6,-6,6,-8,-2,1,4,8,-4,0,4,12,-13,-6
1/9,0,0,2,-5,4,1,-6,-2,6,9,2,5,8,0,0,-10,-10,8,8,-12,-13,5,-15,-13,0
-74/57,-1,0,3,3,4,-6,3,-2,6,4,-8,-11,12,8,4,6,-3,-10,-14,8,-7,5,4,8,9
2/5,1,2,0,1,4,1,2,1,-3,-5,10,-6,6,4,-6,-9,-12,1,-10,2,2,-10,-12,-6,-5
93/80,0,0,0,3,0,2,6,1,-8,-3,-10,-10,2,-4,6,-2,-2,1,-12,-12,-2,-10,12,-14,2
-1/8,0,2,2,1,-3,-5,-6,-2,-4,-10,-9,5,-6,8,0,-11,6,8,8,0,7,-15,3,10,0
-49/15,0,0,0,1,4,-5,3,-2,-3,-10,-5,2,0,5,-7,-2,7,13,16,4,7,0,4,-15,11
5/43,0,-2,0,-5,2,4,-1,0,2,3,3,10,2,-12,1,-4,-2,1,-11,-7,12,2,3,-3,1
40/61,0,2,0,0,-2,1,-3,-2,6,2,-1,2,-7,8,0,-7,-1,-4,4,6,7,5,2,-10,11
88/67,0,2,2,0,0,-5,2,1,6,9,1,6,6,-6,-8,6,-9,4,0,-12,14,-4,4,0,-7
-54/7,-1,0,2,-5,0,-1,-6,-2,1,9,1,-11,-5,1,-8,-3,-13,10,4,2,14,-14,-3,-8,8
10/21,1,0,0,-5,-5,4,5,1,6,-4,1,-8,6,1,-6,1,-3,-2,4,0,-13,-14,-16,-10,-14
-22/15,-1,0,0,1,0,0,5,1,-4,3,-9,8,-5,-4,-2,1,-14,-1,10,-12,-4,9,-4,0,-12
-44/39,0,0,1,3,0,-2,5,-2,-8,9,1,-2,-7,7,-3,1,-14,2,-14,8,-13,4,11,-17,7
-2/63,1,0,4,-5,0,2,2,1,6,-5,-4,-2,7,6,0,4,-4,0,-10,-3,8,-12,-4,10,8
-41,0,2,2,0,-2,4,-1,1,-3,-5,-8,5,-4,4,12,0,0,-11,4,14,-7,11,-4,10,-18
-94/23,-1,2,-2,1,4,2,1,1,0,-4,-10,-8,4,4,-8,6,0,2,6,-8,14,5,1,-14,-7
92/47,0,2,0,3,4,-5,5,1,-7,-10,-4,-11,-4,1,3,2,6,1,-2,-12,-6,11,3,8,-3
-7/16,0,-2,-3,1,-2,0,1,1,-3,-4,8,-7,-6,-1,-4,3,0,-4,-10,12,10,5,-9,-7,11
41/10,0,-2,0,1,-2,-5,3,1,3,6,2,-6,-4,-6,6,2,0,5,5,-12,10,-6,8,-10,-7
-6,1,0,1,0,4,6,5,-2,-8,2,-7,-1,0,4,0,7,0,0,-14,4,-10,6,-16,-7,14
-38/83,-1,-2,2,3,-5,-5,-6,1,-8,-3,1,-8,3,2,-8,-2,8,4,8,8,5,-9,-16,-6,-7
-4/39,0,0,2,1,-2,-2,-5,1,-8,-5,0,6,-7,-6,-8,-4,6,-7,3,13,-1,-14,0,2,-14
-29/7,0,2,2,-5,6,6,-3,1,-3,-10,10,-2,-1,4,-11,-9,-4,-8,8,0,4,-4,-9,12,-14
-1/75,0,0,0,-5,2,-1,6,0,-9,-5,10,7,1,-1,12,0,-9,13,8,8,-7,-11,12,-12,2
1/96,0,0,4,3,4,-5,2,0,2,9,-8,-3,3,-1,-8,-4,1,8,4,5,-2,-10,1,10,8
-1,0,-2,1,1,6,6,3,1,-4,0,1,7,12,10,-8,0,4,0,4,-8,1,8,12,-9,8
-17/10,0,2,0,1,2,2,-8,1,-9,6,-1,10,0,4,-7,1,6,2,-4,-7,2,-7,-16,2,8
9/70,0,0,0,-5,4,6,-3,1,-3,-5,-5,10,-4,1,-3,5,13,10,10,0,-13,8,-13,-12,-2
-47/18,0,0,4,-5,0,2,-3,1,4,0,6,-7,0,4,-8,6,7,0,5,6,14,13,12,-14,-10
-6/17,1,0,3,-5,6,-5,-2,-2,-3,6,-9,-8,-1,6,11,10,-7,10,-12,-12,14,-1,0,-1,-3
47/23,0,2,2,1,-2,-6,2,-2,0,-8,-4,-1,0,-6,-8,-11,-1,-2,4,7,14,-8,-9,-6,8
11/16,0,-2,4,1,0,-5,-5,1,-3,-5,-1,-2,-3,-2,-2,-14,6,4,-12,0,7,10,-15,-4,-1
-29/22,0,2,3,1,-2,-5,4,-2,2,-10,8,-10,6,7,-6,-4,-2,8,8,-5,-13,6,10,0,-18
-28/47,0,2,2,1,0,1,1,1,6,0,6,-8,8,-10,3,-10,6,2,2,4,2,-8,10,-8,-3
41/60,0,0,0,-5,2,2,2,0,-8,-4,-9,-2,-4,-4,8,4,2,-11,2,-15,-14,0,0,-8,0
23/24,0,0,0,3,2,-5,-3,1,-7,6,1,-2,-4,6,-8,0,2,8,-10,-13,-6,2,4,0,-12
-27/86,0,0,3,-5,0,-5,1,-2,-6,-1,-9,10,-3,-12,0,-14,4,10,2,5,10,-9,0,6,8
-4/9,0,0,1,-5,-1,2,-4,1,-4,-4,3,-5,-5,4,4,6,0,2,2,-15,-7,-10,-4,-14,2
26/89,1,2,2,0,-3,-7,5,1,-4,9,-5,-5,-2,1,0,-2,0,10,4,-9,-1,8,1,-8,12
34/75,-1,0,0,-5,4,-6,-8,1,-8,-7,-5,-10,-6,-10,-6,6,0,-1,4,0,-2,6,-3,-14,-10
-37/27,0,0,1,1,0,0,5,1,6,-2,8,-11,-4,2,0,-11,5,6,5,6,4,-16,-3,2,-2
9/43,0,0,0,1,-1,6,4,-2,-4,4,-2,-7,6,-12,-2,-3,7,8,10,-1,-6,15,4,-7,-6
66/49,1,0,2,-5,0,-5,4,1,-4,-5,-1,-11,-9,7,-2,6,-7,2,-12,-12,-5,-10,-4,-6,6
-7/9,0,0,0,1,0,-5,2,-2,1,-2,-9,-6,-7,-1,0,-9,-4,1,-10,-2,14,-14,-16,8,-7
-8/19,0,2,3,-5,6,1,-3,-2,6,-3,3,-2,-3,1,0,7,6,1,4,3,-10,5,12,-14,8
-40/89,0,2,0,1,-3,6,1,-2,-8,0,1,-7,1,-6,-6,1,-4,10,14,8,14,4,2,-8,-12
6/29,-1,0,2,1,-3,0,-4,1,-3,-6,-4,11,6,-6,-11,5,-4,-8,4,-8,-2,-7,14,1,10
11/24,0,0,2,1,0,2,-3,1,3,0,-7,10,8,-1,3,-6,6,-5,8,-9,5,-16,16,8,1
-65/34,0,2,0,1,-5,-7,-2,1,-3,4,1,-10,12,-12,12,10,-4,2,11,6,10,-4,-4,-6,-6
-18,-1,0,3,3,-3,-5,3,0,-3,4,-9,-5,2,-4,-3,-3,2,1,-2,8,-2,-10,-6,-14,-14
2/5,1,2,0,1,4,1,2,1,-3,-5,10,-6,6,4,-6,-9,-12,1,-10,2,2,-10,-12,-6,-5
17/41,0,2,-3,-5,0,0,-8,1,-3,0,3,-3,6,-1,12,1,6,8,4,13,-14,-8,6,0,2
-2,-1,2,-3,-5,0,4,5,-2,-8,-1,-4,6,-9,-2,0,-6,6,5,8,-13,-6,-7,-16,-6,-14
6,-1,0,4,1,2,-6,-5,1,2,-4,6,-1,1,-4,12,-10,4,1,8,0,11,5,4,6,14
-79/89,0,2,2,0,0,6,-1,-2,3,-2,3,-8,-6,12,0,-2,0,-13,-5,-15,2,4,10,-8,2
15/2,0,0,0,-5,-1,2,3,-2,-9,6,1,2,4,1,-11,-12,-3,8,-12,2,8,1,6,-1,-18
-3/5,0,0,0,-5,2,0,-3,-2,0,4,10,6,-3,12,6,6,8,-11,14,12,11,6,-3,9,-14
17/36,0,0,-2,3,-1,1,-8,0,-9,3,-1,-7,0,8,0,0,0,1,-3,-12,-10,-15,9,-6,-8
-79/64,0,-2,2,-5,-5,2,1,1,6,4,2,-5,-3,1,0,1,-2,0,11,0,-11,4,3,3,17
17/9,0,0,0,-5,0,6,-8,1,3,-10,-9,-1,-1,8,0,-6,-11,1,-10,4,-4,5,6,-10,18
1/4,0,2,1,1,-2,2,-3,1,2,6,-1,-6,-1,7,-8,-10,-11,-1,-14,-3,-2,-11,2,12,8
-7/9,0,0,0,1,0,-5,2,-2,1,-2,-9,-6,-7,-1,0,-9,-4,1,-10,-2,14,-14,-16,8,-7
1/32,0,-2,3,1,6,4,-3,-2,6,10,2,-7,8,-3,0,-7,-12,-5,2,8,-5,8,5,0,9
-7/22,0,-2,1,1,-2,-5,-6,1,3,4,10,6,8,1,0,-2,6,13,4,-12,-8,-10,17,10,-12
97/82,0,2,4,-5,-3,-5,-3,-2,3,-1,-7,2,6,12,-6,9,10,-12,-12,5,2,5,6,-12,8
79/49,0,2,4,-5,4,-5,2,1,3,-5,-9,-7,2,-4,-11,2,6,1,2,3,-4,4,2,12,12
-7/15,0,0,0,1,-5,1,6,1,-8,6,-1,10,-6,7,1,-6,-9,6,11,13,6,5,-16,0,14
-61/40,0,-2,0,1,4,-5,-3,-2,4,-4,2,6,6,-4,4,4,6,-13,4,-3,-16,15,5,10,-6
-9/2,0,0,-2,1,-5,0,-3,1,3,10,3,2,6,-6,11,-9,-7,4,-10,-15,-7,8,-15,-7,17
-37/46,0,-2,2,3,0,-5,-3,1,0,7,3,-11,8,4,6,6,-2,4,4,-8,12,-8,11,-8,8
-75/38,0,0,0,3,4,2,5,-2,6,4,2,7,6,9,-8,-7,6,8,16,-15,12,8,3,1,12
71,0,-2,4,0,4,-6,2,-2,6,9,-5,-10,-4,7,-8,6,6,-2,11,-12,-6,6,7,-14,7
-10/61,-1,-2,0,-5,-1,-1,3,-2,3,4,1,-2,6,4,12,0,-1,-4,1,2,-1,-1,-3,-7,-18
17/11,0,2,-2,1,-2,4,-8,1,1,7,1,-2,8,-4,10,6,8,-8,-12,-12,4,15,-16,3,2
-18/73,-1,0,2,0,6,2,-1,1,3,6,-10,10,-7,12,0,-3,-12,1,-11,0,-6,-16,-1,6,-2
-11/13,0,2,2,-5,0,-2,1,1,6,-5,1,10,0,-10,4,-2,7,10,-14,-3,-5,11,-7,6,-19
85/91,0,2,0,-5,6,-2,-8,1,3,3,-10,-2,-6,-6,-7,0,0,13,5,3,-11,1,2,-6,10
3/4,0,0,3,1,0,-5,2,1,6,-5,-2,-5,-1,4,0,-2,6,10,5,5,6,-14,-7,-14,-2
-2/85,-1,2,0,-5,0,-1,-2,1,-4,4,-1,-7,0,4,-8,6,11,-1,8,-8,12,4,12,6,-2
-21/95,0,0,0,1,0,4,2,-2,-6,4,-5,7,-1,-12,-4,-4,-12,0,5,-12,7,-14,12,2,9
-10/31,1,-2,0,1,4,4,-4,1,-6,-3,2,2,-6,12,-10,-2,-4,2,11,-3,4,4,16,-12,-18
-61/96,0,0,2,1,-1,-6,-3,1,6,3,-8,-7,-7,0,10,-9,-4,-13,4,2,2,-16,-16,6,12
-17/47,0,-2,2,-5,0,-6,-8,1,2,7,-4,10,-5,7,3,7,-13,-5,5,-15,-2,-16,9,10,3
45/43,0,-3,0,3,6,-5,2,1,6,-8,-9,2,-7,-12,-8,-9,8,6,0,0,4,-14,12,1,-4
-10/23,1,2,0,1,-5,6,-3,-2,0,0,-5,-1,0,-2,4,6,6,-10,8,-2,8,-16,-3,0,8
65/34,0,-2,0,-5,6,-7,-2,-2,6,9,2,-2,6,12,-8,-2,-2,-11,4,12,-6,-14,12,8,2
3/2,0,0,2,-5,4,-5,-1,-2,-3,4,8,-7,-7,1,0,6,-9,10,-14,-3,-10,-4,-3,0,2
11/5,0,2,0,-5,0,2,-4,1,-6,-5,-9,-2,0,7,0,-12,-14,8,-10,14,2,0,12,6,-3
-95/88,0,2,0,1,-2,2,-3,1,6,0,10,-2,8,-6,-6,2,-4,10,4,-9,-4,11,-4,6,14
-71/34,0,2,4,0,2,-1,-2,-2,0,0,-4,7,6,2,-6,-10,-7,10,-14,-12,-2,-15,14,10,6
-36/79,0,-3,0,3,-3,1,-5,-2,-3,3,2,-2,-6,10,10,3,0,5,-11,-15,-10,-8,15,2,10
17/19,0,-2,3,1,0,-5,-8,-2,-3,6,-9,-10,6,-10,-6,-4,6,-2,8,12,-6,-9,-3,1,14
-7/47,0,2,1,1,4,-5,-5,-2,-6,-1,8,-2,-2,4,3,6,10,4,-11,-3,4,-8,-13,8,10
-9/20,0,0,0,1,6,-5,2,-2,-8,4,-4,-1,-6,-4,-11,-12,-4,-1,5,6,-6,4,9,6,-12
-70/89,1,2,0,1,4,-1,-3,1,6,2,-6,-7,-1,5,8,-3,-3,6,2,12,12,13,-3,-8,14
-2/43,1,2,0,-5,-1,-6,-3,-2,-6,-2,-5,-8,12,-12,-8,-11,-3,8,16,3,-10,-7,16,18,11
-29/11,0,-2,0,-5,-2,-5,-6,1,1,-10,3,-1,6,-1,0,9,-4,10,0,-12,-6,-1,1,12,-6
-5/33,0,0,0,1,-2,1,2,0,3,-4,-9,6,6,-2,0,-10,0,5,-3,-1,2,-4,-4,4,-3
-9/98,0,0,2,-5,0,-5,5,1,6,6,1,-3,-7,-4,-2,4,10,13,-14,-9,12,-6,-3,-9,13
-7,0,-2,3,1,-3,-6,-1,1,-6,6,-2,-6,-3,-10,10,1,0,-12,6,-12,-16,13,-4,-15,-14
20/9,0,0,0,3,-5,-5,-5,-2,-3,0,4,-1,6,8,0,-2,10,-1,-12,-3,-4,10,-4,-2,-2
65/54,0,0,0,1,-5,-7,3,-2,3,7,10,-1,-6,4,-11,0,-10,1,-6,4,4,-15,-8,-14,12
-11/10,0,2,0,0,0,-5,-3,1,-3,-2,-6,-5,3,1,1,3,0,-1,11,0,4,-8,3,6,2
4/9,0,0,4,1,0,6,-3,-2,-8,2,-4,-2,-6,-4,6,-10,0,10,6,-9,-6,0,-6,-7,2
-30/77,1,0,0,-5,-2,-5,-3,1,6,5,-4,11,1,-9,-8,0,0,-5,-11,3,-1,-16,2,0,2
-11/8,0,-2,-2,3,0,2,2,0,-3,-3,10,-1,-6,-1,0,-2,4,-7,2,2,10,-16,15,-14,6
-88/95,0,2,0,1,0,-5,5,-2,-3,-10,10,-11,8,4,12,6,-5,10,5,8,6,-9,6,8,17
-6/85,1,0,0,0,-1,2,-2,1,4,5,-2,5,-9,-4,13,-4,10,-2,-11,14,-7,8,16,0,5
-13/9,0,0,3,-5,-5,-7,-3,-2,-9,-4,-6,-2,0,-9,6,6,-4,-1,8,9,-2,-14,-12,10,-9
-91/43,0,-2,0,1,-2,-7,2,1,-3,-5,-9,-6,6,-12,7,-2,-2,-8,12,-3,-4,-14,-7,18,2
1,0,2,2,0,-5,2,4,0,-3,4,2,8,-6,-6,2,-3,0,10,12,2,-16,0,11,-6,8
-22/19,-1,-2,-3,-5,0,-5,-5,-2,-8,-5,2,-6,-6,-1,-11,6,13,2,8,6,10,-16,12,2,3
2/3,-1,0,2,3,0,-5,6,-2,-6,7,3,10,4,9,13,3,7,-5,5,-7,-11,12,10,-8,14
-2,-1,2,-3,-5,0,4,5,-2,-8,-1,-4,6,-9,-2,0,-6,6,5,8,-13,-6,-7,-16,-6,-14
-3/8,0,0,2,-5,-5,4,-5,1,4,-2,10,-3,2,2,-3,1,0,1,10,0,2,-8,10,-6,17
81/20,0,0,0,3,0,-6,-1,1,-9,7,10,-2,-7,-9,0,0,0,10,-14,7,2,-14,-3,3,-18
3/4,0,0,3,1,0,-5,2,1,6,-5,-2,-5,-1,4,0,-2,6,10,5,5,6,-14,-7,-14,-2
-29/14,0,-2,2,-5,4,2,-3,1,-6,-10,-5,11,-5,-6,-6,-11,0,-4,-12,4,4,-14,1,-8,13
-22/21,1,0,3,-5,0,6,2,1,3,10,-9,-1,-6,-6,6,-14,-4,6,4,15,-13,-10,-16,-14,9
-55/31,0,-2,0,-5,0,0,1,1,-9,4,2,-2,7,-6,-8,6,-12,5,-11,8,-4,12,-4,-12,-7
79/54,0,0,2,1,0,6,5,1,3,-7,-7,-7,6,9,-6,-4,-2,2,-12,-1,-13,4,0,-10,-2
-41/6,0,0,2,1,2,-5,-3,1,-4,-1,10,-11,-4,1,2,-6,5,-3,-2,3,-2,15,0,-17,-9
-41/13,0,2,3,1,4,-2,-5,-2,3,-5,-10,-1,-4,4,-2,-7,-11,2,-12,-6,-14,4,-3,6,-1
-11/35,0,-2,0,-5,0,-6,-5,-2,-3,5,-5,-11,-5,-3,0,-11,6,-7,8,3,14,-11,-16,10,8
28/9,0,0,2,1,0,-6,2,0,-8,4,1,7,0,2,-8,10,9,1,0,-5,10,1,-16,-10,-12
27/29,0,0,0,1,4,-1,5,1,-6,-6,-6,6,6,4,3,-11,4,1,-14,-9,0,-11,4,6,12
29/11,0,2,2,1,-2,-5,5,-2,3,-10,-4,-1,6,6,-8,1,1,2,-13,3,6,-4,-7,9,-12
-17/42,0,0,1,-5,-2,1,-8,-2,6,0,-8,-8,-3,-6,0,6,0,-2,8,0,4,4,6,9,-2
-97/67,0,-2,2,1,-1,2,6,1,4,6,-2,6,-6,6,0,0,0,0,0,12,-6,-4,1,2,8
-4/25,0,-2,0,1,2,-5,-3,1,-8,4,3,-7,-1,2,1,-6,-14,8,-12,-12,-10,-16,-3,-9,-18
-37/26,0,2,0,0,6,-2,5,-2,-8,6,-9,-11,-6,6,-1,4,0,-2,4,-9,-6,-10,6,0,13
56/79,0,-2,2,1,2,-5,-6,1,-3,6,-9,2,-5,6,6,7,-5,1,-13,6,-13,-8,6,-6,8
-32/27,0,0,2,-5,0,6,1,1,-3,4,-1,10,-6,4,7,6,0,-3,-12,-9,2,6,6,10,14
8/91,0,-2,0,-5,6,-2,1,-2,-3,-7,-9,10,10,-10,1,1,-11,-7,12,2,-6,12,11,6,-1
17/83,0,2,1,-5,-5,-6,-8,1,-6,5,-1,-1,-6,1,0,2,-4,5,-11,-15,7,2,-16,10,2
-37/54,0,0,-2,0,-3,2,3,1,0,-7,-2,-11,0,0,-6,6,-9,10,10,-13,-11,6,0,2,3
-54/59,-1,0,1,3,-2,-1,-5,-2,6,-2,10,10,-6,4,11,-2,10,-1,9,15,14,-14,2,-4,-5
43/93,0,0,2,-5,-1,0,3,-2,-4,-5,2,-8,-4,-1,-1,5,5,-10,-12,-15,4,-11,-11,-6,13
-14/39,-1,0,1,1,4,-2,-3,1,6,4,6,-6,-9,-4,6,-3,-12,-7,-10,6,7,13,6,4,-18
-2,-1,2,-3,-5,0,4,5,-2,-8,-1,-4,6,-9,-2,0,-6,6,5,8,-13,-6,-7,-16,-6,-14
23/22,0,-2,2,1,-2,-5,-3,-2,-7,-4,-7,5,-4,10,-11,6,0,4,8,2,0,-4,-1,-12,3
-76/77,0,2,-3,-5,-2,4,4,1,6,-2,-4,-11,-9,-6,4,1,6,2,-2,-5,-2,11,0,-6,13
85/19,0,2,0,3,-5,6,-8,-2,-9,-4,3,-7,-9,4,4,-10,-1,1,10,-12,-5,6,-5,-3,-6
12/73,0,0,1,-5,0,-5,3,1,-8,-3,10,-7,7,4,-2,6,-4,10,-12,0,-6,-7,1,-6,-13
-23/33,0,0,1,0,-2,-6,-5,1,-7,4,-10,-2,6,-2,12,-2,4,-5,-2,3,-2,1,1,0,-18
-32/23,0,-2,0,-5,-5,0,-5,-2,0,6,-10,-10,6,-10,0,7,-14,-10,11,-7,4,-8,-16,-1,18
-17/6,0,0,3,3,6,-5,-8,-2,-3,-7,1,-6,-5,4,12,-10,0,-3,14,13,-13,-16,17,10,-5
58,1,2,-2,1,-2,-6,1,0,1,-10,-9,-2,-6,9,7,-7,4,-6,-8,-1,-13,-14,-3,-16,-6
8/79,0,-2,0,-5,-3,-5,-1,1,6,0,-9,-7,-1,2,-8,-4,-12,10,5,2,4,-8,-16,-8,2
77/20,0,2,0,1,0,4,2,0,-3,3,-2,10,10,-4,0,-11,-1,13,-10,11,8,6,-3,9,8
-36/29,0,0,0,1,0,2,2,1,-8,-6,10,5,3,8,4,6,-4,13,10,-5,14,4,10,12,-10
-3/56,0,0,-3,-5,0,-1,-3,-2,6,4,4,-1,6,-1,-11,0,0,2,-2,-4,14,11,-15,-10,10
13,0,2,0,1,-1,-7,-3,-2,-3,9,-9,10,0,-1,1,5,-4,13,3,4,-1,6,5,-10,-2
97/37,0,2,4,3,4,2,-3,-2,6,2,3,-8,0,5,-8,-4,11,1,4,-15,4,-15,-3,-15,8
-23/15,0,0,0,-5,0,-5,2,0,-7,-5,0,5,-3,6,7,-6,-13,4,-14,-5,-5,4,-6,-7,-10
-22/51,-1,0,2,3,0,-1,-2,-2,4,0,-6,-7,1,12,-6,-9,-4,8,6,4,-16,-15,-15,-10,-6
19/28,0,2,-3,-5,4,1,5,1,-3,10,-10,10,6,-10,-8,1,0,1,-13,14,-1,4,3,3,11
-35/74,0,-2,0,1,0,6,2,1,-6,-2,1,-8,-4,7,6,6,-3,2,-6,10,-10,11,-7,-14,-10
-21/62,0,0,2,1,0,6,6,-2,-8,-7,2,10,12,-6,-6,-11,0,6,5,15,-2,-8,11,-12,8
-99/43,0,0,3,1,0,4,-5,-2,6,-3,0,10,-6,-12,1,7,-4,-11,-2,2,6,-1,-12,-6,11
-81/38,0,0,0,0,0,1,4,-2,-3,7,0,-6,0,10,6,6,-10,8,-2,6,6,-8,-1,-6,-14
2/3,-1,0,2,3,0,-5,6,-2,-6,7,3,10,4,9,13,3,7,-5,5,-7,-11,12,10,-8,14
2,1,-2,0,1,-1,0,-6,1,6,-7,-6,10,-7,4,4,-6,-2,2,-12,-1,-13,0,12,0,10
-10/87,1,0,0,1,6,-1,6,1,6,-6,3,-7,-9,4,-6,-12,-10,-1,12,15,-6,-14,4,-8,8
2/5,1,2,0,1,4,1,2,1,-3,-5,10,-6,6,4,-6,-9,-12,1,-10,2,2,-10,-12,-6,-5
-20/33,0,0,0,3,-2,6,2,1,-8,-3,-8,-2,2,4,-6,-3,2,1,0,-12,-8,-16,-12,-7,8
-1,0,-2,1,1,6,6,3,1,-4,0,1,7,12,10,-8,0,4,0,4,-8,1,8,12,-9,8
49/76,0,2,1,1,2,-5,-3,-2,3,3,10,-1,7,12,-4,-2,0,-3,8,-12,-13,-12,-4,10,-6
-6/59,-1,0,0,-5,-3,2,6,1,-9,2,-6,-6,0,2,0,0,10,-5,5,7,-5,2,2,6,-3
26/29,1,2,1,-5,6,-7,2,-2,1,-6,10,-1,8,6,6,4,0,-5,1,6,-5,-15,0,5,-1
71/95,0,2,0,1,4,-5,-6,-2,-6,-1,-1,-2,0,2,-8,6,-1,1,3,-12,-14,12,12,-12,-2
-2/35,1,-2,0,-5,6,6,5,-2,-9,3,0,8,-6,7,-6,-10,4,2,4,12,4,0,4,-6,-7
91/73,0,2,2,1,-1,-7,-3,-2,-8,-5,-4,-7,12,-10,-6,-2,-11,-2,11,-8,-6,-7,6,10,8
95/71,0,2,0,-5,0,-5,-4,1,-3,3,-1,-6,10,12,4,2,5,6,2,4,11,-7,12,1,-6
-46/27,-1,0,0,-5,-3,-6,-4,1,-7,2,-9,-8,2,-10,0,-2,-12,-3,4,2,-16,-12,6,-6,18
-6/7,-1,0,2,-5,4,2,-3,-2,-3,-3,-1,-2,-6,-10,-4,-4,6,8,-3,-5,-14,13,17,5,-2
-94/33,1,0,3,-5,-2,6,-4,1,-3,7,0,-2,-7,-6,-8,6,9,0,-10,3,11,-8,-8,4,1
47,0,-2,-2,-5,-2,-5,-3,1,-3,-10,4,-5,1,-1,-8,7,-4,2,-3,-9,-6,1,8,0,2
20/9,0,0,0,3,-5,-5,-5,-2,-3,0,4,-1,6,8,0,-2,10,-1,-12,-3,-4,10,-4,-2,-2
-39,0,0,0,3,4,-7,6,1,3,3,1,6,-7,-1,-6,-2,-1,-8,16,-9,14,1,-13,5,-6
15/76,0,0,0,1,4,6,-3,-2,1,-2,-8,2,-6,4,0,-4,-10,10,1,4,-9,-1,6,-10,-18
-25/14,0,2,0,-5,6,2,2,1,-3,0,-9,-7,-9,-9,-6,-6,0,-11,10,5,-16,-8,-3,-6,10
-15,0,0,0,1,4,4,-6,1,6,3,4,-7,7,7,13,-6,4,-1,8,8,-13,-8,0,-6,-12
-92/95,0,-2,0,-5,-5,1,4,-2,-7,5,4,-2,2,7,4,6,6,4,-14,-12,-1,-10,1,6,12
61/78,0,0,-3,-5,2,-2,4,1,-8,3,-4,-1,-5,6,12,-4,6,-13,-5,6,14,0,2,4,-6
29/23,0,2,-3,-5,4,6,-6,1,0,-10,-1,11,4,2,0,-9,-5,-10,-3,4,-11,-16,0,6,6
75/44,0,0,0,1,-2,0,3,-2,-4,-4,2,-5,6,-9,3,-2,-1,1,2,4,-4,4,12,10,-13
-29/63,0,0,2,-5,2,-5,3,-2,-3,-10,-6,-1,6,2,0,5,-3,10,1,-7,-2,11,6,-4,-14
-73/60,0,0,0,0,-2,6,1,0,-8,6,-8,6,0,8,0,-3,6,5,8,15,-11,-14,-3,-10,-5
17,0,-2,2,3,2,-5,-8,-2,-8,-5,8,-2,-6,-6,0,6,-7,-6,-14,-4,-2,-4,-12,-8,-7
47/14,0,2,-3,-5,-5,-5,1,1,-3,6,1,-1,-6,12,-8,-2,6,0,4,-12,6,4,-10,-12,-18
47/27,0,0,0,1,4,-5,2,-2,2,7,-9,7,2,-9,-8,1,0,-13,-10,6,-1,6,16,-12,17
74/29,1,2,4,-5,0,1,-4,1,-4,-6,-7,-11,4,8,3,3,-4,10,-8,3,10,-14,-3,12,17
51/82,0,0,3,1,0,1,-8,1,3,9,2,10,6,-2,-11,-2,13,-1,9,-12,7,-4,1,-14,-6
11/20,0,2,0,3,0,-1,5,-2,0,-7,1,-3,-3,8,0,-3,13,6,1,-12,4,5,5,-8,18
58/81,1,0,3,-5,0,0,5,1,-3,-10,-8,-2,-3,4,4,4,1,-1,8,8,11,-15,16,8,-12
44/13,0,-2,0,-5,0,-2,-5,1,4,3,2,6,6,-4,0,3,-7,0,1,-1,7,0,16,1,-5
-97/94,0,-2,-3,-5,-3,4,-1,1,-3,4,-9,-10,8,-1,3,-2,-11,-2,5,-15,-13,-1,-13,12,8
18/31,-1,-3,2,1,-1,2,5,-2,6,0,2,-10,-1,4,10,-14,6,-11,12,6,-4,-8,4,-16,6
24/23,0,0,0,-5,-1,-5,-3,1,0,-2,-4,-6,7,8,-8,-2,0,-1,-5,-15,-2,-15,3,-14,2
12/17,0,0,0,-5,-1,1,-2,-2,-8,0,-1,6,6,-1,6,-3,-7,-2,3,5,-9,-12,12,-6,8
-97/88,0,-2,4,1,-2,0,-3,-2,3,3,2,8,-6,8,-8,-4,-7,-10,4,-5,-1,-7,8,-17,8
-17/21,0,0,-3,-5,2,-6,-8,0,-4,9,3,-2,-9,5,-6,-11,-2,-1,4,-9,2,0,14,12,2
6/83,1,0,3,0,-5,-1,2,1,3,9,10,10,1,-2,-6,-11,-11,6,-14,7,-4,-4,-16,-9,3
-52/55,0,-2,0,3,-2,-7,-3,-2,3,-1,3,-6,6,-4,0,-2,-4,1,-2,-3,0,5,-16,10,-10
42/79,-1,0,-3,1,6,1,-1,-2,6,-7,-4,8,0,4,-11,-9,1,1,4,16,-6,-8,3,12,-6
-79/90,0,0,0,1,6,2,-3,1,-3,6,4,10,7,5,-6,1,-13,5,-2,3,14,4,6,-13,2
-16/67,0,-2,0,3,2,-5,3,1,6,-3,3,-10,-6,7,-6,-2,6,8,0,12,2,-8,11,2,-6
42/65,1,0,0,1,-1,-2,2,-2,-3,-4,-1,-7,-6,-2,-6,-4,0,2,-2,-12,-1,-16,-3,1,-19
9/4,0,0,4,-5,4,6,5,-2,6,-3,1,-6,-2,-1,8,6,-7,-3,11,8,2,-7,2,-14,2
57/40,0,0,0,3,4,-5,4,1,6,0,-9,-5,6,0,-8,6,6,1,4,-5,-13,8,4,-8,8
-89/81,0,0,4,-5,0,-5,4,1,2,10,1,-5,-9,6,-6,6,6,-5,10,5,-6,-1,0,-13,-13
-1/5,0,2,0,-5,-1,-5,-1,1,-3,2,6,-7,6,-6,0,4,-4,5,0,0,-1,-16,-10,-14,-6
-53/88,0,2,1,1,-2,-1,2,-2,-9,-4,1,-7,-9,4,2,-10,-4,-4,5,-9,4,11,4,3,5
-13/8,0,2,2,0,0,-7,-4,1,3,-7,1,-2,-3,-10,-11,-7,-5,1,9,6,8,13,7,12,9
-92/37,0,2,2,3,6,6,-4,1,-7,5,-9,-8,2,-6,0,3,-9,10,-8,-4,4,10,12,-6,8
-50/73,-1,2,0,1,4,2,1,1,-4,4,10,10,-6,2,-6,-10,-4,1,-7,-6,-6,-10,2,-10,14
-5/16,0,2,0,0,6,6,2,1,0,4,-8,10,-2,4,13,1,-2,8,-10,4,-4,-8,4,18,-6
-58/61,-1,-2,-2,0,4,-5,4,-2,-3,-10,-9,10,-3,6,-11,-10,-14,-4,-12,8,-2,-6,-7,18,-6
28/47,0,-2,1,1,-1,2,-1,0,-3,-5,-7,-7,8,8,3,5,-3,5,-8,-1,2,4,-16,1,12
-37/68,0,2,0,0,0,-5,-2,-2,4,-4,1,-11,-4,-7,-6,7,11,2,-12,7,2,5,-3,6,11
-7/8,0,2,4,1,2,-5,2,-2,6,10,3,10,0,-1,12,3,-11,-8,-12,-12,-5,4,2,6,-8
-3,0,0,-2,-5,0,2,2,1,-4,-8,-4,-10,-6,4,0,11,6,-6,-11,-12,-13,-16,16,-12,9
-85/74,0,2,0,-5,6,-5,-8,-2,2,4,3,-8,7,-4,-11,-3,-14,4,2,3,2,-4,0,1,-19
37/38,0,-2,1,3,-2,0,2,-2,0,-5,1,-11,2,2,3,7,-10,-1,4,6,0,13,-4,-17,2
91/12,0,0,3,1,-2,-7,-4,1,-8,10,-5,5,-1,-1,-6,0,-12,-2,-12,-12,-10,0,10,8,-13
17/50,0,2,0,3,-5,4,-8,-2,6,4,-9,10,-1,2,6,0,4,-13,4,-9,-2,4,12,-6,3
-47/63,0,0,4,-5,-5,-5,-5,1,0,-5,0,10,0,-6,-8,6,5,8,-6,-12,12,-7,6,-8,8
-2/39,1,0,3,3,4,-2,2,-2,-4,2,1,7,-6,-2,-8,-6,4,-4,1,15,-2,-1,12,2,-9
-37/22,0,-2,1,-5,-2,-6,-3,-2,4,-8,3,-11,-4,-12,6,2,0,8,2,-12,10,-4,-5,1,-18
37/23,0,-2,1,0,-3,-5,-4,-2,0,-10,2,-11,2,-3,4,11,-7,-7,-11,-15,2,-14,-16,6,-13
55/93,0,0,0,3,0,-5,-4,0,-3,3,2,7,-6,-7,8,6,6,-8,8,9,7,11,8,-6,9
4/3,0,0,3,1,4,2,1,-2,-3,4,-1,2,2,6,0,3,-2,-10,-2,6,4,-8,8,18,13
23/5,0,2,0,1,0,0,-3,1,-7,6,8,-8,12,-3,8,7,7,1,0,-9,-5,0,7,-16,-5
8/21,0,0,-3,-5,-2,2,-6,1,-9,0,-2,10,6,2,0,5,4,5,-14,-12,14,11,1,0,-12
-11/23,0,-2,3,-5,0,-5,4,1,0,-8,-9,2,-6,8,3,1,-4,8,-14,0,-5,12,1,8,8
-55/4,0,-2,0,1,0,-1,3,-2,-3,-5,-7,2,-6,4,0,-4,0,10,10,12,-6,5,0,3,9
65/64,0,-2,0,1,2,-7,2,1,6,-4,8,-8,7,10,6,-4,-4,-10,5,-5,7,-7,6,-6,-13
5/3,0,0,0,-5,0,-6,-3,1,-8,0,3,2,-4,8,-2,-4,2,-8,1,-12,10,13,3,18,-14
0,0,0,0,1,0,-7,-8,1,-7,-10,-10,-11,-4,-1,-8,-10,-12,-13,-5,-12,-11,4,0,-13,8
-72/65,0,-3,0,1,2,-2,1,-2,6,-1,2,-2,-6,7,-6,7,-4,1,-5,10,7,12,-6,3,2
-2/35,1,-2,0,-5,6,6,5,-2,-9,3,0,8,-6,7,-6,-10,4,2,4,12,4,0,4,-6,-7
-5/7,0,2,0,-5,-3,1,-4,1,-9,7,8,-1,-1,6,12,-9,13,13,16,11,-6,9,2,10,-18
-5/9,0,0,0,0,0,4,1,-2,6,6,-9,-7,-5,4,0,-4,4,13,-14,-15,5,-4,-4,-9,12
-68/79,0,2,-2,0,6,2,-8,1,3,2,-9,-5,8,-2,8,-4,-4,-5,-4,-4,-1,-8,-12,9,-14
-81/70,0,0,0,-5,6,0,-6,1,3,6,8,10,-6,4,0,6,6,-7,0,-8,2,4,12,-14,12
-38/5,1,-2,0,-5,6,-5,-5,1,-4,-2,3,-7,-6,-6,-10,1,6,1,-2,-15,-6,2,15,10,17
-90/71,1,0,0,0,-3,4,-3,1,-3,-7,-8,-6,-6,-4,-6,1,6,-7,12,4,-1,6,6,-8,-1
38/73,-1,-2,4,0,4,-5,5,1,-8,-10,-9,7,-6,8,1,-2,2,-12,5,3,-6,-11,14,18,3
27/7,0,0,0,-5,4,0,3,1,-8,-5,-9,-7,-9,-4,-8,3,-10,8,5,0,14,-8,1,3,-9
-2,-1,2,-3,-5,0,4,5,-2,-8,-1,-4,6,-9,-2,0,-6,6,5,8,-13,-6,-7,-16,-6,-14
37/86,0,-2,2,0,0,1,2,-2,-3,0,-1,-11,12,-12,1,-9,6,-5,2,-12,-4,6,-16,0,3
63/53,0,-3,4,1,4,4,-5,1,-3,0,-2,-10,-5,4,1,5,0,-2,-10,-9,-8,6,10,1,-18
-1/13,0,-2,-3,0,4,-2,-3,1,3,7,10,-2,-7,4,-6,-14,11,10,-5,-5,0,5,2,2,-12
-14/61,1,2,2,1,4,2,-6,1,-9,-4,-1,-2,4,-1,-8,-6,0,-4,-3,0,11,6,0,6,8
5/41,0,2,0,1,-1,-1,-3,1,-4,-1,4,6,6,-10,0,-14,5,-2,5,14,-16,-15,-16,-10,-1
-31/22,0,-2,0,-5,-2,4,-3,1,6,0,-10,10,-3,0,12,-3,6,6,4,-9,-2,-1,-4,9,12
-13/2,0,2,4,-5,6,-7,-6,-2,-3,-5,-5,-8,-6,9,0,2,8,13,-13,6,7,13,-1,-12,11
-14/31,-1,2,4,1,4,-5,3,1,0,6,2,11,7,4,-8,-2,-14,-2,11,-5,0,-16,8,12,9
-17/21,0,0,-3,-5,2,-6,-8,0,-4,9,3,-2,-9,5,-6,-11,-2,-1,4,-9,2,0,14,12,2
87/67,0,0,0,1,6,4,5,-2,4,-10,-5,2,0,4,4,6,13,-7,0,6,2,0,3,-10,1
-76/5,0,2,0,3,0,1,6,1,-8,-5,-1,10,-3,4,1,-10,-4,-6,8,-8,11,-16,-4,-3,2
-27/82,0,0,2,3,6,1,-4,1,-3,-5,-7,6,6,-3,8,4,6,8,8,12,-13,-8,2,3,-2
-2,-1,2,-3,-5,0,4,5,-2,-8,-1,-4,6,-9,-2,0,-6,6,5,8,-13,-6,-7,-16,-6,-14
-8/7,0,2,4,-5,-1,2,5,-2,1,5,-8,-7,-3,2,11,-2,2,2,0,13,-13,5,-5,-12,-12
-43/12,0,0,0,-5,-5,-5,6,-2,2,2,1,10,-3,-1,-11,-2,-2,10,-12,15,-10,-16,3,9,1
1/31,0,2,4,-5,4,-5,5,1,-8,6,2,-1,-5,-4,0,0,7,2,3,5,-11,-6,1,-14,-7
-21/34,0,0,4,1,-5,6,-2,-2,-9,3,-2,10,3,12,0,6,-11,0,8,0,12,10,4,0,1
-85/69,0,0,0,0,-5,-5,-8,1,0,4,1,-2,6,2,0,-6,-2,-6,-8,6,-8,-16,9,-14,3
5/13,0,-2,0,1,0,-2,2,1,3,4,-4,2,0,8,-1,-11,-14,-7,4,5,11,-8,-16,-15,2
-2/9,-1,0,-2,1,-5,6,-3,1,6,5,8,-2,-6,4,12,1,-13,-12,4,5,-5,-8,15,-14,14
-63/79,0,-3,2,1,4,0,-6,-2,-9,-8,-1,-2,12,4,0,2,-4,-1,12,2,10,-8,-16,-6,1
-93/28,0,0,1,-5,-5,6,1,1,-3,-4,-10,6,-5,-9,-8,-2,5,2,5,5,-6,12,-3,-12,-18
-14/5,1,-2,0,1,2,-5,-3,0,3,5,-1,-8,-4,1,-11,6,11,-1,1,5,-6,6,8,8,17
-1/64,0,-2,0,1,2,2,-3,1,4,-3,0,2,6,4,7,-10,-4,-11,12,-12,-13,-14,-1,2,2
-99/95,0,-3,0,-5,0,4,-6,-2,-3,9,-4,11,-6,-9,-8,10,6,13,0,-1,-7,-14,16,10,8
-1/9,0,0,0,3,2,2,5,1,-3,4,-2,-8,8,-10,-4,7,-4,-1,8,4,-13,8,14,6,2
-33/46,0,0,0,-5,0,6,-1,-2,0,10,-10,-2,-6,-9,-2,-3,6,8,-14,6,-13,0,6,12,1
28/73,0,2,0,1,-3,2,-4,1,3,-1,3,-7,1,8,-10,0,-2,1,-13,0,-6,-16,8,1,-6
57/62,0,0,0,1,4,6,3,1,-3,6,2,5,8,10,13,-10,0,-8,-12,-15,0,6,2,6,-6
-98/23,1,-2,1,1,-5,4,6,1,0,-8,-1,10,10,6,-6,6,4,-1,-10,3,-8,-10,2,6,9
-27/26,0,0,-3,3,4,-2,2,-2,4,0,-2,2,10,4,-6,-3,13,1,-14,6,-1,0,3,0,8
-6/11,-1,0,1,1,-2,1,4,1,1,10,-1,5,-2,-10,-6,-6,-3,-1,-5,-12,10,10,0,10,17
79/11,0,-2,2,-5,-2,-6,4,1,-8,2,1,-11,0,9,4,0,0,-1,-6,-9,-6,4,12,1,-6
8/49,0,-2,2,-5,2,-6,-3,1,6,-5,-4,10,-6,6,-1,-6,-9,6,2,3,4,-5,-16,-14,-6
-16/99,0,0,0,-5,-2,4,5,1,-3,-10,10,2,4,-12,0,-2,10,1,12,15,-9,-16,12,12,-10
-86/95,-1,-2,0,3,4,4,2,-2,6,4,10,-5,1,-1,-6,1,-14,-10,0,15,-5,5,3,6,2
17/13,0,-2,2,-5,-2,-2,-8,-2,-9,-5,10,10,-5,-2,0,-6,-12,1,-8,-9,4,-15,14,8,12
-17/30,0,0,0,1,-1,6,-8,-2,4,-5,8,10,8,-2,2,-11,-7,8,1,13,-13,-14,12,-12,6
85/14,0,-2,0,-5,6,6,-8,1,3,-2,-9,2,8,10,-6,-2,4,-12,-12,2,-14,-8,9,-1,-2
-2/3,1,0,0,-5,-2,-5,2,1,3,0,-1,-11,0,7,-6,6,0,6,2,16,4,0,2,1,-1
18/91,-1,-3,-3,-5,2,-2,2,1,-3,3,-1,-7,-7,4,0,2,0,2,5,-12,-16,-4,2,6,9
-95/78,0,0,0,3,-3,-2,3,1,-3,-5,-9,-8,-3,7,-7,6,-1,5,-10,-4,-2,8,12,2,-12
-86/11,-1,-2,1,3,-2,-5,2,1,3,-5,-9,-7,-7,-1,12,11,0,4,-3,-3,-7,-8,4,1,8
25/9,0,0,0,1,-3,2,3,-2,-3,-4,-1,10,12,-2,-6,-2,-4,-8,0,-1,6,6,9,18,-10
43/4,0,2,2,1,0,2,5,1,-3,-10,3,-7,12,-1,-8,-10,-2,4,-14,-12,-1,-8,-16,-6,6
48/31,0,0,-2,1,0,6,4,1,2,-3,2,6,4,-3,0,1,-4,4,4,4,-13,8,3,-6,12
-13/6,0,0,0,1,4,-7,6,0,-8,6,3,-8,8,2,6,6,-4,13,2,-4,-4,10,-9,18,-18
1,0,2,2,0,-5,2,4,0,-3,4,2,8,-6,-6,2,-3,0,10,12,2,-16,0,11,-6,8
-61/8,0,2,-2,1,-1,6,2,1,-3,-2,-10,-10,-6,6,4,0,4,-13,5,3,-10,-7,-6,10,1
-7/12,0,0,2,1,-3,6,5,0,-3,-8,-6,-2,0,10,11,1,-12,4,-4,6,14,5,12,-10,-18
-1,0,-2,1,1,6,6,3,1,-4,0,1,7,12,10,-8,0,4,0,4,-8,1,8,12,-9,8
34/45,1,0,0,1,-5,2,-8,-2,1,9,-4,-3,-4,-6,-10,10,4,-11,-14,15,-6,8,6,12,11
63/11,0,-3,-2,1,-2,2,5,1,1,4,8,7,-7,4,4,-2,-1,-7,1,9,6,-15,2,-6,-3
-42/41,-1,0,0,1,-2,-5,5,1,-3,4,-6,-2,6,8,0,-4,6,-8,3,0,2,-6,11,10,-2
25/87,0,0,0,1,0,2,-3,1,6,-6,2,-5,-6,-4,-10,4,5,13,0,0,-6,6,2,-14,12
-1/6,0,0,1,0,0,0,2,-2,-9,-3,-5,-1,-3,8,8,-2,9,-2,12,14,12,6,6,-6,-6
-89/25,0,2,0,-5,4,4,-3,0,-3,6,-1,6,3,-10,11,-10,-10,0,2,3,0,1,2,-13,2
-34/75,1,0,0,3,2,6,-8,1,6,-1,-9,-2,12,8,-3,-4,-1,-2,-2,-4,14,-16,-4,-6,2
11/5,0,2,0,-5,0,2,-4,1,-6,-5,-9,-2,0,7,0,-12,-14,8,-10,14,2,0,12,6,-3
-43/80,0,2,0,1,-3,4,6,-2,-8,-7,-1,7,-6,-1,10,2,6,-6,2,-5,2,15,-4,-6,7
-41/79,0,2,4,-5,4,4,-3,1,1,4,-1,2,-4,-12,6,6,-1,4,-8,-4,-2,-8,3,-10,8
-17/21,0,0,-3,-5,2,-6,-8,0,-4,9,3,-2,-9,5,-6,-11,-2,-1,4,-9,2,0,14,12,2
-28/89,0,2,-3,1,4,2,-1,-2,-8,6,2,-2,0,2,-6,-9,5,0,-14,14,-14,6,2,-8,1
19/5,0,-2,0,0,2,-1,2,1,-3,-1,1,2,-6,8,13,-2,-4,10,2,-3,-11,9,-15,18,13
75/22,0,0,0,-5,-2,-5,5,1,-8,10,-6,-3,8,8,0,-3,9,-7,-12,15,-14,11,12,-3,8
-59/61,0,2,4,-5,-2,-5,-5,1,-6,3,-4,5,-5,1,-4,-2,-12,-4,4,4,0,-9,-3,6,-10
-5/8,0,-2,0,1,0,2,-1,1,6,5,3,-8,6,4,0,-10,-4,8,-8,15,-1,-15,6,12,-2
-3,0,0,-2,-5,0,2,2,1,-4,-8,-4,-10,-6,4,0,11,6,-6,-11,-12,-13,-16,16,-12,9
96/83,0,0,-3,1,4,2,2,-2,-4,-4,-5,5,-6,7,1,-3,6,-5,8,-12,10,2,-16,-4,-6
32/51,0,0,3,1,-2,6,-2,0,3,-5,-1,-10,-5,-1,-6,-4,-2,-1,8,-15,-1,5,12,0,7
4/5,0,-2,0,-5,-2,-6,5,1,6,-3,2,5,8,-6,-3,-9,0,13,-12,-2,7,-8,12,18,9
-19/47,0,2,-3,1,-5,-1,-4,1,0,6,-2,-11,-1,-4,3,0,-11,-6,12,-4,10,-14,6,10,18
19,0,2,1,-5,0,-6,-6,1,-9,3,10,-5,-3,-10,11,3,0,-10,11,3,6,-4,12,8,10
-32/11,0,-2,0,1,-2,1,5,1,6,-4,-1,-11,-6,-6,-6,-4,7,2,-8,-8,-2,13,-6,9,2
-10/11,1,2,0,0,-2,-5,-3,1,-4,6,4,2,-6,10,-3,6,-12,-10,6,10,6,8,-9,1,1
-91/55,0,-2,0,1,-2,-7,1,-2,6,4,-9,-10,-6,-3,-6,-12,1,-1,-12,3,-16,1,-4,-1,18
-1/82,0,-2,3,-5,-1,1,-5,-2,3,-4,8,5,6,7,-1,6,2,1,-8,-1,-13,4,11,10,-2
-21/23,0,0,-3,1,-5,6,2,1,0,-10,-1,-7,6,1,-8,-10,10,-2,-12,6,14,-9,14,18,2
3/7,0,0,1,-5,-1,-6,5,-2,3,-5,-9,10,-6,-4,1,6,-4,-3,-3,-15,-5,-8,4,0,11
-23/21,0,0,-3,-5,-5,0,1,-2,-7,0,-2,10,-5,10,0,10,10,-8,-10,8,-13,-15,0,12,2
70/33,-1,0,0,1,-2,2,5,1,3,5,-10,8,-7,-10,-8,-4,-1,6,-14,2,-14,8,-6,-1,8
-79/62,0,2,-2,1,2,-1,3,-2,6,-7,2,-7,1,1,2,1,-4,1,4,-12,-6,4,-9,-15,13
17/12,0,0,0,1,2,-1,-8,-2,3,0,-10,5,-9,2,0,11,-13,1,2,-15,8,-14,4,-7,-6
-26/43,1,2,3,1,-3,-7,3,-2,-3,2,3,-2,4,-12,-10,-2,11,-2,-10,0,6,-8,6,0,8
-11/27,0,0,3,-5,0,0,-3,0,-8,7,-9,11,-2,-2,0,-2,2,8,-8,-3,-9,-8,-3,-15,-1
-15/61,0,0,0,-5,-2,6,1,0,-4,-3,0,-8,-4,6,6,6,6,-4,-5,-3,14,-10,9,1,-12
-70/87,-1,0,0,1,-3,4,3,1,4,-6,-1,-1,0,8,4,-4,10,2,-12,15,10,10,-4,9,-6
-18/7,1,0,2,-5,6,1,6,-2,0,3,-2,-2,2,-2,-11,-7,0,2,2,9,7,-11,-10,18,2
-1/28,0,-2,-2,-5,0,-6,2,1,-3,4,-8,5,-3,1,12,6,7,1,2,9,-1,6,16,12,18
-71/88,0,2,-2,-5,-2,0,3,1,1,4,-1,-11,-5,1,-1,-3,-12,1,10,-12,-9,15,12,-14,-3
60/23,0,0,0,1,4,-6,-1,1,0,3,-1,8,-3,4,0,-6,0,1,5,0,0,-10,12,1,5
-45/47,0,-3,0,-5,4,-1,1,-2,-3,-5,3,2,0,8,3,-12,0,2,11,-12,2,6,4,-14,-6
-16/23,0,2,-2,1,2,2,2,1,0,6,-6,-2,10,-6,13,11,0,0,-12,-12,12,5,4,-12,7
-6/7,-1,0,2,-5,4,2,-3,-2,-3,-3,-1,-2,-6,-10,-4,-4,6,8,-3,-5,-14,13,17,5,-2
71/64,0,-2,2,0,-2,6,6,1,6,6,-1,-8,-6,6,-6,-2,-13,-3,4,-12,2,-15,2,0,2
-89/50,0,-2,0,1,0,6,-3,-2,6,6,1,5,-7,-6,-2,0,8,-6,4,-5,2,-16,-3,-13,17
43/18,0,0,2,1,-2,-6,-4,-2,-9,-2,3,-7,8,-1,12,-4,6,0,4,14,-6,-7,0,-12,9
-97/8,0,2,0,0,-2,-1,1,-2,6,-4,0,10,-3,-1,-3,4,0,4,3,11,-13,-8,12,-9,8
-77/36,0,0,3,1,0,-5,-3,-2,6,-10,-4,-2,12,7,0,6,-4,2,4,14,-13,-7,-3,-6,3
-11/28,0,2,0,-5,0,2,3,-2,3,4,-1,-6,-5,4,-6,6,10,2,-12,4,-13,8,-7,-8,-7
-81/92,0,0,3,3,6,2,2,1,0,6,10,2,0,12,0,-6,0,-5,12,-4,-10,-6,0,-15,3
14/5,-1,2,0,1,4,-5,-3,1,1,-8,-5,-7,-1,4,-11,-10,-5,-2,-12,-4,-7,11,4,-6,12
-92/31,0,2,3,1,-1,-5,-3,1,-7,-5,2,-2,-6,-2,0,10,-3,0,-3,0,7,-16,6,6,-10
11/31,0,-2,4,1,0,2,-6,1,6,7,2,6,3,-6,8,-4,10,-8,2,-3,-6,-14,-16,18,-6
2/5,1,2,0,1,4,1,2,1,-3,-5,10,-6,6,4,-6,-9,-12,1,-10,2,2,-10,-12,-6,-5
-2/5,-1,-2,0,0,-3,2,2,-2,6,-5,3,10,6,5,6,6,10,13,3,8,-13,1,3,3,10
-13/29,0,2,2,0,2,-7,-5,1,-8,-6,-1,-10,6,-1,11,6,-13,1,2,-1,-13,-5,17,0,14
19/77,0,-2,-2,-5,-2,6,-3,1,3,4,-2,-1,-4,-6,0,1,-12,-1,-11,-2,12,-9,3,1,14
5/9,0,0,0,1,-2,0,-1,1,-8,6,-10,-2,0,5,7,-4,0,-3,10,15,-11,-1,12,5,3
-52/3,0,0,0,1,-5,-7,5,1,-8,-7,-2,-3,10,4,8,6,6,-5,-4,14,-6,4,6,3,-6
-64/91,0,-2,4,-5,0,-2,6,1,6,9,2,10,-7,-1,6,6,6,1,2,-5,-8,10,1,2,2
37/25,0,2,0,-5,4,0,5,-2,3,-1,1,-11,-1,1,6,1,0,-5,-4,-8,6,6,6,-15,-7
6/17,-1,0,3,1,-5,-5,-2,1,-4,3,-10,5,10,-1,0,-2,-12,2,1,4,-10,-5,14,-12,12
-2/61,-1,2,3,0,4,6,-1,1,2,0,-6,-2,-5,-10,4,5,4,-4,12,-4,2,5,0,-12,-18
9/55,0,0,0,-5,-2,1,5,1,-3,-8,3,-5,0,4,0,-2,-12,1,5,3,-7,-8,10,-9,3
17/21,0,0,0,-5,4,6,-8,1,-8,4,-1,6,-3,4,-8,4,6,-13,11,9,2,-10,0,-2,2
98/43,-1,-2,0,1,-5,-5,-4,1,-8,6,3,-8,6,-12,-8,-9,6,-10,-14,-9,7,13,10,-7,13
17/27,0,0,4,-5,6,-5,-8,-2,6,-4,10,10,-1,8,0,-12,4,8,0,-13,-5,-6,-3,0,-6
-11/36,0,0,1,3,0,-5,2,1,6,6,-10,10,0,4,2,6,-2,5,2,-12,2,5,12,-8,9
68/97,0,-2,1,1,6,6,-8,1,-3,4,8,10,10,-7,0,6,1,1,4,3,2,-1,-4,3,4
7/52,0,2,0,1,4,-2,1,-2,-3,2,-8,6,2,-3,8,1,4,1,11,-3,4,-15,10,-6,10
-33/32,0,0,4,-5,0,2,-3,1,0,-10,-4,2,-1,10,0,7,0,-7,-11,11,14,15,6,-10,10
13/6,0,0,-3,0,-3,-7,2,1,2,6,-4,5,8,4,4,-9,6,1,-8,0,-5,5,-3,-8,18
-4/65,0,2,0,-5,-3,-2,1,1,-3,4,-5,-2,-3,6,12,-3,0,0,-12,-7,-8,5,0,8,-12
75/8,0,0,0,-5,0,4,2,-2,6,9,-8,2,0,-1,-6,6,-2,-6,12,7,-2,12,12,1,17
-67/14,0,2,-2,-5,4,4,5,1,6,-10,-2,-5,-5,1,-8,0,-5,-6,-5,-15,-5,10,5,0,-6
-65/93,0,0,0,1,0,-7,5,1,0,2,2,10,8,10,-6,-7,-4,8,5,-15,2,0,-1,6,-10
37/22,0,2,4,1,-2,6,-3,1,-3,5,-1,-11,-1,12,-6,-11,4,-2,5,4,-9,-9,5,-6,9
2/11,-1,2,3,-5,-2,6,5,-2,-9,4,3,-2,-4,12,1,-7,10,-7,2,15,5,13,-3,-4,-5
-72/5,0,-3,0,0,-5,-1,-5,1,0,5,-4,-6,-7,4,-8,6,-2,-2,4,0,8,13,12,-9,-12
-39/37,0,0,2,-5,-3,-7,-3,0,1,-4,-5,-8,6,7,-6,3,-12,0,10,-9,10,-16,-4,-14,0
57,0,0,3,0,-1,-5,-5,1,3,0,-9,-7,6,-7,4,-14,6,-8,9,-4,2,-8,3,2,-12
-38/33,1,0,2,-5,-2,0,-3,1,6,-4,3,-6,2,8,-6,-2,4,-6,2,2,-5,0,-4,3,8
99/29,0,0,4,0,0,6,-3,1,-3,-6,-4,-7,-7,-3,-6,6,-4,-13,12,16,-5,1,9,-6,-14
-52/61,0,-2,3,-5,2,-7,2,1,6,-7,-8,-8,-7,8,-7,2,13,-4,5,0,-14,11,-4,-7,6
3/49,0,0,-2,-5,4,6,1,1,-3,3,-9,-6,7,-2,0,-2,2,-2,12,13,7,6,-12,-8,14
-89/26,0,-2,0,1,0,-2,-4,1,-3,7,-2,6,-5,7,4,3,-7,13,-14,2,-9,-9,-5,-13,-2
89/44,0,2,4,1,-2,2,2,1,-3,-2,-1,10,6,10,-2,-6,6,-7,-10,16,-6,10,12,-13,13
-29/41,0,-2,4,0,2,-5,-3,-2,-3,-10,-7,10,6,-10,0,-6,0,4,-7,-4,10,11,-3,-1,2
1/4,0,2,1,1,-2,2,-3,1,2,6,-1,-6,-1,7,-8,-10,-11,-1,-14,-3,-2,-11,2,12,8
57/10,0,0,0,-5,0,6,-3,1,6,-8,0,10,-6,-4,2,-9,-4,13,4,-4,-1,-10,-3,12,-1
-26,-1,2,1,1,4,-7,-3,1,-4,5,-5,10,2,-6,0,-2,13,4,-12,-9,-6,-14,3,10,7
-84/29,0,0,1,1,6,4,-1,-2,-3,-6,3,6,-9,-4,0,-4,-5,-13,-12,-1,-2,-14,1,-12,-1
-61/55,0,-2,0,-5,-2,2,-5,1,2,4,-1,10,-7,4,4,-6,-14,-13,12,15,4,-4,-12,-15,-2
-89/41,0,-2,4,-5,-3,2,2,1,0,-3,10,-11,6,1,0,1,2,8,8,6,-8,10,9,-13,18
43/36,0,0,0,0,4,1,-3,-2,-8,-7,-8,-1,6,-1,-4,-6,0,8,2,-2,7,8,4,10,2
-25/31,0,-2,0,0,4,-5,2,1,-8,-7,2,6,2,4,0,6,5,-4,-3,-9,-13,5,12,10,2
31/17,0,-2,3,0,4,4,-2,-2,4,-3,-10,-8,-6,-6,-6,-11,7,-1,9,0,6,12,4,10,3
-14/45,1,0,0,1,0,0,-3,-2,4,10,1,2,-6,-10,0,-3,0,-7,8,0,-8,-4,-11,18,-2
-58/71,1,2,0,-5,2,6,-4,1,-8,-10,-4,10,8,-6,0,-6,4,1,11,4,-1,12,0,-14,2
-93/80,0,0,0,-5,-1,6,2,-2,6,-4,-10,-2,7,4,4,-4,6,13,8,-3,-4,-6,3,-7,-14
39/68,0,0,-3,-5,-2,-7,-2,-2,3,4,-1,-8,1,2,3,-2,-12,-5,-4,-1,-7,0,-3,-14,10
-38/45,1,0,0,1,2,4,6,1,-3,2,0,5,-1,0,11,6,2,-2,8,6,-2,-15,11,-10,9
-94/15,-1,0,0,-5,-3,-5,-3,-2,2,6,-6,10,8,12,-8,-9,-3,-2,8,-5,2,8,6,1,2
-17/5,0,-2,0,-5,-5,6,-8,1,-3,3,-5,-8,0,12,12,-2,-4,-5,-3,6,-2,5,-7,5,-6
-23/77,0,-2,2,-5,-2,2,2,1,-7,4,0,-2,12,-10,-3,1,-2,-2,-8,-12,0,-6,-16,-9,14
11/37,0,-2,2,1,0,2,5,1,-3,-4,2,-8,4,5,1,-6,-4,-6,5,-15,2,4,-3,0,10
37/67,0,2,0,-5,-3,6,2,-2,-6,-5,-9,-11,3,-9,0,-2,6,-8,0,0,11,4,12,1,10
8/5,0,2,0,3,2,6,2,-2,-4,3,-1,-7,-6,-10,7,-2,-3,4,8,14,7,-8,0,12,12
11/29,0,2,2,-5,0,-5,-3,-2,-8,-6,1,-1,2,4,4,-3,-3,13,-4,12,-4,-10,8,10,-8
89/44,0,2,4,1,-2,2,2,1,-3,-2,-1,10,6,10,-2,-6,6,-7,-10,16,-6,10,12,-13,13
-57/80,0,0,0,1,-2,-5,-3,1,-4,-2,-6,-7,6,12,0,-2,-9,-6,2,-15,8,-7,12,-6,5
11/29,0,2,2,-5,0,-5,-3,-2,-8,-6,1,-1,2,4,4,-3,-3,13,-4,12,-4,-10,8,10,-8
-98/83,1,-2,1,1,-1,-1,5,1,-6,10,4,-7,6,-1,-4,-2,-5,8,11,-15,14,-16,-16,0,-6
-35/97,0,2,0,1,-5,-5,1,-2,-6,4,1,-2,6,-9,-1,-6,2,8,-3,8,-7,-11,4,1,4
47/50,0,2,0,-5,2,-1,-3,1,2,-4,-5,-2,4,-10,-8,-6,-2,1,3,0,-2,-6,6,-14,8
-22/35,-1,2,0,-5,0,6,6,0,6,-4,1,10,-1,6,0,5,-2,1,-12,0,-10,1,16,-3,-6
75/91,0,0,0,-5,-2,-2,-3,1,-8,-8,-5,-11,-7,9,3,1,-14,-2,12,-4,-13,4,12,-15,17
41/27,0,0,-2,0,2,0,3,-2,-6,2,-9,10,-4,2,12,6,0,-6,11,0,2,-7,-7,6,9
37/34,0,2,3,-5,-3,1,-2,1,6,3,-6,-11,-3,9,-6,0,2,6,2,-8,-1,-7,-9,6,12
6/25,-1,0,0,-5,-1,6,2,0,-8,9,1,10,2,-7,-1,-6,-4,-2,11,15,7,8,12,18,8
-3/10,0,0,0,1,-2,2,5,-2,6,7,-5,5,-6,-1,-8,-7,2,6,6,-3,-6,10,-3,-15,-9
41,0,-2,0,1,0,0,1,-2,6,-5,1,-8,-4,-2,0,1,2,2,-12,-15,-6,-4,4,2,-3
-30,1,0,0,-5,-2,-1,-3,1,-6,0,2,10,-1,-1,0,-4,-4,4,4,-15,-2,-8,-3,1,8
20/9,0,0,0,3,-5,-5,-5,-2,-3,0,4,-1,6,8,0,-2,10,-1,-12,-3,-4,10,-4,-2,-2
-1/3,0,0,-2,1,4,-5,5,1,-3,3,1,-8,0,-7,-11,-3,0,-11,-11,-9,4,4,-8,1,-2
-8/13,0,2,2,0,4,-2,-6,-2,6,6,-4,-7,-6,-4,-7,-11,-4,8,8,5,-9,-16,-4,18,-9
35/39,0,0,0,1,-3,-2,1,1,6,-10,4,7,3,4,0,-10,-4,6,-2,-8,11,4,6,-15,-5
-71/58,0,2,0,3,-1,6,-6,1,-9,-6,1,-5,8,-6,13,9,6,-3,6,-12,10,-4,14,18,-1
23/25,0,-2,0,-5,-3,1,2,-2,-7,4,-1,-3,0,-4,-11,2,1,6,-14,-15,-6,8,-4,1,2
-33/16,0,0,-3,0,0,0,3,-2,6,6,-9,-6,12,-4,-8,1,11,-6,2,6,-10,13,-8,10,-2
25/31,0,2,0,1,-3,-5,2,-2,2,-1,2,10,-6,1,11,-3,6,-4,9,15,2,10,6,2,0
-23/83,0,-2,1,1,0,4,2,-2,-7,9,-2,10,-6,-2,13,-3,-9,4,14,12,-9,-10,-16,9,-1
79/43,0,2,2,1,0,2,2,1,1,4,-10,10,-3,-12,8,6,-4,0,12,8,-1,4,-4,-6,1
83/36,0,0,2,1,-1,6,3,1,-8,4,-4,-6,6,-4,2,-2,7,-13,6,-12,-14,5,0,-6,-12
-97/77,0,2,2,-5,-2,-6,-1,-2,6,4,-1,-2,3,-4,8,9,-9,13,-11,2,-10,4,12,-8,8
7/12,0,0,0,1,4,-6,-6,1,4,5,-4,-5,-5,4,0,-7,10,4,-6,12,-2,6,6,-17,-3
97/64,0,2,-3,1,-5,6,2,-2,-4,0,-6,-1,1,8,8,-14,-4,5,9,-9,2,-1,-3,9,8
-89/3,0,0,-3,3,4,-5,-1,1,-3,0,-1,-3,6,10,-2,1,9,-4,8,4,6,-8,-16,-13,6
44/47,0,2,0,1,0,6,-5,-2,-8,-2,-9,-10,12,7,3,6,6,-5,4,-8,-7,-16,-3,-14,12
-97/77,0,2,2,-5,-2,-6,-1,-2,6,4,-1,-2,3,-4,8,9,-9,13,-11,2,-10,4,12,-8,8
38/9,-1,0,3,-5,-2,2,-3,1,-8,4,10,5,0,4,-8,6,-3,-4,-10,8,2,6,-16,-10,-6
-18/25,-1,0,0,1,4,-5,-6,1,4,3,3,-7,0,-6,-6,0,6,4,-3,3,2,-14,6,3,8
-48/73,0,0,1,-5,-5,6,-3,1,3,7,-8,10,-3,8,6,-10,4,-8,-14,-9,-6,-14,6,3,10
-46/5,1,2,0,1,-3,-1,4,1,-7,3,-4,10,12,12,11,0,-4,-5,5,3,-14,-8,-4,-15,5
-47/6,0,0,0,-5,4,1,6,1,-9,-8,10,5,12,7,-8,-3,-2,1,3,12,-14,-14,4,-3,8
-41/49,0,2,0,-5,4,-5,6,-2,-8,4,-9,-8,-4,1,-7,11,0,-7,8,-3,12,-1,6,-12,-6
19/12,0,0,-3,0,0,6,2,1,-3,-2,1,-2,-6,-2,-3,-10,-11,-1,4,2,-7,-1,-7,6,11
-73/59,0,2,2,1,-5,2,-1,-2,-3,3,-1,-3,12,-4,6,-11,10,1,5,10,-11,10,6,2,-6
-23/13,0,2,1,1,4,-2,-1,-2,-7,-2,3,-2,-6,7,-6,-2,-14,-6,1,-15,7,15,17,3,2
73/32,0,-2,2,1,-3,2,-5,-2,-8,-4,3,-2,-6,4,8,7,2,13,4,15,-11,-8,4,6,-7
49/64,0,2,0,1,-2,1,-4,-2,0,9,-5,-2,-5,12,0,6,6,-8,8,-12,2,0,-4,12,-7
-71/59,0,-2,4,1,4,2,-5,1,4,4,3,-7,-6,4,0,11,10,-1,-10,-12,-5,1,4,9,-2
-25/99,0,0,0,3,-2,-5,2,1,-8,10,2,7,0,12,-8,-6,-4,-6,-4,-4,-13,-14,-3,3,17
20/7,0,-2,0,-5,2,2,5,-2,-6,6,-7,-11,-6,4,0,6,6,1,-11,4,-2,-16,0,2,14
94/93,-1,0,-2,-5,6,-5,3,-2,6,-4,2,-2,6,4,-8,-7,0,-8,4,2,12,0,3,12,-2
37/3,0,0,1,3,4,-5,4,1,-4,6,-6,-11,7,-2,0,-4,-4,1,9,7,2,-6,-16,3,-14
-97/75,0,0,0,3,6,0,-3,1,-8,-2,-1,2,6,-6,-6,-6,4,2,3,6,2,5,-4,-15,8
-40/63,0,0,0,-5,2,6,-3,1,-4,0,-1,10,4,-2,0,-6,9,2,-3,3,-6,8,12,-12,-5
-71/22,0,2,3,1,-2,-5,-3,1,6,-4,2,-7,12,6,-11,-14,-3,0,-8,-12,-14,-6,-4,-8,-7
-1,0,-2,1,1,6,6,3,1,-4,0,1,7,12,10,-8,0,4,0,4,-8,1,8,12,-9,8
45/23,0,0,0,-5,-5,4,3,1,0,6,6,-5,-6,6,-1,-2,-4,0,-10,-15,7,4,1,-8,12
92/51,0,0,2,-5,6,6,-2,-2,-7,7,8,5,-6,4,0,9,0,-5,12,9,-1,-14,6,-1,-14
-83/78,0,0,2,0,4,-2,1,1,-3,-4,-1,10,-1,2,8,2,-11,4,-10,-12,-6,-1,0,10,6
-81/92,0,0,3,3,6,2,2,1,0,6,10,2,0,12,0,-6,0,-5,12,-4,-10,-6,0,-15,3
41/75,0,0,0,-5,4,-5,4,1,-8,0,-9,-8,-4,12,-10,-6,-2,10,-3,8,2,-8,3,12,-19
-73/50,0,2,0,-5,0,-5,2,1,-4,7,10,-7,-6,12,0,6,-1,8,1,-4,-11,-8,-7,10,-6
-3/2,0,0,0,1,-3,-5,1,1,6,9,-1,-2,-3,4,3,-2,2,1,-12,-12,4,11,-16,4,2
3/19,0,0,-3,1,6,6,-1,-2,-3,7,1,-1,-9,8,-6,6,-7,13,-2,-9,-6,4,4,0,-3
-4/11,0,2,0,1,-2,0,6,-2,6,-8,-7,-2,-7,2,0,6,4,-3,1,3,-16,-10,12,-14,-14
64/23,0,-2,3,-5,0,-1,2,1,0,0,1,-1,-6,-7,1,0,-9,13,-10,-6,-11,5,10,-15,-6
31/78,0,0,0,3,0,-2,5,1,2,5,-10,-2,2,1,2,11,-12,-1,8,-9,4,-16,2,-12,-19
-53/63,0,0,1,-5,-2,6,2,-2,-3,4,-5,-7,-2,8,-3,-10,-9,-13,-12,-15,-6,13,-16,-15,-14
1/84,0,0,2,-5,0,4,3,1,-4,3,-2,2,12,8,8,0,-13,13,11,-5,-14,8,11,-14,-12
8/13,0,-2,0,1,-3,-2,5,1,-3,3,3,-8,-4,4,0,4,-10,-2,-3,-4,10,6,0,10,6
-31/4,0,-2,0,0,2,0,2,1,-8,3,-10,-7,2,10,-1,-11,0,8,2,-8,-6,-6,5,1,1
57/68,0,0,1,3,-5,-6,-2,1,1,-8,-7,-7,-3,-1,-6,-2,-13,1,9,0,-6,0,14,-13,-12
24/23,0,0,0,-5,-1,-5,-3,1,0,-2,-4,-6,7,8,-8,-2,0,-1,-5,-15,-2,-15,3,-14,2
21/34,0,0,1,1,6,2,-2,1,0,10,2,-6,-6,-12,4,-10,4,1,2,-4,4,5,8,-6,-2
-49/29,0,2,1,1,-3,2,2,1,3,-6,-5,-7,4,-4,0,-2,0,1,4,4,10,6,-9,1,-12
97/62,0,-2,4,0,2,4,5,1,-9,-5,2,-3,-4,6,11,0,0,-11,-14,3,-2,-8,2,3,8
98/55,-1,-2,0,1,-2,4,3,1,-6,-4,8,2,-9,-6,-8,-6,4,-13,10,8,2,8,6,-9,-6
19/33,0,0,3,0,-2,6,5,1,6,-5,-7,5,0,7,4,9,6,10,-10,-15,-9,-8,7,12,-14
89/34,0,-2,4,1,-5,1,-2,-2,2,-5,-5,-3,12,-7,-1,-4,-10,13,2,14,-5,-8,6,-13,-14
21/50,0,0,0,1,0,-1,-3,1,3,4,6,10,6,10,0,1,-3,-3,4,-8,14,0,4,6,-18
-73/93,0,0,2,1,-2,-1,-1,1,-9,-5,2,10,-6,12,-4,-4,0,1,-12,-1,-11,-8,11,6,14
-13/5,0,2,0,3,-3,-7,5,1,6,0,4,11,-7,-4,-6,6,-2,8,5,15,12,-15,-3,-6,2
-18/17,-1,-3,4,0,0,0,-2,1,-8,4,10,-8,-1,-1,4,-2,-4,-10,-6,-12,-1,-8,6,12,-18
53/99,0,0,-2,-5,-2,-5,2,1,-3,-7,-1,10,6,-7,4,-10,-5,-5,-10,-9,2,-8,-7,-14,2
-14/3,-1,0,-3,1,6,-5,4,1,-8,-4,4,-7,8,0,7,5,-11,-11,0,3,8,-16,2,2,-2
-29,0,2,4,1,-3,2,2,1,-8,-10,-6,-2,-6,-7,-6,-10,-14,10,4,12,8,8,16,-8,-3
33/49,0,0,2,-5,0,0,-4,-2,3,-4,2,-8,12,2,10,-7,-4,1,-10,-12,10,-8,2,-12,13
91/15,0,0,0,1,0,-7,2,0,-8,-5,-10,10,-6,1,0,0,0,2,8,6,-1,-8,-16,10,10
43/34,0,2,0,1,6,6,-2,-2,2,-8,-10,6,-4,-1,3,-12,5,-5,11,3,12,-8,-10,10,-8
-19/30,0,0,0,0,6,-5,-4,1,-8,10,10,-2,-9,-6,-4,-10,-2,8,8,-12,-2,0,-7,-14,2
49/36,0,0,2,1,0,2,3,1,6,6,4,-7,2,-10,1,7,5,-11,12,-4,4,-6,0,9,-1
79/90,0,0,0,-5,-5,6,-4,-2,6,6,0,6,2,4,8,-7,13,-10,0,-12,-10,4,-1,6,-6
22/91,1,2,2,-5,0,-2,5,1,-3,7,-1,-5,-9,-1,-8,1,6,-6,0,4,-13,-16,-6,10,12
-71/41,0,-2,1,0,0,2,-6,1,-3,4,-9,-5,6,-7,-1,6,7,4,-6,-12,-6,-14,0,-6,12
11/28,0,-2,-3,-5,0,6,4,1,-6,-10,8,10,0,2,8,-2,-4,-11,8,-12,-8,-8,-10,1,-9
23/10,0,-2,0,3,6,2,-3,1,-7,4,-2,-1,-1,-2,0,11,-1,-7,2,0,10,4,-16,1,0
-16/11,0,2,1,3,-2,-5,2,1,-3,-5,2,-8,1,-2,6,5,-1,-12,-10,3,-1,-15,0,-9,-2
-58/95,1,2,0,3,0,-5,4,-2,-9,-10,-6,7,-6,2,0,-2,2,-1,-12,-15,-6,4,15,6,-19
23/82,0,-2,2,1,0,-1,5,-2,-7,6,3,2,6,2,4,1,0,-13,8,-2,4,-9,12,-4,-10
-1/54,0,0,4,-5,-5,-6,5,-2,-4,6,-10,10,-7,-3,4,0,6,4,5,-6,4,-4,-7,10,13
-55/32,0,2,0,1,0,-6,-6,1,-4,4,2,10,-6,2,-6,6,-3,-13,-14,7,6,-14,1,-7,-3
-76/27,0,0,-3,1,0,0,-5,1,0,0,10,-2,2,4,13,9,-1,13,-11,-12,-13,5,3,-4,-9
-13/55,0,-2,0,1,-2,-7,4,1,-9,3,-2,2,-7,0,-11,2,0,1,-10,16,7,-4,4,3,-14
44/25,0,-2,0,-5,0,-5,2,0,-4,-10,3,-2,4,12,0,-10,8,1,4,-9,-16,10,-4,-1,14
-9/5,0,0,0,0,4,-6,2,1,1,-2,1,10,-1,0,0,-4,0,2,8,5,14,-10,6,-1,10
-26/95,1,-2,0,-5,-5,-7,5,-2,-4,-2,10,-10,-9,8,0,0,-2,-2,5,-12,-7,13,-9,12,-2
43/21,0,0,-2,-5,-5,6,5,1,-3,7,-5,-3,-5,-1,7,11,-4,8,0,-6,7,11,4,8,2
-43/47,0,2,4,-5,-3,-6,5,-2,-8,-2,2,6,0,-1,3,6,-4,8,-4,-1,-2,5,4,12,12
28/23,0,-2,0,1,2,-5,3,-2,0,-4,3,6,3,4,-6,-2,-4,2,2,6,-5,12,-16,12,9
-66/71,1,0,1,-5,0,0,6,-2,-3,6,3,-7,1,-1,6,-2,-12,8,-14,4,-11,13,8,10,-7
-89/30,0,0,0,0,-3,6,4,1,3,-1,-9,10,2,6,-6,2,4,-13,-14,12,-14,4,-10,-13,1
97/64,0,2,-3,1,-5,6,2,-2,-4,0,-6,-1,1,8,8,-14,-4,5,9,-9,2,-1,-3,9,8
-89/94,0,2,1,3,0,-5,-4,-2,-3,-5,-10,11,0,2,3,1,6,10,1,-4,14,0,0,-13,13
26/11,-1,2,0,3,-2,-7,1,-2,-8,-4,-1,7,12,-6,0,0,6,-10,12,5,7,9,-4,1,8
53/98,0,2,0,-5,-1,0,-3,1,-3,-10,1,10,-1,12,0,-10,0,2,11,16,-2,-10,-16,0,1
-11/9,0,0,4,-5,0,-6,6,-2,-3,-7,4,10,-6,4,-1,-10,-7,1,-5,5,2,-15,-3,12,-12
-8,0,2,2,1,-2,-5,-4,-2,-3,0,1,6,-2,6,8,-2,-4,1,-14,4,-13,6,1,-10,-10
-5/9,0,0,0,0,0,4,1,-2,6,6,-9,-7,-5,4,0,-4,4,13,-14,-15,5,-4,-4,-9,12
-8/5,0,-2,0,-5,4,2,6,1,-8,10,8,-6,2,8,0,10,6,4,8,-15,-1,-9,14,12,3
-7/3,0,0,4,1,4,0,-4,1,-3,-5,-1,-5,6,-12,-3,-11,-3,6,8,-9,2,2,-3,2,-6
1/7,0,2,3,-5,0,0,2,-2,6,-2,-5,-5,1,4,-6,-6,-7,4,3,-12,7,-9,9,10,-18
15/7,0,0,0,-5,6,-5,1,-2,1,-1,3,10,6,-3,-3,-10,0,1,4,4,12,15,-3,3,-6
8/7,0,-2,1,-5,0,1,-5,1,3,-8,1,-2,-9,4,0,-2,0,-11,-2,0,2,8,5,-1,-6
-46/9,1,0,4,-5,-5,-5,-1,1,-7,4,10,7,-5,-7,0,6,1,-8,-3,-1,-8,-9,4,-6,-18
6/5,-1,0,0,-5,6,-1,-3,1,-3,6,-9,-5,-3,2,4,-11,-4,-4,16,-1,-1,-4,2,8,8
-4/5,0,2,0,1,0,6,-5,-2,-3,-4,-2,2,8,-4,-6,-2,-9,-3,4,8,-2,-16,6,-8,-18
42/41,1,0,-3,1,0,-5,-5,-2,6,-10,-4,6,6,-2,10,-4,-3,-13,11,-4,-13,13,12,6,-7
-37/8,0,2,0,-5,4,2,-5,1,0,0,2,-11,12,4,1,-6,-4,-5,-10,3,-6,8,0,10,-18
-1/54,0,0,4,-5,-5,-6,5,-2,-4,6,-10,10,-7,-3,4,0,6,4,5,-6,4,-4,-7,10,13
-61/46,0,-2,2,-5,0,-5,-6,1,0,6,-4,-7,0,4,8,-2,2,-13,4,8,-7,10,2,9,-12
-35/59,0,-2,0,1,4,-5,-6,-2,-3,2,-1,11,-6,-2,2,1,10,-3,4,-12,-10,-10,-16,-1,-19
-56/73,0,2,2,1,-2,-6,3,1,-3,-2,-5,-5,-4,-6,1,6,-2,-11,3,2,-6,-1,6,10,8
-13/6,0,0,0,1,4,-7,6,0,-8,6,3,-8,8,2,6,6,-4,13,2,-4,-4,10,-9,18,-18
81/61,0,0,4,-5,0,-1,2,1,6,-1,3,-2,-7,-1,0,-4,-9,-4,8,-8,4,8,0,-10,2
59/39,0,0,4,1,0,-2,2,1,6,5,10,10,8,-3,3,-2,-12,-4,-10,-4,7,1,-4,12,-2
-41/90,0,0,0,1,4,0,-6,1,-3,-2,-2,-7,-4,-2,3,-2,6,8,-4,-12,11,8,4,10,-10
97/65,0,-2,0,3,-1,-2,-3,1,-6,-10,-1,10,6,-2,-6,-2,-13,-1,8,2,-13,-12,-16,1,8
-6/71,-1,0,2,0,-5,6,5,1,-4,-2,-1,10,6,4,-6,-3,-4,-11,-12,4,-8,-14,-4,-6,18
-9/98,0,0,2,-5,0,-5,5,1,6,6,1,-3,-7,-4,-2,4,10,13,-14,-9,12,-6,-3,-9,13
-83/96,0,0,0,3,-1,6,5,1,6,2,-2,-2,-6,-3,-3,1,4,1,12,0,8,-8,0,-9,18
67/33,0,0,1,-5,-2,-5,4,-2,-3,-3,10,10,-9,-9,-8,7,-11,-7,-5,14,-11,-10,16,1,1
13/11,0,-2,-2,-5,-2,-7,6,1,-4,-5,-10,10,-1,4,8,-10,2,6,4,-4,-6,6,16,-6,-7
-67/7,0,-2,1,-5,-2,-1,2,1,-4,6,8,8,6,9,-8,-6,2,8,-5,-15,-14,6,3,12,-2
-24/47,0,0,-2,-5,-2,2,-5,-2,-4,-10,-1,-2,0,4,3,-14,-2,-12,16,2,-1,-14,10,-15,-6
-85/99,0,0,0,1,-2,-5,-8,1,-3,-4,-1,-8,-5,-4,-10,11,-1,-1,-8,-15,2,10,3,-6,14
-30,1,0,0,-5,-2,-1,-3,1,-6,0,2,10,-1,-1,0,-4,-4,4,4,-15,-2,-8,-3,1,8
23/6,0,0,-2,-5,-1,-6,4,-2,-7,0,-5,-5,-6,7,-6,1,0,10,8,4,-5,-4,-16,9,8
16/13,0,2,3,-5,0,-2,-3,-2,-8,0,6,-11,-6,12,0,6,13,-11,-13,-12,-5,-1,-3,-3,12
-59/28,0,2,-2,-5,-2,1,1,1,6,4,1,5,-6,0,1,-6,-12,-3,-10,-15,-8,-6,6,-14,17
13/5,0,-2,0,-5,4,-7,-5,-2,-8,7,0,-5,-3,4,-8,-2,-4,-1,5,-15,2,8,6,-3,2
-67/47,0,2,2,1,4,1,-3,0,6,3,-8,-10,2,4,3,2,7,-3,-5,14,0,-8,-4,1,-14
-8/69,0,0,3,0,-5,4,-4,1,0,2,-8,-7,-4,10,0,-4,-9,0,4,12,-13,-8,6,-6,2
93/7,0,0,1,-5,4,-5,-5,1,6,-4,-10,-2,6,-6,4,3,-4,-8,2,-12,-2,0,-15,-15,-3
-9/10,0,-3,0,-5,0,1,5,0,2,-7,-9,-7,-5,-12,13,-3,4,-12,-2,4,7,11,-4,-17,8
-52/37,0,-2,1,1,0,-7,5,-2,-6,-5,3,-8,0,1,-8,6,6,1,12,-5,14,-5,12,-6,-7
39/28,0,0,0,-5,-5,-7,-6,-2,-8,3,10,-2,-6,-4,10,-4,13,-5,4,13,-6,10,12,-6,13
19/18,0,0,-2,3,0,-1,-6,1,6,6,-1,7,-6,-1,-6,-14,-12,6,2,3,-13,-8,0,6,2
-33/73,0,0,1,3,0,-5,1,-2,-3,0,-4,5,-1,1,-6,-3,4,1,16,3,-6,-4,-16,2,13
-47/18,0,0,4,-5,0,2,-3,1,4,0,6,-7,0,4,-8,6,7,0,5,6,14,13,12,-14,-10
17/43,0,-2,1,3,4,2,-8,-2,6,-3,-10,-7,-4,-12,-11,1,0,10,-12,6,-13,8,4,10,-3
77/78,0,0,2,1,0,-2,-5,-2,2,3,1,-5,8,7,-1,-4,-4,-3,2,-5,7,0,2,-15,2
63/44,0,-3,0,1,-2,2,-3,0,-8,10,3,-7,12,4,-4,1,-4,2,8,-9,12,-10,1,-1,18
14/11,1,2,1,1,-2,-6,-4,-2,6,-2,-8,-2,-6,-1,0,-3,6,1,4,15,2,-9,4,-6,2
29/16,0,-2,1,-5,0,2,2,-2,-3,-10,-9,10,-4,-1,10,-2,10,5,8,-12,-5,11,0,10,8
61/74,0,-2,2,3,0,2,-3,-2,-8,-7,10,-8,-6,4,-1,5,1,-13,-3,0,2,-6,-9,6,-7
-58/93,-1,0,1,1,2,2,2,-2,3,-10,2,-3,8,-1,7,-11,13,2,-4,-12,6,-4,-13,-6,2
-76/51,0,0,1,-5,0,4,-2,1,-8,6,-8,-2,-6,-12,0,-6,0,10,2,-3,7,-10,1,0,14
-96/41,0,0,1,-5,6,-5,-3,1,6,0,-5,10,6,2,-11,6,-7,-6,-7,-5,-8,-16,3,0,7
8/17,0,2,1,-5,4,0,-2,1,4,0,-9,10,0,10,12,1,6,-8,-12,4,-5,13,1,6,-19
53/62,0,2,1,3,2,-5,5,-2,-4,-4,2,10,-3,-3,-6,-10,6,1,-12,-1,4,-16,-15,18,1
-19/8,0,2,3,1,6,-1,-3,1,1,2,8,-6,0,10,-6,-2,4,8,8,12,-11,1,-3,18,-14
-79/12,0,0,-2,0,0,2,-4,-2,-8,7,-9,-2,-1,4,1,6,0,1,4,16,-7,4,-4,18,2
-41/27,0,0,2,1,4,4,4,1,3,-4,10,-6,-4,8,-8,-10,7,-5,4,13,12,-8,1,-14,-18
-29/67,0,2,0,-5,-3,-5,6,1,-8,-10,10,-7,8,4,-6,-11,0,-1,0,6,-2,4,0,-15,2
93/28,0,0,4,-5,6,2,-1,1,4,2,-10,10,0,7,12,10,6,-11,2,13,-7,1,12,10,18
85/7,0,2,0,-5,0,2,-8,1,-4,-5,-8,-6,-6,-4,8,11,-4,2,6,-1,-11,10,-4,10,16
-39,0,0,0,3,4,-7,6,1,3,3,1,6,-7,-1,-6,-2,-1,-8,16,-9,14,1,-13,5,-6
-48/5,0,0,0,3,0,-6,-3,-2,6,-7,-5,-7,2,10,0,-3,-14,-1,2,-9,-9,-7,0,-15,-3
-2/37,-1,2,1,1,4,2,2,1,-3,6,1,-8,12,1,11,2,-4,-13,2,-6,6,-8,-6,-10,3
-19/46,0,-2,0,-5,4,2,2,1,0,-2,2,10,-4,12,11,-11,4,-1,-5,-9,-6,-8,2,-8,-18
-79/89,0,2,2,0,0,6,-1,-2,3,-2,3,-8,-6,12,0,-2,0,-13,-5,-15,2,4,10,-8,2
4/23,0,-2,-3,1,-3,1,6,0,0,0,0,-2,-6,-6,8,-2,-4,10,8,4,-13,-1,17,9,3
16/79,0,2,1,0,0,1,2,1,-4,-1,-8,10,-7,-4,-8,4,0,6,-2,-1,2,-8,-11,12,1
-44/7,0,2,-2,-5,0,1,4,-2,-4,-7,2,7,2,-4,1,-10,0,-1,-12,0,-11,-5,-3,-12,2
-89/11,0,-2,2,-5,-2,6,6,1,-8,9,6,10,-6,12,6,6,1,-5,8,11,-1,8,0,-13,17
59/60,0,0,0,1,-2,-1,3,-2,-9,6,8,-7,-4,-4,11,6,-12,2,-2,0,2,4,3,6,2
-61/32,0,2,0,-5,2,-5,2,-2,2,0,2,11,6,1,-4,5,-9,-13,4,-1,2,-4,-15,10,14
99/14,0,0,0,-5,0,-5,4,-2,1,-4,-9,-2,10,-1,0,-4,6,0,5,-1,-2,2,5,6,-18
-3/2,0,0,0,1,-3,-5,1,1,6,9,-1,-2,-3,4,3,-2,2,1,-12,-12,4,11,-16,4,2
-43/96,0,0,2,-5,4,6,-1,-2,6,0,-9,-6,0,-1,4,0,0,-13,-14,-3,11,-9,-1,-14,2
-38/43,-1,2,2,-5,4,2,-4,1,-3,-10,-6,-1,-7,-12,-2,-2,-1,-11,4,-9,0,-8,12,12,-3
-31/4,0,-2,0,0,2,0,2,1,-8,3,-10,-7,2,10,-1,-11,0,8,2,-8,-6,-6,5,1,1
3/77,0,0,2,-5,-2,2,-5,-2,-3,7,-7,8,-3,-7,-2,2,0,-13,2,7,6,11,4,-2,8
83/44,0,2,3,3,-2,2,-1,-2,-6,0,-10,5,-6,4,-6,-11,6,4,-12,-15,4,15,0,10,-12
-9/4,0,-3,1,3,2,2,-6,1,-3,-4,-8,10,6,6,-2,-9,-12,13,3,-15,-5,-8,12,6,2
12/19,0,0,-3,0,4,0,-5,-2,-4,6,1,-11,-2,8,1,10,2,-7,4,9,-5,-16,2,-13,8
54/59,1,0,4,-5,0,-5,5,1,-3,-2,-9,2,3,-2,0,10,10,8,-3,-15,-2,10,12,-1,10
43/32,0,-2,1,1,-5,-5,-3,1,-3,-3,3,-2,-6,-1,0,1,-4,-10,5,-12,-2,5,0,-15,1
-27/2,0,0,1,-5,-2,-6,6,1,-8,4,-6,-2,-9,12,4,5,6,-6,8,3,12,4,-4,18,6
3/49,0,0,-2,-5,4,6,1,1,-3,3,-9,-6,7,-2,0,-2,2,-2,12,13,7,6,-12,-8,14
20/27,0,0,0,0,-3,6,-6,1,-3,3,-9,6,-7,12,-8,-10,-4,-5,12,0,8,-9,-3,-12,-10
-29/95,0,-2,0,-5,6,-1,-4,-2,-8,-10,2,10,2,6,-6,1,-5,-3,-10,5,-13,6,14,-13,2
-4/19,0,-2,2,1,4,-5,5,-2,-3,-5,-8,6,-4,-10,-6,11,4,-5,16,-5,6,-14,3,-3,-7
73/13,0,2,4,-5,0,-2,2,-2,6,3,-1,-2,-3,10,4,-4,-4,-2,8,3,-11,15,9,-6,2
23/36,0,0,3,1,-3,2,2,-2,-7,-3,8,2,6,4,-6,6,4,1,-5,-6,2,8,3,-10,-3
27/40,0,0,0,-5,4,2,-3,1,3,9,3,-7,-6,5,0,-6,-9,8,4,0,-10,-8,-6,-7,7
-71/50,0,-2,0,1,-5,1,2,1,3,-1,-2,5,-3,-3,8,-10,-2,5,5,-12,-10,-16,12,12,-12
-28/99,0,0,2,1,-2,1,5,1,-9,-5,4,11,6,8,13,-14,-7,2,-12,-8,2,10,12,8,18
-75/74,0,0,0,-5,-2,-1,-3,1,6,-5,8,-8,0,-6,8,-14,-1,13,0,-6,-6,-16,4,-8,10
-97/81,0,0,0,1,2,4,2,-2,-3,0,-8,10,2,7,10,-10,11,2,-14,15,-13,-8,0,-6,8
-25/17,0,2,0,0,4,2,-2,-2,6,3,-10,6,0,-3,10,-9,-2,8,-10,-4,-14,-4,3,6,8
-3,0,0,-2,-5,0,2,2,1,-4,-8,-4,-10,-6,4,0,11,6,-6,-11,-12,-13,-16,16,-12,9
-7/32,0,2,1,1,4,2,6,-2,1,-5,-2,-1,-3,7,1,6,11,-11,-13,-1,14,-7,1,-12,12
37/4,0,2,2,-5,-5,-6,2,-2,-3,-7,8,-11,12,4,0,-6,-12,0,4,-4,2,-15,12,-1,-12
-10/77,-1,2,0,-5,-2,2,2,1,-6,4,-1,-7,-7,-4,-11,-14,4,8,4,3,14,-5,3,18,5
-69/49,0,0,1,-5,2,2,-4,-2,-7,-1,-1,-7,-6,-4,0,-14,0,-5,8,-1,12,4,-4,6,-18
-13/9,0,0,3,-5,-5,-7,-3,-2,-9,-4,-6,-2,0,-9,6,6,-4,-1,8,9,-2,-14,-12,10,-9
47/43,0,-2,1,-5,0,0,-4,-2,-3,6,-1,2,3,-12,-8,6,6,0,-8,-5,6,15,0,10,13
-41/48,0,0,-2,1,0,6,-3,-2,4,6,-1,-2,-4,4,12,-10,0,-11,3,-9,-11,5,1,-6,-12
-6/7,-1,0,2,-5,4,2,-3,-2,-3,-3,-1,-2,-6,-10,-4,-4,6,8,-3,-5,-14,13,17,5,-2
-45/64,0,0,0,-5,2,-6,1,1,-3,6,-2,5,2,-1,0,2,-5,-1,8,-9,-9,-16,-16,-4,10
-71/64,0,2,0,1,0,-6,2,-2,-3,6,3,5,-4,-1,-3,6,13,-6,-2,-12,-5,-12,-16,3,-6
-91/44,0,2,0,1,-2,-7,-3,-2,3,0,-2,-11,-6,4,-8,6,0,-7,-5,0,14,8,12,6,-1
-91/94,0,-2,0,1,4,-7,2,1,1,4,-6,8,-4,4,3,0,-2,-10,-7,14,-14,-16,-15,3,-14
-1/66,0,0,2,1,-2,6,-4,1,6,-10,1,2,-6,7,-8,-14,-12,5,12,-4,7,6,-13,18,-7
31/6,0,0,2,-5,4,1,-3,1,-3,10,-10,7,-6,-2,1,-2,-11,-13,-14,-4,-16,6,12,6,14
1/4,0,2,1,1,-2,2,-3,1,2,6,-1,-6,-1,7,-8,-10,-11,-1,-14,-3,-2,-11,2,12,8
-19/33,0,0,3,1,-2,2,-6,1,-3,-5,6,2,4,-9,0,1,5,1,4,7,10,4,9,-1,8
-3,0,0,-2,-5,0,2,2,1,-4,-8,-4,-10,-6,4,0,11,6,-6,-11,-12,-13,-16,16,-12,9
-34/69,-1,0,2,1,4,4,-8,-2,0,-10,-10,6,-1,4,0,-2,-4,-4,4,-4,-1,8,6,0,2
-98/37,-1,2,4,1,-2,2,1,-2,-6,-3,-7,-8,-5,4,-6,-4,-12,0,-4,8,12,10,3,8,3
-27,0,0,-3,0,2,6,1,-2,-9,-7,-10,-5,-6,8,4,-4,-4,8,0,0,2,0,10,-15,17
8/25,0,-2,0,1,6,-5,4,-2,0,-1,-5,-11,6,4,0,-4,-9,-12,10,0,12,6,16,10,2
-35/97,0,2,0,1,-5,-5,1,-2,-6,4,1,-2,6,-9,-1,-6,2,8,-3,8,-7,-11,4,1,4
-64/83,0,2,2,0,-3,-5,5,1,6,4,-7,-10,-6,8,10,0,-7,2,4,12,-5,-16,-16,-12,-2
-1/3,0,0,-2,1,4,-5,5,1,-3,3,1,-8,0,-7,-11,-3,0,-11,-11,-9,4,4,-8,1,-2
16/61,0,2,4,1,6,-1,2,1,-8,6,0,10,8,4,0,-6,1,-4,2,-15,12,4,-15,10,2
61/8,0,-2,2,-5,0,-6,2,-2,-4,-2,-9,-2,2,-1,6,-3,-11,-13,5,0,4,-8,-4,2,17
21/8,0,0,-3,1,-3,2,-4,1,-8,0,-1,6,-6,12,13,-6,0,-13,12,-9,7,0,5,-6,2
17/9,0,0,0,-5,0,6,-8,1,3,-10,-9,-1,-1,8,0,-6,-11,1,-10,4,-4,5,6,-10,18
-8/45,0,0,0,1,-2,1,1,-2,6,3,-9,7,-9,-3,-1,-3,11,4,-12,0,14,-15,3,-4,-6
-19/36,0,0,4,1,-5,0,3,1,6,-10,-8,-5,-6,9,12,-6,-4,-7,-2,-9,-10,13,17,-12,18
5/38,0,2,0,-5,-5,-5,2,-2,6,6,-1,-2,-6,10,0,-3,-9,-5,5,-1,-5,-8,14,12,11
-83/86,0,-2,-2,-5,-2,2,-6,1,6,-2,3,11,10,-12,0,6,6,-13,12,8,2,-7,0,-6,-14
-83/26,0,-2,2,3,-3,-2,-3,1,-8,-10,-4,-2,-1,9,-8,9,9,10,8,3,-10,-6,0,12,8
43/80,0,-2,0,-5,4,0,2,1,2,-1,3,8,12,-1,0,-11,-4,-3,6,-5,2,4,4,8,16
-10/3,1,0,0,1,-3,2,-3,-2,1,4,2,-7,-3,7,0,-11,-11,-6,11,0,7,-8,12,-3,-19
73/4,0,2,-3,1,6,0,2,1,-3,4,-9,-7,6,1,-10,-7,13,-5,-14,7,-11,11,4,0,14
9,0,0,2,1,0,-1,-4,1,-3,0,-5,-7,8,4,6,10,11,-1,2,13,7,4,15,6,-5
1/2,0,-2,0,-5,2,6,-4,-2,1,6,4,-5,12,-2,-8,-2,-14,4,-10,7,-8,1,-4,6,5
-53/82,0,2,4,1,4,1,6,-2,-8,0,-6,6,6,0,-8,-10,9,5,-14,-3,-4,8,-3,-6,-7
66/5,1,0,0,1,0,-5,2,-2,0,3,2,-6,-6,-3,13,-2,-7,10,0,-8,2,-15,-7,18,1
-84/47,0,0,2,1,4,-1,-3,1,6,-4,10,7,0,-2,3,-2,0,1,5,-15,-13,0,12,0,-18
58/19,-1,2,3,1,6,2,6,-2,-4,-10,-8,-2,6,4,-6,6,-9,-3,4,-3,-14,13,6,9,5
-4/3,0,0,3,0,2,1,-1,1,4,-10,-5,10,7,-1,-10,-12,-4,-10,4,-6,12,8,16,-16,-1
55/4,0,2,0,-5,0,-5,4,1,6,0,6,5,-3,10,4,-2,4,1,-11,6,-7,6,-4,-6,-18
-26/41,-1,-2,2,-5,4,-7,-5,1,-9,6,4,-8,6,-1,4,-9,1,-3,12,-12,-13,4,12,-14,9
35/66,0,0,0,1,-2,-1,-3,1,-9,-5,2,-6,7,4,1,3,4,8,-12,-12,10,0,-15,18,10
53/17,0,2,2,1,4,2,-2,1,6,-1,-7,2,6,-10,0,-10,-7,-7,12,-12,-5,6,-3,6,18
94/73,-1,2,2,0,-3,0,6,-2,1,3,8,-2,7,-4,-8,6,-4,6,4,-9,-6,5,3,18,-12
81/98,0,0,-2,-5,4,-6,4,1,6,10,1,-2,2,-3,13,-4,0,-4,3,4,12,8,4,6,-2
10/3,-1,0,0,0,4,6,-4,1,3,9,-2,-6,-6,-9,11,4,8,-3,3,-4,-5,-15,3,-6,-3
51/5,0,0,0,1,0,-5,-8,-2,-3,4,-10,-7,-7,-10,-3,6,6,5,4,6,-2,4,12,10,5
17/44,0,2,3,-5,-2,-6,-8,1,-8,-4,10,10,-2,-6,4,-14,-5,0,10,-1,12,-1,-16,12,-6
7/19,0,2,2,1,4,6,6,-2,0,-5,-6,2,8,1,-6,-2,0,-2,0,-12,-13,-4,-11,1,-1
2/35,-1,2,0,-5,-5,-6,-6,1,0,10,4,7,0,-9,8,7,-1,10,-2,6,12,-10,6,-3,-2
-42/13,-1,0,0,1,-5,-2,-6,-2,6,0,1,10,-7,-4,-1,10,-12,-7,4,-15,-13,-16,-9,18,5
-51,0,0,1,-5,-3,2,-8,1,6,6,3,5,-1,6,-6,-6,1,-2,5,8,2,13,1,-12,12
49/41,0,-2,2,1,-1,-5,1,-2,0,0,-1,-2,6,4,-11,6,0,2,12,6,6,15,0,18,-8
11/90,0,0,0,3,0,0,-4,-2,2,2,8,-2,0,6,6,-6,10,13,4,16,4,0,6,10,8
-8/67,0,2,2,-5,-2,-1,-3,-2,0,-5,8,-2,1,-7,6,9,4,-10,0,-1,4,12,-4,2,1
-77/47,0,-2,2,1,0,-5,5,1,-3,6,2,5,0,-1,3,-14,-9,-11,-10,-3,-2,-1,6,-1,10
55/26,0,-2,0,-5,0,-2,-3,1,-8,4,-1,-3,10,-6,3,-6,0,-10,8,5,-11,13,-7,-6,8
33/32,0,0,1,3,0,6,-4,1,-9,4,-6,5,10,4,-4,-10,-7,-8,12,-3,-2,4,-3,1,-14
47/73,0,-2,2,-5,-1,2,-5,1,2,6,-2,11,0,10,-8,-7,6,-1,11,14,-6,-14,-5,-6,14
-3/2,0,0,0,1,-3,-5,1,1,6,9,-1,-2,-3,4,3,-2,2,1,-12,-12,4,11,-16,4,2
-7/12,0,0,2,1,-3,6,5,0,-3,-8,-6,-2,0,10,11,1,-12,4,-4,6,14,5,12,-10,-18
-1/9,0,0,0,3,2,2,5,1,-3,4,-2,-8,8,-10,-4,7,-4,-1,8,4,-13,8,14,6,2
-29/31,0,2,0,1,0,0,-3,1,-3,-10,2,10,-9,-4,10,-4,-1,-5,8,9,-13,-7,3,6,12
51/49,0,0,1,-5,0,-1,-8,1,-8,-2,-1,-3,8,6,4,-2,0,-4,14,14,-6,-7,-16,2,-12
37/8,0,-2,2,1,2,1,5,-2,-9,4,-2,-11,6,-4,1,-6,6,-6,3,-12,-7,-8,14,-12,-3
-37/48,0,0,4,1,6,-6,4,1,-6,-3,-9,-11,-3,2,4,6,6,4,2,-15,6,-8,4,3,-9
-53/94,0,2,0,0,-3,-5,-3,1,6,0,-5,2,12,12,3,-10,4,-7,10,0,-10,11,6,2,2
-76/45,0,0,0,-5,-5,-1,1,1,3,-5,1,-7,-7,2,-6,3,6,-11,0,4,14,-14,12,-15,14
35/81,0,0,0,1,2,1,-3,-2,-3,0,1,-2,1,-10,11,1,-11,-6,-5,-15,4,-8,-4,1,-6
17/3,0,0,2,0,-1,2,-8,1,-8,-2,4,10,-2,4,6,1,6,4,16,8,7,-10,0,1,-18
57/59,0,0,-3,-5,2,2,2,1,-3,0,3,10,10,-6,10,3,10,2,0,4,2,4,-3,-3,2
0,0,0,0,1,0,-7,-8,1,-7,-10,-10,-11,-4,-1,-8,-10,-12,-13,-5,-12,-11,4,0,-13,8
-21/73,0,0,-3,1,0,6,-5,-2,1,4,0,-2,6,4,2,-2,2,-3,-12,6,-6,4,2,6,-2
27/11,0,0,3,-5,-2,-6,-3,1,-3,9,-7,2,-5,-2,7,1,7,13,-4,6,-1,2,10,10,8
-32,0,2,3,3,-5,6,-6,1,4,-8,1,-2,8,7,-6,4,10,1,-14,-15,-6,1,2,2,1
97/90,0,0,0,0,6,6,3,-2,-3,9,-5,10,-9,6,7,-4,6,1,12,-15,-4,8,12,-17,8
-8,0,2,2,1,-2,-5,-4,-2,-3,0,1,6,-2,6,8,-2,-4,1,-14,4,-13,6,1,-10,-10
41,0,-2,0,1,0,0,1,-2,6,-5,1,-8,-4,-2,0,1,2,2,-12,-15,-6,-4,4,2,-3
2/7,-1,-2,0,-5,4,-5,-1,-2,-4,0,10,-3,-6,12,0,-4,0,-1,-10,-15,14,5,-4,-10,2
-88/7,0,-2,0,-5,0,-6,-6,0,-8,-2,-1,6,-6,-12,0,1,-4,4,-11,8,4,-12,2,10,-19
13/2,0,-2,1,3,-5,-7,5,1,6,0,-1,-7,0,7,-10,-11,-11,1,0,12,-2,10,6,10,3
47/5,0,2,0,0,4,6,-5,-2,4,0,-4,10,-3,-6,-8,2,13,-1,4,0,4,-4,3,6,-9
4/75,0,0,0,-5,0,1,2,1,-6,3,8,-8,-6,2,-6,-7,-11,-1,-10,2,-13,8,4,-1,13
32/17,0,2,4,1,0,-5,-2,-2,6,6,3,-6,7,-12,-8,-7,-4,-1,-14,0,11,-14,16,-14,10
25/64,0,2,0,-5,-3,2,5,1,6,0,-4,-5,10,-10,0,3,4,-10,-7,-3,-2,-6,6,-9,10
13/57,0,0,2,1,-5,-7,2,-2,-4,4,4,-2,-4,-1,12,6,8,5,-14,4,2,-16,4,-16,17
20/7,0,-2,0,-5,2,2,5,-2,-6,6,-7,-11,-6,4,0,6,6,1,-11,4,-2,-16,0,2,14
-22/13,1,-2,4,0,0,-2,2,-2,-6,-4,0,-8,-2,4,4,-3,-2,-5,2,12,-7,-14,-3,10,-6
-65/16,0,2,0,1,0,-7,2,1,2,-4,-7,2,-3,-1,10,-2,0,-2,2,-4,-8,-8,-3,0,10
5/7,0,-2,0,-5,4,2,-3,-2,0,0,-1,-1,-4,-1,0,-2,-13,1,-4,-3,-7,-6,12,6,17
79/19,0,2,0,1,-2,4,2,-2,-3,-3,-9,-5,-7,4,11,1,-4,-6,4,-12,-13,4,3,10,18
-4/37,0,-2,-2,-5,6,0,-1,1,-8,3,-1,-8,-6,9,-6,-10,10,8,0,-3,-13,-8,8,10,-2
-23/44,0,-2,-2,1,-2,4,-3,1,-7,-5,3,10,1,4,8,-11,13,-3,12,0,-2,-9,-4,0,9
10/47,-1,-2,0,1,4,4,-5,1,6,6,-1,8,-4,0,3,6,11,13,12,-15,-10,-8,1,6,-6
29/55,0,-2,0,1,-2,2,2,-2,-6,-10,10,-5,-6,-4,-2,1,-3,-1,-14,-9,-2,8,-11,-3,9
-37/46,0,-2,2,3,0,-5,-3,1,0,7,3,-11,8,4,6,6,-2,4,4,-8,12,-8,11,-8,8
3,0,0,2,3,-2,1,2,-2,-8,5,3,-2,3,10,-7,1,5,-5,10,4,-8,-16,0,3,12
-72/85,0,0,0,-5,-1,6,-2,-2,3,6,-5,-2,-6,1,-6,-9,-4,-6,4,3,-10,9,8,6,14
34/97,1,2,-2,0,4,2,-8,-2,-6,6,-2,-11,-6,8,-6,6,6,-7,11,-9,8,5,6,-14,4
-38/71,-1,-2,-2,-5,6,4,-1,1,0,-4,-9,-7,0,-7,-6,-2,-10,-7,1,4,6,-8,-12,10,14
37/44,0,-2,-3,0,-2,2,-6,-2,-6,4,1,-11,7,4,11,6,-4,-1,12,6,-10,-4,6,8,-5
36/79,0,0,2,-5,4,2,5,1,-4,10,-2,-7,-4,-6,0,-12,9,2,10,15,11,-8,0,-14,-14
91/86,0,-2,4,1,-3,-7,-5,-2,0,-2,10,5,-2,-12,-6,-2,4,-4,12,6,-6,6,-3,1,-18
7/87,0,0,0,1,-3,-5,6,-2,-8,-6,-10,6,7,8,-8,6,-11,5,-11,6,-8,-8,-4,2,-5
-59/60,0,0,0,0,0,-5,4,1,0,3,-1,-6,-6,4,0,-4,-12,5,0,-4,2,-14,-12,6,2
-64/85,0,-2,0,1,-2,0,-2,-2,-9,5,-1,10,1,8,0,-6,0,8,4,7,6,8,2,-1,17
1/31,0,2,4,-5,4,-5,5,1,-8,6,2,-1,-5,-4,0,0,7,2,3,5,-11,-6,1,-14,-7
29/75,0,0,0,3,-1,6,-4,1,-3,-10,2,6,-1,-1,-6,-4,10,-4,-8,6,-13,0,6,-8,-18
23/35,0,2,0,-5,2,-5,-5,1,-7,0,-4,10,3,0,4,-4,-9,-7,6,6,7,-9,4,-1,18
-47/83,0,-2,0,-5,4,2,5,1,6,3,-1,-2,0,6,-8,-11,-14,-7,0,-1,2,-14,-16,-15,-18
43/39,0,0,-3,1,0,-2,6,1,3,9,8,-2,12,-1,-8,-2,0,-5,8,4,2,13,-3,1,12
39/16,0,0,1,1,6,-7,6,1,-3,-8,4,2,-6,-9,0,3,-4,-7,8,-13,-6,5,-4,-17,-12
-35/4,0,2,0,1,4,2,-3,1,-4,9,1,-5,-7,4,-7,-2,4,1,10,13,2,10,9,-16,-1
11/10,0,-2,0,1,0,-5,-3,-2,6,-2,-4,11,-6,-7,1,6,0,-13,3,4,12,4,3,-13,-10
24,0,0,1,3,-1,4,1,1,-3,-3,-2,-11,-3,0,-8,-10,-12,13,1,-12,4,2,-4,-10,-5
6/73,-1,0,-2,1,-3,-5,-3,-2,-3,-5,-5,-1,0,-1,10,1,-4,4,12,4,-6,8,-3,-6,-5
19/12,0,0,-3,0,0,6,2,1,-3,-2,1,-2,-6,-2,-3,-10,-11,-1,4,2,-7,-1,-7,6,11
24,0,0,1,3,-1,4,1,1,-3,-3,-2,-11,-3,0,-8,-10,-12,13,1,-12,4,2,-4,-10,-5
-96/23,0,0,-3,0,-2,-6,4,-2,0,4,3,-6,-3,-2,-1,-3,-12,2,9,-1,1,6,0,5,-18
86/47,1,2,0,1,-2,2,-3,1,-8,-5,8,-5,4,-1,3,4,-12,-11,4,15,-7,-7,-4,-12,-7
-94/35,-1,2,0,-5,0,-5,-3,1,-9,2,1,-5,-7,-6,-8,6,4,13,-2,-6,11,-15,-16,-12,14
-19/21,0,0,0,-5,0,-1,-3,1,-8,-4,-5,-7,3,4,0,6,-14,2,5,13,-1,-16,0,-6,8
-32/11,0,-2,0,1,-2,1,5,1,6,-4,-1,-11,-6,-6,-6,-4,7,2,-8,-8,-2,13,-6,9,2
-3/43,0,0,1,-5,-2,-1,5,-2,-3,-4,1,10,-3,-12,0,1,-13,8,2,8,2,13,-16,0,-18
-1/2,0,2,-3,3,4,-6,-3,1,3,3,0,10,6,8,0,-4,-4,8,12,-15,-7,12,4,6,-13
-74/57,-1,0,3,3,4,-6,3,-2,6,4,-8,-11,12,8,4,6,-3,-10,-14,8,-7,5,4,8,9
67/46,0,2,0,0,2,-5,1,1,0,0,-8,-6,-6,12,-6,-6,-4,13,-5,4,2,-6,0,8,0
-13/40,0,-2,0,3,2,-7,6,-2,2,-5,-6,-2,0,4,3,-3,0,-4,8,3,-10,-14,-4,-15,17
-11/16,0,2,1,-5,0,-5,5,-2,6,-5,-5,-10,-9,4,8,-6,5,4,4,-4,-1,2,14,-1,13
3/13,0,0,4,-5,4,-2,6,1,6,-1,-5,5,6,6,10,1,-4,-10,4,-9,11,-10,5,12,18
-45/68,0,-3,0,-5,4,4,-2,1,-4,10,-1,2,-6,0,-6,11,-1,-4,-11,-2,7,1,0,3,6
-7/9,0,0,0,1,0,-5,2,-2,1,-2,-9,-6,-7,-1,0,-9,-4,1,-10,-2,14,-14,-16,8,-7
-11/38,0,-2,2,0,0,4,-1,-2,6,-7,-7,2,-1,7,-6,6,8,-1,-4,-12,-2,-14,14,6,-18
-43/4,0,-2,-2,-5,-2,6,-6,-2,6,4,-4,-2,6,-1,2,6,6,4,8,6,8,4,10,-3,13
-56/73,0,2,2,1,-2,-6,3,1,-3,-2,-5,-5,-4,-6,1,6,-2,-11,3,2,-6,-1,6,10,8
-8/7,0,2,4,-5,-1,2,5,-2,1,5,-8,-7,-3,2,11,-2,2,2,0,13,-13,5,-5,-12,-12
8/55,0,-2,0,1,-2,6,-6,1,2,6,-8,-2,-3,9,2,-14,6,-10,2,-15,-7,4,0,-8,12
-22,1,-2,2,1,0,-5,6,1,-3,6,-5,-2,-3,8,0,-2,-3,-7,12,-12,-13,-8,0,12,2
-31/30,0,0,0,1,-2,0,6,-2,1,-1,-10,-2,-6,4,-6,6,6,10,16,6,-5,-8,14,0,-3
-76/15,0,0,0,0,-2,2,-3,1,-8,6,-4,11,6,9,4,-6,-5,0,14,-9,-1,8,4,9,-14
19/69,0,0,2,1,6,-5,-6,1,0,6,4,10,6,4,-7,-2,-2,-2,-12,15,4,5,12,10,-14
57/86,0,0,-3,-5,6,6,-5,1,6,4,-1,2,-5,-12,1,4,0,8,10,-3,-4,8,12,-12,18
-25/46,0,-2,0,1,-3,0,2,1,0,3,10,2,-5,-4,0,-6,-9,-8,8,2,-2,-16,0,-10,-7
-57/77,0,0,2,-5,-2,-5,2,1,-3,-8,-8,10,-5,6,-11,-2,-10,-1,12,15,-6,5,2,0,-14
-23/43,0,2,2,-5,-5,-5,2,-2,-7,-5,3,11,8,-12,0,11,-12,2,-10,-12,-6,8,-16,6,-2
20/47,0,2,0,-5,-2,-1,6,-2,-4,3,-5,10,-6,2,3,-11,0,10,4,-5,2,-15,-4,-17,10
1/5,0,-2,0,3,0,-5,1,1,4,-4,-7,-2,-2,-1,11,-11,6,-10,-13,-4,8,8,-7,6,2
13/16,0,2,3,3,4,-7,-3,1,6,0,-9,-2,-4,-4,8,-10,0,-6,-4,16,-13,-6,4,-15,10
37/21,0,0,-2,-5,4,1,2,1,-6,0,10,-11,-2,-12,-1,-2,-4,2,4,3,5,-7,-6,6,10
-53/85,0,2,0,3,-2,4,-2,-2,-3,-5,-9,-8,0,-4,13,-10,-4,2,4,0,10,-8,14,1,12
13/8,0,-2,0,1,-2,-7,-3,1,-6,-1,-8,-10,-6,8,-11,1,11,0,-3,-6,-1,-6,9,9,-18
8/11,0,2,2,1,-2,-1,-1,1,3,-4,3,-1,-6,-9,12,2,9,8,11,-9,11,-6,14,2,17
-25/51,0,0,0,-5,0,6,-2,0,6,4,-1,-7,-6,-1,-3,-2,7,-2,4,3,-2,-16,-4,3,-9
-40/53,0,2,0,-5,0,6,2,-2,4,-5,2,-5,-3,-3,6,5,-10,-1,-11,-3,-13,11,8,10,18
-88/57,0,0,0,3,0,4,-3,-2,-3,4,1,-2,2,-4,4,-2,4,-8,-2,-4,14,-1,16,2,-3
-4/7,0,-2,2,-5,-5,-5,2,-2,2,4,-9,-5,-6,0,-2,9,-5,1,2,15,11,-7,-1,10,-3
-97/32,0,2,1,1,0,6,-5,-2,6,4,-9,-8,-4,-6,11,-2,-4,1,8,-7,-2,-9,-9,-2,8
1,0,2,2,0,-5,2,4,0,-3,4,2,8,-6,-6,2,-3,0,10,12,2,-16,0,11,-6,8
11/25,0,-2,0,0,0,0,6,1,-8,3,-2,5,-9,4,0,6,-5,5,-2,15,-14,-6,2,6,2
-5/8,0,-2,0,1,0,2,-1,1,6,5,3,-8,6,4,0,-10,-4,8,-8,15,-1,-15,6,12,-2
-15/49,0,0,0,-5,0,-5,3,1,6,0,-7,-2,-3,-10,-11,6,-9,2,-8,0,0,1,-16,-3,8
54/41,-1,0,1,1,-3,2,5,1,-8,3,-2,-3,6,8,-6,-9,6,6,-10,5,12,15,-3,-13,-3
3/95,0,0,0,1,-1,-5,-6,-2,-3,-2,8,-5,6,1,-7,3,4,-1,-5,13,7,-16,2,6,2
-50/71,1,-2,0,1,-5,-1,-5,-2,-8,3,-1,6,-6,-9,0,10,6,-13,4,4,-11,4,-4,18,-8
-9/10,0,-3,0,-5,0,1,5,0,2,-7,-9,-7,-5,-12,13,-3,4,-12,-2,4,7,11,-4,-17,8
2/5,1,2,0,1,4,1,2,1,-3,-5,10,-6,6,4,-6,-9,-12,1,-10,2,2,-10,-12,-6,-5
83/77,0,2,1,-5,-2,-5,-3,-2,-9,-5,-1,-2,6,1,4,1,-2,-1,8,-1,-10,-7,0,6,13
13/55,0,2,0,0,-2,-7,3,-2,0,6,2,10,-9,-10,-11,-11,2,13,4,-7,-5,-1,-13,-12,10
-17/2,0,-2,1,1,0,4,-8,0,-8,-4,2,-5,-6,-1,-6,6,-2,-8,8,-4,0,6,-10,-6,8
36/29,0,-3,2,0,-1,6,2,1,2,-6,-9,2,-6,-2,0,-2,-10,1,-14,-5,-10,-14,2,9,2
-34/13,-1,-2,3,1,4,-2,-8,1,6,9,-9,5,10,-1,2,-4,-9,-10,0,0,-8,10,0,1,-7
96/5,0,0,0,0,2,2,-4,1,6,-2,-9,-10,-1,4,-6,-6,-9,8,-2,3,-5,8,6,-12,-6
-48/91,0,0,-2,-5,2,-2,-4,1,6,-5,-2,-3,-7,10,-11,-3,2,4,8,15,2,4,-16,1,8
-26/55,1,2,0,-5,-2,-7,-6,-2,-3,0,8,-2,-5,2,13,-10,-11,-7,-8,-6,14,-9,-16,6,-1
-36/73,0,-3,3,1,0,0,2,1,4,6,-1,7,-5,8,-8,-4,0,-6,-14,8,-6,5,-5,-14,2
13/24,0,0,-3,1,-5,-7,2,-2,-3,0,2,7,-2,12,-4,6,5,5,3,-15,14,-4,-6,-14,18
-22/7,-1,-2,1,-5,0,-5,-4,1,6,4,10,10,8,10,0,0,0,-5,5,6,0,8,0,9,-4
2/39,-1,0,3,-5,-3,-2,2,1,-8,-4,-1,8,12,8,-6,-3,0,-4,-12,-15,7,4,6,-14,-7
0,0,0,0,1,0,-7,-8,1,-7,-10,-10,-11,-4,-1,-8,-10,-12,-13,-5,-12,-11,4,0,-13,8
3,0,0,2,3,-2,1,2,-2,-8,5,3,-2,3,10,-7,1,5,-5,10,4,-8,-16,0,3,12
13/15,0,0,0,1,2,-7,-6,-2,3,-8,-5,-6,6,-2,-1,-3,0,-1,4,-12,6,4,2,9,-7
-7/3,0,0,4,1,4,0,-4,1,-3,-5,-1,-5,6,-12,-3,-11,-3,6,8,-9,2,2,-3,2,-6
-28/19,0,-2,0,1,-1,-5,2,-2,3,-8,1,10,-6,4,2,-11,-12,-5,-6,0,7,10,-3,-6,17
58/27,-1,0,1,-5,4,-6,3,1,-8,-10,2,-7,-1,5,-10,6,-12,-1,-11,-5,5,-14,-11,6,-9
-22/13,1,-2,4,0,0,-2,2,-2,-6,-4,0,-8,-2,4,4,-3,-2,-5,2,12,-7,-14,-3,10,-6
-16/5,0,2,0,0,6,0,1,1,2,7,3,-5,-6,-7,0,6,4,-1,4,-5,10,-14,12,12,3
-3/47,0,0,2,-5,6,4,2,1,-4,-3,-7,5,6,-4,3,-2,-11,-8,4,13,-2,1,0,-12,10
-51/64,0,0,0,-5,0,6,-8,1,-3,-4,-8,-1,0,8,0,-7,-3,-3,-14,-1,7,8,-4,1,2
-74/45,-1,0,0,0,-2,-5,4,-2,-3,0,-1,-11,-7,-4,6,-6,0,-6,-2,0,7,5,-7,-6,6
-70/79,-1,-2,0,1,0,-5,-5,1,-6,4,-5,5,0,-4,0,-12,-13,8,4,13,-8,-8,0,-3,2
-13/5,0,2,0,3,-3,-7,5,1,6,0,4,11,-7,-4,-6,6,-2,8,5,15,12,-15,-3,-6,2
-9/14,0,0,1,-5,0,-5,2,-2,-3,-10,6,10,-6,2,-6,1,6,-13,8,-9,2,-5,8,-15,-14
21/34,0,0,1,1,6,2,-2,1,0,10,2,-6,-6,-12,4,-10,4,1,2,-4,4,5,8,-6,-2
47/48,0,0,2,1,0,4,1,1,1,-2,-8,10,-5,-6,-8,-11,4,-3,-14,-15,-10,0,1,6,12
-53/74,0,-2,2,1,-2,2,5,-2,-8,9,-2,-8,-7,12,12,-10,-12,-2,-12,0,-14,-14,12,10,-9
17/11,0,2,-2,1,-2,4,-8,1,1,7,1,-2,8,-4,10,6,8,-8,-12,-12,4,15,-16,3,2
-65/59,0,-2,0,-5,-2,-7,5,1,6,6,2,6,7,-1,3,-6,10,2,4,-15,11,-8,1,-8,8
62/43,1,-2,2,1,-3,-1,2,0,6,0,-10,6,-1,-12,-6,-3,13,-3,10,4,-7,-15,6,6,-5
24/43,0,0,3,3,0,-6,2,0,-3,10,-6,-8,-6,-12,0,-10,2,-10,4,-5,-2,0,-3,-4,2
33/49,0,0,2,-5,0,0,-4,-2,3,-4,2,-8,12,2,10,-7,-4,1,-10,-12,10,-8,2,-12,13
-12/71,0,0,2,1,-1,4,-3,-2,-8,-5,-5,-8,6,-6,0,6,4,-4,-11,4,11,-4,11,-8,-14
-71/37,0,2,2,3,4,1,3,-2,-3,-7,-1,-8,4,-10,10,4,6,-11,0,-12,-6,-14,-4,10,12
22/29,-1,-2,3,0,0,1,3,1,-9,-6,-1,-7,-6,1,-1,-4,-11,4,-3,4,-7,13,-3,-3,7
13/96,0,0,2,-5,-2,-7,6,-2,-3,-3,-7,-7,-9,4,-10,-14,6,8,-8,4,-1,2,11,-7,-8
39/46,0,0,2,0,-2,-7,3,1,0,-2,0,6,6,-1,-6,-6,6,8,-2,-12,-2,5,-4,-15,13
-25/46,0,-2,0,1,-3,0,2,1,0,3,10,2,-5,-4,0,-6,-9,-8,8,2,-2,-16,0,-10,-7
6/37,-1,0,0,3,4,2,-6,-2,3,-5,2,-8,-3,10,6,1,0,-2,0,12,12,-4,16,-8,-19
84/55,0,0,0,1,-2,0,-3,1,-8,4,10,-2,1,8,1,6,-4,2,6,-7,8,15,16,-17,-14
15/47,0,0,0,3,4,2,-4,1,-3,-2,1,-7,2,-10,3,-10,-4,5,5,15,2,0,6,6,-9
-51/41,0,0,2,1,2,6,-8,1,-3,5,-4,-2,6,-1,13,-2,0,8,8,16,-1,-4,12,-7,1
-17/19,0,2,3,-5,-1,-5,-8,-2,6,6,-10,-2,6,0,6,-2,-2,6,8,6,10,-8,6,-8,14
-23/67,0,2,4,3,6,-5,-5,-2,-7,7,-1,6,-9,12,4,-10,0,2,0,14,-5,-16,-12,-12,-2
67/46,0,2,0,0,2,-5,1,1,0,0,-8,-6,-6,12,-6,-6,-4,13,-5,4,2,-6,0,8,0
-29/11,0,-2,0,-5,-2,-5,-6,1,1,-10,3,-1,6,-1,0,9,-4,10,0,-12,-6,-1,1,12,-6
64/5,0,-2,0,3,-3,-5,-5,1,-4,6,10,6,12,6,0,-12,0,2,14,-4,14,-16,14,-6,7
65/3,0,0,0,3,4,-7,3,1,4,-5,2,-10,6,-10,12,-14,-2,-10,2,-13,2,-16,-16,-10,0
-89/66,0,0,4,3,-2,0,-6,-2,-4,6,2,-7,3,-2,0,-6,-2,4,-11,-9,8,-4,14,-13,14
7/17,0,-2,4,1,-2,-5,-2,1,6,-8,0,-7,-9,12,0,6,9,-13,16,9,7,-4,0,-16,14
-23/28,0,2,2,-5,0,-5,4,1,-7,2,10,-5,0,-1,0,2,10,-6,-14,3,-6,0,-3,0,1
92/45,0,0,0,-5,-3,4,-3,1,-7,9,3,-6,2,10,2,-3,4,6,10,0,0,9,-7,6,2
-76/53,0,2,-2,1,4,0,-3,1,-4,0,-5,5,12,-6,-7,5,0,6,8,8,-11,4,16,10,10
5/49,0,-2,0,-5,-5,6,-5,1,-8,6,-6,-7,6,12,-4,0,-4,2,4,4,2,6,10,10,-7
43/45,0,0,0,-5,6,-5,1,-2,-8,3,1,-5,12,-1,4,1,0,13,-6,10,4,-16,4,-12,-12
-74/3,1,0,2,0,-5,2,5,-2,2,3,-9,-11,-4,-1,-6,1,-1,10,8,-8,4,13,0,-8,8
10/7,-1,2,0,-5,-2,6,3,1,6,-10,-4,-8,-3,-1,-6,10,0,-7,12,12,2,2,-15,1,2
74/29,1,2,4,-5,0,1,-4,1,-4,-6,-7,-11,4,8,3,3,-4,10,-8,3,10,-14,-3,12,17
-55/87,0,0,0,-5,0,-5,5,-2,3,-6,-10,-5,-4,12,0,6,-7,-10,-7,2,-2,-16,0,18,0
-35/16,0,2,0,1,-3,2,4,1,-3,-2,1,2,7,-2,0,4,-9,0,-12,8,4,-1,0,1,-6
-1/3,0,0,-2,1,4,-5,5,1,-3,3,1,-8,0,-7,-11,-3,0,-11,-11,-9,4,4,-8,1,-2
-63/47,0,0,4,1,-5,2,2,1,2,4,-4,11,10,4,3,-4,-1,4,0,-9,-10,12,-4,0,11
-16/57,0,0,-3,-5,-2,0,2,-2,-3,4,-4,2,12,2,0,-6,1,-13,8,0,-16,-6,0,6,-5
11/74,0,2,2,0,0,6,3,1,-6,-5,10,-8,-6,-6,-10,-6,4,1,-14,-15,0,-10,-3,-14,8
29/85,0,-2,0,0,4,-6,-2,1,-3,-10,-1,-1,0,-7,4,-2,-7,-10,4,-12,-1,0,10,8,-18
-74/67,1,2,2,1,-2,0,-5,1,4,-3,1,-11,0,-2,2,-2,10,13,0,5,2,13,14,-8,-1
-71/75,0,0,0,-5,0,0,-6,-2,-3,-10,4,-2,6,-1,-4,-14,-14,13,12,-12,-16,-7,-16,18,-9
-13,0,-2,-3,0,0,-7,-3,1,6,4,10,-11,4,6,1,-10,-10,-3,-10,-1,7,11,-5,-1,-8
13/4,0,2,-2,-5,2,-7,3,1,-3,-2,3,-1,-3,-7,-6,6,0,-10,8,-3,-13,-8,-4,-12,3
17/9,0,0,0,-5,0,6,-8,1,3,-10,-9,-1,-1,8,0,-6,-11,1,-10,4,-4,5,6,-10,18
-22,1,-2,2,1,0,-5,6,1,-3,6,-5,-2,-3,8,0,-2,-3,-7,12,-12,-13,-8,0,12,2
7/12,0,0,0,1,4,-6,-6,1,4,5,-4,-5,-5,4,0,-7,10,4,-6,12,-2,6,6,-17,-3
-29/20,0,-2,0,0,0,6,-3,1,6,-10,-4,-6,-6,2,-6,-11,-9,4,-11,3,2,8,17,3,-2
70/59,1,-2,0,1,-5,2,-3,1,-6,-5,10,-7,0,10,0,7,10,4,10,0,10,15,-6,2,2
-12/49,0,0,-3,-5,-1,-5,-5,-2,-9,4,-1,7,-3,-2,0,1,-4,10,5,6,-8,-10,14,0,8
-7/96,0,0,-2,1,2,-1,-3,1,0,-2,-1,6,6,4,4,-10,5,5,2,-7,7,-14,-4,-9,-6
-17/12,0,0,2,-5,4,-5,-8,1,1,4,-9,2,-7,4,-4,1,13,13,6,15,-1,6,8,6,2
-57/68,0,0,2,-5,6,6,-2,1,3,5,6,-6,-9,-3,-1,6,13,6,-3,3,10,-7,-15,6,0
-41/18,0,0,0,1,-1,2,-1,-2,-4,0,-9,-2,-4,0,-11,3,0,4,-14,-12,-4,10,12,-15,-12
13/20,0,-2,0,0,6,-7,-1,-2,3,-4,-9,-2,2,4,-7,-6,0,-8,11,-12,-13,0,6,-17,0
67/3,0,0,2,1,-3,-5,5,1,3,5,3,-5,-5,12,-6,-10,-12,2,-5,-6,-6,4,-7,-1,-9
37/84,0,0,3,-5,6,-5,2,-2,0,6,-1,-11,-9,10,2,2,0,-7,-7,0,-4,12,-15,0,-18
7/17,0,-2,4,1,-2,-5,-2,1,6,-8,0,-7,-9,12,0,6,9,-13,16,9,7,-4,0,-16,14
-91/66,0,0,1,1,-2,-7,2,-2,-3,3,4,-5,-9,7,-6,1,-10,0,1,12,-1,11,1,-15,1
-65/27,0,0,0,1,0,-7,-6,1,-3,-10,-2,-7,-1,-3,-6,6,-13,-11,-3,13,-8,10,10,1,14
-46/31,-1,-2,2,0,-5,-1,-3,1,-7,-4,2,-7,12,7,0,-2,0,8,-4,15,2,2,4,-13,18
83/70,0,-2,0,-5,4,2,3,1,4,3,-1,10,-6,-10,3,6,-4,10,4,14,7,-10,0,-8,-6
-28/25,0,-2,0,1,0,0,2,1,-3,6,0,11,-6,6,0,-3,0,0,5,11,-2,10,12,6,8
25/78,0,0,0,-5,-2,-2,5,-2,-3,2,10,-10,-5,-1,11,-3,-4,-5,5,-12,-9,-8,-16,-2,-18
71/10,0,-2,0,-5,2,4,-6,1,4,10,-10,5,3,4,10,-4,-4,10,-10,-12,-1,-16,1,-1,2
-15/19,0,0,0,-5,4,-5,4,-2,-8,4,-5,10,10,-4,11,-6,0,-8,4,14,-14,-11,10,-14,14
38/99,1,0,-3,3,-2,-5,-1,1,1,-5,-9,-2,-5,-10,0,-10,6,10,-11,-9,-5,6,1,18,10
23/14,0,2,3,-5,-3,2,5,-2,-7,-5,-9,7,4,-6,12,5,0,1,5,-4,-4,4,-8,-17,-1
-44/89,0,-2,1,0,0,-1,-5,0,3,6,3,10,2,-7,6,-10,-14,-10,8,-3,-5,4,6,-8,0
83/64,0,-2,-2,1,0,-5,-4,0,3,0,-9,-7,6,-4,-6,-9,0,-3,-14,-12,-6,-5,0,18,12
32/85,0,-2,0,-5,-3,6,-2,1,6,9,-9,10,-6,7,-2,-3,13,-10,-4,8,2,-14,-3,-10,13
-90/77,-1,0,0,-5,-2,6,1,1,2,0,-7,10,-6,-4,0,3,-1,2,-8,8,11,-4,14,-1,1
-11/16,0,2,1,-5,0,-5,5,-2,6,-5,-5,-10,-9,4,8,-6,5,4,4,-4,-1,2,14,-1,13
-71/21,0,0,1,-5,4,-1,6,1,-3,-1,-10,-5,-7,-1,11,-4,-5,-1,10,-12,11,11,6,-9,-10
8/11,0,2,2,1,-2,-1,-1,1,3,-4,3,-1,-6,-9,12,2,9,8,11,-9,11,-6,14,2,17
-67/68,0,2,4,1,4,-5,-2,1,-8,-7,-7,-2,0,6,-6,-2,6,8,-5,-6,0,8,10,-14,-5
22/13,-1,2,1,1,0,-2,2,1,3,-3,4,5,6,2,-6,6,-4,-6,-8,6,-6,4,-16,6,2
-43/38,0,2,2,1,0,-5,-6,-2,4,0,4,-1,4,-1,4,6,-4,-7,4,-12,-14,10,4,12,-5
4/5,0,-2,0,-5,-2,-6,5,1,6,-3,2,5,8,-6,-3,-9,0,13,-12,-2,7,-8,12,18,9
-59/28,0,2,-2,-5,-2,1,1,1,6,4,1,5,-6,0,1,-6,-12,-3,-10,-15,-8,-6,6,-14,17
-22/29,1,2,3,1,0,2,4,-2,0,-6,3,-8,-5,4,-6,-4,4,4,9,-1,-8,-6,-4,-6,16
41/61,0,-2,4,-5,4,-6,3,1,-3,-2,-8,-1,-4,-10,1,-2,-5,-4,-2,4,2,10,-12,9,-14
-76/45,0,0,0,-5,-5,-1,1,1,3,-5,1,-7,-7,2,-6,3,6,-11,0,4,14,-14,12,-15,14
62/41,-1,2,3,0,4,-5,-3,1,2,10,-10,-10,6,-12,0,-2,9,-5,2,11,7,-16,-4,-6,10
-83/77,0,-2,4,-5,-2,-5,-3,1,0,-5,3,-10,-2,-7,-6,0,-4,-7,8,-13,14,0,0,6,-5
70/69,-1,0,0,1,4,4,-6,1,0,0,1,5,2,-4,-11,-9,0,13,-14,7,6,13,-16,2,12
91/17,0,-2,-3,1,2,-7,-2,1,0,3,-5,8,2,-6,-2,-6,-4,-7,-10,-12,8,-12,1,3,-3
5/19,0,-2,0,0,-1,1,5,-2,-6,3,-4,-5,-3,-2,0,6,6,-10,-12,12,-2,10,15,8,17
-64/29,0,2,2,1,4,-1,-5,1,-4,-6,2,-2,-3,1,8,-6,0,2,2,14,0,10,-1,-3,-6
25/98,0,-2,0,-5,0,4,5,1,6,-8,-5,10,12,4,-6,-4,-4,10,9,2,-16,13,3,18,-2
-95/17,0,-2,0,0,0,6,-2,1,1,7,-5,2,-2,4,7,6,-4,5,-11,-9,-8,6,-3,-1,-4
-15/16,0,0,0,3,0,-5,5,1,1,3,2,-1,-6,5,4,10,-4,2,8,-15,-2,-1,-4,-12,-14
3/35,0,0,0,-5,4,-1,2,1,2,6,-2,-2,6,2,-6,-2,6,-5,-12,4,-6,0,3,-6,14
51/80,0,0,0,3,2,-6,-8,1,-3,4,-1,11,-5,-1,10,-6,0,8,0,8,0,-6,3,-10,9
-7/6,0,0,2,1,0,2,-3,1,6,2,-10,-2,-2,-4,-6,6,0,-1,-3,-1,0,-6,0,-4,-6
14,-1,-2,2,1,-2,2,2,-2,4,3,-1,2,-6,-7,8,-2,-14,10,-7,0,11,-10,-3,-17,-18
81/4,0,0,2,0,-5,-5,3,1,-8,9,-4,10,10,12,13,9,10,-1,4,9,-13,1,4,-6,-1
-27/28,0,0,0,-5,-5,-6,-3,1,-3,-1,-5,-2,12,-10,0,-3,0,-5,12,-9,-4,1,12,12,-3
-2/13,-1,2,4,1,6,-2,-4,-2,4,4,2,-10,3,1,0,6,0,6,-4,-12,14,-6,12,-15,8
-31/45,0,0,0,1,-1,2,-3,0,6,-10,-10,-5,2,-4,8,-4,6,-5,-12,-12,4,15,0,0,8
-1/11,0,2,2,-5,-2,6,2,1,6,0,-1,-5,7,-3,0,-10,6,-4,8,-1,-14,4,14,-17,17
-6,1,0,1,0,4,6,5,-2,-8,2,-7,-1,0,4,0,7,0,0,-14,4,-10,6,-16,-7,14
-26/71,1,-2,1,1,0,-7,2,1,6,-1,-10,-2,12,-3,-8,6,-4,8,-13,4,-1,-8,-3,2,8
-11/84,0,0,4,-5,0,-1,5,0,6,2,0,-5,2,2,1,-2,11,8,5,-3,1,-10,6,6,-3
-57/16,0,0,-3,3,-3,6,-5,1,6,7,1,-2,12,-1,0,5,-3,-1,2,4,-16,6,9,0,-3
-47/69,0,0,-3,-5,6,4,-3,1,0,4,3,10,8,1,-8,9,-4,-6,-3,14,7,-14,-10,9,10
16/7,0,2,0,-5,4,-6,6,1,-4,2,-1,-10,-6,4,6,-2,-11,-4,5,8,8,-8,3,8,-6
5/96,0,0,0,0,-1,2,-6,1,3,6,3,-8,2,-2,-4,-4,7,4,5,-4,-13,-8,-16,6,8
8/23,0,2,4,-5,0,-6,1,1,0,-10,1,-5,-5,5,-11,6,-13,-5,-8,14,-10,-4,4,-12,-2
-38/55,-1,2,0,3,-2,-1,3,1,2,5,2,10,8,-1,0,-12,0,2,-14,6,-10,-1,3,4,-5
31/14,0,-2,1,-5,-2,-5,4,1,-8,-2,-10,2,-1,-10,11,-10,6,13,2,-1,-13,-14,1,12,6
38/97,-1,-2,1,-5,-2,0,-5,1,-8,-1,-7,6,6,1,0,-4,0,6,4,6,-7,10,3,0,4
-23/5,0,-2,0,0,-1,4,-4,-2,-7,6,-1,-7,6,-1,-2,-10,0,10,-2,9,-4,12,9,18,8
-74/57,-1,0,3,3,4,-6,3,-2,6,4,-8,-11,12,8,4,6,-3,-10,-14,8,-7,5,4,8,9
6/19,1,0,1,-5,0,2,2,-2,6,4,0,-8,0,-9,-10,-2,-5,4,8,3,-13,6,-13,-8,-12
-86/49,1,2,0,-5,4,6,-4,1,6,4,-5,7,6,-1,-1,1,4,-6,2,0,14,-4,3,-8,2
-1/22,0,-2,2,1,-2,2,-1,1,-3,-2,2,-2,0,-2,13,0,1,-11,10,6,-5,-10,6,6,2
-20/27,0,0,0,1,4,-6,5,-2,6,10,-5,10,-3,-12,2,5,1,-6,-10,4,-1,-8,12,-1,2
-71/52,0,2,0,1,0,-2,2,1,-3,6,-10,-2,-6,8,8,6,10,4,-5,-12,-4,9,5,-12,5
76/37,0,2,-3,3,0,2,2,1,1,-3,1,-8,-7,8,-10,-3,0,8,6,-4,11,-4,1,12,17
-11/18,0,0,-3,1,0,1,-5,-2,-6,4,-1,-7,-4,4,4,2,-12,-8,0,-4,8,-1,-6,12,14
8/9,0,0,-3,-5,4,4,3,-2,2,-5,-7,-2,10,4,-6,1,-14,6,14,-12,7,15,8,1,17
-62/85,1,2,0,0,2,-6,-2,-2,-4,-7,-10,-6,-3,-10,-2,6,-4,-2,11,15,-6,8,12,-8,14
-15/76,0,0,0,0,-3,2,-3,-2,3,-2,1,10,2,1,10,-2,-4,0,-12,-12,10,-5,-3,-17,17
-3/28,0,0,1,-5,4,-5,-4,1,0,5,2,-7,6,-1,-6,-6,-2,-4,5,2,-10,-10,0,-4,-18
8/41,0,2,0,1,-5,-5,-5,1,-8,7,2,10,6,-3,-10,6,0,13,-3,3,-4,-14,-9,-6,18
-69/73,0,0,-2,-5,0,-6,-1,1,-7,6,-5,-3,0,4,4,-2,13,6,-11,2,-6,-6,-6,-1,-6
3/47,0,0,1,1,-5,0,6,-2,-8,-4,6,-8,12,4,3,-4,4,-7,-12,0,14,-10,-4,8,-14
83/75,0,0,0,-5,0,6,1,1,6,10,-10,-7,0,-12,-6,-9,-9,-10,-12,4,-9,8,0,0,-4
-40/69,0,0,0,-5,4,1,5,-2,0,0,3,-2,-7,9,7,-10,-2,-13,-3,8,-4,-1,0,0,2
10,1,2,0,3,6,2,-1,-2,6,10,1,-5,10,-4,4,6,0,-2,-3,-8,-4,-12,10,-13,-7
49/9,0,0,0,1,-2,-5,-3,1,6,0,-6,2,10,9,-8,6,6,-10,8,-3,2,-8,-5,6,-18
97/63,0,0,1,-5,0,2,4,-2,-8,-7,-10,-2,10,8,6,-3,0,6,4,11,14,5,0,18,8
76/33,0,0,-2,-5,-2,-1,-4,1,-8,3,2,10,-1,-6,-6,6,-4,1,-2,-13,-14,4,-1,-8,-7
-13/14,0,2,-2,-5,-2,-7,-1,-2,0,-8,10,10,-7,-3,0,6,-3,2,5,4,2,8,2,-14,14
21/22,0,0,3,1,-2,4,5,-2,6,-8,-1,-1,-6,10,-2,5,11,1,11,14,2,-1,-7,-8,6
53/81,0,0,0,0,4,-1,-3,-2,4,-2,-2,-10,-4,-2,8,-10,0,13,4,5,14,11,14,-14,-18
17/45,0,0,0,0,2,-5,-8,1,2,0,1,-5,0,6,-6,-2,5,6,5,4,-13,12,-4,12,-5
-34/23,1,2,2,-5,6,6,-8,0,0,-2,3,10,-1,-4,0,-10,-3,-2,5,-15,11,4,3,-17,13
38/43,1,-2,0,3,2,1,-3,1,6,4,-4,-1,-3,-12,8,6,4,2,11,-12,11,-15,-3,12,12
-11/27,0,0,3,-5,0,0,-3,0,-8,7,-9,11,-2,-2,0,-2,2,8,-8,-3,-9,-8,-3,-15,-1
16/11,0,-2,4,-5,-2,-5,2,-2,4,-5,-2,-7,0,8,4,-10,0,8,4,3,0,-8,15,5,-7
-86/39,-1,0,2,3,-3,-2,-1,1,-3,5,-4,-1,-7,-1,-8,-2,6,-2,-13,13,4,-10,2,10,3
7/34,0,2,-3,1,4,-1,-2,-2,-3,9,1,-5,12,-1,13,6,-1,2,-7,3,-6,-8,7,1,2
3/4,0,0,3,1,0,-5,2,1,6,-5,-2,-5,-1,4,0,-2,6,10,5,5,6,-14,-7,-14,-2
5/6,0,0,0,1,6,1,5,1,-4,-2,6,10,0,12,10,-2,-5,-4,-8,-5,-1,-10,-5,18,-7
-59/5,0,-2,0,-5,0,-1,6,-2,6,2,-9,-2,12,-7,0,2,-12,1,8,-9,-7,-1,6,6,-18
-75/11,0,0,0,-5,-2,-5,-3,-2,1,0,-9,-5,2,-6,12,-6,-1,10,3,3,-11,-6,14,-6,10
-99/79,0,0,1,3,0,-5,-3,1,-4,4,-9,-3,-2,12,-11,-2,6,2,2,-9,-14,-8,-6,-6,0
-7/45,0,0,0,1,-3,2,-3,1,3,-4,0,10,-4,-6,-6,-12,-14,-4,-2,4,-2,-8,-16,18,10
89/60,0,0,0,3,0,1,-3,-2,6,4,-6,-6,8,7,-6,6,-14,-2,5,11,-4,11,-4,-13,7
-3/2,0,0,0,1,-3,-5,1,1,6,9,-1,-2,-3,4,3,-2,2,1,-12,-12,4,11,-16,4,2
-32/39,0,0,-3,1,-1,-2,2,1,-8,7,-9,-2,6,12,-1,-2,-3,8,-2,2,-2,-8,14,-2,-14
-67/90,0,0,0,-5,4,0,1,1,-4,-8,3,-8,-9,4,12,-12,0,-13,-5,-5,-10,5,3,-2,1
-66/83,1,0,-3,3,0,-5,3,1,-3,-7,10,-2,6,-2,12,3,6,-6,4,14,-13,-8,-16,10,-9
-71/39,0,0,0,-5,-5,-2,-3,1,-4,3,-9,-7,2,8,-7,-10,-11,1,3,-12,7,-16,4,-1,14
30/23,1,0,0,0,0,1,2,-2,0,-3,-10,-5,-6,4,1,0,11,-8,12,15,11,-8,4,-7,8
-29/81,0,0,0,-5,-5,6,2,-2,3,-10,-5,-2,-4,1,-8,6,-2,4,-12,-12,14,8,10,-12,8
-33,0,0,2,1,0,-6,4,1,-3,-2,-4,-8,6,-4,8,2,-13,6,-10,9,5,10,-7,-3,-1
79,0,2,1,1,-1,2,5,-2,6,0,8,-2,-6,-10,13,-4,-1,6,-8,-12,11,4,-11,6,-14
21/32,0,0,2,1,-5,2,5,1,6,6,-8,10,6,4,-6,0,-4,10,14,4,8,6,-4,6,-14
-62/89,1,-2,2,3,-3,-5,-1,1,-3,-1,-10,5,-6,12,-7,5,0,1,8,7,7,-8,4,-8,-2
-13/32,0,2,0,1,-1,-7,5,1,-9,6,10,-5,1,4,-1,1,-12,10,5,-12,0,11,16,-16,2
-25/41,0,2,0,-5,-5,6,5,-2,-3,10,-9,-2,6,5,-8,-11,4,2,11,-5,4,15,-7,-16,-3
67/59,0,-2,0,1,-2,-5,-6,1,4,0,10,6,1,1,-2,2,10,-6,-5,-12,-5,-16,10,-6,10
-1,0,-2,1,1,6,6,3,1,-4,0,1,7,12,10,-8,0,4,0,4,-8,1,8,12,-9,8
3/5,0,0,0,1,4,4,-3,1,-9,-10,-9,-2,-6,6,4,6,-11,2,-7,6,-4,-16,-9,12,8
-7/9,0,0,0,1,0,-5,2,-2,1,-2,-9,-6,-7,-1,0,-9,-4,1,-10,-2,14,-14,-16,8,-7
4/7,0,2,-2,-5,6,-5,2,1,-8,9,-5,11,-3,-10,8,1,11,6,-8,-15,0,-8,6,-15,-18
61/36,0,0,2,-5,-1,2,2,-2,6,-5,6,10,0,-2,-7,0,8,-13,12,-15,4,12,-6,8,8
-22/91,-1,-2,-2,-5,0,-2,-6,1,-4,0,3,11,-3,6,0,-7,5,-3,-13,0,2,-8,-4,9,17
90,1,0,0,1,-1,6,2,-2,-8,5,-4,-5,6,-1,-6,-4,-9,1,5,3,-2,10,0,-6,-14
59/45,0,0,0,0,-3,6,-1,-2,6,7,-6,-8,6,12,0,-2,-12,-5,-12,3,-8,-10,2,1,9
2,1,-2,0,1,-1,0,-6,1,6,-7,-6,10,-7,4,4,-6,-2,2,-12,-1,-13,0,12,0,10
-83/93,0,0,1,-5,-5,-5,-3,-2,-3,7,2,-5,7,-4,0,-2,0,4,8,-12,-7,10,0,0,18
13/54,0,0,-2,-5,0,-7,-1,1,-6,-2,1,-5,-6,4,3,5,-2,-2,4,-15,-6,-15,17,-10,8
67/19,0,2,3,-5,4,-1,-3,-2,1,-7,-4,5,10,10,12,-4,-4,4,-5,-5,-13,8,2,2,2
-82/19,1,-2,-2,1,0,-5,-1,-2,-3,3,3,-2,-4,8,1,6,4,4,4,-7,2,-1,-1,1,10
-13/85,0,-2,0,0,0,-7,-2,-2,-3,0,-8,-5,2,-1,-6,1,-4,2,10,4,-9,10,-1,-12,-14
-11/96,0,0,2,1,0,1,3,1,-8,-7,8,10,6,1,-6,6,-14,-7,-6,-9,-5,-1,-7,-15,10
-13/9,0,0,3,-5,-5,-7,-3,-2,-9,-4,-6,-2,0,-9,6,6,-4,-1,8,9,-2,-14,-12,10,-9
39/28,0,0,0,-5,-5,-7,-6,-2,-8,3,10,-2,-6,-4,10,-4,13,-5,4,13,-6,10,12,-6,13
3/19,0,0,-3,1,6,6,-1,-2,-3,7,1,-1,-9,8,-6,6,-7,13,-2,-9,-6,4,4,0,-3
-86/99,-1,0,0,-5,-2,6,-5,-2,4,-5,-9,8,-9,-1,7,-3,0,-6,-14,-1,-7,-6,2,0,0
-43/89,0,2,0,-5,-5,0,-6,1,-4,6,3,10,-4,-1,-6,-3,-4,-1,-6,-15,0,-6,3,-8,13
59/91,0,-2,1,-5,4,-2,1,1,6,6,8,-5,-7,1,-6,6,-12,-13,-11,12,14,-6,16,-6,7
-12/71,0,0,2,1,-1,4,-3,-2,-8,-5,-5,-8,6,-6,0,6,4,-4,-11,4,11,-4,11,-8,-14
34/63,-1,0,3,-5,4,-1,-8,1,6,4,3,10,8,-4,-6,-2,-4,-6,8,-12,-2,9,-16,-6,8
36/29,0,-3,2,0,-1,6,2,1,2,-6,-9,2,-6,-2,0,-2,-10,1,-14,-5,-10,-14,2,9,2
25/21,0,0,0,-5,0,-5,-6,-2,-4,6,-9,-5,8,-10,6,-12,6,8,8,-15,-1,-11,-12,-14,1
-6/11,-1,0,1,1,-2,1,4,1,1,10,-1,5,-2,-10,-6,-6,-3,-1,-5,-12,10,10,0,10,17
26/27,-1,0,0,1,-2,-7,-5,1,6,4,-5,11,-5,-10,0,0,-7,-2,4,3,0,12,-13,2,-4
15/44,0,0,0,-5,-2,1,-1,1,0,4,-7,10,-6,9,-8,6,4,4,12,-15,-13,-15,4,1,-19
21/23,0,0,0,1,6,-6,6,-2,0,4,-5,-2,-2,-7,12,7,-12,-1,8,12,-10,-8,-15,10,2
-43/20,0,2,0,0,4,-5,2,-2,-4,-5,10,5,-5,-1,11,-2,0,8,16,0,-10,-6,12,1,-14
-3,0,0,-2,-5,0,2,2,1,-4,-8,-4,-10,-6,4,0,11,6,-6,-11,-12,-13,-16,16,-12,9
-12/59,0,0,3,3,0,0,1,-2,-3,-5,-10,5,0,-4,-8,-6,10,1,-14,2,-14,-16,-4,-6,-12
14/23,1,2,3,1,-2,-5,-3,-2,0,-5,6,7,-7,4,11,-6,6,8,4,11,10,15,16,9,2
-1/85,0,-2,0,1,-3,4,-2,1,6,6,-10,-5,0,-6,0,1,0,-2,4,3,11,6,4,12,-10
-38/23,-1,-2,1,1,2,-5,2,1,0,4,-4,-2,-3,-9,-3,-4,-12,10,-3,-4,-13,4,1,12,10
-15/41,0,0,0,0,4,6,-1,-2,-8,-4,-1,-11,6,1,-4,1,-5,10,8,7,7,-15,12,-8,10
-87/41,0,0,3,3,4,0,1,1,-4,-10,-9,-1,6,-2,-6,7,-1,-3,2,-8,-9,10,-3,10,-1
-9/50,0,0,0,-5,-3,4,-4,1,-3,-5,-2,-2,12,7,0,1,0,-5,-5,-15,4,13,6,12,14
-95/51,0,0,0,-5,6,-5,-2,1,0,-8,3,-2,-1,9,-6,4,0,6,8,-1,-16,-8,-16,0,9
57/88,0,0,2,1,-2,6,-6,1,-8,0,2,-8,-4,8,8,1,6,-11,-12,3,-11,15,-4,-14,16
-3/29,0,0,3,-5,0,6,-3,-2,3,-6,8,-2,-1,5,-6,2,4,2,5,3,2,5,12,-14,-6
18/13,1,-3,0,3,0,-2,-3,1,1,-5,1,11,-6,12,12,-12,-11,1,-11,8,-6,8,-16,10,3
89/27,0,0,3,1,0,4,2,1,-3,0,2,-2,6,0,-8,3,-4,1,-12,-7,11,-16,0,-13,2
20/29,0,2,0,1,2,4,-3,1,3,-6,-8,-5,-6,-6,0,6,0,8,10,-4,2,1,14,1,14
-62/83,-1,-2,0,1,0,4,2,1,1,4,-10,2,6,6,-6,-7,6,-11,4,5,12,2,-16,-7,12
-5/6,0,0,0,-5,-5,2,-6,1,-8,-2,-7,-6,1,6,0,6,11,-4,2,-5,7,-6,5,-17,-4
15/19,0,0,0,3,2,-1,3,-2,6,9,-1,-6,-1,4,0,-6,0,-13,-10,10,-14,15,2,2,10
87/71,0,0,-2,3,-1,-5,6,-2,-3,-10,-1,-2,-9,4,-2,-6,6,-1,-4,4,-16,8,-8,-13,2
-1/3,0,0,-2,1,4,-5,5,1,-3,3,1,-8,0,-7,-11,-3,0,-11,-11,-9,4,4,-8,1,-2
-9/68,0,0,-3,0,-5,2,-2,-2,-3,-7,-1,-7,0,-2,1,6,4,8,-8,4,-2,-14,-9,0,-6
-11/27,0,0,3,-5,0,0,-3,0,-8,7,-9,11,-2,-2,0,-2,2,8,-8,-3,-9,-8,-3,-15,-1
19/16,0,2,2,1,2,0,5,1,-8,5,2,-7,-6,4,4,-2,10,-1,-11,11,4,8,-11,1,-4
-3,0,0,-2,-5,0,2,2,1,-4,-8,-4,-10,-6,4,0,11,6,-6,-11,-12,-13,-16,16,-12,9
-88/59,0,2,3,0,0,-6,-5,-2,6,0,10,5,0,8,-8,1,10,-3,12,-15,4,15,0,-12,-8
-11/42,0,0,2,-5,0,-5,2,1,-4,-5,1,-7,-4,7,0,-3,0,8,-2,12,-6,4,0,-7,2
48/41,0,0,2,0,2,4,-6,1,6,-2,3,-8,6,-10,8,-6,-7,-8,6,-15,4,-10,-5,-9,-2
1/4,0,2,1,1,-2,2,-3,1,2,6,-1,-6,-1,7,-8,-10,-11,-1,-14,-3,-2,-11,2,12,8
-2/9,-1,0,-2,1,-5,6,-3,1,6,5,8,-2,-6,4,12,1,-13,-12,4,5,-5,-8,15,-14,14
42/11,-1,0,-2,1,-2,-5,-1,1,6,-5,2,-11,2,-3,-6,0,-11,4,5,-12,-8,10,12,6,8
5/6,0,0,0,1,6,1,5,1,-4,-2,6,10,0,12,10,-2,-5,-4,-8,-5,-1,-10,-5,18,-7
-24/23,0,0,-3,1,0,-5,-3,-2,0,-2,3,10,2,2,2,-9,7,-7,5,7,-4,-8,-12,2,-6
42/43,-1,0,1,1,-1,-5,3,1,-3,5,10,10,12,-12,1,6,9,6,8,-12,2,-6,-4,18,-7
47/31,0,-2,-3,-5,-3,6,1,1,-8,0,2,5,-3,-7,-8,-12,-4,-2,10,6,-4,12,4,-10,14
-61/29,0,2,0,1,4,2,-6,-2,-3,-6,0,-2,-4,-9,12,6,6,-13,4,-12,-1,11,-3,0,2
1/3,0,0,2,-5,-3,-1,-5,-2,6,10,-8,-7,-6,1,-11,6,-1,2,12,-12,0,-14,-4,-6,1
-83/85,0,2,0,0,-1,1,-2,-2,6,-1,-1,-5,0,4,-1,10,9,0,-7,-5,7,0,0,4,-6
3,0,0,2,3,-2,1,2,-2,-8,5,3,-2,3,10,-7,1,5,-5,10,4,-8,-16,0,3,12
37/12,0,0,2,1,-3,0,-3,-2,-3,7,4,-11,0,8,0,-12,1,5,5,13,-13,15,10,12,8
-65/93,0,0,0,1,0,-7,5,1,0,2,2,10,8,10,-6,-7,-4,8,5,-15,2,0,-1,6,-10
21/5,0,0,0,1,-1,6,5,1,6,10,-4,-5,0,6,0,3,6,1,5,-12,4,-11,16,-2,2
-3/22,0,0,2,-5,-2,-5,-3,1,-8,-5,-8,-2,-9,4,4,3,-12,2,2,13,-2,8,-4,10,13
97/32,0,-2,4,-5,-1,2,5,1,-8,9,-10,-7,-6,10,0,6,10,13,-3,16,6,-4,-3,12,8
49/9,0,0,0,1,-2,-5,-3,1,6,0,-6,2,10,9,-8,6,6,-10,8,-3,2,-8,-5,6,-18
-74/9,-1,0,2,-5,-3,6,2,1,6,-3,-5,-11,10,6,0,-11,0,-1,-10,-9,-13,-1,11,18,-5
-86/5,1,-2,0,0,4,2,-1,-2,-3,-4,-1,-2,8,-1,7,-14,-14,-13,5,-12,12,10,-3,12,-3
-52/9,0,0,-2,1,-3,-7,5,1,3,7,-1,5,-6,10,0,-10,10,10,1,-8,-13,-16,0,-17,-12
39/34,0,0,4,3,2,-7,-2,-2,4,-7,-9,-11,-6,-4,0,-4,0,-1,12,-9,1,15,-4,6,-2
55/2,0,-2,0,3,0,-5,-6,1,-6,9,3,-7,-9,-4,-1,-3,6,-6,-14,4,2,9,6,18,3
82/7,-1,2,2,-5,4,-5,-6,1,-3,7,-7,-2,-4,0,12,6,-3,-5,4,-9,-2,-8,7,-9,-2
-15/64,0,0,0,1,-1,0,-3,1,-8,-5,-1,-7,0,6,-8,6,6,-13,-4,4,10,0,2,12,7
21/5,0,0,0,1,-1,6,5,1,6,10,-4,-5,0,6,0,3,6,1,5,-12,4,-11,16,-2,2
57/82,0,0,2,3,4,4,5,1,-3,-4,1,-2,6,-6,0,-2,8,0,2,-15,-2,-4,3,-6,6
41/9,0,0,1,3,4,-6,2,-2,6,4,-1,-2,-4,4,-6,-12,6,-7,-8,0,-8,11,2,12,-4
7/27,0,0,0,1,0,6,3,1,-9,4,6,-2,6,-1,4,-2,11,5,-14,3,7,8,3,3,-19
-87/59,0,0,3,1,-2,-5,-3,1,3,-10,-4,-6,-7,12,0,0,10,13,-5,6,-16,-10,-3,-7,12
-17/37,0,2,2,1,-3,0,-8,-2,3,4,1,-8,0,-4,0,-9,2,-10,-12,7,-10,-8,5,-15,-1
79/13,0,2,-2,-5,-5,-2,-1,1,-4,6,10,2,6,8,-6,-6,6,1,4,-4,-13,4,6,12,12
45/47,0,0,0,1,-3,-5,-1,1,-4,-5,-4,5,4,-2,3,3,-9,-11,3,6,2,5,0,6,8
-11/38,0,-2,2,0,0,4,-1,-2,6,-7,-7,2,-1,7,-6,6,8,-1,-4,-12,-2,-14,14,6,-18
-2/19,1,2,2,0,0,-5,3,-2,1,-4,-9,5,2,-6,6,-2,5,10,-7,-15,2,-15,5,10,-12
-87/85,0,0,0,-5,4,-5,-2,-2,-9,-10,2,-5,-6,-6,0,6,1,-13,5,13,0,8,-16,6,-4
-53/22,0,2,2,3,-2,2,2,-2,3,7,1,-1,-2,1,-1,-10,-9,-6,8,-6,-2,6,-4,12,10
5/86,0,2,0,1,-2,6,2,-2,-8,-3,8,-7,8,-12,0,5,6,-10,-12,-12,11,-6,3,10,16
54/49,-1,0,4,-5,-1,-5,1,-2,6,2,3,5,-6,4,-6,5,-14,4,-11,12,-5,-10,3,10,10
29/7,0,-2,-2,-5,-5,-6,-4,1,4,-10,-9,-7,10,-2,-11,6,-2,-7,8,4,-11,11,-3,12,11
-97/12,0,0,1,3,-1,-6,3,-2,-3,-2,1,-3,8,-6,-6,-2,-10,-6,5,-4,-6,11,0,1,8
99/80,0,0,0,-5,0,-5,-3,0,-3,3,-8,6,-6,2,-7,-2,-14,2,-10,-5,4,-11,-7,9,-7
-7/26,0,2,3,1,-5,-2,2,1,-3,-5,-1,-8,-5,12,-11,-2,-2,-10,-14,-12,-11,10,16,-13,-1
-1/17,0,2,-2,1,0,1,-2,-2,0,-5,-1,10,-6,2,7,6,0,1,4,6,7,-6,4,12,-12
-19/65,0,2,0,0,0,-2,6,1,-4,-10,-10,6,-6,2,-8,7,-10,2,-12,-2,4,11,0,-14,8
-9/38,0,0,3,-5,4,-1,-6,-2,0,0,3,-6,3,-10,2,6,-4,-4,8,-15,-10,5,-7,10,-8
-49/87,0,0,-3,1,4,-1,4,1,-9,-6,3,-5,2,4,0,11,-4,8,4,8,-11,-16,-7,-14,-14
-88/93,0,0,2,-5,0,-5,-5,1,0,-3,2,-7,-2,-12,0,3,-10,1,-12,6,-2,-5,4,12,2
-9/70,0,-3,0,-5,2,-6,-3,-2,4,0,-9,-6,-1,-7,-6,-10,-13,0,-11,13,-8,0,4,-1,1
47/12,0,0,4,0,-2,-5,5,1,6,4,-1,10,12,1,-8,-4,4,-1,-12,-13,-4,8,16,2,0
92/67,0,-2,2,1,-3,6,-1,-2,-7,6,6,-2,0,7,8,0,2,-13,0,-7,7,-4,14,10,-2
-13/5,0,2,0,3,-3,-7,5,1,6,0,4,11,-7,-4,-6,6,-2,8,5,15,12,-15,-3,-6,2
-31/5,0,2,0,-5,4,6,-3,1,-8,-5,-10,-5,-7,7,3,-3,2,1,-10,-12,12,-8,2,1,1
-12/11,0,0,-2,-5,-2,-6,-6,-2,-3,7,-9,-7,6,4,-11,-4,-11,-2,-4,-4,-5,8,-3,-3,2
7/61,0,2,-3,1,-2,-5,3,1,6,-5,-2,-2,0,-2,-8,-12,13,-4,-3,-12,14,-1,17,-2,-3
-27/83,0,0,4,1,-5,-5,2,-2,-8,3,3,-10,-6,4,7,-3,-2,-8,-5,-15,-5,6,-16,-14,8
-1/40,0,-2,0,-5,-2,6,2,1,0,0,-2,-8,-6,1,-6,-6,2,10,-4,5,-2,-7,10,6,-4
19/91,0,2,2,-5,6,-2,-5,1,0,-5,6,-8,-3,8,0,-2,-4,-5,8,15,-13,-1,1,12,-2
17/37,0,-2,0,-5,4,4,-8,1,-6,9,-1,-8,1,4,-7,6,0,5,1,-15,14,4,-5,10,13
47/76,0,-2,-2,1,0,-1,-3,-2,6,4,1,-2,12,5,-8,-11,0,-13,-14,0,5,5,-12,-16,-6
41/26,0,2,0,-5,-1,-2,2,-2,2,-2,-4,-2,-4,4,0,-10,6,6,4,-7,-4,8,1,-8,1
-9/10,0,-3,0,-5,0,1,5,0,2,-7,-9,-7,-5,-12,13,-3,4,-12,-2,4,7,11,-4,-17,8
-55/71,0,2,0,0,0,-6,-1,-2,3,-1,10,-1,-6,-6,-11,7,-1,2,10,4,2,-16,-3,-17,8
0,0,0,0,1,0,-7,-8,1,-7,-10,-10,-11,-4,-1,-8,-10,-12,-13,-5,-12,-11,4,0,-13,8
27/83,0,0,1,0,6,-5,6,1,-4,6,10,-2,0,5,0,-6,-4,-13,5,8,-4,11,-16,-7,-12
-75/94,0,0,0,3,-3,2,2,1,-4,10,10,-11,-5,-3,3,1,7,4,-13,0,-4,-1,14,-6,-2
4/9,0,0,4,1,0,6,-3,-2,-8,2,-4,-2,-6,-4,6,-10,0,10,6,-9,-6,0,-6,-7,2
-99/10,0,0,0,1,0,6,-6,-2,-4,6,10,-5,0,10,0,-10,-2,-7,4,5,12,-7,14,-9,-6
22/27,1,0,0,1,0,-1,-4,-2,-8,-10,1,-7,6,-1,1,-2,5,-1,-12,-15,-5,13,-7,-17,8
24/47,0,0,2,1,0,1,5,1,-3,4,8,-3,-5,-4,3,-6,6,8,-4,-8,8,-4,2,10,-2
1/25,0,2,0,1,-3,6,5,1,1,6,-5,-2,2,12,13,6,-13,-8,-14,5,-10,-4,10,2,13
-10/9,-1,0,0,1,4,-1,2,0,0,6,1,-2,6,-6,0,1,6,4,5,0,-6,-9,4,9,11
31/39,0,0,1,1,4,-2,-3,1,1,-4,-10,-10,-6,10,4,7,-7,6,-12,3,2,-4,16,10,-6
68/43,0,-2,2,-5,0,-5,-8,1,6,0,4,7,-3,-12,-10,-2,7,-5,14,8,2,8,-16,-17,8
-1/7,0,-2,3,-5,-2,4,6,1,-3,-2,-1,-2,0,-4,4,-3,-12,4,11,-8,-5,-4,7,-12,18
20/13,0,-2,0,0,6,-2,6,-2,-8,-4,1,-6,-1,7,-11,-4,6,2,-14,6,4,11,0,-12,-5
89/88,0,-2,2,3,-2,-5,1,1,6,-7,2,-7,6,1,10,-6,4,1,-14,-9,5,-4,2,-13,17
-42/97,-1,0,2,1,6,-6,2,-2,6,3,-5,-2,-4,-1,-2,-10,-2,-1,-8,8,-14,2,16,-8,4
27/2,0,0,2,3,0,6,2,1,6,0,-4,-3,-3,6,6,-10,-4,-3,-3,-12,4,-14,-8,-16,13
1/13,0,2,0,1,2,-2,-3,-2,-6,0,3,-7,-3,-4,-3,-6,-5,2,5,-5,-1,6,1,10,-6
23/10,0,-2,0,3,6,2,-3,1,-7,4,-2,-1,-1,-2,0,11,-1,-7,2,0,10,4,-16,1,0
53/52,0,-2,2,1,0,-2,-6,1,-3,-2,-10,-1,6,-4,4,-10,-4,6,-14,-4,-10,12,15,-10,-19
5,0,-2,0,-5,4,-5,2,1,-3,-4,-5,-2,-6,2,12,-7,4,-1,-4,3,-9,-5,2,-8,-12
-19/26,0,2,4,1,0,-2,-3,1,-3,4,1,-3,-5,5,-10,-6,6,-4,2,-1,-6,-8,-4,9,12
-10/13,-1,-2,0,3,2,-2,5,1,-3,-8,-10,-7,2,1,8,-10,-9,6,8,-9,2,-14,9,12,17
32/19,0,-2,2,-5,-3,2,3,-2,-3,7,10,11,1,-1,11,-10,-9,1,2,5,-10,-12,4,-12,-7
75/61,0,0,0,0,4,-5,3,-2,-3,-2,10,-2,-6,4,4,6,1,-4,4,8,12,4,2,6,14
-11/40,0,2,0,1,0,0,4,1,-8,0,4,-2,-1,-6,-6,10,-4,2,2,-3,0,-8,-1,3,-6
41/42,0,0,-3,-5,4,-5,2,1,3,0,0,5,-4,4,4,-4,1,-1,6,11,14,-16,12,-12,-1
-29/16,0,2,4,3,-2,6,6,1,4,-10,-10,-5,-1,-6,0,6,-12,2,-14,-9,7,6,-4,-15,-14
-64/45,0,0,0,1,-1,4,2,1,6,-2,-1,6,6,7,13,6,-4,-13,2,-12,8,-14,4,5,12
-36/41,0,0,1,0,-5,-5,1,-2,-8,-8,0,-6,6,-6,12,1,-2,10,-11,-1,-13,10,6,-14,2
35/8,0,2,0,1,-2,-6,5,1,-3,-5,4,-7,-4,10,3,-9,6,5,4,-15,4,-9,-16,-8,1
-12,0,0,0,1,6,2,2,-2,3,-5,10,-7,-4,12,-6,1,-4,-10,2,14,2,9,7,6,-12
