9/94,0,0,0,3,4,1,4,-2,-6,6,-5,-1,-1,7,3,-2,0,6,12,3,-5,-16,3,-4,9
11/93,0,0,0,1,0,6,6,1,3,-8,2,-7,-6,4,0,-2,11,-3,10,7,4,-15,3,2,17
-21/2,0,0,0,1,2,-1,5,1,-3,-2,-5,-2,10,7,1,6,0,-11,5,6,10,-15,3,12,-18
-44/3,0,0,0,-5,0,6,-3,-2,-6,-3,6,-5,12,-7,2,1,4,4,-12,13,14,11,5,8,2
-47/4,0,2,3,-5,-1,4,4,1,-8,10,-9,-5,-3,10,-8,6,5,8,-4,0,-2,-14,15,12,12
71/15,0,0,0,0,-3,1,1,1,-8,-8,-9,-7,-7,10,7,-11,0,-5,-5,-12,10,-12,6,-12,2
-17/12,0,0,2,-5,4,-5,-8,1,1,4,-9,2,-7,4,-4,1,13,13,6,15,-1,6,8,6,2
-13/9,0,0,3,-5,-5,-7,-3,-2,-9,-4,-6,-2,0,-9,6,6,-4,-1,8,9,-2,-14,-12,10,-9
-14/13,1,2,-2,1,-3,-2,6,1,2,3,10,-5,12,-9,0,1,1,13,-14,14,2,-5,-7,-7,-2
-14/15,-1,0,0,1,-1,-6,1,-2,-9,4,-4,-8,10,-2,0,-2,5,-13,10,-3,-10,-8,7,-8,0
89/55,0,-2,0,1,-2,-5,4,-2,-3,0,-5,10,12,7,0,6,6,-11,-10,-12,2,13,-6,-13,-3
30/19,1,0,0,1,-5,-5,5,-2,0,-8,-9,5,12,12,6,-6,-14,13,-8,-12,5,12,16,2,2
31/19,0,2,1,1,0,1,1,-2,-8,2,-10,-7,-3,-2,8,6,-12,1,5,-15,-2,-8,4,10,-3
-10/3,1,0,0,1,-3,2,-3,-2,1,4,2,-7,-3,7,0,-11,-11,-6,11,0,7,-8,12,-3,-19
-59/50,0,-2,0,-5,-2,2,-3,-2,4,4,1,-8,-9,-4,-6,-6,-12,-8,-14,15,-6,-10,-15,12,-14
-59/51,0,0,0,1,-5,6,-2,-2,6,-2,3,-7,-1,-2,0,1,-12,5,12,12,11,9,1,-14,0
-30/23,-1,0,0,1,-2,2,6,1,0,-4,-9,10,-4,1,1,-3,-5,-13,-11,-9,-4,4,-4,-14,-5
-60/47,0,0,0,1,-1,6,5,1,-3,4,-10,-1,-1,7,3,6,4,13,10,9,-7,6,3,1,8
-29/26,0,-2,4,-5,-5,-2,-1,1,-8,-10,3,-1,8,2,-4,-7,-12,-11,14,-3,-6,-14,12,-1,-2
-10/13,-1,-2,0,3,2,-2,5,1,-3,-8,-10,-7,2,1,8,-10,-9,6,8,-9,2,-14,9,12,17
2/31,-1,-2,2,3,6,1,2,1,2,4,2,-8,6,8,0,-10,-2,-13,4,-15,-16,-8,-9,0,2
20/31,0,-2,0,1,-5,-5,3,1,4,10,2,-7,-9,2,1,6,13,6,-14,-15,-8,13,4,8,-12
92/67,0,-2,2,1,-3,6,-1,-2,-7,6,6,-2,0,7,8,0,2,-13,0,-7,7,-4,14,10,-2
47/33,0,0,2,0,-2,1,-3,1,3,3,-1,-5,-4,5,-8,1,4,4,0,9,-13,10,-3,-14,2
29/23,0,2,-3,-5,4,6,-6,1,0,-10,-1,11,4,2,0,-9,-5,-10,-3,4,-11,-16,0,6,6
-5/23,0,-2,0,0,2,-6,-6,-2,0,-2,-1,-2,-9,7,4,10,2,-5,4,2,2,-4,0,-14,-2
-7/13,0,-2,0,1,-1,-2,-5,-2,-8,-3,-5,-2,-1,8,13,6,6,1,5,4,4,8,-4,6,-10
-11/12,0,0,-2,1,0,4,-4,-2,-3,4,3,5,2,-6,-7,-4,6,0,-13,3,-16,-10,4,10,13
-10/11,1,2,0,0,-2,-5,-3,1,-4,6,4,2,-6,10,-3,6,-12,-10,6,10,6,8,-9,1,1
17/26,0,2,2,1,4,-2,-8,1,-8,-2,-5,-7,-6,10,-6,3,6,-5,-10,-1,-2,13,2,-1,-14
13/28,0,2,4,-5,-3,-7,6,1,-8,4,6,-2,12,4,-3,-2,-9,8,-11,4,4,6,4,-13,9
11/16,0,-2,4,1,0,-5,-5,1,-3,-5,-1,-2,-3,-2,-2,-14,6,4,-12,0,7,10,-15,-4,-1
-75/14,0,0,0,-5,0,1,-3,1,-6,-4,10,6,12,-4,0,-10,2,0,2,8,-5,5,6,-6,-12
-73/15,0,0,0,-5,-5,-1,5,1,1,0,-1,-2,-6,-2,8,-12,5,-3,3,-9,-11,-10,10,-3,12
-37/5,0,2,0,0,0,1,-3,1,3,10,-5,-11,8,2,4,-3,2,-6,8,-3,-13,1,0,0,0
-46/77,1,2,0,-5,-2,6,-1,-2,-7,6,1,-10,-6,1,7,6,6,-11,-2,13,-11,-8,-7,9,0
-8/13,0,2,2,0,4,-2,-6,-2,6,6,-4,-7,-6,-4,-7,-11,-4,8,8,5,-9,-16,-4,18,-9
-13/21,0,0,-2,-5,-1,-7,4,-2,6,-1,1,-2,2,-1,-8,0,4,-4,6,6,-2,5,3,0,-2
-5/3,0,0,0,3,-1,6,-3,-2,2,-5,10,5,-6,2,8,6,0,-7,-12,3,-6,-6,3,10,2
29/19,0,-2,0,3,4,6,-5,-2,6,-10,-9,-2,6,4,-1,-3,6,13,8,13,-5,-10,12,-9,8
14/11,1,2,1,1,-2,-6,-4,-2,6,-2,-8,-2,-6,-1,0,-3,6,1,4,15,2,-9,4,-6,2
59/44,0,2,0,-5,-2,-5,5,-2,-3,-7,-9,-5,1,8,-6,6,-12,-11,-8,-9,-8,-8,0,-8,-6
61/45,0,0,0,-5,2,-5,-3,1,6,-7,3,-2,-6,4,10,0,-12,-13,-2,5,-5,1,-3,-6,-18
59/45,0,0,0,0,-3,6,-1,-2,6,7,-6,-8,6,12,0,-2,-12,-5,-12,3,-8,-10,2,1,9
1/12,0,0,-3,3,-5,6,-1,1,6,-5,-9,-10,-3,-6,-1,-2,4,-13,16,0,-10,13,0,-1,-10
-6/47,-1,0,0,3,0,-1,-1,1,-8,3,10,6,12,4,3,-3,-14,-3,2,-3,11,-16,-3,10,-2
-5/31,0,2,0,3,0,6,-3,-2,6,-5,2,10,12,-1,-6,1,-11,8,-12,13,-2,-10,-16,10,2
-19/94,0,-2,1,3,2,4,-3,1,6,-10,3,-8,-5,10,3,-10,0,1,-4,-12,-1,-1,4,-17,7
55/97,0,2,0,0,0,6,-5,1,3,7,6,-8,-1,2,1,1,5,-2,3,5,-2,8,-16,6,4
28/27,0,0,2,1,6,0,-3,-2,3,6,-2,-8,-9,4,-6,1,-11,1,8,-15,-6,8,4,12,10
37/31,0,2,0,3,0,2,3,-2,-9,-2,2,-11,6,-2,-10,2,4,13,-8,-9,-14,-8,4,5,18
10,1,2,0,3,6,2,-1,-2,6,10,1,-5,10,-4,4,6,0,-2,-3,-8,-4,-12,10,-13,-7
95/33,0,0,0,-5,-2,-5,1,1,-8,-7,2,-8,-3,-12,4,-3,4,8,12,-9,-11,-9,2,-4,9
97/34,0,2,-2,0,0,-5,-2,1,-3,-7,-1,-2,-2,4,0,2,-11,-10,6,14,-9,1,0,-6,8
95/34,0,-2,0,3,4,6,-2,1,-8,3,3,-6,-5,10,-6,1,1,10,4,5,4,13,14,10,-12
91/34,0,2,1,1,-2,-7,-2,0,6,-3,-1,-5,4,4,10,-6,0,4,3,-12,2,-5,10,-1,-9
29/11,0,2,2,1,-2,-5,5,-2,3,-10,-4,-1,6,6,-8,1,1,2,-13,3,6,-4,-7,9,-12
-9/7,0,-3,0,-5,4,-5,-5,1,6,6,3,-8,4,7,8,6,-12,8,4,3,7,-12,-3,18,-3
-16/17,0,2,0,-5,-5,-1,-2,1,6,4,1,5,4,4,-6,-10,4,-6,10,-9,14,6,-3,6,2
-10/7,1,-2,0,-5,0,-6,4,1,-3,4,3,-7,-7,-6,-8,-2,0,10,4,6,7,10,14,-10,0
-7/8,0,2,4,1,2,-5,2,-2,6,10,3,10,0,-1,12,3,-11,-8,-12,-12,-5,4,2,6,-8
58/77,1,-2,1,-5,-2,6,2,0,-3,-10,-1,10,0,2,-6,-6,-11,-8,-2,-4,-13,8,-4,-13,1
61/82,0,2,-3,0,6,6,-3,-2,6,4,8,-2,6,-6,-6,-3,-11,-13,3,10,12,6,4,6,-4
65/79,0,-2,0,0,4,-7,-4,1,6,10,-6,10,-2,10,-6,6,0,8,12,-4,12,-8,14,-12,13
31/4,0,2,2,1,4,4,6,-2,6,6,-10,-2,-6,4,-6,4,0,-5,-8,-12,10,9,-5,-6,-2
-41/26,0,-2,2,3,0,-2,2,1,-8,-2,-6,-10,-4,-4,10,6,-3,1,12,16,-5,5,-3,-6,-2
-77/52,0,2,1,1,0,-2,-3,1,4,-5,8,-7,-3,-6,0,-10,-9,-13,5,3,0,-16,6,12,2
-20/11,0,-2,0,1,-2,2,-4,1,-8,3,2,-2,4,-4,7,1,-7,1,14,-12,-10,-8,2,-14,-6
-23/11,0,-2,3,3,-2,-5,4,-2,-7,3,3,-2,-3,4,-6,-9,-14,-1,11,8,-13,-4,5,6,11
-47/24,0,0,-2,3,-3,-5,2,1,-4,0,-1,-2,10,8,-8,-10,-14,4,-8,2,10,-8,-3,-10,14
-44/19,0,2,1,0,0,2,6,-2,3,4,-1,5,-7,4,-6,2,0,-2,0,11,-5,5,-15,-15,-2
-25/11,0,2,0,1,-2,-6,1,1,0,5,-5,-6,0,1,4,6,-10,4,5,14,0,-16,-3,-2,14
16,0,2,0,1,4,1,3,1,-6,4,4,-5,6,8,-11,6,6,10,5,13,-5,8,-3,-1,-6
76/7,0,2,3,-5,-2,-1,-5,1,-3,6,-6,-3,-6,-6,-11,-4,0,1,-12,-3,-5,-15,12,-14,9
-11/35,0,-2,0,-5,0,-6,-5,-2,-3,5,-5,-11,-5,-3,0,-11,6,-7,8,3,14,-11,-16,10,8
-13/37,0,-2,2,-5,4,-7,1,-2,0,-7,3,-8,-3,4,12,-10,-14,5,8,-2,-6,10,6,12,11
-7/33,0,0,4,1,-2,6,1,1,-4,7,3,10,1,2,-8,1,6,-1,-7,-4,-13,-1,-1,9,-18
-7/32,0,2,1,1,4,2,6,-2,1,-5,-2,-1,-3,7,1,6,11,-11,-13,-1,14,-7,1,-12,12
-46/51,-1,0,1,-5,2,6,-2,-2,-7,3,2,10,6,2,-8,-4,-5,1,16,0,2,4,-12,12,8
20/37,0,-2,0,3,4,1,4,1,6,-5,-2,-8,-5,7,0,0,-12,-4,2,-3,5,6,-3,0,-2
21/38,0,0,2,1,-1,-5,4,-2,2,-5,3,-2,-3,-1,-3,1,4,-2,-13,-15,11,-6,-16,18,-14
23/37,0,-2,1,0,-2,-5,-6,1,-7,0,-5,-8,6,-9,10,-3,0,-1,-11,-15,2,-8,4,1,-14
-17/5,0,-2,0,-5,-5,6,-8,1,-3,3,-5,-8,0,12,12,-2,-4,-5,-3,6,-2,5,-7,5,-6
-17/4,0,2,0,0,-3,6,-8,-2,-3,5,10,-2,1,7,-11,10,7,-4,-2,-12,11,10,-3,6,8
-67/17,0,2,1,0,0,-6,-2,1,-3,-5,2,-7,6,5,13,4,5,10,-5,12,-10,-12,-16,-8,17
-67/20,0,2,0,-5,2,-1,-5,1,3,4,1,-2,-1,8,-8,7,10,6,-5,-4,-16,-16,12,-13,2
-29/43,0,2,-2,1,4,-1,-1,-2,6,-10,-9,2,1,-12,11,-10,10,-1,11,-12,-4,-16,4,-14,8
-16,0,-2,2,-5,2,2,4,-2,3,9,0,-2,6,2,-11,-4,-4,-7,5,5,2,-16,-9,-4,-2
13/10,0,2,0,1,0,-7,2,-2,-4,10,1,-2,-4,4,12,-6,0,-3,10,-15,-10,8,-4,10,10
25/21,0,0,0,-5,0,-5,-6,-2,-4,6,-9,-5,8,-10,6,-12,6,8,8,-15,-1,-11,-12,-14,1
32/21,0,0,2,-5,-5,-5,-3,1,3,-2,3,6,2,-2,12,0,-12,-3,-12,14,-9,6,4,-13,8
-26/67,1,2,-2,-5,4,-7,-4,1,-3,10,2,-7,12,0,0,3,2,10,0,12,-14,5,9,-6,-7
-35/43,0,2,0,1,-1,2,5,1,0,-5,1,-7,3,-12,0,-4,2,-1,4,3,11,-15,1,3,-5
-31/18,0,0,-2,0,4,6,2,1,-4,4,-10,-7,0,9,-6,5,-1,-8,-12,-3,-13,-15,6,-14,17
-30/17,1,0,0,-5,2,6,-2,1,-3,-5,3,-7,8,8,2,-2,-13,-1,-7,15,4,-8,-3,-15,12
-62/37,1,2,1,-5,-5,-5,-6,1,1,3,-10,-8,-5,-3,0,-4,10,6,12,0,2,4,2,-14,-18
-13/7,0,-2,0,-5,2,-7,2,1,6,2,2,2,-5,6,0,3,-11,-2,-2,14,6,-10,10,-14,0
-64/39,0,0,1,-5,-3,-2,5,1,-9,4,1,-2,8,8,-6,11,-11,10,5,-1,11,-8,15,6,-3
-8/7,0,2,4,-5,-1,2,5,-2,1,5,-8,-7,-3,2,11,-2,2,2,0,13,-13,5,-5,-12,-12
-14/5,1,-2,0,1,2,-5,-3,0,3,5,-1,-8,-4,1,-11,6,11,-1,1,5,-6,6,8,8,17
-24/11,0,0,0,0,-2,6,-3,-2,6,4,-9,10,8,4,13,1,-14,-11,-3,2,-2,-5,-4,-17,14
-47/21,0,0,3,-5,-2,6,4,1,1,-3,-1,5,-4,12,-8,-4,11,-5,8,0,-7,6,0,0,-6
3/13,0,0,4,-5,4,-2,6,1,6,-1,-5,5,6,6,10,1,-4,-10,4,-9,11,-10,5,12,18
13/48,0,0,4,0,2,-7,1,-2,6,3,10,10,0,4,1,6,-9,0,1,5,-2,-16,12,1,7
11/28,0,-2,-3,-5,0,6,4,1,-6,-10,8,10,0,2,8,-2,-4,-11,8,-12,-8,-8,-10,1,-9
-19/21,0,0,0,-5,0,-1,-3,1,-8,-4,-5,-7,3,4,0,6,-14,2,5,13,-1,-16,0,-6,8
-22/23,-1,2,0,3,0,1,-6,1,0,2,-9,-6,-3,-7,0,6,-7,8,-10,-9,-14,-8,-4,-6,10
-9/10,0,-3,0,-5,0,1,5,0,2,-7,-9,-7,-5,-12,13,-3,4,-12,-2,4,7,11,-4,-17,8
-11/14,0,-2,2,-5,0,0,5,1,4,6,-4,5,6,4,-11,1,-1,-5,11,5,-10,8,-12,18,8
12/53,0,0,1,3,4,6,-5,1,-3,6,-5,-5,-6,2,4,5,6,1,-3,16,11,15,3,1,6
-5/24,0,0,0,3,-2,-1,-4,1,6,4,-1,2,-7,-2,6,-6,-7,1,-11,8,2,15,-4,10,8
-15/94,0,0,0,1,-2,-5,-3,1,0,-7,4,11,8,-4,3,1,1,0,-14,-1,-6,8,0,-12,-12
-27/28,0,0,0,-5,-5,-6,-3,1,-3,-1,-5,-2,12,-10,0,-3,0,-5,12,-9,-4,1,12,12,-3
-25/28,0,-2,0,-5,4,6,1,1,6,-2,-4,10,-3,8,-11,-3,6,-2,-14,-4,-11,-8,-3,8,-6
-59/57,0,0,0,-5,0,-1,-1,-2,-8,4,10,-5,-5,2,-6,-2,-12,8,4,-5,-5,8,3,-12,14
-61/58,0,-2,-2,0,0,-5,4,1,-6,-6,1,-7,0,8,-7,10,-2,-13,2,-9,-2,13,8,12,-18
-64/57,0,0,-3,1,-5,-5,6,-2,-3,-4,10,-5,0,4,-7,-4,-4,10,6,-15,-6,10,-4,0,12
-61/56,0,2,1,-5,4,2,5,1,6,4,-5,2,7,6,-6,-3,7,-13,-5,16,10,5,-10,6,2
-63/55,0,-3,0,1,-2,-5,2,-2,-6,0,-5,-2,6,2,0,1,0,2,-11,-15,5,0,2,-7,2
-33/28,0,0,2,-5,0,1,2,1,-8,-2,3,-5,-6,7,-8,-2,6,10,8,-9,2,4,-9,0,-6
-65/57,0,0,0,-5,2,-7,-4,-2,-3,6,-9,-1,-3,1,0,11,5,10,0,14,-7,-8,-13,-6,-18
-29/15,0,0,0,1,-5,-5,-5,1,6,-10,-9,-2,8,8,4,-2,-2,0,2,-4,-8,-15,-5,6,10
-55/37,0,-2,0,-5,0,-5,-1,-2,-3,-2,-9,-8,-3,4,-3,2,-4,-2,3,-1,-7,-7,0,-12,-5
-8/5,0,-2,0,-5,4,2,6,1,-8,10,8,-6,2,8,0,10,6,4,8,-15,-1,-9,14,12,3
-10/69,-1,0,0,3,-3,-5,1,1,0,6,3,10,7,-10,-6,-10,4,10,-6,3,-10,0,12,6,6
-22/35,-1,2,0,-5,0,6,6,0,6,-4,1,10,-1,6,0,5,-2,1,-12,0,-10,1,16,-3,-6
-3/5,0,0,0,-5,2,0,-3,-2,0,4,10,6,-3,12,6,6,8,-11,14,12,11,6,-3,9,-14
-32/49,0,2,3,-5,0,0,3,1,-4,10,3,-7,0,4,-11,6,-11,-5,-4,3,4,15,-16,18,14
-11/15,0,0,0,3,0,2,2,-2,6,6,-1,-5,-7,2,10,-10,-11,-3,-14,12,7,6,6,-14,-3
69/98,0,0,2,-5,0,-5,-3,1,-7,4,-1,2,-6,4,-3,-6,-4,-11,4,12,-10,11,7,12,-10
23/33,0,0,4,1,-2,6,5,-2,-7,9,-9,-7,-2,4,-8,6,-11,-6,4,3,14,12,2,-6,18
-80/93,0,0,0,1,2,6,1,1,1,-4,2,-7,-4,8,-2,-6,-11,6,12,-7,6,-1,1,-14,8
33/40,0,0,0,0,0,6,2,-2,2,5,-1,10,6,-9,4,-4,-1,-10,-5,-15,1,11,0,-1,3
-52/11,0,2,3,0,-2,-7,2,1,1,3,0,10,12,8,-6,6,4,-5,2,-12,-2,2,-10,-8,-12
-24/5,0,0,0,-5,-3,1,-6,1,-3,4,-1,-5,4,8,8,-2,0,-3,-11,0,-10,10,4,-10,-14
-49/5,0,2,0,1,6,4,2,-2,0,-2,0,-2,2,8,6,-9,-2,-7,-14,-9,14,5,-16,-17,-19
86/91,1,-2,4,-5,-2,-2,2,-2,2,6,10,6,-6,-1,1,3,4,-4,8,5,7,6,-16,4,11
91/93,0,0,-3,1,4,-7,2,1,-4,7,2,-10,-6,-1,-7,1,0,-11,4,14,-5,10,12,6,2
24/17,0,0,-2,0,-3,-6,-2,-2,-9,-1,4,-2,12,4,-6,6,-5,-1,-10,-15,-4,-11,12,1,-9
92/63,0,0,2,-5,2,-6,-6,1,-7,4,1,-3,-3,-3,0,1,8,-1,2,-12,-14,-10,9,-8,12
19/13,0,2,0,1,-3,-2,-3,1,-3,-8,3,-5,-2,-6,1,-4,4,-7,14,6,-5,5,2,-2,14
47/32,0,2,4,3,0,2,-6,1,6,-4,4,6,0,2,-8,-4,0,-4,-8,-4,2,8,12,-14,1
92/65,0,2,0,-5,4,-2,-4,1,-7,0,1,6,-6,-12,-4,6,10,-5,4,-9,-11,8,4,10,-12
-4/79,0,-2,1,-5,0,-1,6,1,6,6,10,2,2,-10,0,6,-4,-12,-11,-15,4,-8,11,-6,10
-15/31,0,0,0,1,-1,2,2,-2,-3,6,2,-2,-7,-12,0,-11,9,4,8,-4,-5,8,-15,10,-8
-24,0,0,2,-5,0,0,-1,-2,-4,-4,2,10,-6,-10,0,6,10,1,-12,-9,0,10,0,1,8
23/79,0,-2,-3,0,2,2,3,-2,-7,-5,-5,-8,1,4,7,9,0,2,-12,4,-5,-8,14,-8,-6
10/41,1,-2,0,-5,-3,-5,3,1,-8,-2,2,-2,6,4,8,6,4,8,-2,-9,-4,13,-7,10,-1
8/39,0,0,-2,1,4,-2,2,1,1,-3,2,-8,0,-2,-8,9,10,-3,4,8,-6,-16,12,-9,8
-5/44,0,-2,0,0,-2,6,-3,1,4,3,-6,-1,-6,4,-2,-4,-1,1,-12,-3,4,-9,-16,-13,3
-1/40,0,-2,0,-5,-2,6,2,1,0,0,-2,-8,-6,1,-6,-6,2,10,-4,5,-2,-7,10,6,-4
-1/84,0,0,0,-5,-2,0,4,-2,-8,10,2,10,6,-2,-2,1,13,1,4,-5,-14,-16,12,6,-6
-1/21,0,0,1,-5,-5,-5,-3,1,1,4,-4,10,-9,4,-6,-7,-14,1,5,-4,-16,-16,-11,18,-2
-1/43,0,-2,3,1,-5,1,5,1,6,-7,10,-1,6,-12,-8,6,0,-6,-7,-9,14,10,2,-8,-5
-4/43,0,-2,-2,3,-3,6,-4,-2,-3,-5,1,-11,-9,-12,2,-9,-11,8,4,-12,-9,5,-4,-15,17
-44/23,0,-2,-2,1,0,-6,-3,1,0,-5,-8,-5,-9,7,0,-7,0,10,12,3,-11,-15,4,-8,-9
23/10,0,-2,0,3,6,2,-3,1,-7,4,-2,-1,-1,-2,0,11,-1,-7,2,0,10,4,-16,1,0
-28/25,0,-2,0,1,0,0,2,1,-3,6,0,11,-6,6,0,-3,0,0,5,11,-2,10,12,6,8
27/4,0,0,0,-5,-3,2,5,1,-3,3,1,-5,-6,-3,-8,2,-4,-8,9,-5,-11,11,6,1,-1
29/4,0,-2,2,1,6,-5,2,1,-3,-10,0,6,-6,-6,11,7,6,1,1,6,11,12,-4,-6,-4
18,1,-3,3,-5,4,-5,4,1,6,-10,10,10,-6,-6,-6,6,0,6,0,-3,-4,0,-4,6,11
17/2,0,2,4,-5,-2,0,-8,1,-4,2,-2,11,-4,6,13,-3,-4,-7,2,0,-1,-16,-7,3,-12
22/23,1,-2,2,-5,0,2,5,1,0,-4,-5,-7,-6,1,-7,-10,-12,-12,12,9,-14,8,12,1,-2
13/11,0,-2,-2,-5,-2,-7,6,1,-4,-5,-10,10,-1,4,8,-10,2,6,4,-4,-6,6,16,-6,-7
29/49,0,-2,4,-5,0,6,5,-2,6,-10,-2,-11,-3,-12,-6,-10,5,-5,-14,-5,11,13,3,0,-6
1/70,0,2,0,-5,-2,-5,-4,-2,-3,-5,-10,-7,-6,12,0,-2,-4,8,12,-8,4,8,2,-17,-14
70/81,-1,0,0,1,-5,-6,-3,-2,6,-1,-1,-5,-6,1,-6,6,-14,8,-4,6,2,8,6,-16,-2
22/25,-1,2,0,1,0,-5,1,-2,3,0,8,6,-6,4,-8,1,2,-8,8,0,-11,-8,16,-17,9
71/78,0,0,3,0,4,-2,-6,-2,-3,-4,10,11,0,-6,3,1,2,-6,-12,-12,-13,-14,12,12,-2
-35/17,0,-2,0,1,4,2,-2,1,6,6,10,10,10,10,6,-4,-5,2,-14,16,0,-16,-15,-6,3
-37/95,0,2,0,3,-5,6,5,-2,-8,0,-4,-11,0,9,4,5,-7,-2,8,-15,10,0,-16,12,8
-5/12,0,0,0,1,2,-5,4,-2,-3,-7,-4,-2,3,-3,-6,-14,0,2,-14,-15,7,13,6,-3,8
-17/47,0,-2,2,-5,0,-6,-8,1,2,7,-4,10,-5,7,3,7,-13,-5,5,-15,-2,-16,9,10,3
59/75,0,0,0,1,0,0,-5,-2,2,-5,-9,-7,2,-2,1,-12,-12,4,4,-12,-16,-5,0,3,10
17/69,0,0,3,-5,-1,2,-8,-2,0,7,-4,-8,-6,10,4,-9,-4,2,2,-4,11,-7,-4,2,14
9/34,0,0,2,-5,0,-6,-2,1,-3,-2,3,-10,4,10,0,-11,-2,-11,0,4,0,-16,1,5,18
21/71,0,0,2,1,-1,2,1,-2,-4,6,1,-6,0,4,-8,6,-10,-8,-11,4,10,12,12,-4,-12
35/27,0,0,0,1,4,-1,6,1,-8,-8,1,-2,-6,-2,4,6,6,8,-12,-6,-6,6,6,-6,-13
34/13,1,2,3,0,2,-2,-8,-2,-3,4,-5,2,-1,-3,-8,-4,0,5,-2,3,-13,13,15,-6,-2
53/20,0,2,0,3,-5,0,6,1,-3,6,-4,5,-6,-2,12,-10,2,13,8,4,1,-8,-16,-1,-18
-83/79,0,2,-3,-5,0,-5,5,1,-8,3,8,10,-6,-6,10,9,-10,1,4,-12,-6,-8,0,9,-7
-82/79,1,-2,2,0,-2,-1,-3,-2,-3,5,-4,-6,-4,0,-6,-7,9,-1,-2,2,4,-8,3,-15,-4
-39/40,0,0,0,1,4,-7,-6,1,6,6,6,-11,-9,-1,11,1,-14,6,-14,-2,-6,0,3,12,-6
-73/80,0,2,0,1,4,-1,4,1,6,-1,-1,-1,6,2,3,5,0,-1,8,5,-11,5,12,6,-7
-13/5,0,2,0,3,-3,-7,5,1,6,0,4,11,-7,-4,-6,6,-2,8,5,15,12,-15,-3,-6,2
19/35,0,-2,0,-5,-3,-5,-6,1,-3,-5,-4,-7,-1,10,-6,-6,2,-4,-14,-9,-7,11,8,-6,8
15/31,0,0,0,-5,0,1,6,1,-4,6,2,-5,-3,12,4,4,0,8,-14,0,2,-8,14,9,-2
-11/5,0,-2,0,1,0,1,-3,-2,3,0,-10,-7,1,9,-4,3,6,-2,4,10,2,-10,3,-14,-18
-23/16,0,2,-2,1,-1,2,-5,-2,-7,-2,4,-11,0,-12,0,-3,-7,-2,14,4,-10,4,3,-15,-3
-21/16,0,0,1,1,0,-6,-3,-2,-8,6,-1,8,8,-3,-11,-6,-1,-2,16,10,-13,-14,-1,-14,-19
-25/13,0,-2,0,-5,-3,-2,-6,0,4,6,1,10,-6,12,-6,7,0,-7,-10,13,-2,6,12,0,-2
-34/9,-1,0,1,-5,2,0,-8,-2,-3,6,1,-7,-3,-6,-6,6,-4,-5,4,10,-14,-5,-5,-1,-6
-32/13,0,2,0,-5,2,-2,-3,1,-8,-7,10,2,-9,0,-8,-9,0,-5,3,4,-14,-9,-8,-6,-12
-8/3,0,0,2,1,-5,-6,2,-2,-3,6,10,-7,-1,-1,1,-3,-7,8,2,-3,2,8,-4,0,13
21/20,0,0,0,1,2,1,1,1,-6,-5,0,2,12,1,0,10,6,5,-8,-9,12,-5,-8,5,6
20/21,0,0,0,-5,-1,-1,2,-2,-3,-5,-4,-2,12,10,8,-10,-11,8,8,8,-10,8,16,-4,12
17/23,0,2,1,-5,2,1,-8,1,0,-7,-7,-8,2,4,1,-11,-9,10,-14,-8,14,11,3,-15,-1
33/46,0,0,-3,3,0,2,1,1,0,3,-9,-5,2,7,8,6,-2,-2,10,-12,2,8,-1,-2,18
17/24,0,0,-2,0,-2,4,-8,-2,-8,3,-6,-6,12,0,1,-2,-4,-10,4,-15,2,-1,-4,-12,-19
-3/11,0,0,0,0,-2,-5,-4,-2,2,-4,3,-6,0,12,-1,3,0,-2,0,-9,-1,8,4,-10,6
-17/69,0,0,3,3,0,6,-8,1,0,0,-6,5,-5,-6,-6,6,6,-11,8,0,-4,-8,12,-14,10
-41/45,0,0,0,-5,-2,-5,-3,1,6,0,8,10,-4,-6,0,-2,-12,10,12,-7,-13,8,9,-3,-2
-44/45,0,0,0,-5,0,2,-3,-2,-8,3,10,10,-4,8,3,-11,-1,6,-12,6,12,6,2,-6,-3
-3/13,0,0,1,3,-3,-2,2,-2,-8,-7,-9,2,6,-1,0,0,10,-10,-12,9,0,0,-5,12,1
10/37,1,2,0,-5,0,-5,-4,1,0,2,3,-8,-6,2,-8,-10,-2,2,-11,5,-14,4,0,-16,-6
27/10,0,0,0,1,2,-5,4,1,-3,2,3,7,2,8,0,6,4,-5,4,-12,-4,-14,17,1,-14
25/4,0,2,0,0,0,1,-6,-2,1,0,-1,-10,0,-6,-6,1,-2,-7,5,-12,2,4,2,-4,-14
-27/46,0,0,0,1,-2,4,-6,1,0,-3,1,-10,-1,5,-6,3,0,10,-12,9,-16,-14,-16,-14,-10
-41/27,0,0,2,1,4,4,4,1,3,-4,10,-6,-4,8,-8,-10,7,-5,4,13,12,-8,1,-14,-18
-79/52,0,-2,-3,-5,0,-2,-5,1,2,-10,3,-8,-5,-3,-7,-4,6,2,-12,-12,14,4,1,18,10
-85/48,0,0,0,0,0,-5,-8,0,-3,2,-9,7,2,-1,6,6,6,8,10,11,-4,-15,6,-1,8
-83/49,0,2,-2,-5,-5,-6,3,1,-8,-4,-10,11,-6,-2,-3,-12,-13,5,14,6,-2,5,0,18,2
-80/49,0,2,0,-5,2,-5,-5,-2,0,-2,1,10,-1,-6,0,2,1,-1,-11,16,-5,-15,-12,0,-14
-42/29,-1,0,0,1,4,6,2,-2,-6,-6,-8,5,-3,10,-6,-3,-7,6,-10,2,2,-1,10,10,-2
-83/56,0,-2,3,-5,4,0,2,-2,-8,-1,10,-5,-4,6,-6,6,1,2,4,-2,-13,-1,0,-1,8
-27/19,0,0,2,3,0,0,6,-2,-3,2,1,-7,-6,7,12,1,-9,-1,2,-3,-8,15,2,-2,10
-84/53,0,0,-2,1,0,6,-4,1,3,4,1,-8,-3,-1,-2,5,-14,2,8,0,4,-8,4,-14,12
-86/51,-1,0,2,1,4,-5,-2,1,-3,-2,-5,-2,6,-1,4,6,-2,-2,-11,5,2,-11,4,-1,-12
-37/7,0,-2,2,-5,-5,-5,-6,-2,-8,5,-1,-11,-3,8,-6,-2,-1,2,12,-2,10,5,16,-14,-1
-19/2,0,2,2,0,4,2,3,1,6,-4,6,-7,-1,-12,8,6,-1,-5,1,15,2,-9,1,9,2
-9/5,0,0,0,0,4,-6,2,1,1,-2,1,10,-1,0,0,-4,0,2,8,5,14,-10,6,-1,10
-23/18,0,0,2,3,-2,4,5,1,-7,10,-4,-7,-6,-4,0,-4,-2,-11,-6,11,6,1,3,10,-6
-25/17,0,2,0,0,4,2,-2,-2,6,3,-10,6,0,-3,10,-9,-2,8,-10,-4,-14,-4,3,6,8
23/38,0,2,4,3,0,1,-1,-2,-7,0,-8,5,1,-1,1,-6,10,0,8,3,2,10,8,-8,17
10/19,-1,2,0,1,-3,-6,2,-2,-3,0,-7,-7,-9,-3,-7,-12,4,-5,-11,-12,11,6,-4,-12,-7
13/20,0,-2,0,0,6,-7,-1,-2,3,-4,-9,-2,2,4,-7,-6,0,-8,11,-12,-13,0,6,-17,0
51/77,0,0,0,-5,-2,2,-8,-2,-3,0,-1,-2,-9,1,0,-9,0,8,8,0,-2,-10,-10,6,0
20/41,0,2,0,0,0,2,5,-2,-9,0,-6,-2,6,4,0,6,6,0,8,16,-1,11,-3,-3,13
9/20,0,-3,0,-5,-5,-5,2,1,-4,0,-6,-1,2,4,-11,3,10,8,2,12,10,15,7,0,-6
-15/16,0,0,0,3,0,-5,5,1,1,3,2,-1,-6,5,4,10,-4,2,8,-15,-2,-1,-4,-12,-14
16/47,0,-2,2,1,0,0,-3,1,-6,-5,2,-7,-4,-1,3,-3,-4,2,4,16,-9,12,-4,3,0
-8/11,0,-2,-2,-5,-2,-5,1,0,-6,2,10,-1,3,7,-8,-11,0,-1,3,9,-4,13,-15,0,12
-67/90,0,0,0,-5,4,0,1,1,-4,-8,3,-8,-9,4,12,-12,0,-13,-5,-5,-10,5,3,-2,1
-13/18,0,0,2,1,2,-7,-3,-2,-8,-5,2,2,-6,8,0,-2,-2,-5,10,3,-5,-9,-7,-10,10
73/57,0,0,2,3,0,6,5,-2,-3,3,-10,-11,-7,-3,-8,-7,0,-6,14,-8,-11,-15,-16,6,8
-52/97,0,-2,2,3,-3,-7,1,1,6,-10,10,-7,-7,8,8,7,0,-1,-10,-13,-4,-4,1,-12,4
-9/97,0,-3,2,1,6,-5,6,1,1,-7,-8,6,-3,8,0,-3,-4,-2,6,-4,2,12,8,-13,4
-7/94,0,-2,-2,1,0,0,2,-2,6,0,-2,-7,0,-1,3,-7,-4,-1,-12,-6,4,5,4,-1,8
-11/92,0,-2,2,3,0,0,-3,-2,0,0,3,-7,3,5,-3,11,0,-7,4,4,14,11,-3,-15,-3
77/68,0,2,2,1,0,-5,-2,-2,-3,0,10,10,2,-2,-6,-2,-2,-4,-3,-13,-2,13,-12,-15,14
77/65,0,2,0,1,0,-2,2,1,-8,4,-5,-8,-7,-4,-2,-6,5,-13,-6,-8,-7,-9,-4,6,10
44/37,0,-2,-3,0,0,-5,-4,-2,-3,7,-4,-8,-4,8,12,-4,6,-10,10,8,2,-10,-4,6,-3
41/34,0,-2,1,0,0,2,-2,1,6,3,-2,10,-4,2,-2,10,-2,-5,8,8,14,8,6,-6,17
21/16,0,0,4,1,-1,6,-3,1,-4,3,3,7,8,-1,-11,-6,4,6,-4,14,2,4,6,6,-3
97/11,0,-2,0,-5,-2,2,5,-2,-3,6,6,6,6,-6,-6,-14,2,4,4,5,14,8,4,2,8
51/4,0,0,1,-5,6,1,-8,1,3,7,-5,-7,2,4,2,-4,6,6,4,3,-2,13,1,9,10
11/2,0,2,3,1,0,6,2,1,-8,7,-8,-11,7,2,-3,-11,10,-11,-4,-15,14,-4,8,5,0
35/6,0,0,0,1,-3,-5,2,1,6,4,3,-8,12,-1,0,11,-2,10,-14,4,-4,-4,1,1,2
-3/59,0,0,-2,1,-1,6,-5,1,-8,-8,2,-2,-3,0,-6,-4,10,10,-14,-3,10,-6,12,6,-10
-1/15,0,0,0,1,0,-6,-4,1,-8,-1,-6,-3,-4,4,0,9,-2,-13,-8,0,14,10,17,-7,-8
-83/53,0,-2,2,1,-2,-5,4,1,-8,-4,1,10,-6,-3,0,5,6,6,-2,-7,-8,9,0,-6,-12
-44/27,0,0,2,1,0,-5,3,1,1,6,3,-10,8,6,0,6,0,8,3,2,-14,6,3,18,-2
-44/15,0,0,0,-5,0,-5,2,-2,-8,0,-9,10,6,4,11,6,0,-12,8,13,-7,10,6,3,-7
19/3,0,0,-3,-5,6,0,6,1,4,4,-9,-1,6,6,3,-10,-13,2,5,14,-2,15,12,-6,7
17/15,0,0,0,3,4,0,-8,-2,6,-4,-4,10,2,-1,0,-10,11,-12,11,-15,11,11,3,-10,-18
39/10,0,0,0,1,4,-7,-4,1,-4,4,2,-2,6,5,-6,1,6,-2,1,-5,-2,4,3,-6,14
41/8,0,2,0,1,-5,2,2,-2,6,4,-5,-5,-4,-9,7,-2,-12,6,-3,0,6,-16,3,-7,-14
19/5,0,-2,0,0,2,-1,2,1,-3,-1,1,2,-6,8,13,-2,-4,10,2,-3,-11,9,-15,18,13
-28/15,0,0,0,1,-3,6,2,-2,-3,-7,-7,-2,6,-6,-8,-4,4,8,5,7,-8,8,0,-13,-5
-92/53,0,-2,0,-5,-1,6,2,1,-7,4,-2,-7,1,12,-11,5,10,-10,-11,4,-5,1,1,-1,3
-92/55,0,2,0,0,-2,-5,5,1,-7,0,-1,7,-1,8,-8,9,8,-13,-12,14,-13,-4,2,-1,1
-89/53,0,-2,-3,-5,2,0,5,1,3,-5,3,-1,0,-1,10,5,4,8,-14,2,7,-8,-7,-13,13
91/22,0,2,2,1,-2,-7,-3,1,-3,4,-1,2,1,-4,4,4,0,6,-6,14,14,-14,2,-10,6
-3/43,0,0,1,-5,-2,-1,5,-2,-3,-4,1,10,-3,-12,0,1,-13,8,2,8,2,13,-16,0,-18
49/3,0,0,-2,1,0,6,2,-2,-3,-8,6,-8,-4,4,13,-12,-11,-8,-14,15,-13,-15,-13,0,-2
-5/17,0,-2,0,3,-5,0,-2,1,-4,-1,2,-6,-3,-4,-6,-12,-12,10,-3,5,-6,4,8,-4,14
-31/100,0,-2,0,1,-1,4,1,1,-4,4,-10,5,0,8,1,-2,4,1,-6,2,14,-8,8,-12,2
-13/45,0,0,0,-5,0,-7,2,1,-3,4,10,-2,-9,9,-10,1,6,-6,16,7,4,-6,1,10,8
-11/48,0,0,3,-5,0,-6,5,1,2,-2,3,7,6,9,0,-12,0,1,9,3,-14,-14,-3,9,2
1/15,0,0,0,0,-2,6,-3,-2,-4,-7,-4,-2,-1,1,3,1,6,-8,2,3,-10,-14,6,6,-2
4/15,0,0,0,-5,-5,0,5,1,3,-5,1,-7,3,-4,0,-2,6,-7,-5,3,-4,-1,4,-10,1
7/19,0,2,2,1,4,6,6,-2,0,-5,-6,2,8,1,-6,-2,0,-2,0,-12,-13,-4,-11,1,-1
4/13,0,2,-2,3,-1,-2,3,1,6,6,8,-1,0,4,3,-4,8,-1,9,0,14,10,4,-17,-2
3/10,0,0,0,0,0,6,-6,1,-8,0,-1,-8,-4,-3,12,1,0,1,2,11,-16,2,1,0,-7
12/41,0,0,3,1,4,-6,-4,1,-6,4,-9,-2,6,4,0,0,0,-11,8,8,2,-14,0,-2,3
74/65,1,2,0,1,-2,-2,5,-2,-6,2,-10,-11,0,-10,0,-3,-4,-10,-12,-15,7,5,-4,12,2
73/65,0,-2,0,-5,-3,-2,-3,1,-4,-1,-1,5,2,-6,-6,-4,6,-5,-11,-9,-11,-8,12,-8,-2
37/34,0,2,3,-5,-3,1,-2,1,6,3,-6,-11,-3,9,-6,0,2,6,2,-8,-1,-7,-9,6,12
35/33,0,0,0,1,-2,-5,3,1,-3,4,-6,-5,-1,-6,0,-6,0,10,-11,-4,-5,8,0,12,-2
44/21,0,0,2,-5,0,6,5,-2,-3,0,-1,-7,1,-2,4,-2,13,-1,-10,3,-5,-6,10,-6,3
-17/3,0,0,0,1,0,1,-8,-2,6,-2,0,-5,6,1,4,0,-14,4,-4,-3,-2,1,4,-10,9
-13/2,0,2,4,-5,6,-7,-6,-2,-3,-5,-5,-8,-6,9,0,2,8,13,-13,6,7,13,-1,-12,11
-38/17,1,-2,0,1,-5,2,-2,1,4,-5,4,10,-6,-6,-8,-14,-4,-3,-2,-4,-1,10,7,3,-2
-22/9,1,0,2,3,0,6,1,1,6,-2,2,2,-3,12,-6,-2,-5,-7,-4,-3,7,15,-3,0,8
11/15,0,0,0,-5,0,6,2,1,-3,6,-5,10,-9,4,0,6,4,-6,-12,6,2,5,4,-6,12
20/29,0,2,0,1,2,4,-3,1,3,-6,-8,-5,-6,-6,0,6,0,8,10,-4,2,1,14,1,14
-43/4,0,-2,-2,-5,-2,6,-6,-2,6,4,-4,-2,6,-1,2,6,6,4,8,6,8,4,10,-3,13
-21,0,0,1,1,-5,-5,-3,-2,6,-5,1,-5,6,-2,-4,-11,-4,6,-2,11,-5,-14,3,12,3
41/33,0,0,0,-5,-2,-5,-1,-2,3,5,-5,7,-4,-1,1,6,-3,1,8,10,7,0,-13,-9,-2
43/30,0,0,0,-5,-3,2,-6,1,-6,3,10,-2,-1,-1,-7,-3,10,-11,4,-3,1,-1,16,-7,10
46/35,1,-2,0,-5,-5,-5,6,-2,-7,-1,-9,2,1,2,-1,4,5,-6,14,11,-4,-14,-13,3,-14
19/75,0,0,0,0,4,4,-1,1,3,-2,3,-5,8,-4,-8,-4,10,-6,-14,-1,2,-16,-3,-8,-6
22/83,1,-2,2,1,0,6,-5,-2,6,0,-10,5,-7,8,0,6,-2,10,6,-12,2,-4,-16,-15,8
18/79,-1,-3,2,1,0,-5,2,1,3,-4,3,10,0,-2,-6,6,-1,10,-14,8,-8,-8,-15,-1,8
4/23,0,-2,-3,1,-3,1,6,0,0,0,0,-2,-6,-6,8,-2,-4,10,8,4,-13,-1,17,9,3
-11/43,0,2,-3,3,0,6,6,-2,-9,6,3,6,2,-12,-6,6,6,-13,8,-12,-7,8,6,-12,10
11/39,0,0,1,0,0,-2,-4,-2,-3,-2,-9,-11,2,12,0,1,-13,8,-12,-12,6,-8,3,-6,3
9/14,0,-3,4,-5,-2,-1,2,1,-4,4,-7,6,0,8,-1,0,-4,-1,8,15,-13,-1,16,-3,2
-45/44,0,-3,0,1,-2,-5,-3,1,3,-8,10,-7,7,-2,-6,-7,5,-6,-10,-12,-10,-15,-6,-6,-7
-44/43,0,2,2,-5,0,0,2,-2,3,4,8,-2,-3,-12,7,-3,-4,10,3,-9,-2,-12,3,1,8
-87/86,0,0,-2,1,4,6,5,1,-8,-10,-1,10,8,-12,12,9,8,8,8,-15,2,5,16,1,1
43/29,0,-2,2,0,-2,2,2,-2,3,-6,-7,11,-3,-1,-8,-6,-4,5,4,-7,-6,4,-3,-14,3
43/27,0,0,2,1,-1,-5,-5,-2,-3,6,-4,6,0,-1,11,-11,-14,6,-7,8,-6,8,12,-6,-14
-72/83,0,-3,0,1,6,-1,-6,1,6,-10,2,6,10,0,0,-10,6,8,-10,4,2,-10,-16,10,10
-73/78,0,0,2,-5,-3,-2,-3,-2,-4,0,-5,-6,6,-10,-11,-2,-2,6,-5,8,-11,6,-16,-9,-2
-67/76,0,-2,-2,-5,-5,2,5,-2,-4,3,-2,-7,-6,7,3,-14,5,13,-5,-2,-13,4,3,10,0
-67/79,0,-2,0,-5,4,4,2,-2,4,-5,2,-1,-5,7,0,6,10,-11,-5,7,-16,-8,-11,-14,2
5/49,0,-2,0,-5,-5,6,-5,1,-8,6,-6,-7,6,12,-4,0,-4,2,4,4,2,6,10,10,-7
17/14,0,2,2,-5,-1,-5,-8,1,-6,-3,1,-7,10,6,-6,-7,6,-5,8,-4,6,0,12,-6,2
11/25,0,-2,0,0,0,0,6,1,-8,3,-2,5,-9,4,0,6,-5,5,-2,15,-14,-6,2,6,2
17/38,0,2,2,0,6,-1,-8,-2,6,-10,-4,-2,6,12,11,5,-2,2,-12,-3,7,-16,0,1,12
35/71,0,2,0,1,4,-5,-5,1,2,-2,-4,10,6,-12,0,0,6,8,-14,4,6,-4,-6,3,-14
44/73,0,-2,2,3,0,6,-6,-2,3,4,-10,-6,0,4,-6,-12,-1,13,8,3,-6,-4,3,0,-14
10/7,-1,2,0,-5,-2,6,3,1,6,-10,-4,-8,-3,-1,-6,10,0,-7,12,12,2,2,-15,1,2
83/53,0,2,0,-5,0,-5,3,-2,6,-3,-1,2,-3,-1,12,5,-2,1,0,16,-7,-6,0,8,8
20/13,0,-2,0,0,6,-2,6,-2,-8,-4,1,-6,-1,7,-11,-4,6,2,-14,6,4,11,0,-12,-5
85/57,0,0,0,0,-3,-5,-8,-2,4,-7,-1,-3,0,10,13,6,-10,0,8,-8,-2,8,2,9,-7
80/57,0,0,0,3,4,1,-6,-2,-3,6,0,-8,-6,-6,-6,2,0,2,-14,-9,10,-10,6,3,-14
17/12,0,0,0,1,2,-1,-8,-2,3,0,-10,5,-9,2,0,11,-13,1,2,-15,8,-14,4,-7,-6
-29/31,0,2,0,1,0,0,-3,1,-3,-10,2,10,-9,-4,10,-4,-1,-5,8,9,-13,-7,3,6,12
-87/94,0,0,0,1,-1,2,-3,-2,4,-10,6,-5,3,8,3,7,-9,10,-10,-12,4,-12,12,-6,-19
-43/48,0,0,2,0,-2,2,2,1,-3,9,1,5,-4,-1,-1,-6,-1,13,-10,12,0,-14,-5,0,14
-41/48,0,0,-2,1,0,6,-3,-2,4,6,-1,-2,-4,4,12,-10,0,-11,3,-9,-11,5,1,-6,-12
-6/5,1,0,0,3,-5,-5,-4,-2,6,6,-5,-2,-9,8,-6,2,-10,-4,-4,4,0,-1,1,-12,-12
2/5,1,2,0,1,4,1,2,1,-3,-5,10,-6,6,4,-6,-9,-12,1,-10,2,2,-10,-12,-6,-5
4/99,0,0,4,-5,-2,6,-1,0,-8,10,3,-8,-3,4,-3,9,4,1,2,-12,-2,8,2,-6,10
8/95,0,2,0,1,0,0,5,-2,6,4,-10,10,-4,4,-6,-11,13,-4,-10,-12,-6,1,10,18,-1
-15/34,0,0,0,0,4,1,-2,1,3,-8,-9,-2,6,8,-8,-6,-11,-3,4,-8,11,-14,12,1,13
-39/98,0,0,3,-5,2,-7,2,1,-3,6,8,-2,-5,1,4,-6,4,0,-10,9,-13,0,-3,12,-6
29/103,0,-2,3,3,6,2,6,1,3,-10,6,8,-6,2,0,6,-2,1,8,10,-4,5,6,18,12
4/17,0,-2,-3,1,0,2,-2,-2,3,3,-9,-7,-3,1,-7,7,2,-4,5,12,10,-15,10,-6,2
10/49,1,2,0,-5,-1,2,6,-2,3,6,-10,10,8,8,12,-10,4,-4,-14,0,7,4,8,-2,8
3/19,0,0,-3,1,6,6,-1,-2,-3,7,1,-1,-9,8,-6,6,-7,13,-2,-9,-6,4,4,0,-3
10/91,-1,2,0,-5,4,-2,-3,-2,-3,-5,-9,10,-2,4,0,6,6,2,8,7,-11,-10,4,-8,2
12/95,0,0,0,3,0,1,-3,-2,0,4,6,11,2,6,-8,-4,-1,2,-3,7,-6,-14,11,0,14
-5/22,0,2,0,1,-2,4,3,-2,-3,0,-10,-7,-3,4,11,9,7,-6,8,4,12,5,-11,6,-2
-14/67,-1,2,-2,1,0,-6,2,-2,3,0,-1,10,-1,10,-1,0,-4,6,0,-15,-13,9,1,-6,14
-17/64,0,2,-2,-5,-2,-5,-8,-2,6,-7,2,6,7,5,-8,-4,-4,4,16,2,-4,11,-3,6,-9
-15/64,0,0,0,1,-1,0,-3,1,-8,-5,-1,-7,0,6,-8,6,6,-13,-4,4,10,0,2,12,7
-51/5,0,0,0,0,-2,-5,-8,1,-4,9,-9,-8,-9,8,-6,-9,-3,2,-12,12,6,-14,2,18,-13
-53/3,0,0,1,0,0,-5,2,-2,-3,0,3,10,0,7,0,-10,-2,-5,-13,0,-2,8,10,10,2
-25/7,0,-2,0,-5,0,0,5,-2,-8,9,1,10,-6,8,-10,-14,-4,6,8,-3,-4,-4,1,-8,-18
-29/48,0,0,0,0,-5,-5,-3,1,-4,-10,-1,-1,-1,4,-6,-2,1,-5,8,4,-6,-8,-3,12,-6
-31/47,0,2,0,-5,0,2,6,1,-3,4,-10,-2,-4,10,3,-2,-3,13,8,3,-6,11,-12,2,1
-61/92,0,2,2,1,-3,-5,4,-2,0,4,1,10,-9,4,0,1,-5,-13,11,0,-5,8,-9,-9,-3
-20/31,0,2,0,-5,6,-1,4,-2,-3,3,2,-6,-7,8,1,-2,-13,-5,10,7,-13,11,-16,-6,-6
-12/17,0,0,2,3,0,2,-2,1,6,4,1,-2,12,-6,-6,6,0,6,11,13,10,-15,-3,8,-12
-28/31,0,-2,-3,1,-2,2,5,1,6,6,2,-2,-1,12,6,-3,0,-1,4,3,-11,6,-3,12,12
-26/33,-1,0,2,1,-2,-7,-4,1,6,-5,10,-7,-3,4,3,-6,0,10,8,8,-13,-1,8,-13,-6
-55/28,0,-2,0,-5,0,-5,6,1,1,-8,-1,10,6,-6,10,-12,-7,-8,-3,-15,-13,10,11,-6,2
-51/28,0,0,-2,-5,0,6,-8,-2,-4,6,8,10,7,-12,4,3,0,-8,-8,-3,11,0,5,-6,-1
-17/20,0,-2,0,3,-2,-5,-8,1,-8,-10,1,8,-3,4,0,-4,1,8,-5,-12,-7,10,-16,2,-2
50/11,-1,2,0,1,-2,2,2,1,-3,2,-9,10,-6,7,-6,3,-13,0,-14,-5,-13,-1,16,6,-1
-1/18,0,0,3,-5,-2,-5,3,0,4,-5,3,10,6,12,1,11,-11,-3,4,6,-6,-8,2,-6,17
-8/73,0,2,1,1,-1,6,6,1,-8,9,10,-2,10,4,0,6,-5,6,4,6,-6,-8,12,6,1
-7/72,0,0,1,1,0,6,5,1,-3,3,-8,-7,0,-2,7,6,6,10,-8,-12,-6,0,0,-16,-9
19/9,0,0,0,1,4,-5,-3,1,-4,6,-5,6,-3,-1,0,6,0,-11,-14,-8,-10,10,4,10,-18
22/39,1,0,-3,1,0,-2,4,-2,6,-5,-9,10,-4,8,6,-10,0,0,11,-4,-10,8,4,0,-2
45/74,0,0,0,1,4,-5,3,1,-3,4,-9,-8,6,8,-2,-10,5,2,5,-2,-1,-8,-16,-12,17
43/73,0,2,0,-5,-2,6,6,-2,-3,0,10,-1,-6,-1,0,-4,2,1,4,-4,-6,5,-6,-17,2
-45/59,0,-3,0,1,0,2,2,1,-6,9,0,-2,-6,8,-6,3,10,1,-7,-4,-6,-7,-10,0,1
-29/35,0,-2,0,-5,-1,-5,2,1,3,-10,4,5,-9,4,3,-12,-4,2,10,-1,10,2,12,9,-9
-28/39,0,0,-3,1,6,-2,-3,-2,0,5,3,5,-6,8,-6,-6,-7,1,12,4,-4,-15,0,-12,0
-103/18,0,0,1,-5,-5,-5,3,1,-6,-5,-9,-2,-2,7,0,10,-5,6,8,0,-6,8,4,8,-2
-100/19,0,-2,0,0,-3,-5,4,-2,6,10,-4,-7,-6,4,0,-2,-4,10,-12,0,-8,13,6,1,-18
5/11,0,2,0,3,-2,-5,-6,1,-3,4,1,-11,-3,4,6,-2,-4,1,4,4,2,-7,-3,-14,7
-11/4,0,2,0,1,0,6,-1,1,-8,3,-5,-7,4,12,6,-4,6,1,-7,-2,-5,-4,-4,0,17
28/31,0,2,0,1,0,1,-6,1,-3,3,2,-7,-4,-12,4,6,4,-13,-10,-12,4,5,-4,-1,3
23/30,0,0,0,0,4,-1,1,1,-7,2,-1,10,-3,7,-6,0,-10,-2,10,-15,-6,8,-16,-14,-2
2/7,-1,-2,0,-5,4,-5,-1,-2,-4,0,10,-3,-6,12,0,-4,0,-1,-10,-15,14,5,-4,-10,2
-50/23,1,-2,0,3,4,-5,2,1,0,-10,-1,-6,12,0,12,-4,4,-1,-14,12,-16,-16,-5,-1,8
-28/13,0,-2,1,1,0,-2,1,-2,1,0,-5,-3,-6,8,1,-10,6,4,10,-9,-2,-12,-12,1,1
-28/11,0,2,0,1,-2,2,3,-2,6,-5,-1,-2,-1,-6,12,3,10,-5,-10,0,4,-4,2,0,-3
-25/8,0,2,0,3,-5,-5,3,1,-8,6,-2,-7,-7,-1,-6,-4,0,4,-11,14,11,11,-4,-17,-5
-81/29,0,0,0,3,-5,6,-5,1,-8,-6,-7,-11,-6,9,0,6,4,-12,0,6,5,-4,-3,6,-14
-76/27,0,0,-3,1,0,0,-5,1,0,0,10,-2,2,4,13,9,-1,13,-11,-12,-13,5,3,-4,-9
-38/11,-1,-2,2,0,-2,-6,6,1,3,6,-5,-5,-5,4,-6,-9,0,-7,-13,4,-2,-8,6,-12,6
-35/12,0,0,0,1,0,-1,1,1,-4,3,1,-1,12,9,2,6,-2,1,8,4,2,-9,-6,-14,14
21/40,0,0,0,1,-2,-5,6,0,6,2,1,10,6,-10,0,-2,-2,0,-10,0,11,8,6,2,13
23/43,0,-2,0,1,6,-1,6,1,-7,-5,-1,-5,8,-12,12,1,-7,-11,3,3,10,-16,-3,6,-8
1/23,0,-2,-3,-5,-5,-5,2,1,0,-3,-9,6,6,9,0,-4,0,13,-14,-12,-2,10,-6,18,-18
2/45,1,0,0,3,-1,-1,5,-2,-8,4,-5,-6,12,-6,-8,5,-12,8,8,-5,10,-6,6,6,-3
-18/23,1,-3,2,-5,-3,-6,2,1,0,5,1,5,-6,12,0,6,-14,-7,0,-4,4,5,1,1,8
-18/25,-1,0,0,1,4,-5,-6,1,4,3,3,-7,0,-6,-6,0,6,4,-3,3,2,-14,6,3,8
-2/9,-1,0,-2,1,-5,6,-3,1,6,5,8,-2,-6,4,12,1,-13,-12,4,5,-5,-8,15,-14,14
-36/101,0,0,2,1,-3,6,-6,-2,-9,3,3,10,-3,-9,-6,-2,6,-12,-6,4,7,-16,-16,-12,13
-37/99,0,0,-3,-5,-2,2,4,1,-8,0,1,-11,-3,-6,4,6,13,-7,-3,-4,-6,-12,12,-14,-6
-4/9,0,0,1,-5,-1,2,-4,1,-4,-4,3,-5,-5,4,4,6,0,2,2,-15,-7,-10,-4,-14,2
-16/43,0,-2,0,-5,4,-1,-6,1,-3,5,-5,-7,-2,-12,-1,-2,0,6,5,-15,-14,0,-12,-12,2
-50/31,1,2,0,1,-2,1,5,1,3,-2,2,5,-6,4,6,3,4,-8,8,3,-1,-8,0,-3,14
-4/7,0,-2,2,-5,-5,-5,2,-2,2,4,-9,-5,-6,0,-2,9,-5,1,2,15,11,-7,-1,10,-3
15/19,0,0,0,3,2,-1,3,-2,6,9,-1,-6,-1,4,0,-6,0,-13,-10,10,-14,15,2,2,10
1/40,0,2,0,3,0,2,2,-2,-9,-5,2,-7,12,-7,4,-14,-9,1,-6,13,14,0,2,-14,-7
1/13,0,2,0,1,2,-2,-3,-2,-6,0,3,-7,-3,-4,-3,-6,-5,2,5,-5,-1,6,1,10,-6
-62/89,1,-2,2,3,-3,-5,-1,1,-3,-1,-10,5,-6,12,-7,5,0,1,8,7,7,-8,4,-8,-2
61/3,0,0,-3,-5,-1,1,-4,-2,-3,4,1,-2,-3,-4,0,-6,7,-13,8,0,6,6,6,5,-12
25/8,0,-2,0,-5,6,-5,4,1,2,3,2,-2,-9,6,6,-4,7,4,12,10,-10,6,-8,-10,13
1/17,0,-2,2,-5,-1,2,-2,1,-9,-5,3,-11,-4,4,0,-2,0,6,11,-6,-2,-10,-13,-1,8
-3/31,0,0,-3,1,4,0,4,-2,4,9,2,-5,-4,7,6,6,6,0,16,-7,-6,-5,-4,6,2
21/4,0,0,1,1,0,0,4,-2,3,-1,-9,5,-5,8,0,-2,-1,8,-11,16,7,8,3,18,-5
1/43,0,2,3,0,6,2,-6,1,-3,-1,-9,-1,12,-12,-6,-4,-9,-3,14,9,-2,5,10,1,13
12/85,0,0,0,-5,4,4,-2,-2,6,2,-1,-6,-5,12,-10,9,4,4,5,-5,-16,0,4,-12,8
7/44,0,-2,2,1,-2,-5,3,-2,6,3,-1,8,6,8,-3,-9,-9,-8,5,3,4,-16,4,18,8
11/85,0,-2,0,-5,0,-1,-2,1,-3,0,10,8,-1,-9,-1,-6,0,-5,-2,13,-6,-16,8,0,13
1/16,0,2,0,-5,0,-1,3,1,-3,7,-6,10,-6,6,-7,6,0,-10,4,15,-7,-5,3,-9,14
2/27,-1,0,2,-5,4,0,1,1,1,0,0,-7,0,8,8,-14,-9,1,-3,6,6,-16,16,-6,17
5/82,0,-2,0,0,-5,4,-3,1,3,0,-1,5,6,12,-6,-6,-9,8,12,4,-11,13,-16,10,-2
2/21,1,0,-3,-5,0,2,-4,0,-4,6,6,5,-5,-3,-6,6,-9,-5,-12,-4,11,-8,-3,12,-9
89/68,0,2,-3,0,2,-5,-2,1,-8,-4,-1,-5,6,8,4,5,8,-13,-11,4,10,8,3,-13,-7
-4/11,0,2,0,1,-2,0,6,-2,6,-8,-7,-2,-7,2,0,6,4,-3,1,3,-16,-10,12,-14,-14
-41/24,0,0,0,-5,4,2,3,-2,-3,3,-4,-1,-4,-6,-8,-2,6,-4,-10,3,4,-1,-4,0,8
-47/22,0,2,1,1,-2,0,5,1,-3,6,10,10,0,6,-8,-12,6,-7,2,0,-6,-8,3,-13,-1
3/94,0,0,-3,0,2,2,-5,1,-3,-5,3,10,-1,4,3,5,6,-4,8,-15,7,8,6,12,8
-19/12,0,0,0,1,-2,-6,2,1,6,-2,2,-7,-5,4,-6,7,8,8,11,8,-6,-5,-10,1,3
-89/71,0,-2,0,1,-1,-1,-1,-2,-3,4,-4,-2,2,-1,4,-6,10,-1,16,4,-13,10,-4,-13,10
-91/68,0,2,0,1,-3,-7,-2,1,-4,-5,-8,-7,0,-6,-6,-3,5,-3,-12,5,11,5,-16,12,-2
-88/63,0,0,1,-5,0,-5,-3,-2,3,2,-5,-2,0,6,-6,-4,-3,-6,-11,-5,-10,-4,2,1,-18
10/77,1,-2,0,-5,-2,1,2,-2,3,0,3,-6,-9,-6,-11,-6,0,-12,12,-12,-10,-1,3,-17,-13
11/81,0,0,4,0,0,-5,-1,1,-4,5,3,-6,-4,9,4,-2,-14,6,4,4,-6,-4,4,-14,13
-61/11,0,2,1,-5,-2,4,-3,-2,3,-4,8,10,4,-7,-7,-11,-4,-13,5,14,7,8,12,4,1
-61/4,0,-2,0,-5,-3,2,-5,1,6,0,-1,-1,-5,-6,4,-6,-4,-13,-14,9,-8,5,8,-3,-5
-61/6,0,0,1,-5,6,-5,-3,1,-3,3,-9,5,-3,4,-3,-12,0,-13,12,-12,-13,-16,0,0,14
29/43,0,-2,2,0,-3,-5,1,1,-8,-10,-5,10,0,-12,0,5,-12,-13,4,-3,-2,-16,8,-7,-6
62/87,1,0,2,1,-3,-5,2,1,2,-6,-10,-5,0,-10,-6,-11,6,-12,4,3,-10,9,3,-16,1
19/28,0,2,-3,-5,4,1,5,1,-3,10,-10,10,6,-10,-8,1,0,1,-13,14,-1,4,3,3,11
57/83,0,0,1,1,-3,2,2,1,-3,6,4,-1,6,0,-3,-2,-1,-8,-8,-1,-1,-9,-16,9,14
15/23,0,0,0,-5,-3,-5,5,1,0,-5,-6,-6,1,-4,0,-4,0,5,4,4,-6,8,3,6,-12
-41/31,0,2,2,-5,-3,2,-3,-2,-3,2,2,10,-4,8,-3,-6,6,6,10,-4,14,8,-11,-6,3
-80/63,0,0,0,-5,-5,2,3,1,-8,9,-9,2,2,-3,-8,-2,0,-5,8,-8,-13,-5,-6,10,-13
38/9,-1,0,3,-5,-2,2,-3,1,-8,4,10,5,0,4,-8,6,-3,-4,-10,8,2,6,-16,-10,-6
-31/7,0,-2,2,-5,4,1,5,0,1,-5,-10,-7,-3,-7,6,1,6,13,14,15,11,0,-3,-1,-3
-42/101,-1,0,-2,1,-5,2,-3,1,-8,-8,10,-5,4,1,0,3,4,2,4,-4,4,-9,-3,2,-18
-43/98,0,2,2,-5,6,-5,5,-2,1,-2,1,-7,-6,-1,2,0,-9,-7,2,-15,-1,6,-3,8,0
3/49,0,0,-2,-5,4,6,1,1,-3,3,-9,-6,7,-2,0,-2,2,-2,12,13,7,6,-12,-8,14
-1/48,0,0,0,0,0,2,-5,-2,3,5,-1,-5,0,-6,-8,-11,-4,2,6,-12,-10,-6,12,-1,10
-1/41,0,2,2,0,-3,-6,6,1,4,-5,3,-7,6,-2,-6,-2,8,-6,-2,-9,-5,0,12,-10,16
4/45,0,0,0,1,-3,-5,2,1,-9,6,10,-5,-6,4,0,-4,-7,-2,-8,-12,-5,-6,5,-17,-12
27/85,0,0,0,1,-1,0,-2,-2,2,4,4,2,8,8,0,6,-13,13,-14,6,2,5,-8,-8,2
-32/31,0,2,2,0,4,-5,2,-2,-9,9,2,-6,-5,-6,4,-10,0,-6,14,-2,-10,12,0,1,-5
-32/33,0,0,4,1,-2,2,5,-2,2,0,0,-2,-5,1,6,-2,13,-11,-11,-4,7,10,-16,-15,5
1/22,0,2,-2,0,-2,1,1,-2,-4,-2,-2,-3,4,4,-6,1,-4,2,-11,12,-4,0,12,0,2
43/35,0,-2,0,-5,4,6,-4,-2,-8,-5,3,-10,0,-1,-11,-4,7,-8,5,8,-14,-14,-5,0,-2
43/37,0,2,2,-5,0,4,2,-2,6,0,-6,-8,6,-1,-6,7,9,10,-12,3,-1,10,-8,6,-6
-34/47,1,2,2,3,4,6,-8,-2,1,4,-7,-8,6,-1,3,1,0,-1,-6,-15,4,5,-4,-2,3
-11/26,0,-2,2,1,0,-2,6,1,0,2,-9,8,-9,12,12,-9,-1,10,-11,-6,-13,13,-16,3,2
-26/3,1,0,-2,3,2,-7,2,1,-4,4,3,-5,-6,4,0,10,-9,10,-5,-2,5,5,12,-1,-18
-56/5,0,-2,0,1,-1,6,3,1,-8,-5,-9,10,-6,-4,0,6,-11,10,-10,4,-4,0,4,-8,2
-47/8,0,-2,0,1,-5,6,-4,1,-4,-4,-4,-2,-4,8,-8,-2,-9,-6,-5,4,-13,-1,14,18,-14
-96/17,0,0,-3,3,2,0,-2,-2,-6,-5,-4,11,-5,8,3,-6,-11,2,0,-4,-11,8,15,18,8
-46/3,-1,0,3,0,-2,0,-3,-2,-7,-2,-9,-10,-6,10,-11,2,-12,-1,2,-9,7,10,-16,6,-7
-9/26,0,0,0,0,2,-2,3,1,-4,5,-1,-2,-6,-2,1,6,-9,2,16,-4,-14,12,4,10,-5
16/21,0,0,4,-5,2,0,-3,1,-3,-1,8,7,8,7,-7,-4,6,13,2,4,-10,-16,-4,-8,-7
31/45,0,0,0,0,0,1,-4,1,-3,4,-10,11,-6,4,-6,6,-2,6,4,6,-10,-11,16,-15,-12
29/42,0,0,-3,-5,-1,2,-1,1,6,-10,-4,-6,-4,-7,1,9,13,1,5,-8,-13,15,-3,-10,12
62/79,1,-2,2,3,0,2,4,1,-4,3,-10,-2,-3,7,-8,-3,11,-6,-14,-12,-4,-8,3,1,-7
-21/17,0,0,-3,1,-1,4,-2,0,-3,0,8,2,1,-10,-6,-7,-14,-10,4,8,2,-7,6,6,14
42/53,1,0,2,1,-5,1,-3,1,2,0,4,6,-3,6,0,5,0,-2,-11,-9,0,1,-6,-4,-9
43/54,0,0,2,3,-5,0,2,-2,4,4,-1,5,-6,-1,-2,6,-11,-11,2,-8,5,0,12,3,8
12/7,0,0,0,-5,0,4,-4,1,-3,10,0,10,-1,-7,-8,-11,10,-12,0,3,-11,6,0,9,7
23/41,0,2,2,-5,4,-5,-3,-2,-7,3,-2,-2,6,-4,-1,6,-2,13,-8,14,-13,5,-15,2,-2
28/41,0,-2,-2,1,0,2,-3,-2,-4,-5,-5,10,6,1,7,-11,4,-5,-14,-3,-5,-4,2,-10,-13
53/84,0,0,2,-5,2,4,5,1,6,0,2,-7,1,4,6,-10,-2,-6,12,-2,-10,-14,-3,2,-5
25/41,0,-2,0,3,6,-6,-5,1,6,3,10,-10,6,4,-6,2,-11,10,3,-5,-10,4,-10,18,-19
13/18,0,0,0,-5,4,-7,-3,1,6,-5,1,10,3,2,11,-2,6,8,-11,0,7,-8,-10,1,-2
5/7,0,-2,0,-5,4,2,-3,-2,0,0,-1,-1,-4,-1,0,-2,-13,1,-4,-3,-7,-6,12,6,17
-49/32,0,2,3,1,4,6,3,1,-3,5,-9,-3,10,0,0,2,6,13,2,0,6,4,2,12,2
-47/32,0,-2,1,-5,-2,1,5,-2,-3,2,0,10,4,8,-8,-4,0,-4,2,5,-13,0,-3,6,17
-47/35,0,-2,0,-5,-3,0,-3,-2,-8,-8,-9,-2,-6,-2,-8,-3,-4,1,-8,16,-6,13,1,8,2
-44/37,0,2,0,1,0,-1,-3,1,6,0,3,-8,-1,-10,-8,6,-2,5,-11,-3,-13,-6,12,-7,12
-90/67,1,-3,0,1,0,6,2,-2,-4,3,-9,-10,1,8,11,-2,13,-1,0,-1,2,1,-3,0,12
-23/17,0,-2,4,-5,0,-5,-2,1,-7,3,-9,-2,-4,1,-6,6,6,13,2,6,-11,6,-9,10,2
-14/81,1,0,4,1,-1,-5,6,0,6,-5,-9,6,-6,4,-10,-4,0,-10,4,-4,-14,13,0,-10,-2
-5/41,0,-2,0,-5,0,-5,-4,-2,-3,-7,0,-2,6,0,10,-6,6,-1,2,10,-6,-8,10,1,14
-5/29,0,-2,0,1,-3,6,4,1,-8,-6,10,5,-6,7,-3,-6,0,-3,5,-15,-11,-14,-12,-1,2
-8/41,0,-2,-3,0,6,-1,5,-2,-4,0,-2,6,6,-1,0,3,0,1,9,3,-2,10,-3,8,-18
-7/41,0,2,-3,1,2,1,3,1,2,-8,-8,2,6,-4,6,-7,-4,6,10,-15,-10,-16,-3,0,-12
-90/23,1,0,0,-5,0,-5,-6,1,0,6,10,-2,-6,-1,8,1,-4,5,4,-12,-2,12,-3,-16,-7
-89/22,0,2,0,1,-2,-6,-5,1,-4,0,3,8,8,4,0,6,6,10,4,6,-4,-8,4,-13,11
-88/21,0,0,-2,-5,0,0,6,-2,-8,4,0,-11,-4,-1,0,6,0,8,4,-9,-6,-15,-7,-8,11
3/14,0,0,0,-5,-5,1,3,-2,-3,2,-4,-11,8,5,0,-14,-2,-8,-4,8,10,-6,-4,-14,12
16/29,0,-2,1,1,4,2,1,-2,6,-6,1,6,7,2,4,6,10,8,4,4,-16,5,9,1,-14
19/29,0,-2,0,-5,0,0,2,1,3,-6,6,-6,-5,-7,-8,11,-2,6,12,-12,-13,-4,-1,-1,-2
-83/31,0,2,3,-5,-2,6,2,0,0,-7,2,-7,0,-9,8,-9,-4,-6,6,11,4,13,0,-14,-18
-53/7,0,2,4,-5,4,4,1,1,-4,0,10,-2,10,-6,-4,-10,-4,-11,-12,-9,-2,-16,-4,-3,-14
-19/52,0,-2,2,3,6,-2,5,1,-6,-5,-5,-5,-7,-6,-6,3,2,-11,4,2,7,5,-3,-9,2
-15/17,0,0,0,1,-2,-6,-2,-2,4,2,-8,-5,6,-9,-8,-6,-4,4,2,8,12,12,-6,2,-14
5/22,0,-2,0,-5,-2,0,4,1,6,7,-9,-8,-6,-4,0,1,0,-5,8,-12,4,10,-6,-14,-8
11/63,0,0,-2,-5,0,2,-3,1,6,-5,3,7,12,8,-2,6,-4,-11,-7,2,4,2,-5,3,7
11/60,0,0,0,0,0,1,2,-2,-3,7,1,5,6,12,6,7,-9,-4,10,-8,-5,-4,1,18,-2
85/16,0,2,0,-5,2,4,-8,1,-3,-10,0,-2,0,12,4,-6,11,10,-12,4,6,-9,12,-2,-7
32/19,0,-2,2,-5,-3,2,3,-2,-3,7,10,11,1,-1,11,-10,-9,1,2,5,-10,-12,4,-12,-7
35/18,0,0,0,1,4,6,4,-2,-6,10,-1,-8,0,4,-6,0,-4,-1,16,-13,11,15,-4,-12,-7
31/14,0,-2,1,-5,-2,-5,4,1,-8,-2,-10,2,-1,-10,11,-10,6,13,2,-1,-13,-14,1,12,6
31/13,0,2,-3,-5,6,-2,2,-2,-3,-10,-10,-6,2,4,12,-3,6,-12,5,-4,-13,-6,-11,0,-14
96/91,0,0,4,-5,6,-2,3,-2,-9,-3,-1,-5,-6,4,-6,3,5,-7,11,3,-2,-14,9,10,-2
29/70,0,-2,0,-5,6,4,-5,-2,2,-10,1,10,-6,-6,0,3,1,-2,-12,12,-10,9,0,5,-2
33/61,0,0,2,0,0,-5,2,-2,-6,4,-4,-1,6,4,-8,-10,-10,-4,16,-3,-5,-8,-16,0,13
18/31,-1,-3,2,1,-1,2,5,-2,6,0,2,-10,-1,4,10,-14,6,-11,12,6,-4,-8,4,-16,6
14/45,-1,0,0,1,-2,4,-4,1,-3,3,2,10,-3,8,10,-6,4,-8,2,4,-7,-14,-6,10,-1
54/31,1,0,2,-5,2,1,3,-2,-3,-1,2,-6,-1,-6,-4,0,-11,2,-12,14,7,5,3,0,8
-85/53,0,2,0,-5,-3,-6,-8,-2,-3,-5,6,-10,10,-1,0,5,-12,-5,-12,8,-4,-10,6,6,6
-26/29,-1,-2,4,1,-5,-7,6,1,3,-6,-9,-1,8,12,-6,-11,0,-6,-12,12,2,-12,4,-9,13
-58/53,-1,2,2,3,4,6,2,1,6,-10,3,8,-7,4,12,5,9,1,8,3,-2,-16,5,-3,-3
-56/51,0,0,1,1,-2,-5,-2,-2,-8,-5,-1,5,-3,-10,-2,6,0,8,4,-4,0,0,-4,3,9
-54/59,-1,0,1,3,-2,-1,-5,-2,6,-2,10,10,-6,4,11,-2,10,-1,9,15,14,-14,2,-4,-5
-49/58,0,-2,-2,1,-1,6,-1,1,-8,-6,-1,-5,-6,5,1,-9,9,-8,8,12,-1,10,1,1,-3
17/44,0,2,3,-5,-2,-6,-8,1,-8,-4,10,10,-2,-6,4,-14,-5,0,10,-1,12,-1,-16,12,-6
5/13,0,-2,0,1,0,-2,2,1,3,4,-4,2,0,8,-1,-11,-14,-7,4,5,11,-8,-16,-15,2
17/52,0,-2,4,0,0,-2,-8,1,-4,-7,-1,10,8,8,0,3,4,10,3,6,2,-10,-3,-15,13
20/47,0,2,0,-5,-2,-1,6,-2,-4,3,-5,10,-6,2,3,-11,0,10,4,-5,2,-15,-4,-17,10
37/96,0,0,-2,1,2,2,-3,1,-3,-5,-6,-11,-4,12,-8,-2,0,-2,-10,-8,2,5,4,6,-2
-23/74,0,-2,-3,3,-3,-1,3,1,-7,-2,3,-8,6,2,-6,10,-13,-6,-14,13,4,0,2,-14,8
-21/74,0,0,4,1,4,0,2,0,-3,6,6,-8,-6,5,0,0,0,-4,-11,-12,-5,-11,12,-12,2
-16/35,0,2,0,-5,-2,-5,4,1,4,6,-9,-2,-4,4,0,1,7,-2,-10,-9,4,-6,-4,-12,14
-14/39,-1,0,1,1,4,-2,-3,1,6,4,6,-6,-9,-4,6,-3,-12,-7,-10,6,7,13,6,4,-18
-13/36,0,0,2,0,-2,-7,-6,1,-4,2,4,10,-3,12,8,9,6,-10,-14,-9,10,-16,-4,10,8
-46/21,1,0,1,-5,-1,-5,2,1,-7,9,8,2,-1,-4,6,6,-1,1,12,-15,-2,-14,-6,8,17
-41/20,0,-2,0,1,-3,-1,-4,1,2,4,0,-7,-4,-1,12,6,-1,10,10,-3,7,6,2,-12,12
96/13,0,0,2,1,-3,-2,-1,-2,6,2,-5,5,6,-7,7,-10,-2,5,16,0,-1,-15,11,-14,-12
-40/51,0,0,0,0,6,2,-2,-2,-3,3,-4,10,0,4,6,2,4,-13,-5,-1,4,2,4,-1,-2
-1/5,0,2,0,-5,-1,-5,-1,1,-3,2,6,-7,6,-6,0,4,-4,5,0,0,-1,-16,-10,-14,-6
-7/37,0,-2,2,1,-5,2,-4,-2,3,10,-10,-8,-6,4,-6,6,5,13,8,3,-4,11,1,-6,2
-10/39,1,0,0,0,-1,-2,5,1,6,0,-1,-3,-6,0,1,-2,-14,1,14,-1,6,-11,-6,6,2
-16/53,0,2,2,3,0,2,-4,1,-3,0,10,7,7,8,1,5,-12,2,-2,-12,7,6,-16,-7,11
-13/54,0,0,2,3,-1,-7,1,-2,3,-2,-8,-2,12,5,0,-10,-4,6,12,14,-16,-12,6,-17,-14
-57,0,0,3,1,0,-5,5,1,1,4,-5,-2,6,1,6,-6,-2,-13,-3,0,-5,-7,3,-14,8
-51/2,0,0,-3,1,-1,6,-8,-2,-3,-10,-8,-6,-5,-3,0,-3,6,-1,10,-8,0,-10,-3,8,6
-66/17,-1,0,0,1,0,1,-2,-2,3,7,10,10,0,1,0,1,0,10,11,-4,7,2,11,-12,3
-34/11,1,2,4,1,-2,-5,-8,1,-4,-10,3,10,2,-10,8,4,-4,13,10,5,4,1,9,-8,-3
-64/19,0,-2,1,-5,-2,4,-6,-2,-6,-10,-9,-7,-4,-6,6,-7,-3,-3,-2,-12,12,15,11,6,2
-60/17,0,0,0,0,-5,4,-2,-2,6,-4,-1,-2,2,10,4,-4,0,6,16,13,4,-15,-3,18,-2
-58/15,1,0,0,-5,-1,2,6,1,-3,-10,1,-1,-6,10,10,-3,6,-10,-7,-12,-16,13,3,-17,2
-19/31,0,-2,2,3,-3,-5,6,1,1,-4,2,-10,1,-2,4,-4,0,-5,4,8,7,-14,6,-17,-9
-23/28,0,2,2,-5,0,-5,4,1,-7,2,10,-5,0,-1,0,2,10,-6,-14,3,-6,0,-3,0,1
35/48,0,0,0,1,2,2,5,-2,2,4,-9,-7,-6,8,-6,1,-4,2,2,-4,2,-10,12,-13,-18
38/49,-1,-2,-3,-5,-5,-1,5,1,-3,0,-5,-10,2,6,11,6,1,8,4,-3,-6,-1,-16,10,3
13/16,0,2,3,3,4,-7,-3,1,6,0,-9,-2,-4,-4,8,-10,0,-6,-4,16,-13,-6,4,-15,10
86/101,-1,2,0,3,6,-6,3,1,3,-7,3,-2,-1,-1,11,-14,-4,-12,4,7,4,1,-3,-2,17
84/97,0,0,-2,1,-1,2,1,1,-8,7,-8,-1,-7,6,0,-4,-2,1,-12,7,5,6,4,12,4
31/48,0,0,-2,-5,4,0,4,1,0,2,-10,5,-7,-9,-11,-3,-12,8,5,-5,-5,8,1,0,6
55/6,0,0,0,0,0,6,6,1,-3,3,-10,-2,6,4,0,6,0,0,8,-3,-13,4,2,-10,-14
-11/20,0,-2,0,-5,0,-5,-6,1,-9,-1,2,-2,-7,-10,-10,6,-13,-2,-12,4,-11,8,-5,-6,-18
-11/27,0,0,3,-5,0,0,-3,0,-8,7,-9,11,-2,-2,0,-2,2,8,-8,-3,-9,-8,-3,-15,-1
-28/45,0,0,0,1,4,-5,3,1,-3,7,-4,-2,-3,1,8,-4,-2,-6,4,10,-16,11,1,-6,8
-31/42,0,0,3,-5,6,6,5,1,6,4,-10,-5,10,12,0,-6,7,1,8,8,-16,8,2,10,-12
81/85,0,0,0,-5,2,-6,-2,1,6,5,8,-8,0,2,-6,-12,0,-4,4,-3,-11,-14,12,0,13
28/29,0,-2,3,1,-3,-5,-3,1,-4,-6,8,-2,6,-2,-6,6,5,-8,5,16,11,8,2,0,10
39/41,0,0,1,3,0,-7,-3,-2,2,-2,2,-5,6,4,0,6,-4,-13,-12,8,-11,4,2,0,1
80/81,0,0,0,1,0,-5,2,1,-4,-4,-1,-7,-7,2,-10,6,11,-13,2,-12,-4,1,-3,6,8
-13/76,0,-2,-3,1,-1,-7,-4,-2,6,-5,10,-8,8,4,11,-12,10,-7,8,15,-14,-8,-16,-6,-1
-13/70,0,-2,0,-5,4,-7,-6,1,6,4,1,-1,6,-4,-4,1,-9,-1,0,4,-14,-4,11,0,8
-4/23,0,2,0,-5,4,2,2,1,0,7,4,-3,2,-1,-6,-2,-10,1,-14,0,-8,-4,6,12,11
2/71,-1,2,-3,1,4,-1,6,-2,-3,-10,-1,-11,-1,4,-1,-10,0,-10,-10,4,1,15,6,6,-12
5/74,0,2,0,3,-1,0,5,-2,-3,9,3,-8,6,-3,-6,6,-1,-7,-4,-12,-9,8,-4,1,-2
32/65,0,2,0,1,-5,-2,6,1,-3,-5,-8,-2,2,8,0,-6,-7,13,5,12,6,4,6,-16,8
35/64,0,-2,0,1,6,-5,-3,1,-6,4,-6,-2,-6,8,-6,6,0,10,12,3,2,2,1,-1,-1
32/63,0,0,2,-5,-3,2,2,1,6,-10,2,-11,0,-10,4,-3,1,10,-14,6,10,-7,14,-6,2
-29,0,2,4,1,-3,2,2,1,-8,-10,-6,-2,-6,-7,-6,-10,-14,10,4,12,8,8,16,-8,-3
106/19,-1,2,1,3,4,-1,-6,-2,6,4,8,11,6,6,1,-10,0,5,-6,8,8,4,-3,1,16
53/7,0,-2,1,-5,2,0,-1,-2,-3,7,3,-10,-1,-1,0,-10,6,2,8,9,-4,-8,-8,-6,2
-18/7,1,0,2,-5,6,1,6,-2,0,3,-2,-2,2,-2,-11,-7,0,2,2,9,7,-11,-10,18,2
-37/13,0,-2,2,1,0,-2,2,-2,2,6,-8,-11,0,-6,-6,6,-4,8,-14,3,11,-8,0,6,-18
28/5,0,-2,0,1,6,1,-4,-2,-3,2,10,10,-7,4,-6,1,2,8,11,-12,2,-14,6,1,-2
57/11,0,0,-3,1,-2,-5,3,1,-3,0,-1,-7,0,-1,-6,6,-4,-3,6,-15,-1,-7,-3,9,-18
-17/26,0,-2,-2,-5,-3,-2,-8,-2,6,-2,-1,-2,2,-6,-8,-12,-4,-6,4,4,6,-6,12,-12,11
-15/29,0,0,0,1,-5,-5,2,1,-3,-6,1,-7,8,-2,10,7,-14,-2,3,-6,-13,2,2,12,1
11/6,0,0,4,3,0,-5,3,1,-8,-8,2,-2,-5,4,0,1,-4,5,3,-12,11,-16,7,-1,11
70/39,1,0,0,1,0,-2,2,-2,-3,6,2,6,1,-1,-7,1,-13,-10,5,8,0,0,-8,-1,9
-19/39,0,0,1,-5,2,-2,2,1,2,4,8,-7,-4,4,4,6,6,-3,-13,6,-6,11,0,-1,10
-17/39,0,0,-2,0,6,-2,-8,1,-3,6,-7,-5,-4,9,-6,-7,-4,5,10,8,-8,-9,-16,-6,0
-18/41,-1,-3,0,-5,2,-5,6,-2,-4,9,1,2,6,4,-7,6,0,8,12,6,6,9,4,-3,-4
-32/57,0,0,1,3,2,-5,-5,-2,6,5,-7,-6,-9,-4,0,-2,6,13,-12,8,-13,-8,-3,-6,9
-37/58,0,-2,0,1,2,-1,-6,0,6,-6,8,-11,-3,4,-6,-3,-3,1,11,0,14,-7,6,5,13
-13/27,0,0,4,1,-3,-7,2,1,4,0,3,-2,-9,-4,-7,-2,-7,-13,-12,-5,-4,-11,0,-1,-12
-38/27,-1,0,4,3,6,2,2,1,6,3,-7,2,8,4,-11,-4,10,1,12,-4,-6,-7,3,-10,8
-77/54,0,0,-3,1,0,6,2,-2,-4,-5,-4,10,0,-10,0,6,0,-4,2,4,-2,-4,-15,6,18
-79/51,0,0,4,1,2,2,-2,-2,-8,5,1,-10,-4,-6,8,5,-4,10,5,2,7,4,3,-12,12
-19/13,0,-2,-3,-5,4,-2,-4,1,6,5,-1,11,6,-4,1,-4,0,-8,-7,12,7,8,10,12,14
-22/13,1,-2,4,0,0,-2,2,-2,-6,-4,0,-8,-2,4,4,-3,-2,-5,2,12,-7,-14,-3,10,-6
-85/58,0,-2,0,3,-5,2,-8,-2,4,-6,-4,-2,-5,1,-6,3,-13,13,-12,10,7,5,1,-12,10
-82/55,1,-2,0,-5,-2,1,2,-2,-9,-5,-7,-5,-4,1,0,0,-5,8,0,0,-8,-12,16,-8,13
-80/53,0,-2,0,0,4,4,5,0,-3,4,-6,-3,-9,6,-6,5,13,-2,2,7,-6,-16,-3,-2,-14
-83/60,0,0,0,1,-5,2,-3,1,-4,-7,-9,6,4,7,6,-4,10,-8,5,0,12,10,0,6,9
3/44,0,0,-3,-5,-2,4,-6,-2,6,-4,-5,10,-6,10,-8,-3,-4,8,-10,4,2,12,2,-7,-1
3/46,0,0,3,1,4,-6,-3,-2,0,6,-7,-7,-6,-6,0,-2,10,5,11,-15,-13,4,10,0,-12
22/31,1,2,-3,-5,0,6,-3,1,-4,4,2,-2,1,5,0,0,-1,-3,0,4,6,8,-16,18,-2
11/18,0,0,0,0,0,2,5,1,3,0,1,-2,-6,10,0,-11,-7,-13,-2,0,-1,-5,-11,12,14
45/17,0,0,0,0,-1,-5,-2,1,0,-10,1,10,-3,4,3,0,-1,-6,-2,-5,-8,-7,7,12,0
68/75,0,0,0,0,6,6,-8,1,-9,-2,1,-1,-7,1,0,-11,0,4,2,-4,14,-1,-10,0,-3
17/6,0,0,3,-5,-5,-5,-8,1,-4,-1,-1,-7,0,-4,-8,7,0,13,-7,0,2,8,6,6,10
-59/68,0,-2,-3,-5,0,0,-2,1,-3,-8,4,-5,0,4,-2,6,-12,-1,10,6,-6,-8,14,-10,-10
-31/34,0,-2,0,3,-1,2,-2,-2,-6,-5,-10,6,-7,-1,12,6,0,4,-4,-12,2,-11,-6,18,9
-17/31,0,2,3,1,-2,6,-8,1,6,-4,2,-7,-6,2,-1,6,2,-1,-3,14,12,0,-3,12,10
-17/35,0,-2,0,-5,0,2,-8,1,1,-7,10,11,0,1,0,-6,-4,-5,12,-12,7,-1,15,-16,-6
-1/45,0,0,0,1,6,0,2,1,-3,0,3,5,10,8,-8,2,-4,-10,-11,-15,7,11,0,-6,2
38/15,1,0,0,3,-3,-6,5,1,-3,-10,8,-2,6,-7,6,0,0,4,2,10,2,6,16,5,-5
43/17,0,-2,1,-5,0,2,-2,-2,1,2,-1,5,-6,-1,0,-3,4,-10,4,-12,4,-8,3,-10,7
30/11,1,0,0,-5,-2,4,6,0,-3,-5,-1,5,12,5,0,-9,-4,-11,4,-15,-5,-14,6,0,-18
27/13,0,0,1,0,0,-2,-5,1,6,4,-1,-7,12,-12,-11,-6,0,-10,12,4,-6,4,12,5,-7
-17/41,0,-2,0,3,-1,4,-8,-2,6,4,-1,-2,6,6,-8,11,-3,-2,-10,5,-14,-16,12,4,0
-19/43,0,-2,2,1,0,-5,-3,1,4,0,2,-2,-1,-12,10,-2,10,6,8,14,14,-6,14,18,-9
-17/44,0,-2,3,1,-2,6,-8,-2,-4,-3,-9,-11,6,-1,6,-6,11,10,-14,-13,2,-5,-3,12,-14
-34/87,1,0,3,-5,-5,0,-8,1,-6,-6,4,5,7,4,0,0,5,0,-4,-5,-13,10,-10,-8,-2
-37/88,0,-2,2,3,-2,-5,3,1,-3,0,-9,-11,4,10,8,-7,-11,6,12,-1,-2,6,0,-12,-6
-39/85,0,0,0,3,-1,-7,-2,1,-4,-4,2,-7,4,-3,4,6,2,1,2,8,2,13,4,-14,3
-53/16,0,2,2,-5,4,-5,-6,1,-3,9,10,7,-4,4,-3,-10,0,4,4,-8,14,-6,-10,-14,-18
-57/16,0,0,-3,3,-3,6,-5,1,6,7,1,-2,12,-1,0,5,-3,-1,2,4,-16,6,9,0,-3
-1/42,0,0,-2,-5,2,-5,-6,-2,2,7,-1,-7,12,-6,11,6,0,-7,-14,-12,-11,1,-16,-6,-6
-1/9,0,0,0,3,2,2,5,1,-3,4,-2,-8,8,-10,-4,7,-4,-1,8,4,-13,8,14,6,2
-47/17,0,-2,2,3,4,4,-2,-2,0,4,1,-5,-1,4,-8,-2,-7,13,3,-15,12,-14,0,-10,-2
-47/20,0,-2,0,-5,4,2,1,-2,6,-7,-2,10,-6,-6,-8,1,-11,-10,12,-1,-10,-8,-1,10,-3
73/77,0,-2,1,-5,-2,-5,-1,1,1,9,-5,-8,10,7,-1,-2,10,10,-7,-12,-11,-16,3,18,8
35/38,0,2,0,1,4,-5,-3,-2,6,7,-5,6,-7,-10,0,-11,0,2,12,0,1,-16,-16,-2,-19
16/13,0,2,3,-5,0,-2,-3,-2,-8,0,6,-11,-6,12,0,6,13,-11,-13,-12,-5,-1,-3,-3,12
23/22,0,-2,2,1,-2,-5,-3,-2,-7,-4,-7,5,-4,10,-11,6,0,4,8,2,0,-4,-1,-12,3
47/44,0,2,0,1,-2,6,2,-2,3,6,6,-8,-7,-1,-8,3,0,13,-12,-12,-5,13,12,-6,1
-26/81,-1,0,1,-5,6,-7,5,-2,-8,3,-4,-6,7,12,4,6,-9,-6,-2,15,2,11,5,-12,-18
-13/41,0,2,3,1,0,-7,2,1,-8,4,-1,-1,6,7,4,-11,6,-8,-10,-4,11,5,3,1,2
4/39,0,0,0,0,0,-2,5,1,2,-5,4,10,-9,10,0,-4,-4,-8,11,0,7,6,14,0,8
10/21,1,0,0,-5,-5,4,5,1,6,-4,1,-8,6,1,-6,1,-3,-2,4,0,-13,-14,-16,-10,-14
-25/33,0,0,0,1,-2,0,-3,1,-3,4,3,-10,-9,0,13,1,10,8,4,-8,0,8,-4,-12,10
-51/65,0,0,0,1,4,-2,-8,1,3,4,-1,10,3,2,12,10,-2,-2,-14,0,-5,-7,6,1,-3
-47/65,0,-2,0,0,-2,-2,-1,1,2,3,-5,-10,10,6,-8,-2,-2,8,9,6,2,4,-16,1,1
-43/66,0,0,0,1,-2,-1,-3,-2,-4,7,-4,-5,-5,-1,4,5,-11,6,-12,-3,2,-14,3,-6,-10
-23/34,0,2,2,1,6,0,-2,0,-7,6,-9,-7,2,-10,6,-14,1,1,4,-15,-14,-16,1,-12,-2
74/61,1,-2,2,-5,4,2,-3,1,6,6,10,-11,6,7,-8,-6,-3,-4,-3,-3,11,6,3,1,-3
37/29,0,-2,2,1,6,-5,-3,-2,6,-6,-4,-11,-6,-4,7,3,4,10,-10,9,14,-1,0,9,11
73/60,0,0,0,1,0,2,-1,1,-4,6,1,-2,1,-2,4,6,-14,-10,-3,-9,-11,6,6,1,10
76/61,0,2,0,-5,0,6,5,1,6,-4,8,-10,-6,4,8,3,-4,-4,-12,-15,-4,11,6,-13,-3
89/45,0,0,0,-5,-5,-5,2,-2,-8,4,-9,-7,-6,1,-4,-9,7,-3,4,2,11,4,0,-13,-6
-17/22,0,2,2,-5,-2,2,-8,-2,-8,3,-9,10,6,4,-6,-2,0,2,5,6,0,-12,0,12,18
-21/26,0,0,1,1,-2,-2,-4,1,-6,6,-4,-8,7,0,2,6,4,2,-12,0,-13,-16,-11,-6,-12
-19/25,0,-2,0,-5,-5,-6,-3,1,6,-5,-4,-2,-6,-1,-7,1,-3,-1,0,-15,-13,-9,0,-6,-6
-21/8,0,0,0,1,4,6,-3,-2,2,4,-5,10,2,6,-6,-14,9,-1,4,-12,-2,12,-5,3,-6
4/65,0,-2,0,1,4,-2,-1,-2,-4,9,-1,-5,-9,12,-8,6,7,10,8,16,-7,10,15,-6,0
1/62,0,-2,-3,1,0,-5,2,1,-3,6,2,-2,-7,5,3,-10,-1,10,0,4,-14,-6,-11,-3,17
1/31,0,2,4,-5,4,-5,5,1,-8,6,2,-1,-5,-4,0,0,7,2,3,5,-11,-6,1,-14,-7
-38/9,1,0,3,1,0,1,-4,1,2,0,-9,-8,-6,5,2,-4,6,-4,12,-15,12,11,2,1,-12
29/59,0,2,4,-5,6,-6,-1,1,0,-10,3,-2,0,-1,3,-6,10,10,2,-15,4,8,2,0,0
29/57,0,0,-2,0,0,4,-6,-2,3,-10,10,10,-4,10,0,7,-11,13,2,4,7,6,12,-10,-10
11/20,0,2,0,3,0,-1,5,-2,0,-7,1,-3,-3,8,0,-3,13,6,1,-12,4,5,5,-8,18
34/59,-1,-2,2,1,-2,1,-8,-2,-3,-4,1,-2,-1,1,-8,1,10,-3,-2,13,-13,-7,8,-1,14
23/13,0,-2,4,-5,2,-2,1,1,-7,-2,-4,-5,0,9,6,-2,-4,-3,-12,15,-1,-11,6,-6,0
12/5,0,0,0,0,0,-5,3,-2,3,3,-8,-3,0,7,10,5,-13,-7,4,-9,-2,-9,12,-12,-4
45/26,0,0,0,1,-2,-2,2,0,-3,3,-1,-1,-6,-4,-6,6,6,8,-14,-8,2,-8,10,10,-14
41/27,0,0,-2,0,2,0,3,-2,-6,2,-9,10,-4,2,12,6,0,-6,11,0,2,-7,-7,6,9
5/42,0,0,0,-5,-2,-6,1,1,-6,4,1,8,-6,4,-8,-2,-12,-10,0,-15,-2,0,10,-6,17
41/15,0,0,0,1,-1,2,2,1,-3,-3,3,-7,-4,4,6,-2,-10,-10,-10,-13,-16,-14,8,12,-13
43/13,0,2,0,1,4,-2,-6,1,-8,10,-1,-7,-6,-1,0,-10,-13,13,6,-9,-8,-14,6,-8,2
22/7,1,2,4,-5,0,-5,-3,-2,-3,0,3,-5,8,4,-10,1,-1,8,5,-12,4,5,14,12,-7
-25/19,0,-2,0,1,-5,4,-3,-2,1,-5,0,-11,3,-4,-11,4,1,8,-12,-15,2,11,6,-7,-18
97/70,0,2,0,-5,4,-1,-5,1,-3,-2,4,-7,8,4,0,-10,2,-13,-3,-9,-13,-7,-7,-14,8
97/67,0,2,0,-5,0,1,2,1,-3,3,2,10,12,-1,-4,1,9,1,0,6,6,11,2,-14,8
31/23,0,-2,-2,-5,0,6,-3,-2,0,3,-10,10,0,6,13,6,10,-13,3,-5,10,10,2,-14,-18
-24/43,0,0,3,-5,-1,6,2,1,6,3,-4,5,-4,-12,12,5,-9,-10,12,-5,7,12,-9,-1,2
-13/25,0,-2,0,1,-2,-7,-4,0,-3,-2,-4,6,-4,2,0,-2,6,-10,4,-12,-2,-15,4,-8,-6
-14/41,1,-2,4,1,-5,-6,5,1,1,2,3,-2,6,8,-6,6,10,-10,5,0,-9,-4,-4,6,8
-23/32,0,-2,0,3,-5,6,2,-2,-7,-7,-1,-8,-9,-4,0,-2,-4,-1,6,-3,-13,-10,-10,2,-10
-23/33,0,0,1,0,-2,-6,-5,1,-7,4,-10,-2,6,-2,12,-2,4,-5,-2,3,-2,1,1,0,-18
-13/85,0,-2,0,0,0,-7,-2,-2,-3,0,-8,-5,2,-1,-6,1,-4,2,10,4,-9,10,-1,-12,-14
-5/42,0,0,0,-5,0,6,-1,-2,3,9,-1,7,-5,2,2,-2,10,-10,-13,-9,6,-7,-16,0,1
-13/88,0,-2,1,1,-2,-7,1,-2,-3,4,0,10,8,9,4,-2,-13,-13,6,-15,-6,-14,-3,-10,6
-7/85,0,-2,0,1,2,6,-2,-2,-3,-10,-4,5,6,8,12,6,-2,-3,3,-15,14,-6,6,-10,-3
-15/88,0,0,0,-5,-2,-5,6,-2,-8,3,3,-6,-6,-7,-4,-2,-14,13,16,8,1,-6,16,8,-14
32/39,0,0,0,0,0,-2,2,-2,6,0,-10,-5,6,6,-6,6,6,-12,0,-8,14,-16,-15,12,2
33/37,0,0,2,1,0,1,5,1,0,6,-8,-8,-7,8,8,1,2,-7,11,3,-16,8,6,-14,-18
72/79,0,-3,3,0,-2,6,2,1,-8,7,8,10,-6,4,8,-3,0,-13,8,13,12,-8,-6,0,-1
21/23,0,0,0,1,6,-6,6,-2,0,4,-5,-2,-2,-7,12,7,-12,-1,8,12,-10,-8,-15,10,2
36/41,0,-3,4,1,6,-5,-1,1,6,5,4,-7,6,-4,0,11,6,2,12,4,-13,2,17,-6,-14
35/41,0,2,0,1,-2,4,2,1,-6,6,10,10,6,-1,4,6,-2,-3,-13,-1,4,-16,5,6,-2
73/79,0,2,-3,-5,0,-5,-6,1,-3,0,-4,-7,3,12,8,5,-12,-5,-10,-3,-11,-8,-13,12,13
89/43,0,-2,-3,-5,6,-6,-3,-2,-3,-2,1,-2,-3,-12,1,9,10,5,-13,-9,-14,-16,-6,-13,-7
-37/36,0,0,-2,-5,2,-5,1,1,2,5,-5,-11,8,-10,-3,-10,-7,-5,-8,-12,-16,9,12,2,-14
1/25,0,2,0,1,-3,6,5,1,1,6,-5,-2,2,12,13,6,-13,-8,-14,5,-10,-4,10,2,13
1/39,0,0,2,1,-1,-2,1,0,-3,5,-10,-5,6,-9,0,-12,6,-11,2,-15,2,-7,3,-1,-12
-41/9,0,0,2,-5,-3,6,2,1,-8,-10,1,-5,-4,2,13,3,-2,-1,2,-4,-7,6,12,9,-7
-31/89,0,2,4,-5,-1,-1,2,1,6,0,-10,-6,-3,-1,0,-11,6,-10,4,-3,7,5,-4,-8,-6
-31/90,0,0,0,3,-5,-5,-3,-2,0,0,-10,-2,8,10,-6,-2,4,2,-10,-9,-2,-15,-3,-16,12
54/65,-1,0,0,1,-5,-2,3,1,-8,4,10,-1,-2,-2,-7,-2,11,-3,0,0,4,-9,16,6,1
5/44,0,2,0,1,-2,2,-4,1,-3,10,-4,-1,-4,2,8,-4,0,10,4,-12,-11,-4,12,6,11
37/41,0,-2,3,-5,2,6,5,1,3,7,-9,-11,6,10,-2,3,0,-4,4,-15,-13,-6,15,3,8
37/42,0,0,0,-5,0,-5,5,-2,6,3,-5,-11,0,-4,4,-10,-11,1,16,-9,-14,8,0,3,0
29/39,0,0,0,1,-2,-2,3,-2,-3,-10,1,5,1,-4,8,-11,-9,8,-10,14,-13,10,2,8,-13
28/39,0,0,0,1,-5,-2,-4,1,-9,-8,10,2,0,-10,4,-6,0,10,4,-12,-2,-8,4,3,2
14/17,-1,2,2,1,2,2,-2,1,-3,2,1,-2,0,8,1,-11,0,13,4,3,-4,11,-1,0,2
13/17,0,-2,2,1,-3,-7,-2,-2,-8,4,10,-5,6,8,0,9,-4,8,8,14,4,2,0,6,6
10/9,1,0,0,-5,2,-5,2,1,-9,3,-1,-10,-2,-4,3,9,-4,4,5,13,-16,-4,6,10,3
7/5,0,-2,0,1,0,-5,5,1,2,9,-1,-1,7,-4,8,0,-7,8,2,0,-5,13,-4,-12,-14
42/31,-1,0,3,1,-5,4,2,-2,3,0,2,-6,-5,-6,-6,-2,2,-5,-3,9,1,4,-11,-1,-7
-80/73,0,2,0,1,0,1,4,-2,-8,3,-10,-1,-6,-1,-6,-6,2,8,2,-15,-6,11,-3,-8,-3
50/29,1,2,0,0,-3,-5,1,1,-6,-6,6,-2,-4,8,8,2,0,-3,-12,7,14,8,-11,-17,-12
51/32,0,0,3,-5,-3,0,-8,0,-8,-5,-1,-8,6,7,12,6,4,8,12,15,-1,4,12,-8,-3
53/28,0,-2,2,-5,4,6,5,1,2,-4,3,11,-6,7,0,-10,6,-7,12,-9,-6,8,-4,18,8
59/30,0,0,0,-5,2,-5,5,-2,-3,4,3,10,-6,-12,-6,-11,-12,-13,5,8,6,0,6,-9,17
58/33,1,0,2,1,-2,6,-1,1,-3,-10,-4,-8,3,4,-11,5,-7,-4,0,0,2,-8,-4,3,-9
-13/16,0,-2,3,-5,-3,-7,-3,-2,-3,4,-5,-7,-6,-6,-6,6,-7,-5,-6,-7,2,-10,-16,0,-5
-11/16,0,2,1,-5,0,-5,5,-2,6,-5,-5,-10,-9,4,8,-6,5,4,4,-4,-1,2,14,-1,13
31/30,0,0,0,-5,0,4,2,1,3,-7,-10,-7,0,5,-8,-10,5,0,-4,-6,2,-9,-15,6,-18
-10/57,-1,0,0,-5,2,4,-3,-2,-4,10,-6,10,6,6,-8,-10,4,-2,12,-3,0,-7,-16,-8,8
-5/57,0,0,0,1,-2,6,-6,-2,6,-4,2,-7,-2,9,0,0,-4,2,-10,-6,11,10,16,3,-12
-11/57,0,0,0,3,0,1,4,-2,-4,4,-9,-2,-9,4,1,-4,10,6,3,13,7,1,10,-10,-14
-5/92,0,-2,0,1,4,-5,-4,1,0,0,-5,-5,6,6,-4,6,0,8,0,-12,14,-9,-4,10,8
-4/87,0,0,-2,0,-3,2,5,-2,6,-6,3,-1,8,-3,8,1,-12,6,0,8,-2,12,12,0,-5
93/29,0,0,2,1,4,-5,6,1,0,-6,-10,-6,2,8,1,6,-5,0,1,4,2,8,6,-7,8
92/31,0,-2,3,-5,0,-5,-4,-2,-7,-5,2,-10,12,8,12,-2,6,10,9,3,-2,6,17,-14,2
92/25,0,-2,0,1,4,6,2,1,-7,-4,-9,-2,6,-7,-10,-2,-4,-4,12,-13,-13,-12,0,-15,-6
92/29,0,2,-3,0,6,-1,-6,-2,-7,-6,4,10,1,-6,0,-7,0,-11,-10,-15,-13,-1,6,-7,2
15/29,0,0,0,0,6,-5,2,-2,4,-6,-1,-8,8,4,0,-10,-4,8,11,6,-6,10,1,-2,17
-45,0,0,0,-5,6,6,-5,1,-3,9,8,6,0,-2,4,6,-14,10,-11,15,0,-9,6,6,1
-86,1,2,2,-5,-1,-5,3,1,2,4,2,-7,0,-1,-6,2,-4,-11,3,8,7,13,16,3,10
-77/25,0,2,0,1,0,6,4,-2,-9,-5,10,-6,-2,8,-6,6,6,10,3,-15,-10,11,12,18,9
-79/26,0,2,4,0,4,-2,6,1,1,6,-1,-11,6,6,12,0,-9,-13,8,-4,0,4,-4,-15,-18
-82/27,1,0,2,-5,6,-1,-6,1,4,-5,-5,5,-4,-9,6,1,-2,1,-14,-3,4,8,-16,3,3
-20/23,0,-2,0,-5,-1,4,-3,-2,0,9,10,-8,-2,-6,10,3,0,-5,4,14,2,5,-4,3,-6
73/38,0,-2,4,0,0,-5,2,-2,3,0,6,7,3,4,-6,-12,0,4,-2,-2,-11,-1,0,-14,-6
67/41,0,-2,-3,3,4,2,6,1,-3,-5,4,2,6,12,0,6,0,6,-5,9,12,6,1,8,-2
35/17,0,2,0,1,-3,6,-2,-2,-8,3,-9,2,-1,4,-6,-2,11,-11,8,-7,-1,8,14,-14,11
35/22,0,-2,0,1,-2,2,1,1,3,-3,3,-5,0,2,-6,-14,-11,-5,-10,11,-13,-7,-4,-12,14
19/33,0,0,3,0,-2,6,5,1,6,-5,-7,5,0,7,4,9,6,10,-10,-15,-9,-8,7,12,-14
55/68,0,-2,0,-5,0,2,-2,1,4,7,-10,-10,12,7,0,-2,0,8,2,6,11,-1,-4,6,1
60/67,0,0,0,0,4,-5,-3,1,-6,-8,3,10,0,0,-7,-2,-3,-2,0,8,-5,-1,-12,-15,-14
81/8,0,0,3,-5,2,0,-3,-2,-3,0,-1,-11,-6,4,-11,-4,-4,-2,8,3,-16,-11,3,-9,-14
85/4,0,2,0,1,-1,-5,-8,-2,0,3,-4,-8,-1,-9,-2,6,-11,1,4,-15,-8,-4,-4,-9,9
79,0,2,1,1,-1,2,5,-2,6,0,8,-2,-6,-10,13,-4,-1,6,-8,-12,11,4,-11,6,-14
42,1,0,2,1,0,1,-3,1,-9,9,3,-2,-6,10,-8,6,-12,-10,2,12,14,8,-4,3,11
41/32,0,2,0,-5,-2,-1,2,1,6,-2,1,2,-4,12,-6,1,7,8,-6,-15,1,-16,-1,4,7
43/19,0,2,-2,3,-3,-5,-3,-2,6,4,1,-8,7,-1,-6,3,-12,-3,-10,0,-11,-16,17,-1,-18
5/77,0,2,0,-5,-2,-5,-1,1,-3,3,-8,2,12,4,-6,-6,6,-1,-10,-5,14,5,5,-3,-5
2/39,-1,0,3,-5,-3,-2,2,1,-8,-4,-1,8,12,8,-6,-3,0,-4,-12,-15,7,4,6,-14,-7
4/81,0,0,2,0,-5,2,3,1,6,0,1,11,0,-4,0,-6,10,-10,-10,2,-8,0,-16,6,-5
13/45,0,0,0,1,-1,-7,6,-2,6,0,3,-10,-3,7,0,-7,-3,-5,-4,-15,12,9,-7,-15,-5
5/23,0,2,0,1,4,6,5,1,0,-2,3,-10,-7,-9,6,-2,-9,6,-12,8,-13,11,-4,-6,-1
47/93,0,0,1,1,4,-5,-3,1,-3,5,2,-7,6,-10,-8,6,-7,-4,8,-4,11,4,5,12,12
46/97,-1,2,3,3,6,6,4,1,-7,6,-9,10,-6,-12,-11,6,-1,2,8,15,-13,-8,2,10,4
45/97,0,-3,0,-5,4,2,-3,-2,-3,3,10,-5,3,12,-6,1,7,2,-14,-8,0,8,2,-9,4
-40/27,0,0,0,-5,-2,6,-3,-2,-3,7,1,-8,-6,0,4,-4,6,0,12,14,-13,-4,12,8,-18
12/17,0,0,0,-5,-1,1,-2,-2,-8,0,-1,6,6,-1,6,-3,-7,-2,3,5,-9,-12,12,-6,8
63/85,0,0,0,1,-5,-1,-2,-2,4,-5,-9,7,12,1,10,11,2,-13,4,15,7,8,-16,10,10
-13/38,0,2,1,-5,-3,-7,4,-2,-6,-4,2,-11,-6,4,-6,-3,-1,1,-8,13,5,8,-7,0,-10
-22/21,1,0,3,-5,0,6,2,1,3,10,-9,-1,-6,-6,6,-14,-4,6,4,15,-13,-10,-16,-14,9
-22/19,-1,-2,-3,-5,0,-5,-5,-2,-8,-5,2,-6,-6,-1,-11,6,13,2,8,6,10,-16,12,2,3
4/21,0,0,1,-5,4,6,4,1,-8,3,3,-7,6,6,0,-11,5,1,-11,-12,0,-4,-3,12,-3
2/83,-1,2,1,-5,-3,1,3,-2,6,3,6,6,-7,7,1,1,4,-4,2,10,8,1,-16,1,18
19/22,0,2,0,-5,-2,-5,2,1,0,-10,-1,-5,12,4,-7,-4,-7,-3,-3,-4,8,4,-6,-10,8
40/79,0,2,0,1,0,2,3,-2,0,-3,6,-2,-6,-4,1,-4,-2,-1,3,3,-2,-8,-16,0,-8
-33/70,0,0,0,-5,0,-1,-4,1,-3,3,1,7,0,4,11,-4,6,1,4,-9,0,-9,12,18,0
-37/71,0,2,2,-5,0,-1,3,1,-6,6,-1,-11,-7,5,4,1,-4,-7,-12,4,-2,-8,10,-3,6
45/8,0,0,0,3,4,-5,6,1,-4,-7,-7,8,12,7,-6,0,-4,5,-7,11,-11,10,-3,-9,11
-74/77,-1,-2,0,-5,-2,-1,2,1,6,3,-2,-11,2,-1,13,3,11,-5,8,-15,-4,5,-16,-1,14
-79/75,0,0,0,0,-5,-1,-3,-2,2,0,-9,-3,2,9,11,7,-4,8,-12,-13,-13,4,4,10,8
6/37,-1,0,0,3,4,2,-6,-2,3,-5,2,-8,-3,10,6,1,0,-2,0,12,12,-4,16,-8,-19
-38/31,-1,2,0,1,0,-5,1,1,-3,10,2,-1,-6,-3,4,4,-14,-1,2,15,7,5,-8,-1,-14
-5/11,0,-2,0,-5,-2,-1,5,-2,6,-10,-1,10,-9,1,-6,-2,-2,0,-12,0,2,-8,1,-7,16
-46/11,-1,2,2,1,-2,2,-6,0,-7,0,-2,-5,-9,12,-10,-2,2,6,10,-15,-1,-16,3,10,-8
-10/9,-1,0,0,1,4,-1,2,0,0,6,1,-2,6,-6,0,1,6,4,5,0,-6,-9,4,9,11
-28/43,0,-2,1,1,2,-6,6,1,-8,-1,-1,-7,0,-12,0,-10,-10,-10,9,2,4,6,15,9,-6
-5/7,0,2,0,-5,-3,1,-4,1,-9,7,8,-1,-1,6,12,-9,13,13,16,11,-6,9,2,10,-18
-33/43,0,0,1,1,0,-5,-6,0,3,-5,-5,10,-5,-12,4,-6,-5,5,6,-12,12,1,0,-2,14
-50/77,-1,-2,0,-5,-2,4,-6,-2,3,-4,2,-2,10,-3,8,2,-14,4,-6,-15,4,8,4,8,-3
49/38,0,-2,-3,1,-5,1,-3,-2,4,0,2,-8,-1,8,12,-2,-3,4,4,-7,2,-11,6,-10,-2
100/77,0,-2,0,-5,-2,-5,-3,1,-3,3,8,-2,12,12,11,5,4,-7,-3,-12,-11,-15,17,10,8
51/62,0,0,-3,-5,-5,-1,-8,-2,-9,7,2,-2,6,-7,0,1,-7,8,-12,-3,-13,-16,4,-17,-14
-3/34,0,0,-2,3,0,4,-2,1,2,4,1,8,-6,1,10,6,0,8,-14,-1,-1,-14,-12,-10,10
-4/37,0,-2,-2,-5,6,0,-1,1,-8,3,-1,-8,-6,9,-6,-10,10,8,0,-3,-13,-8,8,10,-2
-32/75,0,0,0,1,4,0,-1,-2,6,6,10,-2,4,10,11,5,6,-4,4,4,2,-14,-6,8,-7
-17/37,0,2,2,1,-3,0,-8,-2,3,4,1,-8,0,-4,0,-9,2,-10,-12,7,-10,-8,5,-15,-1
-14/27,-1,0,3,1,2,6,-6,-2,6,6,10,-1,-6,-6,-6,-2,2,-13,-11,-8,-1,-14,2,18,2
31/6,0,0,2,-5,4,1,-3,1,-3,10,-10,7,-6,-2,1,-2,-11,-13,-14,-4,-16,6,12,6,14
-58/13,-1,-2,2,1,-3,-2,-5,1,-3,-10,8,-11,-6,-2,4,2,-5,-10,12,2,-4,-10,-3,0,12
-46/97,1,-2,3,-5,-5,2,3,1,-7,6,-10,6,0,12,-11,-9,4,-11,-14,-15,-13,-16,10,18,4
-51/92,0,0,-2,-5,-5,2,-8,-2,0,9,-1,-6,12,-1,4,-3,-11,-11,8,8,-9,-15,4,18,5
-51/94,0,0,4,-5,0,-1,-8,-2,-3,4,3,-2,1,10,3,-2,0,-13,3,-15,-13,5,-4,18,-7
-53/96,0,0,3,1,-2,-5,-5,1,0,6,3,-1,-6,10,0,-10,0,-13,-2,-12,-13,-16,8,-3,1
-77/85,0,2,0,1,0,0,-2,1,3,-3,-4,-6,-4,5,11,-2,6,6,-14,14,4,-14,0,-12,2
-57/71,0,0,-2,1,-3,2,5,1,2,0,-10,-5,0,8,-6,1,0,1,-5,4,-13,-4,-9,6,13
-56/73,0,2,2,1,-2,-6,3,1,-3,-2,-5,-5,-4,-6,1,6,-2,-11,3,2,-6,-1,6,10,8
-11/25,0,2,0,1,0,4,2,-2,2,10,2,-8,-3,10,-8,-2,11,2,4,-9,-14,13,10,0,2
-54/71,-1,0,2,1,0,-5,3,-2,-9,6,-7,10,-1,4,-2,11,-7,-10,8,4,2,11,14,3,-7
-55/73,0,-2,0,-5,0,4,-5,1,-3,-4,-9,10,-6,5,0,-4,0,4,-12,-12,-6,4,8,6,7
-27/34,0,0,-2,1,2,-5,-2,1,6,-5,-1,-7,-9,10,-11,9,0,10,3,-3,5,-16,-5,10,11
-24/37,0,0,-3,1,4,6,-4,1,6,-8,-9,-8,1,-1,10,6,4,10,-12,5,-11,-8,-10,-1,-5
-15/38,0,0,0,1,0,0,-4,-2,-4,-5,-1,-7,-6,10,-2,-3,-13,5,11,4,-5,-12,-4,-1,2
-19/28,0,-2,0,-5,2,2,-5,1,6,3,-9,6,-2,8,2,-7,0,10,0,10,0,15,3,0,-14
-29/34,0,2,1,0,-3,4,-2,1,1,-10,3,-7,10,12,-8,-3,-10,-3,2,2,-13,-9,3,-3,10
-5/6,0,0,0,-5,-5,2,-6,1,-8,-2,-7,-6,1,6,0,6,11,-4,2,-5,7,-6,5,-17,-4
-8/17,0,-2,2,1,2,4,-2,1,-3,7,-5,-6,-6,4,0,0,5,-7,-14,-1,7,10,-7,-13,-3
-27/68,0,0,0,3,-2,-5,-2,0,0,-4,3,5,12,1,8,-4,6,4,0,13,-14,2,-1,-17,12
-28/67,0,-2,0,1,4,6,5,0,4,9,-9,-8,12,-4,-6,-6,-13,-11,0,6,-1,10,-4,-6,-12
-59/25,0,2,0,0,2,6,3,1,-3,6,0,-2,0,4,8,-14,-12,-3,10,13,7,-8,0,8,18
28/17,0,-2,2,1,-5,6,-2,1,-8,-5,-4,-1,-2,-9,0,-9,0,10,12,-8,-7,-16,-5,12,1
41/85,0,-2,0,1,-5,-5,-2,-2,0,2,-1,-10,-4,4,13,1,6,-4,8,-12,2,-11,3,10,10
43/89,0,-2,-3,3,6,4,5,1,-3,6,-4,-6,-6,-1,-3,-6,10,-13,-4,14,11,13,2,-8,-1
43/88,0,2,0,1,-2,1,2,1,6,3,1,10,-6,-1,13,-4,-4,6,0,-12,-6,4,1,0,14
22/41,-1,-2,2,1,0,4,-3,0,4,-8,-9,-11,6,-9,-8,9,-7,-1,-14,12,-1,-4,4,-12,-7
19/43,0,2,-2,-5,-2,-5,-3,1,-3,7,1,-10,-4,-12,0,-2,-4,1,-12,10,-2,13,0,-8,6
-41/70,0,2,0,-5,0,2,2,-2,-3,0,-1,8,-4,8,-6,-3,0,-1,5,-15,-10,11,-9,-14,9
-14/25,1,2,0,1,6,2,5,1,-6,-10,1,-3,1,-3,3,-2,9,-6,12,6,-5,8,3,3,12
-21/37,0,0,2,1,-2,-5,-1,1,6,4,3,-8,-5,-4,-6,-6,11,-7,-14,-4,-2,1,12,-6,17
32/101,0,2,3,1,4,4,-6,1,-3,2,-10,-5,1,2,-6,3,6,13,-11,8,2,-8,17,-15,8
35/99,0,0,0,1,-2,-6,5,1,-3,6,3,-1,-1,-4,0,1,8,2,4,3,7,-10,16,10,13
-35/6,0,0,0,1,4,-5,2,-2,-8,0,-1,-7,-6,6,4,1,6,-7,4,0,-2,-14,-3,6,2
-35/4,0,2,0,1,4,2,-3,1,-4,9,1,-5,-7,4,-7,-2,4,1,10,13,2,10,9,-16,-1
-67/13,0,-2,0,-5,4,-2,-3,1,-3,-4,-6,6,-9,-6,-11,1,-4,-5,-5,0,-13,11,-3,6,13
-70/11,-1,2,0,1,-2,-1,-5,1,6,7,10,-10,6,8,-6,-4,4,8,0,4,7,-14,16,-15,8
-73/10,0,-2,0,1,4,6,-3,1,6,9,-6,2,-6,4,-6,-6,0,-4,14,0,-11,-16,11,12,-4
-72/11,0,-3,-3,3,-2,2,6,1,2,-2,4,-2,0,-1,4,-11,-9,0,-12,-1,-14,-16,11,3,-1
-69/16,0,0,0,-5,2,1,4,1,-7,-5,8,6,-4,-10,0,0,-4,8,8,13,-2,8,1,12,16
-71/16,0,2,1,3,6,4,2,-2,-4,4,-9,-2,-3,4,3,-11,-14,8,4,-12,2,1,-7,6,-18
-37/45,0,0,0,-5,4,-1,-4,-2,4,3,-10,-11,-6,10,-8,-6,9,1,5,15,7,-7,-4,8,13
-37/43,0,-2,0,-5,-3,6,5,1,-4,4,0,-11,-7,-12,0,10,4,-10,-2,0,0,-6,0,-6,11
-40/43,0,-2,0,1,4,1,2,-2,-8,6,2,10,12,-12,4,-14,-4,-1,1,12,4,-4,11,-12,-10
-33/40,0,0,0,1,0,-6,2,1,-8,-8,8,2,-2,7,0,-2,0,-10,5,15,-16,6,4,-12,12
76/15,0,0,0,1,0,6,-3,1,6,6,3,-5,6,7,-6,-6,11,10,-7,-12,8,-16,-16,10,11
-51/46,0,0,1,3,-1,0,-8,1,0,-8,-5,-5,-9,-1,-1,-4,-4,6,-8,8,-4,15,-13,12,8
-49/45,0,0,0,1,2,6,5,1,-8,-4,3,-2,-9,4,2,-4,13,-7,-10,-3,-14,12,6,1,-18
-47/42,0,0,2,-5,4,-6,-4,1,2,-5,2,6,0,-1,-8,-6,0,2,4,-15,-4,-16,6,-6,1
-51/44,0,0,4,1,-2,-5,-8,0,4,3,-1,6,-3,6,0,1,10,-5,-12,4,-8,-16,14,-10,3
74/31,-1,-2,1,1,4,6,5,-2,-3,-5,2,-11,8,-6,1,-10,0,4,1,16,-11,-10,6,10,-14
-16/27,0,0,2,1,6,2,6,-2,-9,-5,-10,-7,-9,-6,-3,4,-14,-8,-10,0,-10,10,-4,6,12
-17/30,0,0,0,1,-1,6,-8,-2,4,-5,8,10,8,-2,2,-11,-7,8,1,13,-13,-14,12,-12,6
23/42,0,0,1,-5,4,6,2,0,-7,-2,10,-8,2,4,-2,-9,6,2,4,13,8,8,14,-15,14
-84/73,0,0,2,1,6,-1,1,1,6,-4,-4,-5,2,1,-1,6,0,-12,14,6,-6,-10,-4,18,1
-79/73,0,-2,0,-5,2,-5,-3,0,-3,4,-8,-2,0,8,12,-14,0,1,8,6,-6,4,3,12,-7
-82/77,-1,2,2,-5,-2,-5,-5,-2,3,3,-5,-7,-4,4,-6,-3,-2,-2,-12,-8,-5,-4,6,-10,-7
-5/98,0,-2,0,-5,4,1,2,-2,-8,-10,1,2,-2,-3,1,7,-11,6,-12,-12,-1,13,-8,-9,8
-4/47,0,2,3,1,2,-6,4,1,-9,5,1,10,0,10,3,3,-1,-1,-13,10,-2,-12,-15,12,6
59/64,0,-2,4,3,0,-6,5,-2,6,-4,-1,-7,12,7,6,-3,-12,6,8,3,14,-8,10,8,-12
8/81,0,0,3,1,-1,6,5,-2,-6,-10,-1,-2,-2,8,-7,-4,-1,1,-8,-2,-16,-1,-11,-9,-13
1/80,0,-2,0,-5,-3,6,-1,1,-8,-2,10,-1,6,8,4,-6,6,-7,5,-12,7,0,-8,6,-12
4/89,0,-2,0,-5,-3,4,4,1,4,-7,1,-7,-3,6,-6,-10,1,4,2,13,-2,-10,10,-8,-13
5/8,0,2,0,-5,-1,6,1,-2,-3,-8,-1,5,6,-4,-10,7,1,-12,2,-9,0,8,17,12,10
29/47,0,2,3,3,2,0,2,1,2,-10,-9,2,-9,-6,3,-14,-4,-4,-11,5,-6,10,-3,1,-2
55/93,0,0,0,3,0,-5,-4,0,-3,3,2,7,-6,-7,8,6,6,-8,8,9,7,11,8,-6,9
-22/89,1,2,0,-5,0,4,2,-2,-3,-10,-8,8,8,8,-8,2,-11,-5,4,5,10,-10,-4,-8,-18
45/41,0,0,0,-5,4,1,-3,1,4,4,-1,10,6,10,-11,3,10,13,8,-12,-4,-9,-4,-12,14
47/40,0,-2,0,0,-1,-5,2,-2,-9,0,10,-6,0,-1,-8,6,2,-5,12,12,-8,-16,-4,-9,6
-17/14,0,-2,-2,-5,0,-1,-8,-2,3,-4,2,-8,-1,12,-3,1,5,8,-14,0,-6,12,-4,-3,2
59/71,0,2,1,3,-2,6,2,-2,6,0,1,-2,-6,-10,-8,6,-12,5,8,4,-6,8,12,18,14
62/75,1,0,0,-5,-1,2,-3,-2,6,3,-10,-7,-6,-4,11,-6,-13,-3,-8,-15,-2,2,5,-1,14
-23/3,0,0,2,-5,4,2,5,1,-7,-7,-9,-2,1,8,-6,6,6,-2,4,13,-6,-4,1,-2,-12
-99,0,0,2,1,0,-5,2,1,-6,-5,-7,-8,-3,6,-8,9,0,-5,-14,2,-6,15,-9,6,-14
91/97,0,2,2,1,-3,-7,-4,-2,-3,-5,0,-8,-6,4,-8,-4,10,-4,-12,-15,6,12,6,12,4
95/97,0,-2,0,3,-1,-5,5,1,-9,-3,4,-2,6,-10,-11,5,-4,-7,-14,-12,-6,15,6,-14,4
-27/16,0,0,2,-5,6,-5,-1,1,-8,4,-1,5,1,-6,1,1,-2,2,-5,8,12,-8,4,8,1
-52/33,0,0,4,-5,-2,-7,4,1,0,4,-5,10,0,12,0,-2,-2,6,4,-15,-10,-14,17,6,10
-7/5,0,2,0,1,-2,-1,-6,-2,-8,4,3,-1,2,4,-6,1,0,-5,-8,-4,2,10,-6,-1,11
-24/17,0,0,2,1,4,6,-2,1,0,-7,0,-5,-6,5,-3,3,11,-13,4,-9,-5,15,2,-6,-7
-53/36,0,0,0,3,0,-1,3,-2,-8,0,-1,-5,0,-1,8,-10,0,8,11,7,-11,-8,-5,-6,0
-25/18,0,0,0,1,0,-5,-4,1,-3,-8,-8,10,10,-6,-6,-2,-11,2,-3,12,2,-16,-16,3,-2
-22/15,-1,0,0,1,0,0,5,1,-4,3,-9,8,-5,-4,-2,1,-14,-1,10,-12,-4,9,-4,0,-12
100/47,0,-2,0,1,-3,-6,-4,1,6,-5,-1,-5,3,-4,3,-3,-9,-10,-6,5,-1,11,7,-7,-14
61/14,0,-2,1,-5,-1,-1,-3,-2,2,2,3,10,-3,-9,2,1,-7,-13,9,11,-14,-12,12,-6,2
55/16,0,2,0,3,0,2,-3,-2,6,-1,8,-2,1,4,-8,2,4,1,5,-8,-13,11,12,6,-6
-80/41,0,-2,0,3,-5,6,-3,1,-6,5,1,-2,6,4,-3,6,-9,-13,-10,11,-10,0,-16,18,2
41/10,0,-2,0,1,-2,-5,3,1,3,6,2,-6,-4,-6,6,2,0,5,5,-12,10,-6,8,-10,-7
-41/33,0,0,-3,3,-2,-1,1,1,1,-8,-9,8,-4,-6,1,6,6,13,8,14,-2,-10,4,5,-8
-88/61,0,-2,2,1,0,-1,5,1,3,3,-9,-2,-6,-10,1,6,-11,-4,4,16,14,1,-6,12,-5
-91/57,0,0,-3,1,-3,-7,3,-2,-8,-2,3,8,-7,9,12,6,6,8,4,12,-13,-14,4,-9,8
-86/59,-1,-2,4,-5,2,2,-6,-2,0,4,-1,5,-6,-1,13,4,10,1,-14,3,2,13,12,1,-18
-91/54,0,0,4,1,-2,-7,5,1,-8,4,1,7,-3,1,1,-3,-14,13,2,-12,4,-8,4,-3,0
-91/55,0,-2,0,1,-2,-7,1,-2,6,4,-9,-10,-6,-3,-6,-12,1,-1,-12,3,-16,1,-4,-1,18
-76/25,0,-2,0,1,-3,4,3,1,6,3,1,-1,2,4,-8,-11,-14,-11,-4,0,-7,-8,-5,1,2
25/31,0,2,0,1,-3,-5,2,-2,2,-1,2,10,-6,1,11,-3,6,-4,9,15,2,10,6,2,0
17/8,0,2,1,3,0,6,-8,-2,-3,9,6,-5,-6,1,-6,-9,0,2,2,-5,-16,-6,16,1,-9
11/5,0,2,0,-5,0,2,-4,1,-6,-5,-9,-2,0,7,0,-12,-14,8,-10,14,2,0,12,6,-3
23/31,0,-2,-2,3,4,0,5,-2,-7,-8,2,11,10,8,0,-9,10,-1,5,-1,-1,9,-6,-6,-6
17/35,0,2,0,-5,-2,6,-8,-2,3,-1,3,-5,-5,-7,-4,-6,-10,-6,4,-3,-1,-5,0,18,8
-20/33,0,0,0,3,-2,6,2,1,-8,-3,-8,-2,2,4,-6,-3,2,1,0,-12,-8,-16,-12,-7,8
11/17,0,2,-2,1,0,-6,-2,1,6,4,-4,-2,8,12,4,6,0,-2,2,13,4,4,6,3,1
-13/33,0,0,2,3,-2,-7,-3,-2,-3,-2,-5,-1,-6,4,7,-6,-14,8,4,0,4,0,-6,-8,-19
-16/29,0,2,4,-5,-3,6,-1,1,-3,-6,-1,10,2,4,-6,3,-4,4,12,-12,-6,6,7,-10,2
-40/17,0,2,0,3,0,1,-2,0,-4,9,-7,10,-4,7,0,9,-11,5,-12,0,-7,13,3,5,5
-44/39,0,0,1,3,0,-2,5,-2,-8,9,1,-2,-7,7,-3,1,-14,2,-14,8,-13,4,11,-17,7
-43/41,0,2,0,0,4,4,-5,-2,0,2,-5,-2,6,-1,-6,6,6,-12,-12,-3,-2,2,0,2,-3
-87/83,0,0,0,3,-1,-6,4,1,6,-10,10,-2,-5,1,0,5,0,-5,-2,-6,2,-7,-16,1,-18
-87/85,0,0,0,-5,4,-5,-2,-2,-9,-10,2,-5,-6,-6,0,6,1,-13,5,13,0,8,-16,6,-4
-7/43,0,-2,2,1,4,-5,2,-2,6,3,-6,-2,-6,-12,6,-10,2,-6,5,-3,2,-7,2,0,2
-37/17,0,2,2,-5,-2,6,-2,1,6,7,-9,-11,-3,-1,-11,6,-11,-1,14,-1,2,8,1,-10,-7
-42/19,1,0,3,1,-2,-6,-3,-2,-4,10,10,11,4,5,0,1,6,10,4,13,-2,-15,-4,12,8
-10,-1,-2,0,-5,-5,1,1,1,-3,3,-8,11,-1,4,6,6,9,8,9,-12,-5,-15,-16,6,-9
25/9,0,0,0,1,-3,2,3,-2,-3,-4,-1,10,12,-2,-6,-2,-4,-8,0,-1,6,6,9,18,-10
7/3,0,0,1,1,2,4,-3,1,6,-5,1,11,6,12,-6,2,6,1,-3,15,-13,10,12,-14,8
-49/83,0,2,-2,1,-5,4,3,1,6,-4,-1,10,-2,4,1,-2,-7,-13,-12,-12,-2,1,-16,-14,1
52/69,0,0,-2,-5,6,-7,4,-2,0,10,3,-10,0,4,0,6,-7,1,4,-9,7,-14,1,-6,0
25/37,0,2,0,1,0,6,2,-2,6,3,1,-8,-5,10,0,-3,8,10,2,-12,4,-15,0,-3,8
29/48,0,0,-3,1,6,-1,-3,0,-8,-10,-5,-1,10,1,-3,-4,-4,6,-12,-12,-16,-7,12,-1,2
50/99,-1,0,0,0,-2,1,-5,-2,-8,0,-4,10,2,2,4,6,6,-1,4,-4,7,8,-8,-8,-2
17/57,0,0,4,3,-2,-6,-8,-2,1,-5,-5,7,-3,6,0,-2,-2,-4,-4,0,5,-12,12,-14,10
21/61,0,0,0,1,0,4,2,-2,2,6,1,-11,12,4,0,-6,7,-4,-12,3,-14,-6,-10,-6,-18
20/61,0,-2,0,-5,4,-5,-6,1,-3,-8,3,10,-6,-4,-6,6,0,-4,11,-13,-6,-9,-9,10,12
3/11,0,0,-3,1,-2,-5,-3,1,-8,-3,-1,10,-5,-12,-6,-12,-9,6,-2,-15,7,-15,6,1,13
-13/97,0,-2,4,1,-5,-7,-5,-2,6,3,-1,-6,12,5,-6,-2,-1,-10,2,-15,-10,-9,2,12,4
-15/97,0,0,0,0,-1,-5,2,1,-4,9,-10,-7,12,-1,-8,-4,-13,2,12,-12,-1,-6,-4,-1,4
83/30,0,0,0,3,0,4,-4,-2,6,-2,1,-8,7,6,4,-3,0,-6,-4,2,0,5,0,-14,14
83/29,0,2,0,1,-3,-6,2,-2,6,-6,-5,-7,-6,5,0,0,-9,4,4,8,12,-4,0,6,2
84/31,0,0,2,1,-1,-1,-5,-2,-4,9,2,5,6,-10,-10,-3,6,-1,8,3,-6,0,1,10,-14
82/27,-1,0,0,1,-5,-5,5,1,-3,-5,-9,2,-4,7,4,-7,-4,0,10,8,0,5,-3,-6,12
15/98,0,0,0,-5,4,-5,-4,1,4,-2,3,5,-3,-12,8,6,-14,8,-14,15,-4,15,11,18,-6
10/99,-1,0,0,3,-2,4,-3,1,6,-2,3,-6,3,-7,4,-2,-11,-10,4,-6,11,1,17,-6,-12
9/100,0,0,0,0,0,2,-3,-2,0,2,10,-5,12,8,0,-2,-4,-10,-2,-2,0,-8,-4,-8,12
-39/23,0,0,3,-5,4,-7,-6,-2,0,0,2,-5,8,-6,-11,-6,4,-12,2,16,0,9,6,-12,17
-38/21,1,0,-2,-5,4,-5,3,1,-9,-5,1,10,1,4,1,-2,0,-13,-6,-9,10,-4,-3,-6,5
36/97,0,0,0,1,-3,-6,2,1,-8,0,-5,-2,0,9,-8,-6,-4,10,16,8,-10,0,-7,-14,4
5/16,0,-2,0,1,-5,-6,6,-2,-9,9,1,6,6,10,-6,11,6,-1,4,-1,11,8,8,-8,8
-24/35,0,0,0,-5,6,-6,-1,1,-8,-2,-7,-8,-5,10,4,3,0,-2,5,-7,-5,-14,-4,-7,13
86/99,1,0,2,1,-2,2,5,1,-3,-5,-10,7,-3,-1,0,6,-9,-3,-12,-13,-8,13,-16,-15,2
41/49,0,-2,2,-5,2,-5,2,1,2,-10,-10,-7,-4,-7,0,1,9,-8,-14,8,4,4,17,8,-12
-21/58,0,0,0,1,-3,1,2,-2,0,-6,-9,7,1,4,0,6,-2,8,-3,-3,-5,0,-13,-12,8
-19/59,0,2,2,3,0,2,-3,1,6,10,-9,-2,-3,1,-6,1,10,6,-14,2,-2,-16,-4,2,5
-13/60,0,0,0,1,-3,-7,-3,1,0,-5,-1,-6,-5,-2,-8,3,-10,13,4,-4,-16,4,14,2,-14
-17/62,0,-2,2,3,4,2,-8,1,-3,5,2,5,-9,0,4,-14,-14,-3,9,4,4,0,0,0,8
70/67,1,2,0,1,-3,-1,5,-2,3,4,-1,11,8,7,-6,-7,0,10,0,-3,-8,-14,4,-10,-6
58/91,-1,2,0,-5,-5,-2,-3,-2,3,-10,-6,5,-1,10,-8,-3,10,1,10,-8,7,0,-4,1,3
24/47,0,0,2,1,0,1,5,1,-3,4,8,-3,-5,-4,3,-6,6,8,-4,-8,8,-4,2,10,-2
58/85,1,2,0,1,6,6,-2,-2,6,-10,4,-8,-2,7,-1,-2,0,8,12,4,-2,15,8,-6,3
50/89,1,2,0,3,2,2,-3,-2,4,-2,3,-6,0,12,6,-9,2,2,5,-1,-10,-5,4,-8,11
-35/23,0,-2,0,1,0,1,2,1,0,4,4,-2,0,5,0,6,0,2,3,-4,-13,8,6,18,2
-37/21,0,0,2,-5,-3,2,6,-2,3,4,-9,-11,6,12,-6,-4,-10,-11,12,3,-11,0,-4,-7,14
-47/31,0,2,0,3,4,2,-1,1,-4,7,2,2,-6,1,-8,3,1,6,-14,12,-2,0,-13,-1,10
46/5,-1,-2,0,-5,4,-5,3,-2,-7,6,3,-11,-6,6,0,1,-2,-6,-5,3,-14,8,0,0,-13
48/7,0,0,2,-5,6,-5,-6,1,-4,4,-4,-6,-6,-1,-6,-9,9,-2,4,-4,-4,0,-16,6,-14
-11/71,0,-2,2,3,0,-1,-6,1,2,-5,4,-5,-6,4,0,2,6,-1,-7,4,14,6,-16,12,-14
-22/43,-1,-2,4,1,0,2,1,-2,-3,6,-2,-2,-4,-12,-3,-12,0,13,0,13,2,-5,5,-6,-2
-22/41,1,2,-2,0,0,0,-4,1,-3,5,-10,10,6,7,-6,1,0,-13,8,6,7,11,-13,8,-9
-9/31,0,-3,0,-5,6,-6,2,1,-9,10,2,-7,-6,4,-6,-6,0,1,-14,-1,10,-16,6,-8,-1
-37/57,0,0,2,-5,0,1,-3,-2,-3,-5,-9,-11,-1,-4,2,-14,0,0,-11,8,-5,-9,17,12,2
93/65,0,0,0,0,2,-2,2,-2,-8,-4,-10,10,8,-7,1,4,6,13,-10,8,14,8,-4,-6,-12
42/19,-1,0,3,1,0,6,-3,-2,-3,3,3,-5,0,4,3,-7,-2,0,-12,0,14,-8,0,9,-10
-39/37,0,0,2,-5,-3,-7,-3,0,1,-4,-5,-8,6,7,-6,3,-12,0,10,-9,10,-16,-4,-14,0
-9/32,0,0,0,3,0,-5,-3,-2,-4,-8,-1,-11,-6,-10,4,6,-1,0,8,-9,-13,-4,6,0,-18
51/73,0,0,-3,3,-5,-5,-8,1,3,6,1,5,6,-4,7,-4,-5,-4,2,-12,-6,6,-3,-16,-7
15/17,0,0,0,-5,0,6,-2,1,-3,-4,1,11,6,7,0,-14,-10,4,6,-15,2,0,-11,10,11
47/17,0,2,0,-5,2,0,-2,1,-9,9,-8,10,10,1,-8,10,0,1,-10,-9,4,4,-4,-17,10
49/15,0,0,0,1,-3,-5,4,1,4,4,-9,5,1,4,0,6,0,-3,-4,-12,-1,-7,-4,0,3
-25/21,0,0,0,-5,-2,-5,5,1,-3,3,10,11,8,8,4,3,-2,-12,-12,7,8,15,3,6,18
-58/41,-1,2,-3,1,-5,2,3,1,3,-10,10,-8,6,1,0,-6,-11,-1,16,5,-5,-10,-10,3,1
-11/8,0,-2,-2,3,0,2,2,0,-3,-3,10,-1,-6,-1,0,-2,4,-7,2,2,10,-16,15,-14,6
-91/73,0,-2,-2,1,0,-7,-4,1,2,0,3,-2,-6,8,4,-2,8,6,4,-12,-6,0,12,9,-5
-19/14,0,2,1,-5,-5,6,6,1,-4,0,1,5,6,-7,4,6,6,-5,3,-12,14,13,12,-8,12
19/37,0,2,-3,1,-1,2,6,1,-8,-4,-4,-8,7,-1,-11,-9,0,-6,8,-5,-10,2,2,-9,10
19/39,0,0,4,3,4,-2,2,1,-8,0,-1,-6,-1,-4,-6,6,-2,13,0,-6,-16,-4,15,-12,-14
-26/19,1,2,4,1,4,-7,-3,-2,6,7,-4,-7,-1,-10,7,9,0,-4,3,7,11,-10,0,-17,1
20/7,0,-2,0,-5,2,2,5,-2,-6,6,-7,-11,-6,4,0,6,6,1,-11,4,-2,-16,0,2,14
22/9,-1,0,-2,-5,0,2,-1,-2,-3,-2,1,5,-9,-12,8,-4,11,10,-6,-12,-2,-11,-9,3,-5
44/19,0,-2,2,1,0,1,2,-2,1,9,8,2,-9,5,13,-11,0,6,-13,-3,-4,6,14,-3,-8
91/60,0,0,0,1,4,-7,6,1,6,-7,2,-8,0,-6,0,5,-4,4,-10,-12,-16,8,0,3,-19
94/63,1,0,0,-5,0,-5,2,-2,-3,9,2,-2,6,4,-8,2,0,2,-3,0,0,-1,-5,-16,-2
-25/2,0,2,0,-5,-3,6,-3,1,-4,-7,3,-1,6,4,7,-2,-7,6,4,16,4,12,8,-14,17
-49/3,0,0,2,1,-1,2,6,1,-4,5,-7,5,-1,-2,-6,3,8,-13,8,-15,-13,-12,4,4,-6
-45/2,0,-3,0,1,4,2,2,1,1,0,-2,5,-9,10,2,-14,0,13,12,4,11,-4,12,-2,16
-77/3,0,0,0,1,0,-1,2,1,-3,9,-9,7,-4,10,6,-2,0,-2,11,-13,12,12,12,6,2
-7/11,0,2,0,1,-2,2,-3,1,4,-7,-5,5,-6,9,0,10,0,10,2,-15,11,-8,4,-3,-7
-45/67,0,0,0,0,6,2,5,1,3,-3,-1,-2,3,-4,-2,1,-10,-5,0,6,8,-16,-3,-6,2
-43/8,0,2,1,1,4,-6,4,1,-3,7,-1,11,10,-1,-8,1,-2,-3,10,-15,2,5,2,10,-1
-4/27,0,0,-3,-5,0,-1,2,1,-4,-7,2,-6,-6,7,11,-2,-3,-11,-3,4,4,6,4,0,-2
-35/67,0,2,0,1,0,0,4,1,2,0,-2,-2,6,1,4,-10,5,-7,0,0,-4,-8,16,-12,-12
-35/69,0,0,0,1,-2,2,3,1,0,10,-9,10,8,4,8,4,-13,-10,5,8,2,4,-13,-10,-9
-63/71,0,0,-2,1,4,-1,-3,1,-8,9,-2,-2,-7,6,-6,-4,0,5,12,4,10,-7,3,10,17
-73/72,0,0,0,1,0,2,2,1,4,4,-6,10,-5,-3,8,-6,1,-2,-4,-13,-11,13,-9,6,1
-71/72,0,0,3,3,-5,2,6,-2,3,-8,-9,-2,3,4,-11,5,9,-10,4,-12,-6,5,-3,12,-6
-35/36,0,0,0,1,-2,1,-3,1,-3,-3,-2,6,-9,2,-11,-2,7,8,14,2,-13,-12,8,0,12
-12/97,0,0,1,-5,2,4,3,-2,-6,6,-4,-7,8,4,-6,3,11,-11,3,3,-7,0,17,4,4
-11/98,0,-2,3,-5,0,-5,1,1,6,0,-10,6,-9,-6,6,6,13,-5,-8,-3,-14,-4,6,12,14
-41/57,0,0,-3,0,4,2,-3,-2,-3,-5,-6,-7,-4,4,4,1,-5,-13,5,-12,-6,12,1,4,11
-68/45,0,0,0,3,0,-6,-8,1,-4,5,-10,-5,-3,4,1,-3,-4,-4,-11,3,-13,0,-4,3,12
34/15,-1,0,0,1,-2,-5,-8,0,-3,10,-7,-7,-6,12,-6,-2,0,2,4,6,12,-16,4,-15,0
35/12,0,0,0,1,-1,-5,-1,-2,-3,6,-8,-1,6,7,-8,-2,6,13,2,-12,7,-8,-11,-7,10
15/11,0,0,0,1,-2,6,-5,-2,-6,-2,2,6,6,-6,-6,-9,-2,6,2,8,-13,11,-4,-16,10
-49/9,0,0,2,1,0,-1,-3,-2,-3,4,-4,10,-1,7,12,-10,-4,-10,-12,-12,2,-15,5,6,17
-47/10,0,2,0,3,-2,6,2,0,-6,-2,8,7,-3,5,-8,6,-4,8,-12,-9,2,-4,-5,-2,-12
-89/4,0,2,2,-5,0,6,3,-2,6,3,2,-11,-4,-4,1,-2,6,-12,16,-15,6,5,-16,-13,10
-47/55,0,2,0,-5,-2,-6,4,-2,-3,-4,-1,-7,2,-7,-8,1,6,6,-12,-12,-2,8,-3,6,18
-41/56,0,-2,2,-5,-2,-6,-6,-2,1,-4,3,6,-4,4,13,-14,0,-8,-11,-13,0,4,-7,-9,8
-14/23,-1,-2,3,1,0,-1,-4,1,0,-5,-7,8,-3,2,0,-14,-4,-2,-2,-3,-6,-11,0,10,2
-59/91,0,2,2,-5,2,-2,-1,-2,-3,6,-1,11,-9,-7,-1,-9,-12,-8,12,6,-2,13,0,8,16
-64/89,0,2,1,-5,-1,-6,4,-2,2,-8,4,10,7,-10,0,6,9,-4,-8,8,6,-4,-12,-8,8
25/49,0,2,0,-5,4,-1,-3,1,-6,2,1,7,-9,4,0,9,10,-5,-3,-2,-13,-6,3,12,2
-18/61,-1,0,-3,1,0,4,2,1,6,2,10,11,-5,10,8,-9,-5,-4,10,13,-10,0,3,-3,5
-17/60,0,0,0,0,-5,-6,-8,-2,3,-4,-2,-7,6,10,-8,6,-12,-6,-8,-12,4,-9,3,8,13
-11/29,0,-2,0,3,0,-5,-4,1,6,-6,-8,-1,-6,-4,0,-6,6,-3,-6,6,-2,-6,16,18,-2
-29/64,0,2,2,1,0,1,2,1,-3,-10,2,2,0,9,6,9,4,4,-12,4,7,-8,12,10,8
-27/67,0,0,1,1,2,-6,-1,-2,6,-8,2,-7,10,9,2,6,6,4,0,-5,-6,-7,6,-12,-6
-29/68,0,-2,-2,-5,-1,6,-2,1,2,-10,-8,10,-6,-1,0,-2,8,-8,4,-4,4,-4,5,10,8
49/44,0,-2,4,1,-2,0,-1,1,6,4,1,10,-4,-4,-6,-10,7,-2,-13,-15,10,10,0,1,2
-18/35,1,-3,0,-5,-1,4,3,1,6,-8,3,-7,3,-1,0,-3,6,-8,2,7,12,-1,-16,-6,13
-21/32,0,0,-2,1,6,1,-6,-2,-3,6,1,-5,6,-2,8,-3,10,2,-7,0,-1,11,0,1,2
34/3,-1,0,2,1,-3,6,-8,1,-9,0,2,7,6,4,-6,6,-9,-7,4,-15,7,-8,4,2,3
17,0,-2,2,3,2,-5,-8,-2,-8,-5,8,-2,-6,-6,0,6,-7,-6,-14,-4,-2,-4,-12,-8,-7
19/62,0,-2,-3,1,0,4,5,1,-8,-5,2,-7,-6,-6,-8,6,-13,-10,5,-12,-13,8,0,0,-12
14/61,-1,-2,1,1,2,1,5,-2,0,-3,8,-5,0,-3,2,-3,0,-4,8,-4,0,-14,4,6,-12
23/16,0,-2,2,0,0,6,5,1,-7,-2,0,10,-5,12,3,6,-12,8,-7,-12,11,15,-12,-3,-18
-56/81,0,0,1,1,0,1,2,1,-8,3,0,6,2,4,-4,-6,10,-1,4,-3,-16,-6,-4,-3,1
-51/80,0,0,0,-5,4,6,-8,-2,6,0,1,-5,-6,6,0,-14,4,-5,-13,-3,4,13,-12,1,12
-38/59,-1,-2,3,1,4,0,-3,1,-3,7,1,-2,-9,10,0,6,10,-10,2,-2,14,6,-7,2,8
-44/57,0,0,-2,-5,0,6,-3,-2,-9,6,0,-7,4,10,12,6,6,-4,-8,-12,7,0,-16,2,-10
-41/54,0,0,4,3,0,6,-4,0,-3,5,-5,-2,-4,12,0,0,-1,10,8,15,11,5,10,1,10
-25/29,0,2,0,3,0,-1,2,-2,-3,-6,-4,-2,7,7,-1,6,-5,1,3,8,-5,1,12,-15,-18
91/30,0,0,0,1,6,-7,1,-2,-3,-2,-6,-11,-4,-10,8,-4,4,10,-12,-7,-4,-10,4,6,-6
-29/23,0,-2,0,3,-3,2,5,-2,0,-10,1,-5,0,4,7,-2,11,5,9,-12,5,-8,-4,1,13
7/16,0,2,0,1,0,4,-1,1,-4,-3,-1,-8,3,6,0,6,2,-4,3,6,-9,8,-3,6,3
-29/44,0,-2,2,3,-2,0,-4,-2,-8,-10,-2,-2,-5,-7,0,-3,6,8,-3,14,-16,10,2,-16,2
-27/35,0,0,0,-5,-2,2,1,1,-3,10,2,-3,6,-2,8,6,-4,0,-2,5,-4,5,0,6,10
-55/72,0,0,0,-5,0,6,3,1,-4,2,1,-7,7,8,-4,-2,8,-13,4,13,-2,-14,2,-6,-3
-57/70,0,0,0,-5,4,6,2,1,1,-5,-1,-2,2,-6,4,-10,10,10,3,-4,6,15,-16,3,-18
-54/67,-1,0,0,-5,-5,6,2,1,0,2,-1,10,6,6,4,-12,1,-7,0,-12,7,5,-4,10,-2
62/23,1,2,1,3,4,2,3,1,0,0,-10,-7,-2,2,0,-7,-1,13,4,-12,-5,6,14,3,2
67/21,0,0,0,-5,6,2,-3,1,-3,-5,0,-8,-1,4,8,3,4,-1,-5,-3,-2,-7,12,-14,0
59/34,0,-2,2,-5,-3,-1,-2,1,-4,-4,1,-2,2,10,0,-9,-12,1,5,-12,2,0,-3,2,-6
40/23,0,-2,0,1,4,-5,4,-2,0,5,-9,10,6,-2,8,-12,6,-2,6,-5,-2,9,2,-7,1
-95/22,0,2,0,3,-2,2,5,1,-8,-8,-1,-1,-6,-4,13,-2,0,-13,-14,-4,1,13,0,-10,1
-99/23,0,-3,-3,3,0,6,-4,1,0,-7,-2,-2,7,4,4,-6,-4,10,11,12,14,5,4,0,12
-50/13,-1,2,0,0,0,-2,-3,1,-3,3,-1,7,-3,8,0,1,-3,1,-8,-3,-1,-16,12,3,16
-99/29,0,-3,1,1,0,-6,-3,-2,6,-6,3,-2,-9,-1,-3,-10,-2,-1,-11,-7,2,-10,7,8,8
-47/11,0,-2,-3,-5,-2,-5,2,-2,6,4,2,2,-2,2,-8,-3,4,1,-7,8,7,10,4,6,-1
-101/19,0,2,4,-5,0,6,-4,-2,6,9,3,-7,12,-4,-8,6,6,8,4,-9,7,-16,12,6,-7
-101/17,0,-2,-2,1,4,-5,-2,-2,-3,-4,-5,10,2,-9,-10,3,0,5,8,15,-8,-14,6,8,-14
-8/91,0,2,-3,-5,-5,-2,-1,1,6,-1,-10,-6,-1,8,1,11,4,10,-11,8,-7,0,12,0,13
1/90,0,0,0,1,2,6,1,1,3,10,1,10,-5,7,-6,6,7,6,-14,-2,-2,15,9,-6,18
-1/93,0,0,3,3,-1,-6,-6,-2,-4,-3,2,6,7,-4,2,-6,-13,6,0,6,11,-1,-3,-2,8
31/43,0,2,2,3,-1,4,5,-2,-3,-2,-10,7,-5,-12,-1,-12,-10,-8,-14,12,-5,-8,-4,6,0
15/22,0,0,0,0,-2,-6,2,1,6,-7,10,7,10,6,6,-11,6,-1,-11,0,-6,13,9,1,-6
73/51,0,0,-3,-5,-5,-5,-2,-2,6,-7,1,6,-5,-10,-10,6,-4,-4,10,6,-11,-6,8,-6,-3
77/51,0,0,0,1,0,2,-2,-2,-4,-10,-2,-11,6,9,-11,1,-12,4,-8,-3,-11,-4,-16,-8,-10
35/23,0,2,0,1,-1,2,2,1,0,0,0,-5,-6,4,-8,6,7,-11,11,5,-13,-15,12,-8,-10
68/47,0,2,1,0,0,0,-8,1,-4,6,3,6,6,-6,3,-10,-14,8,-3,13,-8,9,-1,6,-8
33/17,0,0,1,-5,0,-5,-2,1,2,3,-1,-2,-6,8,1,-4,-1,-7,8,-4,-7,9,4,-12,9
53/59,0,2,2,1,4,0,-3,-2,-4,-3,3,-1,4,-4,-8,-10,10,-13,8,-3,2,8,4,8,11
56/57,0,0,-2,1,2,-6,5,-2,-8,-7,-9,-7,-3,-1,-6,-2,-9,2,3,6,-11,-4,-12,1,11
-29/28,0,2,3,-5,0,-5,-6,0,6,-10,-1,-3,-6,-2,-1,6,0,-11,-10,-3,12,-9,-11,3,17
-27/29,0,0,-3,0,-3,-5,-6,-2,3,-6,-4,-2,-2,2,0,4,-1,6,8,15,11,15,-4,0,3
64/21,0,0,2,-5,-1,-5,3,-2,4,0,6,5,-6,-6,-8,-6,0,4,11,-9,-4,9,0,6,8
23/6,0,0,-2,-5,-1,-6,4,-2,-7,0,-5,-5,-6,7,-6,1,0,10,8,4,-5,-4,-16,9,8
66/19,-1,0,2,1,0,4,3,-2,6,-4,1,-2,-6,12,2,-4,0,-10,2,6,2,-8,6,12,-19
13/93,0,0,0,3,4,-7,-3,-2,-3,6,2,2,-1,12,1,0,6,1,-10,-12,-13,-16,-4,-12,12
70/29,-1,-2,0,1,6,-6,2,-2,0,-6,-9,-5,-6,4,0,6,-3,0,2,3,2,10,17,-4,3
38/13,-1,-2,2,-5,0,-2,3,1,6,2,-1,-7,6,-10,0,9,6,-6,-4,4,-2,4,16,6,-12
75/28,0,0,0,-5,4,-5,-3,1,-3,-5,6,-8,10,4,2,11,11,4,-10,-12,-6,-4,0,6,8
-27,0,0,-3,0,2,6,1,-2,-9,-7,-10,-5,-6,8,4,-4,-4,8,0,0,2,0,10,-15,17
33/13,0,0,0,1,0,-2,-3,1,-4,6,-2,-1,-6,1,0,-2,6,4,0,-12,-11,12,12,-14,-7
96/37,0,0,-2,1,-1,-5,5,1,-4,-5,4,-8,-6,2,0,7,0,-8,4,-12,2,4,12,-8,3
101/38,0,2,0,0,4,1,-3,-2,-9,-5,1,11,12,4,0,6,6,-1,8,10,-2,11,3,-8,8
-18/77,-1,-3,0,-5,-2,-5,5,0,-3,-2,-5,-1,6,4,6,-2,4,1,8,-12,-7,4,0,0,-6
-11/36,0,0,1,3,0,-5,2,1,6,6,-10,10,0,4,2,6,-2,5,2,-12,2,5,12,-8,9
49/30,0,0,0,1,-1,-1,-4,0,3,7,-9,-6,3,-1,3,-2,0,13,14,12,-2,8,2,-16,3
-11/42,0,0,2,-5,0,-5,2,1,-4,-5,1,-7,-4,7,0,-3,0,8,-2,12,-6,4,0,-7,2
50,1,-2,0,0,2,4,3,1,0,0,10,10,8,8,-7,11,-5,-4,4,11,4,8,-7,5,2
48/5,0,0,0,-5,-2,6,-3,1,-3,-1,-1,-2,7,-6,11,0,6,8,5,9,10,-8,-4,10,-19
13/27,0,0,1,0,4,-7,2,1,-3,-5,-1,-3,-7,-6,0,-4,-12,-1,8,-5,11,15,4,-4,8
41/84,0,0,1,-5,0,-1,-1,-2,-3,-2,1,-6,-4,-6,4,-3,6,-5,-12,6,-2,2,4,10,-1
31/46,0,2,0,1,6,2,-3,-2,0,-3,-10,-11,-9,-3,-11,1,-4,2,0,14,14,-8,-3,1,-6
-16/13,0,-2,3,1,-2,-2,-3,1,-4,4,-7,10,-3,-12,12,-9,-13,2,0,-3,-4,-4,6,-6,-3
47/91,0,-2,2,-5,-5,-2,2,1,-4,3,1,10,4,-6,-8,-9,0,6,2,4,-2,8,-15,12,8
-66/19,1,0,0,-5,0,0,4,-2,-3,-3,-8,-5,3,6,-8,-4,7,-10,6,12,-13,4,-3,12,-3
-23/14,0,-2,3,-5,4,1,-6,1,-7,-5,-5,8,0,-1,-8,-10,-9,0,5,0,11,-1,-4,-10,14
11/43,0,-2,0,-5,0,-6,2,1,0,6,10,-2,7,-12,6,3,5,-8,-3,4,-6,5,-1,-1,-14
7/27,0,0,0,1,0,6,3,1,-9,4,6,-2,6,-1,4,-2,11,5,-14,3,7,8,3,3,-19
19/85,0,2,0,-5,-5,6,-2,1,-8,-4,8,-3,6,0,-8,6,5,-3,2,-9,-7,-15,2,-15,3
-71/38,0,-2,-2,1,6,-6,6,-2,2,-4,3,-2,10,4,1,-11,11,-10,-7,-12,4,10,-13,-1,-6
-73/38,0,2,1,1,-2,-5,2,-2,1,-5,-7,8,-6,-4,-3,3,7,4,4,8,-11,4,15,-6,8
-40/41,0,2,0,-5,2,-6,-3,1,6,4,-9,11,6,4,-6,4,10,2,-14,6,14,4,16,18,17
-16/19,0,-2,0,0,0,-6,-4,-2,0,3,-1,-2,-6,9,8,1,-12,5,12,0,-8,-1,2,0,8
-18/13,-1,0,2,-5,-1,-2,-3,-2,3,-5,2,-5,0,6,-8,3,4,13,12,-2,-16,-15,2,-15,12
7/97,0,2,4,1,-1,6,-6,-2,2,0,-7,10,-5,7,-6,-9,0,1,8,4,-5,4,-4,10,4
-2/49,-1,2,0,-5,-3,-5,4,1,3,-8,-2,-1,10,-7,-8,-2,6,8,8,4,-10,-14,-13,-14,-1
-4/101,0,2,4,0,0,2,-3,1,-4,-5,0,-6,-4,4,-2,-9,2,1,-14,-9,-5,11,15,1,8
-5/96,0,0,0,1,0,6,5,-2,-6,6,10,-7,7,8,0,-2,0,4,5,0,2,4,4,10,-12
-4/99,0,0,1,3,-2,-6,1,1,2,3,-1,-7,-9,10,-6,1,0,10,8,-8,14,-16,3,3,-14
1/92,0,-2,2,0,-2,2,2,1,0,-4,1,6,0,-10,0,-12,0,2,-14,0,4,6,-15,-6,-6
1/95,0,-2,0,1,0,2,6,-2,6,4,4,-6,-3,0,2,-10,2,-1,-8,4,-4,-5,0,8,-13
-1/33,0,0,2,-5,-2,4,4,1,-6,6,0,-6,-5,-1,6,6,-7,13,-12,2,14,9,2,-15,2
15/71,0,0,0,0,-2,-1,2,1,-9,3,3,-3,12,10,-10,-2,6,10,-10,4,-1,-14,0,-17,14
11/72,0,0,0,1,0,-1,1,1,-9,6,-4,10,3,4,0,1,0,10,-10,-5,11,10,12,-6,2
70/13,-1,2,0,1,-1,-2,-3,0,-6,0,3,-1,-6,-12,6,-6,0,-8,4,-5,0,-8,12,12,-4
70/9,-1,0,0,1,0,0,-3,1,6,4,-7,-5,7,10,1,-6,0,10,12,4,4,8,-12,6,9
37/45,0,0,0,3,-3,-5,-3,1,-3,6,-9,-11,12,4,12,-6,0,10,2,-9,-2,-8,-3,-6,-1
67/92,0,-2,2,-5,-2,0,6,-2,0,-2,-9,2,-3,-1,6,0,-11,5,-5,-3,-13,13,6,-1,14
-24/25,0,0,0,0,-2,4,2,1,3,-4,-10,10,-7,6,-11,6,-7,-5,-8,8,-8,0,15,-3,1
-65/77,0,-2,0,-5,-2,-7,-5,-2,1,0,6,-2,0,-12,6,-4,0,-2,-13,2,-13,13,16,-6,3
-62/77,1,-2,1,-5,-2,2,6,-2,-8,-5,-10,-8,0,-1,0,1,9,-10,-10,-3,7,6,6,6,7
53/8,0,2,0,-5,0,-5,-3,1,-8,5,-9,10,-7,-12,0,-10,-14,0,8,-15,14,-15,-12,-7,2
53/6,0,0,0,3,4,4,-5,1,-3,-2,-1,-2,-7,8,2,-10,4,-10,8,-12,7,-7,-16,-7,-2
58/7,-1,2,1,-5,-1,6,4,-2,-3,-10,-9,-2,6,-3,-6,-2,-12,-6,4,14,4,-16,1,-1,17
-23/20,0,-2,0,1,2,-6,5,1,-7,0,10,-10,-6,-6,4,6,9,13,-10,-9,-10,11,0,-6,14
-53/18,0,0,1,1,4,-5,5,1,2,-10,4,-3,0,4,-11,-10,-1,10,4,2,-16,-4,3,0,-5
-56/17,0,-2,3,1,0,6,-2,1,-8,-3,-10,-7,6,-2,12,-2,-2,1,2,-15,-16,5,3,-12,13
-42/55,1,0,0,1,-2,6,5,1,-8,3,6,-5,-6,-6,-10,-11,7,8,4,-9,-13,-10,-3,0,8
-40/57,0,0,0,1,-1,-5,3,-2,3,4,-1,6,-6,5,-6,6,-1,-2,11,4,-10,4,0,12,8
-79/10,0,-2,0,-5,-1,-1,-3,-2,-4,-3,-1,10,-4,2,0,6,6,2,-4,8,11,4,-12,-6,-2
-80/13,0,2,0,3,-3,-2,2,-2,6,-4,2,-6,-6,-6,-10,-6,6,-8,4,2,4,5,5,-1,12
11/69,0,0,1,3,0,-6,5,1,0,4,6,-7,0,-12,-8,-14,0,-1,-4,14,-5,-8,-12,-6,-7
1/72,0,0,-2,-5,-1,0,-3,-2,6,-1,-4,10,-5,10,13,-2,-5,-4,-13,2,1,-4,14,12,-1
-84/95,0,0,0,1,6,-5,6,-2,6,-2,-1,5,3,2,4,-6,-3,1,-11,-9,-7,-8,-4,18,11
-88/93,0,0,2,-5,0,-5,-5,1,0,-3,2,-7,-2,-12,0,3,-10,1,-12,6,-2,-5,4,12,2
-67/22,0,-2,2,3,-2,6,1,-2,-8,6,-10,10,10,4,-3,10,4,-2,-5,15,7,-14,14,-6,10
-67/25,0,-2,0,1,4,0,5,-2,-3,-3,6,-2,-6,6,-6,-2,2,8,-5,4,7,-8,-16,-17,8
-64/25,0,-2,0,-5,0,6,-4,1,4,4,-8,-6,-5,4,4,-2,-4,-13,-12,16,4,-16,-4,-6,17
31/33,0,0,3,1,-2,2,2,1,6,6,-10,-7,8,2,0,6,-4,-10,-4,13,12,-15,17,-6,-14
-23/5,0,-2,0,0,-1,4,-4,-2,-7,6,-1,-7,6,-1,-2,-10,0,10,-2,9,-4,12,9,18,8
-32/5,0,-2,0,1,0,-5,2,1,1,4,6,8,10,7,-7,3,-4,6,2,3,-5,-4,12,0,-2
37/62,0,-2,2,-5,6,-5,-3,1,-8,-7,2,-11,-2,7,-6,6,-4,1,8,14,-5,8,-4,2,7
29/63,0,0,-2,-5,4,-5,4,1,-4,-10,-4,-1,-2,4,10,-10,6,-7,-12,16,6,6,17,-1,10
81/44,0,0,1,1,-2,4,2,1,-8,-5,3,8,0,4,4,-2,-14,1,-2,-12,5,0,6,-1,-14
79/41,0,-2,1,-5,-2,6,-3,0,-8,0,3,6,6,-4,-4,6,6,-12,8,3,4,4,-3,2,-4
74/39,-1,0,0,0,4,-2,-3,-2,-9,3,8,-11,-5,10,-4,-2,-14,2,4,-5,2,-12,-5,0,-14
37/20,0,-2,0,-5,0,-1,4,1,-8,-5,-1,-11,6,-1,0,-2,0,-4,-12,-7,14,-15,4,-6,9
103/6,0,0,0,1,0,0,2,-2,-8,6,3,10,-3,-4,0,-4,10,8,8,6,-9,-1,3,-14,8
95/9,0,0,0,1,-1,6,2,1,6,-5,-1,11,1,-6,0,-10,6,-6,0,11,-2,13,8,-8,14
-86/25,1,2,0,3,0,-5,-6,-2,-8,6,-10,8,-1,-1,0,-9,4,0,0,12,-2,8,-3,-15,2
-83/25,0,2,0,1,0,-5,-3,1,-6,0,10,-5,-6,8,0,2,-7,-13,-14,0,-13,-16,0,18,-3
-43/12,0,0,0,-5,-5,-5,6,-2,2,2,1,10,-3,-1,-11,-2,-2,10,-12,15,-10,-16,3,9,1
-89/23,0,-2,3,0,6,-5,2,-2,0,10,0,-7,-4,-2,6,-11,-5,-11,-10,-4,12,-16,-4,-13,-2
-32/35,0,-2,0,-5,2,-5,-6,-2,-3,3,1,-5,-3,-1,1,6,-2,-11,12,-12,-13,-6,10,-7,-12
-29/36,0,0,0,1,4,2,5,1,-9,-10,10,6,-6,-2,-8,3,-5,6,2,4,-13,-16,-3,18,18
-28/33,0,0,2,1,-2,-1,5,-2,3,6,8,10,-3,4,4,0,-4,10,4,-12,-13,15,3,6,3
48/23,0,0,2,3,-3,2,-3,1,0,0,-7,5,-1,-9,0,10,-4,6,-4,-8,-8,13,6,0,-5
98/45,1,0,0,1,6,6,6,-2,-8,-5,2,-2,-5,-4,0,-3,0,10,4,6,-11,8,-4,6,-10
37/26,0,-2,-3,1,-5,-2,-5,1,-4,6,-5,-11,3,-1,-6,-11,7,-1,11,15,-16,1,17,-6,6
86/71,1,2,0,1,-3,2,-5,-2,-4,7,-9,5,-7,-1,-11,1,-7,-2,2,4,7,4,3,8,-14
85/72,0,0,0,-5,4,2,-8,1,-3,-2,-2,10,-6,4,0,-10,-2,2,-14,0,2,13,12,-6,-6
88/69,0,0,0,3,0,-1,2,0,0,-5,8,-8,8,-4,-1,-11,6,-4,2,-4,-13,11,-3,-14,-4
89/70,0,-2,0,-5,-2,2,-6,0,-4,-4,0,-11,0,0,4,0,-4,1,8,8,6,-9,3,-13,2
18/11,-1,0,0,0,-2,-5,2,1,6,0,-9,-2,-3,1,0,-2,0,-1,4,-3,10,8,3,12,-2
80/63,0,0,0,-5,6,6,4,-2,6,4,10,5,7,-1,12,6,-1,6,-3,-12,-13,-1,-11,-12,5
-52/101,0,2,-3,1,4,-7,4,1,3,-5,-5,-7,12,12,12,4,0,-6,-12,4,6,-6,12,12,-8
-50/99,1,0,0,1,-2,2,5,1,2,7,-6,6,7,8,6,-2,-4,8,12,5,-2,5,-4,-6,-7
-26/49,-1,2,2,-5,0,-7,-3,1,-4,3,-6,-8,-9,-4,1,-11,-4,1,-14,-4,10,4,0,-17,18
28/43,0,2,4,1,4,6,2,-2,2,-7,1,-2,-6,-12,10,6,-4,5,-3,-8,-10,-14,0,10,2
55/86,0,-2,0,3,0,0,-3,1,6,5,2,-7,-3,-12,-8,-4,-3,8,-14,-15,-16,-14,14,2,8
52/85,0,2,0,3,-5,-7,-2,-2,-3,5,-5,6,-1,5,0,1,-2,1,2,-12,-14,8,3,-1,2
57/29,0,0,-2,0,4,-6,-4,1,-8,-6,10,-5,7,10,0,-2,6,-5,-12,-12,-6,-6,4,10,0
7/24,0,0,3,1,0,1,4,1,3,4,1,-2,-7,4,8,6,-4,13,5,-3,-5,-16,3,6,-10
2/25,1,-2,0,-5,0,4,-3,-2,-3,3,1,-1,-6,-10,0,-12,0,-3,5,-3,-8,11,1,2,6
-43/85,0,-2,0,1,4,-5,-2,-2,-6,6,8,5,0,-1,4,11,-10,10,-2,-1,-10,5,1,-6,17
-40/87,0,0,0,3,4,2,2,1,6,-6,8,2,-2,10,-8,-4,0,-11,8,-9,-4,-1,-16,6,-2
-46/89,1,2,0,1,0,2,2,-2,-7,-4,-9,6,-1,10,0,-4,-13,0,11,6,2,12,1,-8,-6
16/43,0,2,-3,1,2,-5,5,-2,6,-8,-1,-2,6,-12,-6,10,4,-2,2,15,-14,-10,3,8,2
-41/44,0,-2,0,-5,-2,2,4,1,-3,-4,-10,-5,-4,4,0,-12,-10,1,16,0,11,4,-7,-15,2
-41/46,0,2,1,1,4,-1,5,1,0,4,-1,-5,-4,9,0,4,4,-10,14,4,2,0,-15,-14,9
61/26,0,-2,0,0,4,-2,2,1,-3,0,-7,10,7,-1,-6,-4,-5,-13,-12,13,2,-8,-7,-7,12
-53/21,0,0,3,-5,0,-5,-3,1,-3,5,-9,8,-6,4,10,-10,0,5,5,-5,-10,-5,-15,9,3
-53/20,0,-2,0,-5,6,4,2,1,6,6,-6,2,-3,8,-8,-10,0,1,-14,-12,-16,8,-3,-4,-3
-35/13,0,2,0,1,6,-2,-3,1,-3,-2,-1,-2,8,4,11,-12,-1,2,-10,-15,-2,0,-4,10,-12
-105/44,0,0,0,1,-2,-5,5,-2,6,6,3,-7,1,0,-6,7,0,0,9,6,-4,-16,4,-14,13
-53/19,0,2,0,1,-2,0,3,-2,-9,3,2,-2,6,-1,0,-10,-5,0,-5,-4,-13,0,16,-6,-8
-51/20,0,0,0,1,0,0,-8,1,-8,-2,1,-2,6,5,0,6,-12,4,-12,2,12,13,0,-15,0
-10/47,1,2,0,-5,-3,0,5,0,-3,6,3,7,-6,-10,3,-4,-5,1,-10,14,11,8,2,0,2
62/61,-1,-2,2,-5,-2,-5,-3,1,-8,4,-10,10,12,-1,-6,4,-9,-4,-8,-12,-6,-14,-7,12,17
-41/98,0,-2,-2,-5,0,-1,-5,1,-4,7,-4,-1,-4,-10,0,-2,4,-4,10,13,4,0,4,9,-18
-36/103,0,-3,0,-5,-1,2,5,1,-8,-4,0,5,10,12,-6,0,-13,8,4,-12,0,11,6,18,14
67/62,0,-2,0,3,0,-5,2,1,-4,-3,2,-5,-1,10,0,-2,-12,1,-5,-9,-6,-12,-4,-17,-8
13/43,0,2,0,1,0,-7,-4,-2,3,5,-1,5,0,-12,13,-14,-7,-5,11,-12,-13,-16,-4,-1,-14
16/3,0,0,-2,3,0,2,5,1,-3,6,-9,-6,-3,5,0,-4,-7,-1,4,6,-2,-14,-10,9,17
-47/40,0,2,0,1,0,-5,6,1,0,4,3,-7,1,6,-8,-10,0,6,-10,6,-13,-8,0,5,-9
-19/16,0,-2,0,0,4,4,-6,1,2,-8,-2,-2,0,1,6,-9,-4,-13,10,-3,0,-16,-6,-8,-7
-98/87,1,0,4,1,6,-5,-6,-2,-3,-6,6,8,-6,12,8,7,-13,-2,2,8,-16,1,-12,-14,-3
-98/89,-1,-2,3,1,-5,2,4,-2,6,0,-5,-6,0,-3,-3,0,7,-1,4,-12,-8,5,4,-8,-12
-97/91,0,-2,-2,-5,0,-2,5,-2,-3,-5,-6,-2,-6,9,2,6,-4,-4,-2,8,12,11,12,0,8
-47/46,0,2,3,-5,-3,2,-5,1,0,4,2,-2,-9,-1,-8,-4,9,-13,8,8,-1,10,-3,10,-14
23/4,0,-2,-3,-5,-2,-1,-1,0,-7,9,-4,-2,6,4,0,3,-5,-5,4,14,4,-6,0,10,-6
13/37,0,2,1,3,2,-7,-1,1,-9,-1,-4,-8,-9,2,0,6,6,2,2,8,10,-14,12,-2,-14
28/71,0,-2,3,1,6,-1,5,1,4,7,1,-2,-1,-6,6,-2,6,-2,2,4,-4,15,-3,-12,-2
22/75,1,0,0,3,0,2,-3,1,-9,5,4,-7,8,-2,-11,-3,0,-10,14,-15,0,-9,-4,-15,8
70/41,-1,-2,0,1,2,-1,-1,-2,-3,4,2,7,6,12,-1,1,-12,-1,-10,-9,4,6,3,-14,6
69/41,0,0,2,0,6,0,2,1,-7,9,1,-2,6,6,-8,-12,4,13,-5,3,2,10,-4,-15,5
66/41,1,0,2,-5,0,6,1,-2,-9,7,10,6,6,-4,0,4,6,-2,-2,10,-10,5,12,-14,-6
68/35,0,2,0,-5,-5,-1,-8,1,-8,0,8,-2,6,-1,4,6,0,-10,5,0,-5,-11,8,9,-9
17/9,0,0,0,-5,0,6,-8,1,3,-10,-9,-1,-1,8,0,-6,-11,1,-10,4,-4,5,6,-10,18
65/36,0,0,0,1,4,-7,1,1,-3,4,-9,-7,4,10,-8,6,0,8,4,14,-5,-1,4,1,1
70/37,-1,2,0,1,-5,-5,6,1,-3,4,-1,-8,3,-6,10,6,-4,1,8,16,-10,-6,6,5,-6
-16/49,0,-2,0,-5,6,2,-3,1,6,-4,6,10,-9,-1,8,-14,-3,-10,14,-9,-11,-15,1,-6,1
-10/49,-1,-2,0,-5,0,6,2,1,1,3,-9,-6,8,2,-8,6,0,-4,10,4,-2,-14,16,12,-14
-11/51,0,0,2,-5,0,4,-2,1,3,3,2,5,3,-1,6,-11,0,-13,-12,-12,-8,-8,12,10,-6
-23/2,0,-2,2,1,4,-5,2,-2,-7,5,-10,10,8,-4,-8,-3,0,-10,-11,-12,-11,13,12,-6,10
19/49,0,2,4,-5,2,4,3,1,4,3,-1,-2,4,-3,-2,-3,6,8,8,5,2,0,16,-10,-18
14/51,1,0,2,1,-1,6,-2,1,1,-1,1,8,7,5,-6,1,-4,-5,-12,-12,11,12,-9,6,-2
29/6,0,0,2,1,-2,6,-6,1,-3,-10,1,10,-9,-12,0,-6,-1,-2,5,-12,-2,0,0,6,12
53/11,0,2,-3,0,-2,-6,5,-2,-3,-10,-6,-7,6,4,8,-10,-3,-1,-14,11,-10,-6,-1,-1,-1
56/15,0,0,0,1,-2,0,-5,1,-6,-2,3,-2,-6,-2,4,-11,-4,-11,-14,-8,-10,4,6,-14,5
56/13,0,-2,-3,1,2,-2,2,1,-4,4,-8,-5,-9,-6,-4,1,10,-1,-14,-7,-10,15,6,6,-1
55/9,0,0,0,3,0,-1,-3,1,-3,3,-9,10,-6,6,-6,0,0,6,4,0,-6,8,-3,-1,-2
42/73,1,0,1,1,2,0,2,1,-4,-8,2,-3,8,-4,0,6,5,8,2,-3,-6,13,8,3,7
23/36,0,0,3,1,-3,2,2,-2,-7,-3,8,2,6,4,-6,6,4,1,-5,-6,2,8,3,-10,-3
46/71,1,-2,2,-5,4,6,-3,1,-7,-5,3,-10,-9,-6,0,-11,0,1,12,4,4,-10,10,-12,2
49/72,0,0,2,1,6,6,-3,1,-3,-10,-1,-1,8,-6,0,11,-9,-2,4,-12,4,13,7,-9,-1
24/37,0,0,0,-5,2,2,-3,-2,-3,5,-10,-8,0,-3,0,-2,-11,0,4,13,4,-7,-7,12,10
51/74,0,0,1,-5,4,2,-8,-2,-3,-4,3,-8,8,7,0,6,10,6,-5,-4,-13,-14,4,5,10
-53/75,0,0,0,1,6,-1,1,1,6,-7,0,-2,-1,4,-10,-10,0,6,8,15,-4,13,-12,18,-14
-52/67,0,-2,1,0,-2,-7,4,-2,-8,7,-6,10,-9,2,-6,3,8,10,0,4,-11,-8,-4,1,2
-57/37,0,0,2,3,4,-1,5,1,4,4,6,-8,-5,12,2,-10,6,-2,-11,-9,-7,11,0,18,-1
-29/19,0,2,2,-5,2,-6,5,-2,-3,-10,-5,-5,-2,10,-6,6,-14,1,-12,0,-4,-6,-4,5,-5
-51/41,0,0,2,1,2,6,-8,1,-3,5,-4,-2,6,-1,13,-2,0,8,8,16,-1,-4,12,-7,1
-19/30,0,0,0,0,6,-5,-4,1,-8,10,10,-2,-9,-6,-4,-10,-2,8,8,-12,-2,0,-7,-14,2
82/49,1,2,3,-5,-5,1,-1,1,1,6,-1,10,-4,7,0,-10,0,-3,2,-15,2,6,4,-12,8
83/48,0,0,4,0,4,0,6,-2,3,-5,-1,-2,1,12,0,7,-14,-5,12,-3,-13,13,0,10,2
-29/8,0,-2,-3,1,2,4,1,-2,-3,-10,-1,8,-7,5,8,1,0,-13,2,16,14,4,6,-1,-12
-56/15,0,0,0,1,0,4,5,-2,3,-2,10,-5,12,4,6,4,6,2,-12,2,11,-8,-1,6,-13
-23/36,0,0,3,-5,4,6,2,1,-7,-4,-1,5,12,5,13,-2,0,6,5,6,2,-16,3,-1,-19
-27/37,0,0,1,-5,4,6,-3,1,-8,6,3,-8,-6,-1,0,-7,-1,13,4,8,6,-1,4,2,-6
61/87,0,0,2,-5,4,2,2,1,-4,-6,-9,7,-5,-6,0,7,-4,-13,6,15,-14,-8,4,-17,6
31/44,0,-2,1,-5,-2,2,5,1,-9,-2,-10,-2,-3,12,0,-4,0,-7,-10,10,7,8,8,0,2
57/64,0,0,0,0,6,-5,1,1,3,-3,-9,6,-1,9,-11,6,10,-10,3,-1,-4,-6,16,6,-2
53/13,0,-2,4,3,6,-2,-3,-2,-4,9,4,-11,2,-7,-2,-10,-1,8,-14,-2,0,-7,4,-1,10
-43/21,0,0,2,-5,6,-6,-6,-2,6,0,-9,-2,0,-1,0,1,6,-1,-2,6,2,6,-16,-12,-6
-52/27,0,0,1,3,4,-7,2,-2,6,-8,-9,-7,-2,-7,-8,-6,11,2,10,-4,-2,0,-16,0,-14
-57/29,0,0,2,1,2,6,-3,1,6,-6,-9,-2,2,-6,7,10,-2,8,-14,-9,-16,13,0,2,-12
-54/31,-1,0,0,3,4,2,4,1,-4,-7,2,-7,-4,-1,0,1,8,10,-14,10,-2,10,-12,6,-10
-57/28,0,0,4,-5,4,-5,4,1,3,0,10,-1,-6,8,-7,-3,-4,4,14,7,0,-15,-16,-1,2
-51/29,0,0,4,-5,6,-1,-8,1,-8,-6,1,10,0,-10,-8,-9,-4,8,4,-4,-7,8,-4,-14,-2
92/95,0,2,0,1,6,2,3,-2,-7,-8,0,-7,7,9,0,-3,-2,4,-12,4,8,-6,-7,6,-3
43/48,0,0,0,1,0,6,2,-2,6,4,-1,2,-6,-1,-6,-6,0,1,12,6,-1,-4,5,2,10
85/91,0,2,0,-5,6,-2,-8,1,3,3,-10,-2,-6,-6,-7,0,0,13,5,3,-11,1,2,-6,10
19/8,0,-2,3,-5,-5,-5,-3,1,3,-4,-1,10,4,4,4,10,-1,-2,-14,6,4,-10,1,-16,2
7/69,0,0,2,1,2,-5,1,1,0,-1,2,-1,-1,6,7,6,-12,-7,4,-9,-14,-8,4,-10,-5
41/99,0,0,2,1,-2,2,-4,1,-9,4,3,-8,-4,1,-6,-11,-4,8,-6,12,-4,5,-5,-10,-10
-32/21,0,0,-2,-5,6,-1,-4,-2,-6,-2,-4,10,-6,8,0,-3,10,13,1,10,10,5,6,6,-14
-63/44,0,0,-3,1,-2,1,-4,1,-4,3,10,-6,6,1,0,9,6,-11,-14,15,4,-6,-3,-12,-18
-60/37,0,0,0,-5,4,-5,2,-2,-4,6,-8,-8,2,-4,12,6,-4,-2,-12,-15,10,2,4,-17,8
-21/13,0,0,-2,1,2,-2,4,-2,-3,3,-9,-11,-1,2,4,-2,6,-4,11,8,-6,1,1,-8,8
-31/12,0,0,-3,-5,-1,-5,-3,1,3,-3,-10,-5,0,-6,0,1,6,-2,10,-4,5,-1,1,6,0
-85/38,0,2,0,1,4,6,-8,-2,6,-8,1,2,-6,-6,-8,1,9,-1,4,-3,-13,-1,6,18,-12
-81/43,0,0,-2,3,-3,-1,-3,1,0,-5,2,-2,12,-12,13,-10,0,4,-6,-6,-4,-7,8,12,2
-13/4,0,-2,2,1,4,-7,4,-2,4,-2,-1,-1,-9,1,13,6,2,5,-3,11,2,-15,0,8,12
34,1,2,2,1,-5,-5,-8,1,3,-4,3,-10,-3,5,1,-12,0,8,-10,-12,14,-9,12,12,-14
93/91,0,0,-3,-5,0,-2,1,-2,-4,4,-10,-8,-3,-4,-11,-3,9,-6,-10,4,-16,9,4,0,14
-68/49,0,2,3,-5,-3,2,-8,1,6,3,1,-5,-6,10,1,6,-1,4,-12,13,2,-16,12,0,-6
-33/26,0,0,2,1,0,-2,-6,-2,1,4,10,-2,0,8,-6,5,0,-3,-8,6,4,-11,-3,6,8
-27/58,0,0,4,-5,-1,0,4,-2,-3,-6,1,-8,0,0,0,-4,10,-1,10,4,-2,-15,2,-6,-18
-29/39,0,0,2,-5,0,-2,4,1,4,-10,-1,-8,0,-6,-2,4,2,-12,3,10,-8,-14,-16,-12,5
-105/89,0,0,0,1,4,6,6,1,1,7,3,-6,7,12,0,6,-13,-10,-3,0,-6,-15,-4,-8,8
-104/89,0,-2,2,3,2,-7,-3,-2,0,-4,-9,6,8,4,4,1,2,-1,2,-8,7,5,6,-8,-2
-76/89,0,2,0,3,-5,6,5,1,6,7,10,11,-5,-9,1,-2,-7,1,-13,-15,4,2,14,-8,-6
-72/89,0,-3,0,0,4,2,3,1,-3,6,10,-5,-3,-10,12,-6,13,2,8,6,-7,-15,7,-8,-5
-9/11,0,0,4,3,-2,4,-1,-2,6,6,-6,-5,-4,8,-8,-14,-13,8,-10,6,-10,6,12,18,8
-39/47,0,0,0,1,0,-7,2,1,3,6,0,-7,-6,-6,3,-11,0,-10,-8,-6,-10,-14,-3,6,16
-16/69,0,0,0,1,-1,-1,4,1,0,-5,3,10,-6,-4,-8,0,6,5,-14,-12,-6,-8,5,18,-18
-16/63,0,0,3,-5,0,-5,-1,-2,6,7,0,-7,3,-4,-8,10,-2,1,11,-1,7,0,12,10,-19
-16/65,0,2,0,1,4,-2,5,-2,0,-4,-5,-5,0,7,4,-12,-7,-8,10,11,-13,8,8,-8,5
40/69,0,0,0,1,2,2,-5,1,0,4,10,6,-3,7,0,6,6,-1,8,-15,-5,4,15,-6,0
-10/99,1,0,0,-5,-2,0,-4,-2,-3,-2,10,10,-6,1,0,10,4,-10,-10,6,-10,12,6,-9,8
-13/99,0,0,0,0,-2,-7,-1,-2,6,4,3,6,-2,10,-6,6,0,1,5,-12,-7,12,-16,18,11
-32/79,0,2,2,-5,2,6,5,1,2,-2,-1,8,-6,1,-8,-9,6,-1,2,6,6,-8,-3,-1,13
-38/81,1,0,0,0,4,-1,4,1,-6,4,-4,-2,-6,10,0,6,11,1,4,8,4,-14,12,0,2
91/18,0,0,-3,1,-1,-7,-5,1,4,-8,-2,-2,12,-6,8,6,2,-8,-2,13,-16,12,-6,-13,-2
83/13,0,-2,0,0,-2,-2,-4,1,-8,6,-10,-3,-3,-1,4,-2,-1,-6,-13,-12,12,10,0,12,-2
80/9,0,0,0,-5,-3,-6,1,-2,4,-2,-6,10,-6,7,-6,1,6,-11,-14,2,-2,5,-8,-9,1
82/7,-1,2,2,-5,4,-5,-6,1,-3,7,-7,-2,-4,0,12,6,-3,-5,4,-9,-2,-8,7,-9,-2
-40/59,0,2,0,3,-5,4,6,1,0,-10,3,-2,6,-10,0,-9,10,-11,-4,-4,-2,0,3,18,2
-45/46,0,0,0,0,4,2,-4,-2,0,4,-4,-3,8,7,0,-2,1,-5,4,13,10,11,-16,1,11
-38/45,1,0,0,1,2,4,6,1,-3,2,0,5,-1,0,11,6,2,-2,8,6,-2,-15,11,-10,9
-13/15,0,0,0,0,4,-7,5,1,-6,5,-9,-7,12,4,-6,-6,0,-7,-14,-3,-6,15,12,10,-2
-47/77,0,-2,2,-5,-2,-5,-3,-2,-4,-2,2,-7,-3,-4,-8,-10,7,-7,-12,12,-2,-16,-16,2,12
-45/71,0,-3,0,-5,-1,6,-6,1,1,4,-9,-2,-3,10,-1,-10,-9,4,-4,4,-4,10,3,0,-14
-43/74,0,2,3,-5,4,2,1,1,-9,10,1,-8,-1,-1,0,1,4,1,3,-9,7,-15,-3,1,-12
-41/75,0,0,0,3,-3,-5,3,-2,-4,4,-10,5,-4,6,0,-3,-4,-7,8,2,-5,-9,3,-2,-3
-25/36,0,0,0,3,6,-5,-3,-2,4,9,-9,-7,-6,-2,0,6,-3,10,9,-3,4,-4,16,-14,10
-35/38,0,-2,0,1,-3,-1,-3,-2,-3,0,-9,10,-9,8,-10,2,2,-11,-11,-4,-16,-16,10,12,-3
-5/21,0,0,0,-5,4,2,2,-2,4,-8,4,6,-1,-4,4,-2,-9,-5,-10,-12,-10,4,-7,6,-5
-16/61,0,-2,1,0,-5,-5,6,1,6,3,4,-11,8,1,11,-6,-4,-4,8,14,4,15,14,-15,2
-93/61,0,0,-3,0,-5,6,-5,-2,-8,-1,-10,-5,-7,4,6,1,-12,-4,-2,14,10,6,-3,10,2
-89/59,0,-2,1,3,0,-5,-3,-2,6,-1,-5,8,-1,0,4,7,10,10,14,-3,2,1,2,-13,-7
-31/19,0,-2,2,-5,-2,2,-1,-2,6,-4,-10,-8,-9,8,-2,6,-7,13,5,-9,14,-16,-16,9,-19
-99/61,0,0,0,-5,0,0,-6,1,-8,-2,6,-5,-3,8,-7,-12,0,-4,4,-4,-5,-4,14,-7,-18
-100/61,0,-2,0,0,0,6,1,-2,-3,6,2,10,-5,-1,1,-2,11,-4,-4,-8,2,9,16,1,-10
-17/40,0,2,0,-5,4,-1,-8,0,-4,0,-5,-5,-6,4,0,-6,6,-13,0,10,-5,-4,4,-4,10
94/21,-1,0,2,-5,4,0,5,1,-4,10,3,-2,-3,2,-8,9,2,-10,-12,-3,-16,-6,-13,0,18
51/14,0,0,2,-5,2,6,-8,1,6,3,-4,8,-4,-10,0,-3,-5,13,0,6,2,-7,3,-13,13
-70/39,-1,0,0,1,-2,-2,2,1,6,6,1,10,0,-3,0,-7,13,-10,-5,-15,-1,-10,-4,-12,-18
55/34,0,2,0,0,0,0,-2,-2,-3,4,-1,-1,-9,-1,-7,-2,6,8,-12,-1,-13,-15,6,-9,14
38/65,-1,2,0,-5,2,-2,-1,1,6,6,1,-8,-6,4,0,0,-13,6,3,-15,4,-6,-13,1,-7
-82/11,1,2,0,-5,-2,0,-3,1,-8,4,2,-1,-4,8,-11,9,-14,-3,5,-8,-10,8,0,-6,10
-76/11,0,2,2,1,-2,6,1,1,4,4,1,-7,6,4,0,-9,-11,1,-10,0,-1,-15,0,-6,12
-40/7,0,-2,0,-5,6,4,-3,1,4,6,3,2,1,-4,2,6,2,-5,5,-9,-7,-1,-4,-3,2
32/47,0,2,4,-5,4,-5,-4,1,-3,-4,-6,10,-3,12,3,-4,-7,-4,8,-6,-4,8,4,-6,10
-43/31,0,-2,-2,1,4,6,2,-2,-3,6,2,8,-2,-1,-6,-2,-5,-11,2,-12,-6,-4,9,6,8
-36/29,0,0,0,1,0,2,2,1,-8,-6,10,5,3,8,4,6,-4,13,10,-5,14,4,10,12,-10
26/15,-1,0,0,-5,-5,-7,-3,-2,4,2,1,-5,12,-3,-6,-4,6,6,12,-12,-13,11,14,12,2
40/27,0,0,0,1,0,2,-3,1,6,0,-8,5,3,-10,0,-2,-4,1,4,10,2,-14,2,-6,-3
82/51,-1,0,3,1,4,-1,-2,1,-8,0,2,11,-4,8,0,0,0,-13,8,4,14,-10,5,-7,14
-74/41,-1,-2,0,-5,6,0,-3,-2,-3,-10,-5,-11,6,4,0,-3,-5,-8,10,-12,-5,-15,-6,18,-2
-31/55,0,-2,0,3,-2,6,2,1,-8,7,-10,-7,-4,-6,4,-9,0,-13,-11,-9,2,-7,10,-17,8
-32/55,0,2,0,-5,-2,4,-4,1,-4,4,-5,11,0,-1,-6,-4,1,-1,8,-1,-4,-8,5,-14,-7
-31/32,0,2,2,0,0,2,1,1,-8,0,-10,-2,6,4,-8,-14,8,-11,-12,3,2,-4,9,10,-1
7/81,0,0,-2,1,6,4,5,1,4,2,-6,8,-3,4,13,-10,5,6,-10,3,-4,4,6,6,11
4/85,0,2,0,-5,2,-5,-2,-2,2,-1,0,-10,2,-3,4,2,2,8,-12,-15,0,12,12,-9,-2
-58/33,-1,0,1,0,-2,2,1,1,6,-10,-6,5,-6,1,-11,-10,0,-4,-2,13,2,-16,4,-6,-7
-52/31,0,-2,-2,1,-3,-7,-5,1,-3,5,2,-2,-6,4,-6,0,4,6,-14,-15,-7,-9,11,5,2
38/27,1,0,1,-5,-5,6,2,1,-8,10,6,10,8,10,-11,-4,-4,13,4,5,6,-8,3,-17,-12
37/25,0,2,0,-5,4,0,5,-2,3,-1,1,-11,-1,1,6,1,0,-5,-4,-8,6,6,6,-15,-7
21/11,0,0,0,1,-2,-1,2,-2,0,2,4,-8,4,-2,11,-4,0,13,10,-5,-2,-4,-12,-13,12
-9/35,0,0,0,-5,-5,6,-3,-2,-3,9,-8,5,-7,7,0,-2,0,5,-14,-3,11,0,-16,8,14
-11/40,0,2,0,1,0,0,4,1,-8,0,4,-2,-1,-6,-6,10,-4,2,2,-3,0,-8,-1,3,-6
-13/42,0,0,0,-5,-5,-7,-4,-2,-3,0,-9,11,4,-1,-8,-10,-4,-11,-12,-13,2,-14,3,-14,10
22/29,-1,-2,3,0,0,1,3,1,-9,-6,-1,-7,-6,1,-1,-4,-11,4,-3,4,-7,13,-3,-3,7
-43/50,0,2,0,1,-1,0,-4,-2,6,0,2,-6,-6,-1,0,-11,-9,-2,4,-6,-4,4,12,1,17
-90/97,-1,-3,0,1,-5,4,4,1,-3,7,-2,-2,0,2,0,6,-4,6,-11,-1,-13,-1,4,10,4
3/80,0,0,0,0,-5,-5,-3,1,-8,-5,-9,-5,-3,8,-10,-10,-7,13,4,-12,-5,-16,12,1,-9
9/85,0,0,0,1,0,-5,-2,0,6,10,-9,-2,3,5,-8,-2,0,13,-10,15,6,-4,14,6,-7
5/83,0,2,0,1,6,2,-5,-2,6,-4,0,-2,-6,2,-6,10,-12,-5,4,14,-8,10,-16,-17,13
83/11,0,2,2,-5,-2,-5,-5,-2,6,-8,4,-2,2,12,-8,-9,-4,2,4,0,-2,-6,0,10,-14
8/97,0,-2,2,1,4,2,6,1,-4,-3,-6,-5,1,-9,1,-7,0,8,-5,0,0,0,6,-6,4
3/97,0,0,1,-5,-3,6,-3,-2,-9,0,-2,10,-2,-12,2,-3,-12,-13,-3,0,2,11,-4,-3,4
5/99,0,0,0,-5,-2,6,-3,1,0,-1,6,-2,-7,8,2,-9,-3,-5,11,16,-8,-11,8,6,-3
5/94,0,-2,0,-5,6,-6,-1,-2,4,0,-5,-6,-6,-4,3,-14,-7,2,8,8,4,-14,-3,-6,2
4/47,0,-2,3,-5,4,6,3,-2,0,-8,-1,-6,4,-6,3,6,0,-7,0,14,14,-15,14,12,13
-94/101,1,2,4,1,0,2,-4,1,6,3,-9,10,6,12,-8,-10,11,-10,3,14,-2,10,-6,-3,-2
-89/100,0,2,0,0,6,-6,-6,1,-3,4,-5,6,-1,4,10,-10,2,1,2,-15,-10,6,0,-13,6
-86/97,1,2,-3,1,6,1,1,-2,-3,5,-7,-7,-6,-1,1,-2,10,10,8,-12,-10,-1,-6,-3,4
-89/96,0,0,0,1,-3,1,6,1,6,5,-1,8,6,-1,-4,1,-2,-3,9,3,12,0,3,-13,-10
-45/49,0,0,0,-5,-1,0,2,1,6,-4,-9,-11,6,-7,2,-6,0,-10,-5,0,0,-4,-16,6,-6
-49/15,0,0,0,1,4,-5,3,-2,-3,-10,-5,2,0,5,-7,-2,7,13,16,4,7,0,4,-15,11
-93/29,0,0,-2,-5,-3,-5,2,1,-9,-6,-10,10,-6,-2,1,-4,11,10,-12,-1,2,-8,12,6,-12
1/65,0,-2,0,-5,6,-2,5,1,-8,-2,-8,-8,-6,4,1,-2,0,-1,12,14,7,-1,2,10,12
1/59,0,-2,2,-5,-2,0,5,-2,-6,4,1,-3,6,6,-1,10,10,8,8,4,10,4,6,-12,-9
-61/37,0,-2,-2,0,-3,4,-3,1,-8,-2,-9,-8,-6,10,8,-2,-4,-13,0,5,4,-15,1,6,-14
-48/13,0,0,1,1,0,-2,6,1,4,5,-9,10,-1,-10,-6,-11,0,10,14,15,7,-6,4,-13,-18
-102/23,-1,0,2,-5,0,-5,-8,-2,0,-5,-5,10,-2,-6,-11,-2,0,8,3,-5,5,8,10,3,-2
-9,0,-3,0,-5,-1,-5,-3,-2,4,7,-1,-6,8,5,-6,-2,-5,-7,-8,0,2,-8,0,1,13
-20/13,0,2,0,1,-5,-2,2,1,6,2,-1,10,-4,9,-11,-2,5,-11,4,-12,0,-4,-4,8,13
34/33,1,0,-3,-5,-2,1,-8,1,6,2,8,-5,1,12,7,1,10,8,4,6,-7,6,-11,10,-3
103/91,0,2,-2,-5,4,-2,2,-2,1,-2,-9,-6,6,-12,0,-11,0,8,-14,14,10,0,-13,-3,8
-59/80,0,-2,0,1,2,1,2,1,-8,-2,-9,-2,8,-6,0,1,-12,1,-3,6,-13,-11,1,-3,-2
-42/11,1,0,2,1,-2,-5,1,-2,-3,-5,1,10,7,-1,6,-3,8,4,5,3,-7,5,6,-14,-12
-45/16,0,0,0,1,-1,4,5,1,-3,0,3,10,10,8,12,-2,8,10,6,-6,-14,-6,1,2,3
-43/14,0,2,0,-5,-3,-1,2,0,-3,0,-1,2,0,-1,0,-2,0,-2,0,-1,12,15,0,-1,-9
9/47,0,-3,-2,1,-2,-6,-6,0,-3,6,10,-8,-7,-1,3,-2,-14,-13,5,0,-14,-4,3,2,14
7/48,0,0,2,1,6,-5,-4,-2,-3,-5,0,-8,-6,-4,0,1,0,1,-2,-6,10,11,-10,0,18
8/47,0,2,2,3,6,2,5,-2,6,2,4,5,2,4,3,-12,0,1,3,-9,-10,15,15,-1,-18
-97/84,0,0,2,-5,4,6,6,-2,-3,9,-4,-1,0,2,12,-6,-11,-6,-7,-13,-2,13,6,12,8
-94/81,1,0,2,0,-3,6,5,1,-9,-4,-9,10,-6,-10,-8,6,4,8,-11,3,-2,-10,8,12,11
-99/80,0,-3,0,1,0,-1,-3,1,4,10,1,10,-4,4,0,-2,-4,5,3,-5,-10,15,-10,10,-4
-97/77,0,2,2,-5,-2,-6,-1,-2,6,4,-1,-2,3,-4,8,9,-9,13,-11,2,-10,4,12,-8,8
-6/11,-1,0,1,1,-2,1,4,1,1,10,-1,5,-2,-10,-6,-6,-3,-1,-5,-12,10,10,0,10,17
-39/79,0,0,2,-5,0,-7,5,1,-8,2,-5,10,0,0,-8,-2,0,13,-3,12,7,-8,6,-6,18
-37/81,0,0,-3,3,6,-5,2,1,6,4,4,-11,0,8,8,1,0,-4,4,-6,-6,10,12,-12,-10
-37/78,0,0,4,-5,4,-2,5,-2,-3,-5,10,-11,12,-4,0,9,-13,-1,4,-2,-13,5,-4,-8,1
-39/83,0,0,2,-5,6,-7,5,1,1,-5,2,-2,-7,-1,-8,-14,-5,10,8,11,-4,-12,-16,10,-14
-41/85,0,2,0,0,6,-1,-2,1,-9,-4,-5,-2,-4,-2,-6,9,-3,-4,-14,4,2,15,2,6,-2
-40/77,0,2,0,-5,-2,2,2,-2,6,-2,10,7,6,-7,-10,6,-12,6,4,-4,-5,-11,3,-6,10
-38/77,1,-2,4,-5,-2,6,-4,1,-3,-1,-1,-8,-3,4,12,7,-9,8,5,-15,2,-4,12,6,-1
-34/79,1,-2,1,-5,4,-5,-8,-2,-3,-8,-4,-2,6,7,-6,-3,6,10,14,-12,-2,-8,-7,-9,18
41/12,0,0,3,-5,0,4,-6,1,-3,4,6,-7,-4,8,0,0,2,-7,2,-9,2,-12,6,0,-2
51/8,0,0,-2,1,4,-5,-8,1,-3,10,10,10,8,-6,-8,5,4,10,8,-9,-5,15,-11,-15,8
52/9,0,0,2,-5,4,-7,-6,-2,-6,0,1,2,-3,-6,7,7,-4,0,-12,-12,2,-16,14,18,8
-43/42,0,0,4,-5,4,1,4,-2,-3,3,-9,-2,-9,-1,-6,6,4,-3,-8,-7,-7,10,16,9,-19
-43/44,0,2,2,3,-2,6,5,1,6,4,3,-2,0,-1,-10,1,-1,-10,5,8,-6,-14,-3,-12,-12
-41/43,0,2,0,0,0,-6,2,-2,2,-3,-7,-11,-4,-12,3,2,-2,4,4,12,-11,-15,-4,2,-5
-71/93,0,0,2,3,6,2,-5,-2,-8,6,2,-1,-6,-3,-8,-12,-7,8,-4,-12,2,-8,2,-14,11
-17/23,0,-2,4,1,4,2,-8,-2,0,-1,6,-7,7,10,1,2,0,2,10,-12,-2,6,3,-3,14
-23/31,0,2,2,-5,2,4,-6,1,-7,5,2,-5,-1,2,3,6,-12,-2,-5,4,8,-6,-4,-8,-14
13/75,0,0,0,-5,6,-7,2,1,2,4,2,10,-5,5,-3,1,0,10,-3,-3,-2,-15,7,-14,8
11/76,0,-2,0,3,0,2,6,-2,6,0,3,-11,-6,1,4,0,0,-6,5,14,0,-8,12,6,-5
77/24,0,0,-3,1,0,6,5,1,6,-7,-1,2,-7,2,1,-3,6,-5,8,-3,2,10,3,6,-4
77/23,0,2,1,1,0,-1,-1,1,0,0,-6,10,-9,4,1,-2,-4,1,8,0,-13,-16,-4,-4,-6
79/26,0,-2,1,1,2,-2,2,-2,3,6,-5,10,-2,12,0,-3,2,-8,8,0,11,4,12,0,9
76/25,0,2,0,-5,4,0,4,1,-3,10,-1,-1,7,5,-6,2,-4,2,-6,-4,-6,-7,5,-8,-10
97/81,0,0,-3,-5,4,0,2,1,6,-5,1,6,7,9,0,7,-5,10,4,-15,-8,4,-4,-9,8
99/83,0,0,2,1,0,6,-1,1,1,-8,10,10,-6,-4,-6,-6,2,4,-12,15,2,-5,-16,10,18
-25/43,0,-2,0,3,-2,2,4,-2,-6,0,4,10,6,-12,-6,6,-1,5,8,0,-1,11,17,-1,-1
27/47,0,0,0,-5,0,-5,-5,-2,0,4,1,7,6,-3,3,-9,-12,-1,-12,-12,-1,-6,1,-15,-14
69/100,0,0,0,3,-2,6,-3,-2,-7,-5,2,-11,-6,12,-6,-3,4,-3,4,0,4,6,6,-14,6
70/99,1,0,0,1,-2,6,2,1,6,4,-1,-7,12,-12,8,6,-10,-4,8,9,14,4,-16,-3,6
19/27,0,0,-2,1,2,-6,1,1,-4,-4,3,-11,6,1,8,-6,6,5,16,-4,-6,5,5,6,-3
67/100,0,2,0,1,-5,-6,-4,1,-8,2,-1,-8,1,-7,11,-11,0,-2,-5,-4,-5,-7,-3,-6,-9
63/100,0,0,0,1,0,6,5,1,-3,4,-5,8,-3,-1,1,6,-13,-4,10,-12,-13,-16,-10,-6,12
-5/67,0,2,0,-5,2,-5,2,1,4,6,1,-1,-6,-2,-6,-9,-4,-4,0,3,-1,11,8,-14,-2
3/61,0,0,-3,1,2,-1,-6,1,4,4,-4,2,0,-10,0,9,-9,-4,12,-3,-4,6,-4,-4,8
-1/61,0,-2,2,-5,0,2,2,-2,-8,3,2,-7,-7,12,4,-11,-4,-4,4,-12,-10,-7,12,9,13
13/64,0,2,2,1,6,-7,4,-2,6,6,-1,-3,-6,-6,0,-10,-4,-7,0,14,-2,15,-3,-8,-19
10/61,1,2,0,1,0,-5,4,1,-6,9,-8,-7,12,5,0,1,4,-4,-12,-8,7,-4,1,6,9
-46/43,-1,-2,2,3,-1,-5,-1,1,-7,-4,-1,-2,-6,-12,-6,7,-7,-4,-12,-4,7,-10,16,-6,16
-95/87,0,0,0,0,4,2,6,1,-9,-6,-8,-11,-7,5,-6,-7,-12,0,-8,-12,2,-7,16,3,-6
-94/87,-1,0,0,1,2,-5,-3,-2,-3,-6,-9,10,-6,6,-8,-2,-4,-3,-12,4,4,-14,-4,0,-9
-12/11,0,0,-2,-5,-2,-6,-6,-2,-3,7,-9,-7,6,4,-11,-4,-11,-2,-4,-4,-5,8,-3,-3,2
-20/17,0,-2,0,-5,-3,-5,-2,-2,3,0,-4,8,0,-7,13,-4,-3,1,-10,4,-5,15,-10,2,8
-47/45,0,0,0,3,0,1,2,1,-3,-5,-8,-2,-3,-2,-8,-2,6,-8,6,-8,2,6,12,-6,3
27/29,0,0,0,1,4,-1,5,1,-6,-6,-6,6,6,4,3,-11,4,1,-14,-9,0,-11,4,6,12
-31/68,0,2,-2,-5,-5,6,-2,-2,6,2,-10,7,-1,7,-7,-7,9,13,-5,-12,4,-12,0,-15,-5
-35/68,0,-2,0,1,6,2,-2,1,1,4,-1,-8,2,4,8,-11,-12,-13,-12,14,-6,4,12,18,-18
-38/69,1,0,-3,3,-1,2,-3,1,0,6,1,-2,6,-4,0,-2,1,2,3,3,2,9,3,-15,17
-36/67,0,-3,2,-5,0,-5,-6,1,6,-2,1,-2,0,4,0,-7,-7,0,0,13,11,-16,2,12,8
17/4,0,-2,-3,1,4,2,-8,1,6,-8,3,-3,0,9,-11,-2,0,-4,4,3,-4,2,-4,-14,-14
1/37,0,2,-3,-5,-2,-6,-5,1,-3,4,-9,-8,10,8,8,6,1,-2,-10,-7,-13,1,15,6,12
-71/43,0,2,2,1,4,-5,5,0,-6,-8,2,-5,7,-12,12,-4,6,-3,4,-12,14,-8,-3,6,-12
-27/50,0,0,0,0,-5,6,-1,1,-4,6,1,-2,-6,4,-6,10,5,13,-12,0,-6,-11,3,-1,-14
25/81,0,0,0,0,0,-5,5,1,0,7,4,-6,6,4,-6,0,-11,2,-11,9,-10,0,8,-17,1
5/17,0,2,0,-5,6,4,-2,-2,-8,-7,-2,-7,-7,-6,8,3,10,1,8,-4,6,-8,16,-1,14
5/19,0,-2,0,0,-1,1,5,-2,-6,3,-4,-5,-3,-2,0,6,6,-10,-12,12,-2,10,15,8,17
15/38,0,0,0,-5,-2,4,-3,-2,-3,0,3,-2,-5,4,8,0,13,2,3,0,-4,-15,-8,-4,0
57,0,0,3,0,-1,-5,-5,1,3,0,-9,-7,6,-7,4,-14,6,-8,9,-4,2,-8,3,2,-12
-53/62,0,-2,4,-5,4,-1,-5,1,-3,2,2,2,-6,-1,6,-10,-2,13,1,-13,-10,6,14,-16,-2
-47/18,0,0,4,-5,0,2,-3,1,4,0,6,-7,0,4,-8,6,7,0,5,6,14,13,12,-14,-10
-65/72,0,0,0,1,-1,-7,2,1,-3,3,-5,2,0,4,-6,-2,-1,-3,-10,0,-13,-7,2,-6,2
-8/9,0,0,0,3,-3,0,4,1,-8,-5,6,-3,-1,1,4,-7,6,-2,-7,6,2,4,4,6,1
-1/63,0,0,-3,-5,-3,6,1,-2,0,2,1,11,0,9,0,-4,4,8,-14,13,2,-5,16,-10,8
-5/62,0,-2,0,-5,-3,-6,5,1,0,-4,2,-7,-1,4,-11,-4,0,-13,12,15,2,-8,1,-1,-18
51/104,0,0,1,-5,0,-2,-8,1,6,5,1,6,-3,-4,-6,-3,11,-3,-4,-12,-6,10,6,-9,6
47/103,0,-2,1,0,0,-5,-3,-2,-8,-5,-1,-2,-6,1,-8,-6,0,-11,-14,-4,-6,8,6,-12,-5
22/49,-1,2,2,-5,0,2,-5,1,-3,-2,0,-2,0,-6,7,4,6,-10,-5,-8,-16,6,-3,-6,17
11/26,0,2,0,-5,0,-2,2,-2,-9,-4,-10,7,-7,-12,-8,-2,0,-7,10,6,-13,10,10,-12,-14
13/25,0,2,0,-5,0,-7,-3,1,6,-2,3,10,-6,8,10,10,-4,-10,-12,4,14,-12,8,1,-12
51/97,0,0,-2,-5,-1,0,-8,1,-3,-5,-5,7,4,-9,0,0,4,1,-6,-9,-16,8,3,-15,4
-104/79,0,2,1,-5,-2,-7,-5,1,6,9,3,-1,12,8,13,-6,-12,10,-5,-1,-6,-8,3,0,8
-17/13,0,2,0,3,0,-2,-8,1,0,0,-9,-6,-6,4,-8,-3,10,0,2,15,-10,-8,-15,-6,17
47/31,0,-2,-3,-5,-3,6,1,1,-8,0,2,5,-3,-7,-8,-12,-4,-2,10,6,-4,12,4,-10,14
49/29,0,-2,4,1,4,6,2,-2,1,-6,-1,-2,0,-6,-4,10,-1,13,11,-1,-6,-16,-3,-8,8
-87/5,0,0,0,-5,0,-6,2,-2,-3,-10,-9,11,12,-6,8,-2,0,8,4,-5,-6,-9,6,-6,10
-93/2,0,0,0,1,-2,6,-3,0,3,-8,-10,-7,2,-6,-8,-11,-12,-7,-10,-5,-5,13,-16,-6,10
-59/6,0,0,0,3,-2,2,-1,1,-8,-3,4,-2,-6,-1,0,0,-12,2,-2,-1,-13,-15,-6,-8,7
-57/8,0,0,4,1,0,2,6,1,-3,4,-1,-5,-9,4,1,-4,-11,4,0,5,-13,-1,-4,6,-12
-26/5,-1,-2,0,1,0,-7,2,-2,0,-10,2,-2,3,-12,0,6,-12,8,-14,13,4,-14,-4,-6,1
61/7,0,2,-3,-5,-3,-5,3,1,1,-5,-1,2,-6,8,4,-2,0,-13,-3,6,5,-11,0,0,-5
65/7,0,-2,0,-5,-2,-7,-6,1,2,4,-9,-8,12,4,-11,-11,-4,6,4,-5,-13,-7,-10,-2,10
62/9,-1,0,3,3,-1,-5,2,1,1,2,-10,10,6,-1,-2,-3,-1,8,-14,-8,2,8,-3,-12,2
-1/39,0,0,0,-5,0,-2,-1,1,6,-8,-9,10,12,7,12,3,5,2,-8,8,-13,0,-12,-4,8
-8/71,0,-2,0,1,4,1,2,-2,-9,6,6,-2,-6,-12,-11,6,0,-3,8,4,-6,0,10,-7,-2
-11/70,0,2,0,-5,0,1,2,1,1,4,10,-8,-6,-2,3,6,4,1,-12,-5,0,-12,1,-10,-2
-7/24,0,0,3,1,-1,2,3,-2,-6,9,2,6,-9,1,-2,-10,6,-3,-5,11,7,-16,-12,0,2
-46/41,1,2,1,-5,0,1,-3,-2,-7,4,-1,10,6,1,8,1,-2,-7,-12,-5,11,-7,15,0,-2
27/16,0,0,-2,3,-5,-1,1,-2,2,-10,1,-8,0,10,1,-7,6,-11,5,-2,2,-15,6,-6,-2
53/31,0,-2,0,1,-5,-5,2,1,-8,-5,2,-7,-9,6,-3,-10,-2,-7,11,12,-13,-4,0,-15,14
46/17,-1,-2,0,1,-3,-5,-2,1,-7,4,1,-1,-7,7,7,-4,10,4,4,-4,-6,-6,1,-1,9
20/9,0,0,0,3,-5,-5,-5,-2,-3,0,4,-1,6,8,0,-2,10,-1,-12,-3,-4,10,-4,-2,-2
1/57,0,0,3,0,2,-5,2,-2,-8,0,6,10,-6,4,-2,-10,-4,-2,8,3,-6,-10,-9,2,-4
2/55,-1,-2,0,-5,-2,-5,-4,1,-3,0,-9,5,1,-10,-8,-3,-4,-11,12,0,-13,10,-16,12,-2
73/5,0,-2,0,1,0,6,4,-2,6,5,-9,-7,-1,-4,-8,-14,-5,-7,16,2,-11,-1,-16,12,-14
-3/14,0,0,-3,-5,6,2,4,1,6,-4,-6,10,8,4,-10,-6,6,-7,-6,-2,-9,13,-6,2,3
71/26,0,2,4,3,-3,-2,-5,1,-6,6,1,10,-9,7,11,6,4,-7,-6,-12,0,2,3,-10,8
68/25,0,-2,0,3,0,2,-8,1,3,-5,1,-5,1,-6,8,6,6,10,-14,-15,-1,13,-3,-14,16
65/23,0,2,0,0,6,-7,-3,1,0,2,10,6,7,1,7,6,9,10,-11,13,11,-11,1,2,18
38/31,1,-2,-3,0,-2,-5,-1,1,-4,3,2,-1,-4,-1,-6,-11,6,-2,8,-15,-1,8,-4,-4,8
75/62,0,0,0,1,2,2,-3,1,-3,-8,2,-2,0,-1,12,-4,-7,10,8,-15,-11,-15,1,-8,-2
71/62,0,2,-2,1,4,4,-3,1,-8,-2,2,-6,-3,-4,7,-6,6,-2,4,-12,5,13,6,-8,-14
-20/29,0,-2,0,0,4,0,-3,-2,1,-6,1,-2,-4,-1,3,-2,7,-12,-11,0,2,-10,0,-6,14
-44/13,0,2,-3,1,0,-2,5,0,-3,10,1,-2,6,4,10,6,-12,1,-12,4,2,12,0,-10,10
-8/29,0,-2,-3,1,-1,-6,2,-2,4,-6,-10,8,4,-10,6,6,6,-1,-4,-12,5,-16,-16,10,-4
39/68,0,0,-3,-5,-2,-7,-2,-2,3,4,-1,-8,1,2,3,-2,-12,-5,-4,-1,-7,0,-3,-14,10
35/66,0,0,0,1,-2,-1,-3,1,-9,-5,2,-6,7,4,1,3,4,8,-12,-12,10,0,-15,18,10
-20/27,0,0,0,1,4,-6,5,-2,6,10,-5,10,-3,-12,2,5,1,-6,-10,4,-1,-8,12,-1,2
-59/78,0,0,-2,-5,4,-2,-5,1,-9,9,6,10,6,4,0,-14,-12,-11,11,3,-7,15,4,-15,-14
-25/22,0,-2,0,3,-2,1,6,-2,6,4,-1,2,-6,-10,2,-3,8,-1,10,-2,14,2,-7,10,1
-86/85,1,2,0,-5,-2,2,-2,0,-3,3,3,-7,7,-1,4,7,13,10,8,12,-9,-6,-16,-6,13
17/64,0,-2,2,3,0,-1,-8,1,-3,-1,-2,10,2,4,2,6,10,4,-4,8,-5,-4,6,-13,6
-5/93,0,0,0,0,6,-5,-1,1,6,-2,2,11,-9,6,12,-11,6,-6,5,4,-4,6,4,-1,-9
-38/43,-1,2,2,-5,4,2,-4,1,-3,-10,-6,-1,-7,-12,-2,-2,-1,-11,4,-9,0,-8,12,12,-3
30/47,1,0,0,1,6,6,4,1,3,0,-4,-2,-6,1,3,1,10,13,-12,0,-2,-1,5,10,-14
33/49,0,0,2,-5,0,0,-4,-2,3,-4,2,-8,12,2,10,-7,-4,1,-10,-12,10,-8,2,-12,13
-2/11,1,-2,3,3,-2,2,-5,1,0,9,-4,-7,-1,6,1,1,-4,-8,-8,-9,-11,11,12,-1,13
21/31,0,0,0,1,2,6,-1,1,-8,-2,2,-2,-7,4,-11,-10,-14,-10,-4,3,-7,5,-16,-12,-12
41/61,0,-2,4,-5,4,-6,3,1,-3,-2,-8,-1,-4,-10,1,-2,-5,-4,-2,4,2,10,-12,9,-14
-61/8,0,2,-2,1,-1,6,2,1,-3,-2,-10,-10,-6,6,4,0,4,-13,5,3,-10,-7,-6,10,1
-62/11,-1,-2,-2,1,-2,-5,3,-2,-3,-8,-10,-6,0,-4,4,-14,0,-4,4,-6,-16,15,-12,10,0
-13/28,0,-2,1,-5,4,-7,2,-2,6,9,-7,-7,-6,-2,-6,10,0,-12,12,-12,12,-14,-13,6,12
-19/27,0,0,2,-5,4,6,-1,1,-3,-3,-4,10,6,4,-6,-3,-4,-10,-4,0,-13,10,-5,0,12
-56/79,0,2,0,1,4,-1,5,-2,-4,6,-10,10,-6,12,4,-10,11,13,0,-12,2,-8,-3,1,-12
-60/79,0,0,0,-5,-2,-5,-1,1,-8,6,-1,-7,6,2,-1,-2,6,-6,-6,8,-5,-8,14,6,-3
69/8,0,0,3,1,6,6,5,-2,-7,-4,-4,-8,-3,-7,-6,-6,6,10,-14,8,-7,-14,12,3,18
33/4,0,0,0,3,0,-5,-3,-2,4,4,4,7,-9,-10,4,1,8,-12,8,15,-5,13,8,18,-2
-103/78,0,0,1,1,4,-2,2,1,-3,-4,3,10,-5,1,-6,-6,0,1,8,7,-10,2,-6,-6,-12
-49/38,0,2,0,1,6,2,-4,-2,-3,4,-2,-7,-4,2,-8,6,6,4,11,16,-5,15,-3,-1,10
-53/39,0,0,-3,1,-3,-2,2,1,-3,6,-5,6,1,0,0,-10,2,-3,12,3,-13,12,7,3,16
-50/39,1,0,0,-5,6,-2,1,-2,-8,-3,8,-8,6,5,-6,-6,-4,8,-11,0,-14,10,1,-6,-3
93/52,0,0,2,3,-1,-2,-3,1,0,0,-10,-2,-6,-3,0,5,6,-2,-10,6,11,-14,16,10,-12
1/41,0,-2,0,1,4,6,2,-2,-3,-5,-4,-6,6,8,8,-9,-11,-5,0,15,2,12,-16,-1,7
-4/83,0,2,-3,-5,-2,6,-6,-2,-8,4,10,-5,0,6,-4,-2,9,-8,4,-9,-13,8,-16,-8,2
-31/83,0,2,3,3,-3,6,1,0,2,6,-10,10,10,-3,6,6,-9,6,11,-4,4,-6,-16,6,6
31/9,0,0,2,-5,-5,0,5,-2,2,-8,-10,-11,6,-1,10,-2,0,-6,4,-15,8,10,0,4,-2
-63/65,0,0,0,1,0,-2,-3,1,6,7,1,10,2,10,4,6,0,8,8,-6,-2,5,4,-6,-12
-34/95,1,2,0,1,-2,4,-8,-2,0,5,-1,-5,10,-6,1,-11,6,0,-14,15,-11,9,17,-10,-7
-32/97,0,2,1,-5,4,6,2,-2,1,7,1,-10,-6,-6,12,-11,-12,-2,9,-3,12,11,3,0,4
35/72,0,0,0,1,-3,-5,-3,1,0,-5,10,8,-6,-10,8,5,0,-10,2,-15,-10,-1,2,-6,11
-24/23,0,0,-3,1,0,-5,-3,-2,0,-2,3,10,2,2,2,-9,7,-7,5,7,-4,-8,-12,2,-6
-71/65,0,-2,0,3,4,-2,4,-2,1,2,-4,-8,8,6,-10,-2,6,6,-12,-12,-4,-7,2,-6,-5
-68/77,0,-2,0,-5,-2,1,-8,1,-8,4,3,10,-4,-2,-1,-10,-4,-4,8,7,14,-9,4,1,-2
-36/47,0,0,-3,-5,6,0,-4,1,6,-1,-8,2,0,5,3,-10,5,-11,2,-3,-6,10,11,-9,-5
-20/69,0,0,0,1,0,-5,2,-2,0,3,6,-8,-1,1,-3,0,6,6,9,-8,-9,0,-15,-6,17
-78/19,-1,0,0,-5,-3,-7,6,-2,6,-7,-1,6,-1,-7,-2,4,4,6,-3,-3,14,8,15,-10,8
-79/14,0,2,2,-5,-2,6,5,1,-9,9,2,-10,8,-2,-6,3,0,8,-3,15,-4,4,-4,6,-19
20/69,0,0,0,0,-2,-5,2,1,0,6,-7,5,-4,-7,-6,1,-2,-2,-3,-12,10,-7,14,-9,-18
16/69,0,0,2,-5,0,-5,3,-2,0,-5,-1,-5,-3,4,12,-3,-3,2,10,4,6,-9,-5,-8,-3
1/66,0,0,0,-5,-2,2,-3,-2,-3,4,-1,5,2,9,12,-6,-7,-10,4,0,-5,5,4,-16,-2
31/75,0,0,0,1,-5,6,-6,-2,-3,-3,-10,-1,-3,2,-2,0,-4,13,-10,-12,-5,-6,6,12,12
29/72,0,0,3,-5,-2,-6,2,-2,6,-10,6,-8,-3,-6,-6,-3,0,2,-2,6,8,-4,1,-17,16
28/69,0,0,-3,1,-1,6,5,1,0,0,-10,-11,-6,7,0,-3,-5,8,-7,-4,-16,6,-16,-1,8
26/69,1,0,1,1,4,-7,-4,1,0,-4,8,-2,-9,-6,8,1,-4,-10,3,-1,7,-15,10,18,14
29/75,0,0,0,3,-1,6,-4,1,-3,-10,2,6,-1,-1,-6,-4,10,-4,-8,6,-13,0,6,-8,-18
-3/25,0,0,0,0,6,1,-5,1,6,-5,4,-6,0,-10,0,-6,7,-13,1,-15,-7,-7,-3,-3,-1
-27/26,0,0,-3,3,4,-2,2,-2,4,0,-2,2,10,4,-6,-3,13,1,-14,6,-1,0,3,0,8
62/65,-1,2,0,3,-3,-2,-6,-2,-9,9,-10,2,1,4,10,-2,-14,-1,-5,-3,-6,0,14,6,-10
31/32,0,-2,-2,1,-1,1,-1,-2,2,7,-10,-5,-2,2,0,-6,-11,2,1,0,-13,11,7,-15,-2
32/33,0,0,1,-5,-2,6,-6,1,-8,-5,4,6,0,-7,-6,10,-13,2,10,0,-2,5,4,10,-13
32/31,0,-2,-2,1,2,-1,6,1,0,4,2,10,-6,-1,0,5,2,-5,-7,8,14,0,-4,-10,8
66/61,1,0,4,1,0,1,-1,-2,-3,6,-9,-8,8,-6,0,1,13,-4,4,7,-2,-8,16,6,-14
-68/65,0,-2,0,0,-1,-2,-8,0,-8,4,-4,-11,-5,-10,-6,0,2,-3,-10,-15,-1,8,5,6,-9
-67/80,0,2,0,0,4,6,-1,-2,-9,6,-4,-3,0,-1,-6,-2,0,4,-5,-9,-14,-6,-7,0,12
-25/27,0,0,0,-5,2,2,-5,1,3,-1,-1,-2,-3,9,1,1,0,-10,2,8,-4,0,-11,1,6
-18/19,1,0,2,1,2,2,-3,-2,-6,-2,8,8,-6,4,-1,5,10,-3,-14,0,0,2,12,-6,18
-69/53,0,0,0,1,4,-1,-3,-2,-7,-5,10,6,6,-4,-8,5,2,10,3,4,-1,-9,-16,-9,-7
3/76,0,0,2,-5,0,-5,5,-2,3,-4,-4,-7,6,-1,8,-4,-2,-10,12,6,-16,8,8,12,18
25/24,0,0,0,1,4,6,-5,1,6,-3,1,10,0,-4,-7,6,13,1,8,12,-6,-8,14,0,9
47/48,0,0,2,1,0,4,1,1,1,-2,-8,10,-5,-6,-8,-11,4,-3,-14,-15,-10,0,1,6,12
25/26,0,-2,0,-5,0,-2,3,1,-6,4,-9,-6,-6,-3,4,1,10,13,11,-15,2,-1,0,-6,11
28/25,0,2,0,1,-1,4,6,-2,4,6,4,-5,-4,12,-7,0,-1,1,2,-3,14,-14,3,-7,-12
16/19,0,2,2,1,-1,6,-3,-2,-9,10,-5,-3,3,7,-2,0,10,-10,-11,-4,-13,-5,3,4,-12
-23/19,0,2,-2,0,-3,6,2,-2,-7,4,-1,-6,-4,6,-4,-6,4,2,-13,-8,-4,-8,-4,12,-5
-68/59,0,-2,-3,3,4,6,-8,1,-6,3,-6,10,-3,7,4,-10,10,8,2,8,2,8,6,-15,0
-73/59,0,2,2,1,-5,2,-1,-2,-3,3,-1,-3,12,-4,6,-11,10,1,5,10,-11,10,6,2,-6
-35/29,0,-2,0,1,2,2,1,1,-8,-6,-6,-7,6,0,-6,-2,-9,-5,12,-5,-1,-15,4,-17,9
-21/44,0,0,0,1,-2,2,2,1,-4,4,-9,-10,-3,-2,0,2,-7,5,8,8,-6,-16,-3,3,10
-1/50,0,2,0,1,0,6,4,-2,-8,4,-9,-2,8,-4,-11,6,-10,-4,11,0,-2,-9,-16,-1,-1
-1/51,0,0,1,3,-2,2,-2,1,-3,-2,8,6,-5,8,-6,-2,-3,0,4,-9,-4,-16,5,-15,10
-3/49,0,0,2,-5,2,2,-1,-2,-4,10,-5,-7,2,8,3,-2,0,-1,4,5,2,-14,3,1,14
-6/97,1,0,0,1,-2,6,-3,1,6,4,-1,10,6,-10,0,3,0,-2,0,9,-4,4,8,-6,4
-7/96,0,0,-2,1,2,-1,-3,1,0,-2,-1,6,6,4,4,-10,5,5,2,-7,7,-14,-4,-9,-6
58,1,2,-2,1,-2,-6,1,0,1,-10,-9,-2,-6,9,7,-7,4,-6,-8,-1,-13,-14,-3,-16,-6
-19/8,0,2,3,1,6,-1,-3,1,1,2,8,-6,0,10,-6,-2,4,8,8,12,-11,1,-3,18,-14
-39/14,0,0,1,-5,0,-7,-3,1,1,7,-9,-2,1,12,8,-3,0,-10,-12,8,-13,-16,14,1,11
-29/40,0,2,0,-5,6,2,5,-2,-3,-10,-1,-2,-4,0,-11,6,6,13,12,-9,12,10,8,0,-10
-51/88,0,0,-3,3,-2,-5,-8,-2,3,6,-10,7,-6,-3,13,7,-4,10,2,-12,-2,1,2,10,-18
-25/47,0,2,0,1,6,-5,-6,1,-8,-8,3,-5,-4,-1,3,5,0,2,0,12,2,-8,0,6,5
-12/13,0,0,2,-5,4,-2,2,1,-3,-5,3,-5,-6,4,0,1,9,-1,-12,-8,8,13,3,0,-18
11/47,0,2,0,-5,0,1,-1,1,3,0,-1,11,-5,6,3,9,6,-5,-12,9,-13,-6,12,-7,-2
17/46,0,-2,0,1,-2,-5,-8,-2,0,4,-4,-1,4,4,-10,6,10,8,4,3,7,13,5,2,-2
-62/67,-1,2,2,1,-3,-5,5,1,6,-4,-10,-6,7,-6,7,1,0,-2,0,-15,-4,6,-1,8,-6
-61/70,0,-2,0,-5,-3,-6,6,-2,6,6,-10,-1,-4,7,0,0,-4,-13,-12,-12,6,-7,-3,-6,-1
-25/16,0,-2,0,-5,2,-1,-3,1,-4,6,3,-5,-6,7,11,-3,0,-3,12,4,-8,13,-3,6,1
82/77,1,-2,0,-5,-2,-1,5,1,-6,6,-1,-2,-4,-4,6,0,6,6,-14,-12,2,11,-3,-17,-2
73/16,0,2,2,-5,0,6,6,0,2,10,-1,-6,-7,-6,-11,1,8,10,-14,13,-11,-8,6,-9,2
37/5,0,-2,0,1,-2,2,-3,1,1,3,-9,-11,8,8,0,6,-9,-3,-14,11,2,12,-4,4,-12
67/20,0,-2,0,3,4,-5,5,-2,-6,0,-1,-7,-4,2,2,-10,-12,1,-5,0,-6,6,6,6,2
-8/27,0,0,4,0,4,-5,-5,1,-8,-2,-6,5,-3,-2,-6,-4,-11,-4,-13,15,-13,9,9,3,2
-15/52,0,0,0,1,4,-2,-6,-2,-3,-5,8,7,12,2,0,-3,0,-8,12,10,-7,-1,14,-6,1
-31/99,0,0,4,-5,-2,2,3,1,1,-3,-10,10,3,5,3,0,-12,-13,-12,12,6,-9,-4,6,14
-97/82,0,-2,1,3,4,-5,-3,1,1,-7,6,10,6,6,-8,1,-12,8,8,-4,2,6,-3,-1,8
-94/79,-1,-2,2,1,0,2,-1,-2,-3,3,-1,5,-5,4,-8,6,-4,-10,3,0,-11,-8,-6,6,-6
-50/41,-1,-2,0,0,-1,2,2,1,6,7,-9,-1,6,-4,-8,5,-4,-2,4,-12,-13,13,-12,0,2
-93/80,0,0,0,-5,-1,6,2,-2,6,-4,-10,-2,7,4,4,-4,6,13,8,-3,-4,-6,3,-7,-14
-48/41,0,0,-2,1,4,0,5,-2,-3,-2,-1,-7,6,0,-6,-14,-12,-7,2,14,-10,1,5,-6,-8
-59/46,0,2,4,0,0,6,2,-2,0,-5,-7,2,12,4,-8,6,-12,13,8,0,-1,-16,-10,6,2
46/73,-1,2,0,1,4,-1,3,-2,-7,-4,2,-6,-5,-1,6,11,-3,10,-12,16,-6,-4,9,18,-9
43/68,0,-2,2,3,4,2,-2,1,-8,9,-6,7,0,-1,7,6,-9,2,-12,-9,11,-10,-3,-12,11
-47/92,0,-2,2,1,-1,-5,2,-2,0,-5,4,-7,-3,7,-8,-2,-1,6,-12,0,-4,-4,-6,-17,-9
-12/29,0,0,-2,1,-2,-1,3,-2,-8,-6,6,-7,-6,8,13,-2,-12,13,8,-15,7,8,0,6,6
-9/29,0,0,1,-5,4,2,6,0,6,-6,-1,-2,-1,8,-8,9,0,1,-12,8,-1,10,-3,-16,-14
-17/36,0,0,2,-5,0,2,-8,1,0,10,-5,-2,4,2,10,-3,-9,13,8,-3,14,8,7,0,-2
-28/71,0,2,3,1,-5,-5,-6,-2,-3,0,-8,-10,10,10,-6,-9,-3,-1,6,4,11,4,12,10,-6
-39/22,0,0,0,3,-2,-7,3,1,-6,-10,-7,-5,2,12,-4,-2,-7,10,4,3,4,4,12,12,-12
-73/44,0,2,-2,1,-2,2,-3,-2,6,0,1,-5,3,-1,10,-2,6,-2,2,6,-11,-8,-6,2,-18
-19/11,0,2,4,-5,-2,1,-5,1,-3,6,10,-2,-7,-4,0,-11,11,4,-3,-3,-13,12,4,10,-2
17/10,0,-2,0,0,4,1,-8,1,0,6,3,6,-6,-4,0,9,-4,-11,-6,16,7,-8,10,0,-10
-94/25,1,-2,0,0,0,1,4,1,-4,0,-9,2,-1,-4,-8,-2,0,1,8,7,-9,6,10,-14,-2
41/25,0,-2,0,-5,6,4,2,-2,-3,-8,10,-8,-4,0,-6,6,6,-3,2,4,-11,5,-16,-14,-9
45/22,0,-3,0,3,-2,-5,-4,1,-3,-4,-9,-10,-4,-1,0,6,0,-1,4,0,12,-11,4,-6,-14
82/45,1,0,0,-5,4,-5,-4,1,6,4,-4,8,-4,-2,12,1,-9,-2,12,-6,8,-14,0,18,-2
41/23,0,2,2,3,0,-5,-3,1,0,-1,-1,-2,-4,-1,-8,-9,-14,-5,16,-9,4,4,15,2,14
-31/11,0,2,1,0,-2,-1,-3,-2,-6,9,-10,2,0,2,4,-6,-12,-11,8,16,-8,-15,-7,-12,14
-17/6,0,0,3,3,6,-5,-8,-2,-3,-7,1,-6,-5,4,12,-10,0,-3,14,13,-13,-16,17,10,-5
13,0,2,0,1,-1,-7,-3,-2,-3,9,-9,10,0,-1,1,5,-4,13,3,4,-1,6,5,-10,-2
-15/37,0,0,0,3,6,2,6,1,-8,0,-9,-8,-6,0,0,-2,6,-12,-10,-12,-2,5,3,0,8
-28/69,0,0,0,1,0,-6,-5,1,0,-5,-9,10,12,-9,-7,-6,11,-1,14,0,-6,11,12,-12,8
-31/70,0,-2,0,-5,2,6,-1,1,-3,-3,-10,-2,1,-4,-6,2,-12,-3,-8,-15,-4,10,-11,10,8
-68/67,0,2,4,-5,0,-5,-8,1,3,6,-5,-2,10,4,12,-11,-2,-1,0,-4,7,-10,-4,-6,0
33,0,0,-2,-5,0,6,3,-2,6,-2,-6,5,-2,4,-2,-11,13,-2,12,-9,-11,13,-10,-6,14
-20/37,0,2,0,-5,2,2,3,0,-3,-5,2,-8,-6,-9,4,1,-7,-4,5,-12,-11,-14,6,-15,1
17/45,0,0,0,0,2,-5,-8,1,2,0,1,-5,0,6,-6,-2,5,6,5,4,-13,12,-4,12,-5
10/23,-1,-2,0,-5,6,2,-3,1,0,-5,-1,-1,-5,8,-6,-3,5,-10,8,8,-1,-16,6,4,-10
-6/35,-1,0,0,-5,0,-5,5,1,3,0,-1,-2,-6,4,-8,6,-11,-10,4,10,-6,-8,12,-13,2
61/16,0,2,4,1,6,1,1,1,3,-7,-4,-7,8,7,-8,-2,-3,-13,10,15,-2,5,15,1,2
54/17,-1,0,-3,-5,0,6,-2,-2,4,10,-5,8,6,12,0,-2,-12,-8,8,-8,-4,-4,12,-6,16
51/16,0,0,0,0,0,-5,-8,1,-9,-4,-5,-11,6,-2,-8,-11,-4,8,4,0,10,0,-16,18,-12
-83/50,0,-2,0,0,6,-1,5,0,6,3,-7,-2,8,-4,-6,6,-12,2,-11,-15,-1,-4,0,-15,-9
-34/25,-1,-2,0,1,4,-5,-8,-2,2,2,4,-7,-6,8,10,-7,0,-7,11,-8,2,-6,1,6,-8
-38/25,1,2,0,0,-1,6,-3,1,0,-3,-9,-10,4,-1,12,6,-11,6,-5,6,-5,5,-1,1,-18
-72/47,0,-3,1,0,0,-5,4,-2,-4,-2,3,-2,-4,-4,3,0,4,6,-14,4,11,-7,12,9,-13
5/76,0,-2,0,1,2,-5,1,-2,0,-10,2,-2,1,8,-6,-2,10,2,10,2,10,-6,2,0,-5
31/41,0,-2,0,-5,0,-1,-6,1,-8,-4,-10,-2,6,-4,1,1,-1,10,-11,6,2,1,2,3,8
-47/91,0,2,-2,-5,6,-2,6,-2,-3,10,-1,-5,0,-4,-8,6,0,-2,-8,-1,14,-15,14,-1,-5
-37/69,0,0,0,1,2,6,2,1,0,2,-1,-11,1,6,6,-3,-14,-5,8,5,2,15,10,-6,-2
-81/58,0,0,3,-5,2,-6,2,-2,-4,-6,-4,-8,-4,1,8,-7,6,-1,2,-15,-14,-8,-7,-7,-7
-85/61,0,-2,0,-5,2,-5,-8,1,6,7,1,6,1,-12,-1,-6,-10,-4,10,0,-16,-14,0,-12,-2
55/84,0,0,0,-5,0,6,-3,-2,-9,4,10,-11,-9,4,-6,-10,-14,13,11,-3,-9,10,-8,9,-13
76/73,0,2,-3,1,-2,1,2,1,-9,6,-8,6,4,-7,0,-2,6,2,-14,9,-6,1,15,-15,-2
71/70,0,-2,0,-5,-3,-1,-1,1,6,-10,-5,-5,-6,4,-8,-4,4,4,-2,-12,-11,15,12,8,-4
29/7,0,-2,-2,-5,-5,-6,-4,1,4,-10,-9,-7,10,-2,-11,6,-2,-7,8,4,-11,11,-3,12,11
-69/31,0,0,2,-5,4,6,-5,1,-7,0,2,-6,-1,4,11,2,-4,-7,-12,-15,-4,15,16,8,3
-37/14,0,2,2,-5,2,0,4,1,-4,4,-10,-11,-6,-4,0,-2,0,-12,4,2,-1,-16,2,1,-2
-49/11,0,2,0,1,-2,-5,5,1,2,3,-10,-7,3,-10,1,6,-7,8,4,-1,14,-14,7,-6,2
-92/15,0,0,0,1,6,-6,6,1,-7,3,-4,-2,0,5,0,6,6,2,-12,-4,11,15,-3,-14,1
-95/14,0,-2,0,-5,4,-1,-4,1,6,4,-1,-2,-7,2,4,11,0,-2,8,-12,2,5,17,2,-18
5/48,0,0,0,1,-3,0,-3,-2,4,3,-2,-11,-4,-6,12,0,-2,-1,-14,2,-1,-10,7,1,-9
-94/39,-1,0,1,0,6,-2,2,0,-4,-5,-9,11,1,4,-8,-4,-10,10,4,-12,4,-9,2,6,-6
-93/41,0,0,0,1,0,6,5,-2,4,3,-10,5,6,-4,8,4,-11,4,12,6,0,-4,1,-1,-14
44/31,0,-2,1,3,0,2,-3,-2,-8,6,2,-2,-6,-4,6,-6,9,-1,-5,0,-13,-10,-7,-6,-1
41/31,0,-2,0,1,4,1,-4,1,6,-4,2,-11,-4,-10,-6,-3,-4,-5,-11,5,-10,5,-6,3,11
33/20,0,0,0,1,0,2,5,-2,1,-4,-4,-7,6,8,-1,0,7,-5,-4,0,-6,-14,4,8,3
91/57,0,0,0,1,4,-7,4,-2,6,-2,10,7,-9,7,-8,3,-4,-5,12,6,-13,10,6,5,-12
-29/84,0,0,1,-5,6,-6,6,-2,6,-10,8,5,1,-10,0,-4,-4,5,0,7,-6,-12,16,6,2
38/11,1,2,-2,1,-2,6,2,1,-6,3,-9,11,0,1,-8,6,2,-1,0,-12,7,8,17,-1,-9
-79/24,0,0,1,-5,6,6,-3,-2,-3,10,-4,2,-5,4,-10,4,11,-7,12,-9,-4,4,-3,-15,-2
-79/17,0,2,0,-5,4,1,-2,-2,-8,0,1,-6,-6,12,0,-2,-3,-10,11,-1,14,4,10,-14,-3
33/95,0,0,0,3,0,-5,2,-2,3,6,2,-6,-6,-6,-2,11,-2,1,-14,8,-10,11,-6,5,-2
84/65,0,0,0,1,-3,-2,-5,0,6,-5,-4,-2,-3,-3,0,9,-14,-5,8,-4,10,6,2,2,-6
29/22,0,-2,3,0,-2,-1,3,1,-8,-10,-1,-2,-2,9,-8,-4,6,-12,-3,-5,-6,-16,-16,-15,-3
78/7,1,0,1,-5,0,-7,3,-2,-8,6,-1,11,-6,2,-6,-6,2,-1,-14,2,-7,-4,2,-15,-2
23/3,0,0,0,3,-3,6,-6,-2,-7,-1,10,-7,0,-2,8,6,-4,6,-12,5,-7,-9,-7,12,8
72/11,0,0,0,-5,-2,1,2,-2,-8,-2,0,-7,-6,6,0,4,2,10,4,4,-14,-8,12,0,14
34/95,-1,-2,0,-5,0,0,-8,-2,-9,-8,8,-2,-1,10,1,4,-3,10,8,-15,4,-6,6,1,-4
11/32,0,2,-3,0,0,-5,2,-2,4,2,3,-7,-6,10,10,-6,2,-3,8,6,7,9,12,-10,-1
32/99,0,0,3,-5,-2,-5,6,1,-8,6,-9,-7,7,-10,0,1,0,-10,12,0,-5,-8,12,-1,-6
34/103,-1,2,2,-5,-2,-5,-8,1,-3,9,-1,-2,0,4,6,-10,2,-13,-13,-15,11,-14,10,-6,-18
-11/31,0,2,1,0,0,1,5,-2,-3,0,2,-2,-6,-1,-2,-2,-4,-7,-8,-12,-13,6,2,-17,-2
-62/25,1,2,0,1,4,2,2,1,-3,4,-10,7,8,-1,6,-10,7,-7,-13,-5,-14,11,-13,-15,-14
-65/27,0,0,0,1,0,-7,-6,1,-3,-10,-2,-7,-1,-3,-6,6,-13,-11,-3,13,-8,10,10,1,14
-65/24,0,0,0,-5,2,-7,5,1,0,9,-9,-2,12,-6,7,-4,4,-2,16,-3,0,6,-7,-6,13
-61/28,0,-2,0,-5,6,0,-3,1,-4,5,1,-2,-1,2,0,-4,-2,-13,-4,-6,-5,-1,3,-6,-19
26/41,1,2,0,1,2,-7,5,1,0,6,0,-7,6,6,-6,6,-4,-6,4,-3,2,-8,3,6,12
-42/43,1,0,4,1,0,-1,4,-2,4,-8,3,-6,6,-12,1,3,0,1,8,-3,-5,9,-8,10,-9
-11/17,0,-2,2,0,0,6,-2,1,-8,9,3,-3,8,-12,-6,6,2,-1,5,0,-10,-1,-3,-6,18
-74/9,-1,0,2,-5,-3,6,2,1,6,-3,-5,-11,10,6,0,-11,0,-1,-10,-9,-13,-1,11,18,-5
97,0,2,-2,1,0,-6,6,1,-3,10,-10,5,2,7,-7,-2,-4,-11,-12,15,4,0,-3,-17,8
95/3,0,0,0,1,2,2,-4,1,-3,6,3,10,-6,10,-11,-2,6,-7,-10,-12,14,-14,-6,0,-1
95/2,0,2,0,1,0,0,2,1,-3,-2,2,6,0,-1,-8,4,0,-6,-7,10,0,-14,4,3,8
53/43,0,-2,4,-5,-1,2,-3,-2,-3,10,2,-2,1,-12,3,-10,0,10,-6,15,-11,-8,-7,-10,8
25/22,0,2,0,-5,-2,2,2,1,-8,9,3,5,3,8,-8,6,-11,-2,-14,8,-2,10,1,9,-2
-13/86,0,2,2,-5,-5,-7,-3,1,2,9,-2,10,-9,-12,-11,-6,-7,-10,1,-3,1,-10,2,12,-7
-13/32,0,2,0,1,-1,-7,5,1,-9,6,10,-5,1,4,-1,1,-12,10,5,-12,0,11,16,-16,2
4/31,0,2,2,1,0,-6,-1,-2,1,-7,2,-11,6,-7,-6,1,-12,13,8,6,-4,10,2,3,9
4/59,0,-2,4,1,-5,-5,-4,1,6,-2,-5,-2,2,7,-11,3,10,5,12,-9,-2,-16,6,6,-12
3/62,0,0,1,-5,-1,6,-3,1,-6,-5,2,-7,1,8,11,6,0,-5,14,-9,-1,5,7,6,10
19/93,0,0,-2,1,2,1,-3,1,-9,-5,2,8,-9,9,0,-4,-3,-2,6,-4,-5,11,12,0,-3
5/32,0,2,0,3,2,1,-5,1,-8,0,-5,7,-5,1,-11,-2,-2,-3,11,6,-6,0,-6,3,-12
7/31,0,2,-2,1,-1,-5,-4,1,-8,-10,2,-2,4,10,-4,-2,4,10,1,14,12,-4,2,18,10
-17/19,0,2,3,-5,-1,-5,-8,-2,6,6,-10,-2,6,0,6,-2,-2,6,8,6,10,-8,6,-8,14
-85/101,0,2,0,1,4,4,-8,1,3,-2,2,11,-7,1,-6,6,4,-11,5,13,-4,8,14,-6,12
-89/97,0,2,0,-5,2,-1,5,-2,-9,2,2,-7,-6,12,-2,-14,0,1,-14,2,4,-4,8,-13,4
-89/93,0,0,0,0,-1,2,-3,1,-8,3,2,10,-6,-6,-8,-3,-4,-8,-14,6,-2,9,-3,-13,-14
-92/103,0,2,0,-5,6,2,-1,-2,-7,4,-4,-6,12,6,-8,5,-14,1,9,0,-2,-1,9,2,-7
49/93,0,0,3,1,-5,-5,-3,1,-8,9,2,-11,-6,8,0,-4,-12,1,4,-8,0,4,-7,6,0
-10/87,1,0,0,1,6,-1,6,1,6,-6,3,-7,-9,4,-6,-12,-10,-1,12,15,-6,-14,4,-8,8
-7/83,0,2,4,1,0,-1,6,1,3,0,1,-6,-3,12,3,-6,6,13,-10,6,-13,0,-16,-1,5
-16/73,0,-2,-2,-5,-3,4,1,1,-9,-8,2,-5,6,12,-7,-2,2,-10,2,4,-6,-15,0,-6,14
-39/19,0,0,1,1,-1,-7,-5,-2,0,4,3,5,7,8,10,-4,-4,10,-4,5,7,0,14,10,5
-67/74,0,2,2,1,-3,6,2,1,-3,2,-4,-8,-3,4,2,6,10,-5,-5,6,11,-4,6,0,-5
-53/89,0,-2,-3,1,-1,6,-3,1,6,-5,-8,-1,10,7,4,-10,6,-1,8,2,14,8,2,-8,2
-59/85,0,2,0,-5,4,6,-2,1,-3,6,10,6,0,8,0,-4,-12,-13,6,-5,11,-15,9,-12,-2
-10/29,-1,2,0,-5,0,2,-6,1,2,-6,-5,6,0,-1,7,-6,-1,-1,-12,6,4,8,12,8,12
31/83,0,-2,3,-5,4,2,-1,1,-8,3,-10,-11,-1,-1,4,-10,0,1,3,0,-11,9,-16,-14,-9
36/19,0,0,1,3,6,-6,4,-2,4,-5,-4,6,-6,4,8,-2,4,8,5,2,4,6,14,-6,-6
39/19,0,0,4,-5,0,-7,5,-2,-9,0,-1,-8,2,-10,0,6,-14,2,-6,-4,-5,12,-15,6,-13
-9/86,0,0,4,1,6,6,-3,0,-3,0,10,11,6,-12,0,3,0,-1,4,12,-11,-12,16,3,-10
-83/43,0,2,1,0,2,0,-3,-2,-4,0,6,-2,6,-12,6,1,-9,13,5,-15,0,5,0,0,-3
-83/46,0,2,0,1,0,1,2,-2,0,3,3,7,6,-6,0,-2,-1,8,2,13,2,-16,0,6,-7
-40/21,0,0,0,-5,4,-5,1,1,-4,-4,-10,-2,-7,4,-11,1,-4,10,-12,-2,12,1,4,-14,-7
37/86,0,-2,2,0,0,1,2,-2,-3,0,-1,-11,12,-12,1,-9,6,-5,2,-12,-4,6,-16,0,3
35/88,0,-2,0,1,-2,2,-5,-2,-4,-4,-2,-2,12,-3,4,-3,0,8,1,-7,-13,12,0,12,2
49/16,0,2,2,1,-5,6,-6,1,-6,2,-5,-5,12,4,12,5,-4,-7,1,2,4,-14,8,3,9
-63/29,0,0,2,1,-1,-5,3,-2,-3,-6,4,-1,-5,-1,-6,-6,1,-10,-7,-3,12,5,14,5,-13
19/44,0,-2,2,1,-2,-1,1,1,6,0,3,-2,6,-10,0,-2,-12,13,-4,0,2,6,0,10,-12
40/39,0,0,0,3,-2,-2,-3,1,4,-2,-5,-7,12,4,-8,-3,6,1,4,0,-5,8,-9,-8,14
43/41,0,-2,-3,1,-3,0,5,1,-9,-4,-9,-7,6,-1,13,-2,-14,8,4,8,14,10,16,0,12
39/74,0,0,0,0,0,-7,5,1,-8,-8,3,-8,-1,1,-6,6,-4,-5,4,4,-10,-14,2,-6,17
38/71,1,2,2,3,-5,0,1,1,-9,2,10,-8,-5,1,-3,6,-4,10,-12,4,-2,-16,3,6,14
7/30,0,0,0,1,4,-5,5,-2,-3,6,-2,7,-6,8,-10,-6,-14,2,8,-15,2,-4,0,-1,9
-24/7,0,0,3,-5,2,-5,3,1,-3,0,2,5,6,9,4,6,4,10,-10,-4,-6,-14,-13,-2,1
-25/3,0,0,0,0,6,-1,2,-2,3,4,-6,-8,-3,-4,0,-2,-9,5,-7,-15,-5,0,8,10,-5
49/47,0,-2,2,1,0,4,-4,1,-8,3,-5,-5,2,1,3,3,-5,-1,4,3,-1,4,-4,-4,-2
37/50,0,-2,0,1,0,2,2,-2,-3,0,0,-11,-5,-10,0,-4,11,2,14,3,2,4,12,18,-12
80/103,0,-2,0,1,0,4,6,-2,-3,-4,-1,11,0,6,-6,-2,0,0,-12,9,2,-15,-6,-15,-5
34/87,-1,0,3,1,6,4,-8,-2,3,-6,0,2,2,5,3,-3,6,1,-6,-5,-13,2,-7,18,-6
65/44,0,2,0,0,-2,-7,5,-2,6,3,-5,-8,6,-2,0,-12,10,-4,10,13,-11,-10,3,10,12
86/69,-1,0,1,-5,-2,0,4,1,0,0,1,-2,1,-1,0,0,4,4,-12,8,2,-8,-6,-16,-9
-89/60,0,0,0,-5,-1,2,-4,1,-3,0,-4,-7,8,9,-1,6,-4,6,5,-3,-5,6,-3,-13,16
-88/59,0,2,3,0,0,-6,-5,-2,6,0,10,5,0,8,-8,1,10,-3,12,-15,4,15,0,-12,-8
77/13,0,-2,1,1,0,-2,-6,-2,-3,-8,-7,5,4,-3,-8,6,-11,-11,2,3,14,-6,3,0,13
-82/87,1,0,2,3,4,2,-1,1,-8,-6,-2,-7,-4,-1,12,-3,10,2,5,-4,2,-8,2,2,2
-84/85,0,0,0,1,2,2,-2,1,1,9,-9,2,0,-2,0,-14,-12,-1,0,4,-16,-6,4,-1,-6
49/76,0,2,1,1,2,-5,-3,-2,3,3,10,-1,7,12,-4,-2,0,-3,8,-12,-13,-12,-4,10,-6
47/71,0,2,3,-5,4,2,-1,1,1,-5,10,-7,-2,4,-8,-3,4,-5,-6,4,-1,-1,0,-14,-8
47/74,0,2,2,3,6,4,2,1,4,-5,-1,-8,-4,-7,-8,-4,-9,13,12,4,-6,11,-6,-6,-12
23/81,0,0,-2,-5,-2,6,1,1,-7,4,3,6,-6,-1,-6,-11,0,1,5,0,12,-6,12,18,-3
2/47,-1,2,0,1,0,2,-3,1,6,9,-10,-2,-6,-2,3,-3,9,4,8,4,0,-1,2,18,-1
-4/67,0,-2,0,1,4,4,-3,-2,6,-4,-2,11,3,8,0,-4,-4,6,0,2,-11,-14,2,-4,16
-4/21,0,0,2,-5,-3,-6,3,-2,6,6,10,-6,-2,12,7,2,6,0,10,-3,-1,-14,-9,-1,12
64/43,0,2,-3,0,-1,1,-4,1,-8,-5,-9,5,8,-12,-11,3,-2,-2,2,-3,-16,11,14,-1,14
-47/28,0,2,2,-5,4,-1,2,1,-3,-10,-9,-10,8,-4,-8,-14,-4,4,-4,-5,2,8,-4,0,-5
-46/27,-1,0,0,-5,-3,-6,-4,1,-7,2,-9,-8,2,-10,0,-2,-12,-3,4,2,-16,-12,6,-6,18
-41/65,0,-2,0,-5,0,-2,-3,1,-6,3,2,-2,-4,-1,-11,-3,5,-1,-10,3,6,-6,-3,-6,7
-41/68,0,-2,0,3,4,-5,-2,-2,6,6,10,10,-4,-10,0,-9,-2,1,4,-12,-5,-8,8,-6,2
-19/50,0,2,0,1,2,1,-6,1,-3,-4,1,11,-9,7,0,-10,0,4,2,5,-6,-4,7,-12,1
-35/39,0,0,0,1,4,-2,-1,-2,-3,4,0,8,-6,-2,3,6,-10,-5,0,-12,-4,-8,-3,10,10
-35/44,0,-2,0,1,-2,-6,2,-2,2,-5,-1,-3,-7,12,-6,-6,6,-11,11,-6,8,0,6,-12,9
-37/41,0,2,3,1,4,2,-6,-2,1,0,10,-11,6,4,8,-12,-7,-4,11,-9,-13,13,0,-6,-10
2/11,-1,2,3,-5,-2,6,5,-2,-9,4,3,-2,-4,12,1,-7,10,-7,2,15,5,13,-3,-4,-5
9/79,0,0,4,0,6,-1,1,-2,-8,-5,6,-11,-6,7,6,-3,10,4,5,-8,-10,-8,12,-17,-13
2/41,1,2,-2,-5,-2,2,-1,-2,6,-4,-7,-5,6,10,-11,-2,-4,1,-5,0,-6,-8,-11,10,18
-20/7,0,2,0,-5,4,6,-6,1,3,6,6,10,3,5,-8,-3,-14,10,12,-1,-4,6,15,10,10
-50/17,-1,-2,0,1,6,6,-2,1,-6,0,-1,-2,7,6,-2,-9,6,-2,12,2,5,10,4,6,10
-2/47,1,-2,2,0,-2,1,-4,1,-8,4,-9,-7,0,8,3,6,0,4,-3,0,-1,-5,12,-8,13
-1/47,0,2,2,-5,4,-5,-3,1,-4,-5,-4,10,-3,-9,3,10,4,-3,9,4,-4,8,12,3,14
1/45,0,0,0,-5,-5,4,2,-2,-4,7,-1,2,-1,-2,0,-11,-2,-10,10,14,-1,13,-4,0,-10
-75/59,0,0,0,3,2,-6,2,-2,-9,-5,-7,-2,-4,-2,-3,-2,10,8,12,-12,7,-16,-8,0,3
-73/62,0,2,4,3,6,6,5,1,-8,-10,2,-2,-6,-12,8,-2,-11,-10,16,13,-11,-1,-3,6,13
13/21,0,0,2,-5,0,-7,3,1,-3,-7,-1,-7,7,-6,0,1,-1,-4,2,12,-4,8,12,4,-1
26/55,-1,-2,0,1,-2,-7,5,1,6,4,-1,-7,0,4,-6,5,8,10,2,6,-2,-4,2,-7,-2
73/58,0,2,4,-5,2,2,-3,1,6,-6,-5,10,7,4,0,-14,6,-8,2,-12,-11,5,-12,10,6
-89/24,0,0,2,3,4,6,2,1,-8,-5,-9,-8,-9,8,4,-2,-4,-1,-13,-4,4,13,3,-13,1
-85/22,0,-2,0,1,-2,-5,-8,1,-6,-5,6,10,-9,4,0,5,-9,-2,-10,-15,10,8,14,-4,-18
-89/20,0,-2,0,-5,2,-5,-1,1,-4,-8,-7,11,-6,4,-8,-4,2,-5,11,4,-2,12,-3,-13,-5
23/84,0,0,-2,-5,0,-6,5,-2,-7,-7,-7,-1,8,-4,10,-9,1,10,8,15,2,0,2,18,2
13/42,0,0,2,-5,6,-7,-3,1,4,4,-10,-5,0,6,-6,7,10,2,4,-1,7,10,3,-6,-14
27/89,0,0,3,-5,4,-6,5,1,4,0,2,-11,-9,4,-1,-2,-1,8,14,-3,2,-14,14,-8,14
14/43,1,-2,-3,1,0,2,5,1,-8,4,-9,11,-9,-12,4,1,-11,1,-4,-15,6,-1,-15,5,-3
-47/50,0,-2,0,1,4,-5,-3,1,-8,-3,-1,-7,0,0,-8,-6,-4,10,-10,13,14,9,-3,-7,8
-49/48,0,0,-3,1,4,-1,2,1,6,-7,10,-7,-3,8,0,-2,-12,-1,-14,-9,-8,8,-4,18,8
-52/45,0,0,0,1,-2,-7,2,-2,2,-2,-1,-8,4,-6,-4,-11,-4,-10,12,-1,-2,-16,16,-6,8
-46/45,1,0,0,0,0,2,-6,-2,-7,-5,1,-7,8,4,0,3,-3,2,4,15,-4,5,-3,-12,-18
-43/46,0,-2,2,-5,2,-5,6,1,0,-4,-2,-11,6,-1,-6,-2,-13,-4,0,11,-6,8,-8,-6,-18
-28/3,0,0,1,1,0,-5,-6,1,2,10,2,-2,-6,2,3,-4,-14,-4,3,9,2,-4,14,5,6
73/55,0,2,0,-5,-2,6,2,-2,-8,-3,-7,10,-6,0,-6,6,-13,5,12,0,-11,-11,12,6,-18
11/68,0,2,0,-5,0,-5,-2,0,1,-2,2,6,6,4,12,6,0,-10,12,8,2,8,6,1,-2
-37/29,0,2,-2,-5,-5,-5,-3,1,-3,-6,3,-11,0,-6,0,6,-11,-7,4,-9,-10,4,-4,10,-14
49/13,0,2,-3,1,0,-2,-4,-2,6,-4,1,10,-4,-6,7,6,-9,-1,12,12,2,-7,0,-12,-18
54/13,-1,0,-2,1,4,-2,6,-2,-3,6,-4,10,-6,0,-6,-6,6,1,4,15,7,6,0,10,-14
24/5,0,0,0,1,4,2,5,0,4,0,3,11,0,-2,-2,-4,0,-6,12,3,14,5,6,-1,2
-18,-1,0,3,3,-3,-5,3,0,-3,4,-9,-5,2,-4,-3,-3,2,1,-2,8,-2,-10,-6,-14,-14
-41/6,0,0,2,1,2,-5,-3,1,-4,-1,10,-11,-4,1,2,-6,5,-3,-2,3,-2,15,0,-17,-9
-27/11,0,0,3,1,-2,6,-3,0,6,4,6,10,-6,8,0,0,0,1,16,12,8,10,-16,-12,-5
77/71,0,2,-3,1,0,0,2,1,0,-8,3,7,-3,6,1,3,-9,4,-5,4,-6,-11,-4,-8,1
20/33,0,0,0,-5,-2,2,2,1,6,-4,1,-3,-6,-2,-8,0,-9,13,-13,4,-7,-16,3,6,-6
96/77,0,0,-3,-5,-2,-5,2,0,1,-7,-7,-3,-4,-6,3,-14,-7,1,5,13,4,6,-9,-10,-14
-17/15,0,0,0,-5,-3,4,-8,1,-3,-3,3,2,-6,-3,4,5,-5,8,3,-9,-10,-4,2,-1,17
15/56,0,0,0,-5,-3,6,2,1,-3,6,-9,-6,-6,8,-2,-7,-1,-6,5,-8,12,5,-4,-7,10
13/53,0,-2,4,-5,6,-7,5,-2,-3,0,-6,-2,6,4,4,5,-4,1,5,3,-8,12,12,10,12
19/53,0,-2,-3,3,4,-6,4,1,2,-7,-1,-7,-6,-9,7,5,-10,8,3,3,-4,-8,-7,-12,-6
77/39,0,0,3,1,0,-2,6,0,1,0,-4,-7,2,-1,-6,4,4,-1,-7,3,7,-1,12,18,9
61/9,0,0,1,1,0,2,2,-2,-8,10,-2,-2,6,4,-8,1,13,-13,2,0,12,-7,-3,-1,-1
-86/19,-1,2,4,0,-2,1,-3,-2,6,-8,-6,10,-4,-1,10,-3,-9,8,4,14,-6,-1,0,0,12
11/105,0,0,0,-5,0,4,5,-2,-3,0,10,6,-4,6,2,6,7,-1,-6,15,7,10,-4,-4,13
11/104,0,2,2,3,0,-2,2,1,-4,4,2,-7,12,10,1,4,-1,-8,5,-12,-6,-6,-13,-6,-12
3/95,0,0,0,1,-1,-5,-6,-2,-3,-2,8,-5,6,1,-7,3,4,-1,-5,13,7,-16,2,6,2
2/93,1,0,2,0,4,2,-3,1,6,10,2,-8,-4,12,0,6,0,-10,5,4,2,-9,-7,6,-13
15/43,0,0,0,0,4,6,-3,-2,6,0,-5,-2,4,-12,-6,-2,-4,-4,-8,-1,-7,13,10,6,9
1/21,0,0,4,-5,6,-5,-3,-2,3,-10,3,-6,-7,-2,6,1,6,10,5,0,-6,-8,-6,-8,10
-23/15,0,0,0,-5,0,-5,2,0,-7,-5,0,5,-3,6,7,-6,-13,4,-14,-5,-5,4,-6,-7,-10
-98/65,-1,-2,0,1,6,-2,-1,1,-3,6,10,-2,0,-10,12,3,8,1,-2,15,-10,11,-5,-3,9
-31/53,0,2,-3,0,6,-5,-1,-2,1,-5,-10,-2,0,2,1,5,-11,-10,2,8,0,-6,-15,-6,2
-76/39,0,0,0,1,-1,-2,6,1,-3,-2,6,7,-6,-10,-2,5,-4,-1,-12,6,0,6,8,-6,8
-67/33,0,0,2,1,-2,-1,3,1,4,-4,-9,2,-3,7,-6,-10,8,-8,-5,-15,5,-6,0,-8,18
27,0,0,0,1,4,2,-1,1,0,-1,-9,11,0,2,-6,-2,10,-1,-13,-4,2,12,2,0,-18
23/5,0,2,0,1,0,0,-3,1,-7,6,8,-8,12,-3,8,7,7,1,0,-9,-5,0,7,-16,-5
80/33,0,0,0,1,-2,-5,2,-2,6,7,-5,-2,-1,6,2,-6,4,10,-12,-15,-6,-6,14,-10,6
80/29,0,2,0,3,-1,-5,4,1,-8,-6,-1,11,-9,-4,12,-11,-7,6,-8,-2,-10,-9,12,-16,8
60/41,0,0,0,3,-1,-5,5,0,3,-4,6,-2,6,-1,6,1,-11,-6,10,-13,11,1,14,-1,-10
39/34,0,0,4,3,2,-7,-2,-2,4,-7,-9,-11,-6,-4,0,-4,0,-1,12,-9,1,15,-4,6,-2
-41/39,0,0,4,1,2,-2,-6,1,-9,6,-1,6,-4,8,7,-4,4,-10,5,-15,14,-16,-10,-3,14
43/20,0,-2,0,1,2,-5,2,1,-3,0,-9,-8,0,-1,0,-4,-9,-12,-4,-4,4,-10,-16,-8,-6
-7/52,0,-2,2,1,2,-2,-1,1,6,-4,1,10,-6,-1,-6,9,0,0,4,-12,0,8,2,-8,-14
85/14,0,-2,0,-5,6,6,-8,1,3,-2,-9,2,8,10,-6,-2,4,-12,-12,2,-14,-8,9,-1,-2
29/5,0,2,0,3,0,4,3,1,-3,-10,3,-6,-6,1,1,-2,0,6,-2,8,4,-15,4,6,-1
19/34,0,2,0,1,0,-5,-2,1,6,-1,-9,-1,8,-6,1,0,-3,-10,4,-5,-6,-8,0,-6,-10
-8/31,0,2,3,1,-3,2,2,1,-4,-2,2,2,8,9,-8,6,0,-7,-12,-4,0,11,-4,-7,14
22/13,-1,2,1,1,0,-2,2,1,3,-3,4,5,6,2,-6,6,-4,-6,-8,6,-6,4,-16,6,2
12/65,0,0,0,1,6,-2,-3,-2,-4,10,-10,10,12,0,13,-3,-2,-5,-14,-13,4,13,2,6,17
19/51,0,0,1,1,0,6,-2,1,-3,-10,10,-8,1,4,10,6,4,1,10,-15,-1,15,12,6,-18
44/29,0,2,0,1,0,-6,5,1,-3,-6,-5,10,10,10,-6,9,-14,-7,8,15,1,-15,-10,-14,18
-7/87,0,0,2,1,4,-5,2,1,2,-6,-9,-2,2,-10,2,-2,4,-10,10,12,-7,4,12,10,13
-8/85,0,2,0,1,6,2,-2,1,3,-2,2,-1,-1,12,-6,5,-11,-11,2,15,4,8,-11,0,14
63/31,0,0,-3,1,4,2,-3,-2,-3,-5,2,-2,1,2,-8,-2,-12,-13,8,-4,4,-14,-16,2,-9
67/30,0,0,0,1,4,6,-3,-2,-8,0,-9,8,6,-6,13,-14,6,-10,-5,-9,-1,1,2,-14,8
58/35,-1,-2,0,-5,4,-5,1,1,-3,-10,1,-2,-5,-4,-7,-6,-4,6,-14,15,-4,6,2,-2,12
7/9,0,0,-3,1,-1,-5,2,1,3,-2,10,-7,-3,-3,12,6,10,0,4,8,-2,6,10,-12,-9
10/11,-1,-2,0,1,-2,-5,-3,-2,-8,6,0,10,0,4,-6,-2,-7,5,2,14,-2,5,-3,6,18
79/82,0,2,-2,1,4,2,-6,-2,-4,3,-8,5,6,5,1,4,4,-1,-12,-9,-11,4,-6,1,8
57/70,0,0,0,-5,2,2,2,1,3,-5,3,-3,7,-1,-6,7,-4,2,11,0,-2,-11,12,-12,-3
84/29,0,0,4,1,-5,0,1,1,4,-6,-1,-2,-3,4,7,-4,11,-1,4,-13,-4,6,-7,-1,14
83/32,0,2,1,-5,4,1,4,1,-4,-10,-8,10,8,-12,0,-2,6,4,-10,-4,11,-12,0,18,11
86/29,-1,2,2,1,2,6,-1,0,-4,-6,10,-2,0,-1,6,-2,4,13,12,6,-13,0,2,-14,-2
-4/25,0,-2,0,1,2,-5,-3,1,-8,4,3,-7,-1,2,1,-6,-14,8,-12,-12,-10,-16,-3,-9,-18
60/19,0,0,0,-5,-1,2,-3,-2,6,2,-9,-7,-6,-10,-6,-2,2,10,-2,-7,-6,8,-4,5,17
81/32,0,0,-2,0,4,6,-6,1,-3,-1,10,-1,8,4,-1,-12,6,-12,3,-1,-2,-5,3,-2,-13
80/31,0,-2,0,0,-3,1,-3,-2,6,4,2,7,-2,-2,-8,-10,-14,8,-14,-13,12,-6,-4,-8,10
41/19,0,-2,2,-5,-5,-1,6,-2,3,6,-7,-2,-4,-6,0,-2,10,-2,3,-9,11,-7,-4,-14,2
79/35,0,-2,0,-5,-5,1,5,1,-4,-10,3,-5,12,-6,1,6,11,-13,10,5,6,4,0,-1,13
7/43,0,2,1,1,-3,-5,2,1,-3,6,-4,-3,-3,-12,4,7,0,-5,-5,8,2,0,12,2,-14
20/43,0,-2,0,1,-1,-5,-5,1,-3,-10,3,-6,10,-12,-8,-6,-4,4,2,11,4,-4,4,0,-18
41/86,0,2,4,3,4,2,1,1,-4,-5,3,-7,-4,-12,0,6,0,-3,3,-13,-14,-6,6,-1,-6
11/34,0,-2,1,3,0,1,-2,1,-3,-5,-1,-2,6,4,4,-7,11,8,-11,15,-2,-7,-4,-14,16
9/35,0,-3,0,-5,6,2,-4,1,6,4,1,2,-3,9,7,-4,0,2,8,8,-10,-7,2,-6,-1
-6/77,1,0,-2,-5,-2,-6,2,-2,-3,-10,3,6,-3,9,0,5,0,1,14,-8,4,-16,11,6,-7
-28/5,0,2,0,1,-5,2,-3,1,-4,-4,-9,-11,-3,10,13,-7,0,4,3,-3,7,4,17,-6,-7
67/85,0,2,0,-5,4,-5,-2,1,-4,10,3,5,-5,-10,-7,6,8,-1,-5,8,-7,-7,1,5,-3
-19/37,0,-2,0,0,0,1,2,1,-4,2,-6,-8,2,-3,-11,-2,-7,-3,8,-5,4,10,-16,5,14
-94/31,-1,-2,2,1,-2,0,2,1,-8,4,2,-6,-3,9,-8,-6,6,-13,5,4,-8,8,2,10,2
-51/86,0,0,2,1,0,-5,-8,1,-4,6,-7,-2,-6,-12,-8,-4,4,1,-11,6,-6,-1,3,-8,-8
-46/85,1,-2,0,3,0,6,-2,1,-7,2,-4,-5,-6,10,-4,-3,-14,-12,9,-4,2,-4,12,-3,8
-23/39,0,0,3,3,0,-2,-4,1,-7,-10,2,10,8,4,0,5,0,4,10,-12,-14,10,0,6,-14
-25/39,0,0,0,1,4,-2,6,-2,-4,-5,-2,-1,-2,-6,6,-6,6,-2,-12,4,-5,8,10,6,-10
73/71,0,-2,0,3,0,2,-3,1,6,3,0,-7,-6,-2,12,9,-9,-4,-14,4,-11,-14,-5,1,18
-3/35,0,0,0,-5,-3,-5,2,0,-8,3,2,-7,12,4,-8,10,-3,6,8,0,-13,12,3,-8,10
59/96,0,0,1,1,2,-5,-1,1,-3,9,1,8,0,-10,12,6,-12,2,-4,0,-6,15,3,18,-18
59/92,0,2,0,3,-5,6,-5,1,0,-4,3,-6,10,-6,0,-2,-12,-8,-11,15,7,-4,-4,6,-18
-35/24,0,0,0,1,6,4,6,1,3,6,-5,-10,-1,1,-8,-2,0,-8,-2,-3,-7,-16,12,-14,2
-33/25,0,0,0,-5,0,6,5,1,6,4,-8,-8,6,4,0,-9,10,1,4,-12,7,-5,12,6,1
6/41,-1,0,0,0,0,1,-3,1,6,6,-9,-7,6,4,-8,-4,0,6,-12,0,4,-1,7,10,-18
71/61,0,-2,0,3,6,-5,-6,-2,-8,3,-1,5,-7,6,-8,6,4,-4,2,-12,2,0,-4,-3,-2
-35/11,0,-2,0,1,-2,4,2,1,-3,10,-7,-2,6,-9,-11,-2,-4,-10,2,12,7,-1,2,-10,-12
-30/13,1,0,0,1,4,-2,3,1,-8,7,3,6,-5,-6,0,-2,0,-12,10,6,-8,-7,4,-4,6
-31/13,0,-2,0,3,-5,-2,6,1,6,4,-10,-7,7,5,0,6,-4,8,2,0,-13,13,-6,2,8
-41/11,0,-2,1,1,-2,2,-3,-2,-3,7,4,-2,-4,12,8,-4,0,13,12,-15,14,8,12,18,-6
-23/53,0,-2,2,3,2,1,2,0,-7,6,6,-11,-7,4,-1,5,0,2,5,-3,14,-12,-16,-10,-18
98/25,1,-2,0,1,4,-6,-3,-2,-8,3,-7,6,12,7,1,-4,-9,-5,8,9,-16,-4,-9,12,13
28/99,0,0,-2,1,-2,2,-6,-2,0,-5,0,-5,-2,-2,-6,-6,-12,-11,4,2,2,13,-4,-6,-18
26/97,1,-2,-2,1,0,-7,2,-2,-9,7,-1,2,12,-6,10,1,0,8,4,2,10,-4,-16,-12,4
23/96,0,0,0,1,4,0,3,1,-7,0,10,5,4,-2,-6,1,0,-7,-3,-15,-16,5,6,-1,-9
-15/19,0,0,0,-5,4,-5,4,-2,-8,4,-5,10,10,-4,11,-6,0,-8,4,14,-14,-11,10,-14,14
1/47,0,-2,-2,3,-3,-5,-3,-2,-3,0,-6,2,-9,7,3,-2,-1,13,-3,-12,11,5,-3,-6,-1
43/47,0,-2,1,3,4,6,-6,1,-4,-2,-2,-2,-6,-1,3,-4,-2,-2,16,4,-4,10,6,9,17
42/47,-1,0,0,1,-2,0,5,-2,-9,-5,-1,-5,-9,-9,3,1,-13,-6,0,13,-6,-14,0,-9,-10
39/95,0,0,0,0,-3,-7,-4,-2,-3,2,-10,5,3,4,8,-3,4,-1,4,-6,-11,5,-4,10,-19
3/38,0,0,4,0,4,2,2,-2,4,10,-9,-2,12,12,-11,4,-12,1,5,-1,-13,-7,17,12,-10
-36/35,0,0,0,-5,-3,-1,5,1,-4,2,-1,10,1,-1,-7,-6,-9,1,-12,2,4,-14,-7,-8,6
-19/17,0,2,3,3,2,-5,-2,1,3,-2,-1,-7,2,4,0,-6,4,13,-8,-12,-4,8,-16,0,-6
35/19,0,-2,0,1,-2,-5,-4,-2,-4,4,1,5,-5,1,1,5,-11,-4,5,8,-6,5,-7,6,-6
93/14,0,0,-3,-5,0,0,2,1,-3,-5,-10,-8,-2,-2,4,6,0,-4,4,-9,2,0,12,-10,-10
-40/73,0,-2,0,3,6,-5,-4,-2,-3,6,-6,-2,8,-1,-11,-6,-14,-6,4,-15,-6,13,-6,0,-14
-43/76,0,-2,3,0,6,0,4,-2,3,-2,-1,-10,-6,-1,12,-3,0,-4,8,-12,-4,9,-4,-8,2
-51/74,0,0,2,3,2,1,-8,1,-4,-3,10,-8,8,9,11,6,-4,1,5,5,2,4,0,-9,-14
46/77,-1,-2,-3,-5,-2,-6,1,1,-7,6,2,-2,12,-7,0,-10,-2,2,0,5,4,-15,1,10,-12
47/75,0,0,0,0,-3,-6,2,-2,0,9,6,-5,-6,2,-8,3,-14,0,5,4,7,-14,14,3,-1
-14,1,2,0,1,0,6,2,1,-3,6,8,5,0,1,-2,-2,6,2,14,-4,-4,-6,6,18,18
-65/6,0,0,0,1,-1,-7,-4,1,-6,2,0,-7,0,-4,0,-6,4,6,12,2,4,10,0,6,17
7/55,0,2,0,1,-2,4,-5,1,3,-5,1,5,12,4,-8,-4,-4,-1,-4,12,0,-16,3,-8,-6
8/57,0,0,1,0,-3,6,1,-2,3,0,8,-6,12,-10,-3,-6,-2,5,4,15,-7,-10,6,-2,-6
-89/34,0,2,1,-5,6,2,-2,1,-8,-5,-1,-2,-6,1,-6,-2,-4,1,5,10,7,4,12,-13,2
-92/31,0,2,3,1,-1,-5,-3,1,-7,-5,2,-2,-6,-2,0,10,-3,0,-3,0,7,-16,6,6,-10
-89/29,0,-2,2,1,-2,-5,5,1,1,-6,-4,-7,-5,5,-6,6,0,-7,9,-15,-6,8,-15,-13,-7
-93/28,0,0,1,-5,-5,6,1,1,-3,-4,-10,6,-5,-9,-8,-2,5,2,5,5,-6,12,-3,-12,-18
-40/61,0,-2,0,1,0,2,-3,1,-3,-4,-5,5,-9,-10,-8,1,0,-4,-10,12,-5,10,1,1,3
-29/14,0,-2,2,-5,4,2,-3,1,-6,-10,-5,11,-5,-6,-6,-11,0,-4,-12,4,4,-14,1,-8,13
-23/45,0,0,0,-5,6,6,4,-2,-7,-2,-5,10,6,-4,-6,3,0,8,8,8,-16,-16,8,4,13
-46/91,-1,-2,1,-5,-2,-2,5,1,-7,5,1,-1,-5,12,-11,-6,-7,4,4,3,-10,-1,14,-6,8
-81/49,0,0,4,-5,0,2,5,-2,-9,0,3,-2,-5,12,-10,9,-14,-8,4,4,0,-14,4,-14,-2
-7/71,0,2,-2,1,-2,2,-4,1,6,-3,-9,11,2,-9,-2,-11,-12,-10,8,4,5,-8,6,9,-2
-3/67,0,0,0,0,0,-5,2,-2,-3,3,10,10,-2,8,0,-6,0,8,0,5,-8,-11,-16,6,-3
-46/19,-1,-2,0,1,0,2,5,-2,-7,6,-5,-5,-6,2,12,-2,0,-13,-10,8,-7,8,-7,-1,11
38/21,-1,0,2,-5,2,-5,4,1,0,-5,-8,-6,0,-4,1,-9,4,-8,-4,-15,-6,-1,6,-14,-13
81/95,0,0,0,0,6,-5,2,-2,0,0,-7,-7,-7,4,1,3,-7,-6,-10,14,-6,-12,6,-16,8
17/73,0,-2,1,0,-3,6,-8,-2,6,-4,1,-7,-4,4,-6,-4,6,1,-7,0,-6,-16,-16,-14,-3
-33/32,0,0,4,-5,0,2,-3,1,0,-10,-4,2,-1,10,0,7,0,-7,-11,11,14,15,6,-10,10
-31/30,0,0,0,1,-2,0,6,-2,1,-1,-10,-2,-6,4,-6,6,6,10,16,6,-5,-8,14,0,-3
39/31,0,0,1,1,0,-7,-3,1,6,-4,2,-8,-2,1,-8,-2,-13,-6,4,-2,2,-10,1,-3,8
-28/41,0,2,2,1,-1,6,-3,1,-3,-5,-1,-6,6,-7,0,2,-1,8,-12,8,-4,-9,10,-17,5
-32/43,0,2,2,3,6,-5,-3,1,-8,-4,10,10,6,-12,-6,-3,-2,-13,-2,0,5,15,12,10,9
-31/41,0,2,2,3,-2,-5,5,1,-4,-3,-10,-7,6,4,1,9,4,1,12,-6,-13,-10,3,0,-6
-4/75,0,0,0,1,-1,2,2,1,3,10,-1,5,-3,8,4,1,4,-7,12,-8,-6,0,-4,-10,-5
-3/38,0,0,1,1,2,1,6,-2,-3,3,-10,-10,-6,6,-11,-11,-7,13,2,4,-6,0,6,-1,2
-65/21,0,0,0,-5,6,-7,2,1,-8,3,-1,10,-3,-6,-4,9,-7,0,-12,-15,14,12,6,-1,8
-67/21,0,0,-3,-5,-5,1,-3,-2,-4,-5,4,-7,-4,2,-6,6,0,-7,-5,-12,14,-8,-4,6,2
-71/24,0,0,4,1,-2,1,-6,0,-8,7,10,2,8,-4,-8,-2,-4,2,12,-12,-10,-14,-4,-14,-14
-41/34,0,2,2,1,-2,1,-2,1,-3,6,2,2,-4,4,8,-2,6,-6,8,-15,-2,-15,17,1,1
-46/33,1,0,0,1,-2,6,6,-2,-7,5,-1,-6,6,-3,4,11,-4,1,8,-12,14,0,-4,6,2
63/94,0,0,0,1,4,-5,1,-2,-4,0,2,-2,-5,0,3,6,9,13,-3,10,-8,-11,2,-6,3
-49/27,0,0,0,1,6,1,1,0,-3,10,-1,-5,-3,4,-2,6,-2,10,5,-15,7,-4,1,-6,13
-98/57,-1,0,0,1,2,-1,6,-2,1,4,2,-2,12,-10,6,-6,9,0,4,6,-13,4,0,3,-7
-78/95,-1,0,0,-5,-2,-7,3,-2,-4,-5,1,-6,0,4,-11,3,-4,8,-12,11,12,-5,-1,-1,2
-81/94,0,0,2,0,-2,6,-3,1,-8,-4,3,-7,-3,-4,3,2,-2,1,-11,-2,-2,8,-3,12,-18
-43/45,0,0,0,1,-5,-5,-1,1,-4,10,-1,11,6,-1,0,0,2,1,-4,14,-11,-8,8,3,8
-103/44,0,2,0,0,-2,-5,2,1,-8,-8,-10,-2,-3,-1,-7,-3,4,13,-10,9,6,10,1,10,13
-97/41,0,2,-2,1,-2,2,-3,1,-3,-2,3,-7,6,2,-8,-2,0,10,4,-12,6,9,-4,8,8
-95/44,0,-2,0,-5,-2,6,3,1,-3,9,2,-10,2,5,-11,-10,-13,2,2,-12,-7,-10,4,10,2
64/89,0,-2,2,3,0,6,3,1,-8,5,0,-11,2,8,12,6,0,-4,2,2,-6,11,3,-8,-10
59/89,0,2,4,1,-3,1,-6,1,3,6,-2,7,7,5,0,10,-12,13,1,16,-5,-7,-11,-8,-19
91/27,0,0,-2,1,4,-7,-3,1,-8,-1,4,10,-6,4,-4,-4,4,4,14,0,-11,0,7,-6,14
89/27,0,0,3,1,0,4,2,1,-3,0,2,-2,6,0,-8,3,-4,1,-12,-7,11,-16,0,-13,2
-44/31,0,2,2,-5,0,6,-4,1,2,6,2,-3,-4,-6,-6,-6,0,8,5,4,-13,1,1,-3,14
-49/33,0,0,-2,1,-2,-6,5,1,6,-3,-1,-2,-6,6,-6,4,6,-6,5,-7,11,5,-11,10,-7
-25/92,0,2,0,3,-1,2,5,1,0,-3,-7,10,-6,10,0,-6,10,-4,4,7,2,6,7,10,-12
-27/91,0,0,2,-5,-1,-2,-3,1,0,6,-4,10,-6,1,6,-4,0,-12,1,14,4,-8,0,18,1
-17/25,0,2,0,0,0,-5,-8,-2,-8,-8,-1,5,-3,-9,4,6,-14,1,-12,3,0,13,-11,-13,11
-53/74,0,-2,2,1,-2,2,5,-2,-8,9,-2,-8,-7,12,12,-10,-12,-2,-12,0,-14,-14,12,10,-9
-25/34,0,-2,0,-5,0,-5,-2,-2,0,-3,-6,5,0,-2,4,-11,0,-10,-14,-12,-4,-1,3,-14,-12
-55/64,0,-2,0,0,0,1,4,-2,3,6,10,-11,-3,0,0,1,0,2,4,-3,-6,-9,-3,6,-14
-27/32,0,0,2,1,4,0,2,-2,-4,7,-10,6,3,-2,-10,-10,0,1,0,8,11,-6,-4,-1,-2
86/19,1,-2,1,1,0,2,-4,-2,-3,5,-4,-11,-1,-1,0,-6,0,-1,12,10,-16,-4,4,3,3
84/17,0,0,0,1,-2,-5,-2,1,-3,6,-7,10,-6,-4,-11,-11,6,-3,12,14,4,-8,-13,-4,13
89/19,0,-2,4,0,4,-5,-6,-2,6,2,-8,-6,8,8,3,-2,-14,6,-3,-4,-13,6,-13,-13,8
83/20,0,2,0,0,0,2,2,-2,-8,2,0,-1,-9,4,-10,6,-4,-13,-12,6,-8,8,0,-15,-5
88/19,0,2,0,-5,0,-6,-1,-2,-3,-8,3,-6,0,-4,0,5,6,-13,-10,12,-14,9,15,-17,7
19/55,0,2,0,1,-2,0,-4,1,-4,9,0,7,6,-2,4,3,0,8,11,-3,-8,8,3,-14,-12
21/53,0,0,3,1,2,-5,-6,1,-8,3,-1,7,-6,9,-6,5,-13,-1,-12,-1,2,-16,0,-10,10
13/50,0,-2,0,1,-3,-7,-3,1,-3,-7,8,8,1,12,4,-2,-4,-5,8,6,0,-5,-6,1,-3
-4/33,0,0,-3,1,-2,-5,-3,1,6,0,-4,8,12,4,0,-11,2,4,10,14,2,6,1,-12,14
-34/7,1,-2,0,-5,-2,2,-8,1,-3,7,-10,10,-6,-9,3,-11,6,8,-12,8,-5,-15,0,0,-5
-69/19,0,0,1,3,-5,-5,-3,-2,-7,-2,-4,-5,-6,-10,-11,1,-11,1,-7,14,-2,6,1,-1,-18
-72/17,0,-3,2,-5,6,-5,-2,-2,1,-4,-1,10,3,8,10,-6,10,-1,-3,6,-2,-4,6,-6,-6
19/36,0,0,1,-5,6,4,4,1,-3,4,1,10,-4,7,0,-6,6,-1,4,9,4,-6,6,3,-18
-81/61,0,0,1,1,-2,-5,2,-2,-3,-7,10,6,-9,-6,7,-4,0,-4,-3,2,-11,5,14,-1,2
95/44,0,2,0,1,-2,-6,4,1,6,4,-2,-2,-6,4,-11,5,13,5,8,6,-8,-6,6,6,2
20/11,0,2,0,-5,-2,1,-3,-2,2,6,1,-7,0,4,0,11,0,13,-7,-9,4,4,1,6,-14
44/25,0,-2,0,-5,0,-5,2,0,-4,-10,3,-2,4,12,0,-10,8,1,4,-9,-16,10,-4,-1,14
69/10,0,0,0,1,0,1,6,1,-7,-2,1,10,-1,4,0,-2,0,13,-13,0,-13,8,-6,-6,17
-17/28,0,2,0,-5,6,4,-8,1,-3,-5,4,-1,-5,-1,-6,-10,-9,-10,-11,6,-13,-14,1,10,14
39/23,0,0,3,1,2,-7,5,1,0,-5,1,-2,8,-1,-11,-14,0,8,8,-7,11,-6,4,-1,-18
39/22,0,0,-3,-5,-2,-7,4,-2,3,4,6,11,7,6,0,10,-12,0,-14,3,-11,-8,-16,-2,-6
11/48,0,0,3,3,0,6,-6,-2,-8,-2,-4,8,6,7,7,3,4,10,-3,0,-14,6,-16,12,2
-70/53,1,2,0,1,-1,-5,3,1,-3,3,-7,-6,-6,-10,-1,5,-4,13,-4,6,5,12,12,-12,14
-37/26,0,2,0,0,6,-2,5,-2,-8,6,-9,-11,-6,6,-1,4,0,-2,4,-9,-6,-10,6,0,13
-66/53,-1,0,2,0,0,6,4,-2,3,3,-4,-5,2,4,0,5,-9,-12,-12,-15,6,12,12,-1,2
-35/26,0,-2,0,1,4,-2,5,-2,-9,-7,2,-7,6,4,-2,6,0,10,-13,8,-5,4,2,5,-14
1/79,0,2,1,-5,2,2,2,-2,3,-10,3,-2,0,-4,0,-6,5,-6,16,13,2,-8,3,1,17
-5/79,0,2,0,0,-2,-5,5,-2,3,-8,2,7,-4,-1,-11,6,4,1,-14,15,7,-8,4,6,-18
-64/87,0,0,2,1,0,1,-6,1,-4,-6,-8,-2,6,-2,0,1,8,-5,4,6,-13,6,-9,-14,-8
-23/51,0,0,0,1,-2,2,-2,-2,-7,-3,10,8,10,0,12,-6,-7,-7,-7,15,0,-7,-7,-8,5
-31/33,0,0,3,-5,-2,1,2,-2,-3,3,-10,-2,8,8,11,3,1,5,-6,5,2,-8,6,3,10
-53/82,0,2,4,1,4,1,6,-2,-8,0,-6,6,6,0,-8,-10,9,5,-14,-3,-4,8,-3,-6,-7
5/36,0,0,0,-5,0,6,5,-2,3,0,2,-3,12,6,-6,-12,2,5,-12,-8,-5,10,-9,2,10
-1/37,0,-2,0,3,0,6,5,0,6,-10,-5,-8,-1,-10,-2,6,-4,6,4,16,-6,-10,0,10,3
3/71,0,0,3,3,4,6,4,-2,-3,-1,-8,7,0,-6,12,10,-11,1,5,4,4,-8,3,-6,16
-65/96,0,0,0,0,4,-7,-3,-2,-3,-2,1,6,10,9,-6,-11,-9,-2,2,15,-10,11,-16,12,1
-65/97,0,2,0,1,4,-7,-3,1,6,-5,2,10,2,-2,0,3,0,-1,2,-9,0,6,-4,3,4
-6/23,-1,0,2,-5,4,0,3,1,0,4,-2,10,-6,-3,-8,-11,0,13,-8,13,-6,-6,-4,-10,2
-47/48,0,0,0,-5,-1,0,-1,0,3,-2,1,2,-6,-4,-8,2,-11,13,8,7,14,12,-7,10,9
-92/99,0,0,2,1,-2,-5,-3,1,-7,-7,-9,-7,-6,-1,-6,-6,0,-13,-4,-4,-6,12,14,-15,-3
-23/90,0,0,0,1,4,2,-4,1,-7,-7,10,-11,-2,2,0,6,-12,-13,4,-8,-11,-4,10,-6,-1
-17/90,0,0,0,3,0,-5,-8,-2,-4,-2,4,6,3,7,-11,-9,2,-7,10,6,1,-11,4,18,17
-16/85,0,-2,0,-5,0,6,-2,-2,-4,-5,-6,-8,-7,8,0,-4,-4,6,-7,13,12,8,1,6,13
-14/45,1,0,0,1,0,0,-3,-2,4,10,1,2,-6,-10,0,-3,0,-7,8,0,-8,-4,-11,18,-2
-71/28,0,2,3,-5,-5,2,-4,1,6,9,3,-8,0,10,-4,1,1,-13,11,-12,-6,5,4,-3,14
-78/5,1,0,0,-5,-1,-7,5,-2,1,-2,3,2,8,-10,3,1,1,-5,4,-4,1,8,11,6,13
-39,0,0,0,3,4,-7,6,1,3,3,1,6,-7,-1,-6,-2,-1,-8,16,-9,14,1,-13,5,-6
83/70,0,-2,0,-5,4,2,3,1,4,3,-1,10,-6,-10,3,6,-4,10,4,14,7,-10,0,-8,-6
-77/95,0,-2,0,1,0,2,5,-2,-3,2,-1,-2,0,-6,0,9,-4,-7,-7,8,-11,-12,-4,0,-9
-80/99,0,0,0,-5,-2,1,-3,1,-3,5,-4,-5,-6,-6,-11,3,6,8,5,-1,-11,4,-16,-10,-12
-82/69,-1,0,-2,-5,-1,6,2,1,0,4,6,-7,-4,4,8,6,0,-1,4,-15,2,2,-16,-10,-1
-80/71,0,-2,0,-5,2,-5,-3,1,2,-4,-4,10,-1,5,0,-2,-4,1,-3,4,5,-12,3,6,11
20/3,0,0,0,1,-2,4,4,-2,-4,-8,8,-5,-3,8,-6,6,-10,-1,-10,5,-2,13,3,-6,2
37/81,0,0,0,-5,-5,-5,6,1,-3,-10,0,-11,-5,2,-6,9,4,-4,-14,6,-7,-14,2,10,2
41/79,0,-2,1,3,-3,0,-3,0,3,9,8,5,-4,12,-6,-10,4,4,2,0,6,-8,12,-1,-12
-33/86,0,0,-2,0,0,-5,4,-2,-8,-2,10,-7,-7,-12,4,0,-7,1,-12,10,4,-16,6,10,12
-8/21,0,0,0,-5,0,6,5,1,0,4,2,-5,6,8,3,-10,0,-10,8,4,-2,-4,2,3,8
25/53,0,-2,0,0,-3,6,-3,1,-4,-3,3,11,7,0,-8,5,6,4,10,12,-2,4,5,-14,-2
14/27,1,0,3,1,4,2,5,1,-3,6,3,-1,12,-1,-1,6,0,-8,10,-12,7,10,3,-8,-6
-62/69,1,0,0,1,4,-5,-5,-2,0,-8,-10,-2,-4,5,4,6,2,8,-5,-15,-5,-7,-16,10,6
22/43,1,2,1,0,0,6,-1,1,6,3,2,-5,-1,-12,-6,3,4,1,-13,5,7,-1,-5,8,-1
-91/3,0,0,2,1,6,-7,5,-2,6,-10,3,-5,-6,2,2,-7,11,8,-14,-4,-10,4,-4,1,10
-95/3,0,0,0,0,4,1,-3,1,-4,6,-1,-6,2,4,-11,-2,-4,-1,3,4,-2,10,-11,-6,14
26/45,1,0,0,-5,-3,-7,1,0,-4,-1,-2,-1,0,-1,1,6,-11,1,12,-8,2,10,-3,-1,-13
51/86,0,0,0,0,-1,-5,-8,-2,-8,6,6,-3,2,-12,0,6,-11,13,12,-6,-7,4,-12,18,-2
-98/19,1,2,-2,1,4,2,-6,-2,-3,-2,3,2,-6,-2,-6,-10,-4,1,5,-3,2,8,10,-12,-3
-50/7,1,2,0,-5,4,-5,2,0,2,-8,0,2,4,10,1,6,10,-10,-8,4,-1,11,-4,18,3
-51/8,0,0,2,-5,2,-5,-8,1,6,3,-9,2,8,10,0,-10,0,2,-12,9,7,4,-6,0,-6
-7/47,0,2,1,1,4,-5,-5,-2,-6,-1,8,-2,-2,4,3,6,10,4,-11,-3,4,-8,-13,8,10
39/77,0,0,3,-5,-2,-7,-1,0,6,0,0,10,6,-4,12,1,6,-7,1,12,0,-11,-1,8,-2
-31/37,0,-2,-3,1,2,-1,4,1,2,6,-10,-8,-6,-2,0,-2,-4,10,-4,4,0,5,-3,-1,2
-5/34,0,2,0,-5,2,2,-2,1,6,0,10,2,-4,5,-1,6,6,10,9,-4,-13,5,10,-10,9
-98/33,-1,0,1,1,-2,6,-3,1,0,3,-9,-1,-7,2,0,6,-9,8,-6,6,0,4,1,-10,2
-25/9,0,0,0,-5,4,1,4,1,6,2,3,2,6,4,8,10,-14,-13,-13,4,-2,5,7,-8,8
19/73,0,2,2,-5,0,-5,2,1,-4,0,-9,10,-9,-4,0,1,-14,-1,-14,-9,-6,-12,2,-8,3
9/71,0,-3,1,1,-3,-5,2,1,-6,2,2,-10,-4,12,-6,-2,6,8,11,4,-7,5,1,6,-5
-43/47,0,2,4,-5,-3,-6,5,-2,-8,-2,2,6,0,-1,3,6,-4,8,-4,-1,-2,5,4,12,12
15/44,0,0,0,-5,-2,1,-1,1,0,4,-7,10,-6,9,-8,6,4,4,12,-15,-13,-15,4,1,-19
24/95,0,0,0,1,4,-6,3,-2,6,5,3,-2,-6,-6,-8,1,7,-2,8,2,7,-4,12,6,-12
21/95,0,0,0,1,-2,0,2,-2,3,0,-9,8,-4,12,0,-2,10,1,5,4,2,4,-4,10,-18
69/14,0,0,4,-5,-5,-5,5,1,-7,6,4,-10,-7,12,-6,-2,-13,6,3,-8,-2,9,12,-10,-14
-53/30,0,0,0,-5,-2,1,-4,1,-4,-4,-1,-10,6,-7,0,-10,6,-7,4,6,-11,4,11,8,8
40,0,2,0,-5,4,2,-5,1,-8,4,-5,-2,12,4,10,-10,7,6,0,15,5,1,-16,-7,8
69/65,0,0,0,3,0,-2,5,-2,-7,3,1,-2,6,4,-6,3,2,2,4,-12,-8,-6,10,18,-2
-38/79,-1,2,2,1,-2,2,6,1,6,-5,4,-7,12,6,6,-4,6,2,10,4,-4,-8,2,18,-18
-17/33,0,0,2,-5,-2,-5,-8,-2,-9,5,2,-3,-6,-4,-6,-4,6,-10,-10,-3,2,13,12,18,6
3/43,0,0,4,3,0,-5,-5,1,-4,2,-1,-5,-7,-12,7,-7,13,-2,8,2,-13,10,12,-6,17
51/7,0,0,3,-5,-5,4,-8,-2,0,0,-7,10,-3,4,8,-4,2,10,-5,-1,0,4,3,6,6
73/37,0,2,1,-5,6,-1,-3,-2,-4,7,2,-8,-2,4,-6,0,0,8,0,6,-11,-9,-4,-17,-5
53/16,0,-2,-2,1,-3,-1,5,-2,-4,4,-9,8,-1,-4,-6,-10,0,8,-12,-12,-2,13,-7,6,17
-53/42,0,0,0,-5,6,-5,-3,0,-9,4,-4,-5,-4,-4,4,-10,-7,1,12,-15,-13,8,12,-9,-18
-34/89,-1,2,1,3,6,-5,-8,1,-9,-5,-2,-2,-6,10,-6,-6,-5,8,-14,0,-6,5,4,-8,-14
-34/91,1,-2,2,-5,4,-2,-8,1,3,-4,8,6,-3,-10,-6,-2,0,8,6,-7,-5,-16,-3,18,-18
-33/91,0,0,-3,-5,0,-2,2,-2,6,0,2,-7,10,4,7,-12,0,-1,2,13,-4,-4,2,10,0
-301/2,0,2,-3,1,0,6,5,-2,-4,0,-1,-5,-3,-1,8,-3,6,2,-14,-4,-7,1,3,18,8
-601/3,0,0,-2,-5,4,6,5,1,-4,6,-9,-10,8,1,11,7,6,-5,5,-5,-2,-16,2,-12,16
-598,1,-2,0,-5,4,-7,2,-2,-7,4,-1,-1,-6,-1,1,-6,-4,5,-4,-15,-4,-9,3,2,-2
-599/2,0,-2,0,-5,-2,-6,5,-2,3,-4,-9,-2,6,1,12,-2,-7,-11,-12,8,-1,-15,0,10,8
-43/34,0,-2,-3,0,-5,-6,-2,1,-8,5,-9,10,-6,-1,0,3,6,6,3,3,2,-16,-7,-12,-2
-85/67,0,-2,0,-5,-2,1,-8,0,6,-8,-1,-6,-2,4,-11,6,2,-8,0,-15,-13,1,12,-1,10
76,0,2,2,1,6,4,-3,1,3,-10,-1,10,0,4,-3,-4,-7,-2,2,3,-8,-16,-4,-1,3
-24/55,0,0,0,3,-2,-5,5,1,-3,-5,1,10,10,-2,0,1,4,-13,-12,-3,4,0,6,-6,-18
11/61,0,-2,2,-5,0,6,-3,-2,-3,2,-1,10,-3,10,-11,6,10,-4,-10,0,-16,-1,4,-8,9
-86/35,-1,-2,0,-5,-5,0,3,1,1,-4,-7,-1,4,-1,-6,1,-4,13,-12,14,-11,-16,3,-6,-10
-76/37,0,-2,0,-5,-2,6,2,1,3,-4,-1,-8,-3,2,0,6,2,-12,2,0,-10,-1,-7,-2,1
7/58,0,2,1,1,2,6,4,-2,4,-6,6,-7,-9,-9,3,0,0,6,-10,4,6,4,5,-8,13
3/56,0,0,0,-5,-2,-5,-3,1,-8,9,0,-1,-2,6,-11,-3,4,-11,0,0,-2,13,14,-17,-5
40/21,0,0,0,-5,-3,-5,-1,0,-8,-3,-9,-5,-9,-4,-11,0,-14,0,4,8,2,-10,-16,2,-2
19/10,0,2,0,-5,-2,4,1,1,6,0,-5,10,1,-9,-11,-2,-2,13,-11,13,-14,6,12,-15,-1
43/22,0,2,1,0,-2,6,6,1,-8,-1,-5,10,2,-1,1,-2,0,8,-4,-15,-13,-16,2,6,-5
80/43,0,-2,0,3,0,6,1,1,0,3,8,8,12,-12,-6,-2,-1,1,11,-1,2,5,-16,6,-18
81/41,0,0,0,3,2,-5,2,1,-6,3,-5,10,6,0,4,-11,-7,0,5,-9,-4,-8,-6,8,2
25/77,0,-2,0,-5,-2,2,3,1,2,-5,3,5,-5,4,10,6,4,13,-5,13,2,12,-6,9,6
22/79,1,2,3,-5,0,-1,-6,0,-6,3,-7,-10,6,10,-2,10,0,13,3,8,0,-8,4,-14,-12
-39/94,0,0,1,0,6,-7,1,0,-3,4,1,10,-9,-2,3,6,11,-5,8,16,6,-15,-6,-13,-2
79/100,0,2,0,0,-1,1,2,1,3,6,-4,10,-3,8,0,-2,6,8,-12,-3,2,4,-16,1,14
82/97,1,2,4,1,-2,-5,-3,-2,-8,3,-5,-5,-4,2,-6,-6,10,4,-10,6,2,11,-16,6,4
45/19,0,-3,0,1,4,2,2,-2,2,10,-10,-5,-1,-4,6,7,-2,5,8,7,7,-4,-16,-15,14
87/34,0,0,3,-5,6,-6,-2,1,6,-10,-4,-2,-1,-10,-6,-3,0,8,0,4,7,-15,2,12,14
-18/79,1,0,-2,-5,-1,-5,2,-2,1,-3,10,2,1,8,4,3,4,0,-12,-15,-13,-8,14,-4,8
-76,0,-2,1,0,-5,0,-4,1,-6,4,8,6,1,-4,-6,-4,-12,-1,-8,3,-13,-16,0,-10,12
72,0,-3,-2,1,2,6,-3,1,-8,3,1,6,-1,1,0,3,-4,-4,-4,2,1,13,6,18,-7
29,0,-2,1,0,4,1,6,-2,2,-10,-4,6,-4,1,-3,6,-4,1,-10,6,-1,-15,8,1,-19
85/7,0,2,0,-5,0,2,-8,1,-4,-5,-8,-6,-6,-4,8,11,-4,2,6,-1,-11,10,-4,10,16
-91/46,0,-2,1,1,-3,-7,-3,-2,0,10,-9,-1,-1,2,0,5,0,2,-2,-2,-11,-6,6,-16,-7
-89/48,0,0,3,-5,0,-6,1,1,-3,-4,-9,10,12,12,12,-2,-4,4,-3,0,4,15,3,-13,-2
65/31,0,-2,0,3,2,-7,4,-2,3,-10,2,-7,-6,5,10,-6,6,13,-12,6,0,-16,0,-14,-5
67/29,0,-2,-3,-5,0,-5,1,0,-3,-6,-9,-11,8,1,0,1,-4,-8,-5,-4,7,8,7,-6,-5
31/71,0,-2,0,3,-3,1,3,1,0,-10,-10,10,0,-6,-6,-10,-3,-6,-8,4,7,5,1,-14,-7
-65/11,0,-2,0,3,-2,-7,-3,0,-3,-7,3,-2,8,-2,-8,-4,-3,-3,2,6,11,-9,3,18,2
-33/5,0,0,0,1,0,-1,1,0,-8,-4,3,5,-6,4,-11,-14,-7,8,-3,7,-13,8,10,1,7
-60/11,0,0,0,1,-2,-5,-1,-2,-3,9,3,-2,-7,-6,-2,10,6,-4,8,2,-6,0,-5,9,12
31/91,0,2,0,-5,-2,-2,-3,1,-3,6,-10,-8,6,-9,0,-7,-11,0,-12,-13,2,4,-1,-8,10
96/19,0,0,2,0,-5,1,2,-2,-4,-7,1,10,-6,-3,4,3,13,-4,8,8,-2,-9,-16,1,-3
-77/41,0,-2,2,1,0,6,-5,1,-4,-2,-1,11,6,-6,12,-6,0,13,4,-4,2,-8,7,-2,13
-70/41,1,2,0,1,4,-5,1,1,4,0,-2,8,6,6,-6,11,-7,8,3,15,-11,5,3,6,-9
-69/38,0,0,-3,-5,2,-5,-3,-2,-7,-7,1,-2,2,12,8,7,-3,-5,2,-2,2,10,-11,-12,13
-87/97,0,0,1,3,4,-5,2,1,-3,-10,8,-6,0,-3,-6,-2,-2,-5,2,5,14,-10,0,12,4
-83/99,0,0,-2,0,-2,2,2,-2,-8,10,3,-5,-6,6,0,-2,8,-12,12,14,-10,-16,0,12,-6
-64/7,0,-2,-3,-5,4,0,2,1,0,-3,-9,-8,7,4,7,-10,13,-6,-3,2,-2,15,3,1,-9
-62/9,1,0,3,-5,0,-1,6,-2,3,-4,-10,2,6,-6,8,0,0,-1,10,2,-13,5,12,3,2
-25/14,0,2,0,-5,6,2,2,1,-3,0,-9,-7,-9,-9,-6,-6,0,-11,10,5,-16,-8,-3,-6,10
-59/28,0,2,-2,-5,-2,1,1,1,6,4,1,5,-6,0,1,-6,-12,-3,-10,-15,-8,-6,6,-14,17
-44/95,0,-2,0,3,0,0,3,-2,-6,0,-5,-8,6,-10,-7,-14,-7,4,10,-8,-6,-4,-4,-1,2
-43/92,0,2,4,1,-2,-1,-5,1,0,5,3,-8,6,-1,0,-9,-4,-11,2,6,5,10,6,6,2
-39/5,0,0,0,1,-5,-7,3,1,2,-1,8,10,6,-6,7,-10,6,2,11,-12,-7,-14,-4,-13,-1
73/25,0,2,0,1,2,-5,1,1,6,-10,-2,-10,-9,2,-2,-9,0,-11,11,-3,-11,5,3,12,1
32/23,0,2,2,1,6,4,5,1,0,3,-9,-2,12,8,-10,-10,6,5,3,16,0,-7,2,-10,1
33/23,0,0,4,1,0,0,2,-2,0,0,1,-3,-6,-2,0,3,6,-11,5,-4,7,-7,-5,6,-14
-62/15,-1,0,0,0,-5,-5,2,1,6,0,-10,5,2,-10,-8,6,-4,-13,12,6,2,11,-4,-4,8
-31/6,0,0,1,3,-3,2,-4,-2,4,3,-10,8,-4,4,1,-2,4,-1,8,5,-6,-14,-4,-14,10
-63/11,0,0,2,1,-2,6,-6,1,3,-10,-1,8,-9,-4,6,6,4,-8,-12,-9,-2,-8,1,1,-18
-54/19,-1,0,2,1,4,-5,1,-2,6,-5,-1,-2,-5,-1,-8,-2,6,-2,-12,12,-16,13,12,6,-18
26/99,-1,0,1,-5,-2,-7,2,1,3,6,-7,-8,6,4,-8,3,0,-11,-4,0,-16,8,9,-3,-2
29/98,0,2,-3,-5,-3,-6,2,1,-3,-10,3,-8,-4,-4,11,1,-9,-10,2,14,-6,-10,5,-14,-19
89/80,0,2,0,-5,-3,6,-5,1,2,-5,8,-2,-6,8,0,3,0,6,-8,-1,8,-12,-16,-13,-19
90/89,1,-3,0,-5,-1,6,2,1,-6,4,-2,-1,-9,6,-3,6,5,2,8,3,-11,4,14,-8,-2
48/35,0,0,0,-5,-1,2,2,-2,0,-5,3,10,-2,4,-6,-3,6,4,-12,-6,-6,8,12,6,11
-83/29,0,-2,-3,0,4,6,2,1,-3,-6,-9,-2,-3,4,4,1,0,4,12,-15,4,11,0,1,0
-79/28,0,-2,3,-5,4,-6,3,1,-8,0,4,-2,6,7,11,6,13,-13,9,8,-9,4,9,-7,2
72/29,0,0,3,1,-3,4,-5,-2,1,-6,-9,-6,0,-6,-6,11,13,13,5,-12,-9,12,16,-12,-18
66/7,-1,0,0,-5,0,0,1,1,-6,-8,-5,-7,0,5,-6,6,0,1,11,11,1,-10,4,-4,-3
22/3,1,0,1,-5,0,1,-3,0,-3,-5,-4,-3,12,-10,0,-2,10,-3,8,-15,14,-14,-1,-12,-7
-32/3,0,0,4,0,-3,4,6,1,-4,0,1,2,3,-6,12,9,11,8,-10,4,-10,8,-12,8,0
-85/26,0,2,0,-5,0,-2,-8,1,6,0,8,8,-2,2,1,-9,4,-1,4,4,2,0,2,-3,-14
-23/13,0,2,1,1,4,-2,-1,-2,-7,-2,3,-2,-6,7,-6,-2,-14,-6,1,-15,7,15,17,3,2
-49/46,0,-2,4,1,-2,-6,2,0,0,0,-5,10,2,-2,4,9,-9,-3,-3,3,2,8,3,-12,2
35/13,0,-2,0,1,-5,-2,-3,-2,6,-2,8,-10,8,-4,0,3,0,5,3,14,14,12,4,9,8
-58/81,-1,0,3,3,-1,4,-5,1,-4,-10,1,-10,-6,10,6,-11,-4,-7,8,-15,0,8,8,-6,8
-25/32,0,2,0,1,-2,4,-3,0,6,4,6,-2,12,-7,-2,-12,9,13,-4,-12,-10,-15,0,0,2
95/12,0,0,0,-5,4,-1,5,1,2,7,-9,10,6,4,-1,-4,5,13,-3,-1,11,-8,11,6,-6
1/19,0,2,1,3,4,4,-4,-2,-8,-8,10,10,0,5,12,-2,2,-7,6,-2,4,8,-1,18,12
1/32,0,-2,3,1,6,4,-3,-2,6,10,2,-7,8,-3,0,-7,-12,-5,2,8,-5,8,5,0,9
-49/13,0,-2,0,1,-2,-2,-3,1,-8,2,2,-5,-6,-1,0,-4,2,-2,-11,6,-13,-8,15,10,-3
47/68,0,2,1,0,4,6,-2,1,-4,-2,-9,5,2,4,-8,6,-4,5,-3,-12,0,10,12,0,-12
-37,0,-2,0,-5,4,0,2,0,-3,0,-7,-11,-5,-4,4,6,6,13,-12,-12,-7,8,14,-1,-2
23/45,0,0,0,3,-5,-6,3,1,-7,-2,-9,2,6,4,-8,6,-9,-2,-12,-15,-6,-16,16,0,6
45/77,0,0,0,-5,-2,6,2,-2,-4,10,3,-2,8,4,0,-3,-4,0,4,2,-16,-4,12,10,2
48/79,0,0,-3,3,-1,-1,-4,1,4,2,2,-2,6,6,0,6,-13,-5,11,0,-13,-8,7,-10,13
57/34,0,0,-3,1,-1,6,-2,1,-3,2,10,10,0,12,8,11,0,2,-3,-9,7,-1,15,6,8
67/27,0,0,4,3,0,0,2,1,3,10,-1,-10,-5,4,-8,6,4,8,-5,4,-5,-10,-4,18,11
-88/35,0,2,0,-5,0,-1,2,1,6,-3,-5,10,-6,7,0,0,-4,0,14,-12,-4,0,7,10,-1
-63/58,0,-3,2,1,-5,-1,-3,-2,1,-6,-1,-10,-6,-1,6,-6,6,-5,2,5,4,-16,6,2,-5
-62/33,1,0,0,3,-2,-6,5,0,-8,0,-10,-10,-6,-9,-6,3,6,13,9,-15,0,10,0,-8,-2
-67/35,0,2,0,-5,4,6,4,1,0,9,-1,-2,-6,10,-2,6,-1,-10,-5,4,6,8,-8,-15,-8
53/26,0,2,2,-5,4,-2,-3,-2,6,0,-1,-8,8,8,10,-10,10,-13,5,2,2,8,-4,-15,-6
-19/80,0,2,0,3,-5,2,2,1,-3,4,3,-2,-4,-3,0,-3,-14,0,-7,-12,-10,-14,12,10,-2
-21/80,0,0,0,1,-3,-1,5,1,-9,5,-10,-2,-1,-4,0,-9,4,4,11,-9,-13,-14,0,-14,-1
-37/6,0,0,-3,1,-2,-1,-3,1,-3,-10,1,-11,4,-6,-2,-6,-4,-13,-4,8,11,11,-7,12,-7
-38,1,2,-3,-5,2,2,-3,1,6,7,-2,7,3,2,6,-3,-2,-5,-10,-9,4,-4,4,10,9
26/29,1,2,1,-5,6,-7,2,-2,1,-6,10,-1,8,6,6,4,0,-5,1,6,-5,-15,0,5,-1
91/12,0,0,3,1,-2,-7,-4,1,-8,10,-5,5,-1,-1,-6,0,-12,-2,-12,-12,-10,0,10,8,-13
-3/77,0,0,0,-5,-2,1,5,1,4,0,6,7,-6,1,8,-11,9,-8,6,-15,-2,-4,-4,12,-12
-1059/4,0,0,1,3,-1,-5,2,1,-8,-10,-1,-7,-6,-1,-3,-10,6,2,8,-3,7,6,2,-14,10
-531/2,0,-3,-2,-5,-3,2,5,-2,-4,10,-4,-8,-6,-7,10,-4,-12,-1,-5,5,-5,10,-4,0,-9
-1053,0,0,-2,-5,-2,-7,4,-2,-3,7,2,-7,0,-2,0,9,11,-7,11,10,14,-14,3,8,-18
-41/28,0,2,2,-5,2,6,-3,1,-3,-5,-2,-2,-4,4,0,6,-4,1,2,6,2,11,-3,9,10
-79/57,0,0,2,-5,6,-5,4,-2,-4,0,-1,-7,0,-2,0,2,0,4,16,-15,2,4,12,18,-12
-33/73,0,0,1,3,0,-5,1,-2,-3,0,-4,5,-1,1,-6,-3,4,1,16,3,-6,-4,-16,2,13
-17/27,0,0,1,3,-5,-1,-8,1,-3,2,3,6,10,-10,3,3,-1,4,-2,-1,7,-10,-9,-15,-12
37/33,0,0,2,1,-2,-1,2,1,2,-7,3,-11,12,6,0,-9,0,-1,6,12,-5,-8,-4,6,-6
-41/71,0,-2,1,0,4,-5,-4,1,4,-5,1,2,-4,4,-8,3,-9,2,0,4,2,-16,6,0,1
-24/61,0,0,0,-5,4,-6,4,-2,-8,0,-2,7,-9,-1,12,11,-4,-4,11,-9,-13,-8,6,-9,14
-34/15,1,0,0,0,0,-1,-8,1,6,3,6,-2,-5,6,-1,-4,2,10,-10,-12,2,-16,-4,10,2
-68/31,0,2,-2,3,-5,0,-8,-2,-8,-3,2,7,2,4,-11,-11,0,2,-10,16,6,-14,14,-12,-3
-67/27,0,0,1,-5,-1,4,6,-2,1,3,-5,-2,0,1,2,-2,-11,-12,-5,-1,2,0,0,-17,3
62/43,1,-2,2,1,-3,-1,2,0,6,0,-10,6,-1,-12,-6,-3,13,-3,10,4,-7,-15,6,6,-5
91/95,0,-2,0,1,-1,-7,-3,-2,-3,6,1,6,-9,5,0,-9,-14,4,8,-5,14,-14,10,-6,12
93/94,0,0,-2,3,6,-5,3,1,1,-4,-10,-7,-6,-6,3,-11,13,2,4,9,-10,-7,-3,18,13
61/25,0,2,0,3,-1,-5,2,-2,-9,0,-9,6,8,10,0,-4,0,-13,3,8,-2,-14,8,6,5
6/47,1,0,-3,-5,-1,-5,1,-2,2,10,3,-2,-6,1,3,0,-4,-6,6,8,0,-8,6,-12,-1
-7/23,0,2,0,1,-3,4,-3,-2,0,-4,-4,-5,-4,0,8,-6,-4,-1,5,-6,7,-12,-3,5,-2
-82/19,1,-2,-2,1,0,-5,-1,-2,-3,3,3,-2,-4,8,1,6,4,4,4,-7,2,-1,-1,1,10
-86/21,1,0,2,-5,0,6,-3,-2,-4,-10,-8,-5,-2,-1,0,-10,-12,-12,5,11,-2,4,7,10,10
-57/61,0,0,0,-5,4,4,-3,1,6,10,-9,-6,8,-1,12,-4,0,-4,-12,-4,12,-15,8,-12,11
101/92,0,2,2,3,2,2,6,-2,0,-8,1,-7,1,0,4,6,6,-10,4,12,-1,4,12,6,-18
97/95,0,-2,0,-5,2,-5,-3,-2,-8,2,-6,-11,-9,-4,-7,-6,-12,-10,8,6,7,10,14,18,8
51/47,0,0,-2,1,2,-5,-8,1,-3,-1,-5,-1,-4,4,3,6,7,1,-12,-5,2,-8,8,-3,2
51/43,0,0,3,1,-3,1,-8,-2,2,3,3,11,-6,-12,-8,-11,-14,-3,5,-3,2,6,12,12,16
40/13,0,2,0,1,0,-2,1,1,-9,-5,0,5,-7,-1,13,0,0,-4,-10,0,4,-16,-1,10,11
41/13,0,-2,3,0,-3,-2,5,1,1,0,-9,-1,-4,1,8,1,4,-11,8,6,-14,-8,-9,-13,14
-38/63,-1,0,1,-5,0,-6,5,1,4,-2,-2,11,-7,7,-6,6,-1,-10,-12,-1,-11,-10,12,-2,-2
-35/61,0,2,0,1,4,6,2,1,-3,-1,-10,-10,-4,-4,0,6,6,-4,-14,-15,7,15,-4,12,17
-41/2,0,-2,2,-5,4,6,2,1,4,2,-9,6,-4,-6,-7,-10,11,-2,3,-2,-5,-4,2,-10,2
-79/3,0,0,3,-5,-2,-5,-6,1,1,6,0,5,-6,12,12,10,-4,0,4,-3,-6,4,8,-6,14
89/74,0,2,0,3,4,6,6,-2,0,4,1,-8,0,-9,-8,-11,-2,4,5,0,-5,-7,2,-13,-2
86/77,-1,2,3,-5,-2,-5,-6,-2,-3,5,-1,-8,8,-1,12,6,-9,13,-11,9,-13,15,4,12,18
31/25,0,2,0,1,-2,-5,-5,1,0,3,-10,-5,6,9,12,11,0,-4,8,-15,-4,15,0,-1,-5
92/75,0,0,0,3,0,-5,4,-2,-7,-7,10,10,-7,-10,4,10,-5,13,12,16,2,-15,12,2,-8
90/73,1,0,0,1,4,-5,4,1,3,-4,3,-2,-1,10,0,-2,6,8,8,-9,-6,-8,0,5,-10
92/73,0,-2,1,-5,6,-5,5,0,-7,10,-1,-5,6,-1,-6,7,-11,6,6,-6,-6,10,-4,18,-14
-25,0,-2,0,3,0,2,-4,-2,-8,-2,6,-8,6,-6,3,6,0,-11,2,-6,4,-8,-3,0,-7
91/40,0,2,0,1,-1,-7,4,-2,0,5,8,10,8,2,1,1,0,10,-7,7,10,2,-7,-14,8
93/40,0,0,0,1,4,0,1,1,-9,3,-10,-1,-4,-12,-6,-3,-4,13,11,-12,-8,13,2,6,-19
92/15,0,0,0,0,-5,6,2,1,-7,10,-6,-5,4,4,-7,-2,-14,5,1,0,0,4,-9,6,-2
-81/71,0,0,2,3,0,-6,1,0,-8,-2,-1,11,7,-7,-4,-9,1,5,-12,4,-6,-11,6,-14,-9
-49/106,0,-2,4,1,-3,-5,-4,1,6,-7,2,-3,0,-1,8,5,11,-7,8,-4,11,-4,12,-9,17
-46/99,-1,0,4,3,-2,-5,-3,-2,-7,4,-9,-5,-3,-1,11,0,9,2,14,0,7,-14,6,18,-9
57/80,0,0,0,-5,0,-1,-4,1,-3,-2,-4,-6,-2,-12,12,6,2,-5,8,14,-1,-8,-4,3,-13
31/42,0,0,3,-5,-5,-6,-5,-2,-8,-10,-10,-2,-1,-12,3,-6,0,13,-3,2,1,5,3,2,8
14/23,1,2,3,1,-2,-5,-3,-2,0,-5,6,7,-7,4,11,-6,6,8,4,11,10,15,16,9,2
-89/69,0,0,1,-5,4,6,-3,-2,0,9,-5,-2,10,7,0,-9,6,-1,4,13,-6,0,4,-13,-10
-70/17,1,2,0,1,-2,0,-2,1,0,4,-5,-7,6,-4,-6,0,2,-5,2,-6,14,1,0,4,-2
9/56,0,-3,2,-5,0,6,6,-2,-8,10,-1,10,-6,-1,2,1,6,2,-10,12,-13,-14,-8,-10,8
-14/87,-1,0,2,1,-2,2,-1,1,1,-6,1,-5,-4,1,4,-4,-4,1,8,-12,1,0,6,-3,-14
2/65,1,2,0,0,0,-2,2,1,3,0,3,-2,-3,-1,0,10,-1,4,4,-9,-4,-4,14,-12,14
-1/66,0,0,2,1,-2,6,-4,1,6,-10,1,2,-6,7,-8,-14,-12,5,12,-4,7,6,-13,18,-7
-62/23,-1,-2,4,-5,-3,6,4,-2,0,7,-10,-2,6,8,-10,1,4,1,-12,3,-4,11,-15,-6,-10
-41/19,0,2,0,3,6,-5,2,-2,-6,6,6,6,-4,-4,-10,10,-4,-1,11,-12,-10,0,0,-7,0
-51/4,0,0,4,3,-5,2,-8,-2,-6,0,-9,-2,-6,-2,-8,-2,-2,-2,11,3,14,11,-3,12,-2
13/14,0,-2,2,-5,0,-7,1,1,-9,5,3,-6,-9,-1,7,-3,6,10,2,0,2,-16,-16,6,14
-55/23,0,2,0,-5,0,2,2,-2,0,3,3,5,-3,6,-11,1,-4,-3,0,-9,12,-15,-16,18,17
76/51,0,0,2,3,-2,0,-2,1,2,3,1,-5,-3,12,11,-3,-1,1,-8,8,-2,-6,-3,-6,10
-71/37,0,2,2,3,4,1,3,-2,-3,-7,-1,-8,4,-10,10,4,6,-11,0,-12,-6,-14,-4,10,12
-69/35,0,0,0,-5,-3,2,3,1,-7,5,6,-5,8,-7,0,1,-7,-1,4,6,2,5,-12,-15,9
31/90,0,0,0,-5,6,-5,-3,1,-9,7,-10,-3,8,4,-1,6,0,-11,3,-15,6,-12,-16,18,-3
36/91,0,0,4,-5,-5,-2,-5,-2,6,0,-9,10,-5,4,-6,-10,-4,-4,-14,13,-13,-16,14,6,14
-3/19,0,0,0,-5,-5,-6,1,-2,6,0,-1,-1,-7,2,13,-9,0,-3,4,15,6,-1,0,3,-18
-38/99,-1,0,0,-5,-2,-5,1,1,3,0,-10,-10,-6,8,-10,5,-2,0,10,-12,7,5,-3,-17,-5
-33/95,0,0,0,-5,0,-5,6,-2,1,3,1,-7,-4,-4,8,1,6,13,8,2,4,13,-4,-9,1
37/88,0,2,1,-5,-2,-5,4,-2,6,-5,-5,-11,0,4,-2,1,4,-2,4,-13,14,-16,-4,-1,2
32/85,0,-2,0,-5,-3,6,-2,1,6,9,-9,10,-6,7,-2,-3,13,-10,-4,8,2,-14,-3,-10,13
17/74,0,2,-2,1,0,6,-8,0,6,0,-10,-8,3,4,0,4,11,1,-8,8,-2,5,-1,-1,14
16/75,0,0,0,1,-2,6,6,-2,6,-10,6,-5,0,-2,8,2,0,-11,-12,12,-13,4,-16,-12,12
65/24,0,0,0,3,4,-7,-6,-2,-9,4,-10,-3,-6,-1,0,-2,-11,8,-4,8,4,5,1,-9,-1
41/92,0,2,-3,1,-1,0,4,1,0,3,-8,6,-4,-7,-7,6,-3,-5,2,6,11,-8,2,-4,2
-25/37,0,-2,0,-5,-1,-6,2,1,-3,6,2,-8,0,4,-4,-6,-11,1,-8,6,12,-12,-4,-6,-12
-39/38,0,0,-2,0,-5,-7,2,-2,6,6,-8,6,0,-4,4,-2,4,8,-5,-4,-6,4,2,6,8
-49/10,0,-2,0,1,4,6,1,1,6,-1,1,-2,8,12,0,-9,0,-4,2,14,-2,-16,1,6,2
-20/57,0,0,0,0,-5,-1,-3,-2,-8,7,-10,7,8,-6,0,1,0,-1,-12,12,14,5,7,12,5
-13/12,0,0,2,3,0,-7,-5,-2,-4,4,8,10,6,0,-8,4,0,-13,4,-12,-9,-4,1,-6,-6
-29/24,0,0,1,1,-1,-5,-3,-2,-8,-10,-9,-7,12,4,0,-3,6,-10,4,5,11,8,2,0,10
-103/8,0,2,2,1,4,-5,-6,1,-3,-1,-1,8,2,-7,10,9,-12,-2,-10,6,-13,-16,4,1,-7
-53/2,0,-2,0,-5,-5,-6,3,1,6,-5,-1,6,0,4,0,-10,5,-13,2,13,-4,6,14,6,2
-39/73,0,0,3,0,4,-7,3,-2,-9,0,10,10,-6,10,3,-10,0,5,-13,13,-6,10,3,-17,-18
-65/54,0,0,0,0,6,-7,4,1,1,0,3,-1,-5,-2,-11,1,-4,6,-4,-12,-10,8,-4,-7,9
-21/11,0,0,2,1,-2,-5,6,1,-9,-4,0,-7,0,4,0,-2,2,-3,-14,-5,-4,-9,3,6,-3
-45/23,0,-3,0,1,6,0,4,-2,0,6,-7,11,2,-1,-6,6,6,1,12,-9,-5,-14,-7,1,17
-44/25,0,2,0,3,0,-5,2,1,-3,4,-4,-5,0,-12,4,7,-11,13,-14,9,-6,13,-3,-4,14
97/29,0,-2,3,1,2,0,4,1,-4,-6,-4,10,8,4,8,9,-12,1,4,6,10,11,12,6,8
74/9,1,0,0,1,4,2,6,1,-8,-4,-1,-11,-1,-1,-7,2,2,-2,4,-12,-13,-4,12,10,10
35/4,0,-2,0,1,2,6,-3,1,-8,4,2,10,-3,-2,0,-9,0,13,-14,0,2,5,7,18,14
-27/40,0,0,0,3,-3,6,-3,1,-6,4,-4,-6,0,4,-8,-6,0,-2,12,4,14,8,-4,6,16
-59/17,0,-2,-3,1,-2,-5,-2,0,2,-5,-6,11,-1,4,-6,10,-12,-11,-12,5,-4,4,12,-3,1
-29/9,0,0,1,3,0,-5,-1,0,3,-10,-1,-2,2,6,4,-6,8,8,-10,0,-1,9,4,-6,18
-53/8,0,-2,2,3,-2,-5,-3,-2,6,-8,-5,6,-3,12,7,-10,6,10,8,8,-10,-8,3,-14,0
-57/7,0,0,1,-5,2,1,-3,1,-3,-2,-1,10,0,-2,-8,9,0,6,12,-1,8,5,-7,-6,2
17/43,0,-2,1,3,4,2,-8,-2,6,-3,-10,-7,-4,-12,-11,1,0,10,-12,6,-13,8,4,10,-3
-43/11,0,2,-3,-5,-2,0,-1,-2,-8,-2,-9,5,-1,-1,-4,-2,0,-1,9,13,-5,-10,-4,6,5
-86/23,-1,-2,3,1,-1,6,2,-2,0,-3,3,-7,2,-1,-11,6,6,-3,-4,-1,0,-12,16,6,-6
45/13,0,-3,0,-5,2,-2,-1,1,3,0,-9,-8,0,4,0,-11,1,2,2,-13,-2,10,8,-10,-1
-36/49,0,-3,0,-5,2,6,4,-2,3,-2,-4,-10,6,4,-3,10,0,-5,-12,-3,-10,-4,4,-10,-2
-6/95,-1,0,0,1,4,-5,-3,-2,-8,0,-4,-2,8,7,0,-3,9,8,-6,8,-1,-8,4,-9,12
-28/9,0,0,-2,1,-2,6,6,1,6,9,-8,8,1,8,0,-2,0,13,-2,-5,-9,-10,-3,-1,8
-66/23,1,0,-2,1,0,-1,-5,1,0,4,4,-5,-1,10,-6,-12,-4,-5,-14,8,-1,-1,3,-6,-18
-13/40,0,-2,0,3,2,-7,6,-2,2,-5,-6,-2,0,4,3,-3,0,-4,8,3,-10,-14,-4,-15,17
-21/40,0,0,0,1,0,-5,2,1,-3,-4,-1,-6,12,8,-7,-9,6,10,4,3,-10,5,-3,0,-1
-44/79,0,2,2,1,0,-5,-3,-2,4,7,3,-1,-6,4,0,-3,6,-7,-12,14,-2,-8,17,-7,-5
-25/42,0,0,0,-5,4,-1,3,1,1,6,-5,-3,6,-4,12,3,6,-1,12,-3,2,-15,-10,-13,7
-41/67,0,2,0,1,-2,6,1,-2,-3,-10,-4,11,-4,-6,12,6,-7,-3,0,8,6,-12,-5,-17,-5
58/3,-1,0,0,3,-5,0,-3,-2,0,-10,-5,10,-2,2,-6,-4,0,0,-11,2,10,13,8,-14,-8
-73/67,0,-2,4,0,-3,-1,2,1,6,-5,-10,-2,-3,12,0,-2,-4,5,0,7,-11,12,6,0,-18
-78/67,-1,0,0,-5,6,-7,-1,1,-6,4,3,11,-6,1,-3,-6,4,-3,0,5,-1,10,4,6,2
-82/65,-1,2,0,0,4,-2,3,1,-3,0,-1,-2,-4,12,13,-6,4,-2,-12,-12,-13,-6,2,0,18
-55/81,0,0,0,1,0,6,4,1,-3,3,-6,-2,-6,7,0,-12,10,1,8,14,2,-6,6,6,-6
-55/78,0,0,0,0,0,-2,2,0,-4,3,-1,2,-3,1,-8,3,0,2,-6,8,11,10,17,-8,8
-59/77,0,-2,-2,-5,-2,6,4,-2,3,5,-7,-2,6,4,6,5,-12,-5,-12,-1,5,-15,-11,3,13
-31/40,0,-2,0,-5,4,-5,-4,-2,-3,9,-10,10,-1,-3,-6,-3,-12,10,4,2,12,-4,-4,-12,3
5/47,0,2,0,0,0,6,2,1,-3,-10,1,-5,0,-12,3,6,0,-13,4,8,-13,12,-3,0,-19
55/2,0,-2,0,3,0,-5,-6,1,-6,9,3,-7,-9,-4,-1,-3,6,-6,-14,4,2,9,6,18,3
98/39,-1,0,3,1,0,-2,-5,-2,-3,-2,-1,-8,-2,4,0,1,0,8,-12,8,-4,-4,-16,12,-12
99/37,0,-3,0,-5,0,-1,3,1,1,4,2,-8,1,2,0,6,-7,8,9,3,-5,6,0,-16,11
101/33,0,0,-2,1,-2,6,4,-2,-8,-10,-10,-2,0,4,0,-10,6,10,4,14,-13,12,-4,2,14
-12/41,0,0,3,-5,-3,6,-3,1,3,0,-5,-10,6,-4,4,-3,7,2,8,2,2,6,-4,12,12
43/12,0,0,2,3,6,-1,2,1,-8,-4,2,-5,-9,-1,-11,6,-4,1,8,-9,14,-16,12,10,17
37/12,0,0,2,1,-3,0,-3,-2,-3,7,4,-11,0,8,0,-12,1,5,5,13,-13,15,10,12,8
-83/11,0,-2,-2,1,-2,-1,5,1,-3,5,0,-5,7,-12,2,-2,-14,5,-10,-4,6,-10,0,2,2
-81/8,0,0,3,3,4,4,-4,1,6,-5,8,10,-5,-4,-11,-4,6,6,8,0,1,15,2,-6,10
-83/7,0,2,4,-5,4,1,-1,1,-8,9,-4,-8,0,-4,-6,-4,4,-5,-5,-12,7,-7,0,-9,10
-21/23,0,0,-3,1,-5,6,2,1,0,-10,-1,-7,6,1,-8,-10,10,-2,-12,6,14,-9,14,18,2
-17/79,0,2,0,1,0,-1,-8,-2,-9,9,1,-8,-2,2,0,-12,1,10,6,-5,-13,-8,-4,0,7
-15/79,0,0,0,3,0,4,5,-2,6,7,-8,-10,-6,-3,2,-4,-14,-4,-2,6,14,-8,3,0,-7
-44/47,0,-2,-3,0,0,2,5,1,6,-2,-5,-2,6,-9,3,-2,-4,8,-10,-12,-6,6,1,6,9
68/79,0,-2,2,1,-5,1,-8,-2,-6,-4,-10,-2,8,8,-6,-4,10,-6,16,0,7,-8,3,10,-6
74/81,1,0,1,0,-1,1,1,-2,6,6,1,-11,6,7,-11,-2,6,-8,-10,11,2,5,14,-10,-18
83/6,0,0,3,0,-5,1,5,-2,6,0,10,-7,-9,8,12,-7,6,13,8,-1,10,12,0,-9,-6
-73/29,0,2,0,-5,6,-6,4,1,3,-6,-8,5,-4,-3,-6,-2,2,13,-2,0,-11,-7,6,1,-3
90/49,1,0,0,-5,4,-1,-5,-2,3,3,-5,2,-6,9,0,-14,-5,-5,-6,5,-13,-16,9,6,18
99/53,0,0,-2,1,0,-5,1,1,-3,6,-1,11,-9,4,10,5,-4,2,-5,14,11,-14,2,0,2
-73/32,0,2,0,0,4,1,5,1,-4,-3,-1,-7,12,5,-6,-10,0,1,11,-15,-11,-16,8,6,-2
14/3729,-1,0,0,1,-2,-6,-3,1,-4,2,-5,2,-3,-4,-8,-4,-9,-6,-2,-9,-13,-8,-3,-12,-3
29/7462,0,-2,2,-5,6,-2,2,-2,-9,-10,-1,10,6,2,0,9,-1,4,-5,4,-5,-16,6,-8,-14
33/7457,0,0,1,1,0,-1,2,-2,6,4,-1,-7,-6,4,-8,1,6,8,-4,0,-8,2,2,-8,17
34/7461,1,0,1,0,-3,-5,-8,-2,4,-8,-5,5,-9,-4,12,-10,0,-1,2,8,12,-12,-5,10,8
12/2485,0,0,0,-5,6,-6,-3,1,1,-10,-8,10,-4,-1,0,-6,10,-7,-12,4,-6,-14,-4,10,2
1/276,0,0,2,-5,-5,-1,-3,1,0,-7,1,-11,7,-12,8,6,-9,-5,2,0,-6,-7,-16,-13,-8
13/2489,0,-2,2,-5,0,-7,2,-2,-8,0,-4,-2,6,-4,0,2,2,-13,10,-3,-2,4,-5,12,-19
3/829,0,0,3,0,0,6,6,1,-8,6,10,-2,-6,7,-2,-9,0,-13,-12,15,-2,6,16,-1,14
-13/30,0,0,0,-5,0,-7,3,1,6,4,-9,5,-1,-6,0,3,13,4,2,5,-13,0,12,5,12
-25/46,0,-2,0,1,-3,0,2,1,0,3,10,2,-5,-4,0,-6,-9,-8,8,2,-2,-16,0,-10,-7
-29/42,0,0,0,-5,0,6,1,-2,-3,-10,3,-7,-6,1,1,1,-13,13,-5,2,-13,-11,-4,1,9
6/49,-1,0,1,-5,6,4,2,1,6,0,-8,-5,-1,-6,-7,-2,8,8,-11,-9,-4,-16,12,18,0
-61/32,0,2,0,-5,2,-5,2,-2,2,0,2,11,6,1,-4,5,-9,-13,4,-1,2,-4,-15,10,14
-57/35,0,0,0,-5,6,4,5,1,-3,-4,-5,-5,-4,5,10,0,-1,6,-10,2,-10,12,-11,6,-6
-54/5,1,0,0,1,0,2,-3,1,-8,-3,-1,-8,-7,9,-6,4,0,8,5,-6,-11,-5,4,-3,2
72/19,0,-3,0,1,0,6,-6,-2,-3,4,-7,5,-3,4,-11,-3,0,8,-12,-2,12,-1,12,-8,-18
-73/18,0,0,2,0,6,2,6,1,6,-2,-1,6,12,2,6,1,-4,6,-11,4,-11,-14,12,1,13
-32/83,0,-2,4,-5,-1,-5,3,1,-3,-5,-4,-2,8,-4,4,-10,-4,-12,8,-3,10,6,-16,9,-6
-62/43,-1,2,0,0,4,-5,6,1,-3,-5,-10,10,10,-12,8,-6,-13,-6,-11,-1,-6,8,-3,-14,8
-64/45,0,0,0,1,-1,4,2,1,6,-2,-1,6,6,7,13,6,-4,-13,2,-12,8,-14,4,5,12
-61/42,0,0,2,-5,-2,2,2,1,-8,-7,8,-5,12,-6,-11,2,-14,-13,3,6,14,-8,-13,-8,-8
-55/36,0,0,0,0,0,2,5,1,-8,-5,-1,10,-1,-7,12,11,-10,8,12,-9,-8,12,10,0,-12
-30/89,1,0,0,0,-2,0,4,1,6,3,1,6,6,4,12,6,4,5,5,3,11,-16,-16,-8,2
-12/31,0,0,-3,3,2,-5,-3,1,6,2,2,10,-3,-6,0,-3,-4,1,12,11,14,-11,5,1,-5
-18/47,1,-3,4,1,4,2,-3,-2,-3,0,-9,10,-6,-6,3,1,-9,-2,4,5,5,-4,-4,0,0
23/11,0,2,3,-5,-2,-5,3,1,-7,10,10,6,-6,-4,13,-2,6,-7,4,-2,2,11,-5,-7,3
-98/31,1,2,2,1,4,-1,-1,-2,-3,0,2,-8,-6,-6,-8,6,13,-3,4,0,-13,-14,-15,-8,-2
-104/25,0,2,0,1,-1,-7,-3,1,-8,-8,2,-2,0,-6,6,-12,0,8,16,-12,-5,8,4,9,6
34/73,1,2,-2,1,0,2,-8,-2,-4,10,-1,-2,-3,-1,0,9,0,13,16,-4,-6,1,-7,6,2
29/37,0,-2,2,-5,6,-5,-3,1,3,-10,1,-8,3,12,-10,6,-2,-10,4,2,-13,-11,9,-17,-18
34/7,-1,2,-3,-5,0,1,-8,-2,6,0,-9,2,12,7,0,2,-4,4,1,-2,2,8,-4,4,13
-51/47,0,0,2,0,4,-5,-8,-2,6,-7,-1,-1,-6,-2,3,-3,0,13,4,-5,-5,4,4,-6,-14
29/10,0,-2,0,-5,-3,6,-3,0,-9,-10,6,2,-9,4,0,-10,6,-1,5,-8,-2,-1,0,-7,-2
-80/37,0,2,0,1,-1,2,-3,1,4,3,-4,-8,6,10,-6,-7,11,-3,8,4,-4,-10,2,-12,13
41/22,0,-2,2,1,-2,-6,5,0,-3,3,1,-2,-4,-3,-1,-6,-13,-10,12,-3,-1,12,3,-17,-3
47/19,0,-2,0,0,6,2,5,-2,-8,-2,-5,-7,0,8,-8,-9,0,2,8,3,11,-15,0,12,2
60/7,0,0,0,-5,4,1,5,-2,6,0,-9,6,8,2,3,-3,-7,4,4,-15,6,-6,10,12,-1
58/5,1,-2,0,1,4,-1,5,1,3,-10,-2,-5,4,10,0,-3,-4,-11,8,15,-13,15,-16,1,-1
41/54,0,0,1,-5,-2,2,-3,1,6,-8,-1,-7,-4,6,-4,1,0,1,-12,-15,-10,10,-16,6,-5
92/21,0,0,0,-5,4,-5,-5,1,-7,5,-4,-7,6,12,-3,6,0,10,8,2,7,8,4,10,-5
90/17,1,-3,0,1,-3,1,-2,1,6,6,-4,2,0,1,0,-10,7,8,8,3,-16,4,0,-1,10
92/19,0,-2,3,3,2,4,6,-2,-7,3,-9,7,-9,-9,6,6,0,1,4,-15,-16,4,3,0,12
90/23,-1,-3,0,3,-1,-1,5,-2,0,3,3,-7,-5,-6,-6,11,10,-10,12,6,14,0,-16,18,-2
-77/38,0,-2,4,1,0,6,-6,-2,-3,3,-1,-10,-6,0,11,-2,-4,1,-14,15,2,8,4,-8,-7
-77/39,0,0,3,1,0,-2,2,1,3,4,-6,-2,-6,6,8,-11,-1,8,14,-12,-1,4,-4,-17,12
54/71,1,0,1,-5,-1,-1,4,1,0,6,6,-5,10,2,8,1,0,-10,-3,4,2,6,-15,-12,-4
-51/59,0,0,0,-5,-5,0,-8,-2,1,6,8,5,-5,8,-11,6,10,-13,8,3,2,10,16,0,-5
75/23,0,0,0,1,0,2,-3,-2,0,-7,1,6,-4,8,-6,-10,0,8,-8,4,4,-4,0,10,10
71/22,0,-2,3,0,-2,-5,-3,-2,-8,2,1,-2,6,-1,-11,-6,6,1,2,-12,-14,-10,0,18,-9
21/100,0,0,0,1,6,4,5,1,-8,6,3,-7,6,1,-6,-4,0,13,8,-15,-2,0,17,-13,-6
17/81,0,0,3,1,4,2,-8,-2,3,-7,-9,10,-3,12,-8,6,2,-2,8,16,-16,-16,-10,6,-12
16/81,0,0,0,-5,-3,2,-3,-2,-3,6,-5,-10,6,-7,12,1,9,13,-2,14,-13,-14,1,-6,8
13/81,0,0,-3,-5,2,-7,4,-2,-8,6,8,5,4,-4,-8,-2,-14,-8,2,-15,-1,10,-1,12,-5
-95/89,0,-2,0,1,-3,0,-5,1,-3,-2,4,-1,-5,4,11,6,-10,8,-14,-6,10,-9,-16,-8,-5
58/71,-1,-2,-3,1,4,2,-3,1,2,-10,3,-6,8,10,3,-3,-1,6,3,4,8,0,15,-6,2
17/25,0,-2,0,1,-1,-1,-8,1,-4,5,1,2,-7,7,-6,-10,-4,13,8,3,11,11,-6,6,3
-21/47,0,0,3,1,-3,6,4,1,6,2,-1,-7,-6,2,3,-4,-10,10,-8,4,-6,6,6,6,-18
-34/55,1,-2,0,1,-2,-6,-8,-2,-3,0,-9,-1,12,4,-11,3,-4,4,-7,-5,-4,-14,12,-6,2
29/30,0,0,0,-5,4,-5,2,-2,4,-10,-6,-2,6,7,6,-2,4,-5,-12,-4,-4,-6,6,-6,2
-79/60,0,0,0,3,-3,-5,6,1,-9,-2,-2,-2,-9,12,-8,3,0,6,0,-9,-13,4,6,8,-7
-41/30,0,0,0,-5,6,-6,-5,-2,0,-5,1,11,-4,1,11,-9,-11,-5,4,2,5,4,-4,12,8
-4/4645,0,-2,0,1,2,6,3,1,0,-4,2,-7,0,-3,-8,1,-11,2,-8,-9,-10,-11,8,-8,11
-5/4646,0,-2,0,1,4,6,3,1,0,-2,-5,6,4,-10,0,-3,-1,8,4,13,-8,-14,-13,0,5
-8/9291,0,0,-3,3,-1,0,4,-2,6,2,-7,6,12,-1,-6,-4,-7,1,-12,-2,-13,6,0,4,-12
-15/28,0,0,0,-5,-2,6,5,-2,-4,6,-5,2,-9,-6,0,6,0,1,4,-1,0,-8,6,6,-1
49/57,0,0,3,1,0,0,5,-2,-8,0,0,-2,12,-4,11,0,4,-5,2,-9,-10,11,14,12,8
47/53,0,2,1,3,-3,-5,5,1,6,-5,3,5,12,4,-8,5,-2,-6,12,6,-10,-1,2,-1,-2
-61/65,0,2,0,0,2,-2,-4,1,-8,-5,-8,-2,1,8,0,6,0,-13,-11,3,4,-12,-3,-4,10
-58/65,-1,2,0,1,-2,-2,-3,-2,-8,-10,-1,11,-6,-1,4,-14,0,10,-10,-4,11,11,-16,-6,8
3/17,0,0,2,0,2,-5,-2,1,3,6,-6,6,-6,7,8,-9,-2,-12,-8,6,14,8,6,10,6
-15/91,0,0,0,-5,2,-2,-5,1,-3,-10,1,-5,-6,4,12,-3,0,8,-8,-4,7,-14,-7,-12,-3
-93/14,0,0,0,-5,-1,4,2,-2,6,-5,-10,5,6,8,6,-3,4,-4,-2,-15,7,8,2,-1,2
61/29,0,-2,2,-5,-3,1,5,1,4,-6,4,-10,-6,7,0,-3,-2,-13,-2,6,7,6,-4,3,-10
59/29,0,2,4,3,6,4,6,1,2,-6,8,-7,-3,2,-6,5,-12,-10,-4,-15,-13,-10,-6,6,-10
95/8,0,2,0,-5,4,6,2,1,-3,4,-1,6,-6,7,12,-2,0,-4,4,4,7,0,-3,-14,-5
49/5,0,-2,0,1,-5,0,2,1,-9,-2,4,-3,-6,2,-6,-2,6,-8,4,-12,-10,6,-3,-10,-3
97/10,0,2,0,1,-1,4,-3,1,1,4,10,-1,-7,-7,12,-3,-4,6,10,-15,-2,-6,-4,18,8
61/27,0,0,3,1,6,-1,4,-2,-8,9,-1,-2,-7,9,-1,6,-9,-13,4,-12,-7,0,-10,12,-1
-2451/11,0,0,2,-5,-2,2,-4,1,-8,-2,-4,-5,-6,-1,0,7,7,0,12,13,-7,11,-11,10,-14
-7349/34,0,2,2,1,6,-6,-2,1,-3,6,-1,-7,-3,4,0,5,-4,-3,2,-12,-9,-6,4,4,-7
-65/31,0,2,0,-5,4,-7,3,1,1,4,2,-2,0,4,0,-3,-2,1,4,-6,-1,-16,4,6,8
-7355/34,0,2,0,-5,-3,0,-2,-2,-3,-5,10,-7,-6,2,6,-2,-9,8,-12,8,2,-8,-16,-14,5
-32/67,0,2,1,1,-5,2,5,1,-6,3,6,-1,-3,-1,0,6,-2,-2,0,-12,-2,-15,12,5,-18
-103/61,0,-2,0,1,-2,1,2,-2,6,3,1,-7,-6,7,-6,9,-3,-4,8,-5,-10,-8,-3,6,-2
-101/61,0,2,2,-5,4,-1,6,1,0,-4,-1,-7,-6,6,0,7,-4,-4,16,4,-13,-12,3,0,0
-97/60,0,0,0,1,4,-1,-1,1,-8,-3,-6,7,10,-12,0,-10,-2,-11,12,5,-13,10,16,6,8
-65/7,0,2,0,-5,0,-7,5,-2,-8,0,-10,5,6,10,-11,4,6,1,-10,-5,2,0,-7,12,-2
-13/98,0,2,1,-5,-1,-7,3,1,-8,-5,4,8,-6,0,13,1,0,5,-12,-5,-2,-8,12,10,-8
83/8,0,2,2,1,0,6,-3,1,-9,3,-1,-2,-5,2,0,6,5,6,-12,-3,14,1,0,-6,7
46/49,-1,2,1,-5,4,0,5,1,-7,4,6,-5,6,-2,0,-3,0,2,9,8,-13,4,-9,-6,8
47/46,0,-2,3,3,4,1,5,-2,0,9,1,-10,-3,6,-8,6,0,-1,8,-3,0,5,1,18,8
-87/43,0,0,0,-5,6,2,-3,-2,2,-10,4,-8,-6,-12,4,-2,-10,-2,-8,-15,-2,4,-4,-16,-6
-82/45,-1,0,0,3,2,-5,-3,-2,-3,9,3,7,-4,4,0,11,0,6,-11,6,-1,10,-4,-17,1
17/33,0,0,1,1,-2,-5,-8,1,0,-8,-2,-2,3,4,-3,-4,-4,-10,12,11,-5,10,-16,-17,-9
2031/2,0,0,2,-5,0,-5,-3,1,-3,6,-1,6,-1,2,12,-3,-12,-1,2,-4,7,13,0,-10,9
-94/49,1,-2,1,-5,-5,2,-3,-2,3,-2,3,5,-3,-1,-8,11,13,6,-14,2,-4,1,-4,9,14
-81/22,0,0,0,3,-2,-5,5,-2,1,-3,-5,6,4,-4,0,6,4,-10,2,0,-16,4,0,2,17
-81/19,0,0,2,1,4,-6,-6,-2,-8,4,1,5,0,-2,-6,-11,13,-2,5,4,-10,-15,-5,-6,-12
-77/16,0,2,2,1,0,-1,-4,-2,3,-8,2,-5,6,-7,-1,-2,-2,0,-8,0,-4,-12,-16,-14,-9
-97/5,0,2,0,3,4,-5,4,-2,-4,-1,-2,-7,-6,9,6,-4,6,-1,-14,13,-10,13,8,12,8
-93/5,0,0,0,0,6,2,6,1,-3,6,-10,10,1,4,11,-2,4,6,-14,-12,6,6,-16,-8,9
-15/43,0,0,0,1,-3,-6,-3,1,-3,4,-1,-5,0,-12,8,6,6,-4,2,-13,-8,11,-16,-13,-18
7/45,0,0,0,1,4,6,-3,0,-6,-3,4,-11,-6,-4,4,3,-4,-4,4,-12,-4,-9,12,-17,-14
9/44,0,-3,0,0,-2,6,-5,-2,3,-10,0,5,3,4,0,0,8,-5,8,-9,-1,0,-5,-14,-14
-43/60,0,0,0,-5,0,-6,3,-2,-3,6,6,10,2,-1,3,10,6,1,-10,0,-8,-16,10,-14,-6
-45/19,0,0,0,-5,-3,6,2,-2,-8,3,-9,-2,-4,-6,4,-10,-4,-10,-3,-15,-1,-14,12,-3,-1
-57/94,0,0,-2,1,4,6,2,1,2,-2,-5,7,7,4,3,6,-1,4,4,11,-10,-6,-4,3,10
11/36,0,0,2,-5,0,-5,2,1,-3,3,-9,2,1,1,-8,6,-4,2,-8,3,-13,8,-16,18,12
19/77,0,-2,-2,-5,-2,6,-3,1,3,4,-2,-1,-4,-6,0,1,-12,-1,-11,-2,12,-9,3,1,14
20/77,0,2,0,-5,-2,-6,-5,0,4,-1,-1,-5,0,-10,13,-2,-4,2,-12,-4,-9,-15,12,10,8
-33/2,0,0,4,0,0,1,-4,1,6,-1,1,10,-5,2,0,6,-4,10,-14,3,-14,-8,-4,10,-2
-86/73,1,2,3,-5,4,6,-1,1,-3,-7,-9,-8,-6,-1,3,-3,-11,-5,10,8,-6,9,1,18,17
-77/71,0,-2,0,1,0,4,2,1,-9,5,10,8,-9,12,1,-12,2,4,5,4,-13,15,4,1,17
-83/71,0,-2,0,0,-5,2,6,1,-6,6,-1,-2,2,-6,3,6,6,-2,4,4,-9,1,0,1,-10
-35/22,0,2,0,1,-2,6,-1,0,1,-4,-4,11,-5,8,8,-6,4,6,4,-3,2,0,-8,10,14
-36/83,0,0,-2,0,4,4,4,-2,0,0,4,5,-6,-12,-8,2,2,-2,3,-12,0,-8,-16,6,-6
-27/49,0,0,0,-5,6,-1,2,0,4,5,-1,10,-6,-6,4,2,4,-3,-14,-13,-13,13,5,-7,2
53/46,0,-2,3,0,6,0,2,1,0,-1,10,-5,0,-9,0,-10,4,1,5,-12,8,4,2,1,10
-92/51,0,0,-2,3,-5,2,-2,1,-7,0,-1,-8,12,-4,-8,1,2,-6,4,-9,8,6,12,12,10
-3/2993,0,0,1,0,0,6,2,-2,-4,3,-4,-5,6,7,11,-6,-13,-7,-8,-9,-6,-14,-3,-10,12
-20/8983,0,2,0,-5,4,-2,-6,1,6,6,-7,-2,-5,2,0,-10,-4,10,4,-12,10,6,8,-6,-7
-7/2993,0,2,2,1,-3,0,-1,1,-3,2,4,10,6,12,1,-10,2,-3,-2,-15,-6,6,-6,10,5
-12/4489,0,0,2,0,6,2,2,1,-4,-7,-6,7,-3,-6,0,-2,13,-11,0,-4,4,10,4,18,2
-25/8978,0,2,0,1,-3,-5,-3,-2,-8,3,0,-5,6,-2,3,3,10,4,0,-12,-11,-16,-3,12,13
-15/73,0,0,0,1,-5,1,2,1,6,0,-2,-2,-4,8,0,-2,-1,10,5,8,-6,8,-3,10,10
-33/19,0,0,3,1,0,2,-4,-2,4,-5,-9,-2,-7,-3,0,-3,-1,6,-12,-1,-1,5,0,-8,-14
40/49,0,2,0,-5,0,-5,2,-2,-8,-7,4,-6,-6,8,4,6,-2,-6,-14,-12,-6,8,-10,-9,-4
-64/13,0,-2,-2,0,-5,-2,3,-2,3,-2,2,-2,-6,2,-8,-2,6,-10,4,0,5,5,2,4,-7
-69/47,0,0,-3,3,6,-6,-3,1,-7,4,8,-5,8,9,3,-6,-5,6,-3,4,14,-8,-16,-17,12
8/61,0,-2,2,3,4,4,5,1,-4,6,1,-7,6,-4,8,-3,6,-4,4,8,4,-10,12,-1,14
-23/72,0,0,0,1,0,-6,1,0,-7,-5,2,-6,-1,-6,-11,-6,-14,-1,-2,-7,12,6,-5,-12,2
103/34,0,2,2,1,-3,-5,-2,-2,-3,0,-2,-2,-6,-2,0,6,-11,5,-4,15,2,-12,-4,-16,6
98/33,1,0,4,1,-2,2,-3,-2,-9,10,10,-1,-9,8,10,-9,2,-1,-4,-6,-1,-8,-3,1,2
100/33,0,0,0,1,-2,-5,-6,1,6,-2,10,-8,6,4,1,1,-3,6,12,-15,14,-16,-16,-6,1
-106/97,-1,-2,0,0,0,-5,5,1,3,4,-1,-10,2,-4,-6,-10,-5,10,-14,8,10,11,-4,6,4
-91/86,0,2,1,1,4,-7,5,1,-9,-2,-9,2,6,-12,-3,-2,0,-4,-10,-6,-16,11,-4,-8,17
3/58,0,0,0,-5,-5,6,5,-2,2,-6,2,-5,-6,-1,-6,6,6,0,-11,9,-1,-4,-3,6,-12
-81/44,0,0,2,-5,-2,0,2,1,2,-5,-1,7,-6,2,-6,10,-4,0,4,4,-11,-10,12,-4,11
-79/46,0,-2,2,3,6,4,-4,1,0,0,3,-7,-6,12,13,-12,6,-4,-8,0,2,4,8,-6,-3
-78/43,-1,0,1,1,-5,-7,2,-2,-8,4,-5,-11,-7,-12,-6,6,10,-7,8,-3,2,5,3,-1,6
-83/41,0,-2,-3,1,-1,-5,-1,1,1,10,2,10,6,4,12,6,-2,-13,-3,2,11,8,0,10,-5
-43/22,0,-2,4,1,-2,2,2,-2,-4,-7,-1,-6,7,-1,1,-2,9,-5,-6,15,-13,8,1,-7,8
-3/41,0,0,2,3,-5,-5,-6,1,-9,6,-5,11,6,1,-8,-10,0,-7,3,-12,4,-7,4,-9,-5
-37/8,0,2,0,-5,4,2,-5,1,0,0,2,-11,12,4,1,-6,-4,-5,-10,3,-6,8,0,10,-18
-68/21,0,0,2,-5,-1,4,-8,1,3,2,-9,-3,4,8,-8,-9,1,-11,5,-12,4,13,12,-6,14
-70/19,-1,-2,0,1,4,2,3,-2,2,6,3,-2,-2,7,-4,-2,-10,-8,4,-2,-6,9,-16,-6,-5
-70/31,-1,-2,0,1,-1,6,6,-2,-4,2,2,-11,-9,-1,3,6,-4,1,16,5,10,-8,3,-10,-2
-2898/25,-1,-3,0,1,-1,6,3,-2,-7,3,10,8,-6,-9,-8,-10,-1,-4,-12,4,-11,0,-5,-6,-6
-27/25,0,0,0,1,-1,2,2,1,-8,3,-1,-6,0,1,-3,6,4,10,8,-9,6,1,3,10,12
37/58,0,2,2,0,4,-5,5,1,-3,-6,-1,-11,-9,5,-3,6,6,13,3,3,-2,0,4,-9,-5
32/61,0,-2,-3,-5,0,-5,-1,1,-9,4,1,2,-6,4,6,-14,6,-4,-14,-5,2,11,0,-12,1
78,-1,0,2,0,-5,-7,-1,1,-3,7,4,-8,0,6,-11,-2,0,-6,12,6,-9,8,-16,9,-5
94/75,1,0,0,1,0,6,5,0,6,-8,3,-7,10,7,-8,-6,2,5,-6,14,-6,8,15,6,-1
67/90,0,0,0,3,2,4,-1,-2,-3,5,10,-7,-3,-4,-8,3,-7,-8,-5,-5,14,8,3,12,-2
17/22,0,-2,0,3,-2,6,-8,1,2,10,-5,2,6,5,4,6,2,5,5,12,4,-15,16,-1,-18
-17/24,0,0,2,1,0,0,-8,1,2,6,-4,10,-6,-10,1,6,-10,5,-12,8,-13,4,-6,3,-3
-21/4,0,0,2,1,-2,4,3,1,1,-7,10,-8,-6,2,-10,6,0,-2,12,-7,-1,-8,3,-8,10
-13/22,0,-2,4,0,-2,-7,5,1,-3,-4,-4,-6,-6,-6,10,11,6,2,-4,3,-5,-16,10,-1,8
-97/38,0,2,4,-5,4,-6,2,-2,-3,6,-9,2,-6,7,-11,6,4,-3,4,-3,2,-6,-6,-3,8
-49/18,0,0,3,1,-3,4,-6,-2,-9,6,1,-11,-5,-7,-4,0,0,-5,12,-4,4,13,6,-2,6
2900/19,0,-2,0,1,4,4,2,-2,3,-10,-9,-6,12,-6,-8,-6,6,-5,12,-7,2,-8,0,-4,-2
-69/13,0,0,-3,1,-3,-2,-3,1,-7,-5,-5,2,-6,-2,4,-9,-9,8,-4,3,14,-4,-10,-12,-2
47/25,0,-2,0,3,-5,-5,-3,-2,1,10,10,-6,2,4,-8,-14,-12,-6,4,8,14,2,-8,6,-14
61/13,0,2,-2,1,-2,-2,-5,1,6,-1,10,7,-1,12,-10,4,2,-13,8,-9,8,-15,-3,1,11
62/13,-1,-2,1,0,0,-2,-1,1,-8,6,-10,-5,-4,-6,-8,6,-4,2,-2,2,-5,-8,1,-9,-12
-19/45,0,0,0,3,-2,6,-5,1,-9,-8,1,-6,7,-12,-2,10,-14,-1,-3,-13,-1,-8,-4,10,2
-19/47,0,2,-3,1,-5,-1,-4,1,0,6,-2,-11,-1,-4,3,0,-11,-6,12,-4,10,-14,6,10,18
-40/9,0,0,0,0,0,2,2,1,-6,-7,1,-8,8,1,12,-2,0,1,10,-15,0,-8,-3,6,7
-86/17,1,-2,2,-5,-3,4,-2,1,-4,-5,0,-2,-9,-1,12,-4,-4,8,-8,8,-11,-14,12,10,1
40/19,0,2,0,0,4,4,2,-2,-3,-2,2,-1,4,2,-8,-4,4,4,2,-9,-1,0,6,10,9
41,0,-2,0,1,0,0,1,-2,6,-5,1,-8,-4,-2,0,1,2,2,-12,-15,-6,-4,4,2,-3
87,0,0,-3,3,6,-1,-6,-2,6,-10,-7,10,-6,-6,10,-12,2,4,8,13,11,-14,-6,-6,-9
83/3,0,0,0,1,-1,-6,2,1,-4,-10,2,-2,-6,10,-8,6,1,-3,4,12,-5,-8,0,-6,-2
-19/5,0,2,0,1,4,-5,2,1,6,-7,-8,10,-4,-2,-6,6,1,-7,5,8,5,-6,14,-17,6
-50/11,1,-2,0,-5,-2,6,2,-2,6,-4,10,-5,-4,9,-1,-12,13,10,-12,-5,2,-4,0,6,13
-101/21,0,0,1,-5,-1,0,-3,1,-6,0,2,-8,3,6,-11,6,6,10,-14,6,12,-10,17,10,12
-16/15,0,0,0,-5,4,-5,-3,1,6,-8,2,-1,-4,-10,-8,-10,-1,-5,9,-15,-11,-11,10,-15,18
-49/43,0,-2,3,1,4,-5,-3,-2,-3,4,-1,6,0,-12,-8,6,-4,6,5,5,-2,-6,-16,3,1
-31/29,0,2,0,-5,4,6,-3,-2,4,-6,-10,11,1,-10,4,-4,5,2,-14,2,7,0,4,0,10
58/23,-1,-2,4,0,-2,4,-3,1,0,-10,4,-2,2,-4,0,-2,2,1,8,5,-16,-9,-1,6,17
57/25,0,0,0,1,0,-5,2,1,-8,6,6,5,12,-1,-6,-3,0,8,3,6,0,-15,6,6,3
-67/41,0,2,0,-5,-3,6,2,-2,6,0,0,10,6,-12,11,6,0,1,-5,-9,4,-14,2,-12,-1
-69/41,0,0,0,1,-5,4,6,1,-7,4,-8,6,6,-1,-6,3,0,1,5,0,7,13,-8,-3,-13
-31/36,0,0,1,-5,0,-6,-1,1,6,-5,-10,-1,-9,1,6,-11,10,-4,12,13,11,-8,3,-3,11
-483/4,0,0,-3,1,-2,-6,5,-2,-7,-5,3,10,-2,-10,13,-2,6,2,-12,-15,-6,-8,3,9,5
-2897/24,0,0,-2,-5,0,6,3,1,-3,4,-6,6,-5,7,1,-2,4,10,2,12,-6,-9,-4,18,18
-29/97,0,2,3,0,0,-6,3,-2,6,-10,4,-5,8,-1,12,-3,0,6,4,-3,11,6,1,-1,4
-62/13,1,2,2,1,-1,-2,1,1,-4,6,-10,10,-1,-4,-6,3,10,10,4,8,2,-15,-3,5,8
-9/34,0,-3,1,1,-1,6,-2,-2,6,-2,-4,-2,0,-6,-4,2,6,2,-2,0,11,8,2,-9,-18
-25/96,0,0,0,1,-5,-5,1,-2,3,2,-6,2,-9,-10,7,6,-11,13,3,-8,-8,-4,12,-8,-2
-79/86,0,2,0,1,-5,-5,-5,-2,-8,0,-4,-2,-1,-12,-1,-6,1,4,-14,-12,2,4,8,-3,-6
-79/87,0,0,-2,-5,-1,2,2,-2,6,-6,-1,10,-6,8,-6,1,13,-13,14,-15,-4,4,11,-6,10
-79/45,0,0,0,-5,0,0,3,1,6,6,2,-8,-1,-4,-11,6,0,13,5,0,10,4,5,6,-5
-76/45,0,0,0,-5,-5,-1,1,1,3,-5,1,-7,-7,2,-6,3,6,-11,0,4,14,-14,12,-15,14
-93/71,0,0,2,-5,6,-5,2,-2,3,-2,-10,-1,-6,-9,4,-2,0,-1,-13,4,-4,-10,-5,6,8
-37/67,0,-2,2,3,4,2,2,1,3,-5,-5,-11,-6,7,-8,-2,-4,-13,0,-4,-10,15,6,-6,-14
69/32,0,0,2,-5,0,-5,-3,-2,-7,2,2,8,1,-4,-2,-2,6,-1,4,-15,7,-8,-9,12,-8
91/15,0,0,0,1,0,-7,2,0,-8,-5,-10,10,-6,1,0,0,0,2,8,6,-1,-8,-16,10,10
-57/11,0,0,0,-5,-2,-1,4,1,-4,-5,1,-2,1,6,-3,6,10,-6,2,15,0,0,-4,10,18
25,0,2,0,-5,-2,6,-3,1,6,-2,-7,-7,6,-4,0,-2,-7,2,8,6,-11,8,-4,2,-2
97/3,0,0,1,1,-2,0,-3,-2,-8,9,-1,-7,-6,-6,2,11,0,5,-3,8,-13,5,12,-15,8
85/31,0,2,0,-5,4,-5,-8,1,6,0,2,6,-6,-6,-6,5,-3,-3,12,-5,-2,-15,-9,-12,-5
53/38,0,2,4,1,-3,6,-4,-2,6,6,3,-5,0,-2,-6,-10,0,-5,-2,6,0,-8,10,-6,3
1/34,0,2,2,1,-5,-5,-2,-2,-8,-4,-8,-8,0,-10,-6,-2,13,-1,-12,16,-13,11,4,12,8
-11/78,0,0,0,3,0,-2,-3,1,-3,-1,-5,-7,0,-3,-2,-2,-10,-1,4,-15,2,10,12,-6,12
-4/39,0,0,2,1,-2,-2,-5,1,-8,-5,0,6,-7,-6,-8,-4,6,-7,3,13,-1,-14,0,2,-14
-52/7,0,-2,2,-5,-1,-7,6,-2,-3,-4,-4,-5,6,7,12,-6,0,-2,4,16,-8,-8,-16,6,-13
-6/85,1,0,0,0,-1,2,-2,1,4,5,-2,5,-9,-4,13,-4,10,-2,-11,14,-7,8,16,0,5
25/42,0,0,0,-5,-3,-5,4,-2,3,6,-1,-2,6,-6,-8,6,-2,8,4,8,-13,-12,-7,6,16
-28/55,0,-2,0,1,-2,-5,-1,-2,6,3,-10,-5,-9,-12,4,-2,0,2,-3,5,14,9,11,0,14
28/37,0,2,1,1,4,6,5,-2,6,-10,0,-8,-3,0,-11,-6,-4,-1,10,3,14,0,0,6,14
-42/83,1,0,2,1,-3,0,-3,-2,-4,-2,-4,-7,12,-7,-6,1,-4,-3,4,-9,-11,-15,-16,-3,12
17/60,0,0,0,1,6,6,-8,1,-6,2,2,-8,6,-6,0,6,-7,-3,2,4,-10,-8,3,-12,-1
13/60,0,0,0,-5,4,-7,-4,-2,-9,0,-5,10,-6,8,2,6,-4,-3,-2,0,1,-8,0,0,11
-61/10,0,-2,0,3,2,1,3,-2,6,7,-4,-2,-9,0,-6,-2,-4,-13,-7,2,-1,-6,12,-6,6
-29/6,0,0,0,0,0,-6,5,-2,-4,-10,-8,2,-7,12,-7,-14,4,-1,5,6,14,-10,15,-13,3
-96/49,0,0,4,-5,4,-6,2,1,4,4,-5,6,-4,2,-8,-10,6,13,4,8,-6,-4,-15,-12,10
-97/49,0,-2,-2,-5,4,0,-5,1,2,3,8,-3,-3,5,3,-9,-4,-5,1,-4,-16,-16,0,6,8
46/9,-1,0,1,1,6,-5,1,-2,-7,-10,3,8,0,1,-4,-9,-4,-7,8,4,-13,-8,-4,8,9
-16/59,0,2,2,-5,4,6,5,-2,-4,9,-9,-1,-1,10,-10,-3,10,13,-12,6,2,-8,10,10,-14
-17/8,0,-2,2,-5,-1,-6,-8,1,6,4,-7,-2,3,-7,8,-2,-1,-11,5,-5,-6,9,8,6,-7
-61/23,0,2,3,0,4,1,-3,1,0,6,-9,10,-2,12,0,-2,8,-13,2,8,2,8,12,12,-7
-29/78,0,0,3,1,-3,-2,-4,-2,3,-10,-10,10,-6,4,10,-4,-14,-1,0,0,-10,-15,4,9,8
-28/79,0,-2,3,1,0,4,3,1,3,-10,-6,-11,2,-1,12,1,0,5,8,-9,8,-8,0,-6,-14
91/11,0,-2,4,1,-2,-7,3,-2,6,5,-4,-2,-6,4,-1,6,0,-11,9,-9,10,5,14,-4,17
9/43,0,0,0,1,-1,6,4,-2,-4,4,-2,-7,6,-12,-2,-3,7,8,10,-1,-6,15,4,-7,-6
-80/21,0,0,0,-5,-2,1,2,-2,-8,10,-1,-2,-5,12,13,6,4,2,6,14,4,-16,9,0,2
-78/29,1,0,3,1,-2,-7,-6,1,6,-6,-1,-5,0,0,4,6,-4,-7,-6,10,-11,-9,3,10,-2
-81/25,0,0,0,1,2,1,-4,1,-8,9,-4,-5,2,-1,10,-3,0,-3,12,8,2,-4,1,10,14
509/3,0,0,2,-5,-5,-5,5,1,-3,6,-7,-10,-2,-12,1,1,-4,8,-8,12,4,11,0,10,8
1012,0,2,-3,-5,0,4,-4,1,-7,-8,-1,10,4,1,0,-7,11,-11,2,-3,-5,-8,-3,-6,11
-47/12,0,0,1,1,0,-5,-5,1,-8,9,-5,-6,6,-7,-8,-2,0,-7,1,-1,-5,-15,0,10,-12
-74/83,1,-2,-2,-5,2,-6,2,-2,-8,-2,-9,-11,6,-3,7,7,-4,2,-10,8,-13,10,-16,3,14
-71/83,0,-2,0,0,-5,-5,-1,-2,-3,-2,-10,-7,-1,4,-6,6,-4,0,4,-12,8,0,-16,-12,0
-71/84,0,0,4,-5,-3,6,2,-2,2,3,2,-8,7,-7,10,-6,-12,-10,5,-12,5,-8,9,-14,-14
32/79,0,-2,-2,1,4,-6,-5,-2,-8,-2,3,7,3,4,2,6,-3,-13,8,12,-2,-8,1,12,-5
5/57,0,0,0,-5,0,2,5,-2,-3,-3,1,-6,6,7,-8,1,10,10,12,6,-4,5,0,-6,0
-73/52,0,-2,2,1,2,-2,6,-2,3,-5,-4,-2,-6,7,0,2,-2,-10,-10,14,-11,-8,16,-17,-14
-73/56,0,2,2,-5,-3,4,3,1,6,6,2,10,-6,-6,-6,-9,4,-7,5,9,-11,-6,14,-10,11
-74/57,-1,0,3,3,4,-6,3,-2,6,4,-8,-11,12,8,4,6,-3,-10,-14,8,-7,5,4,8,9
-76/53,0,2,-2,1,4,0,-3,1,-4,0,-5,5,12,-6,-7,5,0,6,8,8,-11,4,16,10,10
93/7,0,0,1,-5,4,-5,-5,1,6,-4,-10,-2,6,-6,4,3,-4,-8,2,-12,-2,0,-15,-15,-3
45,0,-3,0,3,-5,-6,5,-2,-4,4,-1,-2,-5,4,0,-2,6,-7,12,-9,-1,-4,4,6,18
91/3,0,0,-2,1,-5,-7,-6,1,-3,4,-1,10,3,8,-8,1,-5,-2,10,5,11,-1,-3,-8,-14
97/4,0,2,3,-5,4,-5,2,-2,3,-5,2,-2,-6,6,0,-9,0,-1,-12,12,11,5,4,0,8
93/5,0,0,0,1,-5,1,2,-2,4,6,-10,2,0,-4,0,6,-1,1,-12,-9,-6,11,12,18,-18
-44/59,0,-2,2,-5,0,1,2,1,-3,3,-7,6,-3,12,-8,6,10,-8,-4,-15,4,0,7,4,11
69/47,0,0,0,-5,-5,6,-3,-2,-7,0,-1,10,8,7,3,-3,11,1,8,0,-2,8,2,-10,-3
83/21,0,0,-3,-5,4,6,-3,-2,-6,6,2,10,-7,-4,-8,10,0,-2,2,-15,-13,-4,0,-1,-1
62/33,-1,0,2,-5,-2,6,-5,1,-4,4,-10,-2,2,7,6,-12,-4,1,-3,-9,4,13,4,18,-1
37/80,0,-2,0,3,4,6,-3,-2,6,5,-8,-11,-7,-6,0,4,-4,6,10,10,-6,5,-3,18,-7
19/40,0,2,0,0,0,-6,-5,1,-6,6,-5,-1,-7,12,-1,-4,4,2,-4,8,10,11,14,1,-2
33/80,0,0,0,-5,0,2,1,-2,-8,4,2,-11,-5,8,2,5,0,-5,0,-15,-7,13,6,-15,-18
31/80,0,-2,0,0,-2,-1,-3,-2,3,-5,-10,7,-6,4,0,10,-4,1,5,-15,-10,6,4,0,12
17/41,0,2,-3,-5,0,0,-8,1,-3,0,3,-3,6,-1,12,1,6,8,4,13,-14,-8,6,0,2
-55/13,0,-2,0,1,0,-2,4,1,-8,-1,-1,-5,12,4,-7,6,8,8,4,-12,-6,-10,3,-6,-13
19/92,0,-2,3,-5,-1,-6,-1,1,0,-1,3,7,1,-3,8,6,6,8,-2,5,-16,5,4,-6,6
-91,0,-2,2,1,0,-7,5,1,-3,-2,-6,-7,8,4,-7,-3,10,4,-12,-15,-2,9,1,-6,14
14/85,-1,-2,0,1,6,0,-2,-2,-8,6,6,-2,8,1,-6,6,-2,4,4,2,11,10,0,2,-6
13/84,0,0,3,-5,4,-7,-3,1,3,6,-6,-2,0,9,0,11,-4,1,8,2,-6,8,5,-6,8
-85/88,0,-2,0,-5,-2,4,-8,1,0,-7,8,5,6,-2,3,6,0,-2,-3,3,-2,0,3,0,-1
-34/49,-1,-2,2,-5,-1,6,-8,1,0,6,-5,-6,1,1,-10,-3,10,13,-10,-12,8,11,11,-14,-19
-5/89,0,-2,0,1,2,-1,2,1,-8,-5,-5,-8,-1,2,2,3,9,2,8,-15,-4,12,5,-8,10
-11/61,0,2,1,1,0,-6,-3,1,6,-4,3,6,-7,4,-11,-2,-12,-4,3,4,-6,-5,-4,1,12
-12/977,0,0,1,-5,2,6,1,1,-3,4,2,2,-1,-6,4,-9,4,-10,-3,5,-4,8,2,6,16
-10/977,-1,2,0,0,4,-5,2,-2,-4,3,3,-11,-3,12,2,6,-14,8,14,-12,2,8,-4,-8,0
-81/6832,0,0,2,-5,4,6,5,-2,3,3,2,6,-4,10,0,1,-4,-4,2,15,-4,-8,1,3,-12
-75/6832,0,0,0,-5,-1,-6,6,-2,-8,0,8,-7,-6,9,-4,-3,-2,-4,11,8,-10,8,4,1,10
-7/684,0,0,0,1,-1,-5,5,-2,-3,5,3,2,10,5,-11,0,-4,1,12,4,-2,8,-15,12,11
-11/684,0,0,4,1,0,2,-1,-2,-8,9,1,-7,-5,6,12,-12,6,10,11,6,-9,-15,-5,1,-18
-35/3417,0,0,0,1,2,4,-2,1,-3,6,-9,-2,-6,4,-4,1,0,4,0,12,-10,0,4,-9,14
-48/29,0,0,0,0,-5,2,-3,1,-3,-6,-2,-1,-5,7,1,-6,-3,10,12,0,7,-10,8,18,8
-100/59,0,2,0,-5,0,-5,-3,-2,6,4,1,-5,12,-1,0,-3,10,-4,-2,-9,0,-5,-4,-6,-10
-90/79,1,-3,0,-5,6,2,5,1,4,-2,-6,-5,-4,-10,12,4,-7,-13,4,12,-13,-8,-4,6,-12
-31/27,0,0,-2,3,4,-5,-6,1,-8,4,-10,6,-1,-4,-6,-2,-11,4,-2,10,14,13,2,6,-5
7/71,0,-2,2,1,0,6,-3,-2,-3,-4,10,-5,-6,7,8,4,10,-10,8,4,-11,4,12,12,-1
23/26,0,2,-3,1,-2,-2,6,1,-7,-7,-1,-2,-3,1,0,9,4,-8,2,8,-2,-12,4,6,-18
-34/5,-1,2,0,3,-1,2,-8,1,3,0,10,-2,7,-10,-8,-2,4,-10,8,11,-8,4,-3,10,-2
-71/13,0,2,-2,0,-2,-2,2,1,4,0,4,5,-5,8,6,3,9,6,-3,-12,-2,6,12,10,10
-76/13,0,-2,-3,1,2,-2,-6,1,-8,-5,10,-10,8,-7,12,-2,10,-1,4,13,0,-10,-3,-6,-5
-71/9,0,0,4,3,0,-5,5,1,6,-4,1,-7,-3,8,1,-6,-4,4,2,-12,2,15,8,0,12
52/47,0,-2,0,1,6,-7,-3,-2,2,3,3,-7,-5,-1,3,10,10,-1,5,-4,-6,13,-12,3,-6
-22/31,-1,-2,0,1,0,-6,-3,-2,-8,-10,2,-5,0,4,11,-3,4,-6,-2,-12,-6,-16,10,10,1
65/92,0,2,0,1,0,-7,-6,-2,0,9,-4,10,0,-6,-6,-4,10,13,5,8,-10,-5,-16,-10,-8
69/91,0,0,2,-5,-5,-2,2,1,-7,10,3,-6,0,12,-8,-10,6,-7,16,6,-5,-6,12,6,10
34/47,-1,-2,-2,-5,-3,2,-8,1,3,-10,6,5,-2,6,3,0,0,-2,-4,15,-10,6,0,12,11
-5569/2,0,2,2,-5,-3,-5,6,1,6,3,-8,-7,-3,-9,-8,-6,0,-7,4,8,10,-11,-11,8,-14
-5570/3,1,0,0,3,2,4,-6,1,4,0,-2,10,-7,8,8,6,-4,10,-11,4,-2,6,16,3,-3
-927,0,-3,-3,-5,0,-1,-3,1,-6,4,3,6,6,-10,1,-2,-7,-10,12,6,2,10,6,-1,2
-73/60,0,0,0,0,-2,6,1,0,-8,6,-8,6,0,8,0,-3,6,5,8,15,-11,-14,-3,-10,-5
1/51,0,0,2,-5,0,6,-2,-2,4,-2,-1,-2,0,2,-8,-4,6,1,-2,-15,-5,6,-5,-3,-5
-43/29,0,2,-2,1,0,1,6,1,1,-6,6,-5,-9,-1,12,-14,10,-10,-14,16,6,-14,12,6,11
-83/57,0,0,4,0,0,6,-5,-2,-3,-2,-4,-1,2,5,1,3,6,-11,8,-5,0,13,0,18,1
8/67,0,-2,1,1,0,-5,-4,1,-9,-5,-1,-7,0,1,-6,1,0,-10,0,-13,12,0,4,-14,18
83/12,0,0,2,-5,2,-5,2,1,-3,3,-7,-5,-3,-9,-7,6,-2,5,-2,2,-1,-14,0,6,-6
67/42,0,0,2,-5,4,-5,-6,1,1,2,1,-1,7,-10,-6,6,5,4,-5,5,-5,10,2,1,-18
-38/35,-1,-2,0,-5,-2,1,-3,1,-6,9,6,-5,6,4,7,6,-11,-7,-11,3,-16,4,-4,6,-7
-73/71,0,2,-3,-5,-2,1,-3,-2,-8,10,4,-8,-4,4,-8,1,0,-4,-12,4,-11,-4,5,6,-18
-14/181,1,2,4,1,2,2,-3,-2,-4,-1,-5,-7,-5,12,4,10,-13,8,-14,6,-13,-11,7,2,-6
-4/89,0,2,2,1,4,0,3,-2,-3,-1,2,-2,-6,-1,-3,7,-4,4,-8,5,-4,1,2,-8,5
-41/714,0,0,4,-5,0,0,-2,-2,-3,0,-8,-2,-4,-4,13,-2,5,4,16,2,-6,12,-13,-10,12
-36/715,0,-3,0,1,-2,-2,5,1,-3,0,-9,-10,-9,-1,1,3,-3,8,4,6,-2,-8,-3,6,8
-36/713,0,0,2,0,4,-5,-6,1,0,5,2,2,6,4,11,-2,7,8,-14,14,2,-10,4,3,-18
39/16,0,0,1,1,6,-7,6,1,-3,-8,4,2,-6,-9,0,3,-4,-7,8,-13,-6,5,-4,-17,-12
79/27,0,0,0,-5,4,2,-3,-2,4,-2,10,10,8,6,0,0,-4,-5,6,-9,2,4,4,-15,-1
41/14,0,2,1,-5,6,0,-4,-2,-8,-4,-1,-3,-4,-4,1,-4,-12,10,-2,-12,-1,-6,16,-2,-1
-94/77,1,2,2,-5,-2,1,3,0,-8,0,-6,10,0,4,-8,-2,-2,-6,11,-12,-1,1,7,-15,8
46/3,1,0,3,1,0,4,-3,1,-7,-2,-5,-2,-4,-6,-11,-11,10,-13,6,-15,2,5,-3,6,-4
47/4,0,-2,3,3,0,0,3,-2,2,3,-10,-2,-7,-6,-8,-2,6,-1,-6,4,7,6,0,12,17
91/10,0,2,0,1,0,-7,-3,-2,-6,-5,6,6,-6,-2,-8,-2,-11,-5,4,-1,-2,-4,12,6,-14
-1/59,0,2,0,1,0,4,-6,1,3,0,-8,-2,6,12,-6,-2,10,4,2,0,-6,-1,4,3,6
-18/29,-1,-3,-2,3,6,6,1,1,-4,-6,-5,-6,-7,-9,2,-2,-11,5,11,-15,-2,6,-4,0,18
-8/33,0,0,1,-5,-2,2,-3,-2,-3,-1,-9,10,-6,-6,8,-9,8,-1,5,-5,8,-1,-16,10,-12
-7/31,0,-2,2,1,0,-1,-3,0,6,4,2,-3,0,4,0,-9,-11,2,-12,-15,2,11,10,-8,-5
11/49,0,-2,2,-5,0,-5,2,0,-9,-7,1,-8,0,4,-3,-4,0,0,0,-15,-11,-16,0,3,2
11/51,0,0,0,1,0,0,-2,-2,-6,6,1,2,-6,-3,-6,4,4,-1,4,4,-7,8,2,6,-12
-63/5,0,0,0,1,4,1,4,-2,-3,0,6,-2,-6,-3,0,-6,-9,13,-12,14,-13,-4,-6,-14,1
-64/9,0,0,1,3,6,1,-3,-2,-8,0,8,-10,-7,-12,11,-10,4,-11,12,8,-16,13,4,18,17
-66/25,-1,0,0,0,0,2,-3,1,-3,-7,3,-11,12,-6,-7,-2,-1,5,-14,-4,-6,-12,-6,1,-5
-64/27,0,0,3,0,4,2,2,-2,3,5,4,7,4,-1,3,-2,-2,-1,8,3,0,-1,5,-10,0
41/89,0,2,1,-5,0,6,-5,1,-8,-4,-9,-7,-4,7,4,-3,8,13,12,3,-6,-6,-4,-8,-6
37/22,0,2,4,1,-2,6,-3,1,-3,5,-1,-11,-1,12,-6,-11,4,-2,5,4,-9,-9,5,-6,9
59/6,0,0,2,-5,0,6,1,-2,2,-4,0,-5,3,-6,4,-3,-12,-11,4,-13,2,-8,-11,-6,16
61/5,0,-2,0,0,6,6,-6,1,-8,-10,6,11,-5,4,-11,-2,-12,-13,-4,-13,14,13,3,-6,-3
-38/83,-1,-2,2,3,-5,-5,-6,1,-8,-3,1,-8,3,2,-8,-2,8,4,8,8,5,-9,-16,-6,-7
-49/4,0,-2,1,1,4,-5,-4,1,-3,-3,3,-10,-9,4,0,-3,-4,-5,4,-15,11,1,-7,-13,0
11/87,0,0,2,1,0,6,2,0,3,-6,-2,6,0,7,13,-7,-4,-7,1,0,11,6,-6,-9,2
11/83,0,2,2,3,0,2,2,-2,-3,3,-6,-6,-1,-4,-8,1,6,4,-12,3,12,-1,-16,-10,8
15/83,0,0,0,1,0,1,4,-2,2,-10,-1,2,2,4,4,-2,1,-1,-3,3,-10,-16,-16,3,-10
-14/69,1,0,1,1,6,1,2,1,0,-2,-4,-7,6,8,0,3,0,-3,6,6,5,13,11,10,5
41/6,0,0,0,0,4,-1,-3,-2,-8,-7,3,10,-4,-7,-8,-6,6,-6,0,3,6,-11,-4,-10,6
92/17,0,2,2,-5,0,2,-2,-2,-7,-7,-1,-7,3,-1,3,4,-1,-1,12,2,11,2,-4,10,14
101/17,0,2,2,0,-3,-1,-2,1,6,2,-9,-5,-6,7,0,-12,4,-10,-12,-15,-7,6,4,-6,2
99/17,0,0,-2,-5,0,0,-2,-2,6,0,-10,-2,-6,8,8,-4,4,13,-14,-8,12,4,-16,-14,-4
-102/13,1,0,4,-5,-3,-2,-8,-2,-3,10,4,-3,-4,-12,-7,-4,13,2,-10,0,7,15,10,-9,2
-53/5,0,-2,0,1,4,-5,2,1,-8,4,-1,-5,-6,-2,-6,-10,-4,4,-12,-9,-6,10,4,2,8
23/20,0,2,0,-5,4,6,-6,1,-7,7,3,-2,-5,10,-6,-2,0,1,4,15,14,6,16,1,14
-92/77,0,-2,1,-5,-2,2,2,-2,-7,6,-4,-1,-7,9,3,-7,1,6,5,-9,4,10,-3,12,-5
-77/17,0,-2,1,1,0,2,-2,-2,-3,-2,-8,10,-7,-2,2,3,-4,-6,-13,-12,-6,13,14,-6,-5
-81/13,0,0,0,-5,0,-2,3,1,-3,-2,-1,-2,-3,8,2,-10,-2,-11,-14,-9,-9,-6,-4,10,12
-35/57,0,0,0,1,6,-6,2,-2,-3,-4,2,2,7,-10,4,-2,-4,13,4,9,-11,-7,3,8,-2
-36/61,0,-3,1,-5,4,-1,-1,-2,-6,-5,-5,-2,-1,-2,-11,-9,2,-4,8,-9,-8,0,3,-17,8
8/31,0,-2,3,-5,4,6,2,-2,-3,-2,2,10,8,7,0,6,-7,10,4,0,-1,6,12,6,14
28/95,0,-2,0,1,-3,6,-3,-2,-8,-10,-1,2,12,2,0,3,10,13,12,4,2,-10,12,0,18
-93/53,0,0,1,3,0,4,-3,1,-3,6,-10,-2,2,4,-6,5,6,-13,4,-4,-16,5,-4,-13,17
-57/40,0,0,0,-5,2,-5,3,1,-8,-5,-10,10,6,-10,-6,-4,5,0,-14,-5,2,5,6,18,8
-9/23,0,0,2,1,-1,1,1,1,0,4,-5,6,12,4,-6,1,-11,-4,8,-12,-11,-14,-11,6,12
-75/104,0,0,0,-5,4,-2,2,-2,3,0,-9,-5,8,10,-11,-9,0,0,-5,14,-6,-16,1,-6,-7
-31/26,0,2,1,-5,2,-2,-5,0,-3,7,-10,5,0,-6,0,10,-4,8,-11,6,6,-10,12,2,-7
-34/13,-1,-2,3,1,4,-2,-8,1,6,9,-9,5,10,-1,2,-4,-9,-10,0,0,-8,10,0,1,-7
121/4,0,2,1,-5,0,2,-4,1,-3,2,2,-2,6,-2,-8,6,6,-2,-3,-7,12,8,2,-17,14
59/3,0,0,2,0,4,4,2,-2,1,10,1,-3,1,5,-1,-6,-12,6,2,6,8,10,1,6,1
-8/93,0,0,1,3,4,-1,3,1,-3,-10,2,-2,3,2,-6,4,-9,-2,-3,3,-13,-7,6,-6,10
-3/46,0,0,3,0,-3,6,-3,1,0,6,6,-8,-3,10,-7,6,-4,-10,3,8,-13,15,2,-6,8
-41/88,0,2,3,1,-2,-5,-4,-2,-6,-5,-6,-2,-4,-6,-8,6,8,-5,-7,-15,-6,6,-4,2,-4
-14/29,1,-2,2,1,0,-5,-3,-2,-3,-6,2,10,6,-6,12,-7,2,-4,0,-12,-13,-8,3,-1,2
103/16,0,2,-2,1,-2,-5,3,-2,-3,4,-1,10,8,-10,-6,-4,-4,-13,11,-1,0,-4,4,10,12
-49/57,0,0,3,1,-2,4,-5,-2,2,7,4,6,6,-6,0,-3,-1,-6,8,-15,4,6,-15,-1,-12
-53/54,0,0,3,1,0,-6,2,1,6,-4,-9,5,-6,10,-4,-10,-10,2,-14,-12,2,15,12,-8,8
46/89,-1,-2,2,-5,-1,1,2,1,-7,2,-10,-2,-4,-6,11,6,13,1,4,12,12,0,-7,-8,8
21/46,0,0,2,1,4,1,-5,1,0,7,-1,11,0,8,-4,11,6,-5,4,-1,14,-8,12,-17,10
14/69,-1,0,4,1,-5,2,2,-2,0,-2,-6,-8,12,2,3,-12,-7,-6,2,-12,-11,10,12,-15,-13
-40/97,0,-2,0,-5,0,0,-3,1,-3,-2,-8,-11,-1,-12,-6,6,-14,4,4,-12,-6,5,15,-6,4
-43/96,0,0,2,-5,4,6,-1,-2,6,0,-9,-6,0,-1,4,0,0,-13,-14,-3,11,-9,-1,-14,2
-43/97,0,-2,4,0,4,-5,6,-2,-9,4,-4,10,-3,-1,0,1,-4,4,-12,10,14,0,0,10,4
-7/79,0,-2,2,1,-1,-6,-3,1,-4,3,4,-1,6,-6,1,-2,-4,-5,-4,-12,0,-8,-4,10,8
-58/51,1,0,2,1,0,-6,-2,1,-6,-10,-7,-2,0,-4,6,6,6,6,-8,-8,6,-4,0,-9,6
-62/51,-1,0,0,-5,6,2,-2,1,2,9,-10,-7,-7,10,-6,-2,0,0,-10,6,-7,-14,0,10,-18
-70/3,-1,0,0,1,2,6,2,1,-3,-2,10,2,-5,5,-6,0,6,-6,4,-12,-16,-16,1,-6,-5
-68/3,0,0,1,3,-2,6,-8,1,6,4,-4,10,8,-4,10,1,6,6,-11,2,10,-9,2,-3,11
14/39,1,0,2,1,2,-2,-3,-2,-8,9,-7,10,-3,-6,4,0,-7,10,12,12,2,-6,17,0,17
20/39,0,0,0,-5,4,-2,-3,0,3,-7,10,-5,-1,4,0,-2,4,-10,16,15,-13,12,1,3,12
-19/3,0,0,0,3,-5,4,2,1,-3,9,-10,-1,12,12,0,6,13,10,5,-15,-4,-11,6,3,16
-47/56,0,-2,0,-5,0,4,5,1,-6,0,-9,-2,6,10,-8,-6,-2,-1,14,-15,4,-8,16,-14,2
-51/53,0,0,-2,3,0,2,-8,1,-9,4,4,10,1,-4,-6,5,-4,10,0,0,4,-5,10,-7,12
-76/73,0,-2,0,-5,0,2,6,1,0,6,1,10,0,1,-4,6,5,10,-12,-9,-6,12,0,0,-8
-99/14,0,-3,2,-5,0,-5,3,1,3,-3,-10,-7,-1,-3,-7,-2,-14,1,-5,-13,6,10,-5,10,18
22/57,-1,0,4,0,0,6,5,-2,6,6,-1,11,0,4,0,-11,0,2,4,-15,10,8,-7,-1,-18
11/30,0,0,0,1,0,-6,-1,0,6,4,-1,-7,12,-10,-6,1,6,-7,5,-13,-7,-16,-4,-6,6
-34/3,1,0,-2,-5,4,-6,-8,-2,0,-5,1,8,6,10,4,-10,2,-1,12,7,-1,-16,-13,10,12
91/16,0,2,2,1,4,-7,5,-2,6,6,-9,-2,-9,10,-6,10,-2,6,-14,3,-13,-14,-4,9,17
43/5,0,-2,0,3,-1,-6,6,0,0,-8,-8,-5,6,-1,-6,-6,4,-2,-11,-3,-10,-15,1,-15,2
-7/55,0,-2,0,1,-2,0,5,-2,1,-5,2,2,6,10,12,-4,-10,-7,-6,6,-1,-16,2,1,-2
-10/53,-1,2,0,0,4,1,6,1,-3,-7,-1,-8,1,10,8,5,2,2,-4,15,-8,-8,-4,2,-8
-5/52,0,2,0,3,0,-2,6,0,-8,-2,4,-8,-9,4,-8,-7,-13,-3,12,12,4,1,-3,1,0
-3/52,0,0,0,1,-5,-2,2,1,3,6,-1,-7,0,-7,6,1,-4,2,-13,-9,7,5,0,3,-2
2/53,1,2,2,-5,6,0,4,1,-4,-5,8,2,-9,-1,-11,5,0,-2,11,4,-13,5,17,-6,2
5/56,0,2,0,-5,4,4,4,-2,1,-5,-7,-5,-6,8,7,-4,0,0,-12,-9,-6,-4,6,4,14
77/5,0,2,0,1,0,-5,6,1,-4,-1,3,-2,12,0,12,-4,0,-7,-12,-1,7,1,1,10,-1
-87/2,0,0,1,1,2,0,3,1,4,-10,3,-8,-6,8,-6,3,6,-3,9,4,-16,4,-16,-6,-12
-55/21,0,0,0,-5,0,4,3,0,-6,-2,-8,-2,0,0,3,6,5,-1,-8,4,-14,8,8,6,10
-50/19,1,2,0,-5,-1,-1,-4,-2,-3,-4,1,10,1,4,13,6,6,8,8,-15,-2,-10,-4,6,2
-63/22,0,-3,4,1,-2,-6,4,-2,-8,0,2,-5,12,10,-8,-2,-4,-4,2,0,2,-6,-3,-6,2
5/128,0,2,0,1,4,-5,-1,1,3,-1,-5,-7,-6,4,-6,1,-14,-4,2,6,-14,6,-15,1,-10
9/127,0,0,2,1,4,2,3,1,6,3,3,2,-2,-6,-6,6,0,10,4,12,2,-16,-5,-15,-7
-48/65,0,0,0,-5,-3,-2,3,-2,1,-10,0,-6,-9,4,1,-6,-4,-10,1,-12,11,4,-3,0,2
-1/25,0,-2,0,-5,4,2,-6,-2,3,6,-9,-10,-6,-12,-6,3,13,-7,10,-4,4,-14,-16,-14,-1
-4/49,0,-2,1,-5,0,2,-6,-2,4,2,8,-8,6,7,0,-3,-12,2,-12,15,2,5,2,6,-10
-94/21,1,0,0,-5,2,4,-6,-2,-3,3,-4,6,-6,8,-8,1,0,-10,4,8,1,9,4,6,-18
-89/32,0,-2,-3,-5,-5,-1,-6,1,6,0,-10,-2,-3,-12,-11,-11,-4,-8,4,3,-7,-8,2,-13,8
-140/13,0,2,0,1,4,-2,4,-2,4,4,-7,-8,-6,-10,-3,-4,-2,13,8,3,-13,8,12,6,-14
-140/11,0,-2,0,1,-2,-5,6,1,0,4,2,-1,8,10,-10,4,6,-2,-5,15,-6,8,-4,-1,5
-279/23,0,0,0,-5,4,0,-3,-2,0,5,-10,-8,-5,1,0,-14,0,2,-14,8,-1,-14,-4,-4,-3
-143/9,0,0,-3,1,0,-7,2,0,6,-8,-1,-2,6,12,12,6,-14,6,4,4,0,13,2,-7,-18
-13,0,-2,-3,0,0,-7,-3,1,6,4,10,-11,4,6,1,-10,-10,-3,-10,-1,7,11,-5,-1,-8
-139/15,0,0,0,0,-5,0,-1,-2,-8,-5,1,-2,-4,7,0,3,0,8,-11,-4,-2,4,-1,-3,17
85/42,0,0,0,-5,4,4,-8,-2,-9,4,10,-2,3,-6,-10,-4,-1,6,-3,-12,14,-9,-6,12,-10
22/47,1,-2,2,3,0,-6,2,-2,-4,-1,-9,-2,-1,2,3,-2,1,-10,11,3,-5,2,-6,1,2
-85/21,0,0,0,-5,0,-5,-8,1,6,6,-2,-2,0,-2,1,-3,0,2,-3,16,11,10,1,12,-18
-86/31,-1,2,1,-5,6,2,-5,1,6,6,2,10,6,-1,0,6,2,-4,4,-4,7,11,-4,-14,-6
-21/20,0,0,0,1,4,2,-1,-2,3,-5,4,5,-6,-7,12,-2,-2,2,2,9,2,-1,-4,-9,13
-69/25,0,0,0,1,6,-5,-6,-2,-7,10,-9,-2,-6,7,2,1,10,8,5,-3,11,-10,3,18,-12
37/63,0,0,1,-5,2,2,-3,-2,-3,3,6,-11,-1,-1,0,10,-12,-10,-12,3,11,0,-16,0,17
-75/16,0,0,0,0,4,2,1,1,4,-5,-5,-6,3,-2,4,-2,4,-8,12,8,7,-11,-4,10,13
-47/98,0,-2,0,-5,-2,2,3,1,-9,4,3,-2,2,-7,-8,-2,8,4,-14,-12,-10,-12,12,0,2
-45/101,0,-3,0,1,4,0,5,1,6,5,6,5,-4,4,0,10,-1,1,2,-12,-16,15,4,10,-2
-47/97,0,2,1,-5,4,1,-5,1,-3,-2,-9,-1,6,2,-8,6,-5,-6,5,-12,10,13,-7,18,4
-93/4,0,0,-2,3,4,-6,5,-2,-8,9,-10,5,4,4,-8,6,-2,1,-13,14,10,15,4,-9,8
191/14,0,2,1,-5,4,-1,-1,1,1,-3,2,10,12,1,0,-2,0,6,16,-15,-6,-14,-9,6,3
-41/52,0,2,2,-5,6,-2,-1,1,-4,-7,2,-2,-4,2,4,1,0,-7,-10,-9,10,-7,-6,3,-6
-41/53,0,-2,2,1,-3,4,2,1,0,3,-1,-7,-4,-1,2,5,6,6,-2,3,-1,8,-6,-16,-14
-13/75,0,0,0,3,-5,-7,2,-2,-8,-10,1,-11,0,4,-6,11,-7,2,9,11,7,-8,9,6,-12
-38/29,1,-2,2,-5,-3,-1,5,1,-3,-6,10,2,10,9,0,-10,-7,-1,12,5,8,-4,5,2,-10
-36/31,0,-3,1,1,4,4,6,1,3,4,2,-1,6,10,8,-2,10,-4,12,-12,-14,-14,4,-15,-18
20/73,0,-2,0,1,2,-1,-3,1,-3,4,1,-2,6,9,-6,-3,0,-8,3,-8,-6,-8,-16,-1,-4
-21/29,0,0,2,1,0,-6,5,1,6,-6,-9,6,-6,1,6,-12,-12,10,-13,7,-7,0,2,-1,-6
-33/46,0,0,0,-5,0,6,-1,-2,0,10,-10,-2,-6,-9,-2,-3,6,8,-14,6,-13,0,6,12,1
-69/89,0,0,1,3,0,0,-3,1,-7,0,-7,-7,0,4,-8,6,0,-7,8,-12,-2,0,12,-8,18
-68/95,0,-2,0,-5,2,-1,-8,-2,6,-4,-4,-3,6,4,-4,-9,4,5,2,13,4,10,4,10,-14
-53/37,0,2,4,-5,2,6,2,1,3,-8,8,-8,3,8,4,-10,0,-11,11,10,5,5,2,-10,-3
-59/39,0,0,1,0,-2,-2,6,-2,-3,-8,3,2,8,-1,0,6,-12,-4,4,0,2,12,0,9,-1
17/31,0,-2,3,0,0,-6,-8,-2,-3,2,2,-6,0,4,-6,-2,-9,8,8,10,4,-7,12,9,-2
-11/85,0,2,0,3,0,-5,-2,-2,6,7,-9,7,10,7,-6,-6,-1,-6,0,5,-16,-8,4,2,-5
7/96,0,0,2,1,4,-5,-3,-2,-9,-2,1,10,12,2,-6,7,6,-10,-8,16,-1,-4,-3,-6,-14
11/102,0,0,3,0,0,2,-2,-2,6,6,0,10,-3,-2,11,-4,5,-2,8,-3,-4,0,-3,-7,-3
5/51,0,0,0,1,4,-5,-2,1,-3,7,-1,-2,12,-4,1,-10,-4,8,-10,8,12,-16,-4,9,10
72/7,0,-3,4,-5,-3,2,2,-2,3,-7,-4,-2,-7,-2,0,-11,4,-10,-4,-12,-5,8,12,-14,-18
68/11,0,2,0,3,-2,-5,-8,0,6,6,-5,5,-5,-7,11,-9,13,-7,-14,-9,2,8,0,6,-6
84/43,0,0,0,1,-3,-5,5,-2,6,-4,2,2,-6,-12,-4,-12,0,-11,-12,-12,-6,2,10,-6,8
-63/38,0,0,1,1,4,4,2,-2,-3,6,-1,10,12,-1,0,3,5,10,14,-5,-2,8,-4,0,14
68/27,0,0,2,1,4,1,-8,1,-8,-3,-1,-2,-6,7,12,-4,-1,5,-4,4,11,-8,-4,8,-2
66/17,1,0,-3,0,0,2,-2,1,1,0,-9,-6,4,-7,-4,9,9,1,4,5,2,10,12,10,12
-37/18,0,0,0,3,-5,1,2,1,1,-4,1,-11,2,1,7,1,0,-10,1,4,-13,10,2,-15,-3
-37/19,0,-2,0,0,4,-1,1,-2,-3,-3,4,-11,-1,-9,-7,0,-13,1,-8,4,4,-8,-10,-4,17
-43/69,0,0,2,0,-3,6,-3,-2,0,-2,4,-5,-6,-1,1,7,-3,-3,-8,-4,-1,13,15,-8,-12
-55/47,0,2,0,3,0,4,4,1,4,-4,-1,10,6,4,3,6,0,-6,14,16,-11,-4,-16,12,-10
-40/47,0,2,0,1,4,-5,-1,1,2,4,-9,5,-9,4,3,6,8,1,-12,-12,4,10,6,-4,9
-1/311,0,2,2,1,4,2,-1,1,-8,4,1,-3,-4,6,1,-6,-9,-2,-7,-3,12,8,-6,0,2
51/37,0,0,-3,0,6,6,-8,1,6,10,-2,-8,-6,-1,6,2,-1,-11,-4,-12,-1,12,-13,10,-2
-1/62,0,2,0,0,-2,-1,2,1,6,6,2,-10,-9,4,0,7,0,0,-13,-12,-14,-10,-6,-6,12
-6/485,1,0,0,-5,4,-5,2,-2,-4,-5,-5,-2,-5,8,6,-2,-1,2,10,7,11,10,3,18,4
-5/484,0,2,0,1,-2,6,-1,-2,6,6,3,5,6,1,-7,-9,0,2,-11,5,0,12,12,6,-12
-5/97,0,2,0,-5,0,2,4,-2,-4,3,-1,-2,0,1,8,-4,0,-10,12,-12,2,-16,-3,12,4
-74/51,1,0,2,-5,-1,-1,-2,1,-4,2,10,-11,8,1,12,-4,-12,-3,3,6,-4,-16,6,-1,-13
-53/61,0,2,0,1,-3,2,-1,0,-8,0,-1,-11,-3,4,1,-10,5,-4,8,5,-6,-14,0,18,-12
-4/95,0,2,0,1,-5,6,2,-2,4,3,-4,-6,1,4,-6,6,-4,2,11,14,-11,15,-8,1,10
79/89,0,-2,0,1,-1,-6,1,1,1,-2,10,-7,2,-12,-7,-2,7,-1,5,-9,2,4,2,-8,2
-93/79,0,0,-2,1,-2,4,1,-2,-6,-5,-10,10,-1,-6,0,-2,6,-1,2,-2,7,-8,-13,-6,14
-2/133,-1,2,4,-5,0,-5,6,-2,-3,-4,8,-5,6,8,-8,-6,-4,-8,-12,13,-2,11,-16,6,17
-3/265,0,0,0,3,0,0,5,-2,-8,0,-4,10,-7,-6,8,5,4,4,12,-9,-13,-10,2,0,7
-5/442,0,2,0,1,-2,-2,-2,1,-4,7,3,-2,0,-3,3,-6,0,-11,8,4,-2,0,6,18,1
-1/219,0,0,4,3,-5,6,-4,-2,-8,0,0,-7,-6,-9,-7,-3,0,-8,4,14,-6,-7,4,-10,-1
7/391,0,2,0,1,-2,6,-2,-2,0,6,-6,-7,8,5,1,1,6,10,2,0,4,0,-12,6,8
11/779,0,2,2,1,0,0,-6,-2,0,3,-9,-11,6,7,-10,-6,-2,-5,4,14,-11,8,12,6,17
-41/76,0,2,2,1,0,2,2,-2,0,0,8,6,-4,-6,-11,6,1,-10,2,0,4,1,-16,-13,13
53/42,0,0,2,-5,-5,-1,-3,1,0,9,-6,10,-6,4,-6,-10,-12,0,-11,14,-8,5,2,5,9
49/39,0,0,0,1,6,-2,2,-2,-6,-7,1,-1,0,4,-6,-4,-14,-13,8,0,-9,-14,16,18,-3
53/2,0,2,2,1,6,6,4,-2,-3,-5,3,-2,1,2,-7,-10,6,-8,6,0,-5,11,0,-14,2
-27/4,0,0,-3,1,4,1,-5,-2,-4,6,2,-2,-3,-1,12,-11,1,-7,-3,-5,4,6,-3,-8,13
-63/46,0,-3,-2,1,4,-5,3,1,0,-1,-6,-6,-6,-2,-11,10,8,1,10,4,-13,-4,6,0,-1
32/73,0,-2,2,1,-2,-5,2,1,6,-4,8,-2,-6,0,0,-2,-11,-5,4,13,-6,10,12,-6,-1
98/55,-1,-2,0,1,-2,4,3,1,-6,-4,8,2,-9,-6,-8,-6,4,-13,10,8,2,8,6,-9,-6
27/49,0,0,-3,-5,-5,-5,6,1,-3,-8,8,-6,-4,-1,6,-11,-11,13,-12,-1,-13,11,-5,6,0
-97/3,0,0,2,-5,0,4,-3,1,2,4,-5,-2,-5,-4,-8,1,0,-10,9,-2,-13,6,2,0,8
-98,-1,2,0,1,-5,-6,-3,1,-8,-10,-9,10,6,12,-6,6,-1,13,-5,0,4,-14,0,1,8
-64/17,0,2,-2,1,-3,2,-2,-2,-8,6,-5,10,-4,-10,-8,6,-12,8,-8,9,2,0,4,1,9
-69,0,0,4,0,0,-1,3,-2,-7,-10,-2,-2,0,-6,0,-4,9,1,8,-1,-6,-12,-3,6,2
-67/12,0,0,2,1,6,0,-1,1,0,0,-4,-5,8,-2,8,6,0,8,-5,-12,-8,0,8,-1,-3
-75/11,0,0,0,-5,-2,-5,-3,-2,1,0,-9,-5,2,-6,12,-6,-1,10,3,3,-11,-6,14,-6,10
-75/89,0,0,0,1,-1,-5,5,-2,6,-4,3,-3,-6,-6,-6,2,10,8,1,5,7,-10,8,-8,17
-91/90,0,0,0,1,-3,-7,-4,-2,3,-10,-1,6,-5,12,7,10,0,-11,5,5,-1,8,-5,-6,-2
-85/98,0,2,0,-5,0,6,-8,1,-3,4,-1,6,4,-6,8,-14,0,10,-10,-8,-2,-14,4,-7,0
-73/58,0,-2,1,1,4,1,-4,-2,-3,-6,-9,-6,2,-2,11,-6,-14,-13,5,3,-11,10,3,6,-9
-71/55,0,2,0,0,-2,4,6,-2,6,3,10,-1,-2,-12,0,-2,5,-8,12,-12,-13,4,8,9,-2
-23/7,0,2,0,-5,-2,-6,-3,-2,-7,-4,1,10,7,4,6,-2,6,-10,-14,-4,0,-14,10,-4,13
27/46,0,0,-3,-5,0,0,5,0,0,-4,-1,-2,-4,4,4,-12,0,2,4,-9,1,6,4,6,2
53/15,0,0,0,-5,4,6,3,0,6,3,10,-1,8,9,-6,-10,10,10,10,4,12,13,-16,10,-7
23/67,0,-2,1,-5,-5,-5,5,1,-7,0,8,10,-3,6,-6,5,-7,10,0,10,2,6,3,3,-1
24/67,0,0,-2,1,-1,6,-1,-2,3,6,3,5,2,-6,4,-11,5,-13,0,4,6,-7,-16,-3,-18
40/2339,0,-2,0,-5,-5,6,-3,0,4,-2,-7,-2,6,9,3,3,-4,0,4,-12,11,-10,-3,12,18
1/162,0,0,-3,0,4,4,-6,1,-3,-5,-5,-2,6,6,6,6,-2,1,-8,-9,-7,-11,3,5,12
59/27,0,0,2,-5,-2,6,5,1,-3,3,-2,-7,4,10,6,0,-12,6,-13,-15,-1,-8,4,9,8
30/13,-1,0,0,-5,-3,-2,4,-2,-4,0,10,-2,0,10,-8,-2,-7,8,-14,-6,-7,-8,8,-1,13
-43/75,0,0,0,-5,4,2,-5,1,1,-4,3,-1,-6,-1,-6,-2,0,-2,10,6,2,-8,-16,-4,-5
61/21,0,0,0,-5,4,-6,5,1,0,-2,-4,-2,12,8,13,5,-9,-13,4,-4,11,13,-16,-16,16
36/2345,0,-3,0,-5,4,0,5,-2,6,7,-1,6,6,0,0,-3,13,-10,0,-3,-6,12,0,0,-12
37/2341,0,2,3,3,0,4,-3,-2,3,0,3,-11,12,7,3,6,-13,-7,-12,-4,2,4,2,0,17
-46/83,-1,2,0,-5,4,-1,-5,-2,-7,-8,8,7,-5,-6,0,-6,5,-1,-4,-12,-4,13,-16,12,-1
-47/84,0,0,2,-5,0,1,-3,1,-8,-4,10,7,-6,4,-8,3,-7,8,3,-15,7,11,4,6,16
99/71,0,0,1,0,0,2,3,-2,-3,0,3,-8,8,4,4,-11,8,10,10,4,7,5,16,-9,-12
98/73,1,-2,2,1,-2,-1,-5,1,-3,6,1,10,12,4,7,6,0,5,-14,-12,-6,-12,-16,-8,-2
-19/77,0,2,2,-5,-2,-6,-3,1,1,0,2,-1,-6,-1,-4,11,10,-13,12,8,4,-8,-12,6,-1
-10/37,-1,-2,0,1,-2,-5,-3,-2,-9,-4,10,-8,2,8,2,7,-4,-11,12,-4,-14,-1,-4,18,-2
95/67,0,-2,0,0,4,0,1,1,6,-5,10,-10,12,4,10,1,0,4,0,4,-1,8,1,-10,-2
25/16,0,2,0,1,4,-5,-4,-2,-8,6,10,11,12,9,0,-6,-1,13,4,0,-13,10,6,0,17
59/94,0,-2,0,0,0,4,3,-2,6,-2,-4,11,-7,4,3,-4,-12,-3,-13,-3,4,8,-4,-7,18
-27/10,0,0,0,-5,4,-1,3,-2,6,-4,10,8,7,-10,4,-2,-11,6,11,-9,-5,10,6,-10,-6
-79/32,0,2,2,3,-1,0,2,-2,0,6,-1,8,0,9,-8,6,-4,-10,10,8,4,4,12,-8,2
-4/881,0,2,0,-5,4,2,1,-2,2,-8,-1,11,6,12,-11,-11,0,-11,3,-4,-2,4,12,-7,-13
-52/55,0,-2,0,3,-2,-7,-3,-2,3,-1,3,-6,6,-4,0,-2,-4,1,-2,-3,0,5,-16,10,-10
-21/68,0,0,2,1,2,-6,-2,1,-8,-3,3,-7,-7,4,-8,1,-3,-6,-2,6,4,-4,-4,-6,-2
27/67,0,0,4,-5,4,6,1,1,-8,5,-2,-8,-1,7,-8,3,-2,4,0,-5,-7,-8,4,8,8
41/5,0,2,0,-5,2,1,5,1,-4,3,-6,5,-4,5,-6,-10,-1,-8,-14,4,-5,2,-3,-15,2
28/73,0,2,0,1,-3,2,-4,1,3,-1,3,-7,1,8,-10,0,-2,1,-13,0,-6,-16,8,1,-6
-5/58,0,2,0,0,-1,2,-4,-2,-3,-6,-5,6,-3,-7,-6,0,4,-8,10,5,0,-1,-7,-15,-2
-30/11,-1,0,0,3,-2,0,2,1,4,0,8,-8,-6,4,10,-2,1,2,-2,7,2,4,-1,-15,9
-59/21,0,0,4,-5,-3,-5,5,1,6,4,-5,-1,-6,-9,-2,-4,-12,-5,-14,-15,-11,8,5,1,-13
-74/27,1,0,0,-5,4,-5,-3,1,-6,-5,3,-11,-6,-4,-8,-9,4,-13,-12,4,2,1,-4,5,16
-14/85,1,2,0,1,-5,4,-2,1,6,6,-7,6,8,-7,-8,3,6,4,-10,-8,0,2,-4,10,-12
21/1172,0,0,3,1,0,-5,-3,1,6,0,3,2,1,-2,10,-4,9,-4,8,12,7,1,2,-12,2
1/73,0,2,-3,-5,0,-5,1,1,2,-7,8,7,8,4,-6,6,-4,-13,4,7,-6,6,-3,5,-2
-62/59,-1,-2,3,-5,-5,-6,2,-2,-4,-2,-10,2,-2,1,1,-2,10,4,-8,-4,-10,10,2,-17,-3
-59/60,0,0,0,0,0,-5,4,1,0,3,-1,-6,-6,4,0,-4,-12,5,0,-4,2,-14,-12,6,2
17/37,0,-2,0,-5,4,4,-8,1,-6,9,-1,-8,1,4,-7,6,0,5,1,-15,14,4,-5,10,13
42/17,1,0,2,1,4,-5,-2,-2,-6,4,-4,-7,-4,2,-6,6,4,13,-10,-2,-2,8,4,-10,-1
47/41,0,2,2,1,6,-5,2,-2,-3,4,-1,-2,6,-2,-8,-2,7,-10,2,-2,-13,-5,6,10,2
-26/83,1,-2,2,-5,-2,-7,-3,1,6,0,0,-6,2,1,0,-6,0,-5,9,-4,12,13,-16,12,-12
-9/28,0,-3,-2,-5,-3,0,-1,1,1,0,3,8,-9,6,0,7,4,6,4,-1,8,8,10,2,-7
-37/93,0,0,0,1,0,2,-5,1,-3,-10,2,-11,-3,8,6,-9,0,10,4,-12,-2,-16,7,-10,-12
-43/91,0,-2,0,-5,-3,-2,1,1,-4,4,6,-8,-6,-1,-10,6,-14,2,12,0,10,-16,2,-14,13
37/6,0,0,0,-5,0,-5,-4,-2,6,4,2,-11,0,10,8,-3,6,-8,-6,-3,-10,13,1,-1,-9
-88/45,0,0,0,0,0,6,-4,0,-9,0,2,2,-3,10,0,-9,7,-11,11,-1,4,-16,14,0,2
-50/3,1,0,0,1,0,-5,-5,1,4,6,-10,-2,-6,-12,-8,-3,5,13,16,6,-7,15,17,-10,-13
-60/7,0,0,0,-5,-3,2,-5,1,-8,-5,10,10,8,8,0,0,-12,4,12,-9,-2,-10,2,12,14
-26/11,1,-2,2,-5,-2,-7,-1,1,2,-3,1,8,6,-4,11,1,5,-10,-11,-4,2,-6,-3,-6,-14
49/65,0,-2,0,1,2,-2,6,1,-3,6,6,10,-6,-12,0,-3,0,-6,2,-15,-8,15,6,18,2
25/33,0,0,0,-5,-2,4,-4,-2,4,0,-4,-2,-7,-10,-6,0,-12,-2,-14,-12,-1,-16,4,-1,14
53/67,0,-2,2,0,0,6,5,-2,6,6,1,-2,8,-1,12,-10,-14,-10,0,15,-5,5,-10,12,8
-1/54,0,0,4,-5,-5,-6,5,-2,-4,6,-10,10,-7,-3,4,0,6,4,5,-6,4,-4,-7,10,13
-82/39,1,0,-3,-5,-5,-2,-3,-2,-3,6,-9,5,-4,10,3,4,0,1,-2,6,0,5,3,-14,2
-89/38,0,-2,-2,3,-1,4,3,-2,4,5,-5,-7,6,6,0,5,0,2,-3,6,-10,13,0,-13,-9
-89/41,0,-2,4,-5,-3,2,2,1,0,-3,10,-11,6,1,0,1,2,8,8,6,-8,10,9,-13,18
-43/2,0,2,0,3,2,4,-3,-2,-3,6,-7,-10,12,-1,4,-7,1,-1,-8,0,2,0,1,-14,-18
-58/63,1,0,2,-5,-5,1,5,-2,6,-10,-10,-8,6,-4,8,-4,-11,10,3,6,4,-14,0,2,-1
-54/65,1,0,0,0,6,-2,4,-2,6,9,-9,-1,6,8,0,-9,-5,-6,-13,13,-11,-8,0,-14,-2
-83/96,0,0,0,3,-1,6,5,1,6,2,-2,-2,-6,-3,-3,1,4,1,12,0,8,-8,0,-9,18
-49/37,0,-2,-3,1,4,-5,6,-2,6,-5,-4,-8,-7,-6,11,5,-2,8,14,0,4,9,3,12,-18
-32/25,0,2,0,1,-3,-6,-3,0,3,-5,-9,-2,-7,4,4,-2,0,6,2,-9,-11,2,9,6,2
94/17,-1,-2,3,0,-5,-5,-2,-2,-3,-8,3,7,6,10,-8,6,11,-7,-12,-12,2,0,6,-1,-9
58/31,-1,2,3,3,-3,-1,-4,1,-3,-10,2,-2,0,12,8,9,0,0,-14,3,-5,8,12,-9,-12
-86/61,1,2,1,0,-3,0,2,-2,-3,10,-2,10,6,-1,8,6,6,-4,-14,-3,10,4,12,-4,9
-82/59,1,2,0,3,4,-5,5,1,-4,-4,8,-2,-4,7,2,-14,10,2,-13,3,-13,-6,6,12,2
-82/61,-1,-2,0,1,-5,2,-6,1,-6,0,-1,-8,-4,2,0,1,0,-4,-5,4,6,11,6,-2,8
-47/33,0,0,0,1,-2,2,-3,-2,-6,10,1,-2,-1,4,-8,-7,-1,8,-13,-9,-8,5,6,-6,2
4/35,0,-2,0,-5,-1,6,-3,1,6,7,2,6,0,8,-11,1,9,6,8,4,2,4,-4,-14,2
-7/58,0,-2,4,1,4,2,3,1,-3,-6,-7,-8,-7,7,0,1,0,1,4,0,-2,-14,-5,18,6
-67/57,0,0,1,3,4,2,2,-2,-9,0,2,-2,-3,1,0,-4,6,10,-5,8,2,10,-4,-1,-7
-62/61,1,2,-2,3,0,-1,-3,-2,6,-10,-10,-5,-6,6,6,-11,2,-4,2,4,-16,10,-10,12,12
35/79,0,-2,0,1,-5,-1,2,1,-3,0,-9,10,-7,4,-3,3,-10,-1,2,-15,-4,-8,9,2,-2
53/82,0,-2,1,-5,-3,2,2,1,-4,4,-4,10,6,-10,0,-10,0,-10,10,11,11,5,12,-3,-9
-43/67,0,-2,4,-5,-5,4,-4,1,6,0,1,-7,-7,-1,11,-2,-2,-5,0,-12,10,-16,4,6,10
47/55,0,-2,0,1,-2,6,3,1,6,2,3,-2,-6,1,-8,11,5,1,1,-3,14,-8,-4,0,1
47/5,0,2,0,0,4,6,-5,-2,4,0,-4,10,-3,-6,-8,2,13,-1,4,0,4,-4,3,6,-9
97/9,0,0,-2,3,-5,-5,1,1,-8,3,-4,-5,-4,-4,-11,0,-3,-13,3,3,2,0,1,1,8
92/13,0,-2,2,1,-1,-2,5,-2,-7,4,10,11,7,-6,0,1,6,-12,4,-3,-5,0,4,12,2
47/7,0,-2,4,-5,-1,1,2,1,6,6,-1,-8,-5,-10,-8,-4,-4,5,12,-4,-10,0,3,-7,3
45/16,0,-3,0,-5,0,0,-5,1,6,4,-4,-5,-1,2,0,-4,-11,0,2,6,-14,9,-3,0,12
-96/23,0,0,-3,0,-2,-6,4,-2,0,4,3,-6,-3,-2,-1,-3,-12,2,9,-1,1,6,0,5,-18
-95/21,0,0,0,-5,4,-6,-5,1,-3,4,-7,7,2,-6,-6,-6,-4,-2,4,13,-13,-16,-1,-1,-9
-86/37,1,2,-2,1,2,-5,5,-2,3,4,-9,-8,-6,-1,-6,0,-1,1,8,-12,-6,11,10,3,10
31,0,2,4,3,0,-5,2,1,6,-7,-10,-1,-1,12,-11,-2,-9,4,5,-15,-2,6,3,18,-1
-71/89,0,-2,0,-5,2,1,6,1,-6,-5,1,-2,6,2,-2,-4,10,-13,-8,-12,2,-8,12,-8,12
88/9,0,0,3,1,0,-5,-5,-2,-4,9,-9,10,4,2,-6,-6,-11,-5,-3,4,10,0,12,6,8
44/5,0,2,0,1,0,2,-6,1,6,5,0,-1,-6,-1,6,-4,6,-5,-2,16,-10,13,-4,1,8
16/67,0,2,-3,-5,4,-5,4,-2,-3,-4,-4,-2,-4,9,-3,-2,-2,-5,0,6,2,8,12,0,-14
15/68,0,0,0,3,-1,-5,-2,-2,6,4,10,-5,0,6,0,-3,2,1,8,3,-13,6,12,10,1
-55/98,0,2,0,-5,0,6,4,-2,6,-3,-1,11,0,10,0,-10,-4,-2,-11,3,2,1,-4,-4,11
24/55,0,0,0,-5,-2,-5,-5,-2,6,0,2,2,-1,4,-7,0,0,-8,8,-12,12,8,17,8,-3
-7/44,0,2,-2,1,-2,-1,4,1,-3,6,-5,7,6,-10,-6,6,2,-13,2,3,-10,8,8,-17,-14
-6/43,-1,0,-2,0,2,-5,2,-2,6,-5,0,7,-6,-12,0,6,0,2,-14,8,8,11,-11,6,0
85/23,0,-2,0,-5,0,0,-8,-2,0,10,2,5,-3,7,-6,-10,-2,-1,-13,11,2,-10,8,12,-19
29/9,0,0,4,-5,-1,-1,1,1,-6,-10,8,-3,7,12,0,-3,-11,-2,12,3,7,-6,-16,-14,-18
13/95,0,-2,0,-5,4,-7,2,-2,1,-1,-1,-7,-6,7,1,7,-2,-13,-11,-15,2,-6,-3,-8,11
2/59,-1,2,2,3,2,-5,-3,0,-3,-7,-1,11,8,2,-6,6,10,0,4,14,-5,6,-4,-7,-3
47/42,0,0,0,-5,-3,6,-3,-2,-8,-5,-2,10,1,-3,-8,-3,-7,-11,-12,15,-2,-16,17,-9,18
-13/35,0,2,0,-5,6,-7,-3,-2,-4,6,-1,-7,8,8,12,-2,5,4,-5,15,-11,11,12,-10,-4
75/37,0,0,0,1,4,-5,-3,0,3,9,-4,-8,-6,4,-11,-2,0,4,5,11,-6,-8,17,6,6
-80/69,0,0,0,3,6,-6,2,1,0,-1,-2,-5,3,6,3,1,-4,8,-13,15,-14,-14,-6,6,14
-83/70,0,2,0,-5,-3,6,4,-2,-3,10,-5,-6,-3,0,0,-2,-14,-7,-14,10,-5,0,0,-6,2
69/88,0,0,0,-5,-2,1,-5,0,-7,4,3,-10,8,-1,-8,-7,0,-4,-12,11,-5,-9,8,6,-12
-24/97,0,0,-2,3,-5,-1,5,-2,-3,6,-7,10,2,4,8,-6,0,6,4,-8,1,8,4,-12,4
-15/23,0,0,0,3,4,-5,-5,0,0,-5,-4,-7,0,4,-10,-2,-7,2,12,-1,-16,5,2,-14,0
-45/68,0,-3,0,-5,4,4,-2,1,-4,10,-1,2,-6,0,-6,11,-1,-4,-11,-2,7,1,0,3,6
-1981/2,0,2,-2,1,4,-5,-3,-2,6,10,8,11,-6,4,4,6,-12,10,3,-15,10,-16,8,-6,2
-1979/2,0,-2,-3,0,2,-5,2,1,3,4,10,-6,2,8,0,-2,-4,-6,-2,15,6,-7,6,12,-19
5/31,0,-2,0,-5,-2,2,-3,1,-3,-5,2,-6,6,-3,13,9,8,-2,8,0,6,0,-3,-15,-10
73/35,0,-2,0,-5,0,4,2,0,6,-5,-9,-5,-7,8,6,1,-12,-5,11,6,-11,-8,0,-12,13
-88/69,0,0,-3,-5,0,-5,2,1,0,0,-1,-7,8,4,-6,4,5,-4,5,0,2,13,12,-7,-7
-37/20,0,2,0,1,-1,-5,3,0,-4,-5,-5,-11,-2,-3,-8,-9,0,-4,-14,16,-2,-12,-16,-3,12
-39/20,0,0,0,-5,-2,-7,-3,1,-3,3,3,10,0,-1,-6,-10,0,-13,2,14,7,0,12,0,-2
8/41,0,2,0,1,-5,-5,-5,1,-8,7,2,10,6,-3,-10,6,0,13,-3,3,-4,-14,-9,-6,18
-10098,-1,0,0,3,0,1,-8,-2,-4,2,-1,-2,-4,8,0,-2,-5,6,11,5,0,-10,-4,10,-9
73/39,0,0,3,1,-2,-2,4,1,2,4,-9,10,6,-7,13,-2,-7,-1,-6,-15,-11,-6,-6,10,-9
-1532,0,2,3,0,0,0,5,-2,-3,-4,10,-7,7,8,11,-7,-2,-12,2,14,-16,-16,4,-12,8
-2296,0,-2,1,1,-2,-5,3,-2,0,-3,-4,6,-4,-1,0,3,4,-8,-2,-9,5,-1,-4,6,-2
83/81,0,0,3,-5,4,-6,-4,1,-3,7,6,5,12,6,6,2,4,-13,-2,-1,14,0,0,-14,-2
29/27,0,0,0,1,0,1,-3,1,-3,-10,4,5,-5,-6,-6,-7,6,-3,12,14,-14,-1,-16,12,10
42/41,1,0,-3,1,0,-5,-5,-2,6,-10,-4,6,6,-2,10,-4,-3,-13,11,-4,-13,13,12,6,-7
-39/2,0,0,3,-5,0,-7,-5,1,-3,-3,-9,7,-6,4,-1,9,0,-4,-7,13,-2,-11,4,2,-19
-65/44,0,-2,0,1,-2,-7,-6,1,-8,6,-9,5,-2,8,12,3,-12,-4,-11,5,5,1,3,2,17
35/46,0,-2,0,1,-5,-5,-1,1,0,3,1,-2,-9,-1,-8,1,-1,6,-12,-4,6,-8,-12,3,18
19/89,0,-2,4,0,0,2,-4,1,-3,-3,3,-2,8,6,-6,-6,-4,1,-3,3,4,6,-12,-8,-14
-37/23,0,2,4,1,4,-5,-3,1,0,4,-2,-11,-6,-1,-6,1,-12,-1,12,8,2,-4,12,-13,5
-73/45,0,0,0,1,-3,1,5,-2,0,3,-4,2,-2,7,1,6,0,10,-2,-5,-11,5,0,-14,-6
382/21,-1,0,2,-5,-2,6,-6,0,-6,5,1,11,7,-4,0,-6,-2,13,8,0,2,5,12,-12,-10
376/19,0,2,1,0,-2,0,4,-2,-8,5,1,-8,8,-1,-8,6,-13,-5,3,-15,-10,8,14,-1,-6
127/7,0,2,0,-5,-3,6,-5,-2,-3,3,-9,-10,-3,-12,0,1,10,1,4,-12,-10,0,12,-14,-2
379/20,0,-2,0,1,-2,-5,-3,1,0,5,-5,-1,12,5,-4,-9,6,-8,-10,-1,-13,-16,6,1,-12
44/3,0,0,-3,3,0,-6,-4,1,3,-4,-7,11,-6,1,-8,11,-1,4,4,0,-10,-4,-5,-6,2
-35/97,0,2,0,1,-5,-5,1,-2,-6,4,1,-2,6,-9,-1,-6,2,8,-3,8,-7,-11,4,1,4
95/63,0,0,0,-5,4,4,5,1,3,3,-6,-7,-5,4,-7,3,11,-6,6,-12,2,8,-3,12,8
89/60,0,0,0,3,0,1,-3,-2,6,4,-6,-6,8,7,-6,6,-14,-2,5,11,-4,11,-4,-13,7
7/2,0,-2,0,1,0,2,6,-2,-3,-10,10,-7,-3,-4,-6,-4,13,8,4,-15,5,4,4,10,1
69/20,0,0,0,0,-3,-5,-5,1,-7,-7,-5,-7,7,4,1,-9,-14,1,-3,6,-1,12,0,-9,11
-78/7,-1,0,4,-5,-2,-7,4,1,6,6,3,-5,-3,4,6,-14,-9,-2,10,-8,-6,-9,12,0,-7
70/19,1,2,0,1,2,1,4,-2,-8,6,-1,6,6,9,0,-4,-4,-7,-2,8,6,-6,-3,-9,10
60/17,0,0,0,1,6,0,-2,1,-3,-3,-5,-10,-6,-6,0,6,0,1,-4,0,-11,8,-9,-17,-7
59/16,0,-2,1,-5,-2,4,-4,1,6,7,-7,-1,0,-6,0,9,-12,8,12,-4,-5,-14,-16,-1,-14
45/79,0,-3,0,-5,2,-6,4,1,-6,-1,1,-7,7,-12,0,6,-7,-2,-10,11,8,-8,2,-7,12
44/79,0,-2,0,0,0,-5,-3,1,-3,0,10,-1,12,-4,11,6,-14,10,4,-15,14,-8,6,-14,8
42/67,-1,0,2,1,0,-5,-4,1,6,-3,-9,-1,-4,5,-6,1,-1,8,0,6,-16,15,-5,6,11
34/69,1,0,0,0,-3,0,-8,1,0,4,-9,-2,10,-2,10,-9,10,-4,-14,5,0,5,4,2,2
38/69,-1,0,0,-5,0,1,-3,1,0,3,2,-7,6,-6,12,10,-4,-11,11,0,2,-6,2,-3,12
-89/67,0,2,-2,-5,6,2,-3,1,6,5,2,10,-5,8,-8,-7,-9,-11,0,15,2,-10,-16,-13,18
86/89,-1,2,1,1,0,-1,-3,-2,6,3,-7,5,-3,-1,7,-4,-1,8,-3,-5,-13,-15,-4,-8,13
-62/39,-1,0,2,1,0,-2,-3,-2,-4,-5,-10,-1,-1,4,-6,0,11,2,2,-9,6,-4,-3,-1,-5
-61/41,0,2,1,-5,-1,0,4,1,-8,6,-4,-1,6,4,-6,3,-10,-13,-12,-9,2,-6,4,-10,-14
-9/77,0,0,-2,-5,-2,-1,3,-2,-9,-1,10,-10,10,-6,-8,1,-4,-10,-2,-12,-5,5,-3,-14,-6
-29/71,0,-2,2,1,-2,-6,-3,1,-4,-10,-1,-7,6,-2,0,3,-4,-7,-12,4,-13,-14,-15,-3,-7
-31/69,0,0,2,3,0,0,2,1,0,9,-10,-2,2,-6,12,6,-5,-10,0,-15,10,10,1,6,-2
49/19,0,2,4,1,-1,-6,3,-2,-3,-1,-1,-11,-7,-9,4,11,-11,-1,-14,6,-6,1,-8,-15,6
51/19,0,0,1,1,4,0,-8,-2,-6,0,10,-6,-9,-7,4,-2,6,8,12,5,10,10,-4,-6,11
-79/33,0,0,-3,0,-2,4,5,1,-4,-7,2,6,2,4,6,-6,2,-1,1,-5,-11,4,-7,3,-18
-71/31,0,2,2,1,0,-5,4,1,-8,-5,2,10,3,12,0,-6,-4,2,8,-12,-16,6,-5,-16,-19
-23/93,0,0,2,1,-1,-5,6,1,-7,4,2,-6,-3,4,0,-2,1,-1,-8,8,-10,-1,4,18,-6
-25/93,0,0,0,-5,2,6,3,-2,-8,7,2,-11,0,8,0,-10,0,13,3,-2,-2,-8,4,-1,-14
-83/14,0,-2,2,-5,0,-5,2,1,-4,0,-1,10,-6,5,-11,5,-4,-10,0,-5,-6,10,0,0,8
19/47,0,-2,0,0,6,-5,-3,1,-9,6,2,10,10,4,3,1,8,-5,4,0,-6,6,17,18,1
-7/51,0,0,3,1,6,6,-2,-2,-8,4,-9,10,4,-1,4,-4,8,-10,3,-5,-13,-11,-3,-7,17
-12/101,0,0,0,3,4,-5,6,-2,4,-3,-1,-5,6,-4,12,5,-7,6,-12,8,-4,10,2,-9,9
-9/100,0,-3,0,1,-1,6,-3,1,-9,-4,3,-2,6,2,3,6,-14,-10,0,8,4,-15,12,18,9
-16/39,0,0,4,3,-5,-2,1,-2,-4,10,-4,6,6,-1,4,-2,0,8,-8,7,-5,-10,2,10,-7
76/37,0,2,-3,3,0,2,2,1,1,-3,1,-8,-7,8,-10,-3,0,8,6,-4,11,-4,1,12,17
77/61,0,-2,3,1,0,2,-5,1,-4,4,4,2,10,8,-3,1,11,-4,-12,12,4,5,6,0,3
-53/59,0,-2,-2,0,2,4,-3,1,-8,-4,-4,-1,0,4,0,-10,10,-8,8,-12,7,-8,0,-12,3
75/47,0,0,0,0,-2,4,5,1,2,0,-9,2,-2,12,3,-2,-4,0,3,14,0,-12,0,-6,2
73/44,0,-2,2,-5,-2,6,-4,1,-8,4,-1,-2,-6,6,0,-2,5,6,-8,12,-11,8,-11,-14,17
-89/68,0,-2,0,1,4,-5,-2,1,-4,2,3,-2,12,-10,0,-10,-11,-8,12,0,-6,5,-12,-13,-4
-91/12,0,0,3,1,0,-7,-3,-2,6,3,-9,2,-4,-3,-8,1,-7,6,8,3,4,8,2,-6,5
-55/52,0,-2,0,-5,0,-2,-3,-2,6,3,-8,-2,-5,-1,0,-6,-5,6,4,0,-14,4,-3,-1,0
-51/52,0,0,-3,-5,2,-2,-8,-2,-8,2,-6,-8,-6,1,-6,-6,2,4,9,5,-13,5,0,10,-18
49/31,0,2,1,1,-2,0,6,1,-3,10,2,6,8,8,0,-7,-4,1,-10,-12,0,8,2,1,17
-3368,0,2,3,1,0,6,5,-2,-3,-2,3,7,0,1,-11,-10,-1,-3,-2,15,-5,-15,-1,-17,-18
36/35,0,-3,0,-5,4,-5,-6,-2,-8,-4,-5,-5,0,-6,0,-6,2,13,1,-8,0,6,1,1,13
83/49,0,-2,2,-5,6,6,4,-2,-4,2,-9,-5,-5,8,-6,3,13,-10,-7,-12,7,8,0,-16,-10
81/49,0,0,1,-5,-2,6,-6,1,0,7,-1,-5,-6,6,0,1,6,-7,-10,0,4,10,-13,6,1
85/52,0,2,0,-5,-5,-2,-8,1,6,10,2,10,-5,-10,0,4,-14,8,-4,4,11,-8,-3,2,1
85/48,0,0,0,1,-1,-5,-8,1,6,-4,-5,8,-6,-6,-6,3,5,4,-14,-3,-2,-12,4,-12,-5
67/93,0,0,1,1,0,2,-6,-2,-8,4,2,5,12,7,-6,1,2,-13,-5,-9,-6,13,14,-9,-18
66/91,-1,0,2,-5,0,-2,5,1,-8,-7,-4,-6,12,-3,0,-6,-5,8,14,8,0,-4,8,-6,14
-46/57,1,0,-2,3,6,-1,5,-2,-7,-5,3,-1,-2,4,-2,-3,8,-10,0,5,12,11,6,-3,14
98/37,1,-2,1,1,0,1,-1,1,3,-4,6,-8,0,-2,6,-2,-7,10,16,-3,4,2,12,-12,12
100/37,0,2,0,0,-2,0,2,-2,-8,-1,-9,-8,6,-12,6,9,13,1,11,2,-2,12,-5,0,2
-88/41,0,2,3,-5,0,-5,-6,1,-3,-5,4,-2,6,-6,-8,-2,0,2,1,5,7,6,10,-1,-12
-87/41,0,0,3,3,4,0,1,1,-4,-10,-9,-1,6,-2,-6,7,-1,-3,2,-8,-9,10,-3,10,-1
-91/41,0,2,1,1,-5,-7,-3,-2,-3,3,-7,-2,6,0,0,0,2,10,4,-7,6,6,-3,-15,-18
89/83,0,2,-2,1,-1,2,5,-2,6,3,10,2,-9,10,6,-11,6,1,6,-3,7,8,-16,-13,-18
91/85,0,2,0,1,6,-7,-2,1,6,-1,-1,-2,3,4,-11,-2,13,2,-2,12,-10,0,-6,6,5
89/42,0,0,2,-5,4,-5,-4,1,6,-10,-7,-2,-9,4,2,6,-13,-5,2,-15,14,-1,9,-13,12
97/60,0,0,0,-5,-3,-5,1,-2,6,-4,-4,8,-1,12,10,6,-4,2,-10,-4,2,2,0,10,8
58/21,1,0,-3,-5,0,-5,-5,-2,-8,-10,10,8,-3,-1,12,6,-14,4,9,6,-6,8,3,-3,0
43/31,0,2,2,-5,2,-6,2,1,4,6,2,7,6,-1,-8,-2,11,2,5,3,-7,-14,7,-13,-10
65/53,0,2,0,-5,2,-7,1,-2,2,4,1,10,-7,7,-7,5,4,8,3,-12,2,5,-9,-8,17
-58/85,-1,-2,0,-5,-5,2,-2,1,-3,-10,0,-7,6,9,-6,6,-7,-5,-10,0,14,4,16,1,12
11/97,0,-2,0,3,0,-5,-3,1,-6,-2,-9,5,-9,-6,-6,-10,-11,2,5,6,5,-5,3,2,4
19/96,0,0,2,0,-5,-1,5,1,-4,6,-9,-5,6,-9,-2,-2,0,-4,12,-9,-6,-15,2,6,-5
-28/95,0,2,0,1,4,-6,-3,-2,2,4,8,10,-6,8,11,6,-4,1,4,-1,12,0,-3,2,-18
-33/94,0,0,3,3,0,0,-6,-2,6,4,-4,-2,4,-12,3,6,0,0,-5,0,2,-10,16,1,10
85/79,0,2,0,-5,-3,6,-8,-2,-4,6,-5,-2,12,4,4,6,0,-10,-14,5,-13,-8,4,-6,14
88/81,0,0,-3,0,0,6,6,-2,-3,-3,3,10,0,5,-2,1,6,2,-14,16,0,5,4,9,2
-81/41,0,0,2,-5,4,-5,2,-2,3,6,-9,2,6,-10,6,2,0,10,5,-12,-2,8,-11,-6,-10
94/45,-1,0,0,0,2,6,1,1,-8,-3,-1,-2,3,-1,-8,6,10,-6,-7,-15,-2,-14,14,-13,-8
91/44,0,-2,2,1,-2,-7,-3,1,1,-5,2,10,3,2,2,-4,9,-1,5,4,-2,-15,-3,0,13
-105/37,0,0,0,1,-3,6,3,-2,0,-4,-4,-8,6,-3,1,6,6,5,4,2,7,8,2,-17,16
-18/65,-1,-3,0,-5,4,-2,-5,1,-6,3,-7,10,-4,8,-8,-2,6,4,2,4,2,-15,11,-14,2
-19/67,0,-2,3,-5,-2,2,-6,1,-8,3,-8,-2,-5,-6,8,6,4,8,0,-1,2,-1,-11,-10,2
58/73,1,2,4,3,-1,-5,5,1,-8,-10,-7,-5,-4,-2,-8,-10,-2,-2,-12,6,-6,4,-13,-1,-18
-54/35,-1,0,0,-5,2,6,2,1,3,7,-6,11,8,-3,0,1,-7,-10,5,-3,-7,-6,-3,-6,-2
46/43,1,2,-2,-5,0,-5,1,-2,-7,-3,-5,-7,2,-12,-8,-10,0,-4,4,0,-5,1,0,-9,7
59/31,0,-2,2,0,0,-5,2,1,-6,6,2,-2,-1,-1,7,3,-12,-8,-12,11,0,11,3,-2,-14
56/11,0,2,4,1,-2,4,-6,1,-8,9,-1,-3,6,4,-6,-12,0,0,4,-3,-11,-4,-16,-12,-6
-2/93,-1,0,0,1,-3,6,-3,0,-8,3,2,5,-1,-12,4,-2,0,-10,-5,-1,-13,-4,-10,6,5
3/92,0,0,2,3,0,1,5,1,0,-10,-4,-1,-4,-2,3,-6,-4,1,-12,-12,-6,-10,-4,-6,-14
-15/49,0,0,0,-5,0,-5,3,1,6,0,-7,-2,-3,-10,-11,6,-9,2,-8,0,0,1,-16,-3,8
-35/96,0,0,0,1,0,-6,2,-2,-4,0,-5,11,-6,-6,12,-4,-11,0,12,-4,-13,-16,-4,-6,6
71/68,0,2,-2,3,0,0,-2,-2,-8,10,8,-5,-2,12,0,-11,-2,-7,11,-12,2,-6,12,-9,-1
82/65,1,-2,0,1,2,-2,4,1,4,7,8,-3,-4,6,-6,-6,0,8,4,-8,-13,13,12,6,1
93/16,0,0,-3,0,-5,-5,-4,-2,-3,-2,-10,-7,-3,6,0,6,0,2,-3,8,14,-8,17,12,-5
94/15,1,0,0,3,4,-5,-3,1,-8,3,-4,2,8,-12,-8,-2,6,8,2,-5,-5,0,4,-6,-6
43/40,0,2,0,3,-2,-5,-1,1,1,-2,-1,10,-9,-1,8,5,10,-1,14,-12,-2,11,12,-6,1
-47/39,0,0,0,-5,4,-2,5,-2,6,-2,-4,-3,3,-6,-8,-2,8,10,16,-4,-11,-16,12,-14,-18
-49/40,0,-2,0,1,-3,1,-5,1,1,3,-4,5,6,4,0,6,-11,1,2,-12,-4,-14,2,-6,8
30/67,1,0,0,-5,0,0,-3,-2,6,9,6,8,-9,-12,0,-10,0,-1,0,8,10,5,-7,18,8
4/75,0,0,0,-5,0,1,2,1,-6,3,8,-8,-6,2,-6,-7,-11,-1,-10,2,-13,8,4,-1,13
23/94,0,-2,2,3,-1,6,6,1,-7,-3,1,-2,-3,-10,3,6,-9,-6,3,2,2,-8,-5,-16,-12
11/46,0,-2,0,0,0,-1,-3,1,0,4,-5,-6,0,-6,0,-10,7,-3,8,-9,-9,4,-9,-12,-6
-32/9,0,0,0,-5,4,-5,-3,-2,-4,3,-2,-2,-6,-4,-2,2,5,-2,4,8,-8,-10,0,-6,11
-64/15,0,0,0,1,2,6,5,1,6,-5,-10,10,-3,4,4,-10,0,5,-13,0,-4,0,-16,18,-3
93/98,0,0,0,-5,2,-5,5,1,0,3,-10,11,-3,4,-6,1,6,-10,10,-15,7,-9,10,-7,-1
97/30,0,0,0,3,0,-5,2,-2,0,10,-9,10,12,-10,-2,-7,-7,-4,12,-12,7,-16,4,-10,8
23/44,0,2,2,0,-2,0,-3,-2,-7,-5,-4,6,0,1,-6,4,-13,13,4,-4,14,-8,0,4,-18
33/32,0,0,1,3,0,6,-4,1,-9,4,-6,5,10,4,-4,-10,-7,-8,12,-3,-2,4,-3,1,-14
-9/59,0,0,1,-5,2,-5,4,1,-8,7,3,-2,6,1,7,-2,10,4,-12,5,-13,15,-16,0,-2
-9/61,0,-3,4,0,-3,6,5,1,0,-8,-5,-3,-6,8,-6,-11,-7,-4,-14,-12,6,1,3,10,8
22/51,1,0,-2,-5,0,-5,-2,1,-3,4,-4,-6,0,6,-3,6,6,-2,2,0,1,8,14,1,8
21/47,0,0,3,1,4,2,3,1,-8,-4,3,-6,-3,8,3,-4,-4,1,2,-12,-13,11,12,6,18
-95/7,0,2,0,-5,6,-5,4,1,-6,5,-9,-10,-5,7,4,7,-3,8,4,-4,0,4,4,5,2
-82/3,1,0,4,3,-1,1,4,-2,3,0,-1,-7,-4,6,-1,6,6,-12,-6,8,-13,8,-4,-14,-12
-1/1305,0,0,0,1,-2,-5,-3,1,0,-6,1,10,1,4,-10,6,-12,-2,5,-3,-13,0,-6,3,10
-3/3913,0,0,1,-5,-5,-2,3,-2,-4,4,-10,-7,-3,-12,-6,6,0,-11,8,0,-13,-1,3,-6,17
-1/559,0,-2,0,0,2,-2,-4,-2,-3,-10,1,-7,-1,-12,11,6,7,1,-12,-12,-10,6,12,-14,-18
-4/3911,0,2,0,1,-2,0,-3,-2,-9,4,-2,-10,10,4,6,6,-9,1,-12,16,-4,6,3,18,12
115/11,0,-2,0,1,-2,2,6,-2,-7,0,-6,-10,3,6,11,-6,0,10,-3,12,-8,-10,-4,1,-2
-100/47,0,2,0,0,4,6,-3,-2,-3,-5,8,11,-6,-6,3,0,2,-10,-4,13,7,6,9,-14,10
-31/2,0,2,-2,1,-5,-5,-1,-2,-9,0,-10,-2,-6,-4,-6,-9,-14,-2,0,8,7,2,3,1,14
-94/7,-1,-2,-2,-5,4,6,-5,-2,-8,0,-1,10,10,2,-8,-11,-1,-13,2,-4,-13,4,12,10,11
83/45,0,0,0,1,2,1,-5,0,-3,6,8,-2,-1,4,-3,3,-4,-7,3,3,2,-6,0,6,-2
28/11,0,-2,-3,1,-2,6,4,1,-3,0,3,-5,10,-1,0,6,-12,-6,12,13,0,-14,-16,4,-19
80/67,0,-2,0,1,-2,2,2,1,2,-2,4,-2,-7,-9,-1,3,0,-12,0,-15,0,10,-16,3,13
79/69,0,0,0,-5,0,2,5,1,0,2,-4,7,6,12,4,1,-2,-3,8,6,4,4,-4,6,2
73/67,0,2,1,1,4,-5,6,-2,-8,0,-9,-5,-6,-12,12,10,-10,2,0,-15,-11,1,17,2,9
-25/57,0,0,0,3,-3,-5,-1,-2,0,-2,-5,-2,-6,-9,0,9,-12,-7,-5,-4,-13,10,0,-6,10
44/23,0,2,2,0,0,6,-3,-2,0,-5,1,10,-3,9,12,1,-7,2,4,3,5,8,6,1,6
28/13,0,2,4,1,-2,-2,-1,1,3,7,-9,-2,12,-2,1,7,-4,4,-11,-12,6,-15,3,6,-2
84/37,0,0,3,1,6,2,5,-2,2,-2,-1,-8,6,1,2,6,8,-1,1,8,2,-7,15,-8,11
286/29,-1,-2,2,1,0,-7,-3,1,-8,-6,3,6,-3,-2,12,3,0,-2,4,-4,7,-16,0,-1,2
143/15,0,0,0,3,0,-7,2,-2,6,-2,-2,-8,2,8,0,-10,2,8,-7,3,-1,8,-6,2,-6
55/63,0,0,0,-5,0,-5,-5,1,6,4,-2,-3,2,6,-8,-11,4,-6,10,-1,-2,-4,-4,8,-1
43/2,0,-2,2,-5,4,0,-3,1,6,6,6,-2,-6,-1,0,1,-4,-7,2,-4,-13,-10,-7,-6,17
22/71,1,-2,3,0,0,-5,-3,-2,3,-3,1,-2,-9,-4,0,5,-4,8,-4,4,11,-4,9,12,-19
579/58,0,0,0,1,2,6,2,1,6,-6,10,-2,-7,6,-6,-2,-9,8,8,-3,0,-1,1,-6,-6
-97/54,0,0,3,3,0,2,-3,-2,6,-5,4,-2,-7,10,1,10,-4,6,-14,-5,-7,4,12,0,8
-71/41,0,-2,1,0,0,2,-6,1,-3,4,-9,-5,6,-7,-1,6,7,4,-6,-12,-6,-14,0,-6,12
1/100,0,2,0,-5,-5,1,-3,1,-8,0,-5,-5,6,4,-6,-2,-11,-11,8,-12,2,-8,-13,-10,1
47/36,0,0,0,-5,-5,-6,5,1,-6,6,-4,11,-9,0,-8,-2,0,-5,-14,16,-5,4,12,-4,-2
45/37,0,-3,0,-5,-2,2,5,1,6,-7,1,-8,12,-7,11,-2,4,-5,-12,14,-2,-10,-16,-7,-7
-23/78,0,0,2,-5,6,-2,-3,-2,-7,0,4,-7,6,-10,3,-11,4,13,11,-4,-4,-8,7,-7,13
88/39,0,0,2,0,0,-2,-3,1,-8,5,3,10,-6,8,0,-10,-9,-8,5,-2,11,-10,-16,-4,1
5/28,0,-2,0,-5,6,-1,-6,1,-3,-3,10,-7,4,-7,3,4,-11,5,6,16,-13,-16,14,-12,13
14/87,1,0,-2,1,0,1,1,-2,3,-6,-1,-2,-1,-7,0,6,-14,13,-14,4,-16,-10,4,-15,11
-7/1504,0,-2,2,1,2,-5,2,1,1,0,8,6,10,8,3,11,-14,2,-12,4,-10,2,0,-12,18
102/11,1,0,3,0,-2,2,-8,-2,-8,-2,-4,-5,0,8,12,6,-1,1,-8,-7,6,11,8,-6,7
27/95,0,0,0,-5,4,2,4,-2,-3,6,-4,5,12,10,-6,0,6,0,4,-8,-13,-15,2,-14,6
53/3,0,0,2,1,-2,-1,6,1,6,-5,-4,-6,-5,-9,4,-10,6,8,0,4,14,5,-16,6,2
27/53,0,0,2,-5,-2,2,2,-2,-8,-5,-4,-8,-2,8,0,5,-7,-4,-11,-12,10,0,-4,-6,14
71/27,0,0,-3,1,-5,-6,-6,1,1,-5,-8,-8,-2,4,-6,3,0,10,8,-12,-2,9,-4,1,-7
69/25,0,0,0,-5,-5,-1,5,1,-7,3,-10,-7,-4,-9,-8,9,-12,-12,5,-12,-10,1,3,-8,8
-31/50,0,2,0,-5,-3,-1,2,1,-8,6,-10,-7,-2,-7,0,6,0,2,9,-2,10,-10,17,10,17
-31/49,0,-2,4,-5,4,-6,1,-2,-3,-8,-10,-5,8,4,-6,4,11,6,8,-12,-14,-9,-4,3,6
-1/86,0,2,2,3,2,-5,3,-2,0,4,-5,-2,10,-12,12,6,-12,-7,2,0,0,-4,-8,-6,1
2/87,-1,0,4,3,0,-6,4,-2,6,-6,1,-2,6,4,10,-2,-4,2,-3,13,7,-11,-4,-9,-6
17/39,0,0,2,1,-5,-2,-8,-2,4,6,6,11,-6,7,8,1,1,2,-11,-2,-7,-4,-3,-8,-12
22/85,-1,2,0,0,0,-5,-2,-2,6,-10,-5,10,12,8,-6,-14,0,1,5,-9,11,-9,17,-9,-14
-4/35,0,2,0,-5,0,2,-3,-2,-3,0,1,10,4,-2,-11,0,0,-2,2,-12,2,15,0,-6,2
65/58,0,-2,0,0,4,-7,-6,1,-3,-6,2,2,12,4,0,5,0,-10,-12,3,-14,12,-3,6,2
85/56,0,-2,0,-5,0,-5,-8,-2,-4,4,-1,-7,-2,4,-8,1,-9,-3,-12,-3,10,-6,0,8,3
-85/36,0,0,0,1,-5,4,-8,-2,-4,0,-1,10,-6,-4,-8,-7,-2,6,12,2,4,6,2,-13,1
-40/19,0,-2,0,1,2,0,2,-2,6,-2,-2,-1,0,8,-6,-4,0,8,-8,-15,8,12,17,-15,12
-98/55,1,2,0,1,-2,0,4,-2,3,2,-1,10,-3,10,0,-14,-1,-8,-11,-2,2,5,4,5,8
-26/7,1,2,3,-5,-5,-7,-5,1,-6,-5,-1,-6,6,2,-7,3,-14,-1,8,-9,-10,-8,1,6,-5
-22/39,-1,0,0,-5,0,-2,3,1,-3,0,-5,2,-1,2,-6,7,0,10,4,0,4,5,-4,6,-8
88/43,0,2,0,-5,0,-1,-5,-2,-3,-1,-4,11,3,-12,0,-4,-12,1,-12,6,-7,15,3,-8,-2
21/59,0,0,1,1,0,1,-4,0,4,0,-2,-1,6,-1,6,-4,10,-11,4,13,4,-1,2,-15,10
88/5,0,-2,0,-5,0,0,-3,-2,-3,-4,1,-7,-3,4,-6,9,0,-10,5,-6,-8,-6,11,-14,10
-185/12,0,0,0,-5,-1,1,2,1,-8,4,-9,-11,-4,0,-8,6,0,-2,-2,15,2,-8,-10,-10,-2
-189/11,0,0,2,1,-2,2,-5,-2,6,-2,3,-2,0,-6,0,-2,-11,-1,-6,8,-5,-15,5,-9,7
57/4,0,0,-2,1,2,4,-1,1,-4,6,-1,-2,-5,-4,-4,-3,-4,0,5,-9,6,-9,-1,-10,-9
41/57,0,0,0,1,-3,1,-3,-2,6,-5,-4,-2,-4,-4,6,11,11,-1,5,4,-13,0,-3,0,-14
22/87,1,0,4,-5,0,2,5,1,4,-6,8,5,-4,-2,0,6,4,1,3,8,12,-1,8,9,-18
5/18,0,0,0,3,4,2,2,-2,-4,-10,-6,11,-9,-6,-3,-3,6,13,11,8,-14,6,2,2,-18
9/53,0,-3,2,-5,-5,-1,-3,1,-8,-2,1,2,-1,12,0,5,2,1,8,-15,-6,12,-3,-2,10
13/54,0,0,-2,-5,0,-7,-1,1,-6,-2,1,-5,-6,4,3,5,-2,-2,4,-15,-6,-15,17,-10,8
4/27,0,0,0,3,-2,-5,2,-2,-3,-1,1,10,-4,-9,0,6,6,2,8,-1,-10,5,-16,4,-7
-47/37,0,2,1,0,-1,-5,1,1,6,-4,10,-8,-7,9,-8,1,-3,4,2,13,-5,-16,1,-6,-4
85/29,0,-2,0,0,0,4,-8,1,6,-6,-10,-1,10,4,-8,-12,0,-7,4,-9,-1,-7,-3,6,6
-30,1,0,0,-5,-2,-1,-3,1,-6,0,2,10,-1,-1,0,-4,-4,4,4,-15,-2,-8,-3,1,8
30/73,-1,0,0,3,0,6,-5,1,-9,-7,-1,10,-3,-6,-8,6,0,-2,-4,-2,-6,-1,16,-1,6
-80/31,0,2,0,1,4,2,-3,1,-3,-10,2,8,6,8,12,7,6,-5,-12,-1,2,13,0,1,-2
-100/91,0,-2,0,-5,4,-2,-5,1,6,-2,10,-2,-9,1,4,6,0,-6,2,3,4,0,8,-9,5
52/61,0,2,3,1,4,-7,6,-2,-3,-1,1,5,-3,-2,0,-11,-13,-4,-5,13,-14,-4,-3,-14,-9
-77,0,2,-3,1,0,2,-3,1,-3,10,4,-10,-6,4,0,6,2,-7,9,4,6,0,4,10,8
75/38,0,0,0,-5,-3,1,-5,-2,-3,-10,-2,8,6,7,0,1,-4,-2,-4,14,4,-15,3,6,3
77/37,0,-2,4,1,0,6,2,1,-8,-4,10,-8,8,1,0,-2,-13,6,-11,12,-13,-8,8,12,1
-96/77,0,0,0,-5,-2,-5,6,1,3,-1,6,-2,-1,-4,0,-6,0,0,2,5,0,-16,-3,-17,2
-71/19,0,2,0,-5,0,6,1,-2,1,10,-2,-1,6,4,0,5,0,8,16,-12,2,8,2,8,-2
-4/85,0,-2,0,3,4,-5,-2,1,-8,-7,4,-2,7,-1,6,-11,0,-2,4,8,4,0,-16,-6,1
85/81,0,0,0,1,-1,4,-8,-2,-3,10,3,-6,-6,-1,-4,-2,2,-4,-12,0,-10,-16,12,6,-2
-8/83,0,-2,1,0,2,2,-3,-2,2,-7,2,-3,-2,-6,12,6,0,-3,12,16,-2,-7,-16,18,-18
93/59,0,0,0,3,-3,-5,4,1,-6,-4,-10,-5,-6,6,-6,6,10,-7,-3,-8,7,-8,6,6,8
-90/41,-1,0,0,1,0,6,-4,1,6,6,-1,5,6,4,-6,-12,4,4,2,4,-14,-4,-3,-10,0
-91/8,0,2,-3,1,-5,-7,6,-2,-8,3,-1,-2,-5,4,-6,-3,-2,-10,-11,-9,-5,11,12,-2,-2
-97/9,0,0,2,-5,6,-5,-1,1,6,6,3,10,-6,4,-11,-3,6,-8,11,3,2,-7,-7,6,8
-61/20,0,2,0,-5,-2,-5,-3,1,-3,10,-1,-2,12,-12,-1,6,0,-13,2,7,-4,13,3,-12,-2
-61/22,0,-2,-3,1,-2,6,5,1,-3,-5,-2,-7,-6,8,0,6,6,-13,-2,4,-6,-14,11,-6,-2
97/23,0,-2,2,3,0,4,-6,-2,0,-5,0,8,1,-10,0,1,10,-3,12,-9,-2,8,16,-12,8
99/25,0,-3,0,1,0,-5,-5,-2,-3,-8,1,8,-7,8,11,-10,-3,1,-8,-3,-10,-8,-16,-6,6
77/62,0,2,4,1,0,-1,1,1,1,-5,2,-7,-1,4,4,-6,4,10,8,16,-16,13,-4,-7,-18
73/63,0,0,4,-5,4,-1,3,1,3,5,3,11,0,1,-11,-6,13,1,-12,8,-11,-9,-4,10,8
88/29,0,-2,-2,-5,0,6,-3,1,3,-6,10,2,6,-4,-11,-2,0,1,0,0,-6,13,3,0,-14
87/28,0,0,1,-5,0,4,5,1,-4,-10,-6,-2,4,4,-6,-7,0,10,-4,-15,-8,5,9,8,13
83/71,0,2,-3,1,6,1,2,-2,3,6,1,-10,7,-1,0,-4,-2,8,11,4,10,12,0,-6,8
-88/95,0,2,0,1,0,-5,5,-2,-3,-10,10,-11,8,4,12,6,-5,10,5,8,6,-9,6,8,17
15/46,0,0,0,1,-1,-5,2,1,0,-4,2,2,3,2,13,5,-7,0,16,12,5,-8,3,-13,14
-51,0,0,1,-5,-3,2,-8,1,6,6,3,5,-1,6,-6,-6,1,-2,5,8,2,13,1,-12,12
-100/49,0,-2,0,-5,-1,1,3,-2,-3,-3,-1,-8,6,-12,0,-2,0,-10,3,-5,-13,-15,-4,0,14
-51/25,0,0,0,3,4,6,-8,0,-3,7,-2,-3,6,-4,1,-12,-9,1,8,-2,-11,-14,7,-6,-19
-52/63,0,0,4,-5,6,-7,1,1,-3,6,1,6,6,-4,13,6,-10,4,3,12,0,-8,6,0,17
-79/20,0,2,0,1,-5,4,-6,1,3,-5,1,-7,0,0,0,-14,4,-12,14,8,-6,4,-7,6,-6
-95/37,0,2,0,-5,-5,0,-3,1,6,0,1,-8,-3,1,-2,-6,0,1,-14,5,-1,11,-3,18,11
-65/9,0,0,0,1,4,-7,-5,1,-8,-2,1,8,-1,12,0,-12,0,2,-12,-7,7,-16,12,-15,-14
-65/14,0,-2,0,-5,-3,-7,3,-2,-4,3,-6,6,10,1,8,-4,1,-7,3,-15,0,0,-4,9,-6
-59/13,0,2,3,3,0,-2,-6,-2,-4,7,-5,-8,0,-12,0,-10,-12,-2,-3,-12,2,11,2,-1,-12
83/61,0,-2,2,-5,-5,0,-1,1,0,-10,1,-2,-9,8,-11,6,6,-4,2,4,7,-8,0,-14,8
83/59,0,2,-3,1,4,2,-3,-2,-8,-2,-2,6,6,0,-7,-7,10,-4,8,-8,-6,-16,0,6,-1
41/70,0,-2,0,-5,-1,1,6,1,6,4,-5,7,-4,2,-8,6,0,-7,-5,14,4,6,-3,-7,-18
-37/75,0,0,0,0,-1,-5,-6,1,-3,7,-8,-11,-6,-10,0,2,0,-12,-10,0,-4,-15,14,6,9
101/44,0,2,1,-5,-2,0,2,0,3,0,3,-7,6,9,-3,-4,11,5,5,0,-10,1,3,1,1
77/50,0,2,0,1,0,6,-3,1,6,2,-1,5,-5,7,4,-2,6,-12,-13,8,-8,-14,-3,-17,10
15/101,0,0,0,-5,-1,-5,-6,1,-8,0,-4,-2,-1,-6,-3,11,-4,13,-12,7,4,13,-5,12,2
49,0,2,1,1,4,2,5,-2,-8,7,10,-8,6,-4,4,-6,9,-10,-2,-12,0,-8,6,-14,5
-44/69,0,0,1,1,0,0,1,1,0,-2,2,-1,6,4,0,-4,-9,2,12,3,0,15,14,6,-12
-21/34,0,0,4,1,-5,6,-2,-2,-9,3,-2,10,3,12,0,6,-11,0,8,0,12,10,4,0,1
75/74,0,0,0,3,0,-5,-3,-2,-3,0,-1,-8,1,-1,-6,-6,4,-3,-2,6,-13,-8,8,-6,-2
82/75,-1,0,0,0,-2,1,-6,-2,2,-1,1,-2,-4,8,1,-4,-12,10,-13,8,-6,-4,12,6,-6
37/99,0,0,0,1,-2,1,3,-2,6,7,2,-11,-9,-1,0,-2,-13,-1,8,0,-16,-15,6,-6,8
31/103,0,2,0,1,4,-5,2,-2,3,4,-10,-5,12,-6,10,-2,0,13,4,0,2,-7,-3,12,14
-62/21,1,0,2,-5,4,0,-1,-2,6,6,-10,11,12,4,12,-2,-12,1,3,-15,-6,-10,11,-17,-14
-61/71,0,2,2,1,-5,-5,-3,1,0,-7,2,-2,0,2,11,6,9,-13,-14,4,-10,-8,9,-12,12
-61/73,0,-2,3,3,4,6,5,-2,6,2,8,-11,6,12,13,6,-12,-13,12,3,-6,-16,3,1,2
-59/74,0,-2,2,0,4,-5,-1,0,6,0,-1,-8,-2,6,4,-4,-12,-2,-2,12,11,4,-4,-6,10
-45/88,0,0,0,0,-2,0,-6,0,-8,9,-5,-5,0,10,-11,6,-9,-7,-14,-5,-13,-1,0,6,-12
-80/19,0,2,0,-5,-5,-5,5,-2,-4,-5,8,-7,7,-9,0,1,-2,0,1,6,2,-8,4,-1,14
-67/68,0,2,4,1,4,-5,-2,1,-8,-7,-7,-2,0,6,-6,-2,6,8,-5,-6,0,8,10,-14,-5
-71/67,0,2,-3,-5,2,2,2,-2,-3,-4,1,2,-7,-4,-6,6,2,-7,0,-12,4,0,1,18,-2
-79/49,0,-2,1,-5,-3,-1,2,-2,1,-5,10,-2,7,4,-11,-11,-2,10,5,0,-2,4,-16,-2,17
-76/47,0,2,2,3,-3,2,-6,1,-6,0,3,-7,-6,0,3,1,-13,-10,2,-2,-2,-10,4,-14,18
-78/53,1,0,1,-5,2,-7,6,-2,6,-2,10,-7,-6,-6,1,5,-4,2,4,8,-2,-16,6,-8,-6
-48/53,0,0,2,1,-1,-5,-1,1,-8,-1,-9,-10,0,8,8,5,1,1,3,11,-2,-10,0,18,0
-43/54,0,0,-2,-5,6,4,2,1,-3,-10,8,-8,3,-1,8,6,4,2,6,-12,-11,12,-3,0,8
73/9,0,0,-2,-5,-1,4,-1,1,-8,0,0,-8,12,-9,-3,-2,-1,-10,5,13,-11,0,4,6,13
56/85,0,-2,0,1,4,-5,-2,1,-3,4,-2,-3,-6,6,-8,-3,-4,1,0,12,-1,-1,-4,18,-2
-17/43,0,2,4,-5,2,6,-8,1,-8,-4,-9,-6,-6,-12,-11,9,9,-7,4,-12,-8,-15,-13,2,-18
73/87,0,0,1,0,-3,4,5,-2,-3,-6,-2,-2,-1,6,-7,-6,-14,8,2,13,-11,-4,4,-17,-4
83/62,0,2,2,0,-3,6,-5,1,-8,0,2,11,-7,2,10,4,1,-8,4,-6,6,-8,0,6,-5
1/94,0,2,1,-5,-1,-1,-6,1,1,-2,2,10,-3,2,3,-9,10,1,-4,-12,-6,-14,0,6,-2
7/95,0,-2,0,1,-5,-5,3,-2,6,3,10,-7,10,-3,0,10,-4,2,-14,-3,-13,8,6,-1,18
-620/3,0,0,0,0,2,2,2,1,6,-4,-10,-2,-6,4,0,-4,9,-6,-4,14,2,-1,-5,-6,1
-623/2,0,-2,2,1,-1,6,2,1,-4,6,-1,-2,0,7,0,-11,-4,13,9,-12,-2,5,3,-13,2
-310,1,-2,0,-5,0,0,-3,-2,1,0,-10,5,-6,5,11,6,4,-13,8,-9,-2,5,4,0,-5
-74/55,1,2,0,-5,-2,2,1,1,6,6,0,-11,-3,-6,-4,6,0,1,-6,-12,6,15,10,1,10
75/71,0,0,0,-5,-3,-6,-3,1,-8,-5,-4,-8,2,4,6,5,-2,8,-12,4,1,1,10,-12,-3
37/70,0,2,0,-5,-5,2,-1,1,4,7,-2,-11,-6,4,4,-10,6,8,9,-12,12,6,0,-4,-2
41/73,0,-2,2,1,0,2,5,1,-6,-3,0,5,-4,4,0,6,-12,-7,0,8,-6,15,16,3,8
3/16,0,0,-2,-5,4,2,2,1,-6,-7,6,-2,0,-10,6,-4,-13,-13,4,-12,12,-16,-16,10,-14
-3/50,0,0,0,-5,4,-5,2,-2,-3,-2,-1,2,0,-6,-8,-3,-1,6,-8,-12,-5,10,0,10,-14
34/25,1,2,0,-5,-3,-5,-8,1,-8,-4,0,-6,3,-2,0,1,4,10,4,-12,-13,-10,-3,-14,-2
-71,0,2,1,1,2,6,2,1,-8,4,-1,-2,-1,9,0,-3,-4,8,4,-12,-13,-14,9,6,16
6/25,-1,0,0,-5,-1,6,2,0,-8,9,1,10,2,-7,-1,-6,-4,-2,11,15,7,8,12,18,8
15/74,0,0,0,1,2,-6,5,1,-8,10,-5,-8,-3,12,7,-2,0,8,4,3,2,-16,3,-9,0
11/73,0,-2,3,1,0,1,-4,1,-4,6,2,2,-6,-10,-8,-3,4,1,3,-15,-6,-8,3,-1,17
17/71,0,2,0,3,6,-5,-8,1,-4,-5,-9,-5,8,-3,1,-6,-13,-11,4,4,0,9,8,6,11
14/73,-1,-2,3,1,-1,-5,-3,1,-3,0,-8,5,3,-9,-6,-10,0,-7,-3,6,-6,2,-6,6,-18
53/68,0,2,4,-5,6,-1,-2,-2,-6,3,-1,-7,-6,4,0,-10,0,2,14,0,-6,9,12,9,18
59/68,0,2,0,1,-1,4,-2,-2,6,5,0,-2,4,1,8,-9,-12,-7,-14,12,-7,4,0,1,8
-29/13,0,2,2,0,-1,-2,2,1,-9,-10,-2,-8,2,7,12,6,-7,6,-4,7,7,8,0,-14,2
-49/8,0,2,-2,1,0,0,-3,0,4,-5,-8,-2,12,-4,-6,-2,6,10,11,8,-8,-16,-4,-8,14
-63/73,0,-3,1,1,-1,2,4,1,-3,3,-1,2,-9,7,-7,-4,-7,-2,5,12,-6,8,-16,12,2
-66/71,1,0,1,-5,0,0,6,-2,-3,6,3,-7,1,-1,6,-2,-12,8,-14,4,-11,13,8,10,-7
-65/73,0,2,0,-5,0,-7,-3,1,-3,6,3,-6,-4,2,0,6,1,-11,12,4,-6,2,6,4,-1
-63/74,0,0,0,1,6,-6,5,-2,-3,4,10,-8,0,8,-3,11,-4,6,-8,11,-4,-14,0,-2,13
-61/49,0,-2,0,-5,-5,1,2,-2,6,10,10,6,-6,4,10,-6,6,-13,-11,0,-7,6,-3,-15,-7
95/78,0,0,0,-5,4,-2,4,1,6,-5,-10,5,-9,9,0,-2,4,2,12,0,6,-16,-4,10,8
-9/38,0,0,3,-5,4,-1,-6,-2,0,0,3,-6,3,-10,2,6,-4,-4,8,-15,-10,5,-7,10,-8
-6/25,1,0,0,1,0,-6,6,1,-4,4,2,-5,7,1,-6,-14,-2,8,3,-15,2,5,2,-17,-10
-1004/5,0,-2,0,-5,2,0,-1,1,-4,-5,1,7,0,4,12,6,-4,4,-13,-13,11,0,14,-6,-2
-1006,1,-2,1,1,2,-5,2,0,2,0,8,-6,-3,-1,0,-3,6,4,4,14,-5,10,-16,-15,12
-46/73,1,-2,-3,0,2,-5,4,1,-7,-3,-2,-7,0,6,-6,1,6,2,4,-7,-6,-9,7,-17,-7
82/69,1,0,2,1,0,2,2,-2,0,-10,-7,-6,-4,1,-6,-2,-1,-13,-12,14,-5,10,4,-1,-2
-17/89,0,-2,-2,-5,4,0,-8,1,-8,-4,3,2,12,1,0,-3,-7,-10,5,4,5,-7,17,-8,-9
-48/17,0,0,4,-5,-2,2,-2,1,6,-2,1,-3,-7,-4,7,3,0,8,2,-12,-14,12,14,-8,8
-96/29,0,0,2,1,-1,6,-4,-2,3,-6,8,-8,6,-1,0,-14,-11,-5,4,8,14,4,17,12,-9
-989,0,2,0,-5,-5,6,2,1,-7,-8,3,-5,-5,-1,0,6,-14,-3,5,3,-11,11,0,6,-5
46,-1,2,4,-5,-1,6,6,1,-7,-5,0,-7,-6,10,-8,1,-10,-1,-2,-6,2,10,14,0,12
43,0,2,3,0,6,-5,-4,1,-4,3,3,-1,-7,-1,-6,6,-4,1,-12,2,-2,4,-3,4,2
16/61,0,2,4,1,6,-1,2,1,-8,6,0,10,8,4,0,-6,1,-4,2,-15,12,4,-15,10,2
88/3,0,0,4,1,0,6,4,1,4,10,10,-2,-7,9,0,7,9,-1,2,8,-9,-16,3,1,9
87/5,0,0,0,1,-1,6,2,1,-4,-10,-5,-5,-6,-1,-6,6,2,-12,11,-5,-7,-8,12,3,-14
91/4,0,2,1,1,0,-7,-1,1,-8,4,0,-3,-2,-12,7,3,1,8,8,3,-6,-16,12,6,2
96/7,0,0,2,-5,0,2,-3,-2,-8,6,-9,-5,-7,-1,0,-2,0,-1,8,-12,-1,8,-16,-6,18
-27/44,0,0,2,-5,-2,-5,3,1,6,-2,8,-8,8,8,6,1,9,5,2,2,0,6,4,12,14
23/21,0,0,0,-5,6,4,-1,1,-7,-5,2,-11,-6,4,11,-2,-4,-13,12,-3,2,8,15,9,2
88/85,0,2,0,-5,0,6,-2,-2,-8,3,-1,-2,-7,-2,13,6,-7,13,9,-4,14,-4,-13,12,-2
-41/4,0,2,4,1,0,-6,5,1,3,-8,-9,7,-4,-2,0,1,0,-1,0,2,-13,-8,12,10,-18
-26/45,-1,0,0,3,4,-7,-1,1,-8,-7,2,-1,-6,6,1,6,4,0,4,2,2,2,-16,-12,5
-77/5,0,-2,0,1,0,-5,2,1,-8,-7,-4,6,-6,-10,0,-2,-1,-1,8,4,-2,-10,2,-12,-2
-39/4,0,0,2,1,-3,-7,2,-2,-9,-5,-4,10,12,-6,4,-4,4,-11,2,-12,-1,-12,17,2,2
-73/6,0,0,2,3,0,1,-6,-2,3,-5,-2,-1,-7,4,-6,-11,-3,5,4,-9,-11,0,3,-15,-2
-67/34,0,-2,-3,-5,6,1,-2,1,-9,-2,10,-5,-2,-6,-11,-4,-9,8,-5,-3,14,-5,1,3,11
67/31,0,2,3,1,4,1,-5,1,-8,3,2,-3,-7,-2,1,10,-7,5,-5,-12,7,-11,4,10,7
33/14,0,0,-2,-5,0,6,-5,0,0,0,-5,-2,-6,6,-8,-2,-11,5,2,-7,-4,-14,1,0,10
-5/221,0,-2,0,-5,2,-2,-2,-2,-8,4,-1,-2,-2,6,0,-4,-1,6,4,15,14,8,14,-6,-6
-22/887,-1,2,1,-5,0,2,-3,-2,-6,-8,2,-7,0,-3,-6,7,0,6,2,0,-6,-15,1,-12,8
-5/222,0,0,0,1,-2,-5,6,1,-3,6,1,-8,-3,6,-1,-4,-4,-5,-10,-15,-6,-14,12,-13,-1
-9/442,0,-3,-3,-5,-5,-2,-2,1,1,6,-9,5,-6,-4,4,-4,0,-11,12,3,-5,-1,-8,3,-6
-25/6,0,0,0,-5,4,4,-1,1,-3,7,2,10,-4,10,-6,-10,6,1,2,5,-13,4,-6,-12,0
25/51,0,0,0,1,-1,2,-2,1,-3,9,-5,-2,2,6,-6,-2,0,6,12,0,14,-8,0,-12,-7
27/50,0,0,0,1,6,-6,1,-2,-3,6,-8,-7,3,-4,6,-2,6,1,4,3,-13,15,12,-10,11
25/54,0,0,0,-5,0,-6,2,-2,2,4,-2,-2,-3,-7,0,-2,-1,6,-10,-4,2,8,12,10,-1
-19/99,0,0,1,1,-2,-1,6,1,-8,-2,-6,-2,2,-4,-6,-11,0,8,-14,10,-6,-16,-6,-3,2
67/69,0,0,3,3,-3,6,3,1,0,3,-1,-1,-9,5,-6,-12,0,10,-5,-1,-10,-4,5,-13,8
75/19,0,0,0,0,0,-6,6,-2,6,6,8,10,8,-1,-8,6,10,-11,12,-5,2,-14,12,6,3
-65/83,0,-2,0,1,-1,-7,1,-2,-4,0,-1,8,-6,-10,0,6,4,-8,2,7,7,4,-16,0,8
-73/81,0,0,2,0,-5,-6,2,1,-3,-5,10,-5,8,-4,4,-9,0,-11,9,0,-11,-16,-16,-6,2
-49/72,0,0,-2,1,-5,-6,-4,-2,-4,4,1,-1,8,-4,-10,1,2,8,-14,3,0,11,9,5,14
-71/80,0,-2,0,1,-1,2,-3,1,0,-4,0,-5,2,-10,-8,6,-5,8,-3,-12,14,-14,-11,-6,-18
-34/39,1,0,1,1,0,-2,-8,1,6,3,10,-7,-6,6,-11,6,-4,-8,8,-15,-16,5,16,6,-5
-58/59,1,2,0,-5,-1,2,2,1,-3,-10,-5,-1,2,5,-7,6,10,1,1,-12,-11,-1,-15,0,8
95,0,-2,0,-5,4,-5,-1,1,-8,-5,-6,-2,0,4,2,6,-11,8,16,-12,2,8,9,6,-14
92/5,0,2,0,3,-2,-5,5,-2,-7,4,6,10,-7,2,6,6,-12,0,-4,-12,-11,8,-1,12,8
-52/5,0,2,0,-5,4,-7,-1,0,6,6,-6,-10,1,0,-8,-11,-7,10,10,-3,4,5,10,4,-5
69/61,0,0,1,-5,2,6,6,-2,-7,2,-2,2,7,7,-6,-6,4,-4,-11,-4,0,-1,0,6,-9
71/55,0,-2,0,1,-2,0,2,1,-3,6,3,-1,6,12,-7,10,6,-7,-11,-12,-13,-14,4,10,-1
88/27,0,0,1,3,0,2,-6,-2,-4,3,-5,-1,2,8,12,6,6,10,4,-13,-11,-14,12,-3,-2
53/41,0,2,-2,3,0,6,-1,1,-8,-7,-9,-8,6,4,-8,-10,-1,1,5,6,0,4,12,-14,-14
-64/101,0,2,0,1,-5,-5,-3,1,-8,-5,1,7,-4,4,7,-12,10,4,8,-15,-1,13,0,12,-2
-68/53,0,-2,1,-5,-5,2,-8,-2,6,-7,3,-2,6,-10,4,5,-9,-7,1,14,-4,13,4,-10,2
86/83,1,2,2,-5,4,6,-3,1,-6,6,1,2,-5,-1,12,6,-4,-2,-11,3,-10,-10,-16,6,-14
34/43,-1,2,0,1,6,0,-8,-2,0,3,-1,10,-6,-12,-6,-2,-1,10,6,0,-10,10,-16,-3,-12
58/13,1,2,0,-5,4,-2,5,-2,6,-10,-1,10,-5,8,6,-11,11,-10,4,-8,-2,1,12,2,9
61/17,0,-2,-2,-5,-5,6,-2,-2,-3,6,-1,-2,1,-3,1,1,-14,-13,-12,-3,10,-8,-4,9,-6
59/15,0,0,0,3,-5,2,-3,1,3,-7,6,7,-3,0,-3,-9,-12,13,-6,8,-10,8,14,-6,13
-17/320,0,-2,0,-5,4,-6,-8,1,-4,-5,-1,10,-6,0,0,6,-14,8,11,-3,-13,10,4,-6,8
-17/319,0,2,3,0,-2,-5,-8,1,-8,-6,-5,-7,-1,7,0,3,-10,8,-11,-12,7,1,14,10,14
-33/643,0,0,1,-5,0,2,5,-2,6,-4,-1,-3,-6,4,0,6,10,0,5,-9,-4,-16,6,-6,-5
-34/643,1,-2,-3,1,-1,1,-8,1,3,0,3,-11,-1,-6,-6,-11,6,-5,-5,-4,-13,1,-3,2,7
-31/639,0,0,4,1,-1,-5,-6,1,-4,-1,-10,-2,-6,-2,8,-2,11,2,12,4,2,0,0,-12,11
-30/637,1,0,0,-5,0,-2,-4,1,-3,4,3,-11,12,-10,-6,-4,-4,4,2,-2,-10,6,6,-6,17
-43/88,0,-2,2,-5,-2,2,2,-2,-3,6,-8,2,0,-1,-6,-4,10,-5,-2,-8,-13,-1,-3,4,14
-19/78,0,0,0,1,-2,-2,-1,1,-8,6,-2,5,2,4,4,1,4,13,-3,-7,5,-4,-15,-15,8
28/23,0,-2,0,1,2,-5,3,-2,0,-4,3,6,3,4,-6,-2,-4,2,2,6,-5,12,-16,12,9
25/6,0,0,0,3,2,0,1,0,6,0,1,6,-1,4,-8,5,-14,0,6,13,-13,-8,-4,8,-12
68/83,0,2,4,1,-3,4,-8,-2,6,-5,10,-11,0,-4,0,-2,0,1,4,8,-7,-4,-16,10,-5
27/80,0,0,0,1,0,6,5,1,-3,0,8,5,-9,-6,-6,-3,10,-13,12,4,14,12,0,-12,-8
55/67,0,2,0,-5,0,-5,-3,1,3,3,3,-2,10,-2,-6,-6,-4,0,0,12,-8,0,-4,3,-14
27/32,0,0,0,-5,2,4,6,1,-8,0,-9,10,-6,8,0,6,4,6,-2,2,-10,13,12,-12,-6
-10/31,1,-2,0,1,4,4,-4,1,-6,-3,2,2,-6,12,-10,-2,-4,2,11,-3,4,4,16,-12,-18
16/51,0,0,0,0,4,2,-2,-2,-8,-4,2,-2,-6,4,-1,-2,6,4,4,8,-4,-7,4,-14,-8
89/15,0,0,0,-5,-2,6,5,-2,-3,-2,-1,8,-5,-1,-11,5,-2,-2,-11,-1,5,12,-12,-13,-14
21/80,0,0,0,1,4,-5,-5,-2,0,-8,-9,-7,10,-6,3,6,0,8,3,15,-8,10,-4,2,14
11/41,0,2,4,3,0,6,-3,-2,3,9,-4,-8,6,8,12,-4,-12,-2,-11,-1,-2,-14,0,9,-12
94/25,-1,2,0,1,-1,2,3,-2,-3,7,-5,5,-4,4,-8,6,-7,0,8,-15,10,-16,2,6,-1
-74/33,-1,0,-2,1,-2,-5,-5,-2,3,-2,-7,-11,12,8,-8,10,-2,8,-7,-1,14,-14,6,-14,18
-71/35,0,-2,0,-5,-2,-5,2,-2,-9,6,-8,-2,-6,-4,4,-3,-14,-7,2,-12,12,11,3,1,-14
-247/2,0,2,2,1,-2,-7,-3,1,-8,6,4,-1,6,2,0,10,-12,1,2,5,-4,-1,11,-13,2
-497/3,0,0,2,1,-2,6,-1,1,-8,-10,1,10,-6,6,-6,-9,-9,-6,3,-12,-1,-4,-4,3,-1
-99/58,0,0,-2,3,0,1,5,1,-3,-6,8,11,12,4,-6,0,7,-2,12,-12,-13,8,-16,-1,-7
-94/59,-1,2,2,1,-3,6,4,-2,4,6,-8,2,0,8,-8,-6,10,2,-6,6,-10,-14,16,8,2
35/11,0,2,0,1,-2,0,2,-2,-4,3,6,-7,-2,7,-11,6,-14,-10,-8,6,-2,4,10,-1,0
49/17,0,-2,-2,1,6,-1,-2,1,3,-5,3,6,0,-1,0,-10,0,6,-6,8,-5,-8,-16,5,8
-99/53,0,-3,2,-5,0,-5,-1,0,-4,3,3,-5,-7,10,0,5,-10,-11,5,-15,-10,-4,-16,2,2
-102/55,-1,0,0,-5,-2,-5,-8,-2,0,-4,10,-5,-7,-1,-8,-6,-2,-6,2,-9,7,2,3,3,17
-104/81,0,0,0,1,4,-7,-4,1,-4,-1,10,8,-7,4,-6,3,4,8,4,-3,7,12,12,-10,3
-73/12,0,0,4,-5,-3,-5,4,1,-3,-4,3,-10,-1,-10,6,6,0,0,12,14,-11,1,-5,18,10
49/33,0,0,2,1,-2,6,-6,-2,-8,-4,-5,-10,12,12,4,-11,-14,-3,-5,16,-4,8,-6,6,-2
-27/65,0,0,0,-5,4,-2,-4,1,-3,0,-1,-2,-5,-9,3,-9,-7,-7,-3,15,0,-8,-3,6,-6
11/37,0,-2,2,1,0,2,5,1,-3,-4,2,-8,4,5,1,-6,-4,-6,5,-15,2,4,-3,0,10
21/73,0,0,0,1,-2,2,5,1,3,9,4,-5,6,2,-8,10,-9,-6,4,-6,-6,15,10,-14,-8
-17/297,0,0,2,1,-2,0,-8,1,-4,10,10,-7,0,9,4,4,-2,2,-12,15,-2,-9,0,-12,-5
-17/296,0,-2,-3,1,2,2,-8,-2,-8,-7,1,-8,-4,-12,-3,6,-12,1,-11,15,11,5,9,-12,-6
-3/73,0,0,2,1,0,4,-3,0,-3,2,3,-2,-6,6,-6,6,6,-2,12,-12,-6,1,1,10,-12
-76/97,0,-2,2,1,4,-1,2,1,-8,-2,3,-5,6,4,12,-11,6,2,6,-12,7,11,-4,9,4
-44/53,0,-2,0,3,0,-5,6,-2,-4,5,-4,-7,10,6,-8,5,10,-11,5,-12,2,4,0,-1,8
73/24,0,0,0,0,0,-1,-3,-2,0,-8,-7,-7,2,-12,12,-2,10,4,-14,0,-11,15,6,1,8
-50/37,-1,2,0,3,-3,6,-5,1,-8,4,-6,-8,-2,4,12,-4,-4,-6,1,0,2,-11,6,-6,-7
-47/36,0,0,-3,1,6,6,-6,-2,3,3,3,-5,-3,-10,-8,10,-1,-6,10,-7,7,15,11,-1,-1
53/780,0,0,0,1,-1,-2,3,1,6,0,1,-6,-6,8,0,-10,-1,-2,-6,-3,-13,8,-9,9,14
54/779,1,0,2,1,2,4,3,-2,-3,4,-4,11,6,7,4,6,0,4,-12,0,-5,6,6,-12,11
-43/35,0,2,0,-5,2,2,-3,1,2,-5,-4,-2,-6,-1,-11,-4,0,-13,5,-2,-14,6,5,3,-1
-86/7,-1,2,0,-5,4,2,6,1,4,-2,2,-6,-6,-1,0,6,-4,6,4,-12,6,8,8,0,-12
3/34,0,0,2,-5,-2,0,-2,1,-8,-10,2,7,2,-7,0,-9,7,-1,8,-13,0,10,3,-1,-2
62/47,1,2,4,-5,2,4,-1,1,-6,-8,-10,-2,-3,4,3,-2,4,13,-14,-4,-13,-16,6,-3,13
6/689,-1,0,1,1,-3,-2,6,1,-8,-3,1,2,-4,-4,-3,5,11,2,8,8,12,8,12,-10,8
10/691,-1,2,0,1,2,-5,-3,1,6,-1,-1,-6,-6,-9,12,-7,0,4,4,4,6,12,0,-17,-7
3/2279,0,0,3,1,4,-5,2,1,-3,6,6,-7,-5,-12,0,5,-12,10,10,-15,12,15,17,-8,14
2/1141,1,-2,-2,-5,-2,-5,4,1,6,-4,1,-8,-4,6,7,3,4,-1,12,2,-2,-10,1,10,12
1/1708,0,2,-2,-5,-3,-5,5,1,0,3,-8,-1,-6,-4,-7,-2,0,-4,8,-3,10,8,-4,-1,-9
1/1711,0,2,0,-5,-1,-5,2,0,6,-6,-9,5,7,-10,12,1,10,2,-10,-12,-5,11,-5,-14,17
11/6837,0,0,2,-5,0,0,5,1,-8,6,-4,-1,3,-12,-8,5,9,8,4,-1,-14,5,-16,-1,-2
4/2279,0,-2,2,0,-1,2,-3,1,6,3,-1,-2,-9,-12,8,5,-4,-7,11,-15,-2,4,-5,-6,-10
93/53,0,0,4,-5,-2,0,-3,-2,6,6,-10,-7,-6,2,8,5,-14,-8,-2,5,1,8,-8,6,1
-385/3,0,0,0,1,0,-6,-6,-2,6,6,6,-3,-7,9,0,5,-4,10,16,-12,14,-15,10,6,8
80/77,0,2,0,-5,-2,4,1,1,6,0,-9,10,6,9,1,4,-9,-1,10,-3,-14,12,-4,-14,-1
91/17,0,-2,-3,1,2,-7,-2,1,0,3,-5,8,2,-6,-2,-6,-4,-7,-10,-12,8,-12,1,3,-3
5/39,0,0,0,3,6,-2,4,1,-9,6,-1,-2,-6,12,0,-9,4,-6,2,12,-13,-15,-16,1,-2
103,0,2,2,-5,-3,6,4,1,3,4,1,6,12,-6,6,11,4,-10,-5,-9,7,2,1,-17,14
102/5,-1,0,0,-5,4,2,-8,1,6,5,-1,10,-5,1,7,-2,4,-8,2,4,4,0,-15,-3,8
-11/74,0,-2,0,1,0,-6,4,1,3,-5,3,-8,0,-1,0,-6,-11,10,10,8,11,0,1,-6,-6
-49/101,0,2,2,1,-2,6,5,-2,-3,4,-8,-5,-3,5,10,-2,0,1,-5,6,-14,11,6,-6,0
-86/39,-1,0,2,3,-3,-2,-1,1,-3,5,-4,-1,-7,-1,-8,-2,6,-2,-13,13,4,-10,2,10,3
647/6,0,0,-3,-5,4,-6,2,1,1,4,-1,-2,-3,1,12,1,0,-8,8,6,-6,8,17,6,-18
214,-1,2,2,-5,4,-6,-1,1,3,4,-4,6,8,10,-4,-6,-3,4,3,2,10,-15,6,-6,8
323,0,-2,-3,0,-3,4,-8,1,-3,-2,-9,11,-5,-2,0,-7,2,6,2,-15,-2,11,0,-3,-2
43/60,0,0,0,1,-1,6,4,1,6,6,-7,2,7,-1,0,-2,-4,6,3,13,-7,6,2,6,8
71/75,0,0,0,3,-2,4,5,1,6,4,0,-10,6,-6,0,-6,6,1,-10,-12,1,0,-3,-17,-7
-25/62,0,2,0,-5,0,-5,1,-2,-4,4,2,7,8,-4,8,10,-9,-11,-4,-1,11,-9,-12,-10,17
-83/17,0,-2,2,-5,6,0,-2,-2,6,3,8,-1,-6,7,4,-2,11,4,10,13,-13,-8,0,-12,2
-9/2,0,0,-2,1,-5,0,-3,1,3,10,3,2,6,-6,11,-9,-7,4,-10,-15,-7,8,-15,-7,17
71/58,0,-2,-3,-5,0,2,5,-2,0,-6,-8,-2,8,10,-6,1,-4,-6,2,-12,-9,11,-15,-16,14
67/58,0,2,1,1,-3,-1,6,-2,-9,-6,-1,-8,6,-10,0,-10,-4,5,-5,0,2,-8,-16,18,1
83/85,0,-2,0,1,0,2,-2,1,-8,-7,-5,-2,-6,10,-6,-2,0,1,14,-5,-1,12,0,0,-12
-16/45,0,0,0,-5,2,-6,2,-2,-6,0,-8,6,0,6,-6,-6,0,10,11,-4,0,13,3,2,-2
89,0,-2,2,-5,-5,4,-3,-2,-4,-7,-9,-2,-9,10,-8,3,-14,6,-11,-3,-5,-12,4,-13,-10
-60/83,0,0,0,-5,-5,2,-3,1,-4,6,6,10,-7,4,8,-6,10,2,3,3,-10,-8,-16,-13,-2
-3/542,0,0,0,1,6,-5,-1,-2,-8,10,6,5,0,7,0,5,0,-3,12,0,-6,-15,1,-6,-3
-5/269,0,-2,0,3,6,4,-3,-2,0,5,4,10,-9,1,-1,0,0,5,-6,-12,-13,12,3,3,-8
-13/1088,0,2,1,-5,-1,-7,-2,1,6,5,6,-7,-6,10,0,10,-4,-3,-6,5,-2,-8,-12,18,-2
-13/1086,0,0,2,0,0,-7,5,1,6,0,10,7,7,5,-6,-4,6,-8,5,6,14,0,10,-10,-2
9/692,0,-3,0,-5,-1,1,2,-2,-6,-4,-10,-5,-1,-1,0,1,7,-3,0,-15,-10,-6,2,6,-18
30/31,1,0,0,3,4,-6,1,1,-8,6,2,-3,-6,-10,-1,6,-1,0,2,-4,-6,-15,15,12,16
-5/676,0,2,0,-5,6,-2,2,-2,6,6,6,10,10,-1,-6,-11,-2,0,2,0,14,-9,6,2,-14
-25/53,0,2,0,1,4,2,-3,-2,-8,-4,-1,-5,2,-10,-6,5,-14,4,-11,6,14,-1,-5,6,-6
89/13,0,-2,2,1,2,-2,3,0,-8,-10,-1,-8,10,6,-6,-3,-7,4,-8,8,-5,-4,3,-13,-9
79/31,0,2,2,3,6,-5,-6,1,3,-2,2,-6,-4,4,0,7,13,-11,-11,0,-5,4,1,-12,13
67/26,0,-2,2,-5,-2,-2,5,1,3,-8,1,-8,-6,5,-6,-2,8,-10,-5,-12,0,15,-4,6,13
-1/190,0,-2,0,1,4,-5,5,-2,-9,0,1,-7,-1,12,0,1,11,4,-14,-12,10,5,6,-12,8
-35/6837,0,0,0,1,4,-1,5,1,-8,-4,10,-7,-3,-12,8,5,4,-12,12,3,-5,-15,3,-6,13
-6/977,1,0,-2,1,-2,2,6,1,1,7,10,10,-5,-2,4,-11,-4,0,-4,4,-9,-8,-13,3,-2
-43/6840,0,0,0,1,4,4,1,-2,6,-10,10,-5,-6,-1,1,4,-2,-3,11,4,-13,8,-7,-8,17
17/42,0,0,2,-5,0,2,-8,1,-3,-5,1,5,-6,-1,12,-4,4,6,-12,3,12,-8,12,10,-7
-5/73,0,2,0,3,-3,2,3,1,-6,3,-1,-2,0,8,0,5,-10,2,2,-9,-6,-10,-4,-8,-14
-14/93,1,0,0,1,2,-6,5,-2,-3,-5,2,-7,-5,-2,8,11,0,-4,5,-15,-13,8,-6,2,1
-43/33,0,0,1,-5,-2,-5,-4,0,-8,4,-7,-7,-1,-1,10,-4,-4,-13,11,4,-2,5,6,0,-2
8/93,0,0,4,-5,2,-5,4,1,6,4,2,-5,-6,4,8,-11,2,-1,9,0,2,-8,12,0,-14
-39/17,0,0,-2,0,6,-7,-2,-2,6,-2,-5,2,-6,1,12,-11,6,8,12,0,-13,11,2,-14,-10
-18/73,-1,0,2,0,6,2,-1,1,3,6,-10,10,-7,12,0,-3,-12,1,-11,0,-6,-16,-1,6,-2
-21/71,0,0,1,1,0,1,-1,1,-3,3,-1,10,4,-4,12,6,-4,-13,12,4,-6,0,-4,-1,0
-7/54,0,0,2,1,4,1,-4,1,6,0,-4,-2,-1,9,-8,1,-7,10,5,9,-13,-8,3,6,-14
-7/53,0,2,4,1,0,-6,2,1,-4,9,10,-7,0,4,-6,5,-9,-7,-10,8,-6,-14,0,-15,8
34/65,1,-2,0,3,6,-2,-8,1,-8,0,2,-7,-9,-4,0,7,6,-7,4,-3,11,-8,-1,6,-12
33/68,0,0,4,0,0,4,-2,-2,-3,-5,-8,10,-3,5,-6,-12,-4,-8,12,-5,-13,-16,3,-15,2
76/41,0,-2,0,0,-3,6,-5,1,-8,4,-1,-5,6,2,-7,6,6,-7,16,14,-11,-7,-3,1,12
26/61,1,-2,0,0,0,-7,-5,1,4,0,-5,6,-4,7,3,6,-4,-4,0,15,-4,-14,8,-14,10
31/60,0,0,0,1,-3,6,5,1,-8,4,-10,10,-3,-6,12,0,-9,8,14,16,-13,-16,12,0,2
13/30,0,0,0,3,-2,-7,4,1,-3,9,10,2,10,10,4,-12,-13,4,8,-4,-6,-10,-3,-9,17
-23/59,0,-2,2,-5,0,-6,6,-2,-7,-4,10,-8,-6,-12,4,-7,10,-10,16,6,-4,6,4,-14,17
86/81,-1,0,4,-5,4,6,-3,1,3,-4,-4,10,0,-1,0,-9,-1,2,-10,-3,-1,4,-16,-3,-1
26/73,1,-2,-3,-5,6,-7,6,1,6,2,-1,10,-4,-2,2,-6,4,1,-2,4,-6,-7,-3,12,-6
25/74,0,-2,0,0,6,2,1,1,-3,6,0,-8,-7,1,1,-12,2,10,-14,-9,-11,-1,7,10,8
-68/7,0,2,2,-5,2,6,-8,1,6,4,-1,-7,-7,8,0,5,-12,0,11,-15,-7,-14,-3,3,11
65/47,0,2,0,1,4,-7,2,-2,-9,-7,6,-7,-5,2,3,-6,-4,-7,-3,-3,14,8,-4,-15,14
-92/73,0,2,4,1,-5,-5,-6,1,-7,3,8,10,-2,-6,-3,-10,4,-2,2,6,-6,5,0,10,8
-88/73,0,-2,1,0,0,0,-3,1,-3,-1,1,2,4,4,10,-6,0,13,-12,-4,-6,-4,-4,5,17
-44/103,0,2,0,0,0,-5,1,1,-9,3,-1,-11,0,2,-11,11,4,6,-5,2,-4,-8,3,9,-2
-36/5,0,0,0,-5,2,4,2,1,6,4,1,-2,-6,-4,0,-2,7,-1,12,6,2,-15,3,0,-3
27/82,0,0,0,-5,-5,2,-3,-2,6,-5,6,-2,6,-1,-2,-11,-14,-2,2,6,-8,4,10,0,10
-64/53,0,2,-3,-5,6,2,-6,1,0,6,-1,5,-7,7,12,5,-5,13,-6,2,-6,-4,-7,-14,-7
40/41,0,-2,0,1,4,6,-3,-2,-3,9,-10,-5,6,1,6,-11,-12,5,4,-6,-2,-14,0,-17,-18
-50/47,1,-2,0,-5,0,2,-3,1,-9,2,-2,-3,-3,4,3,-4,-14,-5,-5,-12,7,10,4,-14,8
879/7,0,0,-2,-5,-2,1,-4,-2,0,6,6,-8,7,9,0,0,6,-5,-2,0,-5,2,0,-15,-8
96,0,0,4,-5,0,-5,5,0,0,0,3,-7,-6,-4,4,6,-3,4,-10,6,12,-4,5,-3,8
440/3,0,0,0,1,0,-5,2,0,-3,0,-6,10,10,-9,6,-4,11,-7,-14,0,-11,-16,4,10,-12
-11/64,0,2,2,3,0,4,1,1,-6,5,1,11,-6,-2,-6,0,6,1,4,-9,-13,5,-3,6,1
41/47,0,2,2,-5,6,2,5,-2,6,7,-1,-6,-4,8,3,-6,-9,-7,10,3,-5,8,14,-1,-12
81/89,0,0,1,-5,-3,-5,3,1,-9,-8,3,6,0,2,-8,6,4,1,8,15,-8,8,-8,-8,10
398,-1,-2,-3,1,-1,-5,1,1,3,0,-9,-6,-4,7,3,-2,4,10,4,2,-11,-16,3,3,-7
393,0,0,3,0,0,1,-6,-2,6,4,-8,5,-3,-4,0,-9,0,-1,-8,9,0,-7,0,-12,-12
1588,0,2,0,1,-3,0,1,-2,-3,6,2,-10,-4,4,6,-6,-1,2,-3,15,-2,-14,17,18,17
1582/3,1,0,1,1,-2,1,-5,1,2,6,-8,-10,6,4,-4,-3,6,-10,-5,5,-13,12,3,-14,-7
-13/61,0,-2,2,3,4,-7,2,-2,-6,6,-9,8,7,8,0,-7,8,-4,-8,-15,10,-8,2,-13,-6
81/83,0,0,3,3,0,4,-6,-2,4,4,-9,-7,12,8,8,6,-2,5,4,-5,7,1,-16,18,-6
20/99,0,0,0,1,-2,-1,3,1,-6,0,-2,5,1,7,-1,-3,-14,-5,2,-3,12,0,4,0,-7
-159/5,0,0,0,1,6,0,-4,-2,-3,5,-2,-7,-6,4,1,-10,0,-6,-6,6,12,-16,-4,18,-6
-647/21,0,0,3,-5,0,0,-3,1,-3,-5,3,-2,-6,-1,12,-6,-9,-11,12,4,-13,9,0,-12,8
-643/22,0,-2,4,0,-2,-5,-3,0,-4,0,6,5,-5,-1,6,-2,-9,1,14,-9,-10,12,-7,1,-2
65/32,0,2,0,-5,-5,-7,-1,1,-4,-5,3,-11,-1,-2,-6,9,-13,-5,-2,3,-4,5,14,-6,8
-73/31,0,-2,2,1,0,2,-3,1,3,6,2,-1,-5,0,-11,-2,-14,1,4,-9,-11,-15,0,10,-14
-74/31,1,2,4,0,-3,-6,-6,1,6,0,2,-11,8,10,1,5,9,4,-12,-7,5,0,17,9,-6
-79/31,0,-2,0,-5,-5,-5,5,-2,-6,-2,2,10,-6,10,4,-10,-13,2,12,-4,7,4,2,-1,6
73/78,0,0,0,3,4,-2,-4,1,-8,-5,-1,-7,-2,8,-11,-9,-4,-2,5,-15,-11,5,12,5,10
71/79,0,-2,1,-5,0,-6,-3,-2,4,-7,6,6,-1,-3,0,6,-11,-3,12,-12,4,-8,0,-4,6
-83,0,2,2,0,4,-5,-6,1,-3,-2,1,-6,12,10,7,-4,10,-7,5,14,-5,4,0,6,-18
86/61,-1,-2,2,1,4,4,6,1,6,3,2,-5,-2,-1,-2,-10,-4,-4,10,-12,-9,-1,-4,-1,12
-15/92,0,0,0,1,6,4,-1,1,0,-8,0,-6,-3,-10,-11,2,-2,4,14,11,-14,10,3,-6,12
-19/91,0,-2,0,-5,-5,-2,5,1,-9,-5,-7,-7,-9,-2,3,-4,6,8,-12,-15,-8,-5,-3,9,-8
-53/85,0,2,0,3,-2,4,-2,-2,-3,-5,-9,-8,0,-4,13,-10,-4,2,4,0,10,-8,14,1,12
-75/38,0,0,0,3,4,2,5,-2,6,4,2,7,6,9,-8,-7,6,8,16,-15,12,8,3,1,12
-71/36,0,0,2,1,-1,0,1,-2,4,2,1,-10,1,-1,-6,-4,0,1,8,-12,6,4,-4,6,-2
-83/95,0,-2,0,1,4,0,1,-2,-8,6,-5,2,-7,1,7,-9,0,-1,2,-15,2,15,0,-6,-14
-39/46,0,0,0,1,0,-7,4,-2,0,-2,4,-2,6,6,8,-6,5,-1,4,-9,14,6,12,10,6
-30/7,-1,0,0,-5,-1,-5,2,1,-4,-2,-5,8,6,12,0,-4,-2,-3,-10,13,2,11,-8,18,1
25/23,0,-2,0,1,-2,-1,1,-2,0,7,-2,-7,10,12,0,6,-3,-6,11,-13,-7,-10,6,10,-14
52/45,0,0,0,0,0,-7,2,1,-8,-2,8,-7,0,-1,0,2,-14,5,-11,-13,6,6,0,8,8
-23/67,0,2,4,3,6,-5,-5,-2,-7,7,-1,6,-9,12,4,-10,0,2,0,14,-5,-16,-12,-12,-2
-71/3,0,0,3,1,-1,4,3,1,3,6,-4,8,-1,2,8,7,-2,-6,4,-12,-11,-15,-6,6,-3
-19/71,0,2,0,1,4,6,2,1,6,5,-1,-1,-9,8,6,-6,8,1,-8,4,2,-10,-7,6,9
-19/69,0,0,1,-5,-5,-5,5,1,0,6,0,2,-2,5,0,-9,6,8,1,-9,12,6,3,2,11
-63/31,0,-3,0,1,-3,1,-3,1,6,-5,2,6,0,8,2,-2,-7,-8,8,0,-10,4,4,0,6
-82,-1,-2,3,1,2,-1,2,-2,6,-4,3,6,-4,-1,-8,-10,-11,6,8,-5,2,-16,11,-3,-6
-81/5,0,0,0,1,0,0,5,1,-6,6,-8,-1,-2,-6,-8,-7,-9,-8,1,-13,-1,1,-12,12,11
57/10,0,0,0,-5,0,6,-3,1,6,-8,0,10,-6,-4,2,-9,-4,13,4,-4,-1,-10,-3,12,-1
-67/100,0,-2,0,-5,6,6,-3,-2,2,-4,8,5,0,1,0,2,0,6,-5,5,2,-8,-16,0,-7
-26/97,-1,2,2,-5,-1,-7,6,1,0,0,-5,5,-6,-4,0,11,9,-5,-14,-8,-9,-14,10,8,4
-29/99,0,0,1,1,-2,4,-3,-2,-3,-10,-8,-11,6,7,1,6,6,-10,-11,-3,-6,8,-4,6,-14
-25/97,0,-2,0,-5,4,4,2,1,6,-5,8,-2,-6,1,0,-2,6,10,2,15,-13,-16,-3,-17,4
-21/88,0,0,-2,1,-2,6,-1,-2,3,-5,-4,-2,-6,7,-6,6,-12,1,4,8,2,2,8,-1,8
-20/87,0,0,0,-5,0,-5,1,1,0,-6,-2,10,0,1,0,-3,13,6,4,0,7,5,-16,-13,10
95/59,0,2,0,1,6,-5,2,1,6,-5,-1,-1,3,-7,-1,9,10,-3,-12,-13,2,-16,4,-14,12
-7/86,0,2,0,1,0,-5,-1,1,-3,6,2,-2,-4,-12,-8,1,-5,1,-2,13,4,8,-3,-14,-4
-1/44,0,2,4,3,-2,-5,2,-2,1,-1,10,-2,0,10,-11,-10,6,6,-14,11,10,-8,3,0,10
5/66,0,0,0,-5,-2,-5,-5,1,2,-8,-5,-8,-2,-9,0,-11,-13,10,-6,-8,-6,-9,8,-14,2
5/69,0,0,0,1,0,4,2,1,0,4,-1,7,4,-4,0,11,-14,-12,-5,-9,-2,12,-3,-2,-1
981/26,0,-3,4,3,2,-2,1,1,-3,0,-9,-2,-2,10,0,0,7,4,-12,-15,-5,15,15,10,-14
36/17,0,-3,-2,-5,2,-1,-2,0,-8,-8,-2,10,-3,6,-6,0,6,8,-3,16,2,-9,0,6,-12
-57/89,0,0,-3,-5,0,-1,1,1,-9,6,-1,10,0,0,4,7,6,4,4,8,-16,0,1,-8,8
-29/45,0,0,0,1,-3,-6,-6,1,2,-10,-5,8,3,8,-6,11,7,5,-3,8,2,-4,2,18,17
41/76,0,-2,0,0,-2,6,2,-2,-9,7,-1,10,-4,-1,-11,-9,-4,-10,-8,4,-10,12,4,6,6
75/86,0,0,0,1,-5,4,1,-2,-4,-5,2,-10,-4,-12,4,3,-4,-5,12,3,-2,-7,-4,0,10
-37/52,0,-2,1,-5,4,-2,2,1,-3,4,-9,-11,-3,9,4,-4,0,8,8,-1,5,8,4,-6,-1
67/10,0,2,0,1,6,-5,2,0,-3,-1,4,-2,-3,7,4,0,0,2,-5,8,11,-1,14,-14,9
95/89,0,2,0,-5,4,4,5,1,-4,-2,0,-1,0,10,0,6,-4,-5,4,6,-6,-8,12,-8,8
45/44,0,0,0,-5,-2,-1,-3,-2,1,5,-9,-2,2,4,13,1,6,-3,12,3,11,-12,-4,-9,-9
93/89,0,0,-3,1,4,6,-6,-2,-3,5,-10,-2,6,12,11,9,11,-11,4,-4,14,13,3,-8,5
-43/65,0,2,0,3,6,-2,2,1,-3,-1,-9,10,-6,-1,-8,-2,-12,4,2,3,-13,-11,0,5,1
-93/44,0,0,2,1,-2,2,-5,-2,1,-5,-10,6,10,-10,-11,6,0,-1,-4,-15,2,-10,-11,-17,1
-99/46,0,0,4,-5,0,2,-3,1,0,4,3,2,0,-4,12,0,0,4,-12,-3,0,-16,0,-14,9
-102/49,1,0,0,-5,2,-5,-8,1,1,0,0,-5,-6,-1,-6,0,6,-7,16,-12,-4,8,0,-3,-9
37/2,0,-2,4,0,-1,6,-1,1,3,-2,3,-11,-9,4,-8,-2,0,-10,8,5,-2,-14,12,10,8
85/28,0,2,0,-5,4,2,-8,0,-8,-7,-9,10,6,1,0,-2,6,-1,8,7,-5,-6,4,-12,3
-16/89,0,2,4,0,2,-5,-3,1,-3,0,-10,-1,0,4,3,6,10,1,3,6,1,-9,-4,-8,10
-13/90,0,0,0,1,6,-7,5,-2,6,6,-7,-7,-3,1,-6,-10,-9,1,-7,-3,-11,5,10,-1,-12
-1/30,0,0,0,3,-3,1,-3,1,-3,0,2,-5,2,-4,0,-4,6,2,-10,15,-2,8,8,-12,11
45/43,0,-3,0,3,6,-5,2,1,6,-8,-9,2,-7,-12,-8,-9,8,6,0,0,4,-14,12,1,-4
61/42,0,0,-2,-5,0,1,2,0,6,-1,-1,11,6,-4,-11,-11,6,-13,11,-12,-2,-15,4,1,-2
-4/977,0,2,-3,1,-1,4,-3,1,6,2,1,-2,-3,1,-6,-2,2,-8,3,12,-5,11,3,0,-3
-5/977,0,-2,0,-5,0,-5,-1,1,6,6,-8,-8,-4,-1,-8,10,0,-13,6,-4,-13,-14,15,0,-18
-35/6842,0,-2,0,1,-2,2,-6,-2,-3,5,-4,-11,-9,-10,6,1,-4,-1,11,8,-14,1,8,-1,-9
-17/3419,0,-2,3,1,-2,-2,-8,-2,-3,-2,-5,2,-7,4,0,3,6,4,8,4,8,-12,10,-15,-3
41/36,0,0,4,1,6,-5,6,1,1,10,-6,5,-4,12,8,-3,-4,13,10,-5,2,-15,0,-16,8
-49/16,0,-2,0,1,6,2,5,-2,3,-4,-9,11,6,2,0,-10,1,10,-12,8,-10,6,16,0,12
-5/72,0,0,0,0,-5,1,2,1,2,10,0,-2,12,7,0,3,6,0,4,3,-9,-6,-3,-1,2
59/9,0,0,2,-5,0,-5,3,1,0,9,1,5,-7,4,0,3,-12,-12,-7,-6,-10,5,-4,-3,-12
-3/20,0,0,0,3,4,6,3,1,-3,10,-1,6,1,4,0,6,-5,-1,-12,-6,5,9,-6,18,8
19/100,0,2,0,1,0,-5,3,1,3,-8,4,-2,-6,1,7,1,10,13,-10,-12,-6,6,4,-15,7
-97/83,0,2,0,1,-3,-5,-5,1,-8,-5,10,10,7,-6,-6,1,8,-2,0,-4,14,8,-16,18,8
-87/25,0,0,0,0,-3,-1,-3,-2,4,-10,1,6,6,-12,0,-7,0,8,4,14,-5,5,-3,2,-5
-87/28,0,0,4,-5,-1,0,-5,-2,-3,-10,-4,-7,0,1,-8,1,4,2,16,15,-7,10,7,-12,6
-60/73,0,0,0,0,-3,6,2,0,6,-2,3,5,-3,-2,0,11,-2,-13,9,-15,-6,-12,4,-15,-3
-22/103,-1,-2,2,-5,0,-1,6,1,-8,-3,-10,-8,-6,0,-6,-2,-4,10,0,-4,7,-10,3,-15,12
-44/65,0,-2,0,1,0,-2,-4,1,3,-7,6,-7,-6,-2,-6,-2,-4,-4,-11,-15,14,5,-9,-1,13
-41/63,0,0,3,-5,6,2,5,1,-8,6,-8,-10,-4,-1,-6,-11,0,-2,-13,0,10,1,10,-8,17
-59/49,0,2,2,-5,0,4,-3,1,3,9,-9,6,6,-1,0,6,-12,-2,2,-12,14,0,-3,-6,3
39/97,0,0,-3,3,0,-7,3,-2,-8,4,-6,-2,-3,2,1,-2,-11,-8,10,-3,-1,5,0,-1,4
92/77,0,2,4,-5,-2,6,2,1,-7,3,-6,-1,-9,7,0,1,-4,-5,-5,-15,12,13,-16,-2,8
-37/15,0,0,0,-5,6,2,-1,-2,-9,9,3,-11,3,4,13,7,-4,4,-12,6,-2,11,1,6,-2
-66,-1,0,2,-5,0,6,-6,-2,-8,0,-9,-2,6,4,0,-10,0,-13,12,3,-6,6,-12,-14,-1
-4948/73,0,-2,1,-5,4,6,-1,1,-3,6,10,11,0,6,0,9,11,4,1,-5,-6,-10,12,6,-1
25/58,0,2,0,1,-5,0,-5,1,0,-6,8,-5,4,8,0,-7,0,5,-13,13,-6,15,12,10,-10
28/59,0,-2,2,1,4,-5,6,-2,3,0,2,-2,-6,5,-6,-10,10,2,-12,-9,-6,10,0,-8,6
33/56,0,0,3,-5,0,-5,-1,1,-3,-1,1,6,0,1,-6,-9,0,8,-11,10,-6,0,-3,-9,-12
25/69,0,0,0,3,-5,1,-3,-2,0,-8,-1,-3,-6,-3,-8,-6,-4,4,-2,16,12,5,-3,-1,-6
23/71,0,2,0,1,0,-6,-6,-2,-7,-2,6,-2,-3,6,-8,6,6,-7,4,4,-11,11,2,10,17
-49/52,0,-2,0,1,0,-2,-6,1,3,9,-1,2,3,7,6,-6,0,-10,-4,6,-13,-9,2,9,18
-73/37,0,-2,4,1,-5,-5,-3,1,-8,0,-2,-8,6,2,-8,1,4,4,-13,-6,-11,-4,0,18,10
28/67,0,2,2,1,2,2,-5,1,-3,4,10,5,6,4,8,-6,13,2,0,-12,8,2,12,-14,0
24/65,0,0,0,-5,0,-2,-4,-2,-8,7,-1,-7,-6,2,0,-6,6,1,2,6,-13,11,16,-9,-7
56/83,0,2,3,1,-1,-6,-5,1,0,6,-9,6,2,-4,-8,6,6,-6,4,0,2,-10,-16,5,-1
-5/36,0,0,0,1,-1,-6,-5,1,1,7,1,-2,-6,-1,6,3,-9,-10,8,-12,-4,2,-3,-14,-5
-7/73,0,-2,0,1,6,-5,-6,1,0,6,-5,10,-3,2,-11,11,-4,4,-3,-9,-6,9,15,6,-10
-13/71,0,2,-2,0,-3,-7,1,-2,-3,0,-6,6,-1,-2,0,-2,0,-6,-3,4,-2,-6,-3,1,5
-69/7,0,0,-2,-5,0,-5,6,0,-7,6,1,-1,0,2,0,6,0,2,4,-15,0,2,12,2,-2
-94/13,1,-2,-3,3,0,-2,5,-2,4,-3,10,10,-6,-4,-8,-7,-1,4,-10,-15,-6,10,-7,0,18
-48/7,0,0,0,-5,-5,-5,5,1,-8,-10,-6,-7,12,6,4,-2,0,6,-12,5,11,12,2,6,-6
-100/13,0,-2,0,1,4,-2,-3,1,6,0,-5,6,0,-9,8,6,-11,-6,-2,7,10,1,-15,6,1
-23/421,0,2,-3,-5,4,4,-1,1,-7,-5,-4,8,-3,-10,-6,6,0,10,-13,-9,5,-15,10,0,-18
-20/421,0,2,0,0,0,-1,2,1,3,-10,1,-7,4,8,4,6,10,-3,8,12,2,-14,12,18,8
-3/22,0,0,2,-5,-2,-5,-3,1,-8,-5,-8,-2,-9,4,4,3,-12,2,2,13,-2,8,-4,10,13
-4/41,0,2,4,-5,4,4,2,1,6,3,3,7,6,4,13,6,13,-10,-6,9,2,8,-3,-1,-6
-49/24,0,0,1,1,-2,-5,-1,-2,-4,-2,2,10,0,-9,-6,10,-7,4,5,3,-16,10,4,18,10
-80/33,0,0,0,-5,-2,-1,6,1,-3,0,-1,-7,10,12,-8,-14,0,1,4,-9,-13,9,0,1,-9
-79/30,0,0,0,1,0,1,1,-2,-3,-5,8,-1,0,8,-8,-6,0,-11,3,3,-1,4,0,-6,8
-77/30,0,0,0,1,0,2,5,1,1,10,0,10,-9,-3,-8,-2,8,10,-11,0,10,-14,-7,-6,14
-63/86,0,0,2,1,-3,2,2,-2,-4,-4,-5,-8,2,-12,4,-2,-3,-6,-4,-8,12,-8,3,-1,-3
-59/81,0,0,0,0,6,0,-6,-2,-4,-4,1,10,-6,1,11,-6,-12,0,-8,-1,-14,-12,7,10,-14
72/49,0,-3,2,-5,6,0,5,-2,-3,0,-10,-1,8,-12,0,-3,7,0,4,6,-13,-4,-4,-1,2
71/47,0,2,3,3,0,-5,6,-2,6,-5,10,5,-6,8,3,11,4,13,0,-12,-1,-11,-4,0,-12
30/53,-1,0,0,-5,4,-5,5,1,-3,2,2,-7,2,10,12,5,-1,-10,-14,3,4,10,12,-17,2
6/67,1,0,3,-5,2,1,5,1,-4,7,-9,-2,6,7,12,6,6,10,0,-12,1,12,10,-10,-6
89/22,0,-2,-3,-5,-2,6,5,-2,-8,-5,-4,7,8,-4,11,-2,-2,1,12,-6,11,-7,6,-13,-14
-13/79,0,-2,2,-5,6,-7,2,1,-3,-1,3,11,-6,12,-1,-4,-1,-5,4,6,-4,-8,-4,10,-2
87/40,0,0,0,1,-2,-1,-5,1,-4,-10,-1,6,-5,-7,2,-4,-12,-8,-10,2,-6,8,-4,-7,-5
-9134,1,2,0,0,4,-5,6,1,-4,4,3,-2,8,-4,-11,-3,-9,10,12,6,2,-9,-11,-6,-2
-9132/5,0,0,0,1,-3,-5,-3,1,-3,-10,0,-1,0,-7,-11,6,-4,6,4,-7,2,11,3,-3,17
-43/39,0,0,0,-5,-1,-2,2,-2,-6,4,-1,-10,-6,-1,0,-9,-9,8,-3,-12,12,11,-9,-10,3
-45/37,0,0,0,1,0,1,-6,-2,-3,-1,-1,-8,-6,1,0,-4,0,6,-14,-15,14,0,10,6,-2
-67/75,0,0,0,1,2,-5,2,-2,6,-5,-6,10,-2,-4,12,10,-4,-6,-5,2,-8,-16,-16,-15,-5
-61/5,0,2,0,1,-5,-6,5,-2,-4,4,-7,-5,0,2,-11,10,10,-13,16,-1,-2,-6,2,1,12
-4996/11,0,2,2,-5,-2,0,5,-2,6,2,-1,-5,6,7,-7,6,-5,-13,-13,-4,-2,12,0,-3,2
-831/2,0,0,-2,0,0,6,4,1,6,-4,3,-5,2,-10,-11,-3,10,-10,8,-6,-4,-4,4,-6,12
-1246/3,-1,0,3,1,6,-5,-3,1,4,10,-4,-8,-7,1,8,-2,-3,10,2,-1,-6,5,-8,-13,-12
-18/31,1,0,-2,0,0,6,-5,1,-3,7,2,-2,10,1,0,-6,-4,2,-10,12,-5,-9,0,18,13
37/76,0,2,-3,-5,4,2,5,-2,6,2,-9,-11,4,6,7,11,8,4,11,11,2,-10,16,6,14
-82/103,1,-2,4,1,4,-5,2,1,-8,9,-4,8,-4,1,0,-2,13,8,-14,-12,-6,-15,16,6,-3
-85/97,0,-2,0,0,-3,2,-8,1,2,-4,-6,2,6,-1,-7,-11,9,6,14,4,-7,4,7,6,4
-89/78,0,0,-3,1,6,-2,2,-2,6,-8,-1,-11,-6,4,13,-10,6,-7,8,9,10,-12,2,-13,8
34/63,-1,0,3,-5,4,-1,-8,1,6,4,3,10,8,-4,-6,-2,-4,-6,8,-12,-2,9,-16,-6,8
37/61,0,2,2,1,0,6,-6,-2,0,6,-7,-11,6,-7,12,-6,0,-4,-4,-6,-8,10,-5,-7,-14
-4/63,0,0,2,-5,4,0,5,1,-6,-4,-9,-10,-1,-6,-6,6,4,5,12,7,2,-11,-7,-3,-4
-2/33,-1,0,4,0,-2,-1,-6,1,-3,3,1,-5,-1,-1,-6,6,-5,-3,11,-2,0,10,10,9,9
-55/82,0,-2,0,3,0,-1,1,-2,-8,4,-5,10,6,10,13,-2,-4,-1,-12,3,-13,-14,-8,0,17
-59/82,0,2,0,-5,0,-5,2,1,-4,-4,3,-7,6,-1,2,-10,-12,-5,-4,0,14,13,0,18,13
88/21,0,0,2,-5,0,4,2,1,6,-10,4,10,-6,-3,10,-4,0,-2,12,9,-7,-8,1,18,3
-28/37,0,-2,4,1,-3,2,-6,1,-8,4,4,-8,-9,-10,-11,-3,6,-7,-14,3,-2,12,16,-14,14
-14/19,-1,2,1,1,-5,0,-1,-2,-3,9,-9,-7,2,4,-8,6,-2,2,5,4,7,-4,-3,6,6
84/25,0,0,0,1,2,6,-6,-2,-9,-5,8,-6,-6,0,6,11,0,6,8,4,-14,8,10,-14,-6
84/23,0,0,-2,1,4,4,2,1,0,6,-5,-1,8,-1,4,6,-3,10,-14,13,-4,11,-6,-14,13
-11/54,0,0,0,1,0,2,-6,-2,-3,10,-9,-3,0,10,13,6,-14,-10,8,13,-10,-6,8,2,-14
37/326,0,-2,-3,-5,6,4,4,1,-3,-8,3,-11,-7,1,11,-6,4,2,3,-9,-1,15,-7,12,16
12/109,0,0,3,3,6,-5,-4,1,-8,3,-2,-1,-6,12,-3,-14,-4,-1,-10,3,0,-10,3,12,8
76/649,0,2,1,-5,-2,0,2,1,2,0,-2,2,-5,-10,4,-2,10,-7,9,7,2,5,4,6,13
80/649,0,-2,0,1,-2,4,-3,-2,-6,-7,-1,-8,-6,4,-8,-6,10,13,6,-12,-5,-10,-7,10,13
80/11,0,2,0,1,-2,6,5,1,-3,-7,-9,2,-1,-10,-7,1,0,4,4,-6,-10,15,4,18,-10
-47/23,0,-2,0,0,0,6,6,1,0,5,-6,-1,-6,-1,-8,4,0,8,-12,-15,-2,-7,-3,-3,-12
-29/18,0,0,-2,-5,6,0,2,-2,-3,-10,2,-2,4,-3,2,3,2,-13,-14,15,-2,6,0,-6,-14
-84/79,0,0,1,1,-1,6,2,-2,6,-2,6,6,4,-12,-6,10,-4,-11,6,6,-4,-8,2,6,10
-7/65,0,2,0,1,4,-2,-3,-2,-9,0,-1,-7,-9,1,0,1,0,-3,4,4,-4,1,2,6,3
-93/32,0,0,2,3,4,-5,-3,1,-3,-1,-10,2,-3,7,0,0,0,0,-6,-4,-1,5,4,10,-12
-95/34,0,2,0,-5,-3,-6,-2,1,2,10,-1,10,0,-6,-3,-7,-4,0,12,13,-10,10,0,-15,8
52/5,0,-2,0,1,2,-7,1,1,-3,6,-4,-2,0,-10,2,4,0,2,-11,8,-11,8,2,0,13
90/79,-1,0,0,3,-5,6,-6,-2,-3,-2,-4,10,-1,0,0,-11,0,-1,-12,6,2,-8,12,1,8
-19/714,0,0,1,-5,0,-6,-2,1,0,6,3,-2,2,5,-8,1,-10,6,-6,4,4,-11,7,9,-12
-17/712,0,2,2,-5,-1,2,-8,1,-8,-5,8,-1,-6,-10,7,2,7,-2,8,-4,-9,-1,0,-8,6
-44/83,0,-2,3,1,0,6,2,-2,6,4,1,-6,-6,1,-1,1,1,5,-7,8,-2,5,-16,-12,-7
-47/85,0,2,0,1,-5,2,-2,1,6,0,-6,2,-9,-1,-8,-4,4,4,5,3,-5,-14,-4,12,0
-33/13,0,0,2,-5,0,-2,-3,1,-3,6,2,-1,-4,-7,-10,-4,-2,4,-2,4,4,1,2,6,-9
-91/34,0,-2,2,1,0,-7,-2,1,-8,-4,3,10,0,5,0,-6,4,4,11,-3,-13,-1,-16,12,6
97/41,0,-2,2,0,0,1,-4,-2,-4,-2,10,-2,6,8,0,-2,-9,2,11,-3,-2,-6,-8,-6,8
99/40,0,-3,0,3,0,-5,-3,1,6,0,3,5,-3,-4,12,-2,0,-13,-12,3,-13,1,-12,12,-14
-38/7921,1,2,-2,0,2,2,-3,1,2,-4,8,-8,7,5,12,7,-7,-4,6,-15,-13,-4,4,-8,-12
-41/7923,0,0,-2,1,-5,-5,-1,-2,-3,-1,-9,2,-4,12,-8,6,1,10,4,-3,14,15,7,-10,11
34/21,1,0,1,-5,6,2,-8,-2,2,5,-5,-2,0,-6,-8,6,-2,8,10,3,6,4,-3,6,9
-17/21,0,0,-3,-5,2,-6,-8,0,-4,9,3,-2,-9,5,-6,-11,-2,-1,4,-9,2,0,14,12,2
1012/15,0,0,0,-5,0,6,-3,-2,-7,2,-1,-6,12,-1,-2,6,-11,-7,4,-1,4,8,-16,6,12
1009/17,0,-2,0,-5,4,0,-2,1,1,6,2,10,4,1,10,11,-12,-7,5,-15,-11,-8,0,-3,8
100/89,0,-2,0,1,-5,0,-3,1,-3,0,6,-5,7,-10,-6,-2,8,-5,-14,-9,2,-12,6,-8,17
102/91,1,0,-2,-5,-5,-2,-8,-2,-3,4,3,-1,6,1,1,-2,-4,6,4,-13,7,-16,1,10,-4
-76/85,0,-2,0,0,4,-5,-2,1,-3,0,-7,-7,-7,4,0,-2,-4,8,12,6,-4,1,4,8,7
-80/89,0,-2,0,-5,0,2,2,-2,-9,-10,-1,10,-6,4,-11,-2,-7,10,-4,-15,10,6,-4,-8,-7
95/7,0,-2,0,-5,-5,-5,3,1,3,-8,10,-2,0,-9,-6,-10,6,4,11,0,4,-8,0,-9,-10
37/19,0,2,-3,1,2,-5,-1,-2,6,-4,0,-11,-4,7,0,1,13,6,2,-1,-11,-15,-7,-1,1
53/91,0,-2,-2,-5,-2,-2,-5,0,-6,-4,-1,2,2,4,0,-10,13,10,-4,4,-6,10,-12,-14,-7
51/89,0,0,2,1,4,6,-8,0,2,4,-9,5,-3,-6,-6,11,-4,-13,3,0,10,6,-7,-8,-6
-7/26,0,2,3,1,-5,-2,2,1,-3,-5,-1,-8,-5,12,-11,-2,-2,-10,-14,-12,-11,10,16,-13,-1
-24/31,0,0,4,1,-5,1,-3,-2,-4,-5,2,-8,0,4,0,-4,-4,13,5,6,0,1,3,-14,11
-5526,1,0,1,-5,4,6,3,-2,-8,9,1,-11,8,8,4,-2,-1,2,-14,10,2,-1,-1,-10,12
89/44,0,2,4,1,-2,2,2,1,-3,-2,-1,10,6,10,-2,-6,6,-7,-10,16,-6,10,12,-13,13
86/45,-1,0,0,3,0,2,2,1,2,0,0,-7,-6,-1,-1,6,-11,-3,9,-12,12,-9,6,-7,-7
49/946,0,2,1,1,-2,2,-5,1,-3,3,-5,11,-4,-12,-11,-2,-1,1,3,-9,-13,-16,-6,10,10
46/945,-1,0,0,-5,0,-5,-3,1,-7,4,2,-1,2,4,0,6,-10,8,-11,-2,-11,10,-12,10,-3
4/55,0,2,0,3,-2,2,4,-2,-8,-10,-9,6,-6,1,-8,-6,4,6,-11,8,-5,6,7,0,6
66/35,-1,0,0,-5,0,1,5,1,-8,4,2,-8,-4,0,-6,-2,6,4,2,-8,-1,11,15,12,5
32/17,0,2,4,1,0,-5,-2,-2,6,6,3,-6,7,-12,-8,-7,-4,-1,-14,0,11,-14,16,-14,10
101/93,0,0,3,-5,4,-5,-6,1,-3,-5,2,-2,-9,-3,10,-11,-4,2,-8,8,-5,-14,-1,3,8
92/99,0,0,-2,0,-2,-5,-4,1,-7,-1,-5,-2,3,-6,6,-6,-1,-8,16,5,10,0,0,0,12
-454/63,-1,0,2,-5,-5,-6,3,-2,-4,-7,3,10,-9,8,2,11,0,-6,3,-15,7,-14,3,-12,9
-456/65,0,0,0,3,4,-2,3,1,-4,-8,3,2,-7,5,12,-3,-12,13,-13,3,2,-12,-3,8,-9
-28/465,0,0,0,1,0,-5,4,1,-4,4,2,10,-9,-4,-6,2,6,2,2,4,10,1,3,-1,-14
94/49,-1,2,4,-5,6,6,-3,1,-6,-2,10,2,-7,6,-8,1,-13,1,-12,8,-5,12,0,10,14
88/53,0,-2,4,0,0,2,-1,1,2,2,-10,-11,12,-1,-8,5,4,-4,-12,4,-2,12,6,0,-14
-100/43,0,-2,0,-5,-5,2,-3,1,6,-8,-6,-2,8,-12,0,6,-2,1,6,-12,-5,6,-13,-12,-18
-79/53,0,2,3,3,-5,6,2,1,-3,10,-9,10,-1,2,-4,5,8,-3,8,-9,-16,4,4,0,-2
-77/53,0,-2,0,1,0,2,-3,1,1,-1,3,-5,-6,12,-8,5,5,2,-4,-12,8,5,-10,1,16
-25/58,0,-2,0,-5,6,4,5,-2,-9,-6,-1,11,0,2,4,1,-7,-10,0,0,10,-11,11,2,2
13/33,0,0,0,-5,-2,-7,-3,1,-4,-2,-1,-1,-3,10,0,-6,-4,-12,-12,13,-10,-7,-4,-6,-3
47/16,0,-2,2,1,4,6,-3,1,-3,-5,2,5,7,7,-8,1,-14,-8,-2,-12,8,-7,12,3,-5
-64/91,0,-2,4,-5,0,-2,6,1,6,9,2,10,-7,-1,6,6,6,1,2,-5,-8,10,1,2,2
-48/259,0,0,2,-5,-2,-1,2,1,-3,-3,-8,-8,-1,4,0,6,-2,-1,4,7,0,-5,4,6,2
-49/260,0,2,0,1,-3,-2,2,1,-6,7,-1,-7,-6,4,-10,-2,-7,10,3,3,-2,-8,7,-3,17
-51/265,0,0,0,1,-3,-5,-8,-2,-3,0,-4,-5,-3,2,-7,5,-4,-2,-14,5,-4,0,12,-12,2
-51/263,0,0,-3,3,4,-1,-8,-2,3,-10,-5,-2,-6,8,4,0,4,-5,4,2,-8,-1,3,9,14
7/75,0,0,0,1,-1,0,4,1,-3,-8,-1,10,12,9,-8,-9,2,4,4,5,5,0,2,6,-12
86/13,-1,-2,-2,-5,6,-2,-3,-2,-9,7,-5,10,0,-1,-7,-2,0,10,14,16,-16,5,5,12,-19
-97/105,0,0,0,-5,-3,6,-3,1,1,6,1,-5,0,-1,-1,-2,6,8,4,-15,-2,-8,4,6,8
-95/102,0,0,0,1,4,0,-2,1,6,9,8,11,7,1,0,-4,-7,-11,4,6,-8,5,-16,12,-5
-97/100,0,-2,0,-5,-1,-5,-5,-2,6,-8,-9,6,1,4,0,-2,0,-1,6,12,2,13,6,0,8
-81/100,0,0,0,-5,4,-5,5,1,6,-2,0,-8,6,7,4,-10,0,5,16,6,-13,-9,2,2,17
70/93,-1,0,0,1,-2,-1,-3,-2,-3,-7,2,6,6,-4,-8,-3,11,1,3,6,5,-5,0,-15,-1
-63,0,-3,-3,1,-2,0,2,-2,2,-3,1,10,-3,1,-11,6,-2,5,11,-12,-4,8,1,-15,-14
99/95,0,0,0,1,0,0,5,-2,6,4,3,-5,-5,7,12,-2,-4,1,-2,4,-6,10,8,18,8
50/51,-1,0,0,-5,-3,0,-2,-2,6,-8,10,-6,-6,-6,0,6,-4,-13,-11,-9,0,-8,-3,-7,8
87/65,0,0,0,-5,-5,-2,2,1,3,-10,-4,-2,-3,4,0,7,4,1,9,-3,-14,-7,15,-1,8
-53/31,0,2,-3,0,6,-5,6,-2,6,-5,2,-2,-3,12,-6,-10,6,10,3,6,-8,-1,15,0,-1
-89,0,2,0,1,6,0,-3,1,-8,-1,-10,-7,-3,4,12,6,-4,-2,12,8,2,-15,-16,-13,8
-68/19,0,2,2,1,0,-6,-8,-2,-8,4,4,-8,-6,-4,0,-6,-4,8,2,-9,-2,11,2,-15,8
19/83,0,-2,3,1,4,-1,3,1,-8,-5,-9,6,-3,12,0,5,0,-3,-11,2,-14,-8,-16,-14,12
83/90,0,0,0,0,-2,-5,2,-2,-6,-10,-2,2,-5,-4,-6,6,6,4,1,9,-13,-6,0,-7,10
77/46,0,-2,-3,1,0,4,2,1,0,-2,2,-7,12,4,0,6,4,-5,-12,-15,4,2,16,-10,8
75/46,0,0,0,3,6,6,-6,-2,0,4,-5,5,2,-4,11,0,-13,-13,8,-12,-2,-16,6,5,8
10/83,-1,-2,0,-5,0,0,6,1,0,-5,1,-10,10,7,-3,6,-7,1,2,-5,-16,8,-16,10,-18
78/11,1,0,-3,1,-2,-7,-3,-2,-3,6,-2,-10,-7,7,6,3,-5,-8,12,8,2,4,1,-9,-2
-79/29,0,2,1,-5,2,-5,-4,-2,2,-6,-2,5,10,8,0,-11,7,5,8,-12,7,4,0,-6,-18
-33/53,0,0,2,-5,0,-6,-4,-2,-3,-3,-1,-6,4,-6,-6,5,10,-1,2,-12,-6,15,3,-12,-2
1010/17,1,2,0,3,4,6,-2,1,6,-1,3,-2,6,0,-3,-9,9,2,8,15,10,8,-1,10,-13
-99/98,0,-3,-3,-5,0,2,6,1,6,7,-5,-5,-7,0,1,3,-2,-1,14,8,14,-14,10,9,-14
-98/99,1,0,-3,1,-2,-5,-1,1,-3,4,-7,10,4,4,-6,-2,-14,-7,-12,-9,-13,-16,-4,-17,-13
-104/97,0,2,3,1,0,-7,2,1,-6,6,-5,10,-5,-7,0,1,0,4,12,6,-14,-16,-16,-1,4
-332/37,0,2,2,1,4,2,2,1,-9,-7,8,-8,-6,-2,12,-12,4,13,8,-15,-16,11,0,12,0
-17/73,0,2,4,1,4,-6,-8,1,-3,-3,-8,-2,-1,-2,-8,-4,5,13,14,-4,-6,8,10,-7,-19
13/47,0,-2,1,-5,0,-7,4,1,-3,-5,-9,-2,8,-7,3,6,0,2,4,-9,-7,11,-4,-14,-18
25/94,0,2,0,1,2,-5,3,-2,-3,4,-7,6,7,6,3,2,-13,-2,-8,-13,-1,13,-16,-8,-5
56/87,0,0,0,1,6,6,5,1,-8,-6,2,-5,3,-1,8,-9,-2,4,-12,-15,-6,11,-3,18,-7
29/67,0,-2,-3,1,4,-5,2,0,-4,-10,3,-2,8,10,13,4,-9,-2,0,-6,14,-8,-4,0,0
-57/68,0,0,2,-5,6,6,-2,1,3,5,6,-6,-9,-3,-1,6,13,6,-3,3,10,-7,-15,6,0
2/67,-1,-2,4,-5,-1,2,5,1,-4,-8,10,-2,-3,-6,-2,-6,-11,2,0,-15,4,6,3,-17,-8
-4/61,0,-2,0,1,-2,2,2,1,1,-10,-10,-1,6,4,10,-4,6,-4,5,2,0,4,-3,10,0
-6/91,-1,0,2,-5,0,-2,3,-2,2,9,3,-8,0,8,4,-9,13,5,4,-3,4,12,1,-12,8
-19/178,0,-2,0,3,4,-5,-3,1,3,-5,-1,-2,6,-1,-11,0,7,10,-6,-9,2,-16,-10,-8,-4
56/59,0,2,2,1,-2,-5,1,1,-4,-1,-6,-5,0,-4,0,-2,10,-2,6,3,6,6,-3,-13,17
-23/81,0,0,2,3,0,2,-1,-2,-7,0,-1,10,2,-3,6,2,0,13,5,3,2,13,-3,-17,-18
-17/81,0,0,3,0,-3,1,-8,1,1,-1,-10,-11,-6,-12,0,-10,0,8,-14,-7,-6,6,-7,1,8
-94/51,-1,0,4,1,4,1,-2,-2,6,4,8,-7,-9,10,-8,7,6,-1,5,15,2,4,12,12,8
81/26,0,0,4,-5,-5,-2,-4,-2,0,-7,-8,5,-1,-6,0,11,0,1,5,5,14,6,2,18,-9
4/25,0,2,0,0,4,-1,-4,-2,6,0,-1,-8,10,4,1,-3,6,-1,-14,4,11,-16,-16,5,17
74/7,-1,-2,3,-5,0,-5,-3,1,0,2,0,-11,-3,1,-8,1,0,6,12,-15,7,9,-3,-6,13
-729/25,0,0,0,-5,6,2,-3,1,-3,4,-9,5,-7,-10,-11,10,4,-1,10,-15,-10,-14,-3,-13,-14
-731/22,0,2,0,-5,-2,-5,-8,1,6,-4,-6,6,8,-1,-2,-2,0,2,-2,-15,-5,8,14,-1,-14
-85/19,0,-2,0,-5,6,2,-8,-2,0,2,-1,-2,-7,5,0,6,0,6,-14,4,2,-14,5,-6,8
-13/49,0,-2,0,-5,-3,-7,5,1,3,-3,2,10,-3,2,0,6,0,-8,-11,-12,14,-10,-15,-3,7
309/26,0,0,2,3,-2,-2,-5,-2,3,9,-7,-5,-5,4,8,6,-2,-2,4,-15,-2,10,8,1,-18
38/3,1,0,4,0,0,-5,1,1,-3,5,1,-7,12,2,0,1,0,-2,-14,-5,-8,12,0,18,18
-47,0,2,2,1,0,-5,-3,-2,-4,4,0,11,0,-3,-8,-10,6,10,8,-12,10,-10,4,3,2
79/107,0,-2,-2,0,-2,-1,-4,1,-6,-5,1,-2,0,-7,-6,-4,-7,-4,2,13,14,4,6,-9,10
-49/78,0,0,2,1,2,-2,1,1,-3,0,-9,-10,-7,4,12,-3,4,-2,4,-12,14,-8,-3,3,6
-25/38,0,2,0,0,2,6,5,-2,2,2,1,-8,-7,2,-6,-4,6,-6,-10,-12,-7,4,12,-12,-6
76/77,0,-2,0,-5,-2,0,3,1,-8,-2,3,10,-3,-4,6,0,-3,-11,4,-5,6,-4,14,3,6
32/43,0,-2,1,-5,-5,-5,-3,-2,-4,2,-9,-6,6,-12,8,6,6,-1,4,13,-11,4,6,-12,12
71/81,0,0,0,1,-3,0,6,1,0,6,2,2,-1,10,6,0,6,4,-10,-12,-4,4,4,-14,-18
71/85,0,-2,0,0,-1,6,-2,-2,-8,-5,-9,-6,10,9,1,-4,4,-11,-12,-12,12,8,-16,-14,18
25/93,0,0,0,1,4,-6,4,1,6,0,2,10,1,-2,3,7,4,1,11,8,14,-9,-13,-4,11
-39/31,0,0,4,0,-2,-7,-3,-2,-8,-3,2,-7,6,-7,0,10,13,-3,-10,8,2,-6,-7,-15,-12
6770/47,-1,2,0,3,0,4,3,-2,6,-5,-2,10,0,4,3,2,6,-3,-12,6,10,-14,11,-12,-5
3386/25,1,-2,0,3,-2,6,5,-2,4,0,-10,-7,-3,10,0,-14,1,-4,-3,3,14,13,-11,5,-12
2256/17,0,0,3,3,-1,-5,-2,1,-3,6,4,10,-4,1,-8,6,0,1,-2,-9,2,-16,-11,10,-6
47/66,0,0,2,-5,-2,-5,-6,0,-3,-3,-10,-2,2,-6,-8,-10,-4,-1,8,3,4,-4,0,-3,10
-711/11,0,0,1,1,-2,4,-3,0,-9,-2,3,-1,-5,4,-6,-6,0,13,12,-1,2,4,4,-10,2
-713/13,0,2,1,1,-5,-2,-3,1,-7,0,-10,-7,-3,12,-7,6,6,-7,2,9,4,-6,15,2,-7
-179/4,0,2,1,1,-1,-5,-6,-2,3,-4,-7,-7,0,4,8,1,-4,10,-4,0,-4,-8,0,-2,2
92,0,-2,2,0,-3,2,1,1,-7,-4,1,10,10,-4,0,-2,13,4,8,-3,6,6,15,3,8
2/49,1,-2,-3,-5,4,-5,3,-2,-6,5,2,-1,-1,1,2,-4,-4,-2,8,-1,11,10,4,-7,-2
-71/20,0,-2,0,0,0,2,3,1,-6,-3,-4,10,-3,4,-6,-3,8,8,0,-12,2,-10,-9,-10,10
74/47,-1,2,2,-5,6,-6,1,1,-3,-5,-2,-11,7,4,3,-4,-4,2,10,0,11,0,2,-7,-4
-61/52,0,-2,3,3,-1,-2,1,1,-3,6,3,-6,4,-2,-11,6,0,-13,3,4,11,0,10,-14,-18
-60/49,0,0,0,-5,6,6,-3,-2,-8,-8,2,-3,0,4,0,-3,4,-1,3,-15,-10,0,1,0,-9
55/4,0,2,0,-5,0,-5,4,1,6,0,6,5,-3,10,4,-2,4,1,-11,6,-7,6,-4,-6,-18
55/3,0,0,0,1,0,2,1,1,-8,0,-1,-1,8,-1,1,3,-4,5,4,12,-10,6,14,10,18
-19/58,0,-2,3,0,-5,6,1,1,6,-6,-4,-7,2,-10,0,6,0,2,-14,6,0,6,-4,-10,-14
-22/63,-1,0,4,-5,0,4,4,1,-9,9,-5,10,12,1,0,3,-12,-4,-4,8,2,6,3,-7,1
-25/64,0,-2,0,3,4,6,-6,-2,-3,7,3,-2,-1,8,10,6,-1,5,14,-12,6,13,4,-6,14
48/25,0,0,0,-5,4,-5,-5,1,-3,-5,1,5,-6,-1,13,4,11,-10,0,7,1,4,-6,-6,-1
-71/75,0,0,0,-5,0,0,-6,-2,-3,-10,4,-2,6,-1,-4,-14,-14,13,12,-12,-16,-7,-16,18,-9
61/69,0,0,1,1,-1,6,-1,-2,0,-3,-1,-5,-4,-1,3,-2,6,-13,-11,3,-8,-6,6,-12,-19
8/63,0,0,0,-5,-5,-1,6,-2,4,3,-1,-1,-3,4,-8,-9,-2,-13,8,-8,-2,12,3,18,-14
11/71,0,2,0,-5,0,-5,5,-2,-8,-5,0,-2,12,2,3,-11,-2,-13,14,4,-2,-16,4,12,2
75/26,0,0,0,0,4,-2,2,1,6,-2,4,-5,-5,12,-10,10,-10,13,9,3,-1,-6,6,6,-19
37/13,0,2,1,-5,-1,-2,6,1,-8,3,1,-11,1,-1,8,-9,-2,4,10,0,-4,-16,4,0,17
-53,0,2,-2,3,-1,6,5,1,-6,-4,-5,-2,-4,4,0,-10,4,13,-7,-3,-14,4,12,-6,17
72/55,0,-3,0,-5,-2,4,4,1,6,-4,3,-8,-1,-4,6,3,2,-10,-14,-15,6,-16,-10,6,16
-83/58,0,2,1,-5,0,2,-1,1,6,-6,-9,2,-6,-1,2,7,-12,-3,-4,-12,-11,-4,0,-7,-18
6/29,-1,0,2,1,-3,0,-4,1,-3,-6,-4,11,6,-6,-11,5,-4,-8,4,-8,-2,-7,14,1,10
43/16,0,2,-3,-5,-1,2,-3,-2,3,3,-2,-2,-5,-1,-6,-10,4,1,-12,13,11,-8,4,18,14
40/43,0,2,0,-5,-3,2,6,1,6,6,-2,-5,6,-12,6,-6,10,-7,-12,6,12,-9,12,3,2
17/83,0,2,1,-5,-5,-6,-8,1,-6,5,-1,-1,-6,1,0,2,-4,5,-11,-15,7,2,-16,10,2
26,1,-2,2,-5,-3,-7,-4,-2,-8,-8,-9,2,7,-1,-4,-4,-13,4,4,15,10,4,3,-15,16
-78/31,-1,0,-3,1,2,-7,-4,-2,-9,3,2,10,6,7,-8,6,0,-1,-8,-15,-2,-6,-3,18,-7
86/55,1,-2,0,-5,-2,6,-3,-2,3,10,2,10,-6,-1,-8,6,1,1,11,-15,-5,-16,0,-1,-6
89/49,0,-2,0,-5,0,-5,5,1,-4,5,8,6,1,-2,0,-2,6,6,-5,6,4,4,12,-13,-2
96/59,0,0,1,-5,-1,2,6,-2,6,0,1,8,-3,-4,-6,6,10,13,2,4,11,10,-11,12,6
-15/44,0,0,0,3,-2,2,1,-2,-9,0,6,-5,-5,7,12,-4,0,4,4,15,-6,-8,-16,-6,-3
23/60,0,0,0,-5,0,4,6,-2,-7,-8,-10,8,-6,-7,6,-4,8,8,-14,8,7,-8,12,6,10
74/87,-1,0,0,1,-2,2,2,1,-4,-6,-4,-11,2,12,0,-10,9,4,-11,-12,-6,-15,12,-1,0
97/82,0,2,4,-5,-3,-5,-3,-2,3,-1,-7,2,6,12,-6,9,10,-12,-12,5,2,5,6,-12,8
41/59,0,2,1,1,-1,-5,2,-2,1,-5,2,-2,-4,8,0,-6,10,-2,8,9,8,6,-4,12,-18
-13/43,0,-2,2,0,-1,-7,-3,1,1,-8,8,-8,-6,-12,-6,-6,0,8,3,4,-6,-8,12,12,8
9/8,0,-3,-3,1,0,-6,3,-2,0,-5,-5,-2,0,7,0,4,-4,13,-12,-8,-13,10,-3,6,14
-5/103,0,2,0,1,4,-5,6,1,6,4,0,5,-1,-4,0,-4,-1,-10,8,12,12,15,3,6,-4
-75/29,0,0,0,1,4,2,5,1,-4,-6,-1,2,0,4,-8,-4,-4,-4,-4,-4,-4,-4,4,12,7
74/779,-1,2,4,1,4,-5,5,-2,2,-2,3,-11,6,-9,2,-6,6,2,4,-12,-8,-7,6,1,-12
5/122,0,2,0,-5,4,2,-3,-2,0,-2,-9,-11,-5,6,3,11,6,-4,-14,8,2,2,-16,0,2
7/122,0,-2,4,1,4,-5,-3,1,-3,-4,3,-8,-3,10,-8,6,-10,-4,-4,-5,7,0,8,10,-9
-30/91,-1,0,0,-5,-5,-2,6,-2,3,6,0,-7,-3,4,4,-6,-4,0,-2,-12,-6,5,-12,-6,-12
-29/89,0,-2,2,-5,-3,-5,2,1,6,-10,0,-2,-1,-10,1,3,0,-11,8,15,7,-5,15,-8,8
-7/17,0,2,1,1,0,-5,-2,-2,-3,5,4,-2,-7,6,-10,-4,0,-8,-4,-9,2,-14,-4,18,10
-32/89,0,-2,-3,1,-5,1,-4,1,-8,9,-1,-7,0,-6,0,-7,-1,2,-10,0,-6,-14,-7,-8,-2
89/85,0,-2,0,-5,4,-1,-2,1,3,0,4,6,6,4,7,4,-12,-7,5,0,4,13,0,-13,14
89/87,0,0,-2,-5,6,6,-6,1,-9,-6,3,-8,7,10,0,-4,0,-3,3,-8,2,10,-3,-13,9
-79/56,0,2,0,-5,0,1,-3,-2,-4,-2,-1,11,-2,2,-2,10,-10,6,-6,-8,-10,4,4,-12,-4
85/2,0,-2,0,-5,-3,2,-8,-2,6,0,-9,-11,-7,8,11,6,-4,5,2,6,11,-16,11,-6,14
87/41,0,0,3,-5,-3,4,-1,-2,-3,-10,10,-1,6,8,6,-10,4,-6,8,-12,10,-14,1,-15,13
85/41,0,-2,0,1,-5,2,-8,-2,2,-3,-2,-8,6,-2,0,-3,-4,-4,4,13,2,-1,-11,-1,12
-64/815,0,2,0,1,-1,1,-3,-2,1,-1,8,-5,12,-9,-6,6,-4,2,-2,3,6,-16,-3,1,-3
-21/271,0,0,1,1,0,-5,-3,-2,6,-3,-1,2,8,2,11,-4,8,1,6,-3,-16,10,-10,-8,6
-61/815,0,2,0,3,4,6,-1,1,6,0,2,10,-5,4,12,6,10,-13,5,-4,-16,4,-4,0,18
-64/813,0,0,-2,1,0,0,-1,1,-3,2,-9,11,2,8,-3,2,-14,-1,12,-13,-5,8,-16,12,-18
98/97,1,-2,2,1,2,6,5,-2,-3,-2,-5,-6,-6,2,0,1,-11,6,-4,12,-6,-8,0,6,4
-63/17,0,0,0,1,2,6,-2,-2,-4,-1,-1,-2,-6,-7,-6,-3,-9,2,5,4,-13,11,-7,10,10
15/82,0,0,0,3,-2,6,6,1,6,-8,-2,-7,6,8,1,-10,0,1,12,8,10,-5,0,-6,8
-98/41,-1,-2,-2,1,4,1,2,1,-3,4,0,-1,6,-4,13,6,6,-4,12,-12,4,1,12,10,16
-94/43,-1,-2,2,-5,2,-1,3,1,-6,3,10,-7,0,-12,-8,2,2,5,-12,-12,-13,11,6,-6,17
-4/45,0,0,0,0,4,-5,6,-2,0,6,-9,10,12,-2,4,-2,0,-1,2,3,7,13,-5,-10,-6
-47/26,0,-2,2,1,-1,-2,-3,1,-3,-4,-4,10,6,1,-8,1,4,13,2,-12,-16,-1,-16,1,-8
-95/53,0,-2,0,1,0,-1,6,1,-6,3,-1,8,6,-12,8,5,4,-4,-12,6,12,6,-12,8,2
-94/11,-1,2,4,0,-2,-5,-1,-2,0,-7,-1,-2,6,7,-8,-4,-4,-6,16,8,-4,6,12,-7,13
-199,0,-2,2,-5,6,-1,2,-2,6,-2,10,5,1,8,0,5,-3,-7,-12,0,-14,11,-7,12,8
-149,0,2,2,-5,4,6,-3,-2,1,-2,6,7,2,1,8,6,2,8,8,-12,-13,4,-12,1,18
-51/1787,0,0,0,1,-2,4,-8,1,0,-7,1,6,3,-7,-6,-2,6,-3,3,-12,14,-8,14,-14,1
-49/1791,0,0,0,1,0,6,-5,-2,-3,6,2,2,-4,4,6,6,-3,-13,4,8,10,10,-4,-6,-18
-51/1792,0,0,-2,-5,4,-6,-8,0,4,2,-2,10,0,-10,-6,4,-1,-10,10,-12,4,10,-3,6,8
-17/597,0,0,2,1,0,-5,-8,1,-8,0,-7,-8,7,-12,-6,1,4,1,-7,3,-10,-5,10,-1,17
-103/65,0,2,0,0,-3,-2,-5,1,-4,-4,2,-3,0,4,0,-10,-4,-11,0,6,2,6,6,-17,-14
-103/64,0,-2,-3,1,-1,6,-3,-2,-6,6,-9,2,6,5,12,-12,5,2,-8,-15,-5,-8,4,-12,-5
-106/59,1,2,0,1,-5,-1,-3,1,2,10,-7,-8,7,12,-8,-10,10,1,-12,-12,-4,-15,4,10,-2
-105/59,0,0,0,1,-3,4,-5,-2,-4,4,-10,10,-6,1,-7,10,10,-8,2,0,8,8,-16,10,-9
-38/93,1,0,2,1,6,6,-3,1,6,9,2,6,-5,-1,-6,9,4,-13,-7,-3,-14,-6,14,9,-6
86/41,-1,2,4,-5,0,-5,2,1,-3,-5,-8,-2,6,-1,0,-4,2,10,2,-15,0,6,-16,-9,8
83/41,0,2,0,0,0,-1,1,1,3,3,1,-6,6,1,0,-10,-4,-1,8,8,-4,-15,0,9,8
-5/3421,0,2,0,1,-2,-5,2,-2,-4,-4,-1,-6,-7,-2,-8,-6,4,0,-2,13,-8,15,1,6,10
-1/760,0,-2,0,-5,6,0,1,-2,-4,-3,-4,-11,0,4,0,11,-7,1,-12,0,-2,-15,2,-1,14
21/50,0,0,0,1,0,-1,-3,1,3,4,6,10,6,10,0,1,-3,-3,4,-8,14,0,4,6,-18
43/101,0,-2,3,-5,4,1,-3,1,-3,4,8,6,7,-1,-2,-6,0,-1,11,-3,-11,-16,0,10,6
-37/35,0,2,0,-5,0,-6,2,1,6,-10,-1,-11,0,-4,0,-7,6,-1,8,4,0,-4,-13,-14,7
-39/35,0,0,0,-5,0,-7,6,-2,4,-5,-4,8,0,8,-6,-9,11,10,-12,6,10,8,4,1,12
-60/29,0,0,0,3,-3,-6,6,-2,-3,-6,1,2,-6,6,11,6,-2,6,-8,12,-13,-4,6,-6,11
-37/191,0,2,3,1,6,-6,6,0,-8,7,-5,-11,-4,-9,11,-2,0,-5,-11,4,7,-9,4,6,-14
-72/383,0,-3,0,0,-2,2,-4,-2,-3,-5,4,-2,-4,-6,-10,7,-13,-1,-12,9,6,5,2,0,8
33/91,0,0,0,-5,0,-2,2,1,-3,4,1,-2,-1,-2,0,3,-7,-13,6,0,11,-1,10,18,2
-10/43,1,-2,0,-5,6,-5,2,-2,3,7,-7,5,-5,-12,-4,-3,1,-3,8,-6,0,6,2,-6,-14
740/29,0,2,0,-5,-1,-5,2,-2,-6,-6,-6,-11,-3,2,13,-2,-1,-2,2,11,12,0,3,0,-10
733/28,0,2,0,-5,-2,-1,5,1,0,0,-1,-7,0,4,2,7,5,13,11,-12,14,-15,4,-14,8
734/31,1,-2,2,1,4,-1,3,0,-8,3,2,8,6,-9,0,6,-3,-13,16,12,-4,9,2,18,-4
-53/26,0,-2,-2,1,2,-2,-3,1,-3,-5,1,-7,8,-10,0,-10,-4,-1,5,8,12,0,-6,10,2
-98/45,-1,0,0,1,-5,2,2,1,2,-5,-2,-10,0,4,4,0,0,1,-12,12,5,-8,-8,-14,2
-79/18,0,0,-2,3,2,-5,-5,-2,6,2,10,-5,-9,-2,10,6,6,0,2,-15,4,4,0,5,8
91/94,0,2,2,1,2,-7,6,1,3,9,-4,7,-1,-4,3,1,-4,5,14,-15,-14,-8,14,-6,10
-53/60,0,0,0,1,4,-5,-3,-2,3,-5,3,-2,6,8,8,-10,4,1,8,11,0,-10,-4,12,12
-563/45,0,0,0,1,0,-5,-5,0,3,0,-2,7,0,-2,0,-10,-11,-7,14,-12,-2,-8,-12,18,2
-561/49,0,0,0,-5,0,-5,-8,1,-4,3,-5,10,-6,-7,0,4,5,10,8,-12,6,-1,-3,-7,11
69/58,0,0,3,3,-5,-5,2,1,-7,-6,6,6,-2,-3,4,-3,9,8,4,3,-4,-14,3,8,2
-9/122,0,0,2,-5,-1,-6,2,1,6,9,-1,-5,8,-9,0,6,-12,-4,5,12,2,-11,-5,-10,-12
-16/243,0,0,0,0,2,-5,1,1,-4,-5,-4,8,-3,0,0,2,8,10,8,-12,4,8,-3,-8,1
-18/245,-1,-3,0,-5,4,-1,6,1,6,-5,6,5,-6,12,0,-6,6,1,-13,3,-11,-8,14,-8,-3
-13/163,0,-2,1,-5,-5,-7,2,1,-3,-5,1,-7,0,7,10,6,6,-8,2,6,-11,-15,1,9,2
89/3,0,0,0,-5,-3,-5,1,-2,-4,7,-5,-2,6,-6,8,0,0,-4,8,0,-2,-15,12,-13,13
-40/3,0,0,0,3,4,-5,5,1,6,-4,-4,7,-6,-6,-6,-9,-13,8,2,-12,0,6,-4,0,10
-72/61,0,0,-3,0,6,-5,2,0,-3,-4,1,-10,12,-3,-6,-2,8,-4,-8,-12,11,-1,4,10,10
103/43,0,2,4,-5,4,1,-6,-2,0,-8,6,10,-1,-12,-2,1,6,6,-12,13,1,0,4,5,2
-19/42,0,0,3,-5,-3,4,-3,1,-4,5,10,10,-7,-10,13,4,-11,10,-2,-12,-2,2,4,18,-12
-37/54,0,0,-2,0,-3,2,3,1,0,-7,-2,-11,0,0,-6,6,-9,10,10,-13,-11,6,0,2,3
-33/52,0,0,4,3,0,-2,4,1,2,7,-7,-7,-6,-4,-11,-11,-14,13,-10,-13,12,-12,0,-14,12
66/59,-1,0,1,0,0,0,-3,-2,-8,-5,-5,-2,-1,12,-3,-9,10,6,2,14,-8,0,-4,-14,-14
61/59,0,-2,1,-5,4,-5,2,1,6,5,-8,-6,-2,7,6,3,10,-13,5,-5,-14,13,-16,-6,1
-39/71,0,0,0,3,-5,-7,-3,1,-3,-8,6,10,-1,4,-11,6,2,8,2,4,14,-1,-4,-8,2
-279/25,0,-3,0,1,2,-6,2,0,6,3,-10,2,6,4,4,-2,5,-5,4,-4,14,6,1,10,-6
-284/23,0,-2,2,-5,-1,-5,5,1,0,0,-1,-2,-3,4,-1,5,-2,-1,-12,-12,-10,-7,6,-3,-7
14/75,1,0,0,1,-3,-5,-6,1,6,2,-9,2,-9,6,-8,-2,8,10,8,-15,-6,15,12,-9,-7
44/53,0,2,-3,-5,0,-5,2,1,-8,-8,-6,-8,-1,-1,0,5,-4,2,5,-3,2,-14,-4,12,8
-42/97,-1,0,2,1,6,-6,2,-2,6,3,-5,-2,-4,-1,-2,-10,-2,-1,-8,8,-14,2,16,-8,4
-80/67,0,2,0,0,0,6,6,-2,-8,-2,0,-7,-3,7,-6,6,9,8,0,8,11,13,2,-6,6
35/8,0,2,0,1,-2,-6,5,1,-3,-5,4,-7,-4,10,3,-9,6,5,4,-15,4,-9,-16,-8,1
52/11,0,-2,3,1,-2,-7,2,-2,3,10,4,6,-6,-10,6,-10,0,8,5,-3,-4,10,-7,1,8
104,0,-2,1,1,4,-7,-6,1,1,-5,3,-6,-7,-6,4,-6,6,1,4,-9,-2,8,2,8,-6
-74/5,-1,-2,0,1,4,-6,-4,1,-4,7,1,-11,-6,7,-1,6,6,8,-8,12,-1,0,-1,3,-5
50/39,-1,0,0,1,-5,-2,-1,1,2,-4,-1,-7,6,4,-3,-14,10,4,10,4,-14,-14,-7,-9,-18
8887/77,0,-2,4,-5,-2,-5,-4,-2,0,3,-1,11,-7,6,0,6,-7,-13,12,-1,4,-11,12,3,9
8885/77,0,2,0,-5,-2,6,2,1,-8,-2,-2,2,0,4,3,11,-4,-2,5,-12,-1,10,2,12,1
4444/39,0,0,4,-5,0,-2,5,-2,-9,0,-9,10,-2,8,13,1,-2,-10,11,10,0,12,-6,-15,-6
-40/711,0,0,0,-5,6,2,-6,-2,-4,6,-1,-3,3,4,6,1,-13,0,-14,-15,-1,-8,6,-7,6
-14035/2,0,2,0,1,2,-1,6,-2,-3,6,-10,-1,-6,-1,6,-7,13,6,5,-9,2,-14,-11,-16,-6
-8420,0,2,0,0,2,-5,6,1,-8,3,3,-5,7,12,10,9,-7,5,-11,6,4,13,14,9,10
-21049/4,0,-2,1,1,-3,-6,6,1,-4,2,-10,8,0,8,6,-6,13,0,-7,-9,12,10,8,10,8
-21048/5,0,0,0,3,6,-5,2,1,0,6,-7,8,-6,-1,7,1,5,-11,8,3,-10,4,-16,6,2
4/63,0,0,-2,-5,2,4,-5,-2,3,-3,-10,-2,-4,-1,-8,-9,0,2,4,-15,-13,15,-10,-15,-7
-1/65,0,2,0,3,-5,-2,-5,-2,2,-2,1,5,-4,-2,1,-9,9,-2,-10,10,2,-4,12,-15,9
-51/23,0,0,0,1,-3,-5,-8,-2,0,2,10,8,0,4,-6,9,-13,-10,1,-15,-14,12,2,-1,10
74/45,1,0,0,1,0,-5,3,1,6,4,1,-11,-9,4,4,-14,-1,-5,4,3,-1,8,-10,1,13
65/43,0,-2,0,1,-5,-7,5,-2,-3,6,-1,-2,-6,-12,11,2,0,-12,16,8,-4,4,7,-1,9
64/47,0,-2,-3,3,-2,-5,4,1,6,10,-10,7,-6,8,3,9,0,-7,4,-3,-14,-7,6,6,2
-71/33,0,0,0,-5,-2,2,2,1,-3,-2,3,11,-6,4,-8,-6,4,-8,10,-12,11,-4,2,2,2
44/49,0,-2,4,-5,0,6,6,1,3,-5,1,-5,7,-10,3,6,-9,1,-4,-13,-4,9,-4,6,13
87/67,0,0,0,1,6,4,5,-2,4,-10,-5,2,0,4,4,6,13,-7,0,6,2,0,3,-10,1
87/68,0,0,2,1,4,1,-2,0,-3,-10,1,-8,7,12,-11,-2,9,-13,8,12,-6,13,-13,12,9
88/13,0,2,2,3,0,-2,6,-2,-3,0,-6,-2,8,4,8,3,0,-10,3,-9,-4,8,-16,2,9
-45/22,0,0,0,-5,-2,-5,-3,1,-4,2,-5,-2,-1,-3,-10,6,4,8,12,-4,2,15,8,0,8
298/21,1,0,0,-5,6,-5,5,1,1,0,-9,5,-7,-4,-7,7,-7,-11,12,-7,14,13,12,-15,1
891/59,0,0,1,3,0,2,2,1,-9,0,-9,-7,-4,-4,8,6,10,5,5,11,-11,-8,-16,-12,7
895/59,0,-2,0,1,-5,-1,6,0,4,-2,-1,10,-1,8,-6,0,10,-2,-11,15,14,-8,-7,-6,3
-173/8,0,-2,1,1,6,-6,-5,-2,6,4,-8,-7,-5,8,-6,-6,-14,2,4,3,4,-14,2,12,2
-170/9,-1,0,0,1,0,2,-8,-2,-4,2,10,2,0,2,4,-10,10,-2,4,-5,2,8,-4,1,6
-96/25,0,0,0,-5,-5,-5,2,-2,-8,-3,4,-2,1,5,-10,-9,2,-5,5,-8,-13,13,4,0,13
-92/21,0,0,-3,-5,-3,-5,5,-2,-7,-8,3,-2,12,-12,-6,3,9,-7,-12,-8,-1,5,8,-12,13
75/101,0,0,0,-5,6,2,-1,-2,-6,-3,-8,10,8,2,-1,-6,4,6,5,9,-6,11,-4,-4,2
5/26,0,2,0,0,-3,-2,-1,-2,-8,-5,1,10,0,-4,4,6,0,4,2,4,-8,-8,16,18,14
-100/9,0,0,0,1,2,6,-3,-2,-8,-4,-9,-6,-9,12,-6,3,-2,10,-12,0,-13,2,-1,12,-2
-25/23,0,2,0,-5,0,-5,-1,1,0,0,2,-2,-1,-12,-7,-2,6,-3,4,-1,-8,1,-1,-15,8
-15/14,0,0,0,-5,2,4,2,-2,-8,4,1,-6,0,4,6,-11,-1,5,2,12,-11,-10,-4,6,-10
87/32,0,0,0,1,-5,-5,3,-2,6,-10,-7,11,-5,-3,1,-9,8,-6,2,7,-9,-11,12,5,-6
-127/5,0,2,0,-5,-5,4,6,1,-6,0,10,-5,8,4,-11,6,0,0,2,4,-11,-7,4,10,14
-507/22,0,0,1,-5,-2,-7,-3,1,-3,-7,0,-5,-1,-6,6,6,4,13,-3,0,5,11,3,-12,8
-202/9,-1,0,-2,-5,-1,-5,-3,1,-8,9,3,-1,-6,7,-6,9,-14,2,8,-4,-4,12,-11,0,1
-1006/47,-1,2,0,1,-1,2,2,-2,2,6,3,-2,10,7,3,-2,-11,1,9,7,-9,11,2,-3,-5
-10/21,-1,0,0,-5,6,0,-5,-2,-3,2,2,5,12,4,-1,11,6,-1,-12,-4,-8,6,-3,-17,11
-2/57,-1,0,2,-5,6,2,5,-2,0,-7,10,10,-6,-4,0,-4,0,4,-13,-12,2,15,1,-9,-14
-40/23,0,2,0,0,-3,-1,3,1,0,-8,-5,-11,6,4,-2,3,-4,-1,2,-5,7,-6,10,6,-2
-54/95,-1,0,0,-5,0,-6,5,-2,-3,6,-10,-2,12,4,10,6,2,2,-11,-15,8,10,-15,1,-18
-56/97,0,2,0,1,2,-5,4,-2,-8,-4,8,-8,12,5,0,6,-12,5,5,-9,2,-10,-11,-15,4
-25/49,0,-2,0,-5,2,-5,-3,1,3,-4,-8,8,-7,10,7,1,-4,-6,8,8,-6,-10,12,12,2
83/10,0,-2,0,1,4,6,-1,-2,2,-5,1,-8,0,-1,1,1,-13,8,8,-1,-16,-10,0,9,11
46/7,1,2,2,-5,4,2,-4,1,-7,3,3,5,-4,-4,4,0,-11,13,-11,-3,-2,-16,16,-14,13
38/33,-1,0,0,1,-2,4,-3,1,-3,-3,10,-7,7,-2,-1,-2,0,-5,-8,-8,-4,-10,0,0,-12
-84/37,0,0,3,1,-5,1,-5,1,-8,-2,8,-8,12,-7,-8,-2,-11,8,-12,-2,-13,0,0,1,-14
47/3,0,0,1,-5,-5,6,-1,-2,6,-4,-9,-6,-7,6,-8,-6,-2,-11,4,4,5,8,7,18,-13
91/8,0,-2,0,1,6,-7,2,1,-4,6,1,-5,0,-4,-3,6,6,-10,10,9,2,-4,11,12,-7
-96/7,0,0,-2,-5,-1,1,-3,1,2,6,-10,10,-9,-6,10,10,-1,-13,8,-3,0,-8,10,-9,-18
-69/77,0,0,2,-5,-2,-5,5,-2,-7,-2,-1,2,-7,-2,10,6,4,8,0,-12,-16,-1,-3,10,11
43/81,0,0,2,1,0,2,-6,0,-8,-5,1,-7,-9,-1,3,-9,0,-12,-13,5,-13,-10,1,10,-1
-89/61,0,2,2,1,0,-6,2,-2,4,0,-9,-8,-6,8,0,-9,4,-4,4,13,4,-1,6,-13,14
-48/31,0,0,2,-5,-1,-6,3,1,-8,-4,2,-2,0,-1,-7,9,10,4,-2,-1,2,0,12,3,17
73/28,0,2,0,-5,-2,-5,-6,1,6,3,8,5,-9,-2,7,-2,-14,-3,-4,3,-11,13,-3,10,-2
73/27,0,0,1,-5,0,-5,-4,1,-3,6,-5,2,0,-4,0,-10,0,10,-12,6,-11,-8,14,6,1
-94/71,-1,2,0,-5,-5,-6,2,1,-4,-3,-2,-5,6,-12,-8,3,-2,-2,-3,4,-6,6,-16,2,16
-56/55,0,2,0,1,-2,1,2,1,0,0,-1,8,0,0,10,-2,-14,-4,-13,-15,10,10,12,12,13
-51/55,0,0,0,1,-2,-1,-8,1,6,-5,-7,-6,-1,7,0,-3,6,-7,4,0,2,-6,-5,0,2
73/6,0,0,-2,-5,-2,2,5,1,-6,-5,2,-1,-3,2,4,4,6,2,12,-12,-11,8,3,0,-1
97/40,0,2,0,-5,2,-6,-6,0,-8,6,-4,-7,7,-4,1,6,6,8,5,-12,-4,15,14,6,8
95/43,0,-2,0,-5,-3,2,2,1,-4,9,-9,-7,0,-12,-6,6,-12,10,-3,-5,7,-10,-3,0,11
-67/88,0,-2,0,1,-2,-5,-5,1,3,7,2,-5,2,12,11,6,6,-12,-5,12,2,-8,-3,12,-19
-16/21,0,0,1,-5,4,4,-3,-2,6,-7,-1,8,8,-9,0,-2,-4,1,-8,0,14,-16,12,-6,-9
71/92,0,2,0,0,-3,-6,5,1,0,7,-1,-1,3,-10,-6,6,-1,-11,-14,-12,2,-16,16,-7,17
-55/97,0,-2,0,1,0,-6,5,0,1,0,-7,5,10,4,1,0,6,8,-10,-4,6,-8,12,-14,4
-53/97,0,2,2,-5,6,0,2,1,-8,6,1,-2,8,10,0,-10,-7,8,4,8,-1,-4,-3,-14,4
1/89,0,-2,2,3,-5,-6,-3,-2,-3,6,1,-2,1,1,0,6,-2,13,-11,12,-7,-14,-3,-8,0
-71/18,0,0,2,-5,-3,-5,2,-2,-3,-5,0,-1,-6,12,-10,0,0,13,4,-12,-13,0,10,-6,6
-73/14,0,2,3,-5,4,-5,-3,-2,-8,4,-4,-2,0,-1,0,-2,4,8,9,-8,-11,-8,12,-1,7
64/9,0,0,4,-5,-5,2,-4,1,6,7,-1,-2,-9,12,0,5,0,2,-11,-2,1,-6,-13,-8,12
67/8,0,-2,1,-5,4,2,-6,1,-8,-5,-1,10,-3,10,-4,-3,0,10,-5,-15,-2,11,-16,0,-10
-106/55,1,-2,0,0,-2,-5,3,1,-3,4,-2,11,10,2,3,-10,6,8,8,-15,11,10,6,6,12
-13/84,0,0,3,-5,2,-7,-3,1,-6,3,-4,-3,-6,7,12,1,6,6,8,-8,-7,-15,-5,-3,8
-11/83,0,-2,-2,-5,0,1,2,1,4,10,-4,10,-4,-6,2,0,-2,8,4,3,4,-4,-16,-1,-14
-37/56,0,2,-3,-5,4,6,-3,1,-8,-2,2,-11,3,-6,3,-4,-4,-3,-2,-12,-13,-14,6,6,8
-34/53,-1,2,-2,1,2,-5,-8,1,-3,4,-8,-2,-5,12,4,5,6,-4,-8,4,7,-15,3,0,-18
-14/73,1,2,3,1,0,-5,-3,-2,6,4,1,2,-6,7,13,7,4,-1,8,-12,-6,10,-4,10,-3
95/31,0,-2,0,1,-1,-6,-3,1,-3,-2,2,-2,-1,-4,0,-2,-12,8,-10,12,6,4,-5,-14,2
44/89,0,2,4,1,0,-5,5,1,-6,6,-1,6,-6,1,4,5,-4,-10,-12,-12,7,15,-1,-8,2
-369/4,0,0,2,-5,-3,0,2,-2,-8,-7,-2,-6,-4,-1,6,-2,-9,-7,8,-9,1,10,-3,8,-19
-739/6,0,0,4,-5,4,-1,-1,-2,3,-5,6,-1,-3,-1,4,-2,4,-1,-11,6,4,-16,8,-7,-9
-147,0,0,2,1,4,-1,-5,1,4,-1,-1,8,-6,-4,0,0,-14,-11,-10,3,1,10,12,18,2
-45/94,0,0,0,1,0,4,6,-2,1,-4,8,10,0,-9,3,6,-12,1,-12,-9,4,-16,17,1,-6
73/22,0,2,2,3,-2,4,4,1,-9,-7,4,-2,0,-6,8,-2,4,-13,-2,4,-11,8,1,0,2
85/49,0,2,0,-5,2,0,-8,1,-3,-8,3,-8,7,8,11,-2,-2,5,4,-15,-7,-16,4,6,8
61/58,0,2,2,1,-1,-5,3,1,3,-6,-1,-2,1,2,0,-2,6,-13,5,-15,7,10,16,-1,18
-39/28,0,0,-3,-5,6,-7,5,1,2,10,-9,6,3,4,0,-2,-13,6,12,0,6,2,6,1,-5
16/95,0,-2,0,-5,4,-5,2,-2,-3,-7,-1,7,-6,4,-11,5,0,-8,-8,-7,11,0,8,-15,-10
35/37,0,-2,0,1,2,0,-5,-2,4,-5,3,-8,-7,6,4,4,4,-8,-3,-9,-13,-6,3,2,-18
-103/40,0,-2,0,1,-5,2,2,1,-8,-5,1,-2,12,4,-6,0,0,2,-2,8,-2,6,4,-10,8
-101/43,0,2,3,-5,-1,-5,-6,-2,-8,0,-1,2,-1,-12,6,-4,0,-1,2,6,4,-5,7,-17,17
101/29,0,2,1,3,4,6,1,1,-3,-6,-9,6,-5,4,0,-6,0,10,8,11,11,13,-8,-14,-12
-40/79,0,-2,0,0,-1,6,4,1,-9,-4,-7,6,0,-6,1,-2,6,-7,11,3,14,-8,10,6,-2
-15/53,0,0,0,-5,-1,4,4,1,3,5,3,-1,8,4,0,5,-4,6,8,-5,6,-9,-4,-15,-19
-29/77,0,-2,-3,-5,-2,1,-1,1,-3,-10,-9,-2,-6,12,4,-3,2,2,2,6,0,-8,0,-6,-6
-26/75,1,0,0,1,-1,-7,-5,-2,3,6,-4,10,-2,-6,0,7,-5,-2,-3,6,7,10,-4,-7,-7
-61/38,0,2,2,3,-5,-1,-5,-2,-4,3,-5,10,-3,4,-8,11,-9,-13,-2,12,-13,9,-3,-14,1
1/20,0,-2,0,1,4,0,-5,0,-3,4,-1,10,-9,7,10,6,5,-6,9,-9,0,-1,16,-14,-14
83/16,0,-2,0,3,6,-6,-6,1,-8,6,3,2,-6,0,8,-3,-9,-1,12,5,0,-11,0,-6,-8
83/17,0,2,1,1,-5,4,-2,1,-3,10,-1,-1,-4,9,-6,6,-5,8,-11,5,-13,-15,0,-1,2
31/50,0,-2,0,3,4,-5,2,0,6,6,-10,-6,6,1,-4,-2,9,-11,-3,8,-9,0,6,-12,1
-4/81,0,0,0,1,6,1,4,-2,-3,7,-8,-5,-5,-6,3,-3,-4,5,4,8,-7,-7,12,6,8
9/29,0,-3,4,1,2,1,2,1,-3,-6,3,-7,-4,2,0,1,2,0,8,-2,0,13,6,18,-6
-5/86,0,-2,0,0,0,2,6,1,-4,-4,-1,-2,8,-12,-10,-10,-2,5,-14,-9,-10,9,3,18,7
-73/27,0,0,2,3,-2,-5,-3,-2,-4,6,-9,10,-6,-6,12,5,2,2,4,12,-11,4,0,-7,17
-68/27,0,0,0,-5,-3,2,-8,0,2,-4,8,6,12,9,0,-4,0,2,-6,-12,0,-15,12,-12,10
-91/87,0,0,3,1,-2,-7,2,1,-3,-6,1,-6,-1,4,1,-6,2,-1,-4,0,7,11,-16,-6,-14
20/91,0,-2,0,-5,-2,-2,-4,-2,-8,-4,-8,7,6,-1,6,-12,1,-5,-8,2,-16,13,-13,-13,-19
23/89,0,2,3,1,-5,-5,-1,1,-7,-8,-6,-8,2,-2,-2,6,-10,-5,8,-3,11,4,-16,-8,-12
56/865,0,-2,0,1,0,-5,-5,-2,0,-5,-6,-8,-6,4,0,-9,11,0,3,-7,4,-6,0,10,-14
58/867,-1,0,1,-5,-3,-5,-2,1,6,-10,-10,7,0,-3,12,6,8,-10,11,-3,10,8,-4,-14,3
28/433,0,2,0,1,4,6,6,1,-6,6,3,-2,3,4,-11,10,-7,2,-10,12,7,-9,1,2,-10
-50/61,-1,2,0,-5,6,-6,6,1,1,6,10,8,-6,4,-10,9,0,-4,14,3,-13,6,-16,1,-1
-49/61,0,-2,0,1,-5,-1,1,1,-3,5,10,10,6,-7,4,-2,4,-4,-11,10,-6,-6,4,-10,-1
-19/70,0,-2,0,-5,0,-5,3,1,0,-2,8,2,-6,4,-6,-6,11,2,5,3,-2,10,2,-6,-3
-18/71,1,-3,2,3,-2,2,5,1,4,-5,-4,-1,-3,2,7,0,2,2,-10,4,7,-7,-3,-6,-18
-25/51,0,0,0,-5,0,6,-2,0,6,4,-1,-7,-6,-1,-3,-2,7,-2,4,3,-2,-16,-4,3,-9
-2/173,-1,-2,2,0,0,-6,2,1,-9,-7,-2,-1,-6,-2,0,-3,-14,-10,1,-9,-2,8,0,-6,-9
-2/353,-1,-2,0,-5,0,6,-4,1,-8,-5,-5,10,-5,4,-6,-10,-2,-2,8,2,2,-8,1,-8,-2
-1/74,0,2,2,-5,-3,2,2,-2,-3,0,10,-8,-5,-6,10,-7,-2,10,11,-9,1,8,-15,6,-18
-5/76,0,2,0,-5,4,-1,-1,-2,-9,4,-2,-5,0,-2,-3,10,-12,-11,-14,-8,-6,13,12,-15,13
-44/7,0,2,-2,-5,0,1,4,-2,-4,-7,2,7,2,-4,1,-10,0,-1,-12,0,-11,-5,-3,-12,2
-86/13,1,2,2,1,-5,-2,-3,1,0,0,-1,-5,1,-1,0,-4,0,-7,-7,-7,1,8,-5,12,-3
103/101,0,-2,2,-5,-1,-1,3,-2,4,-8,-5,5,0,-1,-6,6,-10,5,-4,8,4,5,6,-1,2
99/19,0,-3,4,3,0,2,1,-2,0,6,0,10,6,-12,0,6,4,2,2,4,-4,4,3,-12,8
23/87,0,0,1,3,6,-5,2,1,-7,-6,-1,-5,12,1,6,-6,-12,-8,4,-12,-4,13,0,-6,-12
37/49,0,2,0,-5,-2,-5,1,1,-4,-5,-8,-11,6,10,-8,-14,-14,2,1,-12,-10,13,-3,10,-9
-7/104,0,2,2,1,-2,-2,2,-2,-3,5,-5,8,8,4,-1,-4,-14,-6,8,-4,2,8,-8,0,8
-80/77,0,-2,0,-5,-2,0,-1,1,-3,-5,-5,6,6,7,1,-11,0,-13,-14,-12,-14,1,4,-6,-2
-83/75,0,0,0,3,-2,-6,-1,-2,-3,3,-9,-6,1,12,8,6,2,-10,8,-12,10,0,0,2,-7
-77/78,0,0,0,1,0,-2,5,1,-8,6,2,11,8,9,-6,6,10,-6,6,-5,-2,-7,1,-3,2
71/91,0,-2,4,-5,0,-2,-4,1,-8,-2,3,10,-6,4,8,2,0,2,4,-12,-13,0,-16,1,-10
-76/9,0,0,0,-5,4,-6,4,1,1,-1,-9,-2,4,-4,4,4,4,-7,4,-15,4,-14,10,2,8
85/21,0,0,0,-5,-2,-1,-8,-2,-3,6,2,-10,1,4,1,0,9,-11,8,-7,0,5,-3,-1,-3
-59/12,0,0,3,-5,4,6,2,-2,-4,-5,-1,6,-3,-1,-8,-4,-12,8,5,2,11,13,12,0,-8
-16/33,0,0,-3,0,-2,6,3,-2,-8,-2,1,-8,-7,-10,0,-9,-10,6,-12,-12,2,-4,16,-10,8
-73/34,0,-2,2,3,-3,6,-2,1,6,-8,8,-8,4,-9,4,-3,0,10,2,6,-11,8,16,6,8
-34/69,-1,0,2,1,4,4,-8,-2,0,-10,-10,6,-1,4,0,-2,-4,-4,4,-4,-1,8,6,0,2
19/59,0,-2,0,-5,-1,6,-3,1,-3,3,-10,-5,-6,4,-3,0,10,-5,8,8,14,-16,-3,-14,-13
61/86,0,-2,2,1,0,-6,-1,1,-3,-8,-5,10,-6,-12,4,6,-9,-13,2,16,8,-11,6,-9,1
67/86,0,-2,-2,1,4,2,3,0,6,7,8,-2,0,-12,0,7,4,-2,-5,3,2,11,-7,-12,-18
-94/53,1,2,0,0,-2,2,-3,-2,-8,9,2,-2,12,-4,-8,5,-2,-1,12,-3,12,-9,-4,2,14
-22/29,1,2,3,1,0,2,4,-2,0,-6,3,-8,-5,4,-6,-4,4,4,9,-1,-8,-6,-4,-6,16
-1996/3,0,0,3,1,-1,0,-4,1,-8,0,-9,10,-6,4,-8,-10,8,4,-13,-3,-5,13,16,-8,12
-399,0,0,2,1,0,-5,-4,1,-3,6,-10,-2,-1,12,-8,-2,-14,6,10,-4,-10,4,-3,0,14
-665/2,0,-2,0,1,-2,6,3,1,-3,4,-2,-5,6,4,4,0,-4,-5,-5,-1,6,-8,4,12,-6
-29/27,0,0,-3,0,-2,2,-4,-2,6,-10,0,2,-6,-1,13,1,-4,-6,4,-15,-14,4,12,-2,-2
-61/48,0,0,3,-5,-3,6,-4,-2,0,0,3,10,3,2,-2,-2,10,-13,2,-2,-2,-9,16,-17,-2
-65/46,0,2,0,3,2,-7,-3,1,0,5,6,8,4,8,-6,-11,4,-7,-14,-15,-13,-15,-6,-1,16
57/62,0,0,0,1,4,6,3,1,-3,6,2,5,8,10,13,-10,0,-8,-12,-15,0,6,2,6,-6
-43/13,0,-2,2,0,2,-2,5,1,6,3,3,-6,3,-1,3,5,13,1,2,-12,-7,10,-1,18,-14
-22/45,1,0,0,1,0,-5,5,1,-4,-3,-7,-7,2,-9,7,6,0,-1,12,11,11,4,-3,6,-14
67/14,0,-2,2,-5,-3,0,-5,-2,-3,4,2,10,0,-7,-6,-3,11,-3,-5,8,-4,13,-5,-15,-2
100/21,0,0,0,-5,6,-6,-3,1,-9,-7,-8,-2,-5,9,0,-4,6,6,-14,-13,-2,0,0,6,-18
-1/19,0,-2,4,-5,-3,0,-3,-2,2,5,-9,6,4,4,-8,-2,-9,10,2,8,12,-8,6,-17,-3
101/31,0,-2,4,0,6,0,-5,-2,0,6,2,2,0,12,-4,1,2,-10,0,-4,4,8,4,6,9
100/31,0,2,0,3,4,6,6,1,-3,0,2,-2,-1,-4,-3,-12,-4,-6,-13,-9,2,5,12,18,2
82/29,1,-2,-2,-5,4,2,-3,1,2,-6,-8,7,-4,12,13,-3,-4,2,11,12,0,10,1,12,1
-59/61,0,2,4,-5,-2,-5,-5,1,-6,3,-4,5,-5,1,-4,-2,-12,-4,4,4,0,-9,-3,6,-10
-49/60,0,0,0,1,6,0,-3,1,6,3,-5,-7,-3,6,0,1,0,-10,2,-13,2,1,3,-8,9
101/97,0,-2,-2,-5,6,-6,1,-2,3,9,-6,-1,-5,-6,-6,-4,6,4,11,16,11,-12,-4,0,4
102/95,1,0,0,0,-1,-6,-8,-2,3,7,-1,2,-1,4,-6,6,0,-5,0,3,-6,15,-7,-8,12
-6/199,-1,0,4,-5,4,-5,-3,1,6,4,-8,2,-6,4,-6,6,0,1,10,-15,-16,4,12,-1,-12
-3/100,0,0,0,1,0,-5,-1,-2,4,-7,-10,10,-3,4,0,-2,0,10,8,3,-13,-4,12,-10,8
13/23,0,-2,4,3,-1,-7,2,1,0,6,1,10,-6,1,0,3,6,1,14,13,-1,-1,14,0,-5
-14/951,-1,0,0,1,2,-6,2,1,0,-5,-1,-2,-4,1,-7,-10,6,-5,-14,-15,-16,-16,-6,6,13
-15/952,0,0,0,-5,-2,-5,-2,1,2,5,3,-7,-6,-10,1,-12,10,-12,2,-6,10,8,4,5,-7
-16/949,0,-2,0,3,-1,-2,5,1,-3,-7,-1,-11,-1,4,10,-3,4,-7,-10,5,-6,-16,-4,10,-7
-11/291,0,0,1,1,0,1,2,-2,6,-10,3,-2,4,-7,-1,-9,-4,6,-14,-15,0,-6,0,-12,4
-106/39,1,0,4,-5,0,-2,-5,1,6,4,1,-2,-6,2,0,-10,8,-1,4,-12,-5,-8,0,-6,1
-107/39,0,0,-3,3,2,-2,3,-2,1,-1,6,10,-2,8,-11,3,-13,-7,12,-8,-16,-15,-4,12,2
-67/43,0,-2,4,3,-5,-6,-6,-2,3,-10,-4,-3,4,-12,12,0,-14,2,-5,-8,-1,4,3,8,12
-63/40,0,-3,0,1,-1,0,5,1,-4,-10,-2,-5,-7,8,6,5,0,-5,-3,-4,-2,-10,-4,-17,-1
73/12,0,0,1,1,4,-5,3,-2,6,2,10,-2,-4,0,4,-4,-9,10,-10,10,-11,12,5,-16,-14
-79/48,0,0,0,1,4,2,5,-2,6,-4,1,10,-6,-4,-6,-4,0,1,4,14,7,4,0,2,12
-59/8,0,-2,0,-5,4,-5,3,-2,3,-10,3,-7,6,-2,3,-2,-12,-1,12,-3,-14,8,0,-15,-19
-48/67,0,0,4,1,4,0,2,1,-3,3,-5,-6,-5,-2,0,6,0,1,0,10,-13,-1,0,18,12
66/23,-1,0,2,-5,0,-5,5,-2,0,-10,0,11,10,-6,6,3,1,6,-12,2,7,4,3,-9,18
-83/32,0,-2,4,1,2,2,3,-2,-3,4,1,-11,8,12,10,10,-14,4,12,0,-4,-15,0,10,3
75,0,0,0,-5,0,2,1,1,2,-5,-9,8,-3,-9,0,-9,6,10,10,12,-13,4,1,18,2
-13/294,0,0,-3,-5,0,-7,5,-2,-8,-2,-9,-7,-5,12,-8,6,-4,6,12,8,7,-16,1,-1,2
-16/291,0,0,1,3,6,0,-4,-2,6,9,-5,10,0,-10,10,-11,6,-11,-12,-3,-5,9,2,1,4
56/89,0,2,1,1,-5,4,2,1,1,0,8,-2,6,4,0,-2,0,2,12,-5,5,-14,-15,-8,-14
67/44,0,-2,3,1,-2,1,2,1,-3,-10,-4,7,-5,0,6,-9,10,10,-5,-1,-2,8,12,6,2
35/59,0,2,0,1,2,-5,5,1,6,-4,-5,-5,0,8,-8,11,10,13,11,4,14,0,12,-4,-3
36/59,0,-3,1,-5,0,6,-3,1,-3,6,10,-2,-7,-1,-7,-10,10,1,-10,-12,7,-10,-16,-12,18
-60/19,0,0,0,1,0,1,-3,-2,-3,-4,-5,-6,12,0,-3,6,-9,-7,0,16,-16,0,-3,-9,1
89/72,0,0,-3,1,-1,-1,4,-2,-4,-2,3,10,4,4,0,-2,-7,-6,-8,-3,2,10,0,-13,2
88/71,0,-2,2,-5,0,-6,4,1,-8,0,-9,-7,-2,4,-6,0,10,-5,-11,4,-1,5,6,-8,10
91/61,0,2,4,1,2,-7,-3,1,-8,4,-6,-6,2,-6,-10,6,6,-4,4,-13,4,0,12,8,-2
-104/35,0,-2,0,-5,-2,-7,5,-2,-4,-7,-5,-2,-1,-1,10,7,-12,-13,8,3,-1,9,-3,2,-6
-104/59,0,-2,1,-5,4,-7,-3,1,-3,-5,-1,10,-6,9,0,6,10,-7,3,8,-13,10,1,6,-1
-18/539,1,-3,0,-5,-2,2,1,-2,1,4,-1,-2,-6,12,-8,-6,-12,10,-14,14,2,-15,4,-14,-2
-6/179,-1,0,0,1,0,0,2,1,-3,6,1,8,6,-10,13,-7,6,10,-2,6,-11,10,3,-7,-5
-45/79,0,0,0,1,4,6,3,1,3,-7,2,-6,2,12,-7,-4,-12,6,3,-3,-1,-8,1,-14,-3
53/32,0,2,1,0,-1,4,3,-2,3,-5,-1,-5,7,10,6,-10,13,-2,-10,3,-1,-10,-4,-13,6
-89/95,0,-2,0,-5,-2,6,2,-2,-3,6,-6,-1,-1,-7,12,-4,11,1,11,-4,-4,-15,4,-13,-1
-77/60,0,0,0,1,0,-5,3,1,2,-4,1,-11,-3,-2,0,6,2,10,12,6,14,-15,-4,6,1
-91/60,0,0,0,1,2,-7,2,-2,-3,-1,1,-7,1,-4,10,-10,10,8,3,-9,-6,-16,4,-12,-3
-89/105,0,0,0,-5,0,0,-1,1,6,4,-8,-2,-4,2,6,3,-7,10,-3,10,-7,-9,4,-13,8
-89/104,0,-2,2,-5,-1,-2,5,-2,2,-4,6,10,8,8,-8,6,0,-10,-12,-12,14,1,0,-13,-6
-45/52,0,0,0,1,-3,-2,-5,1,0,6,-1,-10,-7,4,-6,-2,6,-1,10,7,12,13,-8,-7,8
-90/107,1,0,0,-5,0,-1,3,1,-8,10,-4,-8,12,12,3,6,10,1,3,-9,-7,8,-12,-6,13
90/7,-1,0,0,-5,4,4,-3,1,-8,-5,-10,-10,-9,-10,-2,6,-2,-7,-12,16,-13,-14,11,10,8
45/2,0,0,0,-5,2,1,2,-2,3,-5,2,-8,-7,-6,-8,-6,0,1,4,-1,-4,-1,-4,12,7
-63/83,0,0,2,1,2,1,-5,-2,3,2,-4,-6,-3,8,4,-3,9,-4,-14,-7,-16,-1,-16,12,1
8/25,0,-2,0,1,6,-5,4,-2,0,-1,-5,-11,6,4,0,-4,-9,-12,10,0,12,6,16,10,2
19/50,0,-2,0,-5,4,2,5,1,-4,2,2,-5,-3,9,3,6,-9,4,-8,13,6,-1,9,-1,18
15/49,0,0,0,-5,-2,-5,4,-2,-3,-5,6,6,-9,0,-11,3,2,10,2,13,-1,12,12,-6,-6
-93/88,0,0,2,3,-2,-5,2,1,2,2,-10,5,-6,-6,8,-2,11,-3,14,8,12,8,-16,6,2
-93/89,0,0,0,0,2,2,5,1,6,-8,-10,-5,6,-12,0,1,-5,2,12,5,-2,10,3,-8,-13
-66/61,-1,0,1,-5,0,2,1,1,4,6,-10,-7,8,-4,4,-7,-13,-4,12,-15,14,-9,0,0,11
97/12,0,0,4,-5,0,6,4,1,6,-2,-8,-2,8,-1,-8,-2,-4,-5,-5,0,-13,-4,14,-8,8
49/6,0,0,1,1,6,-6,5,1,1,9,3,10,2,-6,-11,6,0,5,-11,8,6,-1,4,-14,-10
92/55,0,-2,0,1,-2,-1,-5,-2,-7,-5,-5,8,-4,-2,-6,1,-11,-1,4,10,-8,-1,10,-10,17
88/57,0,0,2,-5,0,0,-4,-2,6,0,2,-10,7,4,6,-9,-11,-7,0,0,-2,4,0,0,-18
-99/37,0,0,-3,3,0,-5,4,1,3,9,1,-8,0,4,-8,3,0,-1,-3,3,7,-14,4,18,3
-11/100,0,2,0,-5,0,-6,2,-2,-3,-5,-7,8,-4,4,12,1,-7,4,-11,6,-9,11,-3,-9,12
-67/26,0,2,-2,1,0,-2,-6,1,-6,5,2,5,12,4,8,6,-11,-10,-5,3,11,4,0,-7,-1
-303,0,0,-2,-5,4,-1,2,0,-9,4,2,-6,6,-2,-4,-3,-4,2,-12,0,11,6,8,3,-12
-604,0,-2,4,-5,-5,6,-3,1,-8,-4,4,-7,-1,-2,0,-11,6,1,4,-15,-14,13,12,8,2
-607/2,0,2,2,0,6,0,5,-2,3,4,-1,10,-5,-10,4,1,-2,10,8,13,-11,0,-5,-17,17
-92/3,0,0,0,1,2,-5,-4,0,-7,-5,-8,-1,-3,-2,13,-10,0,-2,-7,-12,-4,-7,16,-9,-14
-89/3,0,0,-3,3,4,-5,-1,1,-3,0,-1,-3,6,10,-2,1,9,-4,8,4,6,-8,-16,-13,6
56/47,0,2,-3,1,-3,6,2,1,6,4,10,10,2,-7,3,-4,-11,-8,1,-9,-2,0,-7,-16,8
55/46,0,2,0,-5,0,-6,-5,-2,0,6,-1,10,-1,-1,8,-4,8,1,-8,10,-11,-6,0,-3,2
61/43,0,2,0,-5,4,6,2,1,6,2,10,-8,10,-12,4,-2,6,-13,-14,-6,2,1,5,9,14
82/35,-1,-2,0,-5,0,6,2,-2,-8,-2,-5,5,-4,-2,2,3,-9,2,-3,-12,-10,0,-4,-14,3
55/37,0,2,0,3,0,-5,1,1,-4,-2,-10,-8,-6,-2,-6,-11,10,-1,-10,4,-8,-8,16,-1,13
-13/51,0,0,-3,-5,2,-7,-2,1,6,-4,-10,10,-1,-10,13,-11,11,-3,-4,-12,2,6,0,-6,1
-16/51,0,0,2,1,-3,1,-2,1,2,2,-2,-7,2,-2,-6,6,-2,4,12,-2,11,-8,-4,-6,-2
-11/87,0,0,-2,0,0,-6,2,1,-6,-6,2,10,1,-9,-6,1,10,10,-12,-4,-10,-16,-4,5,-10
-2/2083,1,2,4,3,4,-5,-3,-2,4,-5,1,-7,-1,-6,-7,-11,-4,-12,-11,4,-2,-4,3,-6,9
1/4164,0,0,2,1,-1,2,3,-2,-3,-5,-4,10,6,-4,-8,-4,13,-10,-3,-4,0,2,4,-17,18
-7/184,0,-2,0,1,2,1,-3,-2,0,-5,10,10,-6,10,6,-10,4,-12,16,14,8,10,-16,-4,13
87/97,0,0,4,-5,2,-5,2,1,-4,-10,-1,10,-6,-1,-3,6,-4,8,5,-4,-2,0,-4,-2,4
81/97,0,0,-3,3,0,6,5,1,3,4,-4,10,-4,1,-6,-2,-4,-3,4,5,0,5,7,-9,4
-2/123,1,0,2,3,6,-5,-3,1,-8,-5,-6,-1,6,1,0,1,10,5,2,14,4,-10,8,12,-12
51/40,0,0,0,1,-5,6,-8,1,-8,-7,4,-2,-1,-1,-2,-2,-4,-2,3,-15,-11,-8,6,10,14
12/71,0,0,-2,-5,0,0,-3,1,2,0,-1,5,6,-4,-8,3,0,-4,10,4,-10,11,12,1,-6
46/393,-1,0,-2,-5,-2,4,-5,1,-7,0,-1,10,-3,-2,7,-2,0,13,-3,-12,-4,-15,5,-14,-13
94/781,-1,2,1,1,-2,1,-3,1,-8,4,-9,-2,1,4,-8,6,-4,1,6,4,7,-6,-4,-2,-14
97/779,0,-2,3,3,-5,6,-3,-2,2,-5,2,-6,6,7,0,-4,-4,2,-4,-1,1,-16,-3,-14,8
18/391,-1,-3,-3,3,-2,-5,-2,1,0,6,-1,-7,-6,-1,4,-6,-13,8,-12,7,5,8,1,1,14
4/37,0,2,2,1,-5,4,1,1,-4,6,3,-8,12,7,6,5,-4,-2,-2,11,-13,-9,4,2,-8
-23/55,0,2,0,1,-2,2,1,1,-7,-1,-8,-7,0,8,-7,-3,-5,10,-12,-12,-2,2,6,8,14
-1/98,0,2,0,-5,-5,4,-3,1,-9,0,6,-7,2,-4,-6,2,5,6,-10,-3,4,-8,17,6,8
-18/91,1,0,0,-5,4,-2,2,-2,6,10,-5,-8,-9,2,12,-11,7,-11,5,4,1,11,12,1,12
-20/91,0,2,0,-5,0,-2,-3,1,-4,-3,1,8,6,-3,-6,3,-4,6,2,-8,-6,-6,4,6,-3
-41/90,0,0,0,1,4,0,-6,1,-3,-2,-2,-7,-4,-2,3,-2,6,8,-4,-12,11,8,4,10,-10
-38/89,1,-2,-2,-5,2,-6,3,1,-3,10,-7,-3,-6,8,0,-6,-12,-5,-3,-12,-11,-6,6,-8,-19
64/25,0,2,0,1,-2,2,-3,-2,-3,9,1,10,0,-4,-6,6,6,-1,1,-7,12,6,0,-9,1
-13/87,0,0,2,-5,-1,-7,-6,1,-8,-6,-4,7,-7,6,3,-4,0,8,4,-7,2,13,0,10,10
-994/3,1,0,0,1,2,4,2,-2,2,6,-1,2,-3,2,-3,-9,5,0,4,-12,-13,10,10,-6,-10
7/102,0,0,0,1,2,1,-2,0,-8,3,10,-6,0,6,-8,-6,0,-5,-13,14,-10,-15,-11,-14,-14
3/98,0,0,0,-5,0,-6,6,0,1,-3,-9,2,0,7,0,1,-5,8,-4,-12,-6,4,-7,-6,12
22/61,-1,2,0,3,0,2,-4,1,-8,-5,-5,-8,-6,-4,-6,6,-9,-4,-12,10,-4,-15,12,18,14
23/64,0,-2,3,1,4,1,1,1,-7,0,-9,-1,-6,4,-3,-2,7,6,4,-4,-10,4,-4,-10,-18
-8/639,0,0,2,3,-2,-1,-5,1,-4,0,3,2,0,6,10,-3,0,-1,4,4,-6,5,16,6,2
-19/83,0,2,3,-5,2,-5,4,1,-4,-5,-5,10,-7,6,12,-10,2,13,10,8,-14,-16,-16,6,17
51/94,0,0,1,3,-2,-5,-8,1,4,0,-1,-10,0,-6,3,10,-1,-8,-10,14,-13,8,-6,10,-4
-66575,0,2,0,1,0,4,2,0,6,0,-9,-7,8,-9,-8,1,-11,1,5,16,-16,-7,0,-12,-1
-95/98,0,-2,0,-5,4,-5,5,1,3,2,3,10,-6,-4,-6,-2,9,1,4,6,5,-1,6,1,10
18/71,-1,0,-2,-5,0,1,-5,1,-3,-5,-6,-1,-6,8,0,-3,-9,10,4,4,2,-8,-16,-9,9
7/60,0,0,0,1,0,-1,2,1,1,-10,3,10,8,12,-6,-3,0,-12,4,-15,4,-1,-3,12,2
69/104,0,0,0,0,4,-2,-4,-2,-7,4,-9,-1,-6,7,0,-2,13,2,-8,-2,11,1,2,-16,-1
62/105,-1,0,0,-5,-2,2,5,-2,-8,-8,-10,10,-2,-6,-6,-2,10,1,5,0,-2,-6,-10,8,-2
-2/31,1,2,-2,-5,-5,2,6,-2,-8,0,2,-7,-2,-10,12,6,-4,-8,-12,-9,-6,-15,-3,4,2
-5/49,0,2,0,-5,6,-6,5,-2,2,6,-4,-2,6,6,0,1,-14,-11,11,-12,-13,11,2,9,-9
-79/12,0,0,-2,0,0,2,-4,-2,-8,7,-9,-2,-1,4,1,6,0,1,4,16,-7,4,-4,18,2
-39/7,0,0,-3,-5,4,-7,-4,1,-3,4,-8,-2,-6,-10,0,-6,6,8,11,-15,2,-4,12,-16,17
86/75,1,0,0,1,-5,-6,2,1,-4,-5,-5,-8,-6,-1,10,6,6,2,-14,-4,-2,0,10,-14,5
55/76,0,2,0,0,0,-5,-4,-2,-8,-3,0,-7,6,8,4,9,-9,13,4,-5,-10,-14,-6,-6,10
91/45,0,0,0,1,-2,-7,3,-2,-3,6,-1,-5,-2,0,0,-3,8,-5,-4,-9,2,-1,3,6,7
93/43,0,0,2,1,2,6,3,-2,-3,-5,-10,-10,7,-12,-8,-6,-1,-1,4,5,4,-1,3,0,17
-14/61,1,2,2,1,4,2,-6,1,-9,-4,-1,-2,4,-1,-8,-6,0,-4,-3,0,11,6,0,6,8
73/42,0,0,1,-5,-1,6,1,1,-4,3,2,-7,8,-1,0,1,-1,-1,3,0,-11,-4,-7,3,-3
91/781,0,2,0,1,-2,-7,5,-2,-3,-1,1,-3,6,-1,-6,2,-11,6,5,4,-10,8,10,1,-12
47/391,0,-2,2,1,2,-5,-2,1,0,6,-5,-8,-5,-6,-8,-7,6,-6,-7,16,1,-14,-3,-12,-13
98/5,1,2,0,1,-1,-5,-5,1,-3,-5,2,11,-5,7,-3,10,-2,-3,12,-7,-9,9,0,-4,2
48,0,0,-3,1,-3,-1,2,-2,6,3,8,10,-9,2,2,1,0,-3,3,-7,4,-16,6,10,-13
-38/53,1,-2,1,0,0,2,5,1,3,-2,10,-6,-1,-2,0,5,-13,-11,-12,-8,-14,5,-16,6,8
3/53,0,0,2,1,-3,1,-1,1,3,4,1,-2,-1,-3,-8,5,-4,1,-6,14,5,4,-3,-12,14
-9/37,0,-3,3,1,2,4,2,1,-3,-5,-1,-8,-2,1,-6,-4,-10,13,2,4,-2,-6,12,8,-12
-38/15,-1,0,0,-5,4,6,-6,1,-4,4,-1,-3,-2,1,4,-3,-7,8,6,14,-13,-14,0,-9,13
94/9,-1,0,0,-5,0,-1,4,1,-3,-2,2,-1,2,4,-8,-12,-7,13,10,12,-13,13,1,5,-2
47/65,0,2,0,1,0,-2,1,-2,-8,6,-9,-2,-1,12,-8,-4,6,-1,-3,12,-13,-8,12,-10,17
61/30,0,0,0,1,0,6,-5,1,1,5,2,5,4,6,1,-2,6,-13,0,-9,-13,6,6,-8,-12
78/77,-1,0,2,-5,-2,-7,2,1,0,-1,1,2,8,4,-8,6,-12,1,3,4,14,1,-5,-12,-1
-2/37,-1,2,1,1,4,2,2,1,-3,6,1,-8,12,1,11,2,-4,-13,2,-6,6,-8,-6,-10,3
29/13,0,-2,-2,1,0,-2,2,-2,0,-10,2,-7,-6,-9,-8,6,0,-5,16,-15,2,-16,14,2,2
43/71,0,-2,-2,0,-1,-5,2,1,6,10,-1,6,-1,-1,8,-4,-4,2,-14,4,2,5,3,-1,-7
31/76,0,2,4,-5,-1,-5,-5,-2,3,9,-10,-10,-4,2,-6,6,7,5,4,4,-4,8,-3,2,-7
38/29,-1,2,-2,3,4,-5,-5,1,4,-6,3,5,-1,7,-8,7,-12,-13,4,13,-1,-9,-5,-14,8
39/29,0,0,0,-5,-3,-7,3,1,6,-6,-9,-7,-9,12,6,-7,7,4,-5,4,4,-8,-7,18,-14
-39/41,0,0,4,-5,-1,-7,-4,1,-8,-2,-2,10,6,-2,-10,6,6,-1,-14,-15,5,-14,-16,-15,17
-79/82,0,-2,2,0,-3,1,5,1,-3,10,1,-8,6,4,1,-11,0,8,4,9,4,4,-11,-10,-12
-93/83,0,0,1,1,-5,2,-3,-2,6,4,-10,10,-4,12,0,-12,13,-12,9,-8,-6,15,-16,-8,-10
-65/86,0,-2,0,1,4,-7,2,-2,3,6,-9,-5,0,-12,8,6,-13,8,14,2,10,0,4,-10,2
-38/37,1,2,2,1,4,-6,-1,1,-8,-5,-10,-8,-4,6,13,10,-5,-1,4,3,-13,6,-16,10,2
88/75,0,0,0,-5,0,2,5,-2,3,-5,-6,2,-6,6,-10,-14,10,-2,12,3,8,-8,6,-12,-1
87/76,0,0,-3,-5,-5,0,-3,-2,-9,-10,-10,-7,1,6,-7,5,0,6,-12,-5,-1,8,-1,-3,-14
-42/73,-1,0,4,1,4,4,6,-2,-3,5,1,-2,8,4,4,-3,6,-1,6,11,-6,11,16,-6,16
-23/37,0,2,4,1,0,-5,5,1,-7,-5,-1,-8,6,7,0,6,0,8,10,-9,2,8,-4,6,10
-96/19,0,0,0,1,6,2,2,-2,-3,-1,-1,-6,2,-1,6,-12,-13,-4,-12,-15,-4,-8,-3,6,12
-59/89,0,-2,1,-5,4,2,5,-2,1,3,2,8,2,4,10,-2,-12,-3,-12,-7,-4,0,-6,-8,-3
89/30,0,0,0,1,4,-6,3,1,-6,-7,-10,-5,-6,-1,8,-11,0,-1,-12,6,-14,-14,-7,-13,18
47/14,0,2,-3,-5,-5,-5,1,1,-3,6,1,-1,-6,12,-8,-2,6,0,4,-12,6,4,-10,-12,-18
-29/41,0,-2,4,0,2,-5,-3,-2,-3,-10,-7,10,6,-10,0,-6,0,4,-7,-4,10,11,-3,-1,2
-65/82,0,2,0,0,0,-7,3,1,6,9,-1,-2,6,2,0,-2,0,0,0,6,7,6,-6,-2,-10
-59/615,0,0,0,3,-3,-5,2,1,2,-3,10,-6,6,-12,0,-4,-12,1,5,-15,4,15,12,10,-12
-57/619,0,0,-2,1,-2,2,-3,1,-8,5,-9,10,0,2,1,7,-2,10,2,-12,-10,-14,-16,-10,-1
-388/9,0,0,3,1,4,-6,-5,1,6,-7,3,6,-9,-10,-10,-14,-4,-7,2,8,-10,6,0,-6,8
-389/11,0,-2,2,1,-2,-6,5,-2,-9,7,-8,-2,4,6,-2,6,-4,-1,4,5,-2,-14,-4,-12,17
-24/269,0,0,1,1,-3,-6,-3,-2,6,-8,-8,-2,2,4,-6,7,0,-5,-12,14,-2,-4,1,6,0
-25/269,0,2,0,0,2,1,2,-2,-4,6,10,-5,-1,1,4,9,10,0,2,-12,-7,-15,0,-14,-2
-27/272,0,0,2,1,0,2,-2,1,-3,4,-9,-2,10,4,0,-12,-14,-5,-3,8,-9,5,7,10,-5
-14/95,-1,-2,0,1,0,1,-6,-2,-8,7,-2,-11,12,12,-2,-3,6,-8,12,6,11,4,0,2,-6
-3813/2,0,0,4,0,-1,4,-5,-2,4,6,-10,7,-4,8,0,6,-9,-2,10,-6,0,-15,-13,-3,-12
-1906,-1,-2,1,-5,0,-5,5,-2,-8,-5,4,10,12,1,0,-6,2,-1,4,-5,-13,-15,0,-1,-14
-3814/3,-1,0,-3,-5,-5,6,5,1,-3,-3,1,7,0,4,-3,3,0,8,1,5,-10,-4,8,12,2
25/32,0,-2,0,0,0,0,-3,1,-3,-10,-7,-3,6,1,8,3,0,1,16,4,4,-8,-4,-6,2
2/57,1,0,0,1,-5,1,-5,-2,-9,-1,3,2,-5,4,11,-2,4,8,0,-8,7,4,2,5,2
19/67,0,2,3,3,0,1,5,1,6,6,1,6,0,10,-6,6,-1,-12,0,4,7,-5,-6,-1,2
-7/68,0,2,2,1,-1,0,-2,1,3,-5,-10,-3,12,-2,-11,-6,-4,0,6,15,-5,-16,4,-6,-18
100/59,0,-2,0,3,-2,-5,-3,1,-3,9,-1,10,-6,-6,-8,0,10,-4,4,-15,-1,-1,-6,-3,2
36/65,0,-3,0,-5,0,-2,2,-2,4,4,3,5,-7,1,4,1,4,-1,-2,4,-7,-11,-16,4,10
86/93,-1,0,0,0,-3,-5,5,-2,-8,-3,2,-11,-3,-1,-6,-4,4,1,6,0,-13,1,1,-6,-18
-9/461,0,0,4,1,0,-5,-3,1,4,5,1,-1,-5,4,2,-4,13,2,-12,-3,-11,8,-16,-8,12
-8/461,0,-2,-2,0,0,1,-3,1,-3,6,-6,-6,8,9,-6,-2,9,-4,12,13,11,6,6,6,1
3/86,0,0,-3,-5,-3,0,2,1,3,-8,-10,-6,-1,-12,-3,6,-10,-1,-2,-4,11,-8,11,-9,6
-103/58,0,-2,2,0,2,4,6,-2,-3,-6,10,10,1,-3,-8,6,4,10,11,-12,-13,8,12,12,-6
506,1,-2,4,1,0,6,-3,1,-7,9,1,-7,-6,4,0,6,0,6,4,13,10,-10,-3,18,12
-22/57,1,0,1,1,0,-6,-6,-2,-8,6,1,-5,-6,1,-4,4,-9,-11,-10,-9,-6,0,1,-4,18
-8921/60,0,0,0,0,0,4,-3,-2,-3,7,3,-3,6,-7,-4,6,-4,-2,12,14,-4,-14,2,-10,-14
-8925/58,0,0,0,1,2,2,-8,1,-8,-6,2,-5,6,8,6,6,6,2,2,8,0,-9,-4,2,-12
-8927/60,0,0,0,3,-5,6,-3,0,6,-5,0,-1,6,-6,10,-2,2,-5,5,-3,6,4,12,6,2
-8928/59,0,-3,-2,1,-5,-6,-5,0,-3,-2,-10,10,0,-6,-6,-6,10,-4,2,-12,12,-1,-16,-6,8
-94/9,1,0,2,1,-2,-5,3,-2,6,-2,-2,-1,7,1,-8,3,-12,1,-11,6,2,-6,-3,-9,1
-33/67,0,0,2,-5,0,1,3,-2,-3,-4,3,-5,0,-1,-6,10,0,2,0,15,14,-1,-4,0,-10
-7/1166,0,2,-3,1,-2,-5,4,1,-3,2,-4,5,-1,4,12,5,-14,0,-12,15,5,-4,12,8,18
-3/1169,0,0,0,-5,6,1,2,-2,6,3,-8,-2,0,2,-8,0,-9,6,8,-1,-13,-16,8,-2,-14
20/53,0,2,0,-5,-5,6,-1,-2,-6,-2,0,6,-4,4,11,5,-11,6,4,0,1,-14,2,-9,16
-7/198,0,0,0,1,-2,0,-3,-2,3,9,-6,-2,-6,12,-1,-2,0,6,-3,0,0,-6,1,-10,7
-16/397,0,-2,-2,0,2,6,2,1,-3,-4,-9,-7,-6,8,0,-11,0,1,-12,4,-7,6,8,-6,-5
-5/198,0,0,0,0,-2,6,5,1,-8,4,-4,10,-4,-6,0,6,-9,-11,1,-12,4,-15,-4,-2,6
-68/13,0,2,2,-5,6,-2,-8,1,-6,-8,-8,-7,6,12,4,9,6,1,-5,-9,11,6,-6,1,2
1/5620,0,2,0,1,6,2,6,-2,-8,-3,2,-7,-6,4,0,-2,6,-5,8,4,1,15,6,10,-6
1/1405,0,2,0,3,4,2,2,1,1,0,-4,7,2,10,0,-6,6,4,12,0,6,-6,6,-17,-1
5/5618,0,2,0,3,-1,-1,1,1,-4,5,-1,-6,-6,-7,11,5,-14,-4,12,15,-6,-1,0,-14,-2
1/1124,0,-2,1,1,2,4,-4,-2,-3,-2,-10,-2,-4,-10,-6,6,-1,-12,-8,4,10,-7,-4,-15,-4
91/88,0,2,3,1,-2,-7,-6,1,2,-2,10,-7,-7,0,-8,-2,-1,4,-2,-12,-1,-8,0,-6,14
87/89,0,0,-2,1,6,0,-4,-2,-8,-10,8,-6,-4,1,8,-6,6,10,2,-12,-4,-8,10,-8,-9
55/43,0,2,0,1,0,-5,-3,-2,-4,-4,-6,-2,-9,-12,0,4,-11,2,-10,-15,-4,12,15,-15,-9
-35/32,0,-2,0,1,-1,-5,-4,1,4,-1,-9,10,0,7,-6,-4,6,-6,12,-8,4,6,-3,-6,8
-97/33,0,0,0,3,-2,2,6,1,3,-5,-4,-2,-9,-7,0,-12,4,-2,6,8,-4,10,-5,10,8
-11/10,0,2,0,0,0,-5,-3,1,-3,-2,-6,-5,3,1,1,3,0,-1,11,0,4,-8,3,6,2
-101/93,0,0,3,1,-3,-5,5,-2,4,-5,2,-7,-7,-1,0,2,-14,10,2,-3,2,10,6,-12,8
-43/32,0,2,2,-5,6,-5,-3,1,6,-4,10,-5,2,-1,12,11,-14,5,5,4,14,10,4,-3,-2
-17/42,0,0,1,-5,-2,1,-8,-2,6,0,-8,-8,-3,-6,0,6,0,-2,8,0,4,4,6,9,-2
-34/31,1,-2,0,-5,2,2,-8,-2,-3,-5,2,10,4,-4,-6,6,6,-12,-13,-9,2,-1,2,8,-9
106/75,-1,0,0,3,-1,-5,2,1,6,-2,2,-3,6,-4,1,-10,-14,2,-12,0,-14,6,6,-3,-2
-15/77,0,0,0,-5,-2,0,-3,1,-3,4,1,-3,3,8,0,-10,11,2,-12,-9,-13,1,-13,12,-2
9/91,0,0,1,-5,-2,-2,-1,1,4,-3,3,-1,-6,-10,0,6,0,1,-14,12,-8,-14,-3,-14,2
-756,0,0,1,1,-2,4,-4,1,-8,-1,10,-2,2,-6,-6,-2,-9,1,3,6,-6,-9,0,6,8
-380,0,2,0,-5,4,2,5,1,3,-8,1,11,-4,8,-6,-2,13,2,-11,-6,-13,-16,-1,1,8
-755/4,0,2,0,1,-5,1,5,1,-3,6,-5,-11,1,4,7,6,5,6,-10,12,12,5,-16,-3,-5
-751/3,0,0,-2,-5,6,2,3,-2,6,4,-1,-2,2,-2,-11,11,-7,10,0,-8,-16,6,16,-1,8
-1/101,0,2,1,1,4,-1,4,-2,-3,-7,-9,2,4,4,4,-11,0,10,8,15,-1,-10,2,-12,-5
63/88,0,0,2,1,-2,-5,-3,-2,-3,-4,6,5,-1,-4,1,-4,-4,1,10,-1,4,11,-11,-15,-14
64/13,0,2,2,1,6,-2,4,1,1,-2,-2,-7,0,4,0,10,-14,-10,-12,4,-11,10,10,0,-9
37/46,0,2,-2,-5,-1,-1,-3,-2,0,0,10,-11,8,-2,4,-2,-4,4,12,-12,4,-9,12,-6,-5
37/48,0,0,1,-5,-5,6,3,-2,3,-4,-10,-11,-6,8,6,-3,-2,8,-8,8,-2,4,-13,-6,6
-75239/3,0,0,-3,1,-3,-6,4,-2,-8,6,-1,-1,7,-6,1,9,-11,10,5,6,-13,8,-3,10,10
-75236/3,0,0,0,1,4,6,-6,-2,-4,4,-8,-3,0,-10,-6,6,6,-2,1,-12,7,-4,14,-14,0
93/22,0,0,1,1,-2,-6,2,1,-4,-3,-10,-5,12,-7,13,11,8,8,4,2,-2,-16,-3,-4,13
13/59,0,-2,3,1,2,-7,-3,1,-3,9,6,-7,3,-4,12,-9,10,13,9,-12,2,12,-11,5,-10
-31/52,0,-2,-2,1,-2,-2,2,-2,4,10,-10,-6,0,6,3,-2,-2,-6,12,-15,-6,11,11,-4,-12
87/80,0,0,0,0,4,4,2,-2,6,-10,1,5,-6,8,-8,-3,-2,-4,-14,-4,-13,-14,16,6,0
-15/11,0,0,0,-5,-2,2,5,1,3,-2,-2,10,12,-1,4,6,6,1,5,-3,-13,6,0,18,-5
14/57,-1,0,0,1,4,-5,-3,-2,6,6,-1,-10,1,-6,8,-4,0,-1,-8,-8,-5,-8,-4,-7,1
-27/410,0,0,0,1,-1,4,6,0,-3,6,-5,-6,6,-4,-11,3,11,5,-4,-2,11,-10,4,6,0
-51/821,0,0,1,1,6,6,-8,-2,0,-2,-5,6,-1,-2,1,-6,6,-8,-11,7,-13,5,0,-15,17
-53/822,0,0,2,0,-2,-5,5,1,-3,6,10,6,0,-2,-8,-10,2,-2,4,12,-13,-6,-12,9,-2
-26/411,1,0,2,1,6,-7,2,0,-3,-10,-1,-8,2,0,4,-6,-4,0,-8,-12,0,13,6,6,-14
-101/79,0,2,4,1,6,1,2,-2,2,0,-5,10,6,-3,1,6,-4,-7,14,0,8,-8,14,8,10
81/88,0,0,-3,0,-2,6,-1,1,-4,2,-8,-5,-3,-10,4,-9,-11,-5,5,-12,-14,4,3,-17,13
-2/429,-1,0,-3,1,-2,-2,-3,1,2,10,10,-5,2,4,-11,6,6,0,9,16,2,-6,7,9,1
-5/429,0,0,0,0,-2,-2,2,-2,-3,-2,2,-7,-6,2,0,0,-2,6,2,3,-11,5,-3,-8,14
73/92,0,-2,1,3,6,-5,-3,0,0,5,-1,10,-5,2,1,-2,6,13,11,-4,-11,15,4,12,2
86/33,-1,0,2,1,-2,1,3,-2,0,6,3,-10,6,-1,8,-3,13,-2,-10,4,-10,-5,0,-17,-2
-99/10,0,0,0,1,0,6,-6,-2,-4,6,10,-5,0,10,0,-10,-2,-7,4,5,12,-7,14,-9,-6
-98/11,1,-2,3,1,-2,2,2,-2,1,0,-1,10,1,4,0,2,0,2,8,12,0,12,0,18,17
33/82,0,0,1,0,0,-5,-5,1,-4,-4,-4,10,6,0,6,-2,6,-10,-10,4,0,10,-7,-17,-18
30,-1,0,0,1,0,-5,-3,-2,3,4,1,-6,-4,6,-10,-4,-14,8,-12,14,7,-9,12,-6,-6
-71/51,0,0,1,3,-3,-6,-2,1,6,-4,-4,-11,-6,-6,0,10,-9,10,-14,-12,-14,10,10,-12,13
-66/29,-1,0,4,-5,0,-5,2,0,1,-6,-6,7,7,-6,-6,6,-14,-3,4,-9,-10,-1,1,-13,-5
-3/161,0,0,0,-5,0,0,-5,1,0,-1,0,2,-6,-12,0,-2,-13,10,8,15,-1,8,-9,10,1
-8/325,0,2,0,1,2,-2,-3,1,-3,-10,4,8,-4,-7,4,-2,-4,13,-12,3,8,4,5,6,-14
-2/161,-1,-2,3,-5,2,2,-3,1,0,-10,1,-10,4,12,8,0,-3,-4,9,-15,10,0,-12,3,12
4981/77,0,-2,2,-5,-2,4,-8,-2,-6,0,-1,-7,0,-3,0,-9,4,-2,2,-12,-4,-7,6,12,8
4978/81,1,0,0,1,4,-5,2,1,-4,0,-1,-11,-3,4,3,-3,0,-4,12,-2,-14,1,11,-14,-10
623/10,0,-2,0,1,-3,-1,-3,-2,4,9,-1,6,8,9,4,-14,-2,-3,-12,-15,-2,11,16,-13,-7
14/37,-1,-2,-2,1,0,-6,3,1,-3,0,1,-8,-6,-12,-6,3,0,4,11,-9,0,4,-3,-13,12
-89/76,0,2,0,-5,-5,6,-3,-2,3,4,10,10,6,-3,-6,-11,-13,8,-4,-15,6,-15,6,-13,8
52/83,0,-2,1,-5,4,-7,-3,1,3,4,2,2,-1,4,-6,-4,6,-10,8,8,0,6,-16,-1,-5
50/9,1,0,0,-5,0,6,5,-2,-8,-5,-5,-7,-6,-3,-11,-3,4,1,3,-9,-10,9,-4,12,-2
97/21,0,0,3,-5,-1,-5,2,0,-3,-4,3,-11,-4,8,-6,-2,4,-12,12,-12,2,10,10,0,8
47/11,0,2,0,3,-2,-1,6,1,-8,0,-2,10,6,8,-8,-6,-11,10,14,2,2,13,-4,-14,13
-43/3,0,0,1,1,-3,1,2,-2,-3,-4,-9,6,0,-1,0,4,-7,1,10,-9,-4,-6,4,6,11
10/73,1,2,0,0,-2,4,-6,-2,4,7,0,11,6,1,-1,-2,-13,-4,1,3,-6,-6,12,12,8
675/98,0,0,0,-5,4,4,2,1,-3,-4,3,-2,-6,0,-11,-3,7,-2,8,6,2,-16,4,18,-1
22/93,-1,0,1,-5,0,4,1,1,-4,2,2,10,-7,4,0,-3,0,4,8,2,12,-14,12,5,2
58/65,1,-2,0,0,0,-2,-4,1,-4,-10,-5,-5,12,6,0,-6,9,-7,4,0,0,-4,4,-8,-14
-23/99,0,0,-3,-5,-2,0,-6,1,-7,6,-1,-2,-4,7,-2,-4,-1,10,6,3,7,11,3,-8,10
58/19,-1,2,3,1,6,2,6,-2,-4,-10,-8,-2,6,4,-6,6,-9,-3,4,-3,-14,13,6,9,5
9/92,0,-3,0,1,4,-1,5,1,0,-2,-1,-5,-6,1,11,1,-9,6,-6,-15,12,8,11,3,10
-74553,0,0,-2,-5,4,0,-4,-2,-3,-4,-6,10,7,4,0,6,8,-4,0,-12,-14,-8,-4,1,8
85/8,0,-2,0,0,-5,-1,-8,-2,6,6,1,-1,7,8,10,-14,0,-5,11,5,-10,-14,2,6,2
-1/1881,0,0,1,-5,-2,2,2,-2,4,6,-4,-1,-2,-1,-8,-6,-7,0,0,-1,-2,-14,0,-12,-9
-2/941,-1,-2,2,-5,4,2,5,1,-3,4,-4,5,-6,4,0,-2,7,10,2,4,-2,5,-16,18,-14
-81/7,0,0,2,-5,-5,6,2,1,6,-4,0,7,1,-1,3,-6,0,10,8,6,-13,10,-4,-1,-6
-98/61,-1,2,3,1,-1,-5,2,1,6,-4,-5,7,8,7,10,-3,0,-4,-14,-12,6,-8,9,10,13
-13/59,0,2,3,-5,4,-7,-4,-2,-4,4,-7,-6,-6,-6,-8,6,10,1,-3,6,2,0,-6,-9,8
-18/95,1,-3,0,1,6,0,2,-2,-8,-4,-1,-2,0,-2,-3,-2,-4,-5,8,-4,-10,5,-16,-12,-5
29/81,0,0,2,1,6,2,2,1,1,-10,-9,-7,-6,4,12,-4,6,4,4,-8,-2,-8,2,-1,-14
89/97,0,-2,-3,1,4,-5,-5,1,0,-4,1,-6,-5,-12,8,-6,0,0,-12,8,-11,-1,4,-13,4
-83/93,0,0,1,-5,-5,-5,-3,-2,-3,7,2,-5,7,-4,0,-2,0,4,8,-12,-7,10,0,0,18
-85/92,0,2,0,1,0,-6,-8,-2,0,-5,1,-7,-6,-10,11,-2,0,13,-3,16,2,15,15,18,-7
-81/95,0,0,0,1,-5,-1,2,-2,-9,-5,6,-8,-3,5,1,6,-12,-5,12,-15,-16,-15,-3,18,-10
29/2,0,2,0,-5,0,-5,-5,1,-8,-10,1,5,0,-10,-6,1,4,-7,3,11,-13,-8,10,1,2
-4441,0,-2,2,-5,-2,-5,-3,1,-8,-2,1,7,4,12,-8,-9,-4,5,3,-9,12,-1,4,6,12
-4/979,0,-2,1,-5,-2,6,2,-2,-3,9,8,-2,8,4,-8,-6,0,-10,-6,3,10,13,10,-8,2
-13/2937,0,0,2,1,-2,-7,3,1,-3,-7,-8,10,6,10,-4,11,0,-1,4,-15,-11,8,16,-8,-12
-9/22,0,-3,2,-5,-2,6,2,1,-3,6,2,-2,0,-4,12,-6,-4,-10,-13,-7,14,4,3,-6,-2
-55/8,0,2,0,0,0,4,-3,1,-9,-2,-4,10,-4,4,-8,5,-14,10,-14,-1,2,-16,4,-14,-5
23/8,0,2,4,1,4,4,2,-2,-7,0,1,2,6,-10,0,3,-7,2,16,4,12,13,12,-17,-6
19/31,0,2,1,-5,4,-1,2,1,3,-3,2,-2,0,4,6,6,0,8,-2,-15,-2,10,-3,-10,-7
83/2,0,2,1,3,-2,-1,3,-2,3,-1,-9,5,12,4,-6,-3,6,-4,10,0,-9,0,0,-12,-14
-76/15,0,0,0,0,-2,2,-3,1,-8,6,-4,11,6,9,4,-6,-5,0,14,-9,-1,8,4,9,-14
67/2,0,-2,4,1,2,2,-3,1,-4,3,10,-2,0,-12,4,9,6,-5,-5,-13,-13,6,1,9,-12
-33,0,0,2,1,0,-6,4,1,-3,-2,-4,-8,6,-4,8,2,-13,6,-10,9,5,10,-7,-3,-1
146/45,1,0,0,1,-2,6,-3,-2,-3,7,6,-7,6,6,0,1,6,1,-5,-12,-11,-5,-4,2,18
146/41,1,2,4,0,6,-5,3,-2,-8,-5,-9,10,6,-1,0,-11,4,-4,8,-9,-11,6,-16,-8,-8
26/5,1,2,0,0,-2,-7,6,1,-9,4,1,-7,-6,12,-8,-4,-7,-12,-12,0,0,10,-8,-14,17
-34/81,-1,0,0,1,0,-6,-8,1,-3,-2,-1,10,-3,0,-8,1,-11,2,2,6,11,-1,-12,-14,-9
-10/27,1,0,0,3,0,1,3,-2,-3,-4,10,8,-4,-4,-8,-11,6,1,-14,-12,-13,-8,14,-15,-18
17/40,0,-2,0,1,-3,-5,-8,1,-3,7,-9,10,-3,1,7,-3,-2,-1,-2,14,2,-9,-13,-1,-14
37/82,0,2,0,1,-2,-6,3,-2,-8,10,-1,-11,6,1,10,3,-7,2,8,5,6,-6,14,-14,-2
-56/41,0,-2,2,1,-3,4,-4,-2,6,-4,-9,5,6,7,0,-10,9,-2,-11,-15,-14,5,8,-1,8
13/31,0,2,-3,1,6,-7,1,1,-6,0,2,-8,-1,0,-6,11,0,4,-14,3,2,6,3,-14,2
84/95,0,0,0,1,-5,-5,2,-2,-3,-2,3,-8,-6,4,6,-6,6,13,10,-15,-8,8,0,-17,3
81/94,0,0,1,1,0,2,-4,-2,2,-3,10,-2,-6,4,3,-11,6,13,10,8,14,5,12,12,17
-2/375,1,0,0,3,0,2,5,1,-8,4,-1,10,0,-10,4,-4,2,-12,-3,6,-1,-14,16,10,-6
-8/1871,0,-2,0,3,-2,-5,-4,1,-4,9,10,-5,1,2,-6,-4,6,1,8,4,-8,6,3,0,-10
-1/144,0,0,4,-5,6,6,-6,1,-9,4,8,-6,-9,4,-11,1,0,-11,8,-15,-8,-4,12,12,14
-8/1875,0,0,0,0,4,-6,6,-2,3,-3,4,10,-6,10,7,6,-10,4,10,-12,-10,11,10,-16,-5
-44/75,0,0,0,0,0,-6,4,1,6,2,1,-6,-6,-1,13,-6,6,-5,16,-5,-13,10,8,12,10
-48/71,0,0,-3,0,0,-5,4,1,-4,5,-5,-5,2,1,0,-3,-2,-3,2,4,4,5,-6,-15,-10
-61/35,0,2,0,-5,0,6,1,-2,-6,3,-1,-8,-6,-1,6,-10,4,-13,11,-15,-13,4,0,18,13
-46/53,1,2,3,1,-5,-6,5,1,-7,6,3,10,3,-1,-6,5,-4,-5,-12,12,10,-11,-11,-15,3
-89/82,0,2,-3,1,-1,6,1,0,6,-5,-7,-8,6,4,-6,6,-5,-10,10,11,-2,-8,4,-13,-14
-25/94,0,-2,0,0,4,-1,4,1,-4,9,6,-2,2,-1,3,-11,13,8,2,-1,8,-6,-3,-6,8
44/67,0,-2,3,-5,0,-1,1,1,-3,0,0,7,6,4,0,1,10,-3,0,-5,-2,-8,-4,-6,-12
-44/85,0,2,0,-5,0,1,-2,1,-8,6,-8,5,12,-6,-11,-2,-2,-10,-4,6,-1,-4,0,10,17
83/91,0,-2,0,-5,-1,-2,5,-2,-3,0,-5,-1,8,12,-6,-6,6,-6,5,6,-11,-14,0,-12,8
83/47,0,2,2,-5,-1,6,-4,1,4,5,3,-8,-9,-4,3,1,6,-10,4,-15,-10,-15,0,10,-9
-91/193,0,-2,0,1,4,-7,3,-2,6,-5,10,-2,-1,-4,4,-6,6,-6,10,2,5,-15,9,6,14
-31/65,0,2,0,1,0,-2,3,1,6,-5,-10,-11,-6,0,-6,1,4,8,-2,-4,-1,-14,12,-8,-2
-88/25,0,-2,0,1,0,2,-5,-2,6,6,-7,-3,7,0,-1,1,-4,10,-10,3,11,11,-10,2,0
13/86,0,-2,-2,3,6,-7,-3,-2,-8,4,2,6,-3,-12,-11,-6,-12,-10,-12,-12,-16,1,1,12,-9
17/54,0,0,-3,1,4,0,-8,-2,-3,5,-7,8,-5,-4,0,6,-4,-2,2,-8,10,13,-3,-16,-18
-49/107,0,2,3,1,0,2,2,-2,-3,0,3,-2,12,-12,0,-14,-12,-3,2,0,-9,0,4,-2,2
89/32,0,2,0,3,6,-5,5,0,-3,7,-9,-10,-7,12,-11,4,6,-7,-12,3,-8,8,-16,-13,-5
89/29,0,2,0,-5,0,-5,-5,-2,3,-6,-6,-8,0,4,-3,-2,4,-8,-3,14,-16,-16,14,-13,-4
11/40,0,-2,0,-5,0,4,3,1,6,4,0,-5,-4,-4,13,-2,-10,10,-8,-12,4,-7,6,0,-14
-27/85,0,0,0,0,0,4,-2,1,-8,0,0,10,8,2,-7,-10,13,1,-12,-12,-5,8,-4,1,2
-31/84,0,0,0,-5,4,2,2,1,-3,7,-10,-2,-6,4,0,0,-1,-8,-3,0,-8,-8,12,-10,-14
-12/73,0,0,4,3,-2,-5,4,1,-4,-4,-9,-8,2,5,8,6,6,0,8,4,-6,0,2,-14,5
103/10,0,2,0,-5,4,-1,6,1,6,3,2,2,-9,-4,-6,-7,2,1,-14,-5,-8,-9,12,-12,8
50/71,-1,2,0,0,6,-5,5,1,6,6,-5,-2,-4,7,12,-2,-14,-1,-2,4,4,-14,-6,-8,-2
-12/53,0,0,4,-5,2,2,5,-2,6,3,-1,11,12,8,0,5,-2,10,8,-7,-4,4,-12,-6,13
40/91,0,2,0,-5,2,-2,4,1,2,10,3,6,8,12,-6,-3,6,-10,1,-1,-4,-15,2,6,-6
53/12,0,0,1,-5,0,6,2,1,4,-7,2,2,-6,12,-8,-10,-4,6,-3,-12,-6,10,4,-12,12
55/14,0,-2,0,-5,0,1,-1,1,-4,-4,0,5,-6,8,8,-6,-7,-6,-3,13,7,11,-16,-14,9
46/21,-1,0,2,-5,0,-1,2,1,-7,4,-1,10,10,4,-6,-3,4,13,4,7,7,10,-4,-12,1
-50/67,1,2,0,-5,4,2,3,-2,6,-5,-8,5,-6,1,0,-14,-4,5,0,-7,2,-8,-8,12,-14
-83/42,0,0,2,-5,-2,6,-3,-2,-3,6,0,10,12,4,-4,-9,-5,10,8,8,-10,-9,0,10,1
-83/44,0,-2,3,-5,-2,6,1,1,3,-5,-9,-8,0,10,-8,4,-3,8,1,-9,12,4,0,6,8
77/15,0,0,0,1,0,-6,-3,-2,-4,0,2,-2,0,12,4,-2,-4,-6,5,2,-4,8,3,-8,-1
12/82099,0,0,0,-5,-1,1,-6,-2,-3,-6,10,-10,6,-6,-6,-10,-12,8,-10,8,2,12,11,-2,-6
12/82103,0,0,1,-5,6,-5,-3,-2,6,5,2,-8,-3,4,0,-6,-12,-8,-3,-9,10,-14,-7,-10,3
-39/49,0,0,2,-5,-5,-7,5,1,6,3,3,-1,-1,9,-1,-4,6,-10,-8,3,-1,8,-4,-1,10
-29/90,0,0,0,0,-1,1,4,1,-8,-10,-1,-5,-7,-4,11,-2,-1,0,9,0,-10,-1,-9,-8,11
-7338,-1,0,-3,-5,6,6,-5,1,-4,0,-5,-7,-6,9,0,6,-3,1,-12,-6,4,4,6,-14,-14
22/91,1,2,2,-5,0,-2,5,1,-3,7,-1,-5,-9,-1,-8,1,6,-6,0,4,-13,-16,-6,10,12
17/89,0,2,2,1,2,4,-8,-2,6,2,10,10,6,4,12,0,0,-10,5,-12,-11,-8,6,-8,-7
45/59,0,0,0,0,-2,6,6,-2,3,4,4,-10,2,2,8,-12,10,13,14,0,-13,-8,-7,4,-2
45/62,0,0,0,-5,0,4,4,1,6,-2,2,-11,6,-4,-7,-7,-11,-7,-8,3,0,0,6,10,-3
-29/12,0,0,-2,-5,-3,1,3,1,3,-10,-9,10,-6,4,0,-6,-4,-5,-14,-15,0,-8,14,-8,-18
75/41,0,0,0,1,0,-5,4,1,6,0,1,-6,6,2,7,9,6,-10,-3,-9,-6,8,-3,6,-9
-83/62,0,-2,0,1,4,-6,5,-2,6,4,2,-5,-9,8,0,-11,-4,-7,-12,6,-2,-15,0,-14,10
-67/31,0,-2,3,0,2,2,5,1,2,10,2,-2,-3,4,1,-2,0,-10,-5,6,-5,15,6,18,16
31/68,0,-2,2,1,6,-6,-2,1,-3,-4,-10,8,-4,9,0,1,0,-3,5,-3,12,-15,15,-3,10
96/23,0,0,0,1,0,6,3,1,0,9,10,-7,-7,8,-6,6,-7,-11,-3,-13,-16,11,14,-9,9
-93/67,0,0,4,3,2,6,-3,1,1,0,-10,-2,-9,1,10,-3,7,-2,0,-15,-5,9,17,-4,7
-91/69,0,0,0,1,6,-7,5,-2,0,-8,10,5,-9,-6,0,-2,4,-10,2,-8,-6,-4,6,6,3
79/17,0,-2,-3,3,-3,2,-2,1,2,7,2,-7,-5,6,-8,-2,6,-10,3,4,-10,4,-16,2,-18
9/49,0,0,0,-5,-3,2,-3,1,-8,0,4,-5,0,1,0,-9,4,-7,12,-7,2,10,2,0,11
1/84,0,0,2,-5,0,4,3,1,-4,3,-2,2,12,8,8,0,-13,13,11,-5,-14,8,11,-14,-12
52/15,0,0,0,3,-1,-7,-3,1,-3,-5,-1,8,-9,6,-11,9,-9,-11,4,4,2,-10,15,6,9
-22/79,-1,-2,3,3,0,-5,5,1,3,10,6,-2,12,4,8,-2,0,1,-10,-2,-1,-8,8,6,0
-20/79,0,2,0,-5,-5,-6,-4,1,-8,-5,-4,5,-3,4,0,-10,4,4,-12,-9,7,-8,2,0,3
-27/31,0,0,-2,-5,0,-5,-4,1,3,4,2,5,2,-1,1,7,2,8,5,0,-13,-4,-7,0,-1
5/37,0,-2,0,1,-3,-5,-3,-2,6,-8,6,-8,8,6,0,1,7,1,12,-4,-4,-7,4,1,8
-31/25,0,-2,0,0,0,-5,5,-2,-9,6,-10,10,6,7,-8,1,-1,-4,-3,14,-5,4,4,-10,13
-88/75,0,0,0,1,0,6,-6,1,-6,-5,-4,5,-5,12,0,-6,-12,-1,4,-12,-1,-7,17,8,-2
23/56,0,2,-2,-5,-5,-1,-3,1,-7,5,-1,-7,-9,9,1,6,6,10,11,-5,-11,8,-4,0,-6
58/83,-1,-2,2,-5,2,-1,2,-2,4,-10,10,11,-6,4,-8,10,10,2,-8,-12,4,-8,-16,6,-14
39/53,0,0,0,0,0,-7,5,-2,-4,-1,6,2,-3,5,-10,5,8,6,-12,-4,7,11,0,-6,-3
-35/2,0,-2,0,1,6,0,-3,-2,-8,-8,-4,8,3,-1,12,10,6,13,5,-3,6,-7,-4,0,-1
91/69,0,0,2,1,-5,-7,-5,1,0,5,-9,-8,-3,-4,4,10,-11,-10,-8,-12,-7,-1,-1,1,12
-9059/3,0,0,-2,1,0,-5,6,-2,-3,-4,-1,10,4,-10,-1,3,11,-2,0,-4,2,8,-11,-6,1
-9058,-1,-2,2,1,2,1,2,1,0,3,-7,10,3,9,1,-7,2,4,-10,14,-10,12,6,6,-2
76/29,0,-2,1,1,-2,-5,6,1,-3,-6,-2,-7,12,-1,2,1,-7,8,8,-9,-13,5,3,0,-6
35/54,0,0,0,1,0,4,-5,0,-3,9,0,2,8,7,12,-3,0,-13,-10,16,-13,10,4,-9,-5
22/19,1,2,0,3,0,-5,5,-2,2,0,-2,10,12,-6,-11,6,-13,10,-3,-6,-9,-16,2,10,11
91/73,0,2,2,1,-1,-7,-3,-2,-8,-5,-4,-7,12,-10,-6,-2,-11,-2,11,-8,-6,-7,6,10,8
-715/12,0,0,0,-5,0,-7,1,1,-9,-2,-5,7,-3,6,0,6,-12,1,3,-15,14,4,-3,-2,9
-709/13,0,-2,3,1,-2,-2,2,0,6,0,8,-6,-6,2,0,-2,11,-3,-11,-5,6,9,16,12,6
29/15,0,0,0,0,6,-5,5,-2,-3,-10,-10,-10,8,-2,-6,10,6,1,6,5,-7,-8,5,0,14
-58/35,1,2,0,-5,-3,-5,-1,-2,-4,-10,2,6,0,-6,0,-3,10,-5,8,-9,-5,-16,12,12,-3
46/75,1,0,0,-5,6,0,-4,-2,-7,4,-7,-7,-1,12,12,-2,-7,5,4,-9,12,13,14,-4,11
45/76,0,-3,0,-5,6,2,6,-2,-3,-5,2,-8,0,-6,0,-2,-1,-5,-4,13,2,-8,4,1,-2
-13/89,0,2,-2,3,0,-7,4,1,1,-5,3,-7,-5,-4,-8,9,13,-12,-4,3,2,-8,-9,-8,-18
-11/93,0,0,-3,-5,0,2,2,1,1,5,2,-2,12,1,7,10,-5,13,-11,-15,-11,8,3,0,-18
-268414,1,-2,0,0,0,2,3,1,-9,10,0,-2,0,6,-7,-2,-11,2,2,-3,-6,13,-3,-13,-12
-536827/3,0,0,0,0,-1,6,5,1,-3,6,-10,10,8,4,-6,4,4,-7,4,6,-9,-4,0,-3,3
3/89,0,0,0,1,-2,-5,2,1,-4,4,2,-2,-6,-6,6,-2,4,-4,-8,10,12,2,-4,-8,17
-81/56,0,0,1,-5,4,-1,5,1,6,-8,-4,5,-1,8,-6,-4,10,-13,4,-7,-5,6,0,10,2
66/13,1,0,3,-5,0,-2,-4,1,-8,3,8,-7,-3,9,1,-3,-2,-7,-5,13,4,8,-15,3,8
62/21,-1,0,-2,-5,-3,4,1,1,-3,3,-10,-5,-6,2,0,6,-7,10,-10,14,6,0,12,18,2
-2/87,1,0,1,-5,-1,6,3,1,-3,-6,-8,-10,6,-2,0,6,-2,10,8,0,-5,15,4,-6,2
35/67,0,-2,0,1,-1,4,3,-2,-8,7,2,-3,6,-7,6,6,6,10,0,13,-2,-9,0,10,-6
-31/46,0,-2,2,0,-5,1,-3,1,0,-4,-10,10,-7,-1,-11,0,6,5,-13,-15,-10,-15,12,6,-14
13/29,0,-2,-2,1,4,-7,5,-2,2,-6,-5,-2,6,-3,0,-4,13,10,-8,-13,-13,-1,6,2,-1
-41/12,0,0,3,3,-2,0,5,-2,6,0,-7,-8,-4,-10,-8,-3,-9,-8,-8,9,2,-15,4,6,10
96/85,0,0,0,-5,-5,2,-2,-2,2,10,10,10,8,4,12,1,7,-13,4,-4,-13,8,6,1,-10
94/81,-1,0,1,1,4,2,-6,1,0,2,10,-11,-4,8,-8,-2,-11,-5,12,0,7,1,4,12,-14
69/94,0,0,2,1,2,2,-6,-2,-7,3,2,-7,6,-7,3,-12,0,-7,-3,4,-1,0,-13,0,-9
43/84,0,0,0,-5,-2,-5,-3,-2,-3,-4,-5,-2,-6,-1,-6,-2,6,-7,4,-9,2,-15,-3,0,-14
-86/87,-1,0,-2,-5,0,0,-3,1,6,-6,-10,-5,8,-1,11,-6,0,1,4,-15,2,4,1,4,2
-16/79,0,-2,4,1,-2,2,2,0,-8,-7,1,-5,-3,4,0,-11,-9,-2,4,-13,2,-8,-6,12,17
65/3,0,0,0,3,4,-7,3,1,4,-5,2,-10,6,-10,12,-14,-2,-10,2,-13,2,-16,-16,-10,0
-53/6,0,0,-3,-5,-3,0,5,-2,6,-2,8,-7,-9,2,-8,-10,0,-10,-3,4,-5,-8,2,6,-7
-53/4,0,2,3,1,2,1,-3,0,0,2,1,5,-6,-10,3,-10,-9,2,4,15,-9,10,6,6,10
16/39,0,0,1,-5,6,-2,-1,1,-3,3,-6,-2,-2,-3,0,-2,-9,-1,2,-15,7,1,12,9,-4
31/20,0,-2,0,-5,-5,2,3,1,-3,5,-10,5,6,12,-6,3,0,1,8,-13,0,-4,-3,6,-8
-51/82,0,0,3,0,-2,2,-8,0,1,4,1,2,6,4,-11,-9,-13,-2,-3,-9,-2,-1,2,6,-2
-52/85,0,-2,0,-5,6,-7,-2,1,4,-8,-1,10,10,4,7,-7,6,13,-8,-9,-14,5,3,-10,-10
-4/253,0,-2,3,3,-2,-5,-6,1,0,6,-2,10,-6,-6,12,6,-9,2,-5,6,7,15,12,-10,8
56/81,0,0,2,1,-2,2,2,1,-4,10,4,-2,7,-4,0,-6,-12,-2,11,-12,-6,13,-8,-15,18
101/35,0,2,0,-5,-5,-5,3,-2,6,-5,-6,-2,-1,-4,11,-3,-4,-11,12,-5,7,12,10,-14,2
7/57,0,0,2,1,0,-5,-3,-2,-3,6,3,-2,3,-2,-6,-3,-13,-3,8,-15,10,-10,16,-12,2
67/81,0,0,3,0,-2,-5,-3,1,-9,9,-4,7,2,8,-11,-2,-1,1,-5,8,-2,6,-3,2,-18
-91/67,0,-2,0,1,0,-7,-5,1,3,-4,10,10,-6,-2,-4,2,-2,-13,0,3,-8,0,-4,-10,-6
-85/23,0,2,0,3,-2,4,-8,1,0,3,1,2,-9,9,-3,7,6,-7,0,-3,7,-6,4,9,-3
-11/103,0,2,0,1,0,4,-5,0,-4,-5,-6,-1,-3,-12,-1,-2,4,8,2,-12,-6,8,-5,18,-14
-3/26,0,0,-2,-5,-1,-2,5,1,-4,4,-9,10,-2,7,-6,-10,-4,-5,-10,3,14,4,-1,-8,16
-55/89,0,2,0,3,0,-5,3,1,-8,4,6,-2,-9,-3,7,11,1,-8,5,-12,-13,-9,12,-8,10
40/9,0,0,0,1,-1,1,6,1,3,-1,2,-7,8,-7,0,6,-9,6,-11,7,-1,-7,6,6,16
31/78,0,0,0,3,0,-2,5,1,2,5,-10,-2,2,1,2,11,-12,-1,8,-9,4,-16,2,-12,-19
-32/99,0,0,3,3,-2,-1,2,-2,6,6,-5,-2,2,0,-7,11,-9,5,4,13,-4,-9,-16,12,-2
24/49,0,0,2,-5,4,-5,2,1,6,6,-1,10,3,-1,-8,7,13,5,4,-4,1,-16,-3,9,-13
-2/79,1,2,-3,1,6,4,-5,1,-3,6,-5,10,4,12,0,-14,0,-1,12,8,4,-8,-4,6,0
-19/35,0,2,0,-5,4,-5,5,1,6,0,3,-6,10,4,-3,-14,0,-4,-12,9,-8,6,16,0,-12
-34/71,1,2,4,0,-1,1,-8,-2,2,9,1,7,-6,12,-4,-14,0,-5,8,4,-2,2,6,-10,12
77/47,0,2,0,1,0,-5,-6,-2,6,6,1,-8,1,6,3,-6,2,2,12,8,14,-5,-3,-10,-5
-8/39,0,0,2,-5,2,-2,6,-2,3,-4,1,5,-5,4,2,1,-12,-6,-10,-3,10,8,-3,5,-12
-88/91,0,-2,3,-5,0,-2,-3,-2,-9,6,-9,-10,0,5,0,2,6,-12,-12,-12,7,-4,6,6,2
-72/31,0,0,0,-5,-2,-1,1,-2,4,6,2,-8,12,-4,0,-4,-9,-7,-12,13,-11,-4,-16,9,0
38/5,-1,2,0,1,-5,-5,5,1,-8,-2,-1,-2,-3,10,0,11,-4,10,4,7,-16,10,0,18,-18
-35/717,0,0,0,1,6,0,5,-2,-4,-5,1,-5,-4,0,2,0,-12,1,8,3,14,-14,14,-15,-3
-19/358,0,-2,3,1,2,2,5,1,6,4,-1,-2,-9,-7,-6,-4,0,-2,-4,-15,14,2,-4,9,2
-84/89,0,0,1,1,-3,1,-3,-2,-3,4,-8,-11,-4,9,0,-11,11,-6,5,3,-1,12,6,-8,9
39,0,0,2,-5,2,-7,2,0,-6,10,-1,10,-9,-3,8,-2,0,-7,-4,-15,-10,12,4,-9,2
69,0,0,1,1,-2,-5,4,1,-7,4,2,-3,4,-1,3,6,0,13,-12,-13,6,-15,6,-14,-10
-41/99,0,0,0,0,-2,1,-3,1,0,0,10,-7,-4,4,4,4,10,-5,-4,6,-5,6,5,-1,2
41/3,0,0,-2,1,6,-5,-3,0,2,-2,-2,2,-4,7,0,-6,0,8,-5,-12,-10,1,6,-4,12
-82/85,-1,-2,0,1,0,-5,-2,1,-3,-5,10,-1,-4,-3,-10,-2,-11,-8,2,5,-2,12,-4,1,6
-23/70,0,2,0,-5,0,4,2,-2,-7,6,2,-2,-3,12,-8,6,-14,-4,4,16,-7,-8,6,12,16
-34/37,-1,-2,3,-5,0,-5,-8,1,4,5,0,-8,-4,4,0,-9,8,1,11,2,-9,-10,3,-1,13
-1/68,0,2,3,-5,4,-5,-2,1,-3,-8,-5,-1,3,-12,-6,9,-4,4,4,-12,8,15,6,-8,-9
7/37,0,2,0,1,6,1,-3,1,1,3,-9,-8,-4,-4,-1,3,6,-3,-12,0,11,6,-7,-8,2
11/78,0,0,-3,-5,0,-2,-3,1,4,-7,-1,-8,4,-1,8,6,-4,-2,12,-9,2,5,3,-9,3
91/2,0,-2,-2,1,4,-7,2,-2,3,-7,1,11,6,0,3,3,6,-2,-8,-8,7,5,-6,-6,9
-11/28,0,2,0,-5,0,2,3,-2,3,4,-1,-6,-5,4,-6,6,10,2,-12,4,-13,8,-7,-8,-7
983/98,0,2,4,-5,4,1,2,-2,-4,-4,1,-11,2,8,-8,1,0,-3,-2,-3,-13,5,12,-7,-2
38/25,-1,-2,0,1,0,2,-4,1,-9,-4,-10,-2,0,-6,0,6,4,1,5,-12,2,10,6,-6,18
34/83,-1,-2,-3,0,-1,6,-8,-2,-3,-4,-5,-8,-3,10,8,-10,-13,-8,2,0,-4,-16,-16,-10,1
35/87,0,0,0,1,0,2,-4,-2,-6,-6,-1,-10,-9,6,-8,-10,6,0,8,-15,-10,-9,7,0,18
-7/45,0,0,0,1,-3,2,-3,1,3,-4,0,10,-4,-6,-6,-12,-14,-4,-2,4,-2,-8,-16,18,10
17/67,0,-2,2,1,2,0,-8,1,-8,-10,-1,-11,-6,0,3,-7,0,13,0,-12,-13,6,10,12,6
-71/10,0,2,0,1,4,0,5,-2,-3,3,-9,-8,-6,1,0,-4,-10,0,3,-12,8,-8,2,-4,2
70/43,1,2,0,1,4,4,-3,-2,-3,-4,3,-11,0,-12,12,1,5,8,8,-9,2,-11,12,18,5
74/41,1,2,2,3,-5,4,-3,1,-4,4,-9,-11,6,-4,11,-6,11,-7,-14,6,2,-8,-4,-8,-6
19/52,0,2,-2,-5,-5,-2,-6,1,3,0,-9,-2,-9,-1,13,-12,-9,2,-12,-8,-1,10,6,5,2
-85/43,0,-2,0,1,0,-5,-8,1,-3,-2,3,6,-3,-12,-2,-3,11,-10,5,7,2,11,16,0,14
-63/92,0,0,0,1,0,0,-3,1,0,0,2,-2,1,7,-6,-2,2,-8,-14,-12,11,-1,-4,12,-2
-23/40,0,2,0,0,-2,1,3,-2,-7,3,-7,-2,2,-2,4,-2,-1,-13,3,-1,14,13,-3,8,9
-2452,0,-2,-3,-5,-5,-5,-3,1,-3,9,-4,11,6,10,8,-2,-13,-10,-13,-9,7,-16,6,-7,17
-7359/7,0,0,0,-5,0,4,-1,-2,6,4,4,11,3,-10,0,-2,-11,8,-14,-12,-13,11,-6,6,-12
-94/5,1,2,0,-5,-5,0,2,1,6,4,6,5,-6,8,-8,5,0,8,10,9,-11,-16,3,-9,8
-81/59,0,0,0,0,6,6,-4,-2,-3,-4,-9,6,6,10,12,5,10,-2,8,-5,0,-14,-4,1,8
-32/73,0,2,0,0,0,-1,2,-2,-3,2,-1,-3,12,-10,12,10,8,8,-14,5,-6,-14,-3,0,13
-6/439,-1,0,4,3,2,0,-6,1,-4,9,-5,-5,12,7,-3,6,10,8,-13,3,-10,8,3,-6,-7
-22,1,-2,2,1,0,-5,6,1,-3,6,-5,-2,-3,8,0,-2,-3,-7,12,-12,-13,-8,0,12,2
67/9,0,0,0,1,4,-6,5,1,6,4,-10,-6,-6,-6,0,-2,-14,-5,-5,-15,4,8,6,0,-19
65/56,0,2,0,-5,6,-7,-3,-2,6,4,0,-5,-6,2,4,-14,6,-3,2,2,-5,15,10,2,-3
63/58,0,0,0,1,6,-5,-4,1,3,-6,1,-2,2,6,4,-6,-2,6,6,-4,-11,-16,12,0,8
49/37,0,2,0,1,-3,-5,2,1,-3,-5,3,-8,-9,10,0,-10,-4,4,-7,13,-11,-6,3,9,9
-75/83,0,0,0,-5,-3,4,6,-2,-6,-8,1,-8,-9,-4,0,-10,0,10,12,-9,-1,0,-16,2,8
-10/81,-1,0,0,0,-2,2,5,-2,-8,0,6,-7,10,4,-6,-9,-2,8,16,-8,-2,-1,2,12,10
16/35,0,-2,0,-5,0,-1,3,0,-3,6,-10,6,-1,-2,-10,-7,0,8,12,-15,-10,-10,-8,3,14
32/69,0,0,2,3,4,-5,5,1,0,-3,-5,8,-9,12,4,-6,-11,-13,5,5,-13,-14,3,12,-12
784/53,0,-2,2,1,-3,-5,4,-2,-4,2,1,-8,-6,-6,0,5,0,13,12,14,-5,-10,-11,-6,13
82/55,-1,2,0,1,-2,2,6,1,0,0,6,-2,-4,-7,3,1,11,-1,-2,-4,-7,-15,0,1,6
3/82,0,0,1,1,4,-5,3,-2,6,4,3,-2,6,-4,-6,-11,-1,4,-13,-15,0,0,16,2,-6
-67/85,0,-2,0,3,-3,-1,-2,0,-8,3,-1,-8,-6,0,0,3,-11,-2,-5,-15,-8,0,-3,-9,12
49/23,0,-2,0,1,4,2,5,-2,0,4,-8,-2,-5,-1,-6,-2,6,4,0,-9,-4,4,3,6,10
4225/3,0,0,0,1,-3,-7,2,1,-3,-8,3,11,4,-6,8,1,6,-1,-2,10,-13,12,-4,-17,11
-21/76,0,0,1,1,6,-5,-3,-2,-4,2,-1,-2,-3,9,6,-10,-14,-5,8,-8,-16,11,0,1,8
-17/78,0,0,0,-5,4,-2,-8,0,-6,-10,-4,-2,0,1,-1,6,-2,0,-14,8,-2,-4,1,3,14
7/47,0,-2,4,1,2,-1,5,1,3,-7,-1,-10,6,5,3,6,-12,8,10,11,-11,-7,4,-6,-2
-52/43,0,-2,0,-5,0,-7,5,0,6,-5,6,-5,2,-12,1,-4,0,8,-8,10,-13,-4,-4,-8,-4
-605/4,0,2,0,0,0,-5,-5,1,0,4,-9,-1,2,-4,0,4,-9,2,12,0,-1,11,-16,-14,8
-607,0,-2,3,1,0,-5,2,0,4,-7,-9,-7,6,4,-1,6,-12,-5,4,-9,4,8,3,-1,-7
-27/76,0,0,-3,1,4,6,2,-2,2,9,10,-2,6,8,0,-6,-4,2,-11,16,2,4,1,5,-19
-42/47,1,0,2,1,0,4,-6,1,0,-5,-5,10,-3,7,3,9,13,-5,-2,5,6,4,14,-6,2
-37/84,0,0,3,-5,-5,-1,2,1,-9,6,3,-11,-7,4,-8,-11,2,-1,14,3,-5,1,14,4,17
77/25,0,-2,0,1,0,2,3,1,0,-5,-9,-7,6,-2,4,-4,-2,2,-10,15,11,-4,2,10,-18
53/90,0,0,0,3,6,6,2,1,6,-5,3,8,-7,0,3,-10,-2,-1,-2,0,-5,-6,-8,3,-14
-9132/7,0,0,1,-5,2,2,-6,0,-3,-5,-2,8,6,-4,0,6,4,-11,12,0,1,-10,0,-8,-14
-9130/9,-1,0,0,1,0,2,5,0,6,6,3,8,1,12,-10,-9,2,-1,8,3,5,-1,0,-17,-1
95/24,0,0,0,1,0,4,3,1,-8,10,-9,-11,-2,4,4,-3,-9,1,9,2,-6,12,-4,12,8
-76/75,0,0,0,3,4,-5,5,1,6,4,10,6,-6,10,-1,-9,0,5,1,0,4,-4,2,-14,-9
9/55,0,0,0,-5,-2,1,5,1,-3,-8,3,-5,0,4,0,-2,-12,1,5,3,-7,-8,10,-9,3
87/49,0,0,0,-5,-1,2,3,0,2,-10,1,6,6,-10,4,6,11,13,5,9,14,-5,-16,-14,-14
89/51,0,0,2,1,0,0,-2,0,0,-5,6,-7,0,4,1,-3,-9,-1,2,4,-4,6,2,-13,3
-64/95,0,2,0,-5,4,2,2,-2,-8,0,1,-8,-6,-12,-10,-3,-9,8,-5,-3,-2,4,-7,8,-2
-52/25,0,-2,0,0,-5,-7,-6,1,-4,9,10,6,-3,-2,0,6,4,-2,-7,-9,10,12,0,-15,-2
37/4,0,2,2,-5,-5,-6,2,-2,-3,-7,8,-11,12,4,0,-6,-12,0,4,-4,2,-15,12,-1,-12
21/83,0,0,-3,1,0,6,5,-2,-3,-7,2,11,12,-10,0,-10,8,1,-4,5,4,8,-16,2,2
75/53,0,0,0,3,-5,2,6,1,4,3,-6,10,0,1,0,5,-7,-3,2,5,-13,9,4,9,5
-26,-1,2,1,1,4,-7,-3,1,-4,5,-5,10,2,-6,0,-2,13,4,-12,-9,-6,-14,3,10,7
-103/2,0,2,0,0,0,6,-3,1,2,0,-9,-8,10,-1,11,6,-3,6,-2,5,-13,9,-16,-15,9
-60/41,0,0,0,-5,0,-1,-5,1,1,-3,-7,-7,6,6,4,-7,8,-5,-14,-1,0,12,-15,12,8
-63/41,0,0,3,1,6,2,-3,-2,6,-7,3,-8,6,-4,1,-2,13,0,-4,3,-4,5,-3,6,14
-17/95,0,-2,0,0,4,6,-8,-2,6,4,2,-2,-6,-2,-10,6,-9,8,-11,8,0,6,8,10,-12
82/9,1,0,-3,1,-2,6,5,-2,0,6,4,-2,-4,4,-10,-3,-2,1,1,-4,-16,-14,14,8,2
1079/76,0,-2,1,1,6,-7,4,-2,-8,10,-10,-2,8,5,0,-10,0,-2,4,-4,6,4,0,6,-3
1076/75,0,0,0,0,-5,2,-3,-2,-8,6,4,-2,-7,-3,0,2,8,-10,-10,8,2,1,-16,10,-2
-302,1,2,-3,1,2,2,-3,1,-4,-5,-1,-1,7,10,-6,6,0,-5,12,8,-5,-10,12,12,14
-5/37,0,2,0,0,4,-1,-3,1,-8,5,-7,-8,8,12,-8,11,0,6,4,0,-5,0,6,-8,-10
-27/97,0,0,2,1,0,0,-6,1,-3,-4,2,-1,-1,8,-6,1,10,-7,-2,6,-13,11,-6,-6,4
82/17,1,-2,4,-5,6,2,-2,1,-8,-1,3,10,-4,4,-6,3,-4,5,6,13,2,8,4,18,-14
-25/31,0,-2,0,0,4,-5,2,1,-8,-7,2,6,2,4,0,6,5,-4,-3,-9,-13,5,12,10,2
87/11,0,0,2,1,-2,0,5,0,6,-10,-1,10,-3,-1,0,-11,-12,-10,-7,3,2,-6,2,-1,1
-49,0,-2,2,1,2,1,-6,1,-4,0,-9,-7,-2,4,0,-14,0,5,0,3,4,-9,12,-7,-13
-95/2,0,-2,0,-5,-1,4,6,1,6,-2,1,-2,-6,-6,0,-11,2,-3,14,14,11,6,-16,-12,8
43/59,0,-2,0,-5,0,-5,3,1,-8,3,-9,10,8,-1,-11,6,10,-1,10,15,12,-6,3,-14,-5
10/51,-1,0,0,-5,-2,1,-2,-2,6,4,4,-1,-6,-12,-4,1,-4,0,-8,-15,2,6,4,-12,-2
83/39,0,0,-2,-5,-5,-2,2,-2,-8,-5,-1,5,6,4,11,5,-10,0,2,0,-6,6,0,-15,-18
88/37,0,2,1,1,0,-5,4,-2,-8,4,-7,-8,-3,-7,4,4,-2,1,8,-15,7,13,4,10,-12
-9/65,0,0,0,1,0,-2,2,1,6,6,-4,8,2,-4,0,-2,2,13,4,-3,-13,-1,-4,-3,17
-97/30,0,0,0,-5,-2,-5,2,1,-9,3,-10,6,6,0,8,1,-12,-4,4,-3,-2,6,-16,1,8
-95/32,0,-2,0,1,4,-5,2,1,-3,6,-4,-5,1,-10,3,-6,-2,6,-12,-4,-1,12,10,18,14
-45/43,0,0,0,-5,-5,-5,6,-2,-3,5,-10,10,-9,-12,0,-2,-11,-2,-13,4,-10,10,-3,-6,-7
-50/43,1,2,0,1,2,6,-6,1,-3,9,2,-8,6,-12,0,-7,7,-8,-12,-4,10,-16,4,10,13
-7/814,0,-2,-3,1,-2,-5,6,1,1,4,3,-8,6,12,1,6,10,-11,8,-4,11,-16,-3,6,14
-4/815,0,2,0,0,4,2,-3,1,6,-10,3,5,8,4,-6,4,-1,-8,1,11,4,-16,4,-1,-14
-85/89,0,2,0,-5,-2,2,-8,-2,-3,4,-4,-5,2,1,0,-7,0,8,-10,-2,-2,6,-8,-8,2
94/41,-1,-2,2,-5,0,-5,5,1,6,5,-4,-2,6,-3,-8,-3,-2,8,-14,14,-1,-12,0,-10,-5
202/3,-1,0,2,1,4,4,2,1,2,3,-9,10,12,-4,0,-11,2,2,12,8,-2,-4,9,-17,6
1057/25,0,2,0,1,-3,-1,5,1,3,-2,0,2,-9,-6,-11,-6,-4,13,14,4,-5,-4,8,0,10
353/8,0,2,0,3,4,2,-3,1,-3,-8,8,-2,-9,7,-7,-9,6,1,11,8,4,-8,5,-6,-2
14/6877,-1,-2,3,1,4,-2,5,1,0,-10,-1,-8,-5,0,-4,1,6,-8,-4,-4,4,4,0,-17,11
4/2293,0,2,2,0,-2,-6,5,1,2,-7,-9,5,7,12,6,-4,-4,8,-5,-12,-9,0,1,-1,2
6/1159,1,0,2,-5,4,1,-6,-2,-6,2,4,-5,6,4,-3,-4,-7,-4,2,0,4,0,-16,3,-12
2/579,-1,0,0,1,4,-5,-6,1,1,-1,6,-10,6,-1,0,-4,-4,-8,-4,15,-13,6,12,6,-1
18/73,1,-3,0,1,-5,6,1,-2,-6,6,-9,-5,-9,6,-4,-6,10,10,10,13,-6,-16,6,-13,-7
-17/46,0,2,-3,0,0,-5,-8,1,0,0,3,-1,0,1,0,6,-12,-12,11,3,-5,10,-5,10,1
-27/62,0,0,1,1,-3,-1,-3,1,-8,6,2,-6,4,7,0,11,-5,8,-14,4,-1,-1,-4,-6,-14
-3/92,0,0,0,-5,-1,2,-6,0,0,4,3,-1,-6,8,0,-14,6,0,1,-8,6,0,-8,-9,8
-1/31,0,-2,1,1,2,-5,-5,-2,-4,3,2,-1,0,-6,-7,1,0,5,-10,13,5,13,-3,-6,-2
895/79,0,2,0,3,-1,4,4,-2,-3,6,10,-1,6,4,-7,0,-14,4,-12,-9,2,-8,14,6,-12
179/16,0,-2,1,1,4,6,-3,-2,0,9,8,-3,-3,6,4,1,-3,-2,2,-5,14,4,4,-9,-14
-26/17,-1,-2,-2,3,-2,-7,-2,-2,1,6,-2,-2,6,-6,-1,-2,-1,-11,-12,-5,4,6,-4,6,-18
71/12,0,0,-2,3,4,6,-3,-2,0,-10,-2,-7,2,12,4,6,0,-4,12,-12,12,0,12,4,-18
-7/9416,0,2,-3,1,-2,-5,6,1,1,-2,-4,2,12,8,-4,4,-4,13,1,3,-6,5,1,9,8
-2/4707,1,0,2,-5,-1,4,4,1,2,5,10,-7,-1,6,10,-11,2,5,-14,5,4,2,0,6,-18
91,0,2,0,1,-2,-7,-5,1,-4,-2,-4,-2,8,2,0,-6,-4,8,1,8,-4,-6,-3,0,14
27/94,0,0,-2,1,6,-1,2,-2,6,-5,-9,10,-2,-2,3,-9,-2,-5,12,3,-2,-6,10,2,13
-187/7,0,-2,2,-5,0,1,-8,-2,-6,2,-1,-2,7,-1,-6,-6,0,1,-12,-12,2,-4,16,18,8
37/7864,0,2,-2,3,4,0,-6,-2,-6,3,10,-11,12,2,-6,-2,8,-6,-4,-1,-2,9,-4,12,14
7/1573,0,2,2,1,-2,-2,2,-2,3,4,3,2,-5,4,7,-4,-4,1,0,8,-13,8,12,12,1
53/62,0,2,1,3,2,-5,5,-2,-4,-4,2,10,-3,-3,-6,-10,6,1,-12,-1,4,-16,-15,18,1
57/59,0,0,-3,-5,2,2,2,1,-3,0,3,10,10,-6,10,3,10,2,0,4,2,4,-3,-3,2
-25/12,0,0,0,1,0,6,2,1,-9,10,4,8,2,1,0,2,0,-5,4,4,-6,5,0,9,14
-58/19,1,-2,3,0,-5,6,2,-2,-8,-10,1,-3,6,-4,8,3,2,13,11,8,-14,-6,4,10,-13
-13/77,0,2,4,-5,-2,-7,-3,1,3,10,-9,-2,-3,7,0,-4,-2,-5,-14,-4,2,10,-3,3,0
-45/14,0,-3,0,-5,4,6,5,1,-3,5,1,-5,-4,-4,-6,1,0,-11,-14,10,-13,8,3,12,8
81/43,0,0,2,-5,4,-5,-4,0,-9,-5,1,-3,6,-12,-6,6,4,4,-4,6,-5,-8,16,9,2
-19/72,0,0,-3,0,2,2,-3,1,-3,0,-9,-6,1,1,-7,0,0,4,5,0,6,-10,8,4,-14
63/4,0,0,-2,1,-1,-6,2,-2,6,2,-1,-7,7,2,-1,6,0,4,4,-13,14,4,-16,-12,8
75/17,0,0,0,-5,4,-1,-2,-2,-4,4,10,-11,-7,-12,0,2,0,13,-12,12,-1,-8,-7,-15,-14
-51/31,0,0,1,-5,0,-5,-8,-2,6,-10,2,11,-6,9,-8,-10,-7,-11,2,-15,6,5,-4,-4,-18
-3/68,0,0,1,-5,-3,6,-2,-2,-8,7,0,-5,8,-10,4,4,0,-6,-11,2,-4,-15,-7,10,8
-36/95,0,0,0,-5,0,-5,-1,-2,3,10,-9,-6,0,-3,7,-4,4,-10,4,-12,-9,-8,16,-7,11
5/34,0,-2,0,1,4,6,-2,-2,-3,4,3,5,-1,4,-6,3,-4,-7,-3,0,-6,8,2,-17,12
18/101,1,0,3,1,0,6,3,-2,6,6,1,10,-4,2,-11,9,-4,8,-5,6,-13,-14,11,0,1
-61/17,0,2,2,3,6,2,-2,1,4,6,3,-5,0,-1,1,0,6,-13,1,-12,-9,-16,-8,12,-12
29/52,0,-2,0,-5,4,-2,6,-2,-3,-10,-7,-10,6,12,1,-10,-4,8,2,0,-5,4,3,-10,17
-23/63,0,0,1,-5,-3,-5,-3,1,-7,6,-1,6,-6,-6,0,1,11,-10,4,4,10,15,16,6,-7
103/48,0,0,0,1,-5,2,5,1,-8,10,8,-1,3,-12,6,6,-2,-7,5,-7,0,1,-1,6,-12
86,-1,-2,0,1,0,-5,4,-2,-8,0,-2,-8,-5,-1,8,-11,10,2,11,-2,-1,11,0,-12,14
-62/57,1,0,2,0,-1,4,4,-2,-3,-2,-10,-2,8,-7,3,-9,-9,-1,12,-9,-1,-12,-11,-1,-8
-68/37,0,2,0,0,4,-5,-8,-2,-3,-4,1,-8,-6,4,-6,-2,-10,13,4,-1,-4,4,12,8,-18
-4/477,0,0,-3,3,6,2,-3,-2,-6,6,1,8,3,10,-2,5,-9,-6,12,-4,-1,8,-3,10,5
-5/476,0,-2,0,-5,-1,2,-2,-2,0,-7,-1,8,6,2,0,-7,-4,-11,16,6,7,5,-6,10,3
46/81,-1,0,0,0,2,4,2,-2,-7,-7,-1,5,-5,12,-3,5,6,-7,-12,-9,4,-8,12,18,-12
19/46,0,2,2,3,-3,6,2,1,0,-2,-2,6,-6,6,0,2,0,-2,5,-15,-13,4,-16,18,17
-31/38,0,2,0,1,4,-5,2,-2,-3,5,-10,-1,-3,-9,10,1,-4,-13,10,13,0,1,16,-9,2
69/34,0,0,0,0,-2,6,-2,1,-7,-5,1,2,0,8,4,1,10,-4,11,6,7,4,-4,2,2
63/10,0,0,0,1,-2,-5,-3,1,0,6,-4,-5,0,4,7,-3,-12,-10,3,8,1,-9,-16,-6,-6
68/9,0,0,0,1,6,-1,-8,1,-3,3,3,-11,3,-2,-6,-4,0,0,8,-9,5,-15,3,2,18
83/15,0,0,0,1,4,-1,4,-2,0,0,-1,-2,-1,-6,10,-6,-3,8,-3,-2,-11,-1,0,3,0
-83/100,0,2,0,-5,4,4,3,-2,0,6,-4,-2,6,5,0,-7,-2,10,-12,-15,-13,-14,0,2,10
-84/103,0,0,-2,1,-5,-6,4,1,3,-7,-10,6,0,4,3,6,2,5,8,-12,-6,15,8,-7,18
83/94,0,-2,3,1,-5,-6,-3,1,3,4,-8,-1,-3,2,3,-10,4,-5,3,8,-13,-1,0,-12,10
63/37,0,0,1,1,-1,2,-3,-2,-6,-8,-9,-8,2,7,0,-10,-4,-1,0,12,-14,11,6,6,13
65/77,0,2,0,-5,-2,-7,5,1,3,-5,-7,-10,4,12,4,-2,-1,-1,0,-8,-6,11,0,0,12
68/77,0,2,2,-5,-2,2,-8,-2,-4,0,10,6,-1,4,-6,7,-14,-4,-3,-15,-2,-4,-13,-10,-6
104/11,0,2,2,-5,-2,-7,5,1,-4,7,2,5,-7,1,-6,1,-4,-2,-2,4,-7,6,-12,-16,-4
65/119,0,2,0,-5,2,-7,-2,-2,-4,-5,10,-7,0,9,-8,-7,4,-10,0,0,-8,-6,4,-8,-2
-91/5,0,2,0,1,2,-7,-4,1,4,-4,10,-8,-1,10,4,1,-4,0,-11,6,0,-4,14,3,8
17/65,0,2,0,-5,4,-2,-8,-2,-3,3,4,-1,12,5,8,11,0,-4,8,13,-6,12,0,3,-3
59/65,0,2,0,-5,4,-2,2,1,4,-2,1,2,-1,-9,13,-2,-12,8,11,-1,-14,2,8,12,-4
7/39,0,0,0,1,-2,-2,5,-2,-4,0,-4,-7,-6,4,12,-4,-4,13,4,-1,-7,-6,8,-14,6
50/17,1,2,0,-5,-5,-6,-2,-2,3,7,1,-5,2,12,8,-2,-2,-1,4,8,-11,5,-4,-14,-2
89/40,0,-2,0,0,0,4,6,1,1,4,3,-2,-3,10,0,-6,6,-10,1,12,2,-11,-11,-13,-6
89/31,0,-2,1,-5,4,2,-1,1,4,4,2,-5,4,-9,-6,6,-1,-13,0,6,-2,15,-1,-13,14
67/63,0,0,2,-5,4,6,1,1,6,-2,-5,-8,-1,2,1,0,-2,-5,-5,7,-4,-14,12,-7,11
29/55,0,-2,0,1,-2,2,2,-2,-6,-10,10,-5,-6,-4,-2,1,-3,-1,-14,-9,-2,8,-11,-3,9
-38/33,1,0,2,-5,-2,0,-3,1,6,-4,3,-6,2,8,-6,-2,4,-6,2,2,-5,0,-4,3,8
46/41,-1,-2,4,3,-2,2,-4,1,-7,0,8,-6,6,4,-6,-7,6,10,1,-5,-10,-8,0,2,1
-19/93,0,0,2,0,4,2,-3,1,0,0,2,7,-7,7,11,-4,6,6,2,5,-4,13,2,-15,-19
-28/27,0,0,0,1,-5,4,-3,1,-6,3,2,-7,-7,5,8,11,8,13,-14,8,10,5,-4,12,-5
-95/28,0,2,0,-5,0,4,-3,1,0,-5,3,11,-6,6,12,-2,-12,8,4,-5,-10,-7,8,2,-6
90/41,1,-3,0,0,-2,-6,-3,-2,-3,6,-5,-8,6,-2,13,3,-1,4,-8,-12,-14,-14,6,-1,-12
93/38,0,0,0,3,-5,4,-6,-2,-4,7,-10,-5,10,4,0,-3,6,-10,-12,16,11,-4,15,18,-12
34/75,-1,0,0,-5,4,-6,-8,1,-8,-7,-5,-10,-6,-10,-6,6,0,-1,4,0,-2,6,-3,-14,-10
32/77,0,2,0,-5,-2,6,-3,-2,0,7,-4,5,10,-4,0,3,2,2,-12,6,-13,-16,-7,0,3
-20/71,0,-2,0,0,4,2,3,1,-3,2,0,-5,0,6,0,1,0,5,-6,4,-4,8,3,10,1
42/95,-1,0,0,1,2,-5,5,-2,4,-1,-8,10,-3,-10,-8,-3,-9,5,-14,5,-2,0,4,-3,3
-78/35,-1,0,0,-5,4,-7,1,-2,-3,4,-9,10,0,10,-10,-9,0,-5,8,0,-5,-8,9,2,8
-79/39,0,0,2,3,4,-2,-3,1,6,-3,-7,-5,-3,4,-1,6,0,-5,-3,-3,14,4,14,-14,-14
-24/53,0,0,2,0,-5,0,2,1,-3,0,-9,-2,-9,-9,-6,5,6,-5,0,6,-1,11,12,-8,-18
73/94,0,2,2,0,-2,6,-1,-2,6,-1,3,-11,-4,-10,3,6,-12,-6,-12,-12,-11,1,-9,12,8
91/31,0,2,0,1,-3,-7,5,1,-4,-7,2,-6,-5,-3,6,-11,2,0,2,-15,-4,15,12,0,1
56/43,0,-2,2,1,6,2,-1,1,1,-2,0,-10,4,-12,-2,-7,-13,13,8,-13,-8,8,-6,-2,-5
40/3,0,0,0,-5,2,-1,-6,-2,-8,2,3,8,0,10,-3,-2,13,-12,-8,-3,11,11,4,4,-5
100/11,0,-2,0,-5,-2,0,-5,1,3,-5,-9,7,-3,-1,8,-6,0,5,10,3,-1,-4,-16,-6,13
-95/79,0,2,0,-5,-1,-1,-3,1,6,4,-5,10,-6,-9,3,-2,0,10,8,-12,-1,-8,0,12,2
-83/39,0,0,2,1,6,-2,2,1,6,-5,-5,2,12,-4,0,-10,-4,10,-8,-4,6,-14,0,-3,17
70/69,-1,0,0,1,4,4,-6,1,0,0,1,5,2,-4,-11,-9,0,13,-14,7,6,13,-16,2,12
-83/59,0,-2,0,-5,-3,1,-3,1,2,-2,2,-2,6,-10,0,1,10,-4,-12,2,-7,8,0,-14,13
11/57,0,0,-3,-5,0,2,3,-2,-3,-10,-10,-3,-3,-4,1,6,-12,1,11,5,-1,12,-16,-17,-6
57/35,0,0,0,-5,-5,0,-5,1,-4,-3,-1,11,-1,4,0,1,4,-2,4,8,4,1,-6,-7,-12
-73/272,0,2,0,3,2,-5,-2,-2,-3,-2,6,-7,-3,-1,-8,-3,6,-6,-12,10,-11,8,6,-1,-2
-24/91,0,0,0,-5,-2,-2,-3,1,-3,2,3,-5,-1,8,-6,-2,-14,-3,4,4,12,-7,16,6,-2
905077,0,2,0,-5,0,-5,2,1,0,4,2,-7,-7,-1,0,-6,-7,-11,-12,15,12,-14,4,-6,8
1810159,0,2,2,0,6,-7,3,-2,-3,-5,2,-2,8,12,2,11,0,-7,8,0,-13,-10,9,6,11
-38/51,-1,0,-3,1,-3,6,-2,1,-4,6,-9,6,-4,-4,8,3,9,10,-14,13,2,11,-11,-6,2
103/5,0,-2,0,0,-2,-5,1,-2,-6,0,-6,-6,0,-12,-10,6,6,-7,-10,-12,11,5,-6,-6,8
101/9,0,0,2,-5,6,-5,5,-2,-3,-5,-7,-2,-3,8,12,-4,4,6,-12,-4,10,-11,12,18,2
64/29,0,-2,0,0,2,-5,5,-2,-8,-6,1,6,-7,4,-2,-3,9,5,5,10,-1,2,6,-15,2
-46/59,-1,2,4,0,4,6,1,1,-7,-5,-5,-2,-7,0,-1,6,10,-5,4,4,-1,4,-16,-14,13
-39/32,0,0,-3,1,2,-7,5,1,3,4,1,-6,-6,2,-8,6,1,4,4,2,-11,10,0,0,8
99,0,-3,1,0,0,-5,2,1,3,-5,6,-7,-6,-1,12,1,7,8,-12,8,10,-11,-3,-13,10
179/2,0,2,0,1,4,-5,-3,1,-3,-5,3,-10,4,-4,11,6,0,5,4,5,-14,8,6,6,-3
-73/89,0,2,3,-5,-3,-5,2,1,-3,6,-9,-2,0,4,-8,-4,-9,-6,0,4,-11,-16,3,-8,9
3/77,0,0,2,-5,-2,2,-5,-2,-3,7,-7,8,-3,-7,-2,2,0,-13,2,7,6,11,4,-2,8
-34/43,1,-2,-3,0,-5,4,-8,1,-9,10,1,-5,-3,-12,13,-2,0,1,2,-4,11,-14,2,-15,-6
61/36,0,0,2,-5,-1,2,2,-2,6,-5,6,10,0,-2,-7,0,8,-13,12,-15,4,12,-6,8,8
-32/103,0,2,4,1,-2,-6,-6,1,6,-1,3,-8,-6,12,-2,1,0,1,-7,-8,-11,8,14,-6,-18
-29/105,0,0,0,-5,0,2,-3,1,-9,-10,-9,10,0,10,0,6,0,8,12,2,-6,-14,10,-15,-12
-35/8,0,-2,0,1,0,6,-6,-2,6,0,0,-6,-1,-6,0,6,5,-10,11,15,12,-4,4,1,-2
21/94,0,0,2,1,0,6,-3,-2,-4,5,-8,2,-6,12,3,-6,-11,-7,4,12,-16,13,-12,-2,-14
9/46,0,0,1,-5,6,-5,2,-2,0,0,-9,8,10,10,-6,6,6,-11,9,-5,4,8,12,6,-9
-46/75,-1,0,0,1,-5,4,-3,1,-7,0,6,-6,-4,-12,-8,-9,0,-10,12,-12,4,-6,0,-1,3
-45/77,0,-3,0,-5,-2,-6,6,1,-8,3,-4,-7,8,2,3,6,10,10,-10,8,-6,-1,6,-15,2
-47/5,0,-2,0,1,2,2,5,1,-3,-5,3,6,-9,-4,-8,-11,-13,-2,11,3,0,11,3,6,-7
-22/71,-1,2,3,1,0,-5,-3,1,1,-4,2,-3,-7,4,-7,-10,1,-2,16,4,0,-1,7,-1,-3
-29/98,0,-2,0,-5,4,6,2,-2,-4,-10,10,-7,-1,4,0,11,2,-10,8,-15,-16,-6,-5,-6,-3
22/63,1,0,1,-5,0,0,3,-2,0,4,-1,6,-6,-7,11,-12,10,-4,16,-2,2,-16,3,6,18
-55/43,0,-2,0,0,0,-1,-4,1,-8,2,-4,-10,-3,-12,4,-11,4,-11,12,15,11,0,0,-3,-7
-79/8,0,2,-3,-5,0,-5,2,1,-6,4,-7,-8,7,-6,-6,6,10,13,-12,-8,-2,4,-4,12,2
-46/29,1,2,2,3,2,0,3,-2,-7,-6,1,-2,-6,5,1,-10,13,8,0,-3,0,8,0,-14,-7
9/77,0,-3,2,-5,-2,-5,4,1,0,-7,-9,-2,-1,10,12,9,-14,5,4,-3,2,8,-16,-6,-12
78/41,-1,0,-2,1,4,-7,3,-2,1,0,-1,8,6,-1,1,2,10,8,-11,15,-16,0,10,12,-5
-37/72,0,0,1,1,-2,-5,6,-2,-8,4,10,-11,6,-6,-6,0,-4,2,8,-12,-8,6,3,1,-7
31/12,0,0,0,1,0,-5,-3,0,-6,-4,-10,10,1,10,-10,9,-3,6,-11,0,-11,4,2,-13,2
64/77,0,-2,3,-5,-2,2,-4,-2,6,4,-9,-7,6,-12,-8,-6,6,-13,6,-1,-5,1,-12,12,3
41/67,0,-2,-3,-5,0,2,-1,1,4,4,-6,-5,-4,-4,-8,-4,-12,-6,0,2,-2,-15,5,18,8
-57/82,0,0,1,-5,-3,0,-6,1,6,2,-1,-5,6,-4,10,10,-11,1,5,15,-4,-14,3,1,13
-187/95,0,2,0,-5,0,0,-8,-2,-4,-7,0,2,-6,2,2,6,5,2,-10,6,0,6,12,4,18
-35/59,0,-2,0,1,4,-5,-6,-2,-3,2,-1,11,-6,-2,2,1,10,-3,4,-12,-10,-10,-16,-1,-19
-35/58,0,2,0,1,-2,-5,6,-2,-4,-6,2,5,10,-12,-11,1,10,10,4,14,-13,13,-4,6,-5
-5/53,0,-2,0,-5,0,-5,-5,1,-9,4,-10,10,3,8,0,5,-5,-12,14,8,-2,-8,-3,2,11
-97/95,0,2,0,1,4,-5,-4,-2,2,-4,-4,10,-7,4,0,-14,10,-10,2,-12,-5,5,0,-16,8
-64/103,0,-2,-3,-5,2,6,-3,-2,-3,-2,6,-2,-5,-10,11,-2,-1,13,16,-13,-16,8,12,1,0
45/56,0,0,0,-5,-5,-5,-4,1,-6,0,-1,-5,3,4,12,-3,4,-7,-12,-12,-7,-14,3,18,14
91/25,0,2,0,1,-5,-7,2,1,3,0,-8,2,-7,-1,0,6,4,-4,2,-2,2,-8,16,2,-10
-19/909,0,0,2,-5,-1,-6,-3,1,6,4,-9,-7,8,-1,6,-2,2,-12,12,-9,10,-4,-9,-9,18
-43/36,0,0,-3,1,-3,2,-3,1,6,-1,1,-1,6,-1,0,-3,0,4,5,8,-1,0,6,-15,2
37/40,0,2,0,1,6,4,-4,1,-3,-4,3,-11,-5,4,-6,6,-13,-11,5,-12,7,-1,0,18,2
37/36,0,0,2,1,4,-5,-1,-2,-8,-8,-9,-11,8,8,-6,6,-12,6,2,4,1,-6,3,10,2
89/5,0,2,0,0,0,2,5,-2,0,-5,-2,-2,7,6,-8,-2,4,8,-8,-9,-6,0,2,-13,3
48/31,0,0,-2,1,0,6,4,1,2,-3,2,6,4,-3,0,1,-4,4,4,4,-13,8,3,-6,12
-91/43,0,-2,0,1,-2,-7,2,1,-3,-5,-9,-6,6,-12,7,-2,-2,-8,12,-3,-4,-14,-7,18,2
103/11,0,-2,-3,3,-2,6,2,1,-3,-5,0,-1,4,-4,-6,3,6,4,8,-12,-5,-1,1,-6,-18
-23/73,0,2,1,-5,-2,0,-4,-2,-7,-5,3,5,-9,9,11,6,-9,-12,8,-12,-6,-4,-16,-3,-12
-27/74,0,0,0,1,0,2,-3,1,-3,4,-8,-8,-4,-1,-8,6,0,5,2,0,2,5,0,-4,-18
14/67,1,-2,2,1,-2,6,2,1,-6,-5,-5,6,10,4,-6,-3,-10,1,0,-9,2,-6,2,-3,14
-73/51,0,0,0,1,6,-5,-2,1,-3,-1,2,-2,-6,8,0,6,-10,-4,-14,-12,-11,13,4,-14,-19
-37/25,0,-2,0,3,2,4,-5,1,-6,-7,2,-11,10,-7,-6,9,2,6,16,-12,-2,-14,4,0,-4
-97/31,0,-2,0,-5,6,-5,-3,-2,6,-3,2,-5,-7,-1,6,-6,-14,-4,-8,-12,0,-9,8,-7,8
2489/10,0,-2,0,1,0,4,3,1,1,3,-10,8,-9,8,0,4,0,-4,12,2,-13,-1,-3,-15,-8
2489/9,0,0,4,1,-3,-5,2,1,-8,6,2,-10,7,4,12,1,0,-10,5,-9,-2,-7,14,1,12
-50/57,-1,0,0,1,0,1,2,-2,6,0,1,-5,-7,8,-8,-2,-7,1,-4,-12,-10,6,-3,0,-9
20/101,0,2,0,1,6,0,2,1,-3,-10,10,6,-6,6,0,-6,-3,4,0,-7,-7,5,6,18,-12
-11/21,0,0,2,-5,0,2,-1,1,-8,-4,-4,-2,-3,-2,-8,-6,-11,10,8,4,6,11,4,1,-5
-9/20,0,0,0,1,6,-5,2,-2,-8,4,-4,-1,-6,-4,-11,-12,-4,-1,5,6,-6,4,9,6,-12
-64/5,0,2,0,-5,4,-5,5,-2,-3,6,3,10,6,-1,12,3,4,-11,-7,0,-2,-16,-15,-8,16
-37/34,0,-2,3,1,4,2,-2,-2,-3,10,-4,-11,-6,7,8,1,0,-2,6,2,8,-8,-3,10,17
30/7,1,0,0,-5,0,-5,2,-2,-3,-2,-1,7,6,6,7,-2,-4,13,12,5,2,13,-4,-8,-2
20/93,0,0,0,3,-3,2,5,1,-4,9,2,-2,0,4,-6,-2,-9,-12,2,14,-16,2,12,-8,8
-20/51,0,0,0,-5,4,6,-2,1,-9,6,1,-7,-9,-10,-8,6,-4,2,0,2,-2,-6,17,-12,-10
77/27,0,0,2,1,0,6,-5,1,6,-4,-10,5,2,-7,3,1,7,-7,4,13,-10,-16,15,-14,2
-43/9,0,0,-3,3,4,2,3,-2,6,0,-5,-11,-6,-1,6,9,2,2,8,-5,-5,-1,6,8,14
33/28,0,0,0,-5,0,2,2,-2,6,-2,-1,-2,-4,9,0,-9,-3,0,-14,-12,7,-1,-3,-6,8
37/69,0,0,-3,-5,4,-6,2,-2,0,-4,1,-11,0,-1,-6,0,6,-6,8,-4,7,-11,2,-3,-6
92/79,0,-2,-3,-5,-1,2,-3,1,-7,5,-1,10,-3,-10,0,6,7,-7,-12,-9,2,-8,12,-15,-18
92/81,0,0,3,1,-5,-1,5,-2,-7,-2,-9,6,-1,8,7,-4,-9,1,-11,3,4,10,-15,-6,8
-32/63,0,0,0,-5,4,1,2,0,-3,4,1,10,1,8,0,6,-4,-7,10,12,-6,0,0,-3,-6
-28/59,0,2,-2,1,-3,-1,2,1,1,4,1,6,3,4,-3,5,10,10,4,15,-13,13,14,-6,13
-17/83,0,-2,2,3,6,6,-8,-2,3,-8,3,-1,-3,4,10,-11,-10,2,12,15,2,10,-16,6,2
-12/59,0,0,3,3,0,0,1,-2,-3,-5,-10,5,0,-4,-8,-6,10,1,-14,2,-14,-16,-4,-6,-12
69/80,0,0,0,1,-5,0,-1,-2,-7,6,-5,-6,0,-4,13,-11,-3,0,-6,5,11,-15,12,-2,1
12/55,0,0,0,1,-2,-5,2,-2,-3,-2,4,10,-5,-6,0,-10,6,5,4,-4,4,12,8,-1,-10
15/32,0,0,0,1,4,-1,4,-2,-8,-4,0,-10,-6,-1,-8,-9,4,-2,9,13,7,-7,8,-12,1
-104/37,0,2,-2,-5,4,-7,2,1,-3,4,-2,-8,7,10,2,-11,0,-7,4,-12,0,-12,12,0,2
-106/35,1,2,0,-5,-1,6,-3,-2,6,0,-1,-5,-5,0,2,-10,-4,8,-12,-8,2,5,0,-16,14
-45/53,0,-3,0,0,2,6,2,1,6,0,-5,10,0,-6,-11,5,-3,5,10,9,2,-8,-3,12,-9
-17/53,0,-2,0,0,-2,-1,-8,1,4,6,-9,6,-7,4,12,5,0,2,8,-12,-6,13,3,-6,-6
2/89,1,2,3,1,-1,6,-4,1,3,4,0,-5,-6,9,6,1,6,-3,-14,-12,2,8,-4,-8,-5
-57/59,0,0,0,1,4,1,6,1,6,4,10,2,-1,-1,0,6,10,5,-2,-1,-13,-8,1,-15,2
59/78,0,0,2,3,-3,-2,5,0,0,4,-7,-11,6,-2,7,-6,-12,2,3,-12,-6,-11,6,0,10
76/5,0,-2,0,-5,-1,2,2,1,2,0,-5,-6,-9,-2,1,7,10,-5,2,2,-4,6,-6,-6,0
41/42,0,0,-3,-5,4,-5,2,1,3,0,0,5,-4,4,4,-4,1,-1,6,11,14,-16,12,-12,-1
12/37,0,0,2,1,-2,6,-3,-2,4,4,-6,-8,-6,-2,-6,-2,-3,8,3,-12,4,10,-4,12,-6
-100/11,0,2,0,3,-2,4,5,-2,-6,-5,-5,8,-6,6,-6,-3,0,2,-11,-12,8,-9,4,-9,6
-25/66,0,0,0,0,-2,2,-3,1,-6,6,8,-2,12,-12,-11,7,-4,-13,8,3,11,-14,2,10,0
-79/21,0,0,2,-5,-1,-5,-1,1,-3,0,3,6,1,1,0,-10,4,8,2,4,-2,4,-3,-10,-8
-59/87,0,0,3,1,-3,-5,-3,1,-8,-6,0,-8,12,2,-8,-2,-12,2,-10,5,-16,8,4,-6,6
-30/59,-1,0,0,-5,0,-5,-4,1,-8,0,1,10,-6,-4,0,1,10,-2,-10,9,12,-4,4,-6,10
91/6,0,0,0,1,2,-7,4,1,-9,7,1,-7,-7,12,0,-10,-7,-1,11,-4,-8,0,8,-6,8
-7/92,0,2,1,1,-5,-6,3,1,0,4,2,2,4,-4,-6,-2,6,2,4,-9,2,8,-16,2,-14
-50/103,1,2,0,-5,-3,4,4,1,6,6,-9,-10,2,6,-11,0,8,-12,-3,4,-6,5,4,-8,-5
-53/103,0,2,1,1,2,2,5,-2,4,9,-10,10,-6,8,-6,-10,10,1,11,3,-11,-9,-3,10,-7
49/12,0,0,0,1,4,1,2,1,2,0,8,8,4,-2,-6,-3,11,0,-12,-8,-6,5,17,-3,-1
28/15,0,0,0,1,4,2,2,1,6,-1,6,6,12,10,12,6,0,-2,5,-15,-13,5,-4,6,8
97/7,0,2,4,-5,2,6,-4,-2,0,-10,-5,6,6,4,1,6,6,6,12,-12,-16,15,12,-1,8
-92/91,0,2,0,-5,2,-2,-3,1,-7,-4,0,-8,6,8,-6,-2,0,10,8,9,-8,-4,12,4,-4
-31/94,0,-2,2,1,-3,6,-5,1,-9,-5,-10,-8,0,1,3,9,0,5,-2,-5,-13,-4,-7,1,2
-6/19,-1,0,2,3,-1,6,2,-2,-3,-10,4,-7,-5,7,0,-9,11,4,2,0,-13,-14,4,-6,-6
-77/73,0,2,2,1,0,-5,2,-2,-8,7,-2,-2,-5,-3,-6,2,-12,-10,-12,-12,-6,4,-3,-6,-4
-54/29,1,0,1,1,0,-5,-3,1,4,-6,-9,-5,6,-4,-7,6,9,-11,-8,0,-13,12,11,-10,3
67/4,0,2,-3,0,-2,6,-3,1,3,-3,-5,2,0,-4,12,-4,-2,10,-5,-8,4,-16,-11,-9,-3
439,0,2,2,-5,6,2,2,1,6,-2,-5,-3,-4,4,-11,-3,-13,5,4,4,-16,5,-4,-7,-3
880,0,2,0,-5,0,-1,-3,1,2,10,3,6,-3,4,1,-11,-1,4,2,8,-6,10,-7,6,-6
-83/74,0,-2,-2,1,-1,4,-5,-2,3,6,6,-8,-5,-9,-10,-2,6,-5,-5,6,-5,-8,0,3,2
-39/68,0,0,0,1,0,-7,-2,1,-6,0,-5,-7,0,4,0,6,10,8,16,4,-8,-10,6,-7,-14
-44/67,0,2,3,3,0,-5,-1,-2,-4,-5,4,8,-2,5,-4,0,-12,13,0,-5,14,-9,-6,0,8
65/71,0,2,0,1,-1,-7,3,1,-8,-4,-8,-2,8,-4,0,3,-14,1,12,4,-6,-10,-3,18,12
63/74,0,-3,-3,1,-5,6,-6,1,6,9,-9,-8,4,2,-6,1,6,-2,2,-3,-5,-4,-4,12,-1
-75/79,0,0,0,0,-5,1,-3,-2,0,9,3,-7,6,1,12,-2,-9,1,2,-15,4,-8,-16,-1,-12
-61/84,0,0,4,-5,4,-5,-1,1,-4,4,-2,-2,-1,4,8,6,0,-13,1,-15,7,-6,4,-6,11
83/148,0,-2,4,1,6,2,2,-2,2,-10,-4,-8,2,2,13,-2,0,1,-2,-1,-9,1,0,6,-7
-23/76,0,2,0,1,-5,-5,6,-2,-7,10,-5,10,-6,-2,-10,0,6,4,9,9,-6,-9,2,-6,2
-29/76,0,2,4,0,4,-5,1,-2,-3,-10,-5,-8,-9,4,-8,-2,13,0,-10,-15,-10,15,-3,2,14
-59/11,0,-2,4,0,-2,2,1,1,-8,0,-1,6,-6,-2,-11,-6,-12,-7,11,0,2,4,-8,0,-9
3/32,0,0,1,1,0,6,1,1,6,4,3,6,0,12,0,-3,-4,2,8,-5,4,1,4,-17,13
88/93,0,0,0,1,0,-5,5,-2,-9,-4,2,-6,6,12,12,-12,-4,6,1,12,6,-1,-4,-2,2
38/35,1,2,0,-5,0,2,-3,1,3,4,-7,10,12,-4,0,-2,8,-8,10,3,1,-14,-3,0,-9
-22/49,1,-2,-2,-5,0,1,5,-2,6,-2,4,6,4,-4,0,-11,-14,5,5,2,-6,5,6,-8,1
-18/43,1,0,1,3,4,0,5,1,2,6,-1,-10,8,-12,0,-4,-4,10,5,15,-4,1,7,10,1
-21/43,0,0,2,1,6,4,-4,-2,3,9,6,-2,10,-12,0,6,4,-7,4,5,-13,6,6,-17,8
90,1,0,0,1,-1,6,2,-2,-8,5,-4,-5,6,-1,-6,-4,-9,1,5,3,-2,10,0,-6,-14
-53/38,0,-2,1,0,4,2,-3,-2,-8,6,10,-2,-5,4,13,-10,-7,-6,0,-12,11,4,2,8,11
62/49,-1,-2,0,-5,0,2,2,1,-3,-4,-10,7,-6,-3,-11,-9,2,-1,11,16,5,-4,8,-7,-18
-29/7,0,2,2,-5,6,6,-3,1,-3,-10,10,-2,-1,4,-11,-9,-4,-8,8,0,4,-4,-9,12,-14
-56/3,0,0,-3,1,4,1,-3,-2,1,7,-6,-1,-5,-4,0,0,0,-8,4,3,7,-9,15,10,12
-56,0,2,1,1,6,-1,6,0,-3,-7,6,10,7,6,-6,11,5,-1,12,-2,-2,-8,2,-6,-3
7/79,0,2,-2,1,0,6,-3,1,-8,10,0,-1,6,10,1,-2,-2,-6,-6,4,11,-8,12,-15,-12
-11/67,0,2,2,1,0,2,5,1,-8,-7,-10,-6,-9,6,-10,1,4,-10,0,8,11,1,-15,6,6
67/66,0,0,-3,1,-2,0,-4,1,-6,-5,-5,-11,-3,8,12,11,0,-4,-5,-2,-14,11,-16,1,16
-22/813,1,0,4,1,0,-5,-3,1,-8,6,10,-7,8,2,13,-10,-4,-1,-4,-4,2,-8,-8,-10,6
-26/811,1,2,2,-5,4,-7,6,-2,3,-8,2,-2,-6,4,6,-7,6,-1,8,-3,2,-1,16,-6,2
86/47,1,2,0,1,-2,2,-3,1,-8,-5,8,-5,4,-1,3,4,-12,-11,4,15,-7,-7,-4,-12,-7
101/62,0,2,-3,-5,4,2,2,1,6,-10,2,10,-6,4,1,-4,-14,6,8,0,4,-14,17,-14,2
-72/19,0,0,-3,0,-1,2,5,-2,6,9,6,-8,-9,10,-11,0,9,-12,-14,8,4,-4,-3,1,18
86/3,1,0,-3,3,-2,6,-5,1,-8,3,-1,-8,2,-1,1,-9,11,-10,5,3,-14,10,11,-9,12
-16/77,0,2,2,-5,-2,1,-6,-2,-8,3,2,10,-5,4,-8,6,6,0,8,-3,6,-14,-3,18,9
78/101,-1,0,2,-5,2,-7,1,-2,-3,-10,-6,10,-4,12,-6,1,4,-1,-11,-15,-13,-10,1,10,-3
80/101,0,2,0,0,4,-5,2,-2,4,3,1,6,2,5,0,-4,-14,2,4,11,-2,0,6,-6,8
-47/16,0,2,-2,0,2,-6,-3,-2,6,-5,1,-8,2,-9,-8,9,6,-7,0,-3,-1,0,2,-6,13
60/43,0,0,0,-5,2,0,4,1,-8,-2,-5,-5,-4,-12,13,7,-9,-6,5,-12,-6,-6,-16,-14,11
62/41,-1,2,3,0,4,-5,-3,1,2,10,-10,-10,6,-12,0,-2,9,-5,2,11,7,-16,-4,-6,10
43/14,0,-2,-3,-5,4,-5,2,1,6,4,1,10,1,-1,10,-9,2,8,-13,-13,4,-11,15,-4,-7
313/85,0,2,0,-5,-1,0,-2,0,-8,5,10,-2,-5,12,0,6,-3,2,-5,-12,-14,12,1,-6,-14
-83/55,0,2,0,1,-2,6,-4,-2,-3,-10,3,10,-6,7,11,-6,4,13,-2,5,-11,11,0,-15,-2
-27/98,0,0,2,-5,4,4,5,-2,3,4,2,-7,1,6,12,6,6,13,5,-8,6,15,6,-12,17
-88/845,0,2,0,1,0,-2,-3,1,3,6,-1,11,7,10,0,7,-14,-5,1,2,2,-9,-8,-6,-7
-91/844,0,-2,0,1,-5,-7,4,-2,-3,-10,10,10,2,10,3,3,-9,-5,14,9,6,-8,-1,18,-2
75/94,0,0,0,-5,4,6,2,0,-8,3,-9,10,0,-1,3,9,0,8,0,4,11,-5,-15,8,-7
100/7,0,2,0,-5,0,-5,1,-2,3,-4,2,-7,7,4,0,-4,0,-5,-12,4,14,-16,6,0,11
-27/7,0,0,2,-5,-3,4,4,-2,2,0,-5,-8,-7,4,0,-12,-4,4,2,-4,-2,-9,-3,0,-7
-20/43,0,2,0,0,0,-5,5,1,-4,4,10,-7,-1,-12,12,-6,6,4,-8,-3,-11,-1,-4,4,18
-58/11,1,2,-2,3,-2,1,-3,1,-3,-10,6,-7,8,-1,-8,-2,-4,6,3,-4,-13,-4,-16,8,-6
97/15,0,0,0,1,4,1,5,1,6,7,1,-8,-6,4,11,6,0,-7,-12,-12,7,-4,9,10,8
72/101,0,0,-2,3,-2,0,-3,1,6,4,-5,-2,-3,-2,0,6,10,10,-3,-9,-1,-10,-6,6,11
69/77,0,0,-2,-5,-2,-1,-6,1,-7,-2,8,5,-3,8,0,3,0,4,-13,-9,1,-5,12,18,-14
69/79,0,0,0,3,4,-5,2,1,-7,-3,0,7,-6,2,-2,4,-14,10,4,8,4,-8,4,0,-14
91/62,0,-2,3,1,-1,-7,3,-2,6,4,2,2,-6,-2,0,6,-5,8,-11,8,-9,-15,2,-14,2
-23/85,0,2,0,-5,-3,-6,-2,1,-7,-8,1,-2,1,1,1,-2,-11,-1,-6,0,-13,-1,12,10,-7
-26/85,-1,2,0,1,4,-7,-2,-2,3,9,3,8,-6,-1,-3,6,4,-13,8,14,-4,-7,-5,10,18
1/93,0,0,3,-5,0,6,5,1,-3,-4,2,10,2,4,-8,-14,13,-5,-2,12,0,-4,-4,12,-5
-91/95,0,2,0,1,0,-7,-3,-2,6,3,2,-2,-3,4,-7,6,6,4,-3,-5,-10,-4,2,1,9
-22/295,-1,-2,0,1,0,6,-6,-2,-8,9,10,-7,4,-6,4,-10,10,8,1,-13,-2,-6,1,18,2
-19/294,0,0,1,-5,6,-1,2,1,-3,-5,2,-6,8,9,-6,1,0,4,2,0,2,4,-4,0,16
71/11,0,2,0,1,-2,2,-3,-2,-9,-5,-4,-6,12,-1,-6,-2,4,5,-12,-12,-11,13,-3,12,-14
98/173,1,2,2,1,-3,-5,-1,-2,1,-10,-6,6,6,-12,12,9,4,-7,-12,4,-2,4,-3,-1,-2
-63/37,0,-3,2,1,0,6,-3,1,3,5,-5,-8,7,-9,7,7,10,-13,-2,6,-14,-4,-3,6,6
27/25,0,0,0,-5,0,6,2,-2,6,6,3,10,1,4,-6,-3,0,-7,8,9,-6,12,2,-15,17
-9/652,0,-3,-2,-5,0,0,1,1,-9,-10,-1,6,-2,7,0,6,6,-7,-10,2,-2,4,-7,-16,1
-53/3911,0,-2,0,1,-3,6,5,1,-6,-4,-1,-7,-4,2,6,-10,-12,-11,-11,4,-13,0,0,0,-1
-29/54,0,0,1,-5,4,-5,-3,1,-3,-10,1,10,2,-1,-11,-10,0,-7,16,8,-5,-7,11,10,-6
-45/26,0,-3,0,-5,0,-2,6,1,6,6,-5,-1,3,4,-3,-4,-2,-2,8,2,2,-15,2,6,10
-49/22,0,-2,-2,1,-2,-1,2,1,-8,6,-6,5,-7,12,0,-7,-4,-13,3,2,7,11,-16,6,10
35/32,0,2,0,1,0,-5,-3,-2,-3,-7,-10,-6,4,-9,-3,6,-14,-5,4,-12,0,-16,-16,8,-10
-87,0,0,0,-5,-5,-5,5,1,-3,-10,6,-11,-5,10,0,3,-9,4,-3,5,-4,6,-11,0,-7
-53/29,0,-2,3,3,4,-5,2,1,6,-6,3,10,-6,-1,-11,-10,-4,-2,-2,14,2,-15,-4,9,18
-13/72,0,0,4,-5,4,-7,4,1,3,-8,-1,-7,-4,-1,0,-4,4,-5,5,-1,-1,1,16,6,-12
-1/56,0,2,1,-5,6,1,-1,0,-6,6,-9,6,-4,4,-4,-3,-1,-10,-14,3,-2,10,-16,0,7
-35/33,0,0,0,1,-2,-5,4,-2,6,9,-4,10,-4,-4,-4,-3,9,2,10,0,-4,-8,15,12,-1
97/5,0,-2,0,-5,-3,-1,3,1,-3,-7,2,-8,3,7,4,-4,-4,-13,8,0,14,-6,4,12,8
-89/13,0,2,-2,-5,4,-2,4,1,6,4,8,5,-1,-1,-1,-6,0,4,2,-2,-4,-14,3,-13,6
-71/90,0,0,0,0,-2,-6,-3,1,-3,6,3,-2,0,-10,12,4,-4,-1,-14,-12,-1,-6,0,6,-5
-77/89,0,-2,3,1,0,-6,-6,1,6,-4,-9,-7,-4,10,12,6,8,1,-12,-9,-4,8,11,-8,12
-894/61,1,0,4,1,4,-1,3,-2,4,0,-9,-7,6,-2,4,-12,-7,-4,8,-12,-10,-16,-4,10,-3
42/5,1,0,0,1,-3,4,2,1,-3,7,-9,8,-2,-6,-8,3,-4,-7,-6,-15,12,1,-4,6,14
102/97,-1,0,0,3,-3,-5,-8,-2,6,4,1,6,2,8,1,-10,6,13,9,-12,-4,-10,3,9,4
42/11,-1,0,-2,1,-2,-5,-1,1,6,-5,2,-11,2,-3,-6,0,-11,4,5,-12,-8,10,12,6,8
42/13,1,0,2,1,6,-2,5,1,-3,4,-1,2,-3,4,-6,-2,10,-8,-10,7,-13,-8,-3,-16,-13
3/809,0,0,2,1,2,2,-6,1,6,0,2,6,0,2,12,-14,-4,-13,-7,8,-8,4,7,-3,1
3/406,0,0,0,-5,0,2,1,-2,4,-6,2,-10,-4,8,-2,-2,1,4,5,-6,-11,-15,-8,2,-2
79/65,0,-2,0,0,0,-2,-6,-2,-3,5,4,-7,-6,1,0,-9,8,4,-14,-6,-2,4,0,-15,2
-59/31,0,2,0,1,-1,-1,2,-2,3,3,2,-5,10,6,0,-12,-12,-13,4,-3,4,13,3,12,8
-63/32,0,0,0,1,0,-1,-5,0,-6,-5,1,-7,-9,4,0,1,6,-10,2,-3,11,1,17,-15,8
100/9,0,0,0,0,4,2,-3,1,2,-3,10,10,-7,6,13,6,6,-7,4,3,-8,10,6,-1,1
36/25,0,0,0,1,-5,1,-3,1,6,7,-7,-10,6,-2,-8,6,-4,0,-3,-4,-2,0,-4,-8,-13
-7/48,0,0,0,1,-5,-5,-3,1,6,0,4,5,12,4,10,0,4,13,0,6,-6,-4,-7,-6,-18
-49/34,0,-2,2,1,2,0,-2,-2,2,-2,-7,-8,-9,9,7,11,10,2,-5,13,-9,0,11,0,-9
-9/76,0,-3,0,1,0,4,4,-2,6,3,6,2,-7,12,-8,1,-2,-11,4,5,-13,-16,-4,-1,11
77/9,0,0,2,1,0,2,4,-2,2,6,3,-7,-5,10,11,-6,-2,-13,5,-7,-6,-8,2,-16,-8
80/13,0,-2,0,-5,4,-2,2,1,-3,-3,1,-7,3,-1,0,-6,-4,-7,12,8,12,6,-5,-10,17
75/29,0,0,0,-5,2,6,-6,-2,-3,-6,-5,5,-5,-4,-6,-4,10,-4,16,5,-5,11,-16,-1,16
105/68,0,0,0,1,-2,-1,-2,-2,6,-2,-6,8,0,6,12,9,-4,-2,4,7,-5,-6,-4,-6,-4
-89/56,0,-2,4,-5,6,6,-5,-2,-8,4,-1,10,-6,-1,7,1,0,8,-12,-1,-2,-16,0,-13,-18
58/39,-1,0,-2,-5,2,-2,5,0,6,-10,0,6,-6,8,0,-9,5,10,-12,-9,-10,8,10,-12,8
29/18,0,0,2,1,-5,4,6,1,6,-10,-2,-5,0,-1,-8,-12,0,-1,4,-9,7,5,16,-3,-6
69/68,0,0,-2,-5,4,2,-2,1,-7,-2,-9,10,-9,-9,4,7,-4,-11,-12,-7,7,5,9,-4,10
53/34,0,-2,2,3,0,-5,-2,0,-3,0,-4,10,10,-6,8,-10,-4,-4,-4,10,-13,10,-6,12,-14
-11/72,0,0,-3,-5,0,-5,-1,-2,0,6,-6,-11,-6,-4,-8,-7,7,0,4,-5,0,-14,11,3,2
-45/29,0,-3,0,-5,-2,4,-4,1,0,-6,2,8,-6,4,-4,-3,-9,8,-3,6,11,13,-5,-14,13
-97/46,0,-2,3,1,-5,2,3,-2,0,-2,-1,10,-6,-4,-7,6,6,-7,12,5,7,-14,-3,12,8
-94/67,-1,-2,3,0,4,-5,-4,1,-3,-2,6,-11,8,-7,-8,6,5,2,0,14,5,10,-15,-14,-19
-27/38,0,0,4,-5,6,2,-5,-2,1,-8,-5,-5,8,-7,-7,-4,10,-2,-14,-6,-2,0,-9,10,-6
-4947/40,0,0,0,1,-1,-6,-8,1,6,0,-4,-5,0,9,-8,-12,-4,-1,-8,4,2,-14,0,18,8
-2473/20,0,2,0,1,6,6,2,1,0,-5,-5,-8,7,1,-6,-6,-11,8,2,6,10,-1,2,2,-7
-73/47,0,2,0,-5,4,6,2,-2,-9,-2,-5,2,-7,-7,3,4,-9,-1,2,0,-11,-8,1,3,-2
73/11,0,-2,3,1,-2,-1,-6,-2,-3,-2,2,-5,-4,5,0,11,6,8,5,15,-11,10,-9,-9,14
1/87,0,0,-3,-5,6,1,-4,-2,-3,-6,-5,-7,-2,-6,4,-2,0,-12,9,15,-6,-12,2,6,-19
-36/91,0,-3,1,-5,6,-2,5,1,-3,7,10,-11,0,-4,-8,5,-2,-4,-12,5,-6,-16,-15,-14,14
-5329,0,-2,4,-5,2,2,-4,-2,3,6,3,7,-6,10,-3,-10,7,-7,5,6,-11,4,3,10,14
-3551,0,2,1,-5,-1,4,-6,1,4,4,-1,8,6,-6,0,-10,0,-3,-5,-8,10,-1,-4,6,-18
-3/44,0,0,0,1,-2,0,5,1,-3,2,-9,2,12,4,2,6,6,-12,4,-12,-13,0,1,6,14
24/101,0,0,1,0,-5,-5,-1,1,6,10,3,-2,6,-10,6,-2,11,2,3,-2,-14,5,8,0,14
75/56,0,0,0,-5,0,-1,5,0,-9,-4,3,10,-6,-10,-8,-2,0,-1,3,3,7,-1,7,-2,-7
53/10,0,-2,0,1,-1,-5,1,-2,-8,3,-9,-7,-3,-6,4,-10,8,-3,-8,5,-6,-15,16,-14,-6
-70/71,-1,2,0,1,0,2,2,-2,3,-5,6,10,6,-10,2,-6,6,-12,5,4,4,5,1,-7,8
-67/70,0,-2,0,-5,0,2,-4,1,6,0,3,2,8,1,10,4,0,6,-5,6,-6,8,6,2,11
-92/47,0,-2,2,-5,2,-5,-5,-2,-7,4,-6,10,-6,4,3,-11,-4,13,0,4,10,13,2,-12,-19
32/2343,0,0,1,-5,-2,0,6,1,-4,3,10,-2,-3,-2,-3,-2,6,-2,5,4,2,6,4,2,2
17/1170,0,0,0,3,4,-2,-8,1,6,6,-7,-8,6,8,12,-2,6,-8,8,7,-1,-4,16,8,10
-57/74,0,0,3,-5,0,4,3,1,3,7,3,-8,-7,4,-8,2,1,-1,12,0,-5,4,12,18,-2
511/23,0,-2,3,1,4,1,2,1,0,-8,-6,-5,-3,7,-8,5,0,10,4,11,-11,-14,14,-9,11
101/5,0,2,0,1,4,0,-1,1,3,-8,-1,6,-6,10,8,0,-4,13,-3,0,2,15,-5,-12,9
53/72,0,0,1,1,4,0,-4,0,6,10,-9,6,-9,6,-1,-10,-1,-1,1,8,-14,-16,6,6,14
-80/87,0,0,0,1,-2,6,5,-2,-6,-6,3,-6,6,-4,0,9,-14,-4,4,3,-7,-15,-7,-7,8
39/67,0,0,2,0,2,-7,6,1,-3,3,-1,-2,-7,8,6,0,10,1,0,-12,7,-15,-6,12,14
67/56,0,-2,3,-5,-5,6,-1,1,-3,10,-7,5,12,-4,0,-10,-7,-4,-5,3,-10,13,0,-8,-1
-73,0,-2,0,-5,-3,-5,6,-2,-9,3,-1,8,8,-1,0,-11,6,-10,-14,-13,-11,5,10,-1,-5
46/51,1,0,4,1,4,-6,-2,1,-7,10,-2,6,12,4,-6,-4,11,10,-4,3,-13,-1,3,12,8
-88/65,0,2,0,-5,0,-2,4,1,-4,-2,3,10,10,-3,-11,6,4,-7,2,0,0,-1,2,10,-18
94,-1,2,1,3,2,1,-4,1,6,6,2,-7,-6,12,-8,1,10,-2,-13,16,7,-16,17,-8,9
62/57,-1,0,0,1,0,0,3,-2,4,-2,-10,6,8,1,0,6,2,-2,-10,15,7,-15,-6,-12,-2
-15/47,0,0,0,-5,2,1,-3,-2,6,-2,2,-2,-6,8,3,6,6,-10,5,-9,7,-7,-1,-7,-7
41/7,0,-2,0,-5,0,-5,4,-2,-9,10,-4,11,-4,-12,-4,4,0,10,8,13,-13,-6,-16,6,-10
27/40,0,0,0,-5,4,2,-3,1,3,9,3,-7,-6,5,0,-6,-9,8,4,0,-10,-8,-6,-7,7
19/70,0,2,0,-5,-1,-1,4,1,-9,-2,-1,5,-5,1,6,-6,-5,-11,5,0,-4,13,10,-9,12
17/70,0,-2,0,-5,4,-6,-8,-2,-8,0,6,-2,-7,8,1,-3,8,1,16,5,-2,8,-15,-8,-12
44/27,0,0,-2,-5,0,-5,4,1,3,6,-1,-2,8,12,-4,-3,4,4,11,-8,-14,11,-12,10,-6
43/25,0,2,0,1,4,-1,3,1,6,4,-4,10,-6,-1,1,6,6,4,-8,11,0,12,14,10,-2
-56/101,0,-2,1,1,4,2,2,1,0,-2,-2,10,10,4,8,6,-4,-5,-11,7,-6,-4,-3,2,18
-96/37,0,0,2,0,0,-1,-6,0,-8,-5,0,-8,-3,8,11,-10,4,-13,-12,6,2,-8,6,-6,12
15/77,0,0,0,-5,-2,4,-3,1,-4,9,2,-2,-6,2,-8,7,-5,-11,-14,9,2,-10,4,-1,-7
-64,0,-2,0,1,-1,2,-3,1,-3,2,-4,-5,-6,-2,-10,6,-1,-6,10,6,7,-16,12,2,14
68/33,0,0,4,0,-2,-6,-8,-2,-6,-5,3,-7,-6,-10,3,-2,-9,-2,8,-1,2,4,1,-3,-12
56/561,0,0,4,1,-2,0,-2,-2,-9,2,-4,-10,-7,7,0,3,0,2,4,4,14,11,8,12,13
98/11,-1,2,3,1,-2,1,6,1,3,4,1,-5,0,2,-4,-11,-7,-11,8,6,11,0,-4,-8,1
70/61,-1,2,0,1,0,0,1,1,-4,-2,1,-1,-3,1,12,-9,10,-4,12,-12,-2,1,2,3,-2
73/61,0,2,3,1,-2,4,-4,1,3,-4,-1,-7,-6,8,3,6,0,-4,4,0,-11,-14,-3,-15,14
-43/62,0,2,0,0,0,2,-1,1,-6,4,2,-5,0,-1,0,9,-7,6,-11,-5,2,-8,4,-6,-2
47/30,0,0,0,1,6,0,4,1,6,-10,0,-7,-2,10,-8,4,10,6,2,8,-6,-11,1,-1,2
9/26,0,-3,2,1,4,-2,4,1,-8,-8,1,-5,-3,4,1,-3,0,5,-4,0,-14,0,0,-12,10
-80/27,0,0,0,3,2,4,-4,1,-8,4,-1,-2,0,2,-1,0,-4,-10,-12,-9,-2,11,-15,-6,-6
55/8,0,-2,0,1,0,0,-4,-2,0,-2,3,-6,-6,1,2,-10,-4,-7,-12,-13,-5,-16,6,6,10
42/89,1,0,2,1,0,-5,-6,1,-3,0,-5,-7,1,-7,2,6,-7,10,10,15,7,-11,0,-8,10
98/9,1,0,-2,1,2,-5,-4,-2,-6,-1,-10,-2,6,6,6,-7,-12,8,4,4,6,10,3,-6,0
100/13,0,2,0,-5,2,-2,-4,1,-3,4,-1,10,-6,7,-2,-10,4,-5,0,-15,-6,-10,14,-7,18
-1/64,0,-2,0,1,2,2,-3,1,4,-3,0,2,6,4,7,-10,-4,-11,12,-12,-13,-14,-1,2,2
-7/29,0,2,2,1,6,0,5,1,6,-6,10,-11,-5,-2,-7,6,-14,2,2,10,4,12,3,12,17
-102/95,-1,0,0,1,0,6,-8,-2,1,0,3,10,-4,10,8,6,0,-6,-2,-12,-13,4,-10,18,-3
80/37,0,-2,0,-5,0,6,-3,1,-3,10,3,-8,12,-6,8,1,-5,-6,2,0,11,1,10,8,-1
-4/563,0,2,2,0,0,6,5,1,6,3,-2,10,-3,10,-1,-11,6,-7,-3,-2,0,1,0,6,-9
88/63,0,0,2,-5,0,-5,-3,1,-6,-4,-9,6,-5,-1,-3,-4,6,-3,12,-5,4,-9,3,-10,18
-38/41,1,-2,3,3,0,6,2,1,-8,0,-8,-7,6,-10,3,0,0,13,14,0,4,0,-4,-14,11
-2/35,1,-2,0,-5,6,6,5,-2,-9,3,0,8,-6,7,-6,-10,4,2,4,12,4,0,4,-6,-7
-48/857,0,0,0,-5,-3,-1,5,-2,-3,-8,1,6,-6,8,0,-4,10,-7,3,-9,2,-1,6,5,12
98/67,-1,-2,1,1,6,2,-3,1,-4,-1,2,5,-4,-2,11,9,10,-8,0,-5,-13,-5,-4,-6,11
88/41,0,-2,3,3,0,-5,5,1,6,-5,0,-7,6,10,2,6,2,-11,-12,13,-5,5,-16,-10,8
79/93,0,0,2,0,4,6,6,1,6,-10,2,-5,0,10,-6,-6,-9,5,8,0,-16,4,3,3,1
-89/74,0,-2,2,-5,-3,-6,2,1,-9,-10,-8,-8,1,7,-6,4,6,4,5,4,2,0,10,-13,-8
-45/97,0,0,0,3,2,6,-4,1,4,10,3,11,-6,6,13,-7,0,10,-12,2,11,5,3,5,4
-94/191,-1,2,0,1,-3,-5,-6,0,-8,5,6,-7,-5,1,-8,9,10,8,4,2,6,-8,10,0,8
-69/40,0,0,0,3,0,-1,2,-2,-7,0,-9,2,4,1,-10,6,4,5,-3,-9,2,-11,14,6,13
17/48,0,0,1,-5,4,6,-8,1,-4,6,2,-2,6,-12,0,-2,-11,0,8,-12,0,0,15,4,2
-79/6,0,0,0,1,4,0,4,1,2,4,1,-6,12,4,-4,-2,-11,-6,8,-6,1,4,10,18,12
61/22,0,2,0,-5,-2,2,-6,-2,6,-5,2,-6,0,-10,3,6,-4,-13,0,0,10,6,12,-14,-6
-92/59,0,-2,-3,1,6,4,2,-2,-7,-3,1,-5,-5,2,-6,2,10,-1,12,5,-2,0,-16,6,-14
-196/15,0,0,0,1,2,-6,-3,-2,-3,3,-1,-5,-6,8,-8,7,-12,-7,12,-15,7,-14,-16,-12,7
-982/77,1,2,2,-5,-2,6,-3,1,-8,-5,3,10,6,-1,-6,6,-9,1,2,-1,-4,-4,-3,12,8
-41/87,0,0,3,-5,0,6,2,-2,-4,-6,3,-1,-4,4,-4,-2,-4,1,10,-12,8,-8,12,1,-7
41/40,0,-2,0,-5,0,0,-3,-2,-4,0,-1,2,-4,9,0,-7,-4,8,4,-4,-2,-16,-4,-12,11
-97/43,0,-2,4,0,0,-5,-1,-2,-8,7,1,11,0,-12,0,-3,-1,2,0,0,7,1,14,9,8
5/71,0,2,0,-5,-5,1,-3,1,4,4,-10,5,-9,-7,4,-3,-7,4,0,4,14,-15,6,0,10
19/81,0,0,1,3,-1,0,-3,1,-3,0,2,-2,-7,-2,1,1,-7,-13,-10,13,4,-8,1,18,-7
39/43,0,0,-3,-5,4,-7,-1,1,6,0,3,-7,12,-12,4,0,6,13,9,0,11,-4,3,10,10
-91/27,0,0,2,1,2,-7,-3,-2,2,-7,0,6,0,10,0,-4,0,4,-7,4,4,-10,9,-14,10
-85/28,0,-2,0,-5,2,1,-8,1,2,-1,10,-6,6,4,4,-2,-3,8,8,-15,-4,13,-16,10,11
12/35,0,0,0,-5,2,2,6,1,-3,-7,3,-1,-9,4,-8,6,-4,-5,10,-9,-13,8,3,-14,1
-43/52,0,-2,0,1,4,-2,-3,0,1,-5,-9,10,-1,-1,-3,6,8,5,8,0,7,8,7,6,-12
-9/73,0,-3,2,-5,4,6,2,-2,-3,4,-6,-7,-6,-1,1,-12,6,-7,-12,-15,-6,-4,0,-6,12
-13/69,0,0,-3,1,-2,-7,-3,-2,0,-5,2,-5,-6,8,10,6,7,1,-13,12,-13,8,-16,-17,9
26/19,-1,-2,1,0,2,-7,-3,-2,-3,0,3,-2,10,0,0,1,-1,-4,11,-15,-4,0,16,-10,-2
-69/37,0,0,0,-5,-1,0,5,1,-7,-3,-10,-8,-9,4,0,-3,-4,2,2,6,-13,4,-3,0,14
-17/75,0,0,0,-5,-2,2,-8,-2,-3,0,-9,-7,6,-4,-6,-2,0,8,5,-12,0,2,16,-6,-18
63/2,0,-3,1,1,-3,6,-5,-2,-4,-5,4,10,-1,-4,-6,-7,-2,10,8,6,10,6,-16,-1,-4
64,0,2,2,0,0,6,-3,-2,6,-4,-6,11,2,8,0,-9,4,-5,-11,-12,2,-8,-4,0,-1
89/14,0,2,2,-5,-3,4,-1,1,6,-2,-9,-7,12,5,-7,1,0,2,-14,0,2,-6,4,-13,-3
-49/71,0,2,4,1,6,6,6,1,6,2,-4,-8,-6,4,-6,0,-5,-4,4,4,2,8,17,12,2
-50/71,1,-2,0,1,-5,-1,-5,-2,-8,3,-1,6,-6,-9,0,10,6,-13,4,4,-11,4,-4,18,-8
-47/27,0,0,2,-5,2,-5,2,1,-8,0,-10,8,-6,7,-8,0,0,-8,12,-12,0,-16,8,10,-18
-93/104,0,0,-2,1,6,-2,-3,1,-8,6,-10,-2,6,4,-2,2,0,-13,4,16,-13,8,-3,1,-18
-31/35,0,2,0,-5,-5,4,2,1,3,3,-10,-10,-6,4,-10,-10,0,-1,1,0,-1,8,1,-2,5
11/50,0,2,0,-5,0,2,-5,1,-4,-3,3,6,-3,4,-6,-2,-7,0,5,4,-5,-6,-8,0,-7
67/28,0,2,2,-5,-1,2,2,1,6,7,10,-7,-9,8,0,-2,0,-8,-5,-8,-9,-15,-1,18,-10
79/30,0,0,0,0,-2,2,-1,1,6,0,-1,-1,-5,2,0,-3,7,2,-10,3,8,4,4,1,-14
-29/33,0,0,-3,-5,-2,6,6,1,0,-10,2,6,-3,4,8,2,-7,2,-8,15,4,1,3,6,-12
-29/30,0,0,0,3,2,-1,2,1,-3,-10,-4,-7,6,-9,4,-9,0,-6,4,0,-2,13,-1,0,0
-965,0,2,0,0,-2,2,-3,1,-3,0,-9,-10,-3,0,3,6,-4,-4,0,6,2,-1,3,-17,-12
53,0,-2,2,-5,0,2,-6,1,3,-3,-1,-5,-6,-4,12,-10,0,1,14,8,-14,-14,-3,3,1
69/44,0,0,2,3,-2,-6,6,1,-7,6,-1,-1,2,-1,-8,6,0,-7,-11,6,-14,5,17,-7,-7
4/61,0,2,2,-5,0,6,2,0,3,4,-9,-1,-2,2,0,-2,-2,-4,2,8,4,-8,12,-12,2
84/61,0,0,1,1,-2,-5,2,1,-3,0,-5,-7,0,-10,12,-4,-12,-4,14,8,-16,-16,6,-12,-6
13/34,0,2,3,0,-1,-7,-2,-2,-4,7,-7,-2,-5,-9,-8,-4,6,-13,4,-2,4,-6,-15,3,13
-75/43,0,0,0,1,0,-5,2,1,6,-4,8,-1,-3,-12,0,-12,0,0,12,-12,-10,8,-10,5,-1
14/93,-1,0,-3,1,4,6,-5,1,4,-5,2,-6,-6,4,-2,1,9,-4,5,8,-13,0,-4,10,18
11/485,0,2,0,1,0,-6,2,-2,-8,-3,1,-8,6,-1,0,6,0,1,-12,3,-13,0,-7,0,4
34/1455,-1,0,0,0,-3,-5,-8,-2,-8,4,-1,-7,-6,-9,-10,11,6,-5,4,4,-8,6,16,-12,4
51/5,0,0,0,1,0,-5,-8,-2,-3,4,-10,-7,-7,-10,-3,6,6,5,4,6,-2,4,12,10,5
-11/1768984,0,2,4,-5,0,-6,2,0,-3,-5,2,5,7,1,-3,-2,0,4,2,-7,-14,2,3,-6,-3
-91/29,0,2,4,1,0,-7,-3,1,0,-6,1,-5,-1,7,8,-10,4,-11,4,0,-2,8,-16,3,10
-46/87,-1,0,2,0,-1,-5,5,0,-7,-6,10,-2,12,4,4,6,-9,-6,-8,0,0,-10,12,-14,-5
29/65,0,2,0,-5,-3,-2,-3,1,6,-10,-1,-2,6,9,-8,-6,-1,1,11,6,14,-14,0,0,-9
-9784,0,-2,0,1,2,-5,-3,0,4,-10,3,-2,2,4,8,4,0,1,8,0,-6,-6,10,6,-2
-19567/3,0,0,0,-5,0,-5,-8,0,6,6,-4,10,-3,7,-8,-11,0,2,4,-4,1,-10,0,12,-5
26/87,-1,0,-3,-5,4,-7,-3,-2,0,-6,6,10,-6,-1,-7,9,6,10,10,-6,-2,-8,6,-1,2
-55/79,0,-2,0,-5,0,2,6,-2,2,-2,0,2,8,-7,-6,-14,6,2,12,-1,-8,-8,-4,5,-6
50/41,1,2,0,1,0,6,6,1,-3,0,-5,-1,6,-6,0,-10,-14,6,-10,3,-8,11,3,-15,-6
-16/99,0,0,0,-5,-2,4,5,1,-3,-10,10,2,4,-12,0,-2,10,1,12,15,-9,-16,12,12,-10
-32/87,0,0,2,0,6,-5,4,1,3,-6,-9,2,10,7,-6,-10,2,2,8,-13,-1,4,1,-1,11
-61/104,0,2,0,-5,-5,-2,6,1,-6,6,8,2,-6,10,-6,-14,-7,-13,0,6,-2,4,2,6,10
-87/88,0,0,2,0,-2,1,2,-2,-6,-10,-5,10,1,8,-6,-6,6,8,8,-9,-10,4,6,-6,11
-85/54,0,0,0,-5,0,1,-8,-2,-8,3,1,-3,6,-1,-6,4,-7,2,-11,3,-5,8,-3,-6,10
75/14,0,0,0,-5,-2,2,-4,1,3,-3,3,-2,6,4,4,7,0,10,-8,-15,7,10,-1,-9,8
-101/48,0,0,0,3,4,-1,5,-2,3,9,-5,10,8,4,10,0,-11,-4,-12,15,14,8,10,-2,8
-99/49,0,0,1,-5,0,6,1,-2,-3,4,1,8,3,2,0,-6,6,-12,-4,15,10,12,1,12,-1
-19/51,0,0,4,0,-1,-6,-2,1,6,4,-9,5,0,10,0,3,-1,13,-11,15,8,4,-16,6,17
72/5,0,0,0,1,6,-5,5,-2,-9,-8,-6,10,-9,1,12,-2,-4,8,12,-4,-1,10,3,5,8
-90/43,1,-3,0,0,-1,2,1,0,3,-4,-1,-7,0,-12,-8,10,-4,-1,-10,14,-8,8,2,-8,-14
85/32,0,-2,0,1,-2,6,-8,1,1,0,1,-7,0,-1,4,-3,0,10,2,6,2,-16,3,10,17
-79/19,0,-2,2,0,0,0,2,-2,4,-4,-10,11,-9,1,0,9,-14,-3,-14,3,-13,4,3,-12,1
-667/47,0,2,2,0,4,-6,4,1,-7,-10,1,10,-6,8,3,-2,-9,-7,-12,4,11,-16,0,6,-10
40/73,0,2,0,-5,-5,-5,-3,1,6,6,-4,-10,8,6,-11,-6,6,-3,-10,8,-6,10,-11,3,2
83/23,0,2,4,3,2,6,5,1,0,7,-5,10,6,-2,3,0,0,-12,1,8,-1,-1,0,-10,2
-3/65,0,0,0,1,-2,-2,4,1,6,-5,1,-7,-6,4,8,5,-4,-7,-14,7,2,-6,-3,9,13
-4/69,0,0,2,-5,2,6,-3,1,0,-8,-9,5,0,1,1,5,10,8,8,-1,-16,-10,-4,6,-18
-3/7438,0,0,1,0,-3,-5,5,1,-3,-4,8,-10,-5,10,-6,-2,-14,10,-11,6,2,15,4,12,2
97/46,0,2,3,-5,6,6,4,1,0,-2,1,-5,3,-6,0,-10,-4,-8,4,13,2,10,-16,9,8
-4/29,0,2,1,3,-5,1,5,-2,3,-6,-6,-5,-6,12,-8,10,1,-5,14,-4,-14,11,16,6,8
93/19,0,0,-2,1,-1,-1,-3,-2,-8,4,-10,8,6,1,-8,-4,1,1,11,-6,-13,-9,-4,-6,-7
1/97,0,2,-2,1,4,4,-1,-2,4,5,-1,6,-1,-1,-11,7,-14,-7,4,-15,-13,-7,4,9,4
68/73,0,-2,0,-5,4,0,-8,1,-8,7,-5,-1,-6,12,-8,-2,-4,4,4,-12,-6,-16,-3,6,-5
-71/79,0,2,2,3,-2,6,-4,1,-3,-1,-7,-2,10,-1,7,3,8,13,-11,-12,0,-8,16,-1,-9
-63/2,0,0,4,1,4,2,5,1,-8,-5,0,-11,-4,4,8,1,6,0,-12,12,-9,-14,10,-10,-7
-5/6894,0,0,0,-5,0,0,1,1,-4,-8,-4,-2,1,9,-11,0,0,-13,-4,11,-16,4,12,1,-18
-5/6892,0,2,0,-5,-5,-5,-4,0,-3,6,0,10,8,-3,8,-10,-4,-1,10,-8,12,13,3,6,8
6/35,1,0,0,-5,-2,-5,-5,-2,1,4,8,-10,12,-4,0,-3,4,-10,11,14,6,8,3,6,2
-41/35,0,-2,0,-5,4,6,-1,0,6,-1,-9,10,-4,-9,0,6,-14,6,-6,-5,-8,-14,2,6,12
-64/43,0,-2,0,1,0,2,-3,-2,2,-5,-5,2,8,-12,-11,6,6,8,8,8,-6,13,0,-10,14
53/9,0,0,2,1,-5,1,-3,1,3,6,1,-5,2,-4,13,-10,0,-2,-8,-13,11,-4,12,0,5
-30/53,1,0,0,3,-3,-1,-6,-2,-4,-4,-2,-8,-6,4,-8,5,4,-10,4,-12,-10,5,11,18,-6
-31/56,0,2,1,-5,-1,0,-3,1,-3,4,-10,-8,4,5,0,-2,-14,0,8,-3,6,10,-16,-6,8
81/67,0,0,3,0,-3,-5,-3,-2,-8,0,1,7,-1,-2,0,-6,-4,-3,0,-9,12,6,12,2,-6
-51/38,0,0,-3,-5,-2,6,-8,-2,-3,-2,6,5,-6,-10,6,-2,0,-10,12,-12,-10,-9,3,-6,13
-51/16,0,0,2,1,-2,-1,-8,-2,0,-3,-1,10,6,8,-6,2,-14,-12,12,3,-6,-10,12,-16,-6
45/29,0,0,0,3,0,0,-3,-2,-9,-6,-2,7,0,-4,0,6,2,4,9,12,-10,11,5,-6,6
-92/5,0,-2,0,-5,0,-5,-6,1,-7,0,-7,2,-9,8,-6,-10,-7,1,-6,-8,5,-15,6,9,8
-16/37,0,-2,3,1,4,-5,-5,1,1,-1,10,-8,-5,-6,7,-3,9,-5,-4,4,-6,11,4,-17,1
-49/85,0,-2,0,1,0,-6,-2,-2,3,10,1,-7,-1,-4,-8,2,-14,4,12,-9,-13,-5,-12,6,-1
-58/101,-1,2,2,-5,-3,0,1,-2,4,-10,4,-6,6,10,13,-3,0,4,0,-4,4,-1,4,-13,-14
-93/101,0,0,3,-5,-2,-5,-3,-2,-3,-5,-10,10,12,7,-6,6,-2,-3,8,12,-6,-8,-4,1,8
7/88,0,2,2,1,-2,0,-3,1,0,6,3,-5,6,-4,-6,-11,6,5,12,9,-2,6,-4,-15,-7
-33/56,0,0,3,-5,0,-5,1,-2,-4,-7,-8,-2,1,-7,-8,6,-9,4,10,14,-7,-7,1,-6,-6
79/64,0,2,0,1,6,6,-1,-2,-8,-10,-2,10,-9,-7,-8,0,6,1,4,13,4,4,3,-6,-18
-17/67,0,2,1,0,4,4,-8,1,-4,4,-5,10,2,-10,0,1,-1,-3,0,3,2,-14,2,-1,13
-31/28,0,-2,-3,-5,-3,-5,-3,1,-8,-7,-10,-11,2,-4,8,11,0,-10,-12,12,-10,6,-16,18,10
-19/22,0,-2,-3,1,-2,-5,2,1,-9,4,-5,-2,-6,2,0,6,0,13,9,5,-1,-14,-4,-1,-6
-77/86,0,-2,3,1,0,-5,-3,-2,-3,3,3,-7,8,-12,8,-11,0,10,10,8,-10,5,12,0,-6
-87/59,0,0,3,1,-2,-5,-3,1,3,-10,-4,-6,-7,12,0,0,10,13,-5,6,-16,-10,-3,-7,12
-91/58,0,-2,-3,1,6,-7,-3,1,6,-6,0,-2,7,-7,-6,1,-4,-2,8,6,-1,-8,16,0,8
-78/103,-1,0,1,-5,0,-7,1,-2,6,-4,8,-5,6,10,0,-4,-7,-2,2,-1,12,-15,2,-16,-8
-39/50,0,0,0,3,6,-7,2,-2,-9,2,3,-10,2,-10,1,5,-12,5,-11,10,11,-8,16,-6,7
72/25,0,-3,0,-5,-1,-6,-4,1,-3,4,10,-1,6,-3,2,-7,-4,5,-13,5,4,8,10,-13,8
23/24,0,0,0,3,2,-5,-3,1,-7,6,1,-2,-4,6,-8,0,2,8,-10,-13,-6,2,4,0,-12
77/34,0,-2,2,1,0,-5,-2,-2,3,-1,-5,7,-4,-6,0,-3,6,-8,8,6,-1,-6,12,-1,-12
37/14,0,-2,-2,-5,4,4,3,1,-3,9,-9,-11,-4,-6,12,-2,9,8,-14,8,7,-16,10,6,1
-83/687,0,0,0,0,-5,-1,-1,1,-4,-4,-6,2,0,4,4,-3,0,-7,10,8,4,11,0,-17,16
-83/683,0,-2,1,1,4,1,6,-2,6,6,1,-1,3,12,0,-7,0,-10,0,-9,-10,-9,0,6,1
65/232,0,-2,0,1,6,-7,-4,1,-8,-6,-7,-7,10,-10,0,6,2,-11,-12,0,-9,11,4,-14,8
60/233,0,0,0,1,0,-5,2,1,-4,-7,-9,6,6,-9,0,6,0,-4,-13,4,2,-8,-12,-15,-5
-37/89,0,2,2,0,4,6,6,-2,-4,-2,8,-11,-3,4,0,-10,4,-1,2,4,2,-11,-7,-8,-3
98/13,1,-2,4,1,4,-2,4,1,0,-5,-4,7,-6,5,3,-11,5,4,5,4,7,5,-6,-1,-6
24/35,0,0,0,-5,-5,6,1,-2,6,-2,6,-7,0,4,0,-12,4,-1,5,16,2,10,4,-14,-5
76/53,0,-2,2,-5,2,4,-3,1,-3,-5,-9,2,6,10,0,5,0,-5,8,-15,5,-8,0,6,-2
-103,0,-2,-2,1,4,2,3,-2,1,9,-8,-2,6,-1,-6,1,-11,-10,5,-15,-2,10,-7,18,14
76/43,0,2,3,1,-5,-6,3,1,-3,6,-9,-7,-6,-12,0,1,0,-4,10,-7,-13,13,2,12,8
-13/31,0,-2,0,-5,-5,-7,-1,-2,3,-5,2,5,-4,-10,8,1,-9,4,-12,3,7,-16,2,2,-14
-22/61,1,-2,-3,-5,0,6,-3,1,-4,-5,-1,5,3,4,13,-4,0,-4,4,14,11,-12,11,-16,14
37/85,0,2,0,1,2,-1,-2,1,-8,-2,2,-11,7,-4,3,-4,7,0,-12,8,-13,13,12,-10,-12
28/101,0,-2,2,1,-2,-5,-5,-2,-8,-7,10,-8,-5,10,-1,-7,7,-10,4,8,-16,-9,1,-14,-6
93/35,0,0,0,-5,0,-6,-3,-2,6,4,-10,-7,-6,-1,-1,-2,13,2,-6,-4,0,-10,-4,-14,2
-72/5,0,-3,0,0,-5,-1,-5,1,0,5,-4,-6,-7,4,-8,6,-2,-2,4,0,8,13,12,-9,-12
58/81,1,0,3,-5,0,0,5,1,-3,-10,-8,-2,-3,4,4,4,1,-1,8,8,11,-15,16,8,-12
-101/95,0,-2,0,0,2,-5,6,-2,-4,7,-9,-8,6,2,10,-2,0,1,-14,0,12,-16,-16,-6,10
80/23,0,2,0,-5,-2,-5,-6,0,0,-4,-8,2,8,-3,0,-3,-12,8,14,3,-1,10,16,6,14
63/65,0,-3,0,1,-2,-2,-3,1,-3,0,-8,-6,-6,4,-6,-2,7,4,-12,6,14,8,6,3,8
89/11,0,2,1,3,-2,2,2,1,2,4,-7,6,2,-12,-6,-4,-4,-6,-12,-3,0,5,-4,-13,12
15/76,0,0,0,1,4,6,-3,-2,1,-2,-8,2,-6,4,0,-4,-10,10,1,4,-9,-1,6,-10,-18
-5/43,0,2,0,1,4,0,1,1,-8,10,-4,-6,-6,-12,1,-2,6,13,10,16,2,10,12,-6,18
34/93,1,0,0,3,0,-5,-8,1,3,-2,2,-1,-6,7,1,-4,0,1,-8,-12,7,8,1,3,8
-7/270,0,0,0,1,0,4,6,-2,-3,-2,10,5,-9,10,0,1,4,-10,-12,7,-13,-1,-8,2,1
-11/269,0,-2,4,0,0,-6,5,1,6,-3,-4,-5,-6,10,6,-4,0,2,4,6,-4,-6,-5,-9,5
36/83,0,-3,2,1,2,0,3,1,-9,7,0,-8,-5,12,2,-11,-9,-1,11,4,11,4,-16,-7,2
-42/53,-1,0,0,1,6,2,-3,0,-8,7,0,10,-6,-1,10,5,0,8,10,15,4,-10,-4,-1,6
57/14,0,0,0,-5,0,-5,5,1,-3,-7,-2,-8,-9,-6,0,-4,-12,-7,16,-8,-13,10,10,-6,10
17/80,0,2,0,0,-1,0,-8,1,1,10,-9,-7,-6,4,-3,-12,6,-2,-8,4,-13,-4,4,-17,8
14/79,1,-2,0,1,4,2,-4,-2,2,7,1,-7,8,-2,0,-2,-12,0,9,5,-13,-8,6,-1,-7
-68/35,0,-2,0,-5,6,-5,-8,-2,6,-5,-1,-10,6,6,6,-2,0,5,2,4,7,15,4,12,6
-11/96,0,0,2,1,0,1,3,1,-8,-7,8,10,6,1,-6,6,-14,-7,-6,-9,-5,-1,-7,-15,10
-100/89,0,2,0,0,6,4,-4,1,6,-5,-7,10,2,0,4,10,-11,6,-12,15,12,-15,17,-8,12
-20/467,0,-2,0,3,4,6,-5,1,3,5,-8,-8,8,-9,-6,-6,6,8,-3,-7,2,-16,4,1,3
-33/4,0,0,-3,-5,0,-5,-3,1,-3,0,0,8,-7,0,-6,-7,-11,8,2,-9,-4,-6,16,-17,-6
-37/3,0,0,4,-5,2,-5,3,-2,-8,6,-4,-11,2,4,11,-4,10,13,-3,-15,12,-10,-3,0,8
67/47,0,-2,0,-5,-3,2,-3,1,-8,6,1,-2,-6,-4,3,-11,0,-6,-5,10,11,-9,-6,6,8
-55/42,0,0,0,-5,0,6,-3,-2,6,-1,-9,2,0,-12,7,-7,-9,4,-10,-12,-5,-8,10,-2,8
-17/48,0,0,4,3,-3,2,-8,1,-8,6,1,-7,12,12,-10,-2,8,1,8,-8,11,-7,0,0,-14
-19/46,0,-2,0,-5,4,2,2,1,0,-2,2,10,-4,12,11,-11,4,-1,-5,-9,-6,-8,2,-8,-18
-8/865,0,2,0,-5,-1,2,-3,-2,2,3,-9,-5,-9,8,0,0,-12,-1,-2,5,11,0,-3,10,8
54/79,1,0,2,1,4,0,-3,1,6,6,-5,5,2,1,1,-6,4,-5,4,-5,7,-8,-4,10,9
53/79,0,-2,3,1,6,2,5,1,-8,-8,-7,10,0,-6,6,-10,2,2,-3,-15,7,-8,6,2,-5
53/88,0,-2,4,0,-2,-5,6,1,0,-3,-1,-2,-7,2,-8,-10,6,-4,2,-12,12,-4,-16,-6,-13
11/64,0,-2,1,-5,0,0,-1,-2,3,-8,-8,-5,-4,8,4,-3,-14,13,-12,-15,2,6,12,0,-2
9/62,0,-3,3,-5,2,2,1,-2,6,-3,2,11,-6,2,4,-3,5,-1,8,-8,-10,-10,8,1,14
80/17,0,2,0,0,2,6,-2,-2,6,5,3,5,-3,6,1,-2,-4,1,8,14,7,-10,12,9,8
-19/92,0,2,3,1,0,6,1,1,0,-7,10,8,0,-1,-2,6,5,-5,0,13,1,8,-13,3,13
95/91,0,-2,0,-5,2,-2,-3,1,-4,-7,1,5,1,-10,-11,6,-4,-12,9,-1,-13,-8,-3,3,1
-97/89,0,2,0,3,-1,1,2,-2,-8,-3,2,5,-2,-4,4,-10,-12,8,5,9,4,-10,-3,-8,8
43/45,0,0,0,-5,6,-5,1,-2,-8,3,1,-5,12,-1,4,1,0,13,-6,10,4,-16,4,-12,-12
88/31,0,2,-3,1,0,0,3,0,3,6,2,-5,-3,8,-6,-6,0,-12,-4,10,2,-8,-3,-6,-1
69/22,0,0,0,1,-2,6,1,1,-7,6,-9,-7,-6,4,2,2,-4,-6,-14,-1,-11,-8,4,1,-14
-44/35,0,-2,0,-5,0,4,1,1,0,-5,-1,-7,12,2,-6,-4,-4,-6,6,-4,-9,0,-16,-17,-2
87/55,0,0,0,-5,-2,1,-4,1,6,-10,1,10,2,-6,12,6,0,10,-12,-8,14,4,7,-1,13
43/55,0,2,0,1,-2,2,5,-2,-3,-4,4,-7,1,-1,0,1,6,-5,-12,5,10,-4,-15,-12,-19
-61/94,0,-2,4,3,6,2,2,1,0,-5,2,-2,-6,6,3,3,4,-13,-12,8,0,-4,12,1,-12
55/7,0,2,0,-5,0,-6,2,1,-8,-5,1,6,-7,-7,0,-4,-5,8,-13,-3,7,-14,-11,0,14
-15/89,0,0,0,-5,4,2,-4,1,-3,6,-9,7,-2,4,-7,-14,-4,1,12,-5,-2,11,4,-8,-18
99/38,0,0,-3,-5,0,-5,6,-2,6,4,1,-7,6,-4,0,-14,-4,10,-11,-12,-16,6,3,8,12
-26/87,1,0,0,3,-3,-7,-3,1,-9,-6,-7,6,3,-6,0,1,-3,0,-14,6,6,-15,-1,-10,2
10/2493,1,0,0,3,-2,2,-3,1,-9,3,-9,-1,8,4,12,-7,7,10,-4,3,-2,10,3,-13,12
33/7478,0,0,0,1,0,4,-4,-2,3,0,10,7,6,0,-11,-6,6,1,-8,-4,-2,-15,10,18,17
-100/87,0,0,0,-5,-5,6,4,-2,-4,-6,-9,6,12,1,0,-9,-4,1,-6,-9,-1,12,-3,5,-7
-51/43,0,0,3,-5,4,2,-8,1,-8,6,10,-5,-5,-12,2,4,-4,13,2,11,7,-14,6,12,7
-53/71,0,-2,3,3,4,0,2,-2,6,4,2,-6,6,9,-6,-10,-14,13,4,4,-5,-15,4,-6,-6
53/69,0,0,-3,3,-2,2,-6,1,0,-10,3,-5,-6,8,-6,-10,8,0,6,13,-9,8,-3,-4,-12
-38/715,-1,2,0,-5,-2,-2,-3,1,0,-1,3,-2,-9,4,-6,-4,5,13,8,-15,2,-9,-11,-8,-10
858/7,-1,0,1,-5,0,-7,-5,-2,-3,3,3,8,2,-12,-8,10,-4,6,-2,-5,7,10,-6,1,-2
-66/5,-1,0,0,-5,0,-5,2,1,-9,10,-2,-7,-5,-1,-6,6,0,0,-13,2,-5,8,1,-16,18
9/38,0,-3,3,3,-3,-5,5,-2,-9,4,10,-7,-6,0,-8,6,1,-4,-12,-9,11,6,-10,-15,-2
2488/39,0,0,2,1,-3,-2,-3,1,2,4,2,5,0,1,-6,-14,-4,-11,4,-5,-2,0,12,2,-5
25/44,0,-2,0,1,-2,-5,5,0,-4,0,-8,-6,-7,-4,0,10,0,8,4,8,-5,9,10,-9,-6
-53/88,0,2,1,1,-2,-1,2,-2,-9,-4,1,-7,-9,4,2,-10,-4,-4,5,-9,4,11,4,3,5
-39/62,0,0,2,-5,4,-7,5,1,-4,-5,2,-1,-5,8,-6,-2,-10,-8,3,8,4,13,-16,2,-3
-38/65,1,-2,0,1,4,-2,1,1,-8,6,-1,5,-5,-4,-8,1,13,-5,11,14,12,-10,4,6,-4
39/59,0,0,4,1,4,-7,1,-2,-8,10,10,11,8,-9,-6,-11,10,-4,4,11,-13,0,7,18,8
40/59,0,-2,0,-5,6,0,2,0,-9,4,-4,-7,6,0,11,6,10,2,-6,0,-4,-7,3,-16,2
-104/11,0,-2,0,1,-2,-7,-5,-2,-3,0,1,-8,-9,-7,-3,-7,6,-1,4,-12,-8,-16,3,18,-7
43/100,0,2,0,-5,6,6,-3,0,4,10,0,5,8,-1,-6,-4,-14,-5,3,-7,-6,11,3,10,-14
-782/21,1,0,-2,-5,-5,1,-8,1,-7,-10,1,6,0,8,-8,1,13,2,-14,-4,-16,11,3,-3,-10
-780/23,0,0,0,1,-5,-7,-5,-2,0,3,-1,-11,6,-3,6,-4,-2,1,-5,-12,-16,-16,5,10,11
-10/89,-1,2,0,-5,-5,-5,-5,1,3,-3,10,-11,-7,7,4,-6,0,-13,-12,-15,-1,8,3,-8,-9
-48/25,0,0,0,1,2,-1,5,-2,-4,-5,-1,-8,3,-6,-6,-11,-5,-10,-2,-15,-16,15,-4,-14,14
32/75,0,0,0,-5,2,4,1,1,-3,6,3,-3,0,-6,0,-10,-2,-4,11,-12,-5,6,-11,-6,-2
30/71,1,0,0,1,2,-5,-1,-2,-3,0,-2,11,-6,-2,1,-4,-4,-5,-12,4,-13,8,4,10,13
41/53,0,2,-2,-5,4,0,6,1,-9,6,1,-6,-4,-6,-8,5,5,-2,4,-12,7,5,-4,18,2
11/29,0,2,2,-5,0,-5,-3,-2,-8,-6,1,-1,2,4,4,-3,-3,13,-4,12,-4,-10,8,10,-8
-73/92,0,2,4,-5,-5,-5,-4,1,0,-8,3,6,-6,4,1,10,-2,1,3,5,-11,4,6,9,-14
-77/46,0,2,0,1,0,0,6,-2,0,-2,1,-8,-6,10,-10,-9,-11,-6,4,15,-10,10,8,-17,-10
-91/85,0,-2,0,1,-5,-7,-2,-2,-3,-7,1,-7,-6,2,-11,-9,-13,10,4,6,4,-7,-11,6,-13
-90/83,1,0,0,1,4,-5,5,-2,6,-5,-5,11,-2,6,0,11,-9,8,14,8,2,-4,-16,8,-13
33/26,0,0,-2,0,0,-2,5,1,3,-10,3,-10,1,-10,13,-10,4,13,2,12,0,15,12,1,-12
59/90,0,0,0,-5,-1,-6,2,-2,-3,10,2,-1,-2,-1,0,1,-12,-10,2,-9,-2,-8,-13,1,2
100/17,0,-2,0,3,-1,6,-2,-2,4,4,0,-3,-4,8,0,10,-4,4,8,8,-16,-8,11,3,6
-93/271,0,0,2,0,-3,2,-3,1,4,4,-10,-7,-3,8,0,-9,-13,-3,-5,6,-10,-14,1,-9,-6
9/86,0,-3,1,0,-5,-6,-4,1,6,7,3,-5,-2,-12,10,-12,-1,-2,11,6,5,-15,0,-12,8
-99/8,0,-3,-2,1,0,6,5,1,6,9,2,-7,3,-10,0,-12,-1,2,4,-9,2,5,-16,-1,-5
79/8,0,-2,0,1,-2,-5,6,-2,3,0,6,5,2,-1,-1,6,-4,-3,-14,2,6,4,4,-1,2
15/79,0,0,0,-5,-1,0,-5,1,-3,0,1,-2,-5,-1,-8,-4,6,-4,0,-12,-10,-8,-12,4,-4
45/4,0,-3,0,1,-2,-5,1,1,-8,-2,10,10,-6,-2,0,-6,-13,-8,16,6,-16,6,1,9,-8
-76/51,0,0,1,-5,0,4,-2,1,-8,6,-8,-2,-6,-12,0,-6,0,10,2,-3,7,-10,1,0,14
-11/81,0,0,1,1,0,-5,1,-2,-3,-8,10,-7,-1,7,6,6,-4,-2,11,0,10,-9,8,2,-1
-61/34,0,-2,4,-5,4,6,-2,0,3,4,-8,-2,-6,4,-10,-10,0,-13,-8,-4,-10,1,6,0,-3
-83/97,0,2,0,1,-2,2,2,1,3,-5,10,6,-4,-12,-6,4,0,-8,-6,3,7,-8,0,-14,4
253,0,2,2,0,0,-6,5,1,-7,0,-5,-1,-9,4,-6,1,-7,-1,8,15,14,8,-6,18,9
-73/3,0,0,2,1,4,-6,-3,0,4,-3,8,-7,3,4,0,-9,-11,-8,8,16,-11,0,3,9,8
82/3,-1,0,1,-5,0,2,3,1,1,-5,8,-2,-4,-1,-6,-2,-4,8,-4,-15,-8,0,-8,2,8
-37/9,0,0,3,1,-1,-6,5,-2,-3,-5,-1,-11,-6,9,3,6,11,-5,3,14,-6,6,-4,18,2
-22/91,-1,-2,-2,-5,0,-2,-6,1,-4,0,3,11,-3,6,0,-7,5,-3,-13,0,2,-8,-4,9,17
13/35,0,-2,0,-5,-5,-7,-3,1,-8,6,3,-8,8,-10,-8,-2,6,8,5,-9,5,-4,-16,-17,-7
-11/196,0,2,2,-5,0,0,6,-2,-3,3,-6,7,-3,6,0,-14,-10,10,-10,13,-4,-14,12,12,2
-61/45,0,0,0,3,4,-5,-3,-2,-3,-1,-1,-10,-5,5,0,-3,-7,-13,0,13,-4,-10,12,-3,9
93/85,0,0,0,1,-1,-5,-2,1,-3,-8,-10,-3,-1,-10,0,1,-12,-10,-14,-9,10,10,2,-9,1
