-5/7,0,2,0,-5,-3,1,-4,1,-9,7,8,-1,-1,6,12,-9,13,13,16,11,-6,9,2,10,-18
10/11,-1,-2,0,1,-2,-5,-3,-2,-8,6,0,10,0,4,-6,-2,-7,5,2,14,-2,5,-3,6,18
27/35,0,0,0,-5,0,1,-1,-2,6,3,1,-2,6,4,-2,-2,-2,1,0,-4,-2,6,14,6,-14
31/41,0,-2,0,-5,0,-1,-6,1,-8,-4,-10,-2,6,-4,1,1,-1,10,-11,6,2,1,2,3,8
61/82,0,2,-3,0,6,6,-3,-2,6,4,8,-2,6,-6,-6,-3,-11,-13,3,10,12,6,4,6,-4
5/8,0,2,0,-5,-1,6,1,-2,-3,-8,-1,5,6,-4,-10,7,1,-12,2,-9,0,8,17,12,10
62/77,-1,2,4,-5,-2,1,2,1,6,-5,-10,5,-5,-6,-8,9,0,-10,12,-12,-5,-16,4,-14,16
29/39,0,0,0,1,-2,-2,3,-2,-3,-10,1,5,1,-4,8,-11,-9,8,-10,14,-13,10,2,8,-13
31/4,0,2,2,1,4,4,6,-2,6,6,-10,-2,-6,4,-6,4,0,-5,-8,-12,10,9,-5,-6,-2
-20/11,0,-2,0,1,-2,2,-4,1,-8,3,2,-2,4,-4,7,1,-7,1,14,-12,-10,-8,2,-14,-6
-6/5,1,0,0,3,-5,-5,-4,-2,6,6,-5,-2,-9,8,-6,2,-10,-4,-4,4,0,-1,1,-12,-12
-5/3,0,0,0,3,-1,6,-3,-2,2,-5,10,5,-6,2,8,6,0,-7,-12,3,-6,-6,3,10,2
-11/5,0,-2,0,1,0,1,-3,-2,3,0,-10,-7,1,9,-4,3,6,-2,4,10,2,-10,3,-14,-18
71/14,0,2,2,-5,0,-6,3,0,6,5,-7,10,6,4,-8,-10,-4,1,-10,-12,-5,-7,17,18,0
-2/13,-1,2,4,1,6,-2,-4,-2,4,4,2,-10,3,1,0,6,0,6,-4,-12,14,-6,12,-15,8
20/33,0,0,0,-5,-2,2,2,1,6,-4,1,-3,-6,-2,-8,0,-9,13,-13,4,-7,-16,3,6,-6
23/31,0,-2,-2,3,4,0,5,-2,-7,-8,2,11,10,8,0,-9,10,-1,5,-1,-1,9,-6,-6,-6
92/65,0,2,0,-5,4,-2,-4,1,-7,0,1,6,-6,-12,-4,6,10,-5,4,-9,-11,8,4,10,-12
29/22,0,-2,3,0,-2,-1,3,1,-8,-10,-1,-2,-2,9,-8,-4,6,-12,-3,-5,-6,-16,-16,-15,-3
11/5,0,2,0,-5,0,2,-4,1,-6,-5,-9,-2,0,7,0,-12,-14,8,-10,14,2,0,12,6,-3
-13/15,0,0,0,0,4,-7,5,1,-6,5,-9,-7,12,4,-6,-6,0,-7,-14,-3,-6,15,12,10,-2
-17/28,0,2,0,-5,6,4,-8,1,-3,-5,4,-1,-5,-1,-6,-10,-9,-10,-11,6,-13,-14,1,10,14
-18/29,-1,-3,-2,3,6,6,1,1,-4,-6,-5,-6,-7,-9,2,-2,-11,5,11,-15,-2,6,-4,0,18
-2/9,-1,0,-2,1,-5,6,-3,1,6,5,8,-2,-6,4,12,1,-13,-12,4,5,-5,-8,15,-14,14
1/13,0,2,0,1,2,-2,-3,-2,-6,0,3,-7,-3,-4,-3,-6,-5,2,5,-5,-1,6,1,10,-6
-13,0,-2,-3,0,0,-7,-3,1,6,4,10,-11,4,6,1,-10,-10,-3,-10,-1,7,11,-5,-1,-8
4/13,0,2,-2,3,-1,-2,3,1,6,6,8,-1,0,4,3,-4,8,-1,9,0,14,10,4,-17,-2
8/25,0,-2,0,1,6,-5,4,-2,0,-1,-5,-11,6,4,0,-4,-9,-12,10,0,12,6,16,10,2
2/5,1,2,0,1,4,1,2,1,-3,-5,10,-6,6,4,-6,-9,-12,1,-10,2,2,-10,-12,-6,-5
2/21,1,0,-3,-5,0,2,-4,0,-4,6,6,5,-5,-3,-6,6,-9,-5,-12,-4,11,-8,-3,12,-9
10/41,1,-2,0,-5,-3,-5,3,1,-8,-2,2,-2,6,4,8,6,4,8,-2,-9,-4,13,-7,10,-1
9/44,0,-3,0,0,-2,6,-5,-2,3,-10,0,5,3,4,0,0,8,-5,8,-9,-1,0,-5,-14,-14
-7/6,0,0,2,1,0,2,-3,1,6,2,-10,-2,-2,-4,-6,6,0,-1,-3,-1,0,-6,0,-4,-6
-13/9,0,0,3,-5,-5,-7,-3,-2,-9,-4,-6,-2,0,-9,6,6,-4,-1,8,9,-2,-14,-12,10,-9
15/53,0,0,0,1,0,0,3,0,1,-8,10,-1,8,1,-4,5,10,-5,2,-5,-2,-4,4,-3,-3
17/50,0,2,0,3,-5,4,-8,-2,6,4,-9,10,-1,2,6,0,4,-13,4,-9,-2,4,12,-6,3
14/51,1,0,2,1,-1,6,-2,1,1,-1,1,8,7,5,-6,1,-4,-5,-12,-12,11,12,-9,6,-2
4/17,0,-2,-3,1,0,2,-2,-2,3,3,-9,-7,-3,1,-7,7,2,-4,5,12,10,-15,10,-6,2
6/53,-1,0,0,-5,0,-6,2,1,4,6,-1,-2,12,6,2,5,4,-7,9,-9,-6,0,-10,-6,13
-1/9,0,0,0,3,2,2,5,1,-3,4,-2,-8,8,-10,-4,7,-4,-1,8,4,-13,8,14,6,2
-7/45,0,0,0,1,-3,2,-3,1,3,-4,0,10,-4,-6,-6,-12,-14,-4,-2,4,-2,-8,-16,18,10
-13/96,0,0,-2,3,0,-7,2,1,4,-4,6,-6,-7,10,0,-6,-14,4,2,-12,0,10,12,-14,-2
-13/99,0,0,0,0,-2,-7,-1,-2,6,4,3,6,-2,10,-6,6,0,1,5,-12,-7,12,-16,18,11
-12/13,0,0,2,-5,4,-2,2,1,-3,-5,3,-5,-6,4,0,1,9,-1,-12,-8,8,13,3,0,-18
3/5,0,0,0,1,4,4,-3,1,-9,-10,-9,-2,-6,6,4,6,-11,2,-7,6,-4,-16,-9,12,8
13/28,0,2,4,-5,-3,-7,6,1,-8,4,6,-2,12,4,-3,-2,-9,8,-11,4,4,6,4,-13,9
11/27,0,0,3,3,0,4,-3,1,-4,0,-5,-5,6,4,-10,-9,-9,-5,2,8,10,-15,-4,-3,-2
15/29,0,0,0,0,6,-5,2,-2,4,-6,-1,-8,8,4,0,-10,-4,8,11,6,-6,10,1,-2,17
5/13,0,-2,0,1,0,-2,2,1,3,4,-4,2,0,8,-1,-11,-14,-7,4,5,11,-8,-16,-15,2
-71/13,0,2,-2,0,-2,-2,2,1,4,0,4,5,-5,8,6,3,9,6,-3,-12,-2,6,12,10,10
-72/13,0,0,4,1,0,-2,4,1,-8,3,-10,-2,7,7,-6,-4,4,10,-2,-5,-1,5,1,8,-8
-69/8,0,0,3,0,-5,-6,-6,1,-7,-3,3,5,-6,1,6,-6,-4,0,4,-3,-8,10,-4,0,1
-7/17,0,2,1,1,0,-5,-2,-2,-3,5,4,-2,-7,6,-10,-4,0,-8,-4,-9,2,-14,-4,18,10
-39/47,0,0,0,1,0,-7,2,1,3,6,0,-7,-6,-6,3,-11,0,-10,-8,-6,-10,-14,-3,6,16
-39/46,0,0,0,1,0,-7,4,-2,0,-2,4,-2,6,6,8,-6,5,-1,4,-9,14,6,12,10,6
5/22,0,-2,0,-5,-2,0,4,1,6,7,-9,-8,-6,-4,0,1,0,-5,8,-12,4,10,-6,-14,-8
5/23,0,2,0,1,4,6,5,1,0,-2,3,-10,-7,-9,6,-2,-9,6,-12,8,-13,11,-4,-6,-1
4/23,0,-2,-3,1,-3,1,6,0,0,0,0,-2,-6,-6,8,-2,-4,10,8,4,-13,-1,17,9,3
-19/2,0,2,2,0,4,2,3,1,6,-4,6,-7,-1,-12,8,6,-1,-5,1,15,2,-9,1,9,2
-29/4,0,2,1,-5,-5,-1,2,-2,6,-10,4,10,3,-4,0,-10,-3,13,-12,-6,0,0,-8,8,-7
-24/5,0,0,0,-5,-3,1,-6,1,-3,4,-1,-5,4,8,8,-2,0,-3,-11,0,-10,10,4,-10,-14
29/4,0,-2,2,1,6,-5,2,1,-3,-10,0,6,-6,-6,11,7,6,1,1,6,11,12,-4,-6,-4
-3/5,0,0,0,-5,2,0,-3,-2,0,4,10,6,-3,12,6,6,8,-11,14,12,11,6,-3,9,-14
-20/23,0,-2,0,-5,-1,4,-3,-2,0,9,10,-8,-2,-6,10,3,0,-5,4,14,2,5,-4,3,-6
31/19,0,2,1,1,0,1,1,-2,-8,2,-10,-7,-3,-2,8,6,-12,1,5,-15,-2,-8,4,10,-3
59/42,0,0,0,-5,0,4,4,-2,4,0,3,-10,-6,2,0,-6,-12,1,10,8,4,6,-1,10,8
15/11,0,0,0,1,-2,6,-5,-2,-6,-2,2,6,6,-6,-6,-9,-2,6,2,8,-13,11,-4,-16,10
5/19,0,-2,0,0,-1,1,5,-2,-6,3,-4,-5,-3,-2,0,6,6,-10,-12,12,-2,10,15,8,17
-82/53,-1,2,4,-5,0,-1,-1,-2,6,0,4,10,-4,4,4,5,0,-13,8,0,10,-8,8,0,-3
-83/53,0,-2,2,1,-2,-5,4,1,-8,-4,1,10,-6,-3,0,5,6,6,-2,-7,-8,9,0,-6,-12
-8/3,0,0,2,1,-5,-6,2,-2,-3,6,10,-7,-1,-1,1,-3,-7,8,2,-3,2,8,-4,0,13
-10/7,1,-2,0,-5,0,-6,4,1,-3,4,3,-7,-7,-6,-8,-2,0,10,4,6,7,10,14,-10,0
-37/27,0,0,1,1,0,0,5,1,6,-2,8,-11,-4,2,0,-11,5,6,5,6,4,-16,-3,2,-2
14/11,1,2,1,1,-2,-6,-4,-2,6,-2,-8,-2,-6,-1,0,-3,6,1,4,15,2,-9,4,-6,2
13/14,0,-2,2,-5,0,-7,1,1,-9,5,3,-6,-9,-1,7,-3,6,10,2,0,2,-16,-16,6,14
71/68,0,2,-2,3,0,0,-2,-2,-8,10,8,-5,-2,12,0,-11,-2,-7,11,-12,2,-6,12,-9,-1
74/71,-1,2,1,-5,2,-5,-6,1,4,0,-1,-11,-6,-6,0,6,6,-3,8,4,-7,8,-7,18,-18
72/67,0,-3,0,-5,2,2,-3,-2,6,-5,-6,-3,4,10,1,6,11,5,0,8,2,6,-15,-1,-7
70/67,1,2,0,1,-3,-1,5,-2,3,4,-1,11,8,7,-6,-7,0,10,0,-3,-8,-14,4,-10,-6
9/8,0,-3,-3,1,0,-6,3,-2,0,-5,-5,-2,0,7,0,4,-4,13,-12,-8,-13,10,-3,6,14
68/65,0,2,0,1,0,-2,-8,1,2,-10,-6,10,0,8,6,1,-9,-6,12,7,0,-15,-5,10,-7
37/33,0,0,2,1,-2,-1,2,1,2,-7,3,-11,12,6,0,-9,0,-1,6,12,-5,-8,-4,6,-6
11/19,0,-2,1,-5,0,-5,2,-2,-8,-2,3,-7,6,6,-6,1,-4,8,9,16,-10,11,-3,-10,12
-27/4,0,0,-3,1,4,1,-5,-2,-4,6,2,-2,-3,-1,12,-11,1,-7,-3,-5,4,6,-3,-8,13
-13/2,0,2,4,-5,6,-7,-6,-2,-3,-5,-5,-8,-6,9,0,2,8,13,-13,6,7,13,-1,-12,11
-17/5,0,-2,0,-5,-5,6,-8,1,-3,3,-5,-8,0,12,12,-2,-4,-5,-3,6,-2,5,-7,5,-6
-17/12,0,0,2,-5,4,-5,-8,1,1,4,-9,2,-7,4,-4,1,13,13,6,15,-1,6,8,6,2
-62/55,-1,2,0,1,-2,2,-1,1,3,4,-10,10,-3,4,-1,-9,6,8,-14,3,8,4,1,10,-4
-12/11,0,0,-2,-5,-2,-6,-6,-2,-3,7,-9,-7,6,4,-11,-4,-11,-2,-4,-4,-5,8,-3,-3,2
-31/24,0,0,4,1,-5,-1,5,1,-3,-5,-10,-6,-6,-2,13,-4,-9,2,-14,-12,-14,0,-3,-6,-18
-33/25,0,0,0,-5,0,6,5,1,6,4,-8,-8,6,4,0,-9,10,1,4,-12,7,-5,12,6,1
-19/14,0,2,1,-5,-5,6,6,1,-4,0,1,5,6,-7,4,6,6,-5,3,-12,14,13,12,-8,12
-9/5,0,0,0,0,4,-6,2,1,1,-2,1,10,-1,0,0,-4,0,2,8,5,14,-10,6,-1,10
11/20,0,2,0,3,0,-1,5,-2,0,-7,1,-3,-3,8,0,-3,13,6,1,-12,4,5,5,-8,18
13/21,0,0,2,-5,0,-7,3,1,-3,-7,-1,-7,7,-6,0,1,-1,-4,2,12,-4,8,12,4,-1
-23/3,0,0,2,-5,4,2,5,1,-7,-7,-9,-2,1,8,-6,6,6,-2,4,13,-6,-4,1,-2,-12
-25/6,0,0,0,-5,4,4,-1,1,-3,7,2,10,-4,10,-6,-10,6,1,2,5,-13,4,-6,-12,0
23/22,0,-2,2,1,-2,-5,-3,-2,-7,-4,-7,5,-4,10,-11,6,0,4,8,2,0,-4,-1,-12,3
21/23,0,0,0,1,6,-6,6,-2,0,4,-5,-2,-2,-7,12,7,-12,-1,8,12,-10,-8,-15,10,2
49/29,0,-2,4,1,4,6,2,-2,1,-6,-1,-2,0,-6,-4,10,-1,13,11,-1,-6,-16,-3,-8,8
-8/9,0,0,0,3,-3,0,4,1,-8,-5,6,-3,-1,1,4,-7,6,-2,-7,6,2,4,4,6,1
-19/21,0,0,0,-5,0,-1,-3,1,-8,-4,-5,-7,3,4,0,6,-14,2,5,13,-1,-16,0,-6,8
-14/15,-1,0,0,1,-1,-6,1,-2,-9,4,-4,-8,10,-2,0,-2,5,-13,10,-3,-10,-8,7,-8,0
-16/19,0,-2,0,0,0,-6,-4,-2,0,3,-1,-2,-6,9,8,1,-12,5,12,0,-8,-1,2,0,8
-16/21,0,0,1,-5,4,4,-3,-2,6,-7,-1,8,8,-9,0,-2,-4,1,-8,0,14,-16,12,-6,-9
-45/46,0,0,0,0,4,2,-4,-2,0,4,-4,-3,8,7,0,-2,1,-5,4,13,10,11,-16,1,11
-15/16,0,0,0,3,0,-5,5,1,1,3,2,-1,-6,5,4,10,-4,2,8,-15,-2,-1,-4,-12,-14
61/44,0,-2,1,1,-2,6,4,-2,0,-4,10,2,-3,-6,7,-7,-4,-13,2,4,-1,4,4,-3,8
23/13,0,-2,4,-5,2,-2,1,1,-7,-2,-4,-5,0,9,6,-2,-4,-3,-12,15,-1,-11,6,-6,0
67/43,0,2,1,-5,6,6,5,1,-6,4,3,-2,0,-12,-8,1,-4,-11,-5,-12,8,-14,-12,-6,3
37/25,0,2,0,-5,4,0,5,-2,3,-1,1,-11,-1,1,6,1,0,-5,-4,-8,6,6,6,-15,-7
20/13,0,-2,0,0,6,-2,6,-2,-8,-4,1,-6,-1,7,-11,-4,6,2,-14,6,4,11,0,-12,-5
31/25,0,2,0,1,-2,-5,-5,1,0,3,-10,-5,6,9,12,11,0,-4,8,-15,-4,15,0,-1,-5
-18/31,1,0,-2,0,0,6,-5,1,-3,7,2,-2,10,1,0,-6,-4,2,-10,12,-5,-9,0,18,13
-39/7,0,0,-3,-5,4,-7,-4,1,-3,4,-8,-2,-6,-10,0,-6,6,8,11,-15,2,-4,12,-16,17
-9/11,0,0,4,3,-2,4,-1,-2,6,6,-6,-5,-4,8,-8,-14,-13,8,-10,6,-10,6,12,18,8
95/59,0,2,0,1,6,-5,2,1,6,-5,-1,-1,3,-7,-1,9,10,-3,-12,-13,2,-16,4,-14,12
87/65,0,0,0,-5,-5,-2,2,1,3,-10,-4,-2,-3,4,0,7,4,1,9,-3,-14,-7,15,-1,8
91/61,0,2,4,1,2,-7,-3,1,-8,4,-6,-6,2,-6,-10,6,6,-4,4,-13,4,0,12,8,-2
46/29,-1,-2,1,-5,4,4,4,1,-7,-6,-1,-7,3,4,1,6,-13,-2,-13,8,11,5,-4,6,-2
17/13,0,-2,2,-5,-2,-2,-8,-2,-9,-5,10,10,-5,-2,0,-6,-12,1,-8,-9,4,-15,14,8,12
-1/18,0,0,3,-5,-2,-5,3,0,4,-5,3,10,6,12,1,11,-11,-3,4,6,-6,-8,2,-6,17
-11/73,0,2,3,0,0,2,-3,-2,-8,6,1,10,-3,0,12,6,-1,0,-10,14,-6,-16,3,-4,1
-5/73,0,2,0,3,-3,2,3,1,-6,3,-1,-2,0,8,0,5,-10,2,2,-9,-6,-10,-4,-8,-14
-10/71,1,2,0,-5,0,6,-3,1,6,-8,1,-6,0,9,-6,-4,11,0,5,4,-9,10,-5,5,2
-13/69,0,0,-3,1,-2,-7,-3,-2,0,-5,2,-5,-6,8,10,6,7,1,-13,12,-13,8,-16,-17,9
-5/6,0,0,0,-5,-5,2,-6,1,-8,-2,-7,-6,1,6,0,6,11,-4,2,-5,7,-6,5,-17,-4
3/11,0,0,-3,1,-2,-5,-3,1,-8,-3,-1,10,-5,-12,-6,-12,-9,6,-2,-15,7,-15,6,1,13
-33/19,0,0,3,1,0,2,-4,-2,4,-5,-9,-2,-7,-3,0,-3,-1,6,-12,-1,-1,5,0,-8,-14
-19/8,0,2,3,1,6,-1,-3,1,1,2,8,-6,0,10,-6,-2,4,8,8,12,-11,1,-3,18,-14
2/49,1,-2,-3,-5,4,-5,3,-2,-6,5,2,-1,-1,1,2,-4,-4,-2,8,-1,11,10,4,-7,-2
5/49,0,-2,0,-5,-5,6,-5,1,-8,6,-6,-7,6,12,-4,0,-4,2,4,4,2,6,10,10,-7
-4/33,0,0,-3,1,-2,-5,-3,1,6,0,-4,8,12,4,0,-11,2,4,10,14,2,6,1,-12,14
-18/95,1,-3,0,1,6,0,2,-2,-8,-4,-1,-2,0,-2,-3,-2,-4,-5,8,-4,-10,5,-16,-12,-5
-14/13,1,2,-2,1,-3,-2,6,1,2,3,10,-5,12,-9,0,1,1,13,-14,14,2,-5,-7,-7,-2
-61/59,0,2,4,3,-3,-5,2,-2,-3,-8,1,-7,6,9,-6,-12,10,-13,5,-5,-14,11,4,-8,18
-61/55,0,-2,0,-5,-2,2,-5,1,2,4,-1,10,-7,4,4,-6,-14,-13,12,15,4,-4,-12,-15,-2
-11/10,0,2,0,0,0,-5,-3,1,-3,-2,-6,-5,3,1,1,3,0,-1,11,0,4,-8,3,6,2
-33/28,0,0,2,-5,0,1,2,1,-8,-2,3,-5,-6,7,-8,-2,6,10,8,-9,2,4,-9,0,-6
-56/55,0,2,0,1,-2,1,2,1,0,0,-1,8,0,0,10,-2,-14,-4,-13,-15,10,10,12,12,13
-59/61,0,2,4,-5,-2,-5,-5,1,-6,3,-4,5,-5,1,-4,-2,-12,-4,4,4,0,-9,-3,6,-10
-15/14,0,0,0,-5,2,4,2,-2,-8,4,1,-6,0,4,6,-11,-1,5,2,12,-11,-10,-4,6,-10
-20/17,0,-2,0,-5,-3,-5,-2,-2,3,0,-4,8,0,-7,13,-4,-3,1,-10,4,-5,15,-10,2,8
-25/18,0,0,0,1,0,-5,-4,1,-3,-8,-8,10,10,-6,-6,-2,-11,2,-3,12,2,-16,-16,3,-2
-26/17,-1,-2,-2,3,-2,-7,-2,-2,1,6,-2,-2,6,-6,-1,-2,-1,-11,-12,-5,4,6,-4,6,-18
-29/49,0,2,1,-5,-2,2,-5,1,-8,-10,2,10,-7,12,6,7,6,8,4,-5,-4,-6,3,4,2
-13/25,0,-2,0,1,-2,-7,-4,0,-3,-2,-4,6,-4,2,0,-2,6,-10,4,-12,-2,-15,4,-8,-6
-14/25,1,2,0,1,6,2,5,1,-6,-10,1,-3,1,-3,3,-2,9,-6,12,6,-5,8,3,3,12
-14/27,-1,0,3,1,2,6,-6,-2,6,6,10,-1,-6,-6,-6,-2,2,-13,-11,-8,-1,-14,2,18,2
-27/49,0,0,0,-5,6,-1,2,0,4,5,-1,10,-6,-6,4,2,4,-3,-14,-13,-13,13,5,-7,2
-49/93,0,0,3,1,6,-5,-3,1,-4,4,2,10,3,-10,4,6,10,13,12,2,-1,15,1,-13,-12
-45/94,0,0,0,1,0,4,6,-2,1,-4,8,10,0,-9,3,6,-12,1,-12,-9,4,-16,17,1,-6
-47/97,0,2,1,-5,4,1,-5,1,-3,-2,-9,-1,6,2,-8,6,-5,-6,5,-12,10,13,-7,18,4
-47/93,0,0,4,0,2,-1,-4,-2,-4,-8,2,-2,-2,0,-8,-10,-12,-4,2,0,-10,-8,-5,12,17
-47/96,0,0,3,1,-5,2,2,-2,-8,-1,-5,10,2,5,-8,6,-3,1,10,-3,-2,-14,-16,6,2
-3/43,0,0,1,-5,-2,-1,5,-2,-3,-4,1,10,-3,-12,0,1,-13,8,2,8,2,13,-16,0,-18
-1/45,0,0,0,1,6,0,2,1,-3,0,3,5,10,8,-8,2,-4,-10,-11,-15,7,11,0,-6,2
-23/19,0,2,-2,0,-3,6,2,-2,-7,4,-1,-6,-4,6,-4,-6,4,2,-13,-8,-4,-8,-4,12,-5
-25/19,0,-2,0,1,-5,4,-3,-2,1,-5,0,-11,3,-4,-11,4,1,8,-12,-15,2,11,6,-7,-18
-19/12,0,0,0,1,-2,-6,2,1,6,-2,2,-7,-5,4,-6,7,8,8,11,8,-6,-5,-10,1,3
-17/49,0,2,2,-5,-5,2,-8,-2,6,-10,10,2,3,4,-6,-2,-4,1,-13,12,2,-4,-4,-1,2
-17/48,0,0,4,3,-3,2,-8,1,-8,6,1,-7,12,12,-10,-2,8,1,8,-8,11,-7,0,0,-14
-15/49,0,0,0,-5,0,-5,3,1,6,0,-7,-2,-3,-10,-11,6,-9,2,-8,0,0,1,-16,-3,8
-15/47,0,0,0,-5,2,1,-3,-2,6,-2,2,-2,-6,8,3,6,6,-10,5,-9,7,-7,-1,-7,-7
59/75,0,0,0,1,0,0,-5,-2,2,-5,-9,-7,2,-2,1,-12,-12,4,4,-12,-16,-5,0,3,10
7/24,0,0,3,1,0,1,4,1,3,4,1,-2,-7,4,8,6,-4,13,5,-3,-5,-16,3,6,-10
19/22,0,2,0,-5,-2,-5,2,1,0,-10,-1,-5,12,4,-7,-4,-7,-3,-3,-4,8,4,-6,-10,8
-22/19,-1,-2,-3,-5,0,-5,-5,-2,-8,-5,2,-6,-6,-1,-11,6,13,2,8,6,10,-16,12,2,3
-7/43,0,-2,2,1,4,-5,2,-2,6,3,-6,-2,-6,-12,6,-10,2,-6,5,-3,2,-7,2,0,2
-7/44,0,2,-2,1,-2,-1,4,1,-3,6,-5,7,6,-10,-6,6,2,-13,2,3,-10,8,8,-17,-14
-11/14,0,-2,2,-5,0,0,5,1,4,6,-4,5,6,4,-11,1,-1,-5,11,5,-10,8,-12,18,8
-42/43,1,0,4,1,0,-1,4,-2,4,-8,3,-6,6,-12,1,3,0,1,8,-3,-5,9,-8,10,-9
25/37,0,2,0,1,0,6,2,-2,6,3,1,-8,-5,10,0,-3,8,10,2,-12,4,-15,0,-3,8
23/38,0,2,4,3,0,1,-1,-2,-7,0,-8,5,1,-1,1,-6,10,0,8,3,2,10,8,-8,17
47/75,0,0,0,0,-3,-6,2,-2,0,9,6,-5,-6,2,-8,3,-14,0,5,4,7,-14,14,3,-1
17/48,0,0,1,-5,4,6,-8,1,-4,6,2,-2,6,-12,0,-2,-11,0,8,-12,0,0,15,4,2
10/23,-1,-2,0,-5,6,2,-3,1,0,-5,-1,-1,-5,8,-6,-3,5,-10,8,8,-1,-16,6,4,-10
21/47,0,0,3,1,4,2,3,1,-8,-4,3,-6,-3,8,3,-4,-4,1,2,-12,-13,11,12,6,18
2/87,-1,0,4,3,0,-6,4,-2,6,-6,1,-2,6,4,10,-2,-4,2,-3,13,7,-11,-4,-9,-6
-4/81,0,0,0,1,6,1,4,-2,-3,7,-8,-5,-5,-6,3,-3,-4,5,4,8,-7,-7,12,6,8
3/43,0,0,4,3,0,-5,-5,1,-4,2,-1,-5,-7,-12,7,-7,13,-2,8,2,-13,10,12,-6,17
-1/40,0,-2,0,-5,-2,6,2,1,0,0,-2,-8,-6,1,-6,-6,2,10,-4,5,-2,-7,10,6,-4
1/22,0,2,-2,0,-2,1,1,-2,-4,-2,-2,-3,4,4,-6,1,-4,2,-11,12,-4,0,12,0,2
-4/21,0,0,2,-5,-3,-6,3,-2,6,6,10,-6,-2,12,7,2,6,0,10,-3,-1,-14,-9,-1,12
-6/43,-1,0,-2,0,2,-5,2,-2,6,-5,0,7,-6,-12,0,6,0,2,-14,8,8,11,-11,6,0
-5/43,0,2,0,1,4,0,1,1,-8,10,-4,-6,-6,-12,1,-2,6,13,10,16,2,10,12,-6,18
-43/21,0,0,2,-5,6,-6,-6,-2,6,0,-9,-2,0,-1,0,1,6,-1,-2,6,2,6,-16,-12,-6
-8/7,0,2,4,-5,-1,2,5,-2,1,5,-8,-7,-3,2,11,-2,2,2,0,13,-13,5,-5,-12,-12
-41/35,0,-2,0,-5,4,6,-1,0,6,-1,-9,10,-4,-9,0,6,-14,6,-6,-5,-8,-14,2,6,12
-31/27,0,0,-2,3,4,-5,-6,1,-8,4,-10,6,-1,-4,-6,-2,-11,4,-2,10,14,13,2,6,-5
-39/40,0,0,0,1,4,-7,-6,1,6,6,6,-11,-9,-1,11,1,-14,6,-14,-2,-6,0,3,12,-6
-9/44,0,0,2,1,-2,-6,5,1,-6,4,4,-8,-6,5,-7,-3,-11,6,-3,-12,0,-7,5,6,10
-5/22,0,2,0,1,-2,4,3,-2,-3,0,-10,-7,-3,4,11,9,7,-6,8,4,12,5,-11,6,-2
-11/94,0,2,4,0,0,-5,6,-2,2,6,-1,-2,2,-1,3,-4,6,-11,-8,0,6,6,12,-14,17
-13/5,0,2,0,3,-3,-7,5,1,6,0,4,11,-7,-4,-6,6,-2,8,5,15,12,-15,-3,-6,2
27/4,0,0,0,-5,-3,2,5,1,-3,3,1,-5,-6,-3,-8,2,-4,-8,9,-5,-11,11,6,1,-1
62/13,-1,-2,1,0,0,-2,-1,1,-8,6,-10,-5,-4,-6,-8,6,-4,2,-2,2,-5,-8,1,-9,-12
25/6,0,0,0,3,2,0,1,0,6,0,1,6,-1,4,-8,5,-14,0,6,13,-13,-8,-4,8,-12
52/11,0,-2,3,1,-2,-7,2,-2,3,10,4,6,-6,-10,6,-10,0,8,5,-3,-4,10,-7,1,8
3/13,0,0,4,-5,4,-2,6,1,6,-1,-5,5,6,6,10,1,-4,-10,4,-9,11,-10,5,12,18
1/12,0,0,-3,3,-5,6,-1,1,6,-5,-9,-10,-3,-6,-1,-2,4,-13,16,0,-10,13,0,-1,-10
1/47,0,-2,-2,3,-3,-5,-3,-2,-3,0,-6,2,-9,7,3,-2,-1,13,-3,-12,11,5,-3,-6,-1
2/51,-1,0,0,0,4,4,-2,1,-3,-5,-4,-5,-2,7,-8,0,4,5,8,6,-14,-1,3,-17,9
-3/53,0,0,1,0,4,2,1,1,-6,-10,-8,-5,10,-1,0,5,-14,13,-4,10,-11,-8,-4,-1,-1
-4/29,0,2,1,3,-5,1,5,-2,3,-6,-6,-5,-6,12,-8,10,1,-5,14,-4,-14,11,16,6,8
1/25,0,2,0,1,-3,6,5,1,1,6,-5,-2,2,12,13,6,-13,-8,-14,5,-10,-4,10,2,13
-10/9,-1,0,0,1,4,-1,2,0,0,6,1,-2,6,-6,0,1,6,4,5,0,-6,-9,4,9,11
54/95,1,0,0,3,-2,6,-6,-2,6,3,-9,6,-6,-4,0,-10,-9,5,12,8,-1,13,14,6,17
29/44,0,2,0,-5,-2,4,-3,1,-4,-10,2,-7,0,1,12,-6,-2,-1,9,-15,1,2,-16,18,-10
-83/49,0,2,-2,-5,-5,-6,3,1,-8,-4,-10,11,-6,-2,-3,-12,-13,5,14,6,-2,5,0,18,2
-29/16,0,2,4,3,-2,6,6,1,4,-10,-10,-5,-1,-6,0,6,-12,2,-14,-9,7,6,-4,-15,-14
-89/50,0,-2,0,1,0,6,-3,-2,6,6,1,5,-7,-6,-2,0,8,-6,4,-5,2,-16,-3,-13,17
-85/48,0,0,0,0,0,-5,-8,0,-3,2,-9,7,2,-1,6,6,6,8,10,11,-4,-15,6,-1,8
-89/60,0,0,0,-5,-1,2,-4,1,-3,0,-4,-7,8,9,-1,6,-4,6,5,-3,-5,6,-3,-13,16
-46/31,-1,-2,2,0,-5,-1,-3,1,-7,-4,2,-7,12,7,0,-2,0,8,-4,15,2,2,4,-13,18
-22/15,-1,0,0,1,0,0,5,1,-4,3,-9,8,-5,-4,-2,1,-14,-1,10,-12,-4,9,-4,0,-12
-29/18,0,0,-2,-5,6,0,2,-2,-3,-10,2,-2,4,-3,2,3,2,-13,-14,15,-2,6,0,-6,-14
-91/51,0,0,2,1,0,-7,-2,1,4,9,-4,-8,-5,4,0,3,6,-5,-14,2,14,-8,2,18,-4
-85/54,0,0,0,-5,0,1,-8,-2,-8,3,1,-3,6,-1,-6,4,-7,2,-11,3,-5,8,-3,-6,10
-23/13,0,2,1,1,4,-2,-1,-2,-7,-2,3,-2,-6,7,-6,-2,-14,-6,1,-15,7,15,17,3,2
19/34,0,2,0,1,0,-5,-2,1,6,-1,-9,-1,8,-6,1,0,-3,-10,4,-5,-6,-8,0,-6,-10
-28/45,0,0,0,1,4,-5,3,1,-3,7,-4,-2,-3,1,8,-4,-2,-6,4,10,-16,11,1,-6,8
-27/46,0,0,0,1,-2,4,-6,1,0,-3,1,-10,-1,5,-6,3,0,10,-12,9,-16,-14,-16,-14,-10
-9/7,0,-3,0,-5,4,-5,-5,1,6,6,3,-8,4,7,8,6,-12,8,4,3,7,-12,-3,18,-3
-25/37,0,-2,0,-5,-1,-6,2,1,-3,6,2,-8,0,4,-4,-6,-11,1,-8,6,12,-12,-4,-6,-12
-1/5,0,2,0,-5,-1,-5,-1,1,-3,2,6,-7,6,-6,0,4,-4,5,0,0,-1,-16,-10,-14,-6
41/28,0,-2,-2,-5,4,2,-3,-2,-4,-5,2,-5,-4,10,-10,-2,6,13,5,12,-13,13,-16,10,-14
44/31,0,-2,1,3,0,2,-3,-2,-8,6,2,-2,-6,-4,6,-6,9,-1,-5,0,-13,-10,-7,-6,-1
11/39,0,0,1,0,0,-2,-4,-2,-3,-2,-9,-11,2,12,0,1,-13,8,-12,-12,6,-8,3,-6,3
8/39,0,0,-2,1,4,-2,2,1,1,-3,2,-8,0,-2,-8,9,10,-3,4,8,-6,-16,12,-9,8
7/40,0,2,0,1,-5,6,-3,-2,6,-1,10,11,-3,-12,-8,6,7,-11,-12,-15,-13,-10,2,-12,2
13/42,0,0,2,-5,6,-7,-3,1,4,4,-10,-5,0,6,-6,7,10,2,4,-1,7,10,3,-6,-14
8/41,0,2,0,1,-5,-5,-5,1,-8,7,2,10,6,-3,-10,6,0,13,-3,3,-4,-14,-9,-6,18
19/77,0,-2,-2,-5,-2,6,-3,1,3,4,-2,-1,-4,-6,0,1,-12,-1,-11,-2,12,-9,3,1,14
14/73,-1,-2,3,1,-1,-5,-3,1,-3,0,-8,5,3,-9,-6,-10,0,-7,-3,6,-6,2,-6,6,-18
11/81,0,0,4,0,0,-5,-1,1,-4,5,3,-6,-4,9,4,-2,-14,6,4,4,-6,-4,4,-14,13
13/81,0,0,-3,-5,2,-7,4,-2,-8,6,8,5,4,-4,-8,-2,-14,-8,2,-15,-1,10,-1,12,-5
-24/23,0,0,-3,1,0,-5,-3,-2,0,-2,3,10,2,2,2,-9,7,-7,5,7,-4,-8,-12,2,-6
-40/41,0,2,0,-5,2,-6,-3,1,6,4,-9,11,6,4,-6,4,10,2,-14,6,14,4,16,18,17
16/35,0,-2,0,-5,0,-1,3,0,-3,6,-10,6,-1,-2,-10,-7,0,8,12,-15,-10,-10,-8,3,14
23/8,0,2,4,1,4,4,2,-2,-7,0,1,2,6,-10,0,3,-7,2,16,4,12,13,12,-17,-6
23/10,0,-2,0,3,6,2,-3,1,-7,4,-2,-1,-1,-2,0,11,-1,-7,2,0,10,4,-16,1,0
40/49,0,2,0,-5,0,-5,2,-2,-8,-7,4,-6,-6,8,4,6,-2,-6,-14,-12,-6,8,-10,-9,-4
-4/23,0,2,0,-5,4,2,2,1,0,7,4,-3,2,-1,-6,-2,-10,1,-14,0,-8,-4,6,12,11
-5/12,0,0,0,1,2,-5,4,-2,-3,-7,-4,-2,3,-3,-6,-14,0,2,-14,-15,7,13,6,-3,8
-2/11,1,-2,3,3,-2,2,-5,1,0,9,-4,-7,-1,6,1,1,-4,-8,-8,-9,-11,11,12,-1,13
-3/11,0,0,0,0,-2,-5,-4,-2,2,-4,3,-6,0,12,-1,3,0,-2,0,-9,-1,8,4,-10,6
-49/37,0,-2,-3,1,4,-5,6,-2,6,-5,-4,-8,-7,-6,11,5,-2,8,14,0,4,9,3,12,-18
-44/39,0,0,1,3,0,-2,5,-2,-8,9,1,-2,-7,7,-3,1,-14,2,-14,8,-13,4,11,-17,7
-25/23,0,2,0,-5,0,-5,-1,1,0,0,2,-2,-1,-12,-7,-2,6,-3,4,-1,-8,1,-1,-15,8
-32/31,0,2,2,0,4,-5,2,-2,-9,9,2,-6,-5,-6,4,-10,0,-6,14,-2,-10,12,0,1,-5
-27/29,0,0,-3,0,-3,-5,-6,-2,3,-6,-4,-2,-2,2,0,4,-1,6,8,15,11,15,-4,0,3
-29/33,0,0,-3,-5,-2,6,6,1,0,-10,2,6,-3,4,8,2,-7,2,-8,15,4,1,3,6,-12
43/27,0,0,2,1,-1,-5,-5,-2,-3,6,-4,6,0,-1,11,-11,-14,6,-7,8,-6,8,12,-6,-14
43/29,0,-2,2,0,-2,2,2,-2,3,-6,-7,11,-3,-1,-8,-6,-4,5,4,-7,-6,4,-3,-14,3
91/38,0,-2,3,1,4,-7,-1,-2,-8,2,-9,-2,-6,10,-11,-3,10,-13,4,-12,12,6,3,18,-18
99/38,0,0,-3,-5,0,-5,6,-2,6,4,1,-7,6,-4,0,-14,-4,10,-11,-12,-16,6,3,8,12
31/11,0,-2,4,1,-2,-5,-4,1,3,4,-10,5,-6,4,6,-6,10,2,8,-7,-7,-12,-10,8,14
94/31,1,2,1,0,0,4,2,-2,2,-10,2,-7,-9,7,-8,-3,-4,-1,5,-1,-7,-8,-16,-15,2
96/37,0,0,-2,1,-1,-5,5,1,-4,-5,4,-8,-6,2,0,7,0,-8,4,-12,2,4,12,-8,3
99/35,0,0,0,-5,0,4,2,1,4,-7,8,-1,-5,-10,-6,4,0,-8,4,-2,-6,-8,-8,-10,-2
-40/19,0,-2,0,1,2,0,2,-2,6,-2,-2,-1,0,8,-6,-4,0,8,-8,-15,8,12,17,-15,12
49/37,0,2,0,1,-3,-5,2,1,-3,-5,3,-8,-9,10,0,-10,-4,4,-7,13,-11,-6,3,9,9
46/35,1,-2,0,-5,-5,-5,6,-2,-7,-1,-9,2,1,2,-1,4,5,-6,14,11,-4,-14,-13,3,-14
17,0,-2,2,3,2,-5,-8,-2,-8,-5,8,-2,-6,-6,0,6,-7,-6,-14,-4,-2,-4,-12,-8,-7
20,0,-2,0,1,0,6,2,0,-4,7,-1,-7,6,4,4,2,-1,-11,8,8,-14,-11,1,6,8
97/14,0,-2,-3,-5,-2,-6,-3,-2,6,0,10,7,-5,-4,0,1,2,-11,4,10,-11,-15,11,-15,8
97/16,0,2,2,3,-3,0,2,1,-9,-8,-1,10,-3,-2,6,6,-1,-3,-13,-6,-10,10,1,6,8
13,0,2,0,1,-1,-7,-3,-2,-3,9,-9,10,0,-1,1,5,-4,13,3,4,-1,6,5,-10,-2
25,0,2,0,-5,-2,6,-3,1,6,-2,-7,-7,6,-4,0,-2,-7,2,8,6,-11,8,-4,2,-2
-24/101,0,0,2,1,6,-5,1,1,-3,3,-4,-3,6,8,4,-4,-5,-11,11,8,-14,8,16,-6,14
-4/45,0,0,0,0,4,-5,6,-2,0,6,-9,10,12,-2,4,-2,0,-1,2,3,7,13,-5,-10,-6
-5/44,0,-2,0,0,-2,6,-3,1,4,3,-6,-1,-6,4,-2,-4,-1,1,-12,-3,4,-9,-16,-13,3
3/26,0,0,2,1,0,-2,-5,-2,-3,0,10,-6,6,9,4,7,6,6,3,0,-2,-8,6,18,7
55/97,0,2,0,0,0,6,-5,1,3,7,6,-8,-1,2,1,1,5,-2,3,5,-2,8,-16,6,4
60/97,0,0,0,3,-2,2,2,-2,1,-4,0,8,-5,-4,4,-9,-14,-8,-12,-6,-10,-15,-4,-1,4
-14/19,-1,2,1,1,-5,0,-1,-2,-3,9,-9,-7,2,4,-8,6,-2,2,5,4,7,-4,-3,6,6
-43/33,0,0,1,-5,-2,-5,-4,0,-8,4,-7,-7,-1,-1,10,-4,-4,-13,11,4,-2,5,6,0,-2
-91/67,0,-2,0,1,0,-7,-5,1,3,-4,10,10,-6,-2,-4,2,-2,-13,0,3,-8,0,-4,-10,-6
-7/5,0,2,0,1,-2,-1,-6,-2,-8,4,3,-1,2,4,-6,1,0,-5,-8,-4,2,10,-6,-1,11
-30/23,-1,0,0,1,-2,2,6,1,0,-4,-9,10,-4,1,1,-3,-5,-13,-11,-9,-4,4,-4,-14,-5
-47/34,0,2,2,-5,0,6,-2,-2,6,-5,-5,-6,-5,-4,-8,-9,-12,-13,0,5,4,11,4,0,-6
-86/61,1,2,1,0,-3,0,2,-2,-3,10,-2,10,6,-1,8,6,6,-4,-14,-3,10,4,12,-4,9
-83/61,0,2,-2,3,6,4,1,-2,-9,4,-8,-3,-7,-10,-11,3,-4,-4,8,-1,-1,4,0,2,-12
-29/19,0,2,2,-5,2,-6,5,-2,-3,-10,-5,-5,-2,10,-6,6,-14,1,-12,0,-4,-6,-4,5,-5
-88/61,0,-2,2,1,0,-1,5,1,3,3,-9,-2,-6,-10,1,6,-11,-4,4,16,14,1,-6,12,-5
10/81,1,0,0,1,0,6,-5,1,-4,-5,-7,-8,-1,-2,8,6,-4,4,-4,2,14,-5,-16,-1,-2
-1/21,0,0,1,-5,-5,-5,-3,1,1,4,-4,10,-9,4,-6,-7,-14,1,5,-4,-16,-16,-11,18,-2
1/41,0,-2,0,1,4,6,2,-2,-3,-5,-4,-6,6,8,8,-9,-11,-5,0,15,2,12,-16,-1,7
1/20,0,-2,0,1,4,0,-5,0,-3,4,-1,10,-9,7,10,6,5,-6,9,-9,0,-1,16,-14,-14
7/43,0,2,1,1,-3,-5,2,1,-3,6,-4,-3,-3,-12,4,7,0,-5,-5,8,2,0,12,2,-14
14/85,-1,-2,0,1,6,0,-2,-2,-8,6,6,-2,8,1,-6,6,-2,4,4,2,11,10,0,2,-6
29/11,0,2,2,1,-2,-5,5,-2,3,-10,-4,-1,6,6,-8,1,1,2,-13,3,6,-4,-7,9,-12
28/11,0,-2,-3,1,-2,6,4,1,-3,0,3,-5,10,-1,0,6,-12,-6,12,13,0,-14,-16,4,-19
-25/33,0,0,0,1,-2,0,-3,1,-3,4,3,-10,-9,0,13,1,10,8,4,-8,0,8,-4,-12,10
-25/32,0,2,0,1,-2,4,-3,0,6,4,6,-2,12,-7,-2,-12,9,13,-4,-12,-10,-15,0,0,2
-25/38,0,2,0,0,2,6,5,-2,2,2,1,-8,-7,2,-6,-4,6,-6,-10,-12,-7,4,12,-12,-6
-23/39,0,0,3,3,0,-2,-4,1,-7,-10,2,10,8,4,0,5,0,4,10,-12,-14,10,0,6,-14
-10,-1,-2,0,-5,-5,1,1,1,-3,3,-8,11,-1,4,6,6,9,8,9,-12,-5,-15,-16,6,-9
-40/99,0,0,0,1,-2,-5,-6,1,4,4,-1,-6,-4,6,8,3,4,-2,-2,6,0,-7,4,0,-14
-36/101,0,0,2,1,-3,6,-6,-2,-9,3,3,10,-3,-9,-6,-2,6,-12,-6,4,7,-16,-16,-12,13
-41/103,0,2,2,3,0,0,-1,1,-3,0,1,-5,-4,4,13,-6,-10,-2,-11,-9,5,-1,2,12,-9
-41/101,0,-2,2,-5,4,-5,1,1,-8,-3,-1,-6,-4,10,0,-10,-4,4,8,2,2,0,12,6,-18
-43/103,0,-2,1,-5,-2,-5,-3,1,-8,10,-5,-5,0,-1,6,-11,-1,-3,5,4,-16,-4,12,-1,-5
-22/49,1,-2,-2,-5,0,1,5,-2,6,-2,4,6,4,-4,0,-11,-14,5,5,2,-6,5,6,-8,1
-41/99,0,0,0,0,-2,1,-3,1,0,0,10,-7,-4,4,4,4,10,-5,-4,6,-5,6,5,-1,2
-4/11,0,2,0,1,-2,0,6,-2,6,-8,-7,-2,-7,2,0,6,4,-3,1,3,-16,-10,12,-14,-14
-13/22,0,-2,4,0,-2,-7,5,1,-3,-4,-4,-6,-6,-6,10,11,6,2,-4,3,-5,-16,10,-1,8
-20/43,0,2,0,0,0,-5,5,1,-4,4,10,-7,-1,-12,12,-6,6,4,-8,-3,-11,-1,-4,4,18
-17/44,0,-2,3,1,-2,6,-8,-2,-4,-3,-9,-11,6,-1,6,-6,11,10,-14,-13,2,-5,-3,12,-14
-5/17,0,-2,0,3,-5,0,-2,1,-4,-1,2,-6,-3,-4,-6,-12,-12,10,-3,5,-6,4,8,-4,14
-12/37,0,0,1,0,0,-6,-3,1,-3,9,-4,-8,3,4,4,-2,6,4,-10,4,0,5,-3,12,2
7/13,0,2,2,1,0,-2,5,1,-4,-4,-1,6,10,2,-6,-2,-2,13,5,0,12,5,-3,-14,8
-16/63,0,0,3,-5,0,-5,-1,-2,6,7,0,-7,3,-4,-8,10,-2,1,11,-1,7,0,12,10,-19
-21/65,0,0,0,1,6,-2,1,-2,3,-8,-2,11,0,-6,-6,-6,-13,-2,2,-15,7,-4,14,10,-14
-22/59,-1,2,2,1,0,-5,-1,1,-6,6,-4,7,-6,-1,12,-2,10,-4,14,-12,12,4,-16,-6,12
-9/32,0,0,0,3,0,-5,-3,-2,-4,-8,-1,-11,-6,-10,4,6,-1,0,8,-9,-13,-4,6,0,-18
-6/11,-1,0,1,1,-2,1,4,1,1,10,-1,5,-2,-10,-6,-6,-3,-1,-5,-12,10,10,0,10,17
-20/33,0,0,0,3,-2,6,2,1,-8,-3,-8,-2,2,4,-6,-3,2,1,0,-12,-8,-16,-12,-7,8
22/51,1,0,-2,-5,0,-5,-2,1,-3,4,-4,-6,0,6,-3,6,6,-2,2,0,1,8,14,1,8
73/42,0,0,1,-5,-1,6,1,1,-4,3,2,-7,8,-1,0,1,-1,-1,3,0,-11,-4,-7,3,-3
75/43,0,0,0,-5,-1,-1,2,1,-8,-3,-1,-1,-6,-12,10,3,4,1,-11,-8,14,5,-7,-9,-2
8/73,0,-2,4,-5,0,2,2,-2,6,4,3,6,-1,-4,3,-9,11,-5,-2,12,-6,8,6,6,-2
11/71,0,2,0,-5,0,-5,5,-2,-8,-5,0,-2,12,2,3,-11,-2,-13,14,4,-2,-16,4,12,2
4/37,0,2,2,1,-5,4,1,1,-4,6,3,-8,12,7,6,5,-4,-2,-2,11,-13,-9,4,2,-8
1/70,0,2,0,-5,-2,-5,-4,-2,-3,-5,-10,-7,-6,12,0,-2,-4,8,12,-8,4,8,2,-17,-14
1/17,0,-2,2,-5,-1,2,-2,1,-9,-5,3,-11,-4,4,0,-2,0,6,11,-6,-2,-10,-13,-1,8
7/78,0,0,1,1,4,-2,3,-2,3,-2,-1,10,-4,-1,-4,5,0,-13,8,2,-5,13,-6,-3,13
7/81,0,0,-2,1,6,4,5,1,4,2,-6,8,-3,4,13,-10,5,6,-10,3,-4,4,6,6,11
3/32,0,0,1,1,0,6,1,1,6,4,3,6,0,12,0,-3,-4,2,8,-5,4,1,4,-17,13
1/16,0,2,0,-5,0,-1,3,1,-3,7,-6,10,-6,6,-7,6,0,-10,4,15,-7,-5,3,-9,14
-1/25,0,-2,0,-5,4,2,-6,-2,3,6,-9,-10,-6,-12,-6,3,13,-7,10,-4,4,-14,-16,-14,-1
-1/27,0,0,-3,0,-1,6,2,-2,-8,6,-1,2,3,6,10,-6,-12,-1,-6,-3,2,11,-3,-3,-14
11/97,0,-2,0,3,0,-5,-3,1,-6,-2,-9,5,-9,-6,-6,-10,-11,2,5,6,5,-5,3,2,4
5/47,0,2,0,0,0,6,2,1,-3,-10,1,-5,0,-12,3,6,0,-13,4,8,-13,12,-3,0,-19
9/95,0,-3,0,-5,2,6,-5,-2,-8,-5,-1,10,-9,-6,6,-14,-11,-11,-12,-4,-2,-4,-7,0,17
14/97,-1,-2,-3,1,-3,4,-3,-2,1,9,10,7,-1,-1,0,-9,0,-6,4,0,-2,6,11,-10,4
-101/18,0,0,3,0,2,4,4,1,3,-2,3,-2,-3,6,0,-3,-3,-7,3,3,-10,-15,12,1,14
-33/5,0,0,0,1,0,-1,1,0,-8,-4,3,5,-6,4,-11,-14,-7,8,-3,7,-13,8,10,1,7
-53/12,0,0,4,1,-1,2,2,-2,-3,-1,-2,10,12,6,0,-10,-14,-5,9,-3,10,5,-13,3,17
-27/10,0,0,0,-5,4,-1,3,-2,6,-4,10,8,7,-10,4,-2,-11,6,11,-9,-5,10,6,-10,-6
-22/13,1,-2,4,0,0,-2,2,-2,-6,-4,0,-8,-2,4,4,-3,-2,-5,2,12,-7,-14,-3,10,-6
-20/7,0,2,0,-5,4,6,-6,1,3,6,6,10,3,5,-8,-3,-14,10,12,-1,-4,6,15,10,10
-37/15,0,0,0,-5,6,2,-1,-2,-9,9,3,-11,3,4,13,7,-4,4,-12,6,-2,11,1,6,-2
-34/13,-1,-2,3,1,4,-2,-8,1,6,9,-9,5,10,-1,2,-4,-9,-10,0,0,-8,10,0,1,-7
-43/44,0,2,2,3,-2,6,5,1,6,4,3,-2,0,-1,-10,1,-1,-10,5,8,-6,-14,-3,-12,-12
-44/43,0,2,2,-5,0,0,2,-2,3,4,8,-2,-3,-12,7,-3,-4,10,3,-9,-2,-12,3,1,8
41/27,0,0,-2,0,2,0,3,-2,-6,2,-9,10,-4,2,12,6,0,-6,11,0,2,-7,-7,6,9
37/29,0,-2,2,1,6,-5,-3,-2,6,-6,-4,-11,-6,-4,7,3,4,10,-10,9,14,-1,0,9,11
40/27,0,0,0,1,0,2,-3,1,6,0,-8,5,3,-10,0,-2,-4,1,4,10,2,-14,2,-6,-3
40/19,0,2,0,0,4,4,2,-2,-3,-2,2,-1,4,2,-8,-4,4,4,2,-9,-1,0,6,10,9
37/60,0,0,0,-5,-2,1,-5,1,-3,-2,-4,-11,-4,6,8,6,-3,13,12,13,11,-8,12,10,8
33/64,0,0,-2,-5,0,-6,-3,1,-8,7,2,-6,-6,4,1,1,-12,-4,4,-6,-1,-10,0,6,8
11/6,0,0,4,3,0,-5,3,1,-8,-8,2,-2,-5,4,0,1,-4,5,3,-12,11,-16,7,-1,11
-19/31,0,-2,2,3,-3,-5,6,1,1,-4,2,-10,1,-2,4,-4,0,-5,4,8,7,-14,6,-17,-9
-11/15,0,0,0,3,0,2,2,-2,6,6,-1,-5,-7,2,10,-10,-11,-3,-14,12,7,6,6,-14,-3
11/16,0,-2,4,1,0,-5,-5,1,-3,-5,-1,-2,-3,-2,-2,-14,6,4,-12,0,7,10,-15,-4,-1
35/67,0,-2,0,1,-1,4,3,-2,-8,7,2,-3,6,-7,6,6,6,10,0,13,-2,-9,0,10,-6
9/20,0,-3,0,-5,-5,-5,2,1,-4,0,-6,-1,2,4,-11,3,10,8,2,12,10,15,7,0,-6
106/13,1,2,-3,1,0,-2,3,-2,-8,-8,2,10,-6,7,11,-10,9,2,10,14,-11,4,6,8,-18
101/17,0,2,2,0,-3,-1,-2,1,6,2,-9,-5,-6,7,0,-12,4,-10,-12,-15,-7,6,4,-6,2
37/6,0,0,0,-5,0,-5,-4,-2,6,4,2,-11,0,10,8,-3,6,-8,-6,-3,-10,13,1,-1,-9
11/2,0,2,3,1,0,6,2,1,-8,7,-8,-11,7,2,-3,-11,10,-11,-4,-15,14,-4,8,5,0
25/4,0,2,0,0,0,1,-6,-2,1,0,-1,-10,0,-6,-6,1,-2,-7,5,-12,2,4,2,-4,-14
-10/3,1,0,0,1,-3,2,-3,-2,1,4,2,-7,-3,7,0,-11,-11,-6,11,0,7,-8,12,-3,-19
-9,0,-3,0,-5,-1,-5,-3,-2,4,7,-1,-6,8,5,-6,-2,-5,-7,-8,0,2,-8,0,1,13
-18/43,1,0,1,3,4,0,5,1,2,6,-1,-10,8,-12,0,-4,-4,10,5,15,-4,1,7,10,1
-7/11,0,2,0,1,-2,2,-3,1,4,-7,-5,5,-6,9,0,10,0,10,2,-15,11,-8,4,-3,-7
7/72,0,0,4,1,-2,2,-5,-2,6,6,1,-2,4,8,0,-2,-2,-7,2,6,-16,8,4,18,6
7/73,0,2,2,1,-5,-1,5,1,-9,3,-9,-6,-7,8,-11,1,-14,4,9,-15,-6,-6,0,-7,2
-94/21,1,0,0,-5,2,4,-6,-2,-3,3,-4,6,-6,8,-8,1,0,-10,4,8,1,9,4,6,-18
-47/11,0,-2,-3,-5,-2,-5,2,-2,6,4,2,2,-2,2,-8,-3,4,1,-7,8,7,10,4,6,-1
23/44,0,2,2,0,-2,0,-3,-2,-7,-5,-4,6,0,1,-6,4,-13,13,4,-4,14,-8,0,4,-18
14/19,1,-2,4,1,6,4,1,-2,6,4,-10,-6,-6,10,0,-4,-4,-11,-5,-12,-2,-9,1,-14,13
44/73,0,-2,2,3,0,6,-6,-2,3,4,-10,-6,0,4,-6,-12,-1,13,8,3,-6,-4,3,0,-14
45/73,0,-3,0,0,0,-5,-4,1,-8,5,-8,6,-5,1,-6,6,4,-10,-12,-1,-6,-10,-15,2,18
11/18,0,0,0,0,0,2,5,1,3,0,1,-2,-6,10,0,-11,-7,-13,-2,0,-1,-5,-11,12,14
20/41,0,2,0,0,0,2,5,-2,-9,0,-6,-2,6,4,0,6,6,0,8,16,-1,11,-3,-3,13
25/41,0,-2,0,3,6,-6,-5,1,6,3,10,-10,6,4,-6,2,-11,10,3,-5,-10,4,-10,18,-19
44/27,0,0,-2,-5,0,-5,4,1,3,6,-1,-2,8,12,-4,-3,4,4,11,-8,-14,11,-12,10,-6
47/24,0,0,2,-5,4,-1,2,-2,-3,-5,3,-7,-1,-10,-8,5,-4,4,2,-8,-9,8,-16,1,14
21/11,0,0,0,1,-2,-1,2,-2,0,2,4,-8,4,-2,11,-4,0,13,10,-5,-2,-4,-12,-13,12
89/58,0,-2,-2,1,-3,-5,2,-2,-8,-6,2,-1,-9,-1,-6,-2,-4,-4,-4,-2,-11,6,2,-13,8
87/53,0,0,1,1,2,-1,4,1,-9,-10,3,-2,-6,-1,-6,5,-11,5,4,6,-13,2,4,-8,-8
86/53,-1,2,-3,-5,-5,-5,-4,-2,-3,-4,10,-5,-6,-1,-10,5,-7,4,3,-5,-8,10,-3,-1,8
29,0,-2,1,0,4,1,6,-2,2,-10,-4,6,-4,1,-3,6,-4,1,-10,6,-1,-15,8,1,-19
-8/33,0,0,1,-5,-2,2,-3,-2,-3,-1,-9,10,-6,-6,8,-9,8,-1,5,-5,8,-1,-16,10,-12
-7/33,0,0,4,1,-2,6,1,1,-4,7,3,10,1,2,-8,1,6,-1,-7,-4,-13,-1,-1,9,-18
-16/37,0,-2,3,1,4,-5,-5,1,1,-1,10,-8,-5,-6,7,-3,9,-5,-4,4,-6,11,4,-17,1
-85/53,0,2,0,-5,-3,-6,-8,-2,-3,-5,6,-10,10,-1,0,5,-12,-5,-12,8,-4,-10,6,6,6
-3/41,0,0,2,3,-5,-5,-6,1,-9,6,-5,11,6,1,-8,-10,0,-7,3,-12,4,-7,4,-9,-5
2/41,1,2,-2,-5,-2,2,-1,-2,6,-4,-7,-5,6,10,-11,-2,-4,1,-5,0,-6,-8,-11,10,18
-3/20,0,0,0,3,4,6,3,1,-3,10,-1,6,1,4,0,6,-5,-1,-12,-6,5,9,-6,18,8
-66/13,-1,0,3,3,0,-2,-3,-2,6,6,-1,-8,-6,7,1,0,6,-1,5,5,12,0,14,-6,-14
-65/14,0,-2,0,-5,-3,-7,3,-2,-4,3,-6,6,10,1,8,-4,1,-7,3,-15,0,0,-4,9,-6
-37/7,0,-2,2,-5,-5,-5,-6,-2,-8,5,-1,-11,-3,8,-6,-2,-1,2,12,-2,10,5,16,-14,-1
-36/5,0,0,0,-5,2,4,2,1,6,4,1,-2,-6,-4,0,-2,7,-1,12,6,2,-15,3,0,-3
-58/17,-1,2,2,-5,4,-5,-2,-2,6,-10,-9,2,12,-9,-6,-12,0,-12,-5,14,2,-8,2,10,8
-35/8,0,-2,0,1,0,6,-6,-2,6,0,0,-6,-1,-6,0,6,5,-10,11,15,12,-4,4,1,-2
-34/7,1,-2,0,-5,-2,2,-8,1,-3,7,-10,10,-6,-9,3,-11,6,8,-12,8,-5,-15,0,0,-5
-67/17,0,2,1,0,0,-6,-2,1,-3,-5,2,-7,6,5,13,4,5,10,-5,12,-10,-12,-16,-8,17
-28/9,0,0,-2,1,-2,6,6,1,6,9,-8,8,1,8,0,-2,0,13,-2,-5,-9,-10,-3,-1,8
-13/4,0,-2,2,1,4,-7,4,-2,4,-2,-1,-1,-9,1,13,6,2,5,-3,11,2,-15,0,8,12
-29/8,0,-2,-3,1,2,4,1,-2,-3,-10,-1,8,-7,5,8,1,0,-13,2,16,14,4,6,-1,-12
-17/4,0,2,0,0,-3,6,-8,-2,-3,5,10,-2,1,7,-11,10,7,-4,-2,-12,11,10,-3,6,8
89/99,0,0,0,-5,-2,1,-1,1,-6,-4,-1,-2,-9,6,-8,6,6,-11,-12,15,10,1,-16,-13,-1
53/4,0,-2,3,0,4,2,-4,1,-9,-4,-8,-8,3,0,0,-10,2,5,-12,-15,10,13,12,1,14
-37/41,0,2,3,1,4,2,-6,-2,1,0,10,-11,6,4,8,-12,-7,-4,11,-9,-13,13,0,-6,-10
-17/19,0,2,3,-5,-1,-5,-8,-2,6,6,-10,-2,6,0,6,-2,-2,6,8,6,10,-8,6,-8,14
-13/16,0,-2,3,-5,-3,-7,-3,-2,-3,4,-5,-7,-6,-6,-6,6,-7,-5,-6,-7,2,-10,-16,0,-5
-34/39,1,0,1,1,0,-2,-8,1,6,3,10,-7,-6,6,-11,6,-4,-8,8,-15,-16,5,16,6,-5
-31/33,0,0,3,-5,-2,1,2,-2,-3,3,-10,-2,8,8,11,3,1,5,-6,5,2,-8,6,3,10
-10/11,1,2,0,0,-2,-5,-3,1,-4,6,4,2,-6,10,-3,6,-12,-10,6,10,6,8,-9,1,1
-27/35,0,0,0,-5,-2,2,1,1,-3,10,2,-3,6,-2,8,6,-4,0,-2,5,-4,5,0,6,10
-7/8,0,2,4,1,2,-5,2,-2,6,10,3,10,0,-1,12,3,-11,-8,-12,-12,-5,4,2,6,-8
13/43,0,2,0,1,0,-7,-4,-2,3,5,-1,5,0,-12,13,-14,-7,-5,11,-12,-13,-16,-4,-1,-14
17/43,0,-2,1,3,4,2,-8,-2,6,-3,-10,-7,-4,-12,-11,1,0,10,-12,6,-13,8,4,10,-3
29/85,0,-2,0,0,4,-6,-2,1,-3,-10,-1,-1,0,-7,4,-2,-7,-10,4,-12,-1,0,10,8,-18
10/43,-1,2,0,3,-5,-1,2,1,1,0,6,2,-6,-12,0,0,-4,13,-14,6,4,-16,3,-14,-6
-31/30,0,0,0,1,-2,0,6,-2,1,-1,-10,-2,-6,4,-6,6,6,10,16,6,-5,-8,14,0,-3
-11/8,0,-2,-2,3,0,2,2,0,-3,-3,10,-1,-6,-1,0,-2,4,-7,2,2,10,-16,15,-14,6
-11/25,0,2,0,1,0,4,2,-2,2,10,2,-8,-3,10,-8,-2,11,2,4,-9,-14,13,10,0,2
-15/28,0,0,0,-5,-2,6,5,-2,-4,6,-5,2,-9,-6,0,6,0,1,4,-1,0,-8,6,6,-1
-26/3,1,0,-2,3,2,-7,2,1,-4,4,3,-5,-6,4,0,10,-9,10,-5,-2,5,5,12,-1,-18
-51/10,0,0,0,-5,4,-5,-8,1,3,0,-4,-1,12,-4,6,-11,0,10,8,-1,2,11,-3,18,-5
21/16,0,0,4,1,-1,6,-3,1,-4,3,3,7,8,-1,-11,-6,4,6,-4,14,2,4,6,6,-3
91/64,0,2,1,1,-3,-7,1,-2,4,7,1,10,6,4,-2,6,-14,-2,-14,-1,-6,-16,12,0,-5
-19,0,-2,4,1,-2,6,5,1,0,10,3,10,-7,0,0,-12,7,-10,3,0,-2,-14,-4,-12,-5
-25/8,0,2,0,3,-5,-5,3,1,-8,6,-2,-7,-7,-1,-6,-4,0,4,-11,14,11,11,-4,-17,-5
-25/7,0,-2,0,-5,0,0,5,-2,-8,9,1,10,-6,8,-10,-14,-4,6,8,-3,-4,-4,1,-8,-18
-22/9,1,0,2,3,0,6,1,1,6,-2,2,2,-3,12,-6,-2,-5,-7,-4,-3,7,15,-3,0,8
15/23,0,0,0,-5,-3,-5,5,1,0,-5,-6,-6,1,-4,0,-4,0,5,4,4,-6,8,3,6,-12
69/80,0,0,0,1,-5,0,-1,-2,-7,6,-5,-6,0,-4,13,-11,-3,0,-6,5,11,-15,12,-2,1
33/40,0,0,0,0,0,6,2,-2,2,5,-1,10,6,-9,4,-4,-1,-10,-5,-15,1,11,0,-1,3
29/42,0,0,-3,-5,-1,2,-1,1,6,-10,-4,-6,-4,-7,1,9,13,1,5,-8,-13,15,-3,-10,12
27/40,0,0,0,-5,4,2,-3,1,3,9,3,-7,-6,5,0,-6,-9,8,4,0,-10,-8,-6,-7,7
-41/28,0,2,2,-5,2,6,-3,1,-3,-5,-2,-2,-4,4,0,6,-4,1,2,6,2,11,-3,9,10
-19/3,0,0,0,3,-5,4,2,1,-3,9,-10,-1,12,12,0,6,13,10,5,-15,-4,-11,6,3,16
-10/13,-1,-2,0,3,2,-2,5,1,-3,-8,-10,-7,2,1,8,-10,-9,6,8,-9,2,-14,9,12,17
-19/25,0,-2,0,-5,-5,-6,-3,1,6,-5,-4,-2,-6,-1,-7,1,-3,-1,0,-15,-13,-9,0,-6,-6
-37/51,0,0,0,1,-5,4,-2,-2,3,-8,-5,-11,6,4,-4,-2,6,-8,0,-7,-9,11,3,-17,-5
58/5,1,-2,0,1,4,-1,5,1,3,-10,-2,-5,4,10,0,-3,-4,-11,8,15,-13,15,-16,1,-1
57/7,0,0,2,-5,4,2,-3,1,6,-2,8,-11,-6,4,-6,1,-7,1,4,-13,-1,8,1,1,2
-89/71,0,-2,0,1,-1,-1,-1,-2,-3,4,-4,-2,2,-1,4,-6,10,-1,16,4,-13,10,-4,-13,10
-27/25,0,0,0,1,-1,2,2,1,-8,3,-1,-6,0,1,-3,6,4,10,8,-9,6,1,3,10,12
13/17,0,-2,2,1,-3,-7,-2,-2,-8,4,10,-5,6,8,0,9,-4,8,8,14,4,2,0,6,6
32/41,0,2,0,3,-3,1,1,-2,1,6,-4,-2,6,2,-4,-3,-9,4,0,-15,1,-1,12,1,-3
30/43,1,0,0,1,-2,2,-4,1,-3,-1,10,-2,2,-12,-11,11,10,-7,-2,12,1,-6,1,-14,12
28/41,0,-2,-2,1,0,2,-3,-2,-4,-5,-5,10,6,1,7,-11,4,-5,-14,-3,-5,-4,2,-10,-13
-50/31,1,2,0,1,-2,1,5,1,3,-2,2,5,-6,4,6,3,4,-8,8,3,-1,-8,0,-3,14
-49/30,0,0,0,1,0,-5,-3,1,-6,0,10,10,-6,-6,0,-2,-1,1,-7,6,7,0,3,18,12
-17/27,0,0,1,3,-5,-1,-8,1,-3,2,3,6,10,-10,3,3,-1,4,-2,-1,7,-10,-9,-15,-12
-18/25,-1,0,0,1,4,-5,-6,1,4,3,3,-7,0,-6,-6,0,6,4,-3,3,2,-14,6,3,8
-11/36,0,0,1,3,0,-5,2,1,6,6,-10,10,0,4,2,6,-2,5,2,-12,2,5,12,-8,9
-21/73,0,0,-3,1,0,6,-5,-2,1,4,0,-2,6,4,2,-2,2,-3,-12,6,-6,4,2,6,-2
-13/37,0,-2,2,-5,4,-7,1,-2,0,-7,3,-8,-3,4,12,-10,-14,5,8,-2,-6,10,6,12,11
-25/74,0,2,0,1,-5,1,-1,-2,6,6,4,-8,-9,4,1,3,0,-7,8,-15,4,-5,9,18,-14
-23/71,0,-2,-3,-5,-1,6,5,1,-7,-2,-7,-7,-6,-1,2,-4,5,10,12,4,4,13,-16,-15,-18
-27/73,0,0,2,-5,-3,-5,5,1,-4,-2,6,11,3,-12,-6,-6,-11,13,-10,3,-6,5,17,-6,14
-5/11,0,-2,0,-5,-2,-1,5,-2,6,-10,-1,10,-9,1,-6,-2,-2,0,-12,0,2,-8,1,-7,16
-25/44,0,2,0,-5,-2,-5,-5,1,-3,-5,1,10,-3,-6,-8,-2,2,-5,11,2,7,-6,-16,5,-2
-23/44,0,-2,-2,1,-2,4,-3,1,-7,-5,3,10,1,4,8,-11,13,-3,12,0,-2,-9,-4,0,9
-13/28,0,-2,1,-5,4,-7,2,-2,6,9,-7,-7,-6,-2,-6,10,0,-12,12,-12,12,-14,-13,6,12
-37/85,0,-2,0,-5,4,-5,-2,-2,6,-2,-2,-11,2,4,0,-2,0,10,1,2,-8,11,2,-1,8
18/41,1,0,-3,3,4,-1,2,1,-3,4,-1,5,6,5,0,-2,4,-12,4,12,-6,-6,8,-6,-7
40/81,0,0,0,3,6,-1,1,1,3,5,2,10,-6,6,-6,10,0,2,-11,12,-9,-11,-7,-6,12
44/79,0,-2,0,0,0,-5,-3,1,-3,0,10,-1,12,-4,11,6,-14,10,4,-15,14,-8,6,-14,8
-32/71,0,-2,-2,3,0,6,6,-2,3,-7,-2,5,-4,2,-10,6,-7,-1,-14,4,-5,-1,-3,-14,12
-31/70,0,-2,0,-5,2,6,-1,1,-3,-3,-10,-2,1,-4,-6,2,-12,-3,-8,-15,-4,10,-11,10,8
-33/71,0,0,0,1,0,2,-5,1,6,6,8,10,3,7,0,9,6,-2,2,4,-14,-10,-6,-1,-12
-71/75,0,0,0,-5,0,0,-6,-2,-3,-10,4,-2,6,-1,-4,-14,-14,13,12,-12,-16,-7,-16,18,-9
-16/45,0,0,0,-5,2,-6,2,-2,-6,0,-8,6,0,6,-6,-6,0,10,11,-4,0,13,3,2,-2
-30/91,-1,0,0,-5,-5,-2,6,-2,3,6,0,-7,-3,4,4,-6,-4,0,-2,-12,-6,5,-12,-6,-12
-27/89,0,0,3,3,2,6,-5,-2,-3,4,1,10,-7,5,-6,-2,4,-5,-7,-12,12,10,-15,-8,-1
43/30,0,0,0,-5,-3,2,-6,1,-6,3,10,-2,-1,-1,-7,-3,10,-11,4,-3,1,-1,16,-7,10
-76/71,0,2,1,0,0,-1,2,1,6,-5,-9,10,-2,7,0,-4,13,1,3,4,-10,-8,12,-10,-12
-79/72,0,0,3,1,4,4,-1,1,1,9,-1,-2,-6,8,4,9,5,-2,12,4,11,4,12,2,8
-78/73,1,0,2,1,-2,-7,5,-2,-3,-10,2,-8,-5,-4,0,0,6,13,-10,-9,-6,6,4,-1,3
-73/69,0,0,-2,3,4,4,6,1,0,-2,-7,-7,-3,-2,-2,0,0,1,-11,2,-11,6,2,-8,-2
-70/71,-1,2,0,1,0,2,2,-2,3,-5,6,10,6,-10,2,-6,6,-12,5,4,4,5,1,-7,8
84/29,0,0,4,1,-5,0,1,1,4,-6,-1,-2,-3,4,7,-4,11,-1,4,-13,-4,6,-7,-1,14
-15/29,0,0,0,1,-5,-5,2,1,-3,-6,1,-7,8,-2,10,7,-14,-2,3,-6,-13,2,2,12,1
-19/30,0,0,0,0,6,-5,-4,1,-8,10,10,-2,-9,-6,-4,-10,-2,8,8,-12,-2,0,-7,-14,2
79/27,0,0,0,-5,4,2,-3,-2,4,-2,10,10,8,6,0,0,-4,-5,6,-9,2,4,4,-15,-1
81/25,0,0,0,0,4,2,-3,1,2,4,-6,-2,-6,-6,0,0,2,13,-11,2,12,11,-7,9,10
20/3,0,0,0,1,-2,4,4,-2,-4,-8,8,-5,-3,8,-6,6,-10,-1,-10,5,-2,13,3,-6,2
10,1,2,0,3,6,2,-1,-2,6,10,1,-5,10,-4,4,6,0,-2,-3,-8,-4,-12,10,-13,-7
5/32,0,2,0,3,2,1,-5,1,-8,0,-5,7,-5,1,-11,-2,-2,-3,11,6,-6,0,-6,3,-12
-24/35,0,0,0,-5,6,-6,-1,1,-8,-2,-7,-8,-5,10,4,3,0,-2,5,-7,-5,-14,-4,-7,13
17/27,0,0,4,-5,6,-5,-8,-2,6,-4,10,10,-1,8,0,-12,4,8,0,-13,-5,-6,-3,0,-6
27/43,0,0,2,1,2,2,2,-2,4,-2,1,5,-3,-12,12,-2,-2,1,1,-9,7,-4,-4,-14,-13
26/41,1,2,0,1,2,-7,5,1,0,6,0,-7,6,6,-6,6,-4,-6,4,-3,2,-8,3,6,12
28/39,0,0,0,1,-5,-2,-4,1,-9,-8,10,2,0,-10,4,-6,0,10,4,-12,-2,-8,4,3,2
-9/31,0,-3,0,-5,6,-6,2,1,-9,10,2,-7,-6,4,-6,-6,0,1,-14,-1,10,-16,6,-8,-1
-7/30,0,0,0,1,2,-5,-5,1,-4,6,2,8,2,2,0,-6,6,10,-12,15,2,-9,16,12,12
67/77,0,-2,4,-5,-2,4,5,-2,-8,-7,-8,-5,3,-1,13,-7,0,13,-5,16,4,5,-3,-1,2
75/79,0,0,0,1,6,2,-3,1,-9,4,10,-2,6,4,-8,10,0,0,5,7,0,-8,12,-12,0
33/37,0,0,2,1,0,1,5,1,0,6,-8,-8,-7,8,8,1,2,-7,11,3,-16,8,6,-14,-18
29/35,0,2,0,-5,0,-1,6,-2,1,-10,0,-8,-7,5,0,3,6,-11,-11,4,-9,10,-3,10,6
31/13,0,2,-3,-5,6,-2,2,-2,-3,-10,-10,-6,2,4,12,-3,6,-12,5,-4,-13,-6,-11,0,-14
3/38,0,0,4,0,4,2,2,-2,4,10,-9,-2,12,12,-11,4,-12,1,5,-1,-13,-7,17,12,-10
-8/31,0,2,3,1,-3,2,2,1,-4,-2,2,2,8,9,-8,6,0,-7,-12,-4,0,11,-4,-7,14
-92/21,0,0,-3,-5,-3,-5,5,-2,-7,-8,3,-2,12,-12,-6,3,9,-7,-12,-8,-1,5,8,-12,13
-89/20,0,-2,0,-5,2,-5,-1,1,-4,-8,-7,11,-6,4,-8,-4,2,-5,11,4,-2,12,-3,-13,-5
-40/9,0,0,0,0,0,2,2,1,-6,-7,1,-8,8,1,12,-2,0,1,10,-15,0,-8,-3,6,7
-53/5,0,-2,0,1,4,-5,2,1,-8,4,-1,-5,-6,-2,-6,-10,-4,4,-12,-9,-6,10,4,2,8
7/61,0,2,-3,1,-2,-5,3,1,6,-5,-2,-2,0,-2,-8,-12,13,-4,-3,-12,14,-1,17,-2,-3
4/61,0,2,2,-5,0,6,2,0,3,4,-9,-1,-2,2,0,-2,-2,-4,2,8,4,-8,12,-12,2
-37/61,0,-2,-2,0,-2,-6,5,1,-9,6,6,-11,-2,1,0,-6,-9,-4,-6,6,-13,2,5,-14,2
-36/61,0,-3,1,-5,4,-1,-1,-2,-6,-5,-5,-2,-1,-2,-11,-9,2,-4,8,-9,-8,0,3,-17,8
-25/16,0,-2,0,-5,2,-1,-3,1,-4,6,3,-5,-6,7,11,-3,0,-3,12,4,-8,13,-3,6,1
-41/27,0,0,2,1,4,4,4,1,3,-4,10,-6,-4,8,-8,-10,7,-5,4,13,12,-8,1,-14,-18
-25/17,0,2,0,0,4,2,-2,-2,6,3,-10,6,0,-3,10,-9,-2,8,-10,-4,-14,-4,3,6,8
-62/13,1,2,2,1,-1,-2,1,1,-4,6,-10,10,-1,-4,-6,3,10,10,4,8,2,-15,-3,5,8
-56/13,0,2,0,1,4,-2,2,-2,-3,-10,1,11,-7,10,0,0,-4,-7,8,16,4,-11,12,-14,14
-58/15,1,0,0,-5,-1,2,6,1,-3,-10,1,-1,-6,10,10,-3,6,-10,-7,-12,-16,13,3,-17,2
-34/15,1,0,0,0,0,-1,-8,1,6,3,6,-2,-5,6,-1,-4,2,10,-10,-12,2,-16,-4,10,2
31/14,0,-2,1,-5,-2,-5,4,1,-8,-2,-10,2,-1,-10,11,-10,6,13,2,-1,-13,-14,1,12,6
29/72,0,0,3,-5,-2,-6,2,-2,6,-10,6,-8,-3,-6,-6,-3,0,2,-2,6,8,-4,1,-17,16
11/23,0,2,3,1,0,-5,3,-2,0,5,10,5,-4,-10,0,0,-2,-1,4,3,-4,0,2,-6,-6
34/59,-1,-2,2,1,-2,1,-8,-2,-3,-4,1,-2,-1,1,-8,1,10,-3,-2,13,-13,-7,8,-1,14
58/33,1,0,2,1,-2,6,-1,1,-3,-10,-4,-8,3,4,-11,5,-7,-4,0,0,2,-8,-4,3,-9
-43/39,0,0,0,-5,-1,-2,2,-2,-6,4,-1,-10,-6,-1,0,-9,-9,8,-3,-12,12,11,-9,-10,3
29/36,0,0,2,0,2,6,-5,-2,0,-10,3,-2,0,4,0,6,11,-2,8,-1,2,-16,-16,10,1
22/7,1,2,4,-5,0,-5,-3,-2,-3,0,3,-5,8,4,-10,1,-1,8,5,-12,4,5,14,12,-7
87/28,0,0,1,-5,0,4,5,1,-4,-10,-6,-2,4,4,-6,-7,0,10,-4,-15,-8,5,9,8,13
86/33,-1,0,2,1,-2,1,3,-2,0,6,3,-10,6,-1,8,-3,13,-2,-10,4,-10,-5,0,-17,-2
83/29,0,2,0,1,-3,-6,2,-2,6,-6,-5,-7,-6,5,0,0,-9,4,4,8,12,-4,0,6,2
89/26,0,2,2,0,-2,-2,-3,-2,-4,0,2,10,-6,9,0,-12,-12,-3,8,8,10,-8,5,-13,10
17/5,0,2,0,1,6,-6,-8,-2,6,6,-1,5,4,-12,0,-2,10,6,9,-6,-4,8,1,-9,-2
43/13,0,2,0,1,4,-2,-6,1,-8,10,-1,-7,-6,-1,0,-10,-13,13,6,-9,-8,-14,6,-8,2
83/25,0,-2,0,-5,-1,-5,-3,-2,3,4,3,11,2,-10,-8,-11,0,-8,8,13,2,-16,0,-17,12
39/16,0,0,1,1,6,-7,6,1,-3,-8,4,2,-6,-9,0,3,-4,-7,8,-13,-6,5,-4,-17,-12
-4/41,0,2,4,-5,4,4,2,1,6,3,3,7,6,4,13,6,13,-10,-6,9,2,8,-3,-1,-6
-47/23,0,-2,0,0,0,6,6,1,0,5,-6,-1,-6,-1,-8,4,0,8,-12,-15,-2,-7,-3,-3,-12
-50/27,1,0,0,0,-5,0,6,1,-4,-2,-4,-2,0,6,-4,-10,-1,-5,0,8,-7,-1,1,2,17
25/26,0,-2,0,-5,0,-2,3,1,-6,4,-9,-6,-6,-3,4,1,10,13,11,-15,2,-1,0,-6,11
74/77,1,2,-3,-5,-2,-5,6,-2,-3,10,2,-11,-6,6,-6,-12,-5,-6,-14,7,-2,8,-3,12,14
16/21,0,0,4,-5,2,0,-3,1,-3,-1,8,7,8,7,-7,-4,6,13,2,4,-10,-16,-4,-8,-7
-26/83,1,-2,2,-5,-2,-7,-3,1,6,0,0,-6,2,1,0,-6,0,-5,9,-4,12,13,-16,12,-12
-7/37,0,-2,2,1,-5,2,-4,-2,3,10,-10,-8,-6,4,-6,6,5,13,8,3,-4,11,1,-6,2
-7/41,0,2,-3,1,2,1,3,1,2,-8,-8,2,6,-4,6,-7,-4,6,10,-15,-10,-16,-3,0,-12
3/17,0,0,2,0,2,-5,-2,1,3,6,-6,6,-6,7,8,-9,-2,-12,-8,6,14,8,6,10,6
-29/91,0,2,4,-5,4,-2,5,1,2,-10,1,10,2,4,0,10,6,-6,4,3,-2,-8,6,-6,12
-9/86,0,0,4,1,6,6,-3,0,-3,0,10,11,6,-12,0,3,0,-1,4,12,-11,-12,16,3,-10
30/11,1,0,0,-5,-2,4,6,0,-3,-5,-1,5,12,5,0,-9,-4,-11,4,-15,-5,-14,6,0,-18
91/34,0,2,1,1,-2,-7,-2,0,6,-3,-1,-5,4,4,10,-6,0,4,3,-12,2,-5,10,-1,-9
47/17,0,2,0,-5,2,0,-2,1,-9,9,-8,10,10,1,-8,10,0,1,-10,-9,4,4,-4,-17,10
25/8,0,-2,0,-5,6,-5,4,1,2,3,2,-2,-9,6,6,-4,7,4,12,10,-10,6,-8,-10,13
-11/28,0,2,0,-5,0,2,3,-2,3,4,-1,-6,-5,4,-6,6,10,2,-12,4,-13,8,-7,-8,-7
-25/31,0,-2,0,0,4,-5,2,1,-8,-7,2,6,2,4,0,6,5,-4,-3,-9,-13,5,12,10,2
-23/31,0,2,2,-5,2,4,-6,1,-7,5,2,-5,-1,2,3,6,-12,-2,-5,4,8,-6,-4,-8,-14
-25/29,0,2,0,3,0,-1,2,-2,-3,-6,-4,-2,7,7,-1,6,-5,1,3,8,-5,1,12,-15,-18
-45/59,0,-3,0,1,0,2,2,1,-6,9,0,-2,-6,8,-6,3,10,1,-7,-4,-6,-7,-10,0,1
7/9,0,0,-3,1,-1,-5,2,1,3,-2,10,-7,-3,-3,12,6,10,0,4,8,-2,6,10,-12,-9
52/17,0,-2,4,0,4,-7,-2,1,-4,6,-1,11,8,-2,8,6,0,-5,2,-12,2,-4,8,-10,2
48/17,0,0,1,1,0,6,-2,-2,-3,-2,2,-2,-9,-6,0,-12,2,-2,-8,6,-14,1,-15,1,-14
50/17,1,2,0,-5,-5,-6,-2,-2,3,7,1,-5,2,12,8,-2,-2,-1,4,8,-11,5,-4,-14,-2
25/9,0,0,0,1,-3,2,3,-2,-3,-4,-1,10,12,-2,-6,-2,-4,-8,0,-1,6,6,9,18,-10
-56/65,0,-2,0,1,-5,-2,-3,1,4,0,-6,6,6,-6,0,5,-14,2,16,-9,-6,-1,-16,-14,16
-53/68,0,-2,1,1,-5,-5,-2,1,3,6,8,-2,-5,5,10,-10,7,-11,-7,4,6,-6,-16,10,1
-53/70,0,2,0,-5,2,-5,3,1,-6,-1,-5,-8,-6,-4,-8,-10,6,6,-13,8,14,-4,4,1,-2
-26/33,-1,0,2,1,-2,-7,-4,1,6,-5,10,-7,-3,4,3,-6,0,10,8,8,-13,-1,8,-13,-6
-51/65,0,0,0,1,4,-2,-8,1,3,4,-1,10,3,2,12,10,-2,-2,-14,0,-5,-7,6,1,-3
-52/67,0,-2,1,0,-2,-7,4,-2,-8,7,-6,10,-9,2,-6,3,8,10,0,4,-11,-8,-4,1,2
20/9,0,0,0,3,-5,-5,-5,-2,-3,0,4,-1,6,8,0,-2,10,-1,-12,-3,-4,10,-4,-2,-2
20/7,0,-2,0,-5,2,2,5,-2,-6,6,-7,-11,-6,4,0,6,6,1,-11,4,-2,-16,0,2,14
46/21,-1,0,2,-5,0,-1,2,1,-7,4,-1,10,10,4,-6,-3,4,13,4,7,7,10,-4,-12,1
45/17,0,0,0,0,-1,-5,-2,1,0,-10,1,10,-3,4,3,0,-1,-6,-2,-5,-8,-7,7,12,0
98/31,-1,-2,-2,1,2,-5,1,1,6,7,2,5,2,10,-6,6,-13,13,12,4,2,10,14,1,-7
95/29,0,2,0,-5,-5,2,5,1,1,-6,1,10,6,2,1,-6,-10,6,5,15,-7,5,15,1,8
-41/12,0,0,3,3,-2,0,5,-2,6,0,-7,-8,-4,-10,-8,-3,-9,-8,-8,9,2,-15,4,6,10
44/97,0,-2,0,-5,0,1,5,-2,6,4,3,10,-2,-1,-8,-3,-13,13,-11,6,11,-11,14,5,4
47/96,0,0,3,0,6,6,6,1,2,-7,-9,-11,-6,4,-8,6,6,13,-11,8,14,4,10,-7,2
25/47,0,-2,0,-5,-5,-5,5,-2,6,5,10,-2,-1,-6,3,-10,0,-11,-2,6,-13,-15,16,-13,-13
24/47,0,0,2,1,0,1,5,1,-3,4,8,-3,-5,-4,3,-6,6,8,-4,-8,8,-4,2,10,-2
48/95,0,0,0,-5,6,6,5,-2,-6,-4,-2,-10,10,5,2,-2,-2,-1,0,-1,14,-16,-6,-17,8
46/95,1,-2,0,0,4,-5,-3,-2,-7,9,1,10,0,1,-8,-2,6,-3,5,6,2,13,-16,12,-9
-2/83,1,-2,4,1,4,2,4,1,-3,6,-7,-2,-9,9,1,9,-1,-4,8,14,-1,12,-16,-6,-18
-74/53,-1,-2,2,1,-3,-5,2,1,-9,0,-1,-11,4,2,11,5,-4,0,-10,10,0,-16,-3,-3,9
-17/13,0,2,0,3,0,-2,-8,1,0,0,-9,-6,-6,4,-8,-3,10,0,2,15,-10,-8,-15,-6,17
-19/13,0,-2,-3,-5,4,-2,-4,1,6,5,-1,11,6,-4,1,-4,0,-8,-7,12,7,8,10,12,14
17/22,0,-2,0,3,-2,6,-8,1,2,10,-5,2,6,5,4,6,2,5,5,12,4,-15,16,-1,-18
7/3,0,0,1,1,2,4,-3,1,6,-5,1,11,6,12,-6,2,6,1,-3,15,-13,10,12,-14,8
17/9,0,0,0,-5,0,6,-8,1,3,-10,-9,-1,-1,8,0,-6,-11,1,-10,4,-4,5,6,-10,18
-23/5,0,-2,0,0,-1,4,-4,-2,-7,6,-1,-7,6,-1,-2,-10,0,10,-2,9,-4,12,9,18,8
-42/11,1,0,2,1,-2,-5,1,-2,-3,-5,1,10,7,-1,6,-3,8,4,5,3,-7,5,6,-14,-12
-17/23,0,-2,4,1,4,2,-8,-2,0,-1,6,-7,7,10,1,2,0,2,10,-12,-2,6,3,-3,14
-44/69,0,0,1,1,0,0,1,1,0,-2,2,-1,6,4,0,-4,-9,2,12,3,0,15,14,6,-12
-21/34,0,0,4,1,-5,6,-2,-2,-9,3,-2,10,3,12,0,6,-11,0,8,0,12,10,4,0,1
-29/37,0,2,-2,3,-5,-5,-3,-2,-6,-10,-8,-8,-6,-12,0,-2,6,-10,-12,8,2,15,7,-10,17
49/30,0,0,0,1,-1,-1,-4,0,3,7,-9,-6,3,-1,3,-2,0,13,14,12,-2,8,2,-16,3
26/19,-1,-2,1,0,2,-7,-3,-2,-3,0,3,-2,10,0,0,1,-1,-4,11,-15,-4,0,16,-10,-2
77/57,0,0,0,1,0,-5,-1,-2,3,10,-4,10,-2,2,-7,-10,-5,-8,4,14,-4,15,5,-3,5
39/31,0,0,1,1,0,-7,-3,1,6,-4,2,-8,-2,1,-8,-2,-13,-6,4,-2,2,-10,1,-3,8
77/60,0,0,0,1,0,-5,4,-2,-8,-3,-1,10,-6,4,-8,-9,0,-7,4,-12,-10,8,-3,-14,-2
76/61,0,2,0,-5,0,6,5,1,6,-4,8,-10,-6,4,8,3,-4,-4,-12,-15,-4,11,6,-13,-3
95/69,0,0,0,3,2,2,-1,1,0,-4,10,10,12,4,-6,-6,0,-4,-7,14,-2,-9,17,-15,-6
47/35,0,2,0,-5,4,4,-3,1,6,5,-10,-3,12,8,-8,6,-14,13,2,-7,-16,-6,-7,-12,0
19/13,0,2,0,1,-3,-2,-3,1,-3,-8,3,-5,-2,-6,1,-4,4,-7,14,6,-5,5,2,-2,14
97/68,0,-2,1,-5,6,0,-2,-2,6,4,3,11,0,4,-6,6,-3,6,-12,-2,-10,-16,7,3,8
-4/9,0,0,1,-5,-1,2,-4,1,-4,-4,3,-5,-5,4,4,6,0,2,2,-15,-7,-10,-4,-14,2
29/37,0,-2,2,-5,6,-5,-3,1,3,-10,1,-8,3,12,-10,6,-2,-10,4,2,-13,-11,9,-17,-18
-28/27,0,0,0,1,-5,4,-3,1,-6,3,2,-7,-7,5,8,11,8,13,-14,8,10,5,-4,12,-5
-85/81,0,0,0,-5,0,0,-8,1,4,3,-1,-7,3,-6,0,-2,-9,-4,4,-4,4,-16,11,6,-7
71/67,0,-2,0,1,4,1,2,1,-4,-3,-1,10,-9,4,4,-10,-9,-8,0,-12,0,12,-7,-8,-7
72/65,0,0,0,0,4,-2,-1,1,-3,-7,-2,6,3,9,-1,-10,6,6,5,14,2,1,-11,-12,2
10/9,1,0,0,-5,2,-5,2,1,-9,3,-1,-10,-2,-4,3,9,-4,4,5,13,-16,-4,6,10,3
34/47,-1,-2,-2,-5,-3,2,-8,1,3,-10,6,5,-2,6,3,0,0,-2,-4,15,-10,6,0,12,11
-6/19,-1,0,2,3,-1,6,2,-2,-3,-10,4,-7,-5,7,0,-9,11,4,2,0,-13,-14,4,-6,-6
-18/53,-1,-3,1,1,0,-5,-3,-2,0,0,-6,-7,-3,0,0,5,5,-3,-12,2,-5,8,-9,6,-1
-11/29,0,-2,0,3,0,-5,-4,1,6,-6,-8,-1,-6,-4,0,-6,6,-3,-6,6,-2,-6,16,18,-2
-19/59,0,2,2,3,0,2,-3,1,6,10,-9,-2,-3,1,-6,1,10,6,-14,2,-2,-16,-4,2,5
-27/40,0,0,0,3,-3,6,-3,1,-6,4,-4,-6,0,4,-8,-6,0,-2,12,4,14,8,-4,6,16
-17/26,0,-2,-2,-5,-3,-2,-8,-2,6,-2,-1,-2,2,-6,-8,-12,-4,-6,4,4,6,-6,12,-12,11
-8/13,0,2,2,0,4,-2,-6,-2,6,6,-4,-7,-6,-4,-7,-11,-4,8,8,5,-9,-16,-4,18,-9
-26/37,-1,2,0,0,6,-7,2,-2,6,-2,6,-8,0,4,-8,1,2,-8,4,14,7,8,14,6,17
49/60,0,0,0,1,-5,4,-3,-2,-3,10,-1,-2,-7,-1,7,9,9,5,6,-1,-13,12,12,1,-18
-1/33,0,0,2,-5,-2,4,4,1,-6,6,0,-6,-5,-1,6,6,-7,13,-12,2,14,9,2,-15,2
-3/35,0,0,0,-5,-3,-5,2,0,-8,3,2,-7,12,4,-8,10,-3,6,8,0,-13,12,3,-8,10
-2/35,1,-2,0,-5,6,6,5,-2,-9,3,0,8,-6,7,-6,-10,4,2,4,12,4,0,4,-6,-7
67/33,0,0,1,-5,-2,-5,4,-2,-3,-3,10,10,-9,-9,-8,7,-11,-7,-5,14,-11,-10,16,1,1
67/29,0,-2,-3,-5,0,-5,1,0,-3,-6,-9,-11,8,1,0,1,-4,-8,-5,-4,7,8,7,-6,-5
-29/15,0,0,0,1,-5,-5,-5,1,6,-10,-9,-2,8,8,4,-2,-2,0,2,-4,-8,-15,-5,6,10
-34/9,-1,0,1,-5,2,0,-8,-2,-3,6,1,-7,-3,-6,-6,6,-4,-5,4,10,-14,-5,-5,-1,-6
-30/11,-1,0,0,3,-2,0,2,1,4,0,8,-8,-6,4,10,-2,1,2,-2,7,2,4,-1,-15,9
-17/37,0,2,2,1,-3,0,-8,-2,3,4,1,-8,0,-4,0,-9,2,-10,-12,7,-10,-8,5,-15,-1
-20/37,0,2,0,-5,2,2,3,0,-3,-5,2,-8,-6,-9,4,1,-7,-4,5,-12,-11,-14,6,-15,1
-22/35,-1,2,0,-5,0,6,6,0,6,-4,1,10,-1,6,0,5,-2,1,-12,0,-10,1,16,-3,-6
-12/17,0,0,2,3,0,2,-2,1,6,4,1,-2,12,-6,-6,6,0,6,11,13,10,-15,-3,8,-12
21/62,0,0,-2,1,-2,-6,2,1,-4,-1,2,2,-6,-1,8,2,0,-5,-5,-9,-4,-7,12,8,-14
17/62,0,2,0,-5,-3,1,-8,-2,4,-8,2,2,-3,-10,0,-6,6,-6,-3,0,-11,8,14,-15,-6
4/15,0,0,0,-5,-5,0,5,1,3,-5,1,-7,3,-4,0,-2,6,-7,-5,3,-4,-1,4,-10,1
2/7,-1,-2,0,-5,4,-5,-1,-2,-4,0,10,-3,-6,12,0,-4,0,-1,-10,-15,14,5,-4,-10,2
9/29,0,-3,4,1,2,1,2,1,-3,-6,3,-7,-4,2,0,1,2,0,8,-2,0,13,6,18,-6
-62/79,-1,2,-2,-5,-1,1,3,-2,-8,6,-10,-3,-9,9,2,6,-5,-3,8,-8,11,-8,3,-10,-2
-17/20,0,-2,0,3,-2,-5,-8,1,-8,-10,1,8,-3,4,0,-4,1,8,-5,-12,-7,10,-16,2,-2
26/95,-1,2,0,3,6,-7,-5,-2,-3,-2,-9,-2,-7,-2,-4,1,6,8,2,6,-6,-6,-3,12,-8
15/46,0,0,0,1,-1,-5,2,1,0,-4,2,2,3,2,13,5,-7,0,16,12,5,-8,3,-13,14
35/92,0,2,0,1,2,-1,2,0,0,6,-9,-8,-3,-1,12,-10,0,-1,2,-12,-6,12,-7,-14,-14
36/101,0,-3,0,-5,4,2,5,1,0,6,-1,2,-6,7,13,-2,-4,8,-4,-1,-2,8,12,3,-5
13/47,0,-2,1,-5,0,-7,4,1,-3,-5,-9,-2,8,-7,3,6,0,2,4,-9,-7,11,-4,-14,-18
-18/41,-1,-3,0,-5,2,-5,6,-2,-4,9,1,2,6,4,-7,6,0,8,12,6,6,9,4,-3,-4
-61/15,0,0,0,1,-3,0,2,0,-4,2,-4,-6,7,8,0,1,-4,-13,-10,-7,7,-4,0,6,-4
-43/97,0,-2,4,0,4,-5,6,-2,-9,4,-4,10,-3,-1,0,1,-4,4,-12,10,14,0,0,10,4
16/29,0,-2,1,1,4,2,1,-2,6,-6,1,6,7,2,4,6,10,8,4,4,-16,5,9,1,-14
-31/39,0,0,4,0,-3,-2,-3,-2,3,2,-10,-2,-5,4,0,-10,0,1,4,0,2,-1,8,-12,2
-19/64,0,-2,1,1,-3,-6,-4,1,-3,0,6,10,-6,4,0,-11,1,10,5,16,-10,4,11,8,-14
-21/58,0,0,0,1,-3,1,2,-2,0,-6,-9,7,1,4,0,6,-2,8,-3,-3,-5,0,-13,-12,8
-23/61,0,2,3,0,0,-1,-3,1,-7,-7,1,-5,-6,-4,-8,6,0,-4,8,0,-13,-10,-1,6,-3
-16/33,0,0,-3,0,-2,6,3,-2,-8,-2,1,-8,-7,-10,0,-9,-10,6,-12,-12,2,-4,16,-10,8
53/67,0,-2,2,0,0,6,5,-2,6,6,1,-2,8,-1,12,-10,-14,-10,0,15,-5,5,-10,12,8
1/37,0,2,-3,-5,-2,-6,-5,1,-3,4,-9,-8,10,8,8,6,1,-2,-10,-7,-13,1,15,6,12
-1/39,0,0,0,-5,0,-2,-1,1,6,-8,-9,10,12,7,12,3,5,2,-8,8,-13,0,-12,-4,8
26/45,1,0,0,-5,-3,-7,1,0,-4,-1,-2,-1,0,-1,1,6,-11,1,12,-8,2,10,-3,-1,-13
29/48,0,0,-3,1,6,-1,-3,0,-8,-10,-5,-1,10,1,-3,-4,-4,6,-12,-12,-16,-7,12,-1,2
-23/47,0,-2,0,0,4,0,-1,1,-7,10,4,-1,3,2,3,1,6,1,4,-13,-2,0,3,-15,-4
-49/92,0,2,2,1,4,1,-1,-2,0,-2,10,-11,8,10,2,-4,6,13,9,-9,-7,-8,5,4,-3
-48/95,0,0,0,1,-5,2,-6,-2,3,2,2,-2,-1,4,-8,-2,-4,-13,-13,-13,-2,-16,-11,-10,-5
-49/11,0,2,0,1,-2,-5,5,1,2,3,-10,-7,3,-10,1,6,-7,8,4,-1,14,-14,7,-6,2
-50/9,-1,0,0,3,-2,-6,-6,1,-4,-5,-1,-2,12,-1,-11,6,0,13,-10,15,4,-6,0,12,-6
-52/5,0,2,0,-5,4,-7,-1,0,6,6,-6,-10,1,0,-8,-11,-7,10,10,-3,4,5,10,4,-5
-39/37,0,0,2,-5,-3,-7,-3,0,1,-4,-5,-8,6,7,-6,3,-12,0,10,-9,10,-16,-4,-14,0
-78/77,1,0,0,-5,-2,-7,2,-2,-9,-7,2,10,8,1,-6,6,10,6,11,-1,-2,12,5,10,14
53/34,0,-2,2,3,0,-5,-2,0,-3,0,-4,10,10,-6,8,-10,-4,-4,-4,10,-13,10,-6,12,-14
52/33,0,0,1,1,-2,-7,3,0,-9,9,-9,-11,-6,-12,-7,6,6,-2,-12,7,11,6,6,-14,-5
61/29,0,-2,2,-5,-3,1,5,1,4,-6,4,-10,-6,7,0,-3,-2,-13,-2,6,7,6,-4,3,-10
30/19,1,0,0,1,-5,-5,5,-2,0,-8,-9,5,12,12,6,-6,-14,13,-8,-12,5,12,16,2,2
59/35,0,2,0,-5,-1,-5,-3,1,-8,-4,2,2,-6,-2,-8,-3,-12,2,-14,-12,-13,-7,-4,5,-7
55/29,0,-2,0,1,0,2,-5,1,-3,-6,10,10,-2,-10,4,-9,1,-13,8,-12,-2,-8,3,10,-2
-13/18,0,0,2,1,2,-7,-3,-2,-8,-5,2,2,-6,8,0,-2,-2,-5,10,3,-5,-9,-7,-10,10
1/61,0,2,0,3,-1,1,6,1,-4,10,1,-2,-9,-12,6,2,-14,-4,12,6,11,-8,6,12,6
1/59,0,-2,2,-5,-2,0,5,-2,-6,4,1,-3,6,6,-1,10,10,8,8,4,10,4,6,-12,-9
-1/59,0,2,0,1,0,4,-6,1,3,0,-8,-2,6,12,-6,-2,10,4,2,0,-6,-1,4,3,6
-3/16,0,0,2,1,2,6,2,0,3,-1,-7,-5,4,0,-6,-4,13,-8,11,3,4,-8,2,18,11
-7/54,0,0,2,1,4,1,-4,1,6,0,-4,-2,-1,9,-8,1,-7,10,5,9,-13,-8,3,6,-14
-5/51,0,0,0,0,-3,-5,-2,1,-4,0,1,-10,6,4,1,6,1,4,4,-3,4,-16,-6,12,-14
35/61,0,-2,0,1,-3,2,6,1,6,-7,-9,-2,-6,4,-4,-9,-4,-4,4,-9,2,-11,-8,-1,12
19/31,0,2,1,-5,4,-1,2,1,3,-3,2,-2,0,4,6,6,0,8,-2,-15,-2,10,-3,-10,-7
24/17,0,0,-2,0,-3,-6,-2,-2,-9,-1,4,-2,12,4,-6,6,-5,-1,-10,-15,-4,-11,12,1,-9
97/67,0,2,0,-5,0,1,2,1,-3,3,2,10,12,-1,-4,1,9,1,0,6,6,11,2,-14,8
23/45,0,0,0,3,-5,-6,3,1,-7,-2,-9,2,6,4,-8,6,-9,-2,-12,-15,-6,-16,16,0,6
21/46,0,0,2,1,4,1,-5,1,0,7,-1,11,0,8,-4,11,6,-5,4,-1,14,-8,12,-17,10
40/89,0,-2,0,0,4,-6,-1,1,6,7,-8,-2,0,10,8,9,-2,-7,-7,-3,-10,-1,3,-8,8
44/91,0,-2,2,-5,0,-2,-3,1,6,4,-5,-7,-6,-1,2,6,0,8,3,14,-2,-9,8,-2,-2
-1/36,0,0,2,1,4,-1,-3,-2,3,-2,6,8,-2,4,-10,-2,0,-8,3,-13,-13,5,-3,3,6
-15/26,0,0,0,-5,6,-2,-3,1,6,-4,3,6,-6,7,0,-4,-4,-3,-12,-12,2,-4,15,0,14
-21/29,0,0,2,1,0,-6,5,1,6,-6,-9,6,-6,1,6,-12,-12,10,-13,7,-7,0,2,-1,-6
-27/28,0,0,0,-5,-5,-6,-3,1,-3,-1,-5,-2,12,-10,0,-3,0,-5,12,-9,-4,1,12,12,-3
-82/85,-1,-2,0,1,0,-5,-2,1,-3,-5,10,-1,-4,-3,-10,-2,-11,-8,2,5,-2,12,-4,1,6
15/17,0,0,0,-5,0,6,-2,1,-3,-4,1,11,6,7,0,-14,-10,4,6,-15,2,0,-11,10,11
88/3,0,0,4,1,0,6,4,1,4,10,10,-2,-7,9,0,7,9,-1,2,8,-9,-16,3,1,9
83/6,0,0,3,0,-5,1,5,-2,6,0,10,-7,-9,8,12,-7,6,13,8,-1,10,12,0,-9,-6
82/3,-1,0,1,-5,0,2,3,1,1,-5,8,-2,-4,-1,-6,-2,-4,8,-4,-15,-8,0,-8,2,8
47/4,0,-2,3,3,0,0,3,-2,2,3,-10,-2,-7,-6,-8,-2,6,-1,-6,4,7,6,0,12,17
-76/13,0,-2,-3,1,2,-2,-6,1,-8,-5,10,-10,8,-7,12,-2,10,-1,4,13,0,-10,-3,-6,-5
49/69,0,0,4,1,0,-1,5,1,0,6,2,-2,-6,6,-10,5,4,1,-8,-5,11,-16,6,0,7
49/68,0,-2,3,1,0,6,-2,0,-4,-7,3,6,-6,-7,-6,6,6,8,-2,-15,14,-14,4,2,-12
52/67,0,2,4,1,0,-7,3,1,-4,0,-4,-5,-7,4,-8,-12,-11,1,0,-1,5,-7,0,-6,2
22/13,-1,2,1,1,0,-2,2,1,3,-3,4,5,6,2,-6,6,-4,-6,-8,6,-6,4,-16,6,2
23/11,0,2,3,-5,-2,-5,3,1,-7,10,10,6,-6,-4,13,-2,6,-7,4,-2,2,11,-5,-7,3
22/9,-1,0,-2,-5,0,2,-1,-2,-3,-2,1,5,-9,-12,8,-4,11,10,-6,-12,-2,-11,-9,3,-5
25/17,0,-2,0,1,2,1,-2,1,-3,10,-9,-2,4,-1,0,6,6,-5,12,0,-14,-9,2,1,-6
-21/23,0,0,-3,1,-5,6,2,1,0,-10,-1,-7,6,1,-8,-10,10,-2,-12,6,14,-9,14,18,2
-1/15,0,0,0,1,0,-6,-4,1,-8,-1,-6,-3,-4,4,0,9,-2,-13,-8,0,14,10,17,-7,-8
-18/89,-1,-3,0,1,-3,-1,-3,-2,2,7,-1,-2,2,4,1,-4,8,-13,-10,-8,-13,-10,16,-8,2
-16/85,0,-2,0,-5,0,6,-2,-2,-4,-5,-6,-8,-7,8,0,-4,-4,6,-7,13,12,8,1,6,13
-32/53,0,-2,4,1,4,6,4,1,6,-10,2,6,-1,-7,-4,5,-7,-13,5,-4,7,-1,-16,1,17
53/86,0,2,-3,1,-5,-5,-6,-2,6,-4,10,2,3,-12,7,-10,-13,8,5,4,0,-8,-16,10,-2
50/89,1,2,0,3,2,2,-3,-2,4,-2,3,-6,0,12,6,-9,2,2,5,-1,-10,-5,4,-8,11
3/14,0,0,0,-5,-5,1,3,-2,-3,2,-4,-11,8,5,0,-14,-2,-8,-4,8,10,-6,-4,-14,12
4/47,0,-2,3,-5,4,6,3,-2,0,-8,-1,-6,4,-6,3,6,0,-7,0,14,14,-15,14,12,13
12/91,0,0,3,-5,-3,-2,-6,1,3,5,-7,6,2,7,-6,-2,0,1,-10,6,-11,0,-3,6,-14
39/10,0,0,0,1,4,-7,-4,1,-4,4,2,-2,6,5,-6,1,6,-2,1,-5,-2,4,3,-6,14
37/12,0,0,2,1,-3,0,-3,-2,-3,7,4,-11,0,8,0,-12,1,5,5,13,-13,15,10,12,8
35/13,0,-2,0,1,-5,-2,-3,-2,6,-2,8,-10,8,-4,0,3,0,5,3,14,14,12,4,9,8
73/31,0,2,-2,0,-1,6,-3,-2,1,6,2,-1,-6,-10,-11,6,-4,13,12,-15,-11,-12,16,6,11
67/34,0,2,0,3,-5,2,-2,-2,0,-2,3,11,6,-1,-11,6,2,-12,-5,11,-2,-1,-7,-6,-14
-18/7,1,0,2,-5,6,1,6,-2,0,3,-2,-2,2,-2,-11,-7,0,2,2,9,7,-11,-10,18,2
48/71,0,0,0,1,-2,-5,3,-2,-3,-8,-9,-2,-6,-7,4,-6,6,-6,-8,4,0,6,-11,0,2
-69/71,0,0,0,0,2,-5,5,-2,-7,-5,-9,5,10,-3,-7,-7,11,-3,12,4,-6,-14,0,9,-2
-73/76,0,-2,0,3,4,-5,-1,-2,2,-2,-4,-5,-3,10,-6,3,-1,-3,2,8,-11,-7,14,-6,-12
-69/74,0,0,1,1,-5,2,2,1,-7,-5,-6,-8,-3,4,1,-2,0,8,4,-7,-6,-7,-7,-16,12
-71/74,0,-2,4,-5,0,-5,-3,-2,6,4,2,-8,-6,12,4,-4,-9,6,2,-12,-13,-9,16,-12,-14
-12/97,0,0,1,-5,2,4,3,-2,-6,6,-4,-7,8,4,-6,3,11,-11,3,3,-7,0,17,4,4
-9/94,0,-3,2,-5,-3,2,3,1,3,6,-1,-1,-4,9,3,-2,0,-2,-11,-12,-4,6,12,-1,12
-13/95,0,2,0,1,2,-7,2,-2,3,-7,-5,-2,12,-9,1,-10,6,-1,12,-9,-5,-10,1,18,3
-15/97,0,0,0,0,-1,-5,2,1,-4,9,-10,-7,12,-1,-8,-4,-13,2,12,-12,-1,-6,-4,-1,4
-14/95,-1,-2,0,1,0,1,-6,-2,-8,7,-2,-11,12,12,-2,-3,6,-8,12,6,11,4,0,2,-6
-43/55,0,-2,0,0,-2,1,-6,1,6,-3,0,-8,0,-1,-8,-7,-2,-6,8,13,-6,11,14,10,-3
57/25,0,0,0,1,0,-5,2,1,-8,6,6,5,12,-1,-6,-3,0,8,3,6,0,-15,6,6,3
56/29,0,2,2,1,0,2,3,-2,-8,-6,3,-6,8,-3,0,-11,4,-3,-6,-6,12,10,-4,-8,2
59/28,0,-2,2,-5,0,2,-1,1,-8,0,2,2,0,-10,1,-14,-12,13,4,14,-7,9,17,6,12
-9/2,0,0,-2,1,-5,0,-3,1,3,10,3,2,6,-6,11,-9,-7,4,-10,-15,-7,8,-15,-7,17
100/99,0,0,0,1,-2,-6,6,1,3,-10,-9,-8,-4,7,4,6,-4,-12,12,-12,7,-5,2,-13,2
101/99,0,0,1,3,-2,4,-5,-2,-8,-4,-1,10,-6,8,8,-2,6,-1,-11,6,2,4,-3,8,10
97/94,0,2,0,1,4,0,1,-2,4,-10,-10,-2,8,-3,3,-2,8,8,5,-9,2,-4,4,12,8
25/24,0,0,0,1,4,6,-5,1,6,-3,1,10,0,-4,-7,6,13,1,8,12,-6,-8,14,0,9
2/11,-1,2,3,-5,-2,6,5,-2,-9,4,3,-2,-4,12,1,-7,10,-7,2,15,5,13,-3,-4,-5
5/18,0,0,0,3,4,2,2,-2,-4,-10,-6,11,-9,-6,-3,-3,6,13,11,8,-14,6,2,2,-18
22/75,1,0,0,3,0,2,-3,1,-9,5,4,-7,8,-2,-11,-3,0,-10,14,-15,0,-9,-4,-15,8
19/68,0,-2,-2,0,-3,0,-2,1,0,0,-4,-2,6,6,-10,-4,0,0,11,-15,5,12,-3,-6,-1
3/35,0,0,0,-5,4,-1,2,1,2,6,-2,-2,6,2,-6,-2,6,-5,-12,4,-6,0,3,-6,14
8/69,0,0,3,1,6,0,-3,-2,0,-4,1,-6,-6,4,-4,-2,0,10,11,6,-6,-16,-1,3,-10
7/71,0,-2,2,1,0,6,-3,-2,-3,-4,10,-5,-6,7,8,4,10,-10,8,4,-11,4,12,12,-1
-1/68,0,2,3,-5,4,-5,-2,1,-3,-8,-5,-1,3,-12,-6,9,-4,4,4,-12,8,15,6,-8,-9
-41/46,0,2,1,1,4,-1,5,1,0,4,-1,-5,-4,9,0,4,4,-10,14,4,2,0,-15,-14,9
-40/47,0,2,0,1,4,-5,-1,1,2,4,-9,5,-9,4,3,6,8,1,-12,-12,4,10,6,-4,9
-46/45,1,0,0,0,0,2,-6,-2,-7,-5,1,-7,8,4,0,3,-3,2,4,15,-4,5,-3,-12,-18
-43/48,0,0,2,0,-2,2,2,1,-3,9,1,5,-4,-1,-1,-6,-1,13,-10,12,0,-14,-5,0,14
43/14,0,-2,-3,-5,4,-5,2,1,6,4,1,10,1,-1,10,-9,2,8,-13,-13,4,-11,15,-4,-7
28/61,0,2,-3,1,-5,-6,-3,-2,6,3,3,-3,7,6,4,-4,-14,-4,0,5,2,8,-13,-9,-7
-15/17,0,0,0,1,-2,-6,-2,-2,4,2,-8,-5,6,-9,-8,-6,-4,4,2,8,12,12,-6,2,-14
74/25,1,-2,0,0,6,-5,2,1,4,-2,-4,-11,12,9,-6,-2,-11,-10,12,8,-10,-16,-4,9,-14
-5/23,0,-2,0,0,2,-6,-6,-2,0,-2,-1,-2,-9,7,4,10,2,-5,4,2,2,-4,0,-14,-2
-11/45,0,0,0,0,0,-1,3,1,3,-5,-4,-1,4,8,-3,6,4,4,-10,6,-8,-7,0,12,-7
-75/2,0,0,0,0,-5,-5,2,-2,-4,-4,-5,10,-3,2,-2,6,-4,-12,4,-13,1,0,-6,-3,10
-44/71,0,-2,0,-5,0,2,-3,1,-3,10,-6,11,-5,1,12,-2,6,-11,4,4,2,-4,0,3,2
-22,1,-2,2,1,0,-5,6,1,-3,6,-5,-2,-3,8,0,-2,-3,-7,12,-12,-13,-8,0,12,2
-47/57,0,0,1,1,-3,2,6,-2,6,-10,-4,10,2,-12,-8,6,0,-1,8,-12,8,-15,2,-14,6
-52/57,0,0,2,-5,4,-7,2,-2,1,2,-4,11,-9,2,0,-10,-13,13,-12,-12,-13,9,12,9,10
-51/59,0,0,0,-5,-5,0,-8,-2,1,6,8,5,-5,8,-11,6,10,-13,8,3,2,10,16,0,-5
-51/56,0,0,1,-5,-3,2,-8,-2,3,4,-2,-7,0,-4,4,3,-7,5,-10,-6,-8,1,6,3,-2
46/7,1,2,2,-5,4,2,-4,1,-7,3,3,5,-4,-4,4,0,-11,13,-11,-3,-2,-16,16,-14,13
23/4,0,-2,-3,-5,-2,-1,-1,0,-7,9,-4,-2,6,4,0,3,-5,-5,4,14,4,-6,0,10,-6
47/13,0,-2,1,1,4,-2,4,1,-6,-5,6,-2,8,4,-8,-10,9,13,4,8,-6,-9,10,18,16
49/13,0,2,-3,1,0,-2,-4,-2,6,-4,1,10,-4,-6,7,6,-9,-1,12,12,2,-7,0,-12,-18
47/16,0,-2,2,1,4,6,-3,1,-3,-5,2,5,7,7,-8,1,-14,-8,-2,-12,8,-7,12,3,-5
-93/73,0,0,2,-5,-3,1,6,1,-8,-5,-10,-5,-3,2,-6,-6,4,8,0,-5,-6,10,11,12,-6
-95/74,0,-2,0,1,2,2,-3,1,0,3,-5,-8,-6,4,10,-6,13,-10,4,4,-13,-4,8,-6,12
-47/35,0,-2,0,-5,-3,0,-3,-2,-8,-8,-9,-2,-6,-2,-8,-3,-4,1,-8,16,-6,13,1,8,2
-80/77,0,-2,0,-5,-2,0,-1,1,-3,-5,-5,6,6,7,1,-11,0,-13,-14,-12,-14,1,4,-6,-2
1/94,0,2,1,-5,-1,-1,-6,1,1,-2,2,10,-3,2,3,-9,10,1,-4,-12,-6,-14,0,6,-2
-38/67,-1,2,0,0,2,6,-3,1,-9,0,3,-5,6,4,-11,2,0,10,0,-9,-2,-15,1,-15,1
-39/53,0,0,-3,1,-2,-7,-5,1,-3,-7,-7,5,-9,4,0,5,-11,1,8,0,2,-4,-4,3,-18
-36/53,0,0,0,-5,4,1,3,1,6,9,-10,10,-6,2,0,5,4,4,6,-1,-2,8,2,-6,-10
-23/16,0,2,-2,1,-1,2,-5,-2,-7,-2,4,-11,0,-12,0,-3,-7,-2,14,4,-10,4,3,-15,-3
-53/35,0,-2,0,-5,-5,2,5,1,-3,-2,1,-2,-7,-12,-8,-10,4,-13,-10,-15,0,-16,6,1,1
-57/35,0,0,0,-5,6,4,5,1,-3,-4,-5,-5,-4,5,10,0,-1,6,-10,2,-10,12,-11,6,-6
61/17,0,-2,-2,-5,-5,6,-2,-2,-3,6,-1,-2,1,-3,1,1,-14,-13,-12,-3,10,-8,-4,9,-6
7/2,0,-2,0,1,0,2,6,-2,-3,-10,10,-7,-3,-4,-6,-4,13,8,4,-15,5,4,4,10,1
-73/36,0,0,3,-5,4,6,-5,1,-3,-7,-10,7,-1,6,0,-4,6,-11,12,6,-11,11,2,-7,14
-75/37,0,0,0,0,2,-5,-4,1,-6,4,3,-8,-4,5,-11,6,9,4,-5,-3,6,-9,6,-13,-9
-77/40,0,2,0,1,0,2,1,1,-3,6,10,7,-5,4,7,6,-4,13,4,-6,-13,-1,-11,0,5
-23/10,0,2,0,-5,-5,6,-3,-2,-7,-10,2,-1,10,4,10,1,0,10,-8,3,-9,-14,4,-8,-12
-107/21,0,0,-2,-5,0,4,2,-2,-9,-5,-1,-7,8,10,-8,-7,8,1,-12,-12,-2,8,-5,5,11
-107/20,0,-2,0,1,-3,6,-3,-2,-3,0,-8,-2,8,-7,0,-2,13,10,8,5,2,10,1,-17,-13
-52/9,0,0,-2,1,-3,-7,5,1,3,7,-1,5,-6,10,0,-10,10,10,1,-8,-13,-16,0,-17,-12
-23/34,0,2,2,1,6,0,-2,0,-7,6,-9,-7,2,-10,6,-14,1,1,4,-15,-14,-16,1,-12,-2
-50/69,-1,0,0,0,0,6,4,1,0,-4,0,-5,-9,12,4,-4,-1,-1,2,6,0,-5,2,0,-5
-26/35,1,-2,0,-5,0,-7,-3,1,-8,6,-5,10,-6,-7,4,-2,4,10,-4,0,-16,-16,-6,-4,2
-54/67,-1,0,0,-5,-5,6,2,1,0,2,-1,10,6,6,4,-12,1,-7,0,-12,7,5,-4,10,-2
-47/24,0,0,-2,3,-3,-5,2,1,-4,0,-1,-2,10,8,-8,-10,-14,4,-8,2,10,-8,-3,-10,14
-27/11,0,0,3,1,-2,6,-3,0,6,4,6,10,-6,8,0,0,0,1,16,12,8,10,-16,-12,-5
-26/11,1,-2,2,-5,-2,-7,-1,1,2,-3,1,8,6,-4,11,1,5,-10,-11,-4,2,-6,-3,-6,-14
-42/73,-1,0,4,1,4,4,6,-2,-3,5,1,-2,8,4,4,-3,6,-1,6,11,-6,11,16,-6,16
-43/69,0,0,2,0,-3,6,-3,-2,0,-2,4,-5,-6,-1,1,7,-3,-3,-8,-4,-1,13,15,-8,-12
34/101,1,-2,2,1,2,-6,-8,1,4,3,3,-8,8,12,0,-2,6,-2,12,-15,6,15,6,6,-12
32/101,0,2,3,1,4,4,-6,1,-3,2,-10,-5,1,2,-6,3,6,13,-11,8,2,-8,17,-15,8
51/35,0,0,0,-5,0,2,-8,1,6,2,-5,-6,-6,10,-11,-10,-1,-7,-10,15,-10,-16,10,6,-6
30/37,-1,0,0,0,-1,4,-1,1,1,4,-5,-8,0,4,0,6,6,10,4,8,7,9,2,0,-13
-46/3,-1,0,3,0,-2,0,-3,-2,-7,-2,-9,-10,-6,10,-11,2,-12,-1,2,-9,7,10,-16,6,-7
-49,0,-2,2,1,2,1,-6,1,-4,0,-9,-7,-2,4,0,-14,0,5,0,3,4,-9,12,-7,-13
87/92,0,0,0,3,0,-1,-1,1,0,-10,6,10,12,-10,-6,6,1,-7,-12,4,-2,6,-6,1,10
89/93,0,0,-3,1,0,6,-4,-2,-4,10,2,-6,2,-4,12,-6,-10,-7,8,-6,7,-6,-9,-13,10
86/95,1,2,0,-5,2,0,6,-2,-8,-10,3,11,0,-1,8,11,6,-10,-13,-9,2,8,2,6,0
79/52,0,2,0,3,-2,-2,5,-2,-8,4,-1,-7,0,-1,0,-2,-14,5,4,3,-2,4,2,-16,-5
56/57,0,0,-2,1,2,-6,5,-2,-8,-7,-9,-7,-3,-1,-6,-2,-9,2,3,6,-11,-4,-12,1,11
54/55,1,0,0,1,-2,-5,2,-2,2,4,1,-2,-9,-1,-8,-2,6,-7,-10,-15,-13,-8,-6,-3,-3
31/30,0,0,0,-5,0,4,2,1,3,-7,-10,-7,0,5,-8,-10,5,0,-4,-6,2,-9,-15,6,-18
17/38,0,2,2,0,6,-1,-8,-2,6,-10,-4,-2,6,12,11,5,-2,2,-12,-3,7,-16,0,1,12
-27/65,0,0,0,-5,4,-2,-4,1,-3,0,-1,-2,-5,-9,3,-9,-7,-7,-3,15,0,-8,-3,6,-6
-27/67,0,0,1,1,2,-6,-1,-2,6,-8,2,-7,10,9,2,6,6,4,0,-5,-6,-7,6,-12,-6
49/32,0,-2,3,1,2,-6,4,-2,6,-8,10,-2,-1,-10,-7,-11,-2,1,-8,-4,-2,-1,10,-1,2
-41/2,0,-2,2,-5,4,6,2,1,4,2,-9,6,-4,-6,-7,-10,11,-2,3,-2,-5,-4,2,-10,2
-23/14,0,-2,3,-5,4,1,-6,1,-7,-5,-5,8,0,-1,-8,-10,-9,0,5,0,11,-1,-4,-10,14
-82/61,-1,-2,0,1,-5,2,-6,1,-6,0,-1,-8,-4,2,0,1,0,-4,-5,4,6,11,6,-2,8
-42/31,1,0,3,1,6,0,2,1,1,-5,2,10,0,-4,13,-4,-9,8,9,-9,-16,-8,-6,-10,-4
-51/29,0,0,4,-5,6,-1,-8,1,-8,-6,1,10,0,-10,-8,-9,-4,8,4,-4,-7,8,-4,-14,-2
-53/27,0,0,0,-5,4,6,-1,-2,0,-5,-8,-7,-5,-4,12,-10,13,-4,10,-7,8,12,6,18,-6
-14/5,1,-2,0,1,2,-5,-3,0,3,5,-1,-8,-4,1,-11,6,11,-1,1,5,-6,6,8,8,17
10/21,1,0,0,-5,-5,4,5,1,6,-4,1,-8,6,1,-6,1,-3,-2,4,0,-13,-14,-16,-10,-14
-49/43,0,-2,3,1,4,-5,-3,-2,-3,4,-1,6,0,-12,-8,6,-4,6,5,5,-2,-6,-16,3,1
-16/15,0,0,0,-5,4,-5,-3,1,6,-8,2,-1,-4,-10,-8,-10,-1,-5,9,-15,-11,-11,10,-15,18
19/28,0,2,-3,-5,4,1,5,1,-3,10,-10,10,6,-10,-8,1,0,1,-13,14,-1,4,3,3,11
-38/23,-1,-2,1,1,2,-5,2,1,0,4,-4,-2,-3,-9,-3,-4,-12,10,-3,-4,-13,4,1,12,10
-39/22,0,0,0,3,-2,-7,3,1,-6,-10,-7,-5,2,12,-4,-2,-7,10,4,3,4,4,12,12,-12
-7/86,0,2,0,1,0,-5,-1,1,-3,6,2,-2,-4,-12,-8,1,-5,1,-2,13,4,8,-3,-14,-4
-5/87,0,0,0,3,4,4,-5,-2,-3,-6,6,10,12,4,0,6,8,4,4,4,2,-15,0,0,5
31/105,0,0,0,-5,4,-5,3,1,-3,9,-10,8,0,-2,6,-9,-4,-7,-14,4,-13,-6,-3,-1,-6
30/101,-1,0,0,3,-3,1,-3,1,3,-1,-9,-10,12,4,7,7,-13,10,6,2,4,11,3,0,-18
29/103,0,-2,3,3,6,2,6,1,3,-10,6,8,-6,2,0,6,-2,1,8,10,-4,5,6,18,12
13/50,0,-2,0,1,-3,-7,-3,1,-3,-7,8,8,1,12,4,-2,-4,-5,8,6,0,-5,-6,1,-3
-31/69,0,0,2,3,0,0,2,1,0,9,-10,-2,2,-6,12,6,-5,-10,0,-15,10,10,1,6,-2
-29/38,0,-2,2,1,-2,1,2,-2,6,-10,10,-2,0,1,0,10,0,-10,12,-15,-9,13,1,2,0
-26/31,1,2,1,3,-1,-7,2,0,4,4,2,6,-3,4,-11,-10,6,-1,-11,-12,-4,-4,-4,2,-3
-27/34,0,0,-2,1,2,-5,-2,1,6,-5,-1,-7,-9,10,-11,9,0,10,3,-3,5,-16,-5,10,11
-27/37,0,0,1,-5,4,6,-3,1,-8,6,3,-8,-6,-1,0,-7,-1,13,4,8,6,-1,4,2,-6
-31/34,0,-2,0,3,-1,2,-2,-2,-6,-5,-10,6,-7,-1,12,6,0,4,-4,-12,2,-11,-6,18,9
-15/19,0,0,0,-5,4,-5,4,-2,-8,4,-5,10,10,-4,11,-6,0,-8,4,14,-14,-11,10,-14,14
-28/41,0,2,2,1,-1,6,-3,1,-3,-5,-1,-6,6,-7,0,2,-1,8,-12,8,-4,-9,10,-17,5
-28/33,0,0,2,1,-2,-1,5,-2,3,6,8,10,-3,4,4,0,-4,10,4,-12,-13,15,3,6,3
-88/63,0,0,1,-5,0,-5,-3,-2,3,2,-5,-2,0,6,-6,-4,-3,-6,-11,-5,-10,-4,2,1,-18
-43/32,0,2,2,-5,6,-5,-3,1,6,-4,10,-5,2,-1,12,11,-14,5,5,4,14,10,4,-3,-2
4/95,0,-2,0,0,6,2,2,-2,-3,6,-6,-7,0,-4,-1,6,-10,-11,3,10,5,-11,-4,-8,-14
3/95,0,0,0,1,-1,-5,-6,-2,-3,-2,8,-5,6,1,-7,3,4,-1,-5,13,7,-16,2,6,2
-8/5,0,-2,0,-5,4,2,6,1,-8,10,8,-6,2,8,0,10,6,4,8,-15,-1,-9,14,12,3
-24,0,0,2,-5,0,0,-1,-2,-4,-4,2,10,-6,-10,0,6,10,1,-12,-9,0,10,0,1,8
-19/11,0,2,4,-5,-2,1,-5,1,-3,6,10,-2,-7,-4,0,-11,11,4,-3,-3,-13,12,4,10,-2
-96/55,0,0,0,-5,-2,6,-1,-2,-4,5,-9,10,12,6,-6,-7,-12,10,10,0,-2,-1,4,1,-6
-71/14,0,-2,0,-5,-1,6,4,1,-3,-8,6,-11,-2,-2,12,6,6,13,4,-12,7,-8,6,-17,-12
-73/13,0,-2,1,3,-1,-2,2,1,-3,10,1,-7,-9,-6,0,-2,1,-1,8,-12,-11,4,7,-3,-10
-34/11,1,2,4,1,-2,-5,-8,1,-4,-10,3,10,2,-10,8,4,-4,13,10,5,4,1,9,-8,-3
-40/21,0,0,0,-5,4,-5,1,1,-4,-4,-10,-2,-7,4,-11,1,-4,10,-12,-2,12,1,4,-14,-7
-37/19,0,-2,0,0,4,-1,1,-2,-3,-3,4,-11,-1,-9,-7,0,-13,1,-8,4,4,-8,-10,-4,17
-19/43,0,-2,2,1,0,-5,-3,1,4,0,2,-2,-1,-12,10,-2,10,6,8,14,14,-6,14,18,-9
-91/58,0,-2,-3,1,6,-7,-3,1,6,-6,0,-2,7,-7,-6,1,-4,-2,8,6,-1,-8,16,0,8
15/38,0,0,0,-5,-2,4,-3,-2,-3,0,3,-2,-5,4,8,0,13,2,3,0,-4,-15,-8,-4,0
13/35,0,-2,0,-5,-5,-7,-3,1,-8,6,3,-8,8,-10,-8,-2,6,8,5,-9,5,-4,-16,-17,-7
17/10,0,-2,0,0,4,1,-8,1,0,6,3,6,-6,-4,0,9,-4,-11,-6,16,7,-8,10,0,-10
7/76,0,2,3,1,-3,1,2,-2,-3,-7,4,-7,-2,4,0,-6,9,-2,4,0,-13,2,12,6,-2
9/77,0,-3,2,-5,-2,-5,4,1,0,-7,-9,-2,-1,10,12,9,-14,5,4,-3,2,8,-16,-6,-12
71/16,0,-2,4,-5,-5,0,2,1,-8,0,10,-5,-9,5,0,4,6,-12,-14,-12,7,12,1,-13,9
69/13,0,0,0,0,4,-2,-3,-2,-7,-5,-1,10,12,4,-6,6,2,-2,-6,-12,-10,-14,-7,8,1
73/9,0,0,-2,-5,-1,4,-1,1,-8,0,0,-8,12,-9,-3,-2,-1,-10,5,13,-11,0,4,6,13
-31/19,0,-2,2,-5,-2,2,-1,-2,6,-4,-10,-8,-9,8,-2,6,-7,13,5,-9,14,-16,-16,9,-19
-92/59,0,-2,-3,1,6,4,2,-2,-7,-3,1,-5,-5,2,-6,2,10,-1,12,5,-2,0,-16,6,-14
-101/58,0,2,2,1,-2,6,2,-2,-3,-6,-6,-8,2,10,0,-3,-12,-12,-12,-6,-13,-6,-3,6,8
-102/61,1,0,3,1,4,-6,-8,-2,3,-3,-5,-2,12,1,-2,-2,1,-4,-14,6,-1,-10,-6,-13,10
-56/33,0,0,3,1,-2,-5,2,1,-4,6,3,2,-9,4,-1,-10,-4,2,12,4,-5,12,3,-6,-2
-11/20,0,-2,0,-5,0,-5,-6,1,-9,-1,2,-2,-7,-10,-10,6,-13,-2,-12,4,-11,8,-5,-6,-18
-16/43,0,-2,0,-5,4,-1,-6,1,-3,5,-5,-7,-2,-12,-1,-2,0,6,5,-15,-14,0,-12,-12,2
-11/21,0,0,2,-5,0,2,-1,1,-8,-4,-4,-2,-3,-2,-8,-6,-11,10,8,4,6,11,4,1,-5
13/29,0,-2,-2,1,4,-7,5,-2,2,-6,-5,-2,6,-3,0,-4,13,10,-8,-13,-13,-1,6,2,-1
31/60,0,0,0,1,-3,6,5,1,-8,4,-10,10,-3,-6,12,0,-9,8,14,16,-13,-16,12,0,2
44/23,0,2,2,0,0,6,-3,-2,0,-5,1,10,-3,9,12,1,-7,2,4,3,5,8,6,1,6
38/27,1,0,1,-5,-5,6,2,1,-8,10,6,10,8,10,-11,-4,-4,13,4,5,6,-8,3,-17,-12
38/29,-1,2,-2,3,4,-5,-5,1,4,-6,3,5,-1,7,-8,7,-12,-13,4,13,-1,-9,-5,-14,8
34/3,-1,0,2,1,-3,6,-8,1,-9,0,2,7,6,4,-6,6,-9,-7,4,-15,7,-8,4,2,3
100/9,0,0,0,0,4,2,-3,1,2,-3,10,10,-7,6,13,6,6,-7,4,3,-8,10,6,-1,1
-62/23,-1,-2,4,-5,-3,6,4,-2,0,7,-10,-2,6,8,-10,1,4,1,-12,3,-4,11,-15,-6,-10
-41/37,0,2,3,-5,0,2,-4,-2,6,9,10,-8,-4,-7,6,-2,-13,-4,-14,8,2,-16,14,0,0
-44/35,0,-2,0,-5,0,4,1,1,0,-5,-1,-7,12,2,-6,-4,-4,-6,6,-4,-9,0,-16,-17,-2
-45/38,0,-3,0,1,-1,-6,-1,-2,-4,-3,-4,6,2,4,12,1,0,0,9,8,-2,-9,11,10,-2
-17/14,0,-2,-2,-5,0,-1,-8,-2,3,-4,2,-8,-1,12,-3,1,5,8,-14,0,-6,12,-4,-3,2
-45/43,0,0,0,-5,-5,-5,6,-2,-3,5,-10,10,-9,-12,0,-2,-11,-2,-13,4,-10,10,-3,-6,-7
-97/88,0,-2,4,1,-2,0,-3,-2,3,3,2,8,-6,8,-8,-4,-7,-10,4,-5,-1,-7,8,-17,8
-103/88,0,-2,1,-5,-2,-5,5,1,-4,9,-6,11,-6,-1,0,-2,-4,5,-13,3,-6,8,-11,-17,14
-100/89,0,2,0,0,6,4,-4,1,6,-5,-7,10,2,0,4,10,-11,6,-12,15,12,-15,17,-8,12
-103/85,0,-2,0,1,4,0,-2,1,6,-5,-5,-1,-3,-6,2,-3,-2,-3,8,-3,14,4,-16,10,5
-47/48,0,0,0,-5,-1,0,-1,0,3,-2,1,2,-6,-4,-8,2,-11,13,8,7,14,12,-7,10,9
45/13,0,-3,0,-5,2,-2,-1,1,3,0,-9,-8,0,4,0,-11,1,2,2,-13,-2,10,8,-10,-1
-24/11,0,0,0,0,-2,6,-3,-2,6,4,-9,10,8,4,13,1,-14,-11,-3,2,-2,-5,-4,-17,14
-68/41,0,-2,0,-5,0,-5,-8,1,-3,-2,10,-7,6,5,-6,1,-14,6,-2,6,-16,-14,-3,-7,2
-70/39,-1,0,0,1,-2,-2,2,1,6,6,1,10,0,-3,0,-7,13,-10,-5,-15,-1,-10,-4,-12,-18
-49/6,0,0,4,1,-5,6,-5,-2,3,4,-4,6,7,10,-11,3,2,2,10,-15,-6,-5,0,-6,8
-85/12,0,0,0,-5,-2,6,-8,1,4,-4,3,5,10,-6,0,-3,-4,5,-12,-1,1,12,6,-6,8
2/99,-1,0,-3,1,-2,2,2,-2,-4,-4,-8,-1,-6,4,-6,-4,5,-7,4,3,-1,-14,12,6,8
-2/49,-1,2,0,-5,-3,-5,4,1,3,-8,-2,-1,10,-7,-8,-2,6,8,8,4,-10,-14,-13,-14,-1
46/75,1,0,0,-5,6,0,-4,-2,-7,4,-7,-7,-1,12,12,-2,-7,5,4,-9,12,13,14,-4,11
17/24,0,0,-2,0,-2,4,-8,-2,-8,3,-6,-6,12,0,1,-2,-4,-10,4,-15,2,-1,-4,-12,-19
34/13,1,2,3,0,2,-2,-8,-2,-3,4,-5,2,-1,-3,-8,-4,0,5,-2,3,-13,13,15,-6,-2
17/6,0,0,3,-5,-5,-5,-8,1,-4,-1,-1,-7,0,-4,-8,7,0,13,-7,0,2,8,6,6,10
36/11,0,-3,2,1,-2,-5,5,1,-4,-1,1,-5,-9,9,-8,-4,-14,4,8,12,-5,-10,4,12,1
99/41,0,0,2,1,0,-5,-6,-2,-8,4,-9,-10,6,9,0,-7,-12,1,0,-3,2,11,2,10,18
101/40,0,-2,0,1,4,2,2,-2,6,-2,-7,-7,-7,4,-8,-11,6,10,5,5,-13,5,7,0,-3
99/40,0,-3,0,3,0,-5,-3,1,6,0,3,5,-3,-4,12,-2,0,-13,-12,3,-13,1,-12,12,-14
101/39,0,0,2,1,-3,-2,-1,1,6,9,2,-3,-1,8,12,6,-4,1,-14,-15,-2,8,3,-17,8
25/33,0,0,0,-5,-2,4,-4,-2,4,0,-4,-2,-7,-10,-6,0,-12,-2,-14,-12,-1,-16,4,-1,14
31/32,0,-2,-2,1,-1,1,-1,-2,2,7,-10,-5,-2,2,0,-6,-11,2,1,0,-13,11,7,-15,-2
-89/25,0,2,0,-5,4,4,-3,0,-3,6,-1,6,3,-10,11,-10,-10,0,2,3,0,1,2,-13,2
-89/28,0,2,-3,-5,0,2,6,-2,-9,-7,-5,2,10,-1,3,6,-1,0,11,-9,11,6,-6,-13,2
-89/21,0,0,0,-5,-5,2,3,-2,6,6,3,-1,0,-4,0,4,0,-10,4,-5,14,6,0,-13,-12
-91/22,0,-2,-2,1,-2,-7,-4,-2,-4,9,8,10,0,4,0,-11,-1,1,-4,10,-10,10,12,-17,13
65/42,0,0,0,-5,2,-7,-5,1,-3,-4,-1,10,-3,8,1,-4,-7,-5,5,-8,-1,4,8,10,-9
62/41,-1,2,3,0,4,-5,-3,1,2,10,-10,-10,6,-12,0,-2,9,-5,2,11,7,-16,-4,-6,10
-83/11,0,-2,-2,1,-2,-1,5,1,-3,5,0,-5,7,-12,2,-2,-14,5,-10,-4,6,-10,0,2,2
-82/11,1,2,0,-5,-2,0,-3,1,-8,4,2,-1,-4,8,-11,9,-14,-3,5,-8,-10,8,0,-6,10
-34/37,-1,-2,3,-5,0,-5,-8,1,4,5,0,-8,-4,4,0,-9,8,1,11,2,-9,-10,3,-1,13
-27/38,0,0,4,-5,6,2,-5,-2,1,-8,-5,-5,8,-7,-7,-4,10,-2,-14,-6,-2,0,-9,10,-6
-29/36,0,0,0,1,4,2,5,1,-9,-10,10,6,-6,-2,-8,3,-5,6,2,4,-13,-16,-3,18,18
18,1,-3,3,-5,4,-5,4,1,6,-10,10,10,-6,-6,-6,6,0,6,0,-3,-4,0,-4,6,11
58/13,1,2,0,-5,4,-2,5,-2,6,-10,-1,10,-5,8,6,-11,11,-10,4,-8,-2,1,12,2,9
57/10,0,0,0,-5,0,6,-3,1,6,-8,0,10,-6,-4,2,-9,-4,13,4,-4,-1,-10,-3,12,-1
59/6,0,0,2,-5,0,6,1,-2,2,-4,0,-5,3,-6,4,-3,-12,-11,4,-13,2,-8,-11,-6,16
-50/19,1,2,0,-5,-1,-1,-4,-2,-3,-4,1,10,1,4,13,6,6,8,8,-15,-2,-10,-4,6,2
-54/19,-1,0,2,1,4,-5,1,-2,6,-5,-1,-2,-5,-1,-8,-2,6,-2,-12,12,-16,13,12,6,-18
55/16,0,2,0,3,0,2,-3,-2,6,-1,8,-2,1,4,-8,2,4,1,5,-8,-13,11,12,6,-6
27/10,0,0,0,1,2,-5,4,1,-3,2,3,7,2,8,0,6,4,-5,4,-12,-4,-14,17,1,-14
-17/78,0,0,0,-5,4,-2,-8,0,-6,-10,-4,-2,0,1,-1,6,-2,0,-14,8,-2,-4,1,3,14
-8/27,0,0,4,0,4,-5,-5,1,-8,-2,-6,5,-3,-2,-6,-4,-11,-4,-13,15,-13,9,9,3,2
48/7,0,0,2,-5,6,-5,-6,1,-4,4,-4,-6,-6,-1,-6,-9,9,-2,4,-4,-4,0,-16,6,-14
39/82,0,0,0,-5,6,-7,-3,1,-8,-1,10,-6,6,-6,13,-7,0,6,5,-8,-14,6,-13,-16,2
41/87,0,0,3,1,-2,-6,6,1,-3,-6,10,-1,-4,-2,0,10,6,6,-14,6,-1,-16,3,-10,-2
-11/12,0,0,-2,1,0,4,-4,-2,-3,4,3,5,2,-6,-7,-4,6,0,-13,3,-16,-10,4,10,13
-62/69,1,0,0,1,4,-5,-5,-2,0,-8,-10,-2,-4,5,4,6,2,8,-5,-15,-5,-7,-16,10,6
-61/71,0,2,2,1,-5,-5,-3,1,0,-7,2,-2,0,2,11,6,9,-13,-14,4,-10,-8,9,-12,12
11/43,0,-2,0,-5,0,-6,2,1,0,6,10,-2,7,-12,6,3,5,-8,-3,4,-6,5,-1,-1,-14
-29/35,0,-2,0,-5,-1,-5,2,1,3,-10,4,5,-9,4,3,-12,-4,2,10,-1,10,2,12,9,-9
-31/29,0,2,0,-5,4,6,-3,-2,4,-6,-10,11,1,-10,4,-4,5,2,-14,2,7,0,4,0,10
-31/32,0,2,2,0,0,2,1,1,-8,0,-10,-2,6,4,-8,-14,8,-11,-12,3,2,-4,9,10,-1
-11/4,0,2,0,1,0,6,-1,1,-8,3,-5,-7,4,12,6,-4,6,1,-7,-2,-5,-4,-4,0,17
28/5,0,-2,0,1,6,1,-4,-2,-3,2,10,10,-7,4,-6,1,2,8,11,-12,2,-14,6,1,-2
87/19,0,0,-3,1,-3,-5,4,-2,3,-10,4,2,-3,5,-8,0,-7,-4,-14,-4,-2,8,3,10,-2
30/7,1,0,0,-5,0,-5,2,-2,-3,-2,-1,7,6,6,7,-2,-4,13,12,5,2,13,-4,-8,-2
23/6,0,0,-2,-5,-1,-6,4,-2,-7,0,-5,-5,-6,7,-6,1,0,10,8,4,-5,-4,-16,9,8
94/21,-1,0,2,-5,4,0,5,1,-4,10,3,-2,-3,2,-8,9,2,-10,-12,-3,-16,-6,-13,0,18
11/25,0,-2,0,0,0,0,6,1,-8,3,-2,5,-9,4,0,6,-5,5,-2,15,-14,-6,2,6,2
53/88,0,-2,4,0,-2,-5,6,1,0,-3,-1,-2,-7,2,-8,-10,6,-4,2,-12,12,-4,-16,-6,-13
53/91,0,-2,-2,-5,-2,-2,-5,0,-6,-4,-1,2,2,4,0,-10,13,10,-4,4,-6,10,-12,-14,-7
16/13,0,2,3,-5,0,-2,-3,-2,-8,0,6,-11,-6,12,0,6,13,-11,-13,-12,-5,-1,-3,-3,12
23/43,0,-2,0,1,6,-1,6,1,-7,-5,-1,-5,8,-12,12,1,-7,-11,3,3,10,-16,-3,6,-8
14/45,-1,0,0,1,-2,4,-4,1,-3,3,2,10,-3,8,10,-6,4,-8,2,4,-7,-14,-6,10,-1
-72/37,0,0,1,1,-3,2,-1,1,6,7,10,-8,-6,-12,-4,-2,-14,-5,4,16,-13,6,-3,10,8
4/27,0,0,0,3,-2,-5,2,-2,-3,-1,1,10,-4,-9,0,6,6,2,8,-1,-10,5,-16,4,-7
-1/51,0,0,1,3,-2,2,-2,1,-3,-2,8,6,-5,8,-6,-2,-3,0,4,-9,-4,-16,5,-15,10
-3/100,0,0,0,1,0,-5,-1,-2,4,-7,-10,10,-3,4,0,-2,0,10,8,3,-13,-4,12,-10,8
-9/100,0,-3,0,1,-1,6,-3,1,-9,-4,3,-2,6,2,3,6,-14,-10,0,8,4,-15,12,18,9
-1/105,0,0,0,-5,0,6,5,-2,3,-5,10,-1,6,4,0,-3,-5,6,4,-7,2,-16,6,5,0
-1/101,0,2,1,1,4,-1,4,-2,-3,-7,-9,2,4,4,4,-11,0,10,8,15,-1,-10,2,-12,-5
-1/50,0,2,0,1,0,6,4,-2,-8,4,-9,-2,8,-4,-11,6,-10,-4,11,0,-2,-9,-16,-1,-1
89/18,0,0,-3,3,0,2,-3,1,-9,9,8,10,-4,-10,-6,-6,2,-10,5,2,7,-1,-4,-13,2
87/17,0,0,0,0,0,6,-2,1,-4,-10,-9,-5,-7,4,-10,-6,0,2,3,15,-4,13,10,0,-12
89/16,0,-2,1,1,0,-5,-3,1,3,4,1,-1,3,-10,13,6,-12,-6,6,-8,-16,8,-16,-13,-13
19/3,0,0,-3,-5,6,0,6,1,4,4,-9,-1,6,6,3,-10,-13,2,5,14,-2,15,12,-6,7
97/18,0,0,1,-5,2,-1,6,-2,-4,6,-1,-6,0,10,-6,-4,0,2,1,-9,4,0,10,-7,8
-40/43,0,-2,0,1,4,1,2,-2,-8,6,2,10,12,-12,4,-14,-4,-1,1,12,4,-4,11,-12,-10
-36/41,0,0,1,0,-5,-5,1,-2,-8,-8,0,-6,6,-6,12,1,-2,10,-11,-1,-13,10,6,-14,2
-25/34,0,-2,0,-5,0,-5,-2,-2,0,-3,-6,5,0,-2,4,-11,0,-10,-14,-12,-4,-1,3,-14,-12
-7/31,0,-2,2,1,0,-1,-3,0,6,4,2,-3,0,4,0,-9,-11,2,-12,-15,2,11,10,-8,-5
-91/55,0,-2,0,1,-2,-7,1,-2,6,4,-9,-10,-6,-3,-6,-12,1,-1,-12,3,-16,1,-4,-1,18
-93/59,0,0,-3,-5,4,-1,3,0,3,2,-10,-2,-4,-1,-1,-9,10,10,8,-12,2,-15,-1,10,-12
-66/35,1,0,0,-5,0,2,-6,-2,2,-10,1,5,-1,-10,-3,-2,-4,4,5,-12,8,-4,0,-1,-13
-69/41,0,0,0,1,-5,4,6,1,-7,4,-8,6,6,-1,-6,3,0,1,5,0,7,13,-8,-3,-13
-32/33,0,0,4,1,-2,2,5,-2,2,0,0,-2,-5,1,6,-2,13,-11,-11,-4,7,10,-16,-15,5
-21/2,0,0,0,1,2,-1,5,1,-3,-2,-5,-2,10,7,1,6,0,-11,5,6,10,-15,3,12,-18
31/43,0,2,2,3,-1,4,5,-2,-3,-2,-10,7,-5,-12,-1,-12,-10,-8,-14,12,-5,-8,-4,6,0
9/14,0,-3,4,-5,-2,-1,2,1,-4,4,-7,6,0,8,-1,0,-4,-1,8,15,-13,-1,16,-3,2
59/84,0,0,2,-5,6,6,-4,1,3,3,-8,-2,8,6,-6,3,-12,-7,-14,-8,12,4,0,6,-12
-3/50,0,0,0,-5,4,-5,2,-2,-3,-2,-1,2,0,-6,-8,-3,-1,6,-8,-12,-5,10,0,10,-14
-2/93,-1,0,0,1,-3,6,-3,0,-8,3,2,5,-1,-12,4,-2,0,-10,-5,-1,-13,-4,-10,6,5
-5/93,0,0,0,0,6,-5,-1,1,6,-2,2,11,-9,6,12,-11,6,-6,5,4,-4,6,4,-1,-9
4/21,0,0,1,-5,4,6,4,1,-8,3,3,-7,6,6,0,-11,5,1,-11,-12,0,-4,-3,12,-3
4/93,0,0,2,1,-2,0,-4,-2,0,7,2,-2,-3,-10,-6,6,-14,-5,-6,15,8,5,-12,-6,8
2/95,-1,2,0,-5,4,6,1,-2,-6,6,2,5,-6,2,4,1,8,6,1,0,-14,-12,-3,-6,8
-1/95,0,2,0,-5,-2,1,2,-2,-3,-10,0,10,-7,-10,-8,6,0,-7,2,-12,-5,-1,-4,-6,5
1/48,0,0,-3,1,-2,1,5,1,1,-8,3,11,1,-1,2,4,6,10,2,-3,4,13,-4,-10,-14
-34/31,1,-2,0,-5,2,2,-8,-2,-3,-5,2,10,4,-4,-6,6,6,-12,-13,-9,2,-1,2,8,-9
-29/34,0,2,1,0,-3,4,-2,1,1,-10,3,-7,10,12,-8,-3,-10,-3,2,2,-13,-9,3,-3,10
-29/30,0,0,0,3,2,-1,2,1,-3,-10,-4,-7,6,-9,4,-9,0,-6,4,0,-2,13,-1,0,0
6/83,1,0,3,0,-5,-1,2,1,3,9,10,10,1,-2,-6,-11,-11,6,-14,7,-4,-4,-16,-9,3
41/6,0,0,0,0,4,-1,-3,-2,-8,-7,3,10,-4,-7,-8,-6,6,-6,0,3,6,-11,-4,-10,6
41,0,-2,0,1,0,0,1,-2,6,-5,1,-8,-4,-2,0,1,2,2,-12,-15,-6,-4,4,2,-3
37/13,0,2,1,-5,-1,-2,6,1,-8,3,1,-11,1,-1,8,-9,-2,4,10,0,-4,-16,4,0,17
71/26,0,2,4,3,-3,-2,-5,1,-6,6,1,10,-9,7,11,6,4,-7,-6,-12,0,2,3,-10,8
67/98,0,-2,1,-5,6,-5,-3,1,-3,3,2,6,-6,4,12,-6,10,-2,-5,4,2,8,10,0,8
70/99,1,0,0,1,-2,6,2,1,6,4,-1,-7,12,-12,8,6,-10,-4,8,9,14,4,-16,-3,6
71/99,0,0,1,0,-2,-5,3,-2,-4,-10,8,-6,8,-2,-2,-7,0,-10,2,-12,0,1,1,-1,-8
69/100,0,0,0,3,-2,6,-3,-2,-7,-5,2,-11,-6,12,-6,-3,4,-3,4,0,4,6,6,-14,6
48/11,0,0,3,-5,-2,0,-4,-2,-9,6,1,8,2,4,-10,-2,4,-5,-3,8,0,-15,2,18,2
-46/21,1,0,1,-5,-1,-5,2,1,-7,9,8,2,-1,-4,6,6,-1,1,12,-15,-2,-14,-6,8,17
62/15,1,0,0,1,6,-5,2,-2,-8,-5,-10,2,7,8,2,6,6,-8,-11,12,7,-4,-6,-1,-6
-43/13,0,-2,2,0,2,-2,5,1,6,3,3,-6,3,-1,3,5,13,1,2,-12,-7,10,-1,18,-14
-47/17,0,-2,2,3,4,4,-2,-2,0,4,1,-5,-1,4,-8,-2,-7,13,3,-15,12,-14,0,-10,-2
-62/35,-1,-2,0,-5,-1,-1,-5,1,4,0,-10,-1,-3,4,1,-2,-3,-12,3,8,-2,-5,-9,6,8
-60/37,0,0,0,-5,4,-5,2,-2,-4,6,-8,-8,2,-4,12,6,-4,-2,-12,-15,10,2,4,-17,8
-17/39,0,0,-2,0,6,-2,-8,1,-3,6,-7,-5,-4,9,-6,-7,-4,5,10,8,-8,-9,-16,-6,0
-17/40,0,2,0,-5,4,-1,-8,0,-4,0,-5,-5,-6,4,0,-6,6,-13,0,10,-5,-4,4,-4,10
44/37,0,-2,-3,0,0,-5,-4,-2,-3,7,-4,-8,-4,8,12,-4,6,-10,10,8,2,-10,-4,6,-3
83/59,0,2,-3,1,4,2,-3,-2,-8,-2,-2,6,6,0,-7,-7,10,-4,8,-8,-6,-16,0,6,-1
-56/101,0,-2,1,1,4,2,2,1,0,-2,-2,10,10,4,8,6,-4,-5,-11,7,-6,-4,-3,2,18
-18/35,1,-3,0,-5,-1,4,3,1,6,-8,3,-7,3,-1,0,-3,6,-8,2,7,12,-1,-16,-6,13
-27/52,0,0,1,-5,0,-2,1,-2,3,3,3,10,-6,4,-1,-2,-10,-5,2,11,-2,0,-10,-14,8
-51/103,0,0,-2,0,-5,6,-8,1,6,-3,-4,10,12,4,4,6,10,8,6,-9,2,9,0,6,8
-25/51,0,0,0,-5,0,6,-2,0,6,4,-1,-7,-6,-1,-3,-2,7,-2,4,3,-2,-16,-4,3,-9
-23/49,0,2,-3,-5,-1,6,2,-2,-7,0,-4,-3,-2,-9,-8,3,-1,8,-4,2,-6,8,-3,-6,-3
-46/101,1,2,1,0,6,4,6,1,-7,-4,-6,-8,-6,-6,-6,1,10,13,2,-5,11,-4,3,10,10
-52/97,0,-2,2,3,-3,-7,1,1,6,-10,10,-7,-7,8,8,7,0,-1,-10,-13,-4,-4,1,-12,4
-22/31,-1,-2,0,1,0,-6,-3,-2,-8,-10,2,-5,0,4,11,-3,4,-6,-2,-12,-6,-16,10,10,1
-41/43,0,2,0,0,0,-6,2,-2,2,-3,-7,-11,-4,-12,3,2,-2,4,4,12,-11,-15,-4,2,-5
-41/42,0,0,0,-5,-3,-5,2,1,-6,-5,4,2,-4,-2,-6,-4,-4,-2,2,-3,-10,6,11,-1,13
31/51,0,0,4,-5,2,-5,-2,-2,-4,-5,-10,2,12,4,-6,-9,13,-5,11,-1,-2,6,9,-9,-14
-46/19,-1,-2,0,1,0,2,5,-2,-7,6,-5,-5,-6,2,12,-2,0,-13,-10,8,-7,8,-7,-1,11
-27/16,0,0,2,-5,6,-5,-1,1,-8,4,-1,5,1,-6,1,1,-2,2,-5,8,12,-8,4,8,1
35/66,0,0,0,1,-2,-1,-3,1,-9,-5,2,-6,7,4,1,3,4,8,-12,-12,10,0,-15,18,10
30/71,1,0,0,1,2,-5,-1,-2,-3,0,-2,11,-6,-2,1,-4,-4,-5,-12,4,-13,8,4,10,13
31/71,0,-2,0,3,-3,1,3,1,0,-10,-10,10,0,-6,-6,-10,-3,-6,-8,4,7,5,1,-14,-7
-3/13,0,0,1,3,-3,-2,2,-2,-8,-7,-9,2,6,-1,0,0,10,-10,-12,9,0,0,-5,12,1
48/13,0,0,4,0,-1,-2,2,-2,-3,-8,10,6,10,8,-3,2,7,0,-7,-15,-2,13,-4,6,-3
-47/50,0,-2,0,1,4,-5,-3,1,-8,-3,-1,-7,0,0,-8,-6,-4,10,-10,13,14,9,-3,-7,8
-98/103,1,2,2,1,-2,6,-3,1,1,-5,0,-2,8,-6,4,-3,-4,6,12,8,7,8,1,-15,-6
-61/37,0,-2,-2,0,-3,4,-3,1,-8,-2,-9,-8,-6,10,8,-2,-4,-13,0,5,4,-15,1,6,-14
-55/29,0,2,0,0,0,6,5,1,6,-6,3,-6,6,8,6,-2,-4,-8,2,4,14,4,2,-12,1
43/71,0,-2,-2,0,-1,-5,2,1,6,10,-1,6,-1,-1,8,-4,-4,2,-14,4,2,5,3,-1,-7
14/23,1,2,3,1,-2,-5,-3,-2,0,-5,6,7,-7,4,11,-6,6,8,4,11,10,15,16,9,2
-47/16,0,2,-2,0,2,-6,-3,-2,6,-5,1,-8,2,-9,-8,9,6,-7,0,-3,-1,0,2,-6,13
23/53,0,2,0,-5,4,2,2,1,-7,6,-7,10,-3,-2,-6,5,4,-11,5,11,-10,-15,12,-1,9
21/53,0,0,3,1,2,-5,-6,1,-8,3,-1,7,-6,9,-6,5,-13,-1,-12,-1,2,-16,0,-10,10
22/53,-1,-2,1,1,0,-1,5,1,-3,9,2,-1,-5,7,-6,5,6,1,10,5,4,11,6,12,-13
19/33,0,0,3,0,-2,6,5,1,6,-5,-7,5,0,7,4,9,6,10,-10,-15,-9,-8,7,12,-14
49/94,0,2,4,1,6,6,-3,1,-3,6,10,-2,4,4,3,6,-7,-3,2,-9,-13,-7,9,-10,-6
47/97,0,-2,2,1,-3,2,5,-2,4,-2,-10,-1,6,8,-8,3,11,-5,2,-8,-9,11,-10,-8,4
-20/51,0,0,0,-5,4,6,-2,1,-9,6,1,-7,-9,-10,-8,6,-4,2,0,2,-2,-6,17,-12,-10
38/73,-1,-2,4,0,4,-5,5,1,-8,-10,-9,7,-6,8,1,-2,2,-12,5,3,-6,-11,14,18,3
-94/95,-1,2,0,0,4,-1,5,-2,3,10,0,6,-6,1,-8,-4,7,13,12,-1,7,-1,4,-17,2
-92/91,0,2,0,-5,2,-2,-3,1,-7,-4,0,-8,6,8,-6,-2,0,10,8,9,-8,-4,12,4,-4
-88/93,0,0,2,-5,0,-5,-5,1,0,-3,2,-7,-2,-12,0,3,-10,1,-12,6,-2,-5,4,12,2
-42/79,1,0,0,1,-5,2,1,1,-3,-1,3,7,-6,-4,-11,-2,-4,6,-12,-7,-16,-8,12,-2,8
-11/54,0,0,0,1,0,2,-6,-2,-3,10,-9,-3,0,10,13,6,-14,-10,8,13,-10,-6,8,2,-14
65/61,0,-2,0,1,0,-7,5,1,1,-5,-4,-3,-3,-4,-6,6,5,-4,12,6,-11,6,3,-9,17
67/63,0,0,2,-5,4,6,1,1,6,-2,-5,-8,-1,2,1,0,-2,-5,-5,7,-4,-14,12,-7,11
21/20,0,0,0,1,2,1,1,1,-6,-5,0,2,12,1,0,10,6,5,-8,-9,12,-5,-8,5,6
62/57,-1,0,0,1,0,0,3,-2,4,-2,-10,6,8,1,0,6,2,-2,-10,15,7,-15,-6,-12,-2
28/31,0,2,0,1,0,1,-6,1,-3,3,2,-7,-4,-12,4,6,4,-13,-10,-12,4,5,-4,-1,3
-9/34,0,-3,1,1,-1,6,-2,-2,6,-2,-4,-2,0,-6,-4,2,6,2,-2,0,11,8,2,-9,-18
-59/31,0,2,0,1,-1,-1,2,-2,3,3,2,-5,10,6,0,-12,-12,-13,4,-3,4,13,3,12,8
-33/16,0,0,-3,0,0,0,3,-2,6,6,-9,-6,12,-4,-8,1,11,-6,2,6,-10,13,-8,10,-2
-65/27,0,0,0,1,0,-7,-6,1,-3,-10,-2,-7,-1,-3,-6,6,-13,-11,-3,13,-8,10,10,1,14
-63/31,0,-3,0,1,-3,1,-3,1,6,-5,2,6,0,8,2,-2,-7,-8,8,0,-10,4,4,0,6
45/44,0,0,0,-5,-2,-1,-3,-2,1,5,-9,-2,2,4,13,1,6,-3,12,3,11,-12,-4,-9,-9
43/45,0,0,0,-5,6,-5,1,-2,-8,3,1,-5,12,-1,4,1,0,13,-6,10,4,-16,4,-12,-12
45/97,0,-3,0,-5,4,2,-3,-2,-3,3,10,-5,3,12,-6,1,7,2,-14,-8,0,8,2,-9,4
42/97,1,0,0,1,-5,6,6,1,-3,10,-9,-10,-1,-3,8,5,6,-7,2,-3,-14,10,0,18,4
-20/13,0,2,0,1,-5,-2,2,1,6,2,-1,10,-4,9,-11,-2,5,-11,4,-12,0,-4,-4,8,13
2/25,1,-2,0,-5,0,4,-3,-2,-3,3,1,-1,-6,-10,0,-12,0,-3,5,-3,-8,11,1,2,6
-45/79,0,0,0,1,4,6,3,1,3,-7,2,-6,2,12,-7,-4,-12,6,3,-3,-1,-8,1,-14,-3
-39/77,0,0,3,-5,-2,-7,1,1,-8,4,4,-11,6,4,0,-7,-4,-1,-12,6,-1,15,6,-12,1
-40/77,0,2,0,-5,-2,2,2,-2,6,-2,10,7,6,-7,-10,6,-12,6,4,-4,-5,-11,3,-6,10
-39/80,0,0,0,0,0,-7,4,-2,-3,-10,3,-8,12,7,-2,6,-11,10,-11,2,2,1,5,12,8
-43/74,0,2,3,-5,4,2,1,1,-9,10,1,-8,-1,-1,0,1,4,1,3,-9,7,-15,-3,1,-12
-41/74,0,-2,0,1,6,6,-3,-2,-3,0,-7,-8,-4,8,-8,1,-4,2,2,-8,-7,2,2,12,14
-22/39,-1,0,0,-5,0,-2,3,1,-3,0,-5,2,-1,2,-6,7,0,10,4,0,4,5,-4,6,-8
-21/38,0,0,-2,1,0,-5,3,-2,-8,-5,-4,-5,-9,6,-6,0,0,-1,0,8,-4,-10,4,-16,10
-35/76,0,2,0,1,-1,4,-6,-2,6,3,-9,8,12,-4,-6,6,-5,6,12,-12,-8,11,2,9,-14
-38/79,-1,2,2,1,-2,2,6,1,6,-5,4,-7,12,6,6,-4,6,2,10,4,-4,-8,2,18,-18
-8/21,0,0,0,-5,0,6,5,1,0,4,2,-5,6,8,3,-10,0,-10,8,4,-2,-4,2,3,8
-46/17,1,2,-3,0,4,-5,-2,1,-7,0,-8,-1,-3,9,0,6,-4,4,-14,0,-16,9,2,-10,12
7/47,0,-2,4,1,2,-1,5,1,3,-7,-1,-10,6,5,3,6,-12,8,10,11,-11,-7,4,-6,-2
7/46,0,2,2,1,0,2,-6,1,0,-8,8,-7,7,12,10,0,6,6,-11,-7,-2,-1,1,0,17
-49/40,0,-2,0,1,-3,1,-5,1,1,3,-4,5,6,4,0,6,-11,1,2,-12,-4,-14,2,-6,8
-25/22,0,-2,0,3,-2,1,6,-2,6,4,-1,2,-6,-10,2,-3,8,-1,10,-2,14,2,-7,10,1
-98/83,1,-2,1,1,-1,-1,5,1,-6,10,4,-7,6,-1,-4,-2,-5,8,11,-15,14,-16,-16,0,-6
-23/20,0,-2,0,1,2,-6,5,1,-7,0,10,-10,-6,-6,4,6,9,13,-10,-9,-10,11,0,-6,14
-47/42,0,0,2,-5,4,-6,-4,1,2,-5,2,6,0,-1,-8,-6,0,2,4,-15,-4,-16,6,-6,1
-98/85,-1,2,0,1,4,6,-2,1,4,7,-1,10,-7,-12,6,-10,2,10,-12,-12,-6,-12,12,-14,-10
-73/21,0,0,-3,-5,4,6,2,-2,6,7,-4,-6,-6,-6,2,7,0,1,4,5,-11,5,-16,-8,-6
-79/21,0,0,2,-5,-1,-5,-1,1,-3,0,3,6,1,1,0,-10,4,8,2,4,-2,4,-3,-10,-8
-79/11,0,2,0,3,-2,6,3,-2,-4,-4,-8,10,-5,7,-6,1,-7,-2,-4,9,10,4,2,6,-2
-79/9,0,0,1,1,-5,2,6,1,0,-5,-5,-7,-6,-3,-2,1,-12,5,4,6,4,4,-6,10,10
5/16,0,-2,0,1,-5,-6,6,-2,-9,9,1,6,6,10,-6,11,6,-1,4,-1,11,8,8,-8,8
11/68,0,2,0,-5,0,-5,-2,0,1,-2,2,6,6,4,12,6,0,-10,12,8,2,8,6,1,-2
19/67,0,2,3,3,0,1,5,1,6,6,1,6,0,10,-6,6,-1,-12,0,4,7,-5,-6,-1,2
9/34,0,0,2,-5,0,-6,-2,1,-3,-2,3,-10,4,10,0,-11,-2,-11,0,4,0,-16,1,5,18
7/34,0,2,-3,1,4,-1,-2,-2,-3,9,1,-5,12,-1,13,6,-1,2,-7,3,-6,-8,7,1,2
-59/44,0,-2,2,1,-2,-1,-5,1,6,-1,-5,10,0,2,-1,3,-12,2,2,-15,-13,-7,-4,1,8
-55/42,0,0,0,-5,0,6,-3,-2,6,-1,-9,2,0,-12,7,-7,-9,4,-10,-12,-5,-8,10,-2,8
-31/67,0,-2,3,0,-1,-5,2,-2,0,5,-10,-2,0,-2,-3,7,13,-1,0,-12,-16,4,0,12,-18
-17/33,0,0,2,-5,-2,-5,-8,-2,-9,5,2,-3,-6,-4,-6,-4,6,-10,-10,-3,2,13,12,18,6
-38/69,1,0,-3,3,-1,2,-3,1,0,6,1,-2,6,-4,0,-2,1,2,3,3,2,9,3,-15,17
4/39,0,0,0,0,0,-2,5,1,2,-5,4,10,-9,10,0,-4,-4,-8,11,0,7,6,14,0,8
29/83,0,2,0,1,-2,4,5,1,3,-10,-7,-3,-4,-10,0,-2,-4,-12,8,-9,-2,12,-16,-13,13
-75/58,0,0,0,0,0,6,3,0,3,-6,3,10,-9,4,12,-6,6,2,14,0,-9,-14,0,12,-8
50/9,1,0,0,-5,0,6,5,-2,-8,-5,-5,-7,-6,-3,-11,-3,4,1,3,-9,-10,9,-4,12,-2
-17/69,0,0,3,3,0,6,-8,1,0,0,-6,5,-5,-6,-6,6,6,-11,8,0,-4,-8,12,-14,10
-13/67,0,-2,0,1,0,-7,-3,1,6,-4,4,5,6,-12,0,6,-5,13,0,-3,-5,-9,4,-12,17
-20/71,0,-2,0,0,4,2,3,1,-3,2,0,-5,0,6,0,1,0,5,-6,4,-4,8,3,10,1
43/74,0,-2,3,1,-3,6,-1,-2,0,3,2,-8,10,-1,11,11,-1,13,-10,9,-2,-8,6,6,-6
43/72,0,0,1,-5,0,-5,5,-2,-4,4,-9,-10,6,-1,1,3,-13,-2,-11,2,7,12,-4,-1,-7
31/6,0,0,2,-5,4,1,-3,1,-3,10,-10,7,-6,-2,1,-2,-11,-13,-14,-4,-16,6,12,6,14
75/14,0,0,0,-5,-2,2,-4,1,3,-3,3,-2,6,4,4,7,0,10,-8,-15,7,10,-1,-9,8
86/13,-1,-2,-2,-5,6,-2,-3,-2,-9,7,-5,10,0,-1,-7,-2,0,10,14,16,-16,5,5,12,-19
-25/13,0,-2,0,-5,-3,-2,-6,0,4,6,1,10,-6,12,-6,7,0,-7,-10,13,-2,6,12,0,-2
-29/13,0,2,2,0,-1,-2,2,1,-9,-10,-2,-8,2,7,12,6,-7,6,-4,7,7,8,0,-14,2
67/35,0,-2,0,-5,2,-6,3,-2,-9,4,-5,-7,2,4,8,-9,0,-10,-5,-12,-6,-15,-4,-3,-2
77/38,0,2,1,1,0,2,5,-2,-4,6,3,-2,-4,-10,0,10,6,0,-12,-9,2,-8,0,-6,-2
73/37,0,2,1,-5,6,-1,-3,-2,-4,7,2,-8,-2,4,-6,0,0,8,0,6,-11,-9,-4,-17,-5
33/49,0,0,2,-5,0,0,-4,-2,3,-4,2,-8,12,2,10,-7,-4,1,-10,-12,10,-8,2,-12,13
31/48,0,0,-2,-5,4,0,4,1,0,2,-10,5,-7,-9,-11,-3,-12,8,5,-5,-5,8,1,0,6
-5/62,0,-2,0,-5,-3,-6,5,1,0,-4,2,-7,-1,4,-11,-4,0,-13,12,15,2,-8,1,-1,-18
-9/61,0,-3,4,0,-3,6,5,1,0,-8,-5,-3,-6,8,-6,-11,-7,-4,-14,-12,6,1,3,10,8
74/27,-1,0,-3,3,2,-1,-3,-2,3,0,-4,-11,-3,4,2,6,0,-1,-14,-12,2,-10,-8,-9,7
71/21,0,0,2,-5,2,-5,2,-2,-4,-7,-9,-2,-3,6,0,6,11,-2,-11,-12,-4,-4,-1,5,8
67/22,0,2,0,-5,-2,-6,-1,1,6,6,-9,6,-1,2,-6,-2,-1,6,-5,-9,-1,10,-15,-9,-5
73/23,0,-2,2,-5,4,-6,5,1,0,-5,10,-2,12,4,-8,6,6,4,2,-12,-11,-6,-3,-12,-6
55/27,0,0,0,0,0,1,2,-2,6,4,-7,10,12,-4,6,-14,-3,-12,2,0,4,4,-4,9,8
53/25,0,-2,0,0,-2,6,-3,1,-3,2,8,10,-4,4,-1,-10,-2,8,12,3,-2,15,1,-6,14
41/34,0,-2,1,0,0,2,-2,1,6,3,-2,10,-4,2,-2,10,-2,-5,8,8,14,8,6,-6,17
-106/25,-1,-2,0,-5,4,0,-3,-2,-6,-5,-4,-2,-7,-4,8,-10,-7,2,2,-4,7,1,12,-13,-12
-35/44,0,-2,0,1,-2,-6,2,-2,2,-5,-1,-3,-7,12,-6,-6,6,-11,11,-6,8,0,6,-12,9
-70/93,1,0,0,1,0,-5,-3,1,-4,-1,2,-2,6,4,0,-6,-5,0,-10,12,-11,-1,-4,0,13
-71/89,0,-2,0,-5,2,1,6,1,-6,-5,1,-2,6,2,-2,-4,10,-13,-8,-12,2,-8,12,-8,12
-16/17,0,2,0,-5,-5,-1,-2,1,6,4,1,5,4,4,-6,-10,4,-6,10,-9,14,6,-3,6,2
-69/91,0,0,0,-5,6,-2,2,-2,-7,3,10,-7,1,-12,0,7,-2,10,-4,-12,2,-10,-4,-13,-2
-5/34,0,2,0,-5,2,2,-2,1,6,0,10,2,-4,5,-1,6,6,10,9,-4,-13,5,10,-10,9
-11/71,0,-2,2,3,0,-1,-6,1,2,-5,4,-5,-6,4,0,2,6,-1,-7,4,14,6,-16,12,-14
-11/68,0,-2,-3,1,0,-5,-2,1,3,-2,-2,-2,-2,10,-8,-10,-7,-10,4,-15,2,0,4,6,-8
51/5,0,0,0,1,0,-5,-8,-2,-3,4,-10,-7,-7,-10,-3,6,6,5,4,6,-2,4,12,10,5
-8/85,0,2,0,1,6,2,-2,1,3,-2,2,-1,-1,12,-6,5,-11,-11,2,15,4,8,-11,0,14
-13/84,0,0,3,-5,2,-7,-3,1,-6,3,-4,-3,-6,7,12,1,6,6,8,-8,-7,-15,-5,-3,8
-77/96,0,0,0,1,0,-5,-1,1,-8,3,-9,-2,2,12,13,5,13,-2,-12,-15,-8,13,3,9,-14
103/91,0,2,-2,-5,4,-2,2,-2,1,-2,-9,-6,6,-12,0,-11,0,8,-14,14,10,0,-13,-3,8
-33/86,0,0,-2,0,0,-5,4,-2,-8,-2,10,-7,-7,-12,4,0,-7,1,-12,10,4,-16,6,10,12
-29/82,0,2,2,-5,-2,-1,-3,-2,-9,-10,-4,8,6,-6,3,0,11,-3,2,-12,-1,4,8,12,14
81/4,0,0,2,0,-5,-5,3,1,-8,9,-4,10,10,12,13,9,10,-1,4,9,-13,1,4,-6,-1
-22/47,-1,2,1,-5,0,6,2,1,-3,-7,10,-7,10,8,3,-2,-4,-10,3,3,2,10,-11,6,2
-5/91,0,2,0,-5,-1,-2,-6,1,-3,-4,10,-6,-5,10,-2,6,6,-2,-11,8,-14,13,6,3,-7
-53/46,0,2,3,1,-5,4,2,-2,0,-7,-9,11,-6,7,12,-10,-1,10,2,3,-1,-1,3,-10,-2
-44/47,0,-2,-3,0,0,2,5,1,6,-2,-5,-2,6,-9,3,-2,-4,8,-10,-12,-6,6,1,6,9
-13/12,0,0,2,3,0,-7,-5,-2,-4,4,8,10,6,0,-8,4,0,-13,4,-12,-9,-4,1,-6,-6
9/80,0,-3,0,3,-2,4,2,-2,-3,6,4,-7,6,4,-6,6,-4,-7,12,2,-2,4,16,-9,2
6/77,-1,0,2,-5,-2,6,6,1,6,4,10,10,-9,7,11,-10,-1,13,-7,2,-10,-16,12,6,-9
-98/87,1,0,4,1,6,-5,-6,-2,-3,-6,6,8,-6,12,8,7,-13,-2,2,8,-16,1,-12,-14,-3
22,-1,2,-2,0,0,-1,2,-2,-4,6,-1,-7,-7,-2,3,-9,6,-8,-11,3,2,-7,4,-2,2
55/43,0,2,0,1,0,-5,-3,-2,-4,-4,-6,-2,-9,-12,0,4,-11,2,-10,-15,-4,12,15,-15,-9
20/11,0,2,0,-5,-2,1,-3,-2,2,6,1,-7,0,4,0,11,0,13,-7,-9,4,4,1,6,-14
-13/89,0,2,-2,3,0,-7,4,1,1,-5,3,-7,-5,-4,-8,9,13,-12,-4,3,2,-8,-9,-8,-18
-5/28,0,2,0,-5,-5,-5,5,-2,-4,-4,3,-2,0,1,0,-11,8,2,2,-7,-13,-16,0,3,-1
27/70,0,0,0,-5,-3,-5,2,1,0,-3,0,-2,6,-6,10,-2,7,-5,2,0,2,-16,6,-2,8
12/35,0,0,0,-5,2,2,6,1,-3,-7,3,-1,-9,4,-8,6,-4,-5,10,-9,-13,8,3,-14,1
-25/28,0,-2,0,-5,4,6,1,1,6,-2,-4,10,-3,8,-11,-3,6,-2,-14,-4,-11,-8,-3,8,-6
-14/41,1,-2,4,1,-5,-6,5,1,1,2,3,-2,6,8,-6,6,10,-10,5,0,-9,-4,-4,6,8
-13/40,0,-2,0,3,2,-7,6,-2,2,-5,-6,-2,0,4,3,-3,0,-4,8,3,-10,-14,-4,-15,17
13/33,0,0,0,-5,-2,-7,-3,1,-4,-2,-1,-1,-3,10,0,-6,-4,-12,-12,13,-10,-7,-4,-6,-3
17/35,0,2,0,-5,-2,6,-8,-2,3,-1,3,-5,-5,-7,-4,-6,-10,-6,4,-3,-1,-5,0,18,8
13/11,0,-2,-2,-5,-2,-7,6,1,-4,-5,-10,10,-1,4,8,-10,2,6,4,-4,-6,6,16,-6,-7
-70/29,1,2,0,1,-5,6,2,1,-9,-6,-10,10,12,2,-10,-2,6,1,5,-12,-13,13,6,-1,12
-68/27,0,0,0,-5,-3,2,-8,0,2,-4,8,6,12,9,0,-4,0,2,-6,-12,0,-15,12,-12,10
-52/29,0,2,-3,-5,-1,-7,1,-2,-4,-6,-9,-7,-6,8,-3,-9,6,0,11,-12,-6,-11,-13,9,6
-51/31,0,0,1,-5,0,-5,-8,-2,6,-10,2,11,-6,9,-8,-10,-7,-11,2,-15,6,5,-4,-4,-18
-11/16,0,2,1,-5,0,-5,5,-2,6,-5,-5,-10,-9,4,8,-6,5,4,4,-4,-1,2,14,-1,13
35/34,0,-2,0,1,-1,-6,-2,1,-4,6,-1,10,-5,4,11,-10,0,-2,10,-12,-4,-14,2,-3,12
-94/37,1,-2,0,1,-3,-5,2,1,-3,10,-5,-8,3,6,-8,-2,-11,-1,4,-9,-2,5,-9,-8,2
-37/35,0,2,0,-5,0,-6,2,1,6,-10,-1,-11,0,-4,0,-7,6,-1,8,4,0,-4,-13,-14,7
-38/45,1,0,0,1,2,4,6,1,-3,2,0,5,-1,0,11,6,2,-2,8,6,-2,-15,11,-10,9
-23/32,0,-2,0,3,-5,6,2,-2,-7,-7,-1,-8,-9,-4,0,-2,-4,-1,6,-3,-13,-10,-10,2,-10
81/10,0,0,0,1,4,6,2,-2,-3,4,-5,-10,-5,8,0,-10,-14,2,2,2,7,8,-10,-8,3
20/43,0,-2,0,1,-1,-5,-5,1,-3,-10,3,-6,10,-12,-8,-6,-4,4,2,11,4,-4,4,0,-18
19/49,0,2,4,-5,2,4,3,1,4,3,-1,-2,4,-3,-2,-3,6,8,8,5,2,0,16,-10,-18
19/46,0,2,2,3,-3,6,2,1,0,-2,-2,6,-6,6,0,2,0,-2,5,-15,-13,4,-16,18,17
95/86,0,2,0,1,-1,6,-1,1,3,0,-9,10,-3,-12,0,-3,-2,10,-4,14,-6,-8,-6,-6,-5
-50/47,1,-2,0,-5,0,2,-3,1,-9,2,-2,-3,-3,4,3,-4,-14,-5,-5,-12,7,10,4,-14,8
-45/47,0,-3,0,-5,4,-1,1,-2,-3,-5,3,2,0,8,3,-12,0,2,11,-12,2,6,4,-14,-6
-95/29,0,-2,0,3,6,1,-6,1,3,-6,2,6,6,8,1,-3,-4,1,-5,-15,-8,6,0,6,-14
39/59,0,0,4,1,4,-7,1,-2,-8,10,10,11,8,-9,-6,-11,10,-4,4,11,-13,0,7,18,8
22/31,1,2,-3,-5,0,6,-3,1,-4,4,2,-2,1,5,0,0,-1,-3,0,4,6,8,-16,18,-2
-105/86,0,0,0,1,-2,-5,2,1,2,-10,0,-5,6,-12,11,-2,-12,13,8,-12,-14,-8,6,9,17
-19/7,0,-2,-2,-5,-1,2,1,1,-8,-10,0,6,8,7,-1,2,-9,1,4,-7,-10,-6,2,-13,-2
-32/15,0,0,0,3,-2,2,3,1,0,2,-6,-7,-6,4,2,0,9,1,-3,-15,-16,1,1,18,-10
-8/11,0,-2,-2,-5,-2,-5,1,0,-6,2,10,-1,3,7,-8,-11,0,-1,3,9,-4,13,-15,0,12
-26/53,-1,-2,-2,-5,-1,-7,-3,1,-6,4,-9,-2,8,-4,-6,5,-12,-10,4,-9,-10,0,2,1,-12
-8/17,0,-2,2,1,2,4,-2,1,-3,7,-5,-6,-6,4,0,0,5,-7,-14,-1,7,10,-7,-13,-3
-59/73,0,2,2,1,-5,-5,6,-2,4,-1,-1,-7,-7,12,8,-7,-12,8,-2,0,-6,-8,-4,-1,3
-83/65,0,-2,0,-5,2,-2,2,-2,-3,9,-2,8,-4,-4,0,-10,-2,2,10,-1,14,5,0,-2,11
-85/62,0,2,0,0,-1,4,-8,1,-4,6,2,-8,0,5,4,2,-9,1,-14,-15,7,-5,-3,0,17
-89/66,0,0,4,3,-2,0,-6,-2,-4,6,2,-7,3,-2,0,-6,-2,4,-11,-9,8,-4,14,-13,14
-57/61,0,0,0,-5,4,4,-3,1,6,10,-9,-6,8,-1,12,-4,0,-4,-12,-4,12,-15,8,-12,11
-55/63,0,0,0,-5,0,-5,5,-2,-3,-10,2,-2,-6,12,0,4,0,-5,-11,-13,14,11,-6,-6,14
-59/66,0,0,2,1,-2,-6,-3,1,1,-10,-2,-8,0,-6,1,-10,-12,1,-14,15,-6,-4,2,-14,-14
53/82,0,-2,1,-5,-3,2,2,1,-4,4,-4,10,6,-10,0,-10,0,-10,10,11,11,5,12,-3,-9
6/47,1,0,-3,-5,-1,-5,1,-2,2,10,3,-2,-6,1,3,0,-4,-6,6,8,0,-8,6,-12,-1
8/49,0,-2,2,-5,2,-6,-3,1,6,-5,-4,10,-6,6,-1,-6,-9,6,2,3,4,-5,-16,-14,-6
11/47,0,2,0,-5,0,1,-1,1,3,0,-1,11,-5,6,3,9,6,-5,-12,9,-13,-6,12,-7,-2
64/21,0,0,2,-5,-1,-5,3,-2,4,0,6,5,-6,-6,-8,-6,0,4,11,-9,-4,9,0,6,8
66/19,-1,0,2,1,0,4,3,-2,6,-4,1,-2,-6,12,2,-4,0,-10,2,6,2,-8,6,12,-19
71/19,0,-2,2,3,-1,2,-1,-2,3,3,2,-1,12,-4,-4,-10,2,-5,-4,-12,2,5,-16,-6,1
67/20,0,-2,0,3,4,-5,5,-2,-6,0,-1,-7,-4,2,2,-10,-12,1,-5,0,-6,6,6,6,2
-90/77,-1,0,0,-5,-2,6,1,1,2,0,-7,10,-6,-4,0,3,-1,2,-8,8,11,-4,14,-1,1
-89/79,0,2,2,0,4,0,6,1,-8,6,-9,-10,6,-4,-11,3,2,5,-10,-15,2,-8,-3,-13,2
-97/82,0,-2,1,3,4,-5,-3,1,1,-7,6,10,6,6,-8,1,-12,8,8,-4,2,6,-3,-1,8
-93/79,0,0,-2,1,-2,4,1,-2,-6,-5,-10,10,-1,-6,0,-2,6,-1,2,-2,7,-8,-13,-6,14
-67/21,0,0,-3,-5,-5,1,-3,-2,-4,-5,4,-7,-4,2,-6,6,0,-7,-5,-12,14,-8,-4,6,2
-58/11,1,2,-2,3,-2,1,-3,1,-3,-10,6,-7,8,-1,-8,-2,-4,6,3,-4,-13,-4,-16,8,-6
-31/43,0,-2,-2,-5,0,0,-5,1,6,-2,-10,8,-6,-12,-6,3,-4,-7,-12,6,2,8,0,1,-12
-26/43,1,2,3,1,-3,-7,3,-2,-3,2,3,-2,4,-12,-10,-2,11,-2,-10,0,6,-8,6,0,8
-29/43,0,2,-2,1,4,-1,-1,-2,6,-10,-9,2,1,-12,11,-10,10,-1,11,-12,-4,-16,4,-14,8
-81/8,0,0,3,3,4,4,-4,1,6,-5,8,10,-5,-4,-11,-4,6,6,8,0,1,15,2,-6,10
-43/4,0,-2,-2,-5,-2,6,-6,-2,6,4,-4,-2,6,-1,2,6,6,4,8,6,8,4,10,-3,13
-43/2,0,2,0,3,2,4,-3,-2,-3,6,-7,-10,12,-1,4,-7,1,-1,-8,0,2,0,1,-14,-18
-77/18,0,0,0,1,0,-5,-3,0,-4,6,-7,-1,-9,-2,8,-12,4,-2,-14,-9,-5,5,-4,-8,3
-41/9,0,0,2,-5,-3,6,2,1,-8,-10,1,-5,-4,2,13,3,-2,-1,2,-4,-7,6,12,9,-7
-77/26,0,-2,-3,1,0,-2,3,1,-3,4,3,10,0,4,-6,1,6,8,-2,9,14,6,5,-1,1
-81/23,0,0,2,-5,4,2,6,-2,0,0,-1,-5,6,-9,0,6,-7,-5,-2,-2,11,-16,8,-12,16
34/93,1,0,0,3,0,-5,-8,1,3,-2,2,-1,-6,7,1,-4,0,1,-8,-12,7,8,1,3,8
-32/87,0,0,2,0,6,-5,4,1,3,-6,-9,2,10,7,-6,-10,2,2,8,-13,-1,4,1,-1,11
-35/87,0,0,0,1,-1,6,-3,1,3,-6,3,-2,-3,12,12,5,-4,10,8,8,14,-4,9,-15,1
-29/77,0,-2,-3,-5,-2,1,-1,1,-3,-10,-9,-2,-6,12,4,-3,2,2,2,6,0,-8,0,-6,-6
-27/77,0,0,1,-5,-2,2,2,-2,3,2,1,-6,-4,10,13,-11,2,2,11,-15,4,-14,14,-14,18
-17/24,0,0,2,1,0,0,-8,1,2,6,-4,10,-6,-10,1,6,-10,5,-12,8,-13,4,-6,3,-3
-15/37,0,0,0,3,6,2,6,1,-8,0,-9,-8,-6,0,0,-2,6,-12,-10,-12,-2,5,3,0,8
-23/7,0,2,0,-5,-2,-6,-3,-2,-7,-4,1,10,7,4,6,-2,6,-10,-14,-4,0,-14,10,-4,13
41/17,0,2,-3,1,4,6,-2,1,-4,0,8,-7,-4,-4,11,6,-4,1,-12,15,0,10,0,-8,13
42/19,-1,0,3,1,0,6,-3,-2,-3,3,3,-5,0,4,3,-7,-2,0,-12,0,14,-8,0,9,-10
43/28,0,2,4,-5,0,0,1,1,0,6,-9,-11,3,-1,4,-9,-5,-13,-3,-8,-11,-12,14,-10,-12
10/37,1,2,0,-5,0,-5,-4,1,0,2,3,-8,-6,2,-8,-10,-2,2,-11,5,-14,4,0,-16,-6
-77/37,0,2,1,1,0,-6,2,0,2,2,-9,-8,8,4,-7,6,13,-5,12,6,-13,-16,16,12,-2
-81/37,0,0,-3,-5,6,-5,1,1,-3,-5,-6,-8,10,6,0,-3,0,-4,4,-4,2,-8,-4,-15,18
-61/50,0,2,0,1,6,4,-1,1,6,-2,10,8,6,-2,7,-6,13,-13,-12,-4,7,6,2,-12,-5
-24/31,0,0,4,1,-5,1,-3,-2,-4,-5,2,-8,0,4,0,-4,-4,13,5,6,0,1,3,-14,11
-99/85,0,0,0,1,0,2,-2,1,-3,-4,-2,-6,6,-1,7,-3,5,8,16,-13,-4,-8,1,0,-2
-96/79,0,0,2,0,4,-5,3,1,6,-5,-4,-2,8,-1,0,-11,0,-2,-14,14,2,-8,-4,10,17
-94/79,-1,-2,2,1,0,2,-1,-2,-3,3,-1,5,-5,4,-8,6,-4,-10,3,0,-11,-8,-6,6,-6
39/29,0,0,0,-5,-3,-7,3,1,6,-6,-9,-7,-9,12,6,-7,7,4,-5,4,4,-8,-7,18,-14
-31/53,0,2,-3,0,6,-5,-1,-2,1,-5,-10,-2,0,2,1,5,-11,-10,2,8,0,-6,-15,-6,2
-12/31,0,0,-3,3,2,-5,-3,1,6,2,2,10,-3,-6,0,-3,-4,1,12,11,14,-11,5,1,-5
-16/27,0,0,2,1,6,2,6,-2,-9,-5,-10,-7,-9,-6,-3,4,-14,-8,-10,0,-10,10,-4,6,12
-52/47,0,2,2,-5,-5,-7,-3,1,-8,10,-1,-2,-6,6,3,-2,-12,-13,5,0,-13,-6,3,-12,8
-17/15,0,0,0,-5,-3,4,-8,1,-3,-3,3,2,-6,-3,4,5,-5,8,3,-9,-10,-4,2,-1,17
41/2,0,2,-2,3,-3,2,6,-2,-3,-4,-5,10,-4,10,0,7,-5,8,-10,8,2,-14,3,1,-10
85/2,0,-2,0,-5,-3,2,-8,-2,6,0,-9,-11,-7,8,11,6,-4,5,2,6,11,-16,11,-6,14
29/92,0,2,-3,0,6,1,-4,-2,0,-10,-6,-5,-9,-12,6,-11,-12,-6,-5,-13,-5,-16,-16,-14,14
27/94,0,0,-2,1,6,-1,2,-2,6,-5,-9,10,-2,-2,3,-9,-2,-5,12,3,-2,-6,10,2,13
28/97,0,2,1,1,0,-1,-3,-2,-3,-8,2,6,12,-1,0,-2,-4,0,-14,10,11,-16,12,10,4
-105/92,0,0,0,1,-3,6,-6,1,0,-5,3,-7,10,-1,-3,-12,-4,8,-5,3,11,-7,-3,12,12
29/98,0,2,-3,-5,-3,-6,2,1,-3,-10,3,-8,-4,-4,11,1,-9,-10,2,14,-6,-10,5,-14,-19
26/99,-1,0,1,-5,-2,-7,2,1,3,6,-7,-8,6,4,-8,3,0,-11,-4,0,-16,8,9,-3,-2
31/106,0,2,2,3,2,-1,6,1,-8,2,-10,-5,3,12,-10,5,6,6,-12,13,12,11,2,10,-2
-54/85,1,0,0,1,4,-1,-2,-2,3,-1,1,-7,2,7,12,1,0,13,-11,-4,-7,-8,10,-16,1
-53/86,0,-2,0,-5,6,-5,5,1,-3,-3,3,10,-6,-12,0,-10,13,-12,-5,-1,4,-16,10,6,-1
28/23,0,-2,0,1,2,-5,3,-2,0,-4,3,6,3,4,-6,-2,-4,2,2,6,-5,12,-16,12,9
82/75,-1,0,0,0,-2,1,-6,-2,2,-1,1,-2,-4,8,1,-4,-12,10,-13,8,-6,-4,12,6,-6
77/13,0,-2,1,1,0,-2,-6,-2,-3,-8,-7,5,4,-3,-8,6,-11,-11,2,3,14,-6,3,0,13
5/36,0,0,0,-5,0,6,5,-2,3,0,2,-3,12,6,-6,-12,2,5,-12,-8,-5,10,-9,2,10
52/85,0,2,0,3,-5,-7,-2,-2,-3,5,-5,6,-1,5,0,1,-2,1,2,-12,-14,8,3,-1,2
55/84,0,0,0,-5,0,6,-3,-2,-9,4,10,-11,-9,4,-6,-10,-14,13,11,-3,-9,10,-8,9,-13
55/86,0,-2,0,3,0,0,-3,1,6,5,2,-7,-3,-12,-8,-4,-3,8,-14,-15,-16,-14,14,2,8
34/33,1,0,-3,-5,-2,1,-8,1,6,2,8,-5,1,12,7,1,10,8,4,6,-7,6,-11,10,-3
-73/63,0,0,1,-5,2,-5,4,-2,-6,-8,-1,-5,1,4,-11,-6,-13,0,-14,-3,-11,-8,4,18,-12
-74/63,1,0,0,-5,6,4,-3,-2,-4,7,10,-11,-3,6,1,-3,-9,13,8,-4,2,-8,9,0,-2
-65/54,0,0,0,0,6,-7,4,1,1,0,3,-1,-5,-2,-11,1,-4,6,-4,-12,-10,8,-4,-7,9
-72/53,0,-3,2,3,-2,-6,5,1,-6,-8,-1,2,0,-4,-6,5,6,-1,14,12,11,10,12,0,-2
-71/53,0,-2,3,-5,0,6,1,-2,-8,7,2,-2,-6,1,-6,5,-2,2,-10,-12,-13,2,3,6,8
4/77,0,-2,0,-5,-2,-1,-3,1,1,-5,1,2,8,4,0,10,13,-1,-10,-7,-16,-7,2,1,-6
3/77,0,0,2,-5,-2,2,-5,-2,-3,7,-7,8,-3,-7,-2,2,0,-13,2,7,6,11,4,-2,8
11/73,0,-2,3,1,0,1,-4,1,-4,6,2,2,-6,-10,-8,-3,4,1,3,-15,-6,-8,3,-1,17
-48/23,0,0,1,-5,4,1,-4,-2,0,-5,6,2,-4,7,4,-2,-2,1,-6,2,-7,10,12,2,10
-77/46,0,2,0,1,0,0,6,-2,0,-2,1,-8,-6,10,-10,-9,-11,-6,4,15,-10,10,8,-17,-10
-79/47,0,2,3,0,-2,-5,1,1,-3,2,-4,10,12,5,3,-9,2,-2,-7,-12,11,4,14,6,-12
59/95,0,2,0,1,6,-5,5,-2,1,4,-1,-1,-6,4,-8,-6,-12,1,4,-15,11,-14,-16,-6,10
33/46,0,0,-3,3,0,2,1,1,0,3,-9,-5,2,7,8,6,-2,-2,10,-12,2,8,-1,-2,18
29/45,0,0,0,-5,4,6,5,1,-8,-10,-1,7,-6,-10,6,1,0,2,8,-3,12,-9,1,-16,12
85/29,0,-2,0,0,0,4,-8,1,6,-6,-10,-1,10,4,-8,-12,0,-7,4,-9,-1,-7,-3,6,6
84/25,0,0,0,1,2,6,-6,-2,-9,-5,8,-6,-6,0,6,11,0,6,8,4,-14,8,10,-14,-6
31/9,0,0,2,-5,-5,0,5,-2,2,-8,-10,-11,6,-1,10,-2,0,-6,4,-15,8,10,0,4,-2
26/15,-1,0,0,-5,-5,-7,-3,-2,4,2,1,-5,12,-3,-6,-4,6,6,12,-12,-13,11,14,12,2
82/33,1,0,1,0,-2,-5,2,-2,-4,-4,1,6,-4,4,0,-11,-11,-7,4,-12,7,15,2,9,16
41/14,0,2,1,-5,6,0,-4,-2,-8,-4,-1,-3,-4,-4,1,-4,-12,10,-2,-12,-1,-6,16,-2,-1
25/44,0,-2,0,1,-2,-5,5,0,-4,0,-8,-6,-7,-4,0,10,0,8,4,8,-5,9,10,-9,-6
21/43,0,0,-2,1,-5,0,-3,1,-6,4,-7,-7,-1,-12,-10,-3,-1,-1,-12,-4,-13,5,-3,18,-12
40/87,0,0,0,-5,-3,1,2,-2,-3,-6,-1,5,6,4,2,-4,0,2,-12,9,-2,-5,10,-14,-1
37/86,0,-2,2,0,0,1,2,-2,-3,0,-1,-11,12,-12,1,-9,6,-5,2,-12,-4,6,-16,0,3
16/39,0,0,1,-5,6,-2,-1,1,-3,3,-6,-2,-2,-3,0,-2,-9,-1,2,-15,7,1,12,9,-4
11/37,0,-2,2,1,0,2,5,1,-3,-4,2,-8,4,5,1,-6,-4,-6,5,-15,2,4,-3,0,10
76/71,0,-2,4,1,-1,-5,2,1,-3,-5,-5,-11,6,9,7,6,-13,10,11,4,4,-9,6,1,0
34/37,1,2,3,3,-2,-1,-8,1,-3,-8,4,-8,-6,1,12,-2,-11,13,3,-8,10,0,3,-12,6
35/38,0,2,0,1,4,-5,-3,-2,6,7,-5,6,-7,-10,0,-11,0,2,12,0,1,-16,-16,-2,-19
-5/42,0,0,0,-5,0,6,-1,-2,3,9,-1,7,-5,2,2,-2,10,-10,-13,-9,6,-7,-16,0,1
-43/24,0,0,3,1,2,0,-5,1,-8,-8,0,-7,-6,-1,-6,-6,7,10,12,4,14,-4,3,-9,2
-597/4,0,0,3,3,-1,2,-3,-2,2,5,-4,-2,6,-12,-6,-4,-4,-10,-14,-6,2,5,-11,10,-10
-602/3,1,0,0,1,-5,1,-4,1,4,-5,6,-7,-6,-1,-7,6,-2,-5,12,7,-10,-12,-4,-3,-6
-34/49,-1,-2,2,-5,-1,6,-8,1,0,6,-5,-6,1,1,-10,-3,10,13,-10,-12,8,11,11,-14,-19
-16/29,0,2,4,-5,-3,6,-1,1,-3,-6,-1,10,2,4,-6,3,-4,4,12,-12,-6,6,7,-10,2
77/15,0,0,0,1,0,-6,-3,-2,-4,0,2,-2,0,12,4,-2,-4,-6,5,2,-4,8,3,-8,-1
-39/41,0,0,4,-5,-1,-7,-4,1,-8,-2,-2,10,6,-2,-10,6,6,-1,-14,-15,5,-14,-16,-15,17
49/73,0,2,0,1,4,4,2,1,6,4,-9,-7,-1,-1,-3,4,13,0,-11,-5,-6,-5,1,0,10
53/72,0,0,1,1,4,0,-4,0,6,10,-9,6,-9,6,-1,-10,-1,-1,1,8,-14,-16,6,6,14
-67/33,0,0,2,1,-2,-1,3,1,4,-4,-9,2,-3,7,-6,-10,8,-8,-5,-15,5,-6,0,-8,18
-19/83,0,2,3,-5,2,-5,4,1,-4,-5,-5,10,-7,6,12,-10,2,13,10,8,-14,-16,-16,6,17
-10/41,-1,2,0,3,4,-5,4,-2,6,-2,1,-5,6,2,-2,-2,0,4,4,-12,11,10,1,2,13
-15/83,0,0,0,0,-2,2,3,1,-8,4,8,5,7,2,-6,-4,-4,-7,8,0,4,8,-16,0,8
-91/96,0,0,1,1,-5,-7,4,1,2,-4,3,10,-6,8,0,-2,0,8,4,8,4,-15,-4,-1,14
-85/97,0,-2,0,0,-3,2,-8,1,2,-4,-6,2,6,-1,-7,-11,9,6,14,4,-7,4,7,6,4
-51,0,0,1,-5,-3,2,-8,1,6,6,3,5,-1,6,-6,-6,1,-2,5,8,2,13,1,-12,12
-604/3,0,0,3,-5,-3,4,2,-2,-8,0,-9,5,-1,7,-6,1,-11,2,-11,14,14,-1,1,-6,-2
-151,0,-2,1,3,-2,-5,-6,0,6,2,-10,-10,0,8,6,6,-13,10,4,0,10,11,14,0,2
-47/51,0,0,2,0,0,-5,-2,-2,-3,6,-2,-1,-3,8,-8,11,2,-5,-2,4,-7,5,12,0,8
-95/99,0,0,0,3,-2,-6,-4,1,-6,0,1,10,-2,-3,0,-10,4,6,-12,-5,-5,-16,1,9,8
41/43,0,-2,-3,1,-2,6,2,1,-8,-4,6,10,-4,-12,0,-11,-4,4,-10,6,5,-8,-8,-14,10
-45/26,0,-3,0,-5,0,-2,6,1,6,6,-5,-1,3,4,-3,-4,-2,-2,8,2,2,-15,2,6,10
-47/12,0,0,1,1,0,-5,-5,1,-8,9,-5,-6,6,-7,-8,-2,0,-7,1,-1,-5,-15,0,10,-12
-43/10,0,-2,0,1,6,2,5,1,-8,4,-5,6,6,-1,-6,-3,-3,10,4,-4,-8,-6,-6,-16,18
-82/19,1,-2,-2,1,0,-5,-1,-2,-3,3,3,-2,-4,8,1,6,4,4,4,-7,2,-1,-1,1,10
-38/9,1,0,3,1,0,1,-4,1,2,0,-9,-8,-6,5,2,-4,6,-4,12,-15,12,11,2,1,-12
-89/59,0,-2,1,3,0,-5,-3,-2,6,-1,-5,8,-1,0,4,7,10,10,14,-3,2,1,2,-13,-7
-91/59,0,2,2,1,-1,-7,6,1,-6,-2,-1,10,6,4,-8,6,10,-2,10,-12,-2,-16,-4,6,-18
76/33,0,0,-2,-5,-2,-1,-4,1,-8,3,2,10,-1,-6,-6,6,-4,1,-2,-13,-14,4,-1,-8,-7
79/31,0,2,2,3,6,-5,-6,1,3,-2,2,-6,-4,4,0,7,13,-11,-11,0,-5,4,1,-12,13
-11/53,0,-2,0,1,0,0,2,-2,-3,-5,0,-10,2,1,12,5,-4,-1,4,0,4,10,-4,18,8
-10/49,-1,-2,0,-5,0,6,2,1,1,3,-9,-6,8,2,-8,6,0,-4,10,4,-2,-14,16,12,-14
-11/52,0,2,3,0,0,-2,-5,1,6,-8,-4,-5,12,4,-4,-9,0,13,-12,16,-6,-15,-16,0,-4
19/44,0,-2,2,1,-2,-1,1,1,6,0,3,-2,6,-10,0,-2,-12,13,-4,0,2,6,0,10,-12
-47/46,0,2,3,-5,-3,2,-5,1,0,4,2,-2,-9,-1,-8,-4,9,-13,8,8,-1,10,-3,10,-14
-98/41,-1,-2,-2,1,4,1,2,1,-3,4,0,-1,6,-4,13,6,6,-4,12,-12,4,1,12,10,16
-101/43,0,2,3,-5,-1,-5,-6,-2,-8,0,-1,2,-1,-12,6,-4,0,-1,2,6,4,-5,7,-17,17
-301/4,0,-2,4,1,6,-6,2,1,3,3,1,-2,-6,-1,0,-2,2,10,2,-12,-5,-16,-5,-6,12
-297/2,0,0,2,1,0,2,-3,-2,-3,4,-1,10,-5,4,-11,-4,4,-13,11,6,14,-8,0,-6,9
-39,0,0,0,3,4,-7,6,1,3,3,1,6,-7,-1,-6,-2,-1,-8,16,-9,14,1,-13,5,-6
-67/23,0,2,4,-5,6,-5,2,-2,0,4,-1,10,1,2,10,-14,13,13,-5,4,-7,13,-13,1,8
-85/2,0,2,0,3,4,1,-8,1,-3,4,-10,10,-3,-2,0,-4,-10,-10,-8,-12,-10,-16,12,0,14
-39/2,0,0,3,-5,0,-7,-5,1,-3,-3,-9,7,-6,4,-1,9,0,-4,-7,13,-2,-11,4,2,-19
-14,1,2,0,1,0,6,2,1,-3,6,8,5,0,1,-2,-2,6,2,14,-4,-4,-6,6,18,18
-40,0,-2,0,1,-3,6,5,-2,2,-10,-1,-10,-6,10,0,5,0,-5,-13,-15,-11,12,-3,-14,-12
-25/36,0,0,0,3,6,-5,-3,-2,4,9,-9,-7,-6,-2,0,6,-3,10,9,-3,4,-4,16,-14,10
-81/67,0,0,3,1,4,-5,-3,1,2,7,-8,8,-4,4,-7,-6,6,-6,0,9,4,11,3,-14,-14
-83/70,0,2,0,-5,-3,6,4,-2,-3,10,-5,-6,-3,0,0,-2,-14,-7,-14,10,-5,0,0,-6,2
-89/67,0,2,-2,-5,6,2,-3,1,6,5,2,10,-5,8,-8,-7,-9,-11,0,15,2,-10,-16,-13,18
-24/43,0,0,3,-5,-1,6,2,1,6,3,-4,5,-4,-12,12,5,-9,-10,12,-5,7,12,-9,-1,2
14/27,1,0,3,1,4,2,5,1,-3,6,3,-1,12,-1,-1,6,0,-8,10,-12,7,10,3,-8,-6
15/26,0,0,0,3,-5,-2,-3,-2,-3,-3,-4,10,12,-9,12,-4,-2,-6,8,-9,7,-9,0,6,-1
16/47,0,-2,2,1,0,0,-3,1,-6,-5,2,-7,-4,-1,3,-3,-4,2,4,16,-9,12,-4,3,0
61/14,0,-2,1,-5,-1,-1,-3,-2,2,2,3,10,-3,-9,2,1,-7,-13,9,11,-14,-12,12,-6,2
61/15,0,0,0,-5,4,4,6,1,-3,-4,-6,-7,2,2,-4,11,1,-13,3,16,-2,-1,-4,-13,-7
-51/95,0,0,0,3,6,2,-8,-2,2,3,-8,-11,2,1,-6,1,13,1,-8,-5,-16,-10,-3,-6,-9
-44/95,0,-2,0,3,0,0,3,-2,-6,0,-5,-8,6,-10,-7,-14,-7,4,10,-8,-6,-4,-4,-1,2
-59/85,0,2,0,-5,4,6,-2,1,-3,6,10,6,0,8,0,-4,-12,-13,6,-5,11,-15,9,-12,-2
11/26,0,2,0,-5,0,-2,2,-2,-9,-4,-10,7,-7,-12,-8,-2,0,-7,10,6,-13,10,10,-12,-14
28/75,0,0,0,1,0,-5,-3,-2,-4,-5,-9,-6,0,-6,2,-3,-10,2,4,6,11,13,6,-6,-14
-13/85,0,-2,0,0,0,-7,-2,-2,-3,0,-8,-5,2,-1,-6,1,-4,2,10,4,-9,10,-1,-12,-14
-10/83,1,2,0,3,-1,4,2,1,-9,-5,2,-2,-1,-9,-6,-3,0,0,-8,-5,1,5,-16,18,17
27/44,0,0,-2,3,-2,-5,4,-2,-8,-2,-1,-7,8,2,-6,11,0,2,6,-8,11,5,-13,9,14
27/46,0,0,-3,-5,0,0,5,0,0,-4,-1,-2,-4,4,4,-12,0,2,4,-9,1,6,4,6,2
72/89,0,0,-3,1,2,1,4,-2,-4,6,-9,11,-7,0,-8,-6,-13,-11,8,12,-6,-8,9,-8,13
11/15,0,0,0,-5,0,6,2,1,-3,6,-5,10,-9,4,0,6,4,-6,-12,6,2,5,4,-6,12
67/92,0,-2,2,-5,-2,0,6,-2,0,-2,-9,2,-3,-1,6,0,-11,5,-5,-3,-13,13,6,-1,14
67/94,0,2,3,1,-1,-5,5,1,-4,6,-5,-7,8,10,3,6,0,-7,-5,0,-2,-16,0,-14,-7
63/85,0,0,0,1,-5,-1,-2,-2,4,-5,-9,7,12,1,10,11,2,-13,4,15,7,8,-16,10,10
56/87,0,0,0,1,6,6,5,1,-8,-6,2,-5,3,-1,8,-9,-2,4,-12,-15,-6,11,-3,18,-7
83/26,0,2,-2,-5,4,-2,-3,0,-4,4,-6,-5,-4,7,12,1,0,1,-3,3,11,9,0,12,-10
-52/31,0,-2,-2,1,-3,-7,-5,1,-3,5,2,-2,-6,4,-6,0,4,6,-14,-15,-7,-9,11,5,2
-50/33,-1,0,0,-5,-2,-5,3,-2,6,-7,6,-1,0,2,0,6,-9,2,12,8,14,-10,11,-6,2
-53/30,0,0,0,-5,-2,1,-4,1,-4,-4,-1,-10,6,-7,0,-10,6,-7,4,6,-11,4,11,8,8
-55/32,0,2,0,1,0,-6,-6,1,-4,4,2,10,-6,2,-6,6,-3,-13,-14,7,6,-14,1,-7,-3
-49/78,0,0,2,1,2,-2,1,1,-3,0,-9,-10,-7,4,12,-3,4,-2,4,-12,14,-8,-3,3,6
-53/78,0,0,1,3,-1,-2,-1,1,1,6,10,5,3,-12,-6,-10,-5,-8,4,-9,-6,-14,-16,-1,-2
47/11,0,2,0,3,-2,-1,6,1,-8,0,-2,10,6,8,-8,-6,-11,10,14,2,2,13,-4,-14,13
24/5,0,0,0,1,4,2,5,0,4,0,3,11,0,-2,-2,-4,0,-6,12,3,14,5,6,-1,2
9/47,0,-3,-2,1,-2,-6,-6,0,-3,6,10,-8,-7,-1,3,-2,-14,-13,5,0,-14,-4,3,2,14
11/50,0,2,0,-5,0,2,-5,1,-4,-3,3,6,-3,4,-6,-2,-7,0,5,4,-5,-6,-8,0,-7
1/39,0,0,2,1,-1,-2,1,0,-3,5,-10,-5,6,-9,0,-12,6,-11,2,-15,2,-7,3,-1,-12
-51/23,0,0,0,1,-3,-5,-8,-2,0,2,10,8,0,4,-6,9,-13,-10,1,-15,-14,12,2,-1,10
-46/93,1,0,2,-5,-3,1,1,1,-7,-7,2,-5,-9,-6,-8,6,6,-2,1,8,-9,-14,9,-6,-2
-22/45,1,0,0,1,0,-5,5,1,-4,-3,-7,-7,2,-9,7,6,0,-1,12,11,11,4,-3,6,-14
-13/31,0,-2,0,-5,-5,-7,-1,-2,3,-5,2,5,-4,-10,8,1,-9,4,-12,3,7,-16,2,2,-14
-36/91,0,-3,1,-5,6,-2,5,1,-3,7,10,-11,0,-4,-8,5,-2,-4,-12,5,-6,-16,-15,-14,14
-37/93,0,0,0,1,0,2,-5,1,-3,-10,2,-11,-3,8,6,-9,0,10,4,-12,-2,-16,7,-10,-12
-9/22,0,-3,2,-5,-2,6,2,1,-3,6,2,-2,0,-4,12,-6,-4,-10,-13,-7,14,4,3,-6,-2
-33/89,0,0,2,1,0,2,-3,1,3,-1,4,-7,-9,-9,-11,-4,0,10,-12,-8,-10,0,4,-8,-10
-9/26,0,0,0,0,2,-2,3,1,-4,5,-1,-2,-6,-2,1,6,-9,2,16,-4,-14,12,4,10,-5
-30/7,-1,0,0,-5,-1,-5,2,1,-4,-2,-5,8,6,12,0,-4,-2,-3,-10,13,2,11,-8,18,1
-29/9,0,0,1,3,0,-5,-1,0,3,-10,-1,-2,2,6,4,-6,8,8,-10,0,-1,9,4,-6,18
-59/8,0,-2,0,-5,4,-5,3,-2,3,-10,3,-7,6,-2,3,-2,-12,-1,12,-3,-14,8,0,-15,-19
-29/2,0,-2,-3,3,-1,-5,5,-2,-4,-10,2,-8,1,8,6,0,-11,10,11,-3,2,8,2,-6,-14
13/44,0,-2,0,3,-2,-7,2,1,-3,-8,2,5,-6,-1,-6,6,0,-2,-7,-5,-13,11,-8,10,-3
9/41,0,-3,1,-5,0,4,5,-2,1,-5,-10,-6,6,-6,3,-2,-4,-1,16,-3,-13,5,-6,18,-12
3/16,0,0,-2,-5,4,2,2,1,-6,-7,6,-2,0,-10,6,-4,-13,-13,4,-12,12,-16,-16,10,-14
9/38,0,-3,3,3,-3,-5,5,-2,-9,4,10,-7,-6,0,-8,6,1,-4,-12,-9,11,6,-10,-15,-2
22/81,-1,0,-3,1,0,1,2,1,-8,-4,-2,-5,-3,6,4,11,0,-13,-14,14,7,10,6,0,6
19/78,0,0,-3,-5,0,-2,1,1,-4,3,2,2,7,10,6,-7,0,1,8,16,-11,-14,14,10,8
20/77,0,2,0,-5,-2,-6,-5,0,4,-1,-1,-5,0,-10,13,-2,-4,2,-12,-4,-9,-15,12,10,8
39/43,0,0,-3,-5,4,-7,-1,1,6,0,3,-7,12,-12,4,0,6,13,9,0,11,-4,3,10,10
37/42,0,0,0,-5,0,-5,5,-2,6,3,-5,-11,0,-4,4,-10,-11,1,16,-9,-14,8,0,3,0
40/73,0,2,0,-5,-5,-5,-3,1,6,6,-4,-10,8,6,-11,-6,6,-3,-10,8,-6,10,-11,3,2
46/71,1,-2,2,-5,4,6,-3,1,-7,-5,3,-10,-9,-6,0,-11,0,1,12,4,4,-10,10,-12,2
46/47,1,-2,3,-5,0,-1,2,-2,-7,0,1,-8,0,4,3,6,4,-10,-8,12,7,4,3,12,-14
39/53,0,0,0,0,0,-7,5,-2,-4,-1,6,2,-3,5,-10,5,8,6,-12,-4,7,11,0,-6,-3
77/107,0,2,0,1,0,-5,6,1,-4,3,-8,11,6,-6,-8,-10,0,-5,-14,10,-1,-1,3,1,-14
43/55,0,2,0,1,-2,2,5,-2,-3,-4,4,-7,1,-1,0,1,6,-5,-12,5,10,-4,-15,-12,-19
13/51,0,0,0,3,4,-7,-2,0,-8,2,-9,-6,-4,8,-6,2,-5,-6,-6,-8,-5,-14,16,0,17
13/53,0,-2,4,-5,6,-7,5,-2,-3,0,-6,-2,6,4,4,5,-4,1,5,3,-8,12,12,10,12
12/7,0,0,0,-5,0,4,-4,1,-3,10,0,10,-1,-7,-8,-11,10,-12,0,3,-11,6,0,9,7
14/109,-1,-2,4,1,0,-5,-6,0,-3,-1,-4,-6,12,4,-4,-10,4,13,12,-12,-1,10,-3,10,-12
19/25,0,2,0,3,6,6,-3,1,-8,-5,-6,-7,0,6,0,-7,6,-7,-2,-9,-13,-4,-4,8,-14
3/61,0,0,-3,1,2,-1,-6,1,4,4,-4,2,0,-10,0,9,-9,-4,12,-3,-4,6,-4,-4,8
8/57,0,0,1,0,-3,6,1,-2,3,0,8,-6,12,-10,-3,-6,-2,5,4,15,-7,-10,6,-2,-6
5/58,0,-2,0,1,0,1,-3,1,6,-6,-1,10,-7,1,6,-3,-1,-7,-14,13,4,4,-10,10,-7
5/61,0,-2,0,0,6,0,-4,1,6,0,-9,10,-1,-6,0,7,-4,-4,2,-15,7,-16,-11,3,-5
7/57,0,0,2,1,0,-5,-3,-2,-3,6,3,-2,3,-2,-6,-3,-13,-3,8,-15,10,-10,16,-12,2
-86/25,1,2,0,3,0,-5,-6,-2,-8,6,-10,8,-1,-1,0,-9,4,0,0,12,-2,8,-3,-15,2
-92/27,0,0,1,0,0,6,4,-2,-7,-5,1,-11,-4,4,8,6,-7,4,2,-2,-13,-11,-8,6,-14
-24/7,0,0,3,-5,2,-5,3,1,-3,0,2,5,6,9,4,6,4,10,-10,-4,-6,-14,-13,-2,1
-91/27,0,0,2,1,2,-7,-3,-2,2,-7,0,6,0,10,0,-4,0,4,-7,4,4,-10,9,-14,10
-97/30,0,0,0,-5,-2,-5,2,1,-9,3,-10,6,6,0,8,1,-12,-4,4,-3,-2,6,-16,1,8
-46/15,-1,0,0,3,4,1,-5,1,-7,-3,1,6,0,-6,3,-14,0,10,2,-12,-2,0,-3,1,-2
-37/63,0,0,2,-5,4,6,-3,1,6,10,-7,-11,-4,-3,-10,-2,10,5,4,-12,0,12,4,-6,12
-37/65,0,2,0,1,-3,-2,4,1,-3,5,-4,-11,-9,-12,7,3,-4,1,8,-3,-7,-16,3,18,18
-21/89,0,0,0,1,-5,-5,3,-2,3,-2,-9,-1,-6,-10,0,1,-7,-7,4,-1,-13,-15,6,-8,2
-6/23,-1,0,2,-5,4,0,3,1,0,4,-2,10,-6,-3,-8,-11,0,13,-8,13,-6,-6,-4,-10,2
79/99,0,0,4,1,-2,-5,-6,1,6,0,-1,-2,-5,8,0,3,-14,-7,-14,-15,11,4,3,-9,13
83/96,0,0,-3,-5,0,2,-5,-2,-3,-4,2,6,3,-1,-6,11,-11,10,4,13,-1,-15,0,5,-18
83/91,0,-2,0,-5,-1,-2,5,-2,-3,0,-5,-1,8,12,-6,-6,6,-6,5,6,-11,-14,0,-12,8
41/47,0,2,2,-5,6,2,5,-2,6,7,-1,-6,-4,8,3,-6,-9,-7,10,3,-5,8,14,-1,-12
87/91,0,0,3,-5,4,-2,-5,1,-3,-10,3,-5,0,-1,-6,-4,8,-1,-8,-2,-2,12,-4,-9,-14
-64/13,0,-2,-2,0,-5,-2,3,-2,3,-2,2,-2,-6,2,-8,-2,6,-10,4,0,5,5,2,4,-7
34/21,1,0,1,-5,6,2,-8,-2,2,5,-5,-2,0,-6,-8,6,-2,8,10,3,6,4,-3,6,9
27/25,0,0,0,-5,0,6,2,-2,6,6,3,10,1,4,-6,-3,0,-7,8,9,-6,12,2,-15,17
94/75,1,0,0,1,0,6,5,0,6,-8,3,-7,10,7,-8,-6,2,5,-6,14,-6,8,15,6,-1
-61/45,0,0,0,3,4,-5,-3,-2,-3,-1,-1,-10,-5,5,0,-3,-7,-13,0,13,-4,-10,12,-3,9
-59/45,0,0,0,1,4,2,1,1,-3,0,-4,-7,6,6,12,-2,-12,8,1,3,-7,0,-16,-8,12
5/17,0,2,0,-5,6,4,-2,-2,-8,-7,-2,-7,-7,-6,8,3,10,1,8,-4,6,-8,16,-1,14
70/23,1,-2,0,1,-3,6,-5,1,0,-1,1,-3,4,-6,2,-11,-2,-4,4,-3,2,-14,0,12,-3
16/7,0,2,0,-5,4,-6,6,1,-4,2,-1,-10,-6,4,6,-2,-11,-4,5,8,8,-8,3,8,-6
43/90,0,0,0,1,4,-1,6,1,-3,-3,-9,-2,-1,-1,2,7,11,5,5,0,4,1,-4,4,-14
45/88,0,-3,0,1,-2,4,5,1,2,4,-1,11,4,-6,-11,-10,2,-8,4,-5,-8,-5,15,6,8
-23/37,0,2,4,1,0,-5,5,1,-7,-5,-1,-8,6,7,0,6,0,8,10,-9,2,8,-4,6,10
-11/17,0,-2,2,0,0,6,-2,1,-8,9,3,-3,8,-12,-6,6,2,-1,5,0,-10,-1,-3,-6,18
-49/5,0,2,0,1,6,4,2,-2,0,-2,0,-2,2,8,6,-9,-2,-7,-14,-9,14,5,-16,-17,-19
41/23,0,2,2,3,0,-5,-3,1,0,-1,-1,-2,-4,-1,-8,-9,-14,-5,16,-9,4,4,15,2,14
45/23,0,0,0,-5,-5,4,3,1,0,6,6,-5,-6,6,-1,-2,-4,0,-10,-15,7,4,1,-8,12
-38/27,-1,0,4,3,6,2,2,1,6,3,-7,2,8,4,-11,-4,10,1,12,-4,-6,-7,3,-10,8
-84/95,0,0,0,1,6,-5,6,-2,6,-2,-1,5,3,2,4,-6,-3,1,-11,-9,-7,-8,-4,18,11
-98/17,-1,-2,4,1,-1,-5,-2,-2,-3,9,2,-5,4,-6,0,1,6,-1,-3,7,-14,8,-6,9,-12
-97/19,0,-2,-3,3,-2,6,5,-2,3,4,-8,-6,10,-1,13,2,6,-1,2,7,-6,2,-3,-14,8
-96/17,0,0,-3,3,2,0,-2,-2,-6,-5,-4,11,-5,8,3,-6,-11,2,0,-4,-11,8,15,18,8
95/11,0,2,0,0,-2,4,-3,1,-8,-4,3,-8,-1,-10,-10,0,-14,1,12,8,-13,-8,6,2,13
93/14,0,0,-3,-5,0,0,2,1,-3,-5,-10,-8,-2,-2,4,6,0,-4,4,-9,2,0,12,-10,-10
23/3,0,0,0,3,-3,6,-6,-2,-7,-1,10,-7,0,-2,8,6,-4,6,-12,5,-7,-9,-7,12,8
49/6,0,0,1,1,6,-6,5,1,1,9,3,10,2,-6,-11,6,0,5,-11,8,6,-1,4,-14,-10
-81/49,0,0,4,-5,0,2,5,-2,-9,0,3,-2,-5,12,-10,9,-14,-8,4,4,0,-14,4,-14,-2
1/19,0,2,1,3,4,4,-4,-2,-8,-8,10,10,0,5,12,-2,2,-7,6,-2,4,8,-1,18,12
1/21,0,0,4,-5,6,-5,-3,-2,3,-10,3,-6,-7,-2,6,1,6,10,5,0,-6,-8,-6,-8,10
-5/79,0,2,0,0,-2,-5,5,-2,3,-8,2,7,-4,-1,-11,6,4,1,-14,15,7,-8,4,6,-18
-3/25,0,0,0,0,6,1,-5,1,6,-5,4,-6,0,-10,0,-6,7,-13,1,-15,-7,-7,-3,-3,-1
43/44,0,-2,-2,-5,-2,-6,-5,1,-3,0,-1,-7,4,-1,0,9,4,-10,-5,-15,6,6,-9,3,0
-208/3,0,0,2,3,-3,-7,-1,-2,-3,-5,3,-2,12,12,6,3,-4,5,8,-12,0,15,6,6,-2
-599,0,2,2,3,2,6,-3,1,-4,10,-8,-6,6,10,-8,-4,-5,-4,11,15,-13,13,-6,-10,-4
85/3,0,0,0,-5,6,4,-8,-2,-3,0,10,-5,-6,-7,0,1,0,13,8,0,-6,0,10,-16,-1
86/3,1,0,-3,3,-2,6,-5,1,-8,3,-1,-8,2,-1,1,-9,11,-10,5,3,-14,10,11,-9,12
9/56,0,-3,2,-5,0,6,6,-2,-8,10,-1,10,-6,-1,2,1,6,2,-10,12,-13,-14,-8,-10,8
-17/8,0,-2,2,-5,-1,-6,-8,1,6,4,-7,-2,3,-7,8,-2,-1,-11,5,-5,-6,9,8,6,-7
-68/21,0,0,2,-5,-1,4,-8,1,3,2,-9,-3,4,8,-8,-9,1,-11,5,-12,4,13,12,-6,14
-73/18,0,0,2,0,6,2,6,1,6,-2,-1,6,12,2,6,1,-4,6,-11,4,-11,-14,12,1,13
-73/23,0,2,1,1,-3,6,-6,1,0,-5,-9,6,6,1,12,3,-4,4,-8,4,-11,-10,6,10,2
-74/25,-1,2,0,1,-5,-1,6,-2,-3,-2,-6,-11,6,7,-3,-2,8,-10,4,-15,4,8,0,12,2
-98/61,-1,2,3,1,-1,-5,2,1,6,-4,-5,7,8,7,10,-3,0,-4,-14,-12,6,-8,9,10,13
-50/29,-1,-2,0,1,4,-5,-1,-2,3,-6,-7,-10,-1,-2,-6,-11,2,13,4,-15,-2,0,-6,18,-6
4/51,0,0,1,1,6,-1,-2,1,6,4,-7,-3,6,-2,2,-6,-4,13,4,0,-11,-4,3,10,12
-55/81,0,0,0,1,0,6,4,1,-3,3,-6,-2,-6,7,0,-12,10,1,8,14,2,-6,6,6,-6
-25/42,0,0,0,-5,4,-1,3,1,1,6,-5,-3,6,-4,12,3,6,-1,12,-3,2,-15,-10,-13,7
11/1868,0,2,0,3,0,6,2,1,-6,9,-9,-2,-4,6,-7,10,-13,8,2,7,-6,8,4,9,2
13/1865,0,-2,0,1,-3,-7,5,-2,6,-3,0,-6,2,-4,-6,-6,-2,8,12,8,4,-16,-4,8,-12
9/1861,0,0,1,-5,6,4,3,-2,3,-2,-5,-2,-9,4,4,6,0,6,14,6,-2,0,2,-13,5
10/1863,-1,0,0,3,0,-1,4,-2,0,-10,-2,-2,0,-1,-11,1,10,-13,8,-12,-2,11,0,10,5
2/467,-1,2,4,1,4,4,-3,-2,-4,7,2,-2,-5,-7,-6,4,10,-6,4,0,-5,10,-3,-10,2
3/935,0,0,0,1,-2,2,-2,1,4,-5,-9,-8,2,12,6,-9,0,-7,4,-3,-9,0,12,6,10
2/341,1,2,-2,1,-2,-5,-6,-2,3,-5,2,-6,-6,7,-6,9,0,-6,12,-8,11,11,0,6,13
1/113,0,-2,0,0,-3,1,2,1,3,3,-1,-5,-5,12,12,-6,-4,-1,5,3,14,11,4,-15,14
1/112,0,2,-3,-5,2,-5,6,1,-3,6,10,8,7,2,1,10,9,1,10,15,2,-6,-7,18,-2
11/1244,0,2,1,-5,0,6,5,1,-8,-4,-9,5,-2,-4,-8,6,-14,-5,-6,-15,0,8,6,-9,18
11/1242,0,0,-2,1,0,-1,5,-2,0,0,-8,-10,-6,9,0,0,-4,4,-8,-12,0,12,-4,0,3
1/104,0,-2,1,1,0,-2,-4,-2,6,-5,8,-2,4,-12,-2,-4,-2,-3,-10,8,-11,-4,-6,6,-18
6/623,1,0,-2,-5,-3,6,3,1,-8,-5,-6,7,-1,12,-8,-10,10,8,2,0,-2,0,9,-8,-18
-1/250,0,-2,0,-5,-3,-5,1,1,6,-5,0,5,10,2,0,1,-2,-2,-12,16,5,5,12,-1,7
3/247,0,0,1,-5,4,-2,-5,-2,3,-4,-4,-7,3,12,-8,-2,-9,10,11,-13,14,2,-16,18,14
13/1242,0,0,2,1,0,-7,-3,-2,0,0,-1,-7,6,-4,-7,3,-12,-11,-12,-9,-1,-16,2,8,-2
7/622,0,2,4,1,-2,1,3,-2,3,-4,10,7,-6,0,3,-4,-5,4,0,-9,-1,-8,6,-15,2
5/311,0,2,0,-5,0,-5,4,-2,6,5,-5,-7,-3,-2,-6,-9,6,-4,-11,-3,-2,8,-7,6,8
5/313,0,-2,0,0,-5,-5,-3,1,6,-2,3,-7,0,-1,13,0,6,-12,8,-9,4,-6,0,-6,-8
1/177,0,0,0,-5,-5,-5,2,1,-3,10,-2,5,-3,-1,0,1,10,-2,14,-13,-11,8,0,-9,-12
3/1243,0,0,4,1,-2,0,-1,-2,-8,0,2,-7,6,-4,-6,2,6,13,8,0,-10,-4,-16,-9,-6
-5/274,0,2,0,1,4,-5,-5,1,4,9,2,-8,0,4,-10,-4,0,-2,2,7,-14,0,-10,10,14
1/68,0,-2,3,3,2,-1,-2,-2,-4,5,-9,-1,-6,12,6,1,-10,4,12,-9,-1,4,17,18,-7
8/2491,0,-2,0,1,2,2,3,1,3,6,3,10,8,-1,3,5,-10,-3,5,6,7,-4,-3,-10,14
11/2490,0,0,0,-5,0,-1,6,-2,-8,3,-4,8,12,12,0,6,-2,0,12,14,-6,-14,-16,-9,14
5/2493,0,0,0,-5,4,6,-6,1,-8,-3,-4,-2,6,4,-4,6,-1,8,14,-9,2,-4,3,-8,2
7/2494,0,2,2,1,4,1,-6,1,-8,-6,4,6,12,-12,-6,2,2,0,4,8,-2,-9,-4,10,-5
-25/49,0,-2,0,-5,2,-5,-3,1,3,-4,-8,8,-7,10,7,1,-4,-6,8,8,-6,-10,12,12,2
-89/93,0,0,0,0,-1,2,-3,1,-8,3,2,10,-6,-6,-8,-3,-4,-8,-14,6,-2,9,-3,-13,-14
-527/7,0,2,2,-5,0,6,-8,-2,-4,7,-10,-8,-5,1,-8,6,11,8,-12,13,-1,-16,-9,-6,14
-265/3,0,0,0,-5,4,6,-3,-2,-9,-10,0,6,12,-12,6,-10,0,-12,12,14,7,-4,-7,-8,-3
3/620,0,0,0,1,0,-1,5,1,-4,-3,2,-8,-6,-10,-11,-4,4,1,-8,15,-10,15,1,-9,-10
5/1242,0,0,0,-5,2,2,2,-2,0,0,10,10,-6,10,-8,-2,2,-5,-12,-12,-9,5,3,-1,12
4/311,0,-2,2,1,4,-1,5,1,6,3,-10,-7,-9,4,12,9,-11,-5,12,-1,-2,-16,-9,-10,2
1/156,0,0,4,-5,2,-2,-5,1,-3,-5,2,2,-6,12,3,-3,-14,-1,-11,3,2,12,-3,6,-9
69/32,0,0,2,-5,0,-5,-3,-2,-7,2,2,8,1,-4,-2,-2,6,-1,4,-15,7,-8,-9,12,-8
72/31,0,-3,-3,3,0,-5,-1,1,-3,6,2,-7,-6,4,11,6,0,-8,8,5,5,11,2,12,2
44/45,0,0,0,3,0,1,-3,1,6,10,3,-11,-1,-2,0,4,0,1,8,12,2,-14,12,-9,-19
87/98,0,0,1,-5,-5,-5,-3,-2,-8,-10,-5,7,6,-6,4,10,0,-13,-14,3,7,8,4,-14,-9
-80/21,0,0,0,-5,-2,1,2,-2,-8,10,-1,-2,-5,12,13,6,4,2,6,14,4,-16,9,0,2
-529,0,-2,4,3,6,-5,5,-2,-7,6,-4,2,-5,6,-6,-3,-2,-11,2,-15,-2,2,12,-8,1
-524/3,0,0,2,-5,4,1,4,1,-8,0,2,6,3,-1,-3,-6,6,-10,11,0,-14,15,12,-6,-8
-81/61,0,0,1,1,-2,-5,2,-2,-3,-7,10,6,-9,-6,7,-4,0,-4,-3,2,-11,5,14,-1,2
-81/58,0,0,3,-5,2,-6,2,-2,-4,-6,-4,-8,-4,1,8,-7,6,-1,2,-15,-14,-8,-7,-7,-7
72/25,0,-3,0,-5,-1,-6,-4,1,-3,4,10,-1,6,-3,2,-7,-4,5,-13,5,4,8,10,-13,8
21/10,0,0,0,1,-5,-6,2,1,-3,-4,1,-6,-9,9,-6,6,1,-8,-2,3,4,-12,2,10,17
11/69,0,0,1,3,0,-6,5,1,0,4,6,-7,0,-12,-8,-14,0,-1,-4,14,-5,-8,-12,-6,-7
-37/47,0,2,1,0,2,2,2,-2,-3,-4,10,-11,4,1,3,-3,1,8,-12,15,-16,-14,3,3,-12
-17/22,0,2,2,-5,-2,2,-8,-2,-8,3,-9,10,6,4,-6,-2,0,2,5,6,0,-12,0,12,18
4/25,0,2,0,0,4,-1,-4,-2,6,0,-1,-8,10,4,1,-3,6,-1,-14,4,11,-16,-16,5,17
11/48,0,0,3,3,0,6,-6,-2,-8,-2,-4,8,6,7,7,3,4,10,-3,0,-14,6,-16,12,2
15/47,0,0,0,3,4,2,-4,1,-3,-2,1,-7,2,-10,3,-10,-4,5,5,15,2,0,6,6,-9
-21/13,0,0,-2,1,2,-2,4,-2,-3,3,-9,-11,-1,2,4,-2,6,-4,11,8,-6,1,1,-8,8
-41/6,0,0,2,1,2,-5,-3,1,-4,-1,10,-11,-4,1,2,-6,5,-3,-2,3,-2,15,0,-17,-9
-44/7,0,2,-2,-5,0,1,4,-2,-4,-7,2,7,2,-4,1,-10,0,-1,-12,0,-11,-5,-3,-12,2
-71/3,0,0,3,1,-1,4,3,1,3,6,-4,8,-1,2,8,7,-2,-6,4,-12,-11,-15,-6,6,-3
-74,-1,2,2,3,-2,-5,5,1,6,9,10,-11,6,-12,4,-11,4,-3,6,-12,1,-5,15,8,6
45/37,0,-3,0,-5,-2,2,5,1,6,-7,1,-8,12,-7,11,-2,4,-5,-12,14,-2,-10,-16,-7,-7
89/72,0,0,-3,1,-1,-1,4,-2,-4,-2,3,10,4,4,0,-2,-7,-6,-8,-3,2,10,0,-13,2
92/77,0,2,4,-5,-2,6,2,1,-7,3,-6,-1,-9,7,0,1,-4,-5,-5,-15,12,13,-16,-2,8
92/79,0,-2,-3,-5,-1,2,-3,1,-7,5,-1,10,-3,-10,0,6,7,-7,-12,-9,2,-8,12,-15,-18
41/38,0,2,3,1,2,4,-5,-2,-3,4,-4,-8,-4,4,13,-9,-4,8,1,14,-8,8,9,-14,17
89/79,0,-2,0,1,2,4,2,-2,6,6,10,-2,6,-6,-11,-12,-9,-10,3,8,2,-8,-16,-13,2
95/83,0,2,0,3,-2,-6,6,1,-3,-1,6,11,0,4,0,0,-9,-8,8,-1,2,-1,-16,-9,-18
2/1245,1,0,0,-5,-5,-5,-4,1,-6,0,10,-10,-7,10,-6,-6,-1,-3,-12,-2,-8,-15,-16,-6,0
16/2487,0,0,3,0,4,-5,-1,-2,-3,-4,-1,10,-3,-4,-6,-6,2,2,-12,-12,-6,8,-7,12,14
13/2488,0,2,2,1,-5,-7,2,1,-3,6,-8,-7,12,2,-6,-2,0,0,-14,8,-5,-14,-1,8,-1
4/1245,0,0,0,3,-1,1,4,1,-3,-1,2,-1,3,-2,8,-2,7,-1,11,14,-16,-14,-16,0,-5
1/311,0,-2,0,-5,-3,6,1,-2,6,-10,2,-2,-6,-1,1,-3,0,8,14,11,4,-16,-11,-6,-14
-60/29,0,0,0,3,-3,-6,6,-2,-3,-6,1,2,-6,6,11,6,-2,6,-8,12,-13,-4,6,-6,11
-52/7,0,-2,2,-5,-1,-7,6,-2,-3,-4,-4,-5,6,7,12,-6,0,-2,4,16,-8,-8,-16,6,-13
13/59,0,-2,3,1,2,-7,-3,1,-3,9,6,-7,3,-4,12,-9,10,13,9,-12,2,12,-11,5,-10
-79/37,0,-2,-2,1,4,6,-6,-2,-9,4,1,-8,-4,-4,3,1,-7,10,-10,12,2,4,4,-16,-9
-87/37,0,0,1,1,-2,4,2,-2,6,-10,2,-8,8,-10,-1,-9,6,-8,5,4,-1,-4,8,1,-6
-28/11,0,2,0,1,-2,2,3,-2,6,-5,-1,-2,-1,-6,12,3,10,-5,-10,0,4,-4,2,0,-3
-85/29,0,2,0,1,-1,0,-8,0,-3,-6,-9,-1,-1,10,0,3,0,10,11,-12,7,-8,-16,-7,-9
-58/13,-1,-2,2,1,-3,-2,-5,1,-3,-10,8,-11,-6,-2,4,2,-5,-10,12,2,-4,-10,-3,0,12
22/3,1,0,1,-5,0,1,-3,0,-3,-5,-4,-3,12,-10,0,-2,10,-3,8,-15,14,-14,-1,-12,-7
13/3727,0,2,1,1,6,-7,3,-2,-3,-8,-2,-3,-9,-3,7,9,0,1,4,-9,-13,-16,7,8,2
27,0,0,0,1,4,2,-1,1,0,-1,-9,11,0,2,-6,-2,10,-1,-13,-4,2,12,2,0,-18
57,0,0,3,0,-1,-5,-5,1,3,0,-9,-7,6,-7,4,-14,6,-8,9,-4,2,-8,3,2,-12
103/42,0,0,2,-5,0,-5,5,1,-8,0,0,-6,12,-1,0,-12,-10,10,8,4,-7,-8,-16,-6,-18
-55/13,0,-2,0,1,0,-2,4,1,-8,-1,-1,-5,12,4,-7,6,8,8,4,-12,-6,-10,3,-6,-13
-83/17,0,-2,2,-5,6,0,-2,-2,6,3,8,-1,-6,7,4,-2,11,4,10,13,-13,-8,0,-12,2
-86/19,-1,2,4,0,-2,1,-3,-2,6,-8,-6,10,-4,-1,10,-3,-9,8,4,14,-6,-1,0,0,12
-95/44,0,-2,0,-5,-2,6,3,1,-3,9,2,-10,2,5,-11,-10,-13,2,2,-12,-7,-10,4,10,2
-92/41,0,-2,0,0,4,-6,3,0,-7,-7,-4,2,6,10,-11,6,-4,1,11,3,12,5,-4,-9,-1
-4/2995,0,-2,0,-5,2,6,-1,1,-3,3,-8,10,-9,-4,3,-2,0,6,-13,-4,-6,-8,-1,3,1
-2/749,-1,-2,0,-5,0,1,5,-2,4,-5,3,-2,-1,-10,13,-4,-10,2,12,15,2,-8,12,-10,17
-10/2997,-1,0,0,-5,0,-6,5,1,-3,0,2,-8,-6,-7,-6,-6,-5,10,10,16,14,0,4,-6,8
44/3,0,0,-3,3,0,-6,-4,1,3,-4,-7,11,-6,1,-8,11,-1,4,4,0,-10,-4,-5,-6,2
1/581,0,-2,4,-5,4,1,-5,-2,0,4,-9,-5,1,4,0,-4,-4,-5,10,-5,4,-16,-16,-6,8
-1/580,0,-2,0,0,-3,-5,-3,-2,-3,-6,2,-10,-3,4,0,6,4,5,-14,4,-2,11,11,1,5
-2/2323,1,2,2,1,6,6,-5,-2,0,0,2,-6,1,-2,8,0,6,13,-14,-12,-2,-1,12,-14,-5
-3/2323,0,0,2,3,-3,-5,-4,-2,0,0,8,-2,8,4,0,6,-12,-11,-8,6,11,-10,0,1,8
-1/1161,0,0,2,0,0,1,-1,1,6,0,3,6,-7,-12,6,-11,2,8,10,-4,7,-15,11,-2,1
-1/774,0,0,2,-5,0,4,5,1,-8,9,2,-7,-2,-12,13,1,-12,-7,4,-12,10,-5,-3,-6,5
-1/663,0,0,-3,-5,4,-2,-2,-2,2,6,10,-7,0,12,0,-6,-2,-5,3,-12,12,13,11,6,14
-1/664,0,-2,0,0,0,6,3,0,6,10,10,-5,-6,4,8,6,-2,4,4,-4,-5,5,-16,-10,-2
-37/72,0,0,1,1,-2,-5,6,-2,-8,4,10,-11,6,-6,-6,0,-4,2,8,-12,-8,6,3,1,-7
1/997,0,2,-2,-5,0,1,2,-2,-8,-5,-7,10,-3,2,-2,-4,9,10,8,-12,4,8,11,-8,11
-3/998,0,0,2,0,-5,2,-3,-2,-3,6,0,-2,8,-7,-1,6,-11,2,-3,-4,2,10,-16,3,-18
-2/249,-1,0,0,3,2,6,-5,1,1,-4,-4,-2,0,2,4,2,0,13,14,6,14,6,-16,-13,10
-1/63,0,0,-3,-5,-3,6,1,-2,0,2,1,11,0,9,0,-4,4,8,-14,13,2,-5,16,-10,8
1/499,0,2,1,-5,-2,-5,2,1,-3,-4,-8,6,1,2,1,1,10,-4,4,7,11,-4,11,18,-6
-2/497,-1,-2,2,-5,6,-5,-3,1,-3,3,-4,5,6,-4,-2,-4,0,-12,-12,4,7,-16,12,1,-6
5/221,0,2,0,3,4,-2,-2,1,6,-10,-5,-3,6,12,-7,-4,0,-5,-14,-9,-10,-8,0,-3,-14
2/221,1,2,-3,-5,-1,-2,-2,1,6,9,4,6,-5,1,4,0,-4,-7,-3,-3,-16,-15,-16,-16,17
6/445,-1,0,0,-5,6,0,-6,1,6,-10,-5,-1,12,4,-6,-4,-13,2,4,3,-14,-8,-7,-8,8
4/447,0,0,3,3,6,-6,5,1,-3,10,8,2,12,1,-6,-2,-14,-10,-8,-12,-6,6,12,0,-12
-1/224,0,2,2,-5,0,-5,5,1,0,4,-1,10,4,-10,-10,-9,4,-6,-12,-1,-1,6,10,1,11
-5/1497,0,0,0,-5,2,-5,6,1,-3,4,-9,-6,-1,-4,0,2,7,5,4,-5,-5,10,3,-8,1
-3/898,0,0,2,1,0,2,4,-2,-4,5,3,5,-1,6,6,-3,10,-12,8,8,-2,5,-7,-6,-1
-7/2246,0,2,-2,1,-1,4,2,-2,-8,-3,0,-8,-3,4,-6,11,-4,-7,0,4,7,-9,-6,1,14
-11/4491,0,0,1,1,0,-1,-6,1,6,10,-9,5,6,-1,12,11,9,-1,16,-4,-2,1,-3,12,-2
1/202,0,2,0,1,-2,0,-3,1,-3,0,-6,-11,0,4,6,-4,-13,-7,12,-1,7,4,12,-15,-12
4/407,0,-2,-2,-5,-2,2,-3,-2,2,-2,2,-8,7,-1,-6,-10,0,5,-12,-5,11,-14,4,10,-9
1/450,0,0,0,-5,6,-5,5,-2,-6,-7,-6,-1,12,7,0,-6,1,13,2,4,-10,-8,12,6,17
-5/2244,0,0,0,-5,-2,2,-2,-2,1,-10,-4,2,-3,4,4,-6,10,-7,-3,16,-2,12,3,-12,2
-13/4486,0,-2,2,1,-5,-7,5,-2,6,-3,-4,-2,-2,-3,-8,-4,8,8,-2,-8,4,2,0,10,1
-21/8975,0,0,0,1,6,2,-3,1,-3,9,-1,7,-5,5,1,6,6,-1,2,7,7,5,3,0,10
-18/8975,1,-3,0,3,4,6,4,-2,-3,6,-9,-2,6,1,6,0,0,13,8,-15,-6,-8,2,-17,-3
-25/8976,0,0,0,-5,-2,4,-2,1,-3,-5,-10,2,-7,-7,0,4,0,-13,-2,-5,2,-10,0,4,3
-3/1282,0,0,4,-5,4,4,-6,1,1,3,3,5,0,4,0,-7,-13,-6,-11,-4,4,6,10,-12,18
-6/35,-1,0,0,-5,0,-5,5,1,3,0,-1,-2,-6,4,-8,6,-11,-10,4,10,-6,-8,12,-13,2
-9/38,0,0,3,-5,4,-1,-6,-2,0,0,3,-6,3,-10,2,6,-4,-4,8,-15,-10,5,-7,10,-8
-61/12,0,0,-2,1,4,-1,-6,1,-6,6,-9,6,-6,4,-6,6,9,-13,-10,-5,-16,-4,7,-14,12
-62/11,-1,-2,-2,1,-2,-5,3,-2,-3,-8,-10,-6,0,-4,4,-14,0,-4,4,-6,-16,15,-12,10,0
-61/14,0,2,2,-5,0,-5,-4,1,-8,-4,-1,-6,-7,7,-8,9,-12,-13,-3,-3,-14,-15,6,0,-6
-35/71,0,-2,0,1,-3,-5,5,-2,-8,-2,3,-11,-2,12,-8,-3,-2,-1,10,4,-2,-9,-11,-12,8
2/311,-1,2,3,3,0,4,2,-2,0,6,-6,-5,-3,-1,-4,-4,-3,2,-4,6,2,1,1,0,-3
11/2487,0,0,2,1,0,-6,-4,1,-9,6,6,-1,6,1,6,-4,0,-5,6,-15,2,-4,-4,-14,8
22/19,1,2,0,3,0,-5,5,-2,2,0,-2,10,12,-6,-11,6,-13,10,-3,-6,-9,-16,2,10,11
43/2,0,-2,2,-5,4,0,-3,1,6,6,6,-2,-6,-1,0,1,-4,-7,2,-4,-13,-10,-7,-6,17
2/55,-1,-2,0,-5,-2,-5,-4,1,-3,0,-9,5,1,-10,-8,-3,-4,-11,12,0,-13,10,-16,12,-2
26/11,-1,2,0,3,-2,-7,1,-2,-8,-4,-1,7,12,-6,0,0,6,-10,12,5,7,9,-4,1,8
82/39,-1,0,0,3,6,-2,-3,1,6,3,10,-8,-4,-6,0,-11,9,13,4,-12,11,6,-12,-6,2
-31/91,0,-2,2,-5,0,-2,-4,-2,6,3,-10,5,-2,7,-4,1,8,10,-14,-1,-13,-1,6,1,14
50/11,-1,2,0,1,-2,2,2,1,-3,2,-9,10,-6,7,-6,3,-13,0,-14,-5,-13,-1,16,6,-1
51/7,0,0,3,-5,-5,4,-8,-2,0,0,-7,10,-3,4,8,-4,2,10,-5,-1,0,4,3,6,6
-49/99,0,0,1,1,-2,0,2,1,-6,-5,-4,8,-6,-1,6,9,-11,4,2,13,-1,-4,16,6,-5
-1/133,0,-2,2,-5,6,-5,-5,-2,4,-5,-2,-2,-5,-9,12,-6,-2,-4,12,-12,-1,-4,-16,0,6
-6/665,1,0,0,-5,-5,2,2,-2,-8,5,-10,-1,0,-1,-4,-10,0,10,16,9,-2,11,-16,-12,11
-4/3097,0,-2,3,0,-2,1,-1,-2,1,7,-1,-10,-1,-3,-3,-2,1,-1,5,-1,11,15,12,6,-18
-1/388,0,-2,-3,1,4,6,-5,-2,6,0,-4,10,4,10,-6,6,-13,-11,1,2,6,-9,-16,2,4
4/1549,0,2,4,1,0,0,-6,1,1,10,-9,2,-5,-1,0,6,6,8,-10,-4,-2,13,7,-13,-1
2/1553,1,2,2,-5,-5,-1,-5,-2,0,4,3,6,6,4,2,2,6,-3,4,5,2,-16,-4,-14,10
-1/4646,0,2,1,-5,0,-5,-1,-2,0,-3,-1,10,-7,8,-6,1,6,1,-12,13,-4,-14,-4,-6,-3
-7/2321,0,2,-2,1,-2,6,2,1,-3,6,-7,-10,3,8,0,-2,-4,6,5,-8,-2,-9,12,-9,8
-5/2322,0,0,0,1,2,2,-3,-2,-3,-5,3,-2,-6,-12,3,-2,-9,10,-12,6,-5,-10,-13,12,-7
-1/4640,0,2,0,0,2,2,4,-2,0,-6,-4,-3,0,7,-3,6,6,-2,4,-4,-5,-8,12,-12,14
-3/4639,0,0,-3,-5,-5,-5,-1,1,3,5,-1,10,6,6,0,-6,10,0,11,0,-14,-8,-4,-10,6
-59/69,0,0,2,3,2,-5,-4,-2,0,0,-9,-10,-6,-4,-6,1,-12,-1,11,4,-11,-7,4,4,12
-60/67,0,0,0,1,2,-1,-4,-2,3,5,10,6,-5,-10,0,-4,6,8,0,-2,-4,-5,3,0,10
73/48,0,0,2,-5,6,4,-3,-2,6,9,-4,-5,4,-4,-4,-6,-4,-1,2,4,-11,-15,-4,1,-13
73/51,0,0,-3,-5,-5,-5,-2,-2,6,-7,1,6,-5,-10,-10,6,-4,-4,10,6,-11,-6,8,-6,-3
-1/208,0,-2,2,-5,-5,-2,-3,0,-4,2,2,-2,0,4,0,-10,0,-7,11,-4,-14,-9,-16,-12,-14
17/3725,0,2,0,3,-3,-5,-8,-2,2,-5,-1,2,-5,8,0,-10,0,-4,-2,11,-1,-14,-16,-6,-12
16/3727,0,2,-2,3,-2,-1,-3,1,-6,5,-1,-6,0,2,0,6,-3,-5,-14,-15,-6,8,-16,-9,-10
4/745,0,2,0,1,2,2,-1,0,-8,-4,-10,5,-3,12,-2,3,-4,-1,-10,4,-4,13,-16,8,12
20/3723,0,0,0,0,-3,-5,-2,1,-3,6,8,-7,-6,-6,4,-4,8,-2,-11,-15,-6,0,3,-16,-2
17/3729,0,0,-3,1,-2,4,-8,-2,-8,4,-9,-2,-6,4,-1,-4,-13,2,10,-15,2,5,17,-17,-3
17/3730,0,-2,0,-5,2,-1,-8,1,6,0,3,-11,-3,-6,2,-4,-12,1,5,-3,-13,0,-7,6,-6
4/1243,0,2,2,0,-2,6,-6,-2,0,0,-1,-2,0,10,0,10,0,10,-2,-12,-13,-14,-16,-16,14
7/1865,0,-2,0,1,-2,6,-6,1,-3,-2,-1,6,0,6,1,-10,-4,-10,2,-12,-13,11,8,1,8
1/233,0,-2,-2,-5,2,6,-1,1,6,4,-6,11,-7,-12,0,1,0,-4,2,-9,-6,15,3,12,-12
100/33,0,0,0,1,-2,-5,-6,1,6,-2,10,-8,6,4,1,1,-3,6,12,-15,14,-16,-16,-6,1
-18/79,1,0,-2,-5,-1,-5,2,-2,1,-3,10,2,1,8,4,3,4,0,-12,-15,-13,-8,14,-4,8
-19/80,0,2,0,3,-5,2,2,1,-3,4,3,-2,-4,-3,0,-3,-14,0,-7,-12,-10,-14,12,10,-2
-11/38,0,-2,2,0,0,4,-1,-2,6,-7,-7,2,-1,7,-6,6,8,-1,-4,-12,-2,-14,14,6,-18
-73/34,0,-2,2,3,-3,6,-2,1,6,-8,8,-8,4,-9,4,-3,0,10,2,6,-11,8,16,6,8
-23/11,0,-2,3,3,-2,-5,4,-2,-7,3,3,-2,-3,4,-6,-9,-14,-1,11,8,-13,-4,5,6,11
-2454/13,1,0,2,-5,4,-2,-1,-2,-4,-5,-6,-5,8,-1,8,-9,-1,13,4,-4,6,-9,-16,6,2
-613/3,0,0,1,0,-5,-5,5,-2,6,-10,1,-6,4,-4,-6,6,6,0,11,8,-10,15,-12,-6,2
-223,0,-2,0,0,0,4,5,1,3,0,-7,7,2,6,-8,6,-4,-5,12,-12,6,-10,3,6,-3
-2455/11,0,2,0,-5,-2,6,-3,-2,3,6,-1,-5,-3,2,-8,-4,6,1,9,-15,-1,10,10,-8,9
-1226/5,-1,-2,0,-5,6,6,2,-2,-8,10,-5,7,8,6,-6,1,-4,-4,4,8,-8,10,-15,6,-6
-3677/19,0,2,2,0,-5,-1,-5,-2,-3,4,1,-7,-6,-1,8,-6,4,6,12,10,-8,6,6,-6,16
-3677/13,0,2,4,1,-3,-2,2,1,6,-2,-1,-5,-6,4,4,-2,0,0,-3,16,10,10,12,1,-18
-3675/17,0,0,0,1,0,2,-2,1,-8,0,1,-2,6,-7,12,-2,4,4,0,2,-14,-14,-9,6,1
-103/61,0,-2,0,1,-2,1,2,-2,6,3,1,-7,-6,7,-6,9,-3,-4,8,-5,-10,-8,-3,6,-2
-47/22,0,2,1,1,-2,0,5,1,-3,6,10,10,0,6,-8,-12,6,-7,2,0,-6,-8,3,-13,-1
2031/2,0,0,2,-5,0,-5,-3,1,-3,6,-1,6,-1,2,12,-3,-12,-1,2,-4,7,13,0,-10,9
59/16,0,-2,1,-5,-2,4,-4,1,6,7,-7,-1,0,-6,0,9,-12,8,12,-4,-5,-14,-16,-1,-14
59/19,0,-2,0,1,2,6,-3,-2,4,-8,-1,10,-4,7,1,-2,-12,10,4,-9,7,-14,-16,0,-14
66/17,1,0,-3,0,0,2,-2,1,1,0,-9,-6,4,-7,-4,9,9,1,4,5,2,10,12,10,12
58/15,-1,0,0,1,0,1,2,-2,6,-10,-1,-1,2,-6,0,6,-2,5,14,-3,1,10,3,-10,2
47/15,0,0,0,-5,0,-5,-6,1,-4,6,1,10,6,-4,-8,6,-9,-13,4,-15,-13,1,-4,8,-19
89/15,0,0,0,-5,-2,6,5,-2,-3,-2,-1,8,-5,-1,-11,5,-2,-2,-11,-1,5,12,-12,-13,-14
91/17,0,-2,-3,1,2,-7,-2,1,0,3,-5,8,2,-6,-2,-6,-4,-7,-10,-12,8,-12,1,3,-3
-43/76,0,-2,3,0,6,0,4,-2,3,-2,-1,-10,-6,-1,12,-3,0,-4,8,-12,-4,9,-4,-8,2
-85/71,0,2,0,1,4,2,-8,-2,-3,-10,-7,-5,-5,4,-6,6,-4,-8,-10,4,11,-14,-3,-14,-6
-58/79,1,-2,-3,1,-3,6,-3,1,6,-10,-9,10,-2,-3,0,6,5,8,5,-6,-10,-8,10,6,-18
-57/79,0,0,2,3,6,-5,4,1,-3,-10,-2,5,-3,4,13,6,4,8,-8,5,2,-8,-1,12,-8
-19/27,0,0,2,-5,4,6,-1,1,-3,-3,-4,10,6,4,-6,-3,-4,-10,-4,0,-13,10,-5,0,12
-15/77,0,0,0,-5,-2,0,-3,1,-3,4,1,-3,3,8,0,-10,11,2,-12,-9,-13,1,-13,12,-2
87/2,0,0,4,-5,4,4,4,1,-3,-10,-4,-7,2,-2,4,6,-14,13,-3,-12,-6,-1,12,-9,8
-13/7,0,-2,0,-5,2,-7,2,1,6,2,2,2,-5,6,0,3,-11,-2,-2,14,6,-10,10,-14,0
-25/11,0,2,0,1,-2,-6,1,1,0,5,-5,-6,0,1,4,6,-10,4,5,14,0,-16,-3,-2,14
-69/34,0,0,2,1,0,-6,-2,-2,-7,0,-1,5,-5,-2,-6,0,-12,-4,4,-6,-1,-8,0,-14,2
-76/39,0,0,0,1,-1,-2,6,1,-3,-2,6,7,-6,-10,-2,5,-4,-1,-12,6,0,6,8,-6,8
17/84,0,0,0,-5,-3,-5,-8,-2,6,-2,-5,6,-4,-1,-7,-2,-4,10,12,-9,4,8,-12,5,17
6/41,-1,0,0,0,0,1,-3,1,6,6,-9,-7,6,4,-8,-4,0,6,-12,0,4,-1,7,10,-18
-4/4643,0,2,-2,-5,4,4,5,-2,-3,-10,-5,-2,6,-1,-6,-11,13,1,0,-8,-14,4,12,1,-2
-7/4645,0,-2,0,1,4,-5,5,-2,3,4,-1,-7,0,-10,-8,-2,2,1,4,15,7,8,12,18,-4
-6/2323,-1,0,2,1,0,-5,4,-2,0,-1,3,-5,-6,4,-8,3,0,-4,-2,11,-13,-8,4,1,8
-1/1162,0,-2,0,-5,-2,-5,2,1,-8,3,-6,-3,-6,10,-3,-10,8,-11,-12,14,2,10,-16,-14,5
-3/1160,0,0,0,-5,2,6,6,1,6,-6,-9,2,10,10,11,-2,11,-6,11,0,2,-8,-3,-9,-2
62/87,1,0,2,1,-3,-5,2,1,2,-6,-10,-5,0,-10,-6,-11,6,-12,4,3,-10,9,3,-16,1
61/89,0,-2,1,0,2,0,5,1,6,4,-1,-7,-6,-4,-11,0,6,-13,0,-15,-2,-10,-4,-8,1
-100/37,0,-2,0,1,0,4,6,1,2,-7,-10,-8,6,12,4,1,-13,0,3,8,6,1,5,4,-14
-47/18,0,0,4,-5,0,2,-3,1,4,0,6,-7,0,4,-8,6,7,0,5,6,14,13,12,-14,-10
2901/19,0,0,1,1,-5,-1,2,-2,-3,-8,-1,-6,-3,6,-3,6,4,-1,-14,4,1,-16,3,1,7
2906/21,1,0,0,-5,0,-1,-3,1,-9,0,2,-2,-1,-10,3,-2,-13,6,8,-12,4,0,-6,-3,12
2906/19,-1,-2,1,3,-2,6,-3,-2,-8,4,3,-2,-6,4,0,-11,0,2,4,6,7,-8,-1,9,-7
322/3,-1,0,1,1,-5,6,5,1,-7,4,-10,-2,-9,8,-3,3,11,4,0,-5,-4,0,12,10,2
1454/9,-1,0,4,1,6,6,4,1,-8,2,1,-6,-3,1,-11,-11,-3,4,-14,14,4,-6,-3,-6,2
80,0,-2,0,3,-2,0,6,1,3,6,10,-1,-9,4,-2,-2,-2,-10,3,13,-6,0,16,1,-4
5/1866,0,0,0,3,4,2,2,1,-8,6,6,6,10,-6,-7,-2,7,5,12,-3,-16,6,12,10,-1
1/186,0,0,0,1,6,2,3,-2,1,-5,2,8,4,4,0,-6,-10,2,-8,-3,14,-16,16,9,0
5/933,0,0,0,1,-2,6,-5,1,3,4,3,5,6,-10,12,-2,-2,13,4,7,-4,4,2,-3,-10
28/7463,0,-2,4,1,6,0,-2,1,-3,-8,3,-2,4,4,-11,6,5,-10,-12,-15,-7,0,-11,1,-2
29/7461,0,0,2,1,2,2,5,-2,-6,-10,-7,-8,-6,9,0,-6,6,13,11,-12,-7,10,4,6,-12
-46/99,-1,0,4,3,-2,-5,-3,-2,-7,4,-9,-5,-3,-1,11,0,9,2,14,0,7,-14,6,18,-9
1/66,0,0,0,-5,-2,2,-3,-2,-3,4,-1,5,2,9,12,-6,-7,-10,4,0,-5,5,4,-16,-2
-63/26,0,0,-3,1,0,-2,-1,-2,6,0,-7,7,0,1,-7,2,0,10,-6,0,11,6,7,-6,12
-59/24,0,0,2,1,0,2,5,-2,6,-4,-10,5,-4,7,0,5,-12,-13,12,7,-2,-10,11,12,11
-7349/35,0,-2,0,-5,4,2,6,1,-4,-1,0,-6,-4,8,0,0,0,2,-7,2,2,0,-3,0,18
-7348/37,0,-2,4,0,0,-5,-1,-2,4,-3,-5,-8,-2,6,7,-9,0,-7,-14,-12,4,-10,12,-6,10
38/13,-1,-2,2,-5,0,-2,3,1,6,2,-1,-7,6,-10,0,9,6,-6,-4,4,-2,4,16,6,-12
73/27,0,0,1,-5,0,-5,-4,1,-3,6,-5,2,0,-4,0,-10,0,10,-12,6,-11,-8,14,6,1
-3/1498,0,0,2,-5,-3,6,1,0,-4,0,-5,-1,-9,-4,-8,-6,4,8,8,14,-6,0,1,6,-18
-7/2994,0,0,-2,1,-1,-5,2,1,0,0,-1,11,-3,6,-8,-2,2,-5,12,6,-16,-8,0,3,8
-12/4489,0,0,2,0,6,2,2,1,-4,-7,-6,7,-3,-6,0,-2,13,-11,0,-4,4,10,4,18,2
-13/4490,0,2,0,-5,6,-7,-6,0,6,7,0,7,2,8,0,-3,-4,5,-10,-15,-6,0,7,-15,12
-17/4493,0,-2,4,3,-5,-6,-8,1,6,2,-2,6,-6,5,-6,11,4,-13,-2,-12,-5,-8,4,2,10
-15/4493,0,0,0,0,0,1,2,-2,-3,6,1,-1,6,6,0,1,0,1,3,-4,2,-4,0,-13,-8
-1/333,0,0,2,-5,4,-5,2,-2,6,-7,-10,-8,6,-1,-6,9,6,1,-10,12,-5,-6,12,18,-6
322,1,2,-2,1,-2,2,3,1,-7,5,3,2,0,8,10,-14,10,-6,-10,9,7,5,-16,12,-1
323/4,0,-2,-3,1,-5,-6,-8,1,2,4,3,-5,8,2,3,1,0,4,-11,4,10,-10,12,-17,8
1449/10,0,-3,0,1,-2,4,2,-2,-7,-8,-2,-2,7,10,-6,-4,-2,1,5,-8,4,-14,-15,0,-14
2896/21,0,0,2,-5,0,4,-1,1,-3,6,-1,-8,-1,-1,-4,6,0,13,-4,11,-13,-12,8,8,-1
965/6,0,0,0,0,4,6,2,1,-9,4,3,-5,-1,-3,-8,1,13,-10,4,6,2,8,-4,2,-4
321/2,0,0,-3,3,-5,4,3,1,3,4,-8,-1,-6,-4,-6,6,-4,13,6,5,-13,8,4,0,-6
-50/23,1,-2,0,3,4,-5,2,1,0,-10,-1,-6,12,0,12,-4,4,-1,-14,12,-16,-16,-5,-1,8
-222,1,0,2,1,0,6,3,1,6,10,-9,-11,-3,-10,1,6,-14,-8,-2,0,-13,-16,2,6,-10
-669/2,0,0,2,-5,-5,2,2,-2,-4,0,-1,-2,-6,12,-6,6,9,10,-10,8,-10,10,4,-6,-12
-669/5,0,0,0,1,4,-5,-4,-2,6,-5,0,6,-7,8,-4,-14,-2,1,-13,4,14,1,12,-15,10
-665/3,0,0,0,1,-1,-5,2,1,-6,7,4,-7,-6,-2,-3,6,0,2,1,-2,2,5,-8,18,10
-668/3,0,0,1,1,-5,6,-3,1,-3,3,0,-11,0,8,0,9,13,10,5,0,-1,9,16,-6,17
-1837/9,0,0,3,1,0,2,5,-2,6,6,6,-7,10,6,4,-6,6,1,-2,2,12,5,-3,3,14
-2449/12,0,0,-3,3,-3,-5,1,1,-3,4,-10,-2,-6,-10,-6,-4,10,-7,-5,4,7,4,6,10,-14
-77/16,0,2,2,1,0,-1,-4,-2,3,-8,2,-5,6,-7,-1,-2,-2,0,-8,0,-4,-12,-16,-14,-9
-77/15,0,0,0,1,0,6,-3,1,-3,7,1,-7,-6,6,0,10,-10,-5,2,8,-5,5,-12,18,13
-36/7,0,-3,0,-5,0,-6,1,-2,6,0,8,-5,-4,-6,-6,6,-3,-5,-7,3,-6,1,3,-6,-5
-78/17,1,0,0,1,0,-7,-2,0,-3,0,1,-2,-3,10,-8,-9,4,0,5,-9,-6,-10,16,3,-2
-91,0,-2,2,1,0,-7,5,1,-3,-2,-6,-7,8,4,-7,-3,10,4,-12,-15,-2,9,1,-6,14
-86/69,1,0,4,1,0,4,3,1,0,-5,2,-3,0,-1,-4,1,-11,4,1,2,-13,-15,-4,18,-7
-83/71,0,-2,0,0,-5,2,6,1,-6,6,-1,-2,2,-6,3,6,6,-2,4,4,-9,1,0,1,-10
-62/7,-1,2,2,-5,6,-6,-3,1,-3,4,-10,10,-6,7,-6,6,1,4,-4,0,12,8,0,3,-12
-64/7,0,-2,-3,-5,4,0,2,1,0,-3,-9,-8,7,4,7,-10,13,-6,-3,2,-2,15,3,1,-9
-15/52,0,0,0,1,4,-2,-6,-2,-3,-5,8,7,12,2,0,-3,0,-8,12,10,-7,-1,14,-6,1
-16/51,0,0,2,1,-3,1,-2,1,2,2,-2,-7,2,-2,-6,6,-2,4,12,-2,11,-8,-4,-6,-2
-13/49,0,-2,0,-5,-3,-7,5,1,3,-3,2,10,-3,2,0,6,0,-8,-11,-12,14,-10,-15,-3,7
-11/48,0,0,3,-5,0,-6,5,1,2,-2,3,7,6,9,0,-12,0,1,9,3,-14,-14,-3,9,2
-76/47,0,2,2,3,-3,2,-6,1,-6,0,3,-7,-6,0,3,1,-13,-10,2,-2,-2,-10,4,-14,18
-75/43,0,0,0,1,0,-5,2,1,6,-4,8,-1,-3,-12,0,-12,0,0,12,-12,-10,8,-10,5,-1
91,0,2,0,1,-2,-7,-5,1,-4,-2,-4,-2,8,2,0,-6,-4,8,1,8,-4,-6,-3,0,14
93,0,0,3,1,4,0,-3,-2,-3,-4,-10,-5,-1,8,-8,-10,0,10,4,3,-14,-10,10,6,-1
47/2,0,2,0,1,4,-5,5,-2,1,0,-1,-2,3,4,-8,11,0,-12,9,14,7,-16,-6,12,-7
94/5,-1,-2,0,1,6,4,6,1,-3,9,-7,-8,0,-10,-8,-10,0,4,-14,-9,4,-16,12,-6,-14
29/20,0,2,0,1,-1,-6,-3,-2,-8,-10,3,10,-3,4,13,2,2,4,12,3,2,5,6,-12,-6
33/20,0,0,0,1,0,2,5,-2,1,-4,-4,-7,6,8,-1,0,7,-5,-4,0,-6,-14,4,8,3
33/17,0,0,1,-5,0,-5,-2,1,2,3,-1,-2,-6,8,1,-4,-1,-7,8,-4,-7,9,4,-12,9
-16,0,-2,2,-5,2,2,4,-2,3,9,0,-2,6,2,-11,-4,-4,-7,5,5,2,-16,-9,-4,-2
-87/91,0,0,3,-5,-3,-2,5,-2,6,-10,-4,-2,-5,-6,-3,-2,-11,-7,2,8,14,0,4,-6,2
-40/23,0,2,0,0,-3,-1,3,1,0,-8,-5,-11,6,4,-2,3,-4,-1,2,-5,7,-6,10,6,-2
-71/10,0,2,0,1,4,0,5,-2,-3,3,-9,-8,-6,1,0,-4,-10,0,3,-12,8,-8,2,-4,2
-65/11,0,-2,0,3,-2,-7,-3,0,-3,-7,3,-2,8,-2,-8,-4,-3,-3,2,6,11,-9,3,18,2
27/101,0,0,0,1,0,-5,1,-2,-8,-2,0,8,2,-10,-8,-4,-4,8,-10,-12,11,-6,-3,-14,-1
24/101,0,0,1,0,-5,-5,-1,1,6,10,3,-2,6,-10,6,-2,11,2,3,-2,-14,5,8,0,14
14/13,-1,-2,2,1,4,-2,2,1,-8,10,-9,-2,6,7,-10,11,-4,-3,-12,10,2,-1,-10,-14,-6
47/42,0,0,0,-5,-3,6,-3,-2,-8,-5,-2,10,1,-3,-8,-3,-7,-11,-12,15,-2,-16,17,-9,18
42/41,1,0,-3,1,0,-5,-5,-2,6,-10,-4,6,6,-2,10,-4,-3,-13,11,-4,-13,13,12,6,-7
47/40,0,-2,0,0,-1,-5,2,-2,-9,0,10,-6,0,-1,-8,6,2,-5,12,12,-8,-16,-4,-9,6
-65/76,0,2,0,1,6,-7,5,-2,-8,-1,-6,5,-5,7,2,-9,-7,10,-12,-1,2,-16,-10,-8,-14
-66/79,1,0,4,1,0,6,5,1,-8,4,10,-7,-7,5,-8,-4,-4,1,16,-9,11,-8,-3,-8,17
88/5,0,-2,0,-5,0,0,-3,-2,-3,-4,1,-7,-3,4,-6,9,0,-10,5,-6,-8,-6,11,-14,10
7/48,0,0,2,1,6,-5,-4,-2,-3,-5,0,-8,-6,-4,0,1,0,1,-2,-6,10,11,-10,0,18
9/46,0,0,1,-5,6,-5,2,-2,0,0,-9,8,10,10,-6,6,6,-11,9,-5,4,8,12,6,-9
-77/61,0,2,3,1,0,1,5,-2,-3,9,0,5,-1,-2,-6,11,-5,-4,1,6,0,8,4,2,12
-9/119,0,0,2,-5,6,0,-2,1,-3,-8,-1,-7,-2,12,0,3,-5,-5,-7,3,0,-10,3,-15,-2
92,0,-2,2,0,-3,2,1,1,-7,-4,1,10,10,-4,0,-2,13,4,8,-3,6,6,15,3,8
-41/59,0,-2,2,-5,0,-1,2,1,3,-5,-2,-7,-4,2,-8,-6,10,8,-3,-9,-1,5,12,12,17
-34/55,1,-2,0,1,-2,-6,-8,-2,-3,0,-9,-1,12,4,-11,3,-4,4,-7,-5,-4,-14,12,-6,2
503/2,0,2,2,3,-3,4,2,-2,6,-4,10,10,7,9,10,5,6,8,-14,4,6,-8,-13,1,-5
14/39,1,0,2,1,2,-2,-3,-2,-8,9,-7,10,-3,-6,4,0,-7,10,12,12,2,-6,17,0,17
29/79,0,-2,2,-5,0,1,5,1,-9,-10,-5,-6,-5,4,4,1,2,-1,10,-7,-2,-8,-8,6,-14
-35/26,0,-2,0,1,4,-2,5,-2,-9,-7,2,-7,6,4,-2,6,0,10,-13,8,-5,4,2,5,-14
-34/25,-1,-2,0,1,4,-5,-8,-2,2,2,4,-7,-6,8,10,-7,0,-7,11,-8,2,-6,1,6,-8
-47/58,0,2,0,0,6,1,2,-2,-8,-6,-10,5,-1,4,-8,-11,-4,-11,-14,8,-13,5,-8,-10,-3
9/50,0,-3,0,1,4,0,-3,1,6,-5,2,-3,-6,-9,-7,11,4,8,5,14,-11,10,4,12,14
-59/15,0,0,0,-5,6,1,-3,-2,-6,-1,-7,8,-9,-10,-6,6,-12,1,-4,-2,4,-8,0,0,-5
-19/5,0,2,0,1,4,-5,2,1,6,-7,-8,10,-4,-2,-6,6,1,-7,5,8,5,-6,14,-17,6
-68/15,0,0,0,1,4,-5,-8,-2,-4,0,3,-6,-1,2,-6,0,8,6,-8,-4,0,5,11,-12,14
-68/13,0,2,2,-5,6,-2,-8,1,-6,-8,-8,-7,6,12,4,9,6,1,-5,-9,11,6,-6,1,2
-79/50,0,2,0,-5,4,6,5,-2,-3,0,-10,10,-6,-6,12,-2,10,-1,3,-12,-7,4,1,6,0
-78/49,1,0,2,-5,-1,-7,2,1,-4,0,6,-8,12,6,-6,1,-2,1,-2,-8,-13,8,10,3,-18
-41/24,0,0,0,-5,4,2,3,-2,-3,3,-4,-1,-4,-6,-8,-2,6,-4,-10,3,4,-1,-4,0,8
-38/25,1,2,0,0,-1,6,-3,1,0,-3,-9,-10,4,-1,12,6,-11,6,-5,6,-5,5,-1,1,-18
94/7,1,2,2,-5,-3,-6,5,1,-4,4,-5,-11,-1,4,-8,4,4,-8,5,5,-8,15,6,6,3
97/4,0,2,3,-5,4,-5,2,-2,3,-5,2,-2,-6,6,0,-9,0,-1,-12,12,11,5,4,0,8
98/5,1,2,0,1,-1,-5,-5,1,-3,-5,2,11,-5,7,-3,10,-2,-3,12,-7,-9,9,0,-4,2
-28/57,0,0,4,1,0,2,4,-2,6,0,10,-1,-4,-2,-11,1,-14,8,-12,-1,-14,-9,-10,10,13
-26/55,1,2,0,-5,-2,-7,-6,-2,-3,0,8,-2,-5,2,13,-10,-11,-7,-8,-6,14,-9,-16,6,-1
-55/47,0,2,0,3,0,4,4,1,4,-4,-1,10,6,4,3,6,0,-6,14,16,-11,-4,-16,12,-10
513/7,0,0,2,-5,-5,6,5,1,-3,6,-4,-1,3,-6,-2,6,0,-5,-14,8,14,-1,-3,-12,-2
73,0,2,-3,3,4,-5,2,1,0,6,3,7,8,6,-4,2,-14,5,8,-1,-11,6,-16,-4,8
86,-1,-2,0,1,0,-5,4,-2,-8,0,-2,-8,-5,-1,8,-11,10,2,11,-2,-1,11,0,-12,14
43,0,2,3,0,6,-5,-4,1,-4,3,3,-1,-7,-1,-6,6,-4,1,-12,2,-2,4,-3,4,2
262/5,-1,-2,0,1,-3,1,5,-2,3,-4,-5,-2,-5,-6,-6,6,-7,6,-4,-12,-10,-5,6,-9,14
-37/3,0,0,4,-5,2,-5,3,-2,-8,6,-4,-11,2,4,11,-4,10,13,-3,-15,12,-10,-3,0,8
-14/235,-1,2,0,1,-1,6,3,-2,3,-4,-9,-5,-6,4,3,-14,-14,-10,-4,-15,-5,11,11,6,8
-7/118,0,-2,2,1,2,-6,1,-2,-3,4,-9,7,7,7,-2,1,10,-6,3,-3,-2,-10,-10,12,-2
-7/79,0,-2,2,1,-1,-6,-3,1,-4,3,4,-1,6,-6,1,-2,-4,-5,-4,-12,0,-8,-4,10,8
-47/39,0,0,0,-5,4,-2,5,-2,6,-2,-4,-3,3,-6,-8,-2,8,10,16,-4,-11,-16,12,-14,-18
-2/41,-1,-2,2,1,0,6,1,1,-3,-3,6,10,6,-6,-11,10,-10,0,5,3,-7,8,-6,-15,1
-1/41,0,2,2,0,-3,-6,6,1,4,-5,3,-7,6,-2,-6,-2,8,-6,-2,-9,-5,0,12,-10,16
-10/179,1,2,0,0,-3,6,2,-2,6,-1,-4,2,0,-6,3,-4,-1,-2,4,-4,-2,6,9,6,14
-41/712,0,2,3,3,6,-5,6,1,6,0,1,-5,-4,-6,0,6,0,0,2,-2,-2,11,1,-8,-8
-42/713,-1,0,0,1,6,-5,-3,-2,0,-10,2,10,2,12,-10,-6,10,0,8,-4,-2,-14,17,0,14
-39/11,0,0,2,1,-2,-7,5,1,-3,6,10,-7,-4,8,12,-3,0,2,12,-12,12,0,-6,6,8
-14/29,1,-2,2,1,0,-5,-3,-2,-3,-6,2,10,6,-6,12,-7,2,-4,0,-12,-13,-8,3,-1,2
-53/4,0,2,3,1,2,1,-3,0,0,2,1,5,-6,-10,3,-10,-9,2,4,15,-9,10,6,6,10
-53/3,0,0,1,0,0,-5,2,-2,-3,0,3,10,0,7,0,-10,-2,-5,-13,0,-2,8,10,10,2
48,0,0,-3,1,-3,-1,2,-2,6,3,8,10,-9,2,2,1,0,-3,3,-7,4,-16,6,10,-13
-3/67,0,0,0,0,0,-5,2,-2,-3,3,10,10,-2,8,0,-6,0,8,0,5,-8,-11,-16,6,-3
-2/131,1,-2,-2,0,-1,4,2,0,-4,-2,-9,10,10,10,11,3,0,-12,5,15,-9,-16,6,18,-12
-2/67,1,2,1,3,0,6,-6,1,-3,5,3,-3,-7,-4,8,-3,4,-11,0,7,0,11,12,-10,-2
-5/129,0,0,0,3,0,-5,-3,1,-8,9,1,-5,1,-12,4,10,-2,13,12,5,6,6,4,10,-6
2/109,1,-2,2,-5,0,1,-1,-2,-3,-5,-10,7,0,6,0,3,-13,6,5,-2,6,-14,1,6,-2
-8/223,0,2,1,0,-5,-1,-3,-2,3,-5,-5,6,-5,10,13,-11,-10,5,1,8,-6,-8,4,-4,-4
-3/223,0,0,2,3,6,-5,1,1,3,10,0,-10,-3,2,-8,3,-4,4,2,-3,-2,-6,6,-7,-6
2/81,1,0,2,-5,2,-5,-3,1,0,3,-5,-3,-9,5,0,3,-4,0,3,-4,-2,0,12,-2,0
-2897/25,0,2,0,1,2,4,2,1,1,0,1,-8,0,4,-6,1,-2,-4,-14,-6,-6,-11,16,12,-12
-2894/25,1,2,0,0,4,-5,-3,1,6,9,2,10,-7,2,-3,-2,7,10,4,3,-10,-7,2,10,14
-117/4,0,-3,0,-5,-5,-7,-4,1,3,6,-7,-2,-7,10,12,-4,-11,2,4,-12,11,-9,-10,-15,8
40/57,0,0,0,-5,0,-5,4,-2,1,-10,1,10,2,4,-1,6,0,8,4,-1,14,-8,-4,-1,8
-175,0,-2,0,1,-5,6,6,1,-3,0,3,-5,-4,4,1,-4,-2,13,4,9,8,-1,0,3,10
-172/3,0,0,2,0,4,6,2,1,0,7,0,6,-1,-1,0,-2,2,13,-12,-12,5,-16,-16,0,-7
-62/5,1,-2,0,3,-2,4,-3,1,2,-4,-10,-3,-5,-2,0,-4,8,5,12,13,2,8,16,2,-6
-67/41,0,2,0,-5,-3,6,2,-2,6,0,0,10,6,-12,11,6,0,1,-5,-9,4,-14,2,-12,-1
-83,0,2,2,0,4,-5,-6,1,-3,-2,1,-6,12,10,7,-4,10,-7,5,14,-5,4,0,6,-18
-84,0,0,0,1,-3,6,4,-2,6,5,-5,11,-9,4,4,-9,0,8,4,-1,11,-1,12,-8,-2
-66,-1,0,2,-5,0,6,-6,-2,-8,0,-9,-2,6,4,0,-10,0,-13,12,3,-6,6,-12,-14,-1
-243/2,0,0,0,0,4,0,-5,1,-3,0,10,-2,-7,1,-6,-9,-13,4,-2,8,2,-16,0,10,-5
-162,-1,0,0,1,-2,6,-3,1,-4,-5,-2,5,-7,-4,-4,11,-11,-5,-4,-15,2,4,-6,-1,-2
-163,0,-2,-3,-5,-1,-6,1,1,-8,4,1,-7,-6,4,0,-6,-14,-11,4,11,14,-1,0,8,-1
-481/5,0,2,0,1,4,-7,3,-2,-3,3,3,-11,0,8,-4,-2,0,8,12,-5,11,10,1,0,9
-241/2,0,2,2,1,2,1,1,-2,2,10,10,-7,2,6,0,0,10,10,-3,-4,11,-7,-6,-10,-2
-363/2,0,0,4,-5,0,6,2,1,4,6,-1,-7,3,-12,-10,-14,-7,10,14,6,-16,8,3,2,12
-362,-1,2,0,1,-5,0,6,1,2,6,1,-2,-9,-4,8,10,-4,-13,0,-12,-8,13,-3,-7,16
-143/3,0,0,1,1,0,-7,-4,-2,2,7,-10,2,-9,0,-6,-4,-9,-12,-11,-9,-16,-5,-7,-14,-7
-63/11,0,0,2,1,-2,6,-6,1,3,-10,-1,8,-9,-4,6,6,4,-8,-12,-9,-2,-8,1,1,-18
41/7,0,-2,0,-5,0,-5,4,-2,-9,10,-4,11,-4,-12,-4,4,0,10,8,13,-13,-6,-16,6,-10
47/19,0,-2,0,0,6,2,5,-2,-8,-2,-5,-7,0,8,-8,-9,0,2,8,3,11,-15,0,12,2
15/61,0,0,0,3,0,-6,-1,1,-3,-4,4,5,-1,12,-6,-3,-3,-4,5,-12,-2,-6,7,6,8
49/19,0,2,4,1,-1,-6,3,-2,-3,-1,-1,-11,-7,-9,4,11,-11,-1,-14,6,-6,1,-8,-15,6
17/8,0,2,1,3,0,6,-8,-2,-3,9,6,-5,-6,1,-6,-9,0,2,2,-5,-16,-6,16,1,-9
43/22,0,2,1,0,-2,6,6,1,-8,-1,-5,10,2,-1,1,-2,0,8,-4,-15,-13,-16,2,6,-5
-81/16,0,0,2,-5,0,6,-3,1,-3,-2,-2,-7,-6,10,8,-6,4,10,-12,15,-7,-15,12,6,8
-79/18,0,0,-2,3,2,-5,-5,-2,6,2,10,-5,-9,-2,10,6,6,0,2,-15,4,4,0,5,8
21/1171,0,0,2,1,-1,-5,5,1,-3,2,-4,-11,-2,9,-10,3,-3,-6,14,6,-6,11,12,0,12
20/1173,0,0,0,-5,2,4,-2,1,0,-4,-9,-2,8,8,6,6,-14,-7,0,-3,-6,-6,1,12,-2
12/587,0,0,2,1,-2,-6,1,-2,-3,10,-7,-2,2,-4,0,1,-2,4,5,9,-6,-5,12,1,-4
13/779,0,-2,-2,3,6,-7,1,-2,3,-2,3,-7,6,4,0,6,4,2,4,6,-10,5,0,-1,-10
35/2337,0,0,0,1,4,2,5,-2,4,3,-8,-8,6,12,11,9,0,-4,11,0,4,-8,4,-8,2
10/781,1,2,0,1,-2,2,1,1,-3,-3,3,-2,-6,-1,0,-9,-13,-4,8,4,2,-9,16,6,10
7/468,0,0,1,1,-2,-2,2,1,-8,0,1,-2,-9,4,4,-9,-4,-5,6,10,2,-6,16,-9,10
38/2341,-1,-2,3,0,-2,6,-5,1,-4,-5,-1,2,-4,4,2,6,6,0,1,0,-16,-4,9,-17,-12
36/2341,0,0,4,-5,-3,2,2,1,6,10,1,10,8,4,-6,-14,-1,-3,-8,8,-13,4,0,18,3
29/2342,0,2,-3,1,-3,-5,2,1,6,-10,-5,-1,-6,4,8,-10,2,-10,-14,12,-2,-9,16,-6,-5
29/2344,0,-2,0,1,4,-5,5,1,-4,-10,-9,-7,10,9,-7,-6,-12,2,4,6,-2,-14,6,-6,8
74/31,-1,-2,1,1,4,6,5,-2,-3,-5,2,-11,8,-6,1,-10,0,4,1,16,-11,-10,6,10,-14
63/29,0,-3,-2,1,0,-5,4,1,-4,-6,0,-1,-6,-6,4,-14,-4,-10,14,-12,4,6,0,-9,5
19/782,0,-2,2,0,0,1,-2,1,0,10,4,2,6,4,0,-4,-7,4,9,3,-1,1,8,-9,-8
9/779,0,-3,4,0,-5,-5,2,-2,-4,-4,1,5,6,-10,-11,6,6,-13,-4,-15,2,6,12,-6,12
9/782,0,-3,-3,1,0,4,-2,-2,0,7,10,-11,3,7,12,3,-11,8,-13,13,-4,5,2,-12,2
-52/61,0,-2,3,-5,2,-7,2,1,6,-7,-8,-8,-7,8,-7,2,13,-4,5,0,-14,11,-4,-7,6
-53/55,0,2,0,-5,-2,-5,-3,-2,1,-5,3,-3,-6,6,7,-10,2,-10,-3,-12,-6,-4,-4,12,9
8/15,0,0,0,0,-1,-5,-3,-2,-4,4,0,-2,1,-12,-6,11,-4,1,-4,-8,-14,-15,-16,10,-6
42/89,1,0,2,1,0,-5,-6,1,-3,0,-5,-7,1,-7,2,6,-7,10,10,15,7,-11,0,-8,10
-1/19,0,-2,4,-5,-3,0,-3,-2,2,5,-9,6,4,4,-8,-2,-9,10,2,8,12,-8,6,-17,-3
-29/24,0,0,1,1,-1,-5,-3,-2,-8,-10,-9,-7,12,4,0,-3,6,-10,4,5,11,8,2,0,10
-59/47,0,-2,2,-5,2,-5,-6,1,6,-5,6,-7,-6,-3,3,-3,-12,4,3,-15,4,-15,2,10,-6
-56/47,0,-2,0,1,4,-6,2,-2,-3,9,3,-11,-6,1,3,-2,4,-13,-12,15,6,-10,1,18,-12
-68/3,0,0,1,3,-2,6,-8,1,6,4,-4,10,8,-4,10,1,6,6,-11,2,10,-9,2,-3,11
-69/5,0,0,0,3,2,6,-1,1,-7,0,3,8,-3,-12,12,6,6,4,3,2,7,0,4,6,-2
-68/5,0,-2,0,1,-3,0,-8,-2,4,-1,-5,-5,-1,4,-8,11,0,-5,0,6,-16,0,0,-2,-1
-69/4,0,0,2,1,-1,6,-3,1,-7,3,6,6,-3,9,-6,-6,10,5,12,7,-16,8,4,-8,-6
-67/4,0,-2,0,1,0,-6,-3,-2,1,-4,-1,10,-6,4,-8,-4,6,1,-5,2,-10,-16,-6,5,-18
41/21,0,0,4,-5,-2,2,-5,-2,4,9,1,-7,-4,-1,10,9,6,4,14,6,10,-4,-16,-6,13
80/41,0,2,0,-5,6,2,-4,-2,3,-8,-1,-7,6,10,-6,-9,0,-8,12,-3,14,12,4,10,0
80/43,0,-2,0,3,0,6,1,1,0,3,8,8,12,-12,-6,-2,-1,1,11,-1,2,5,-16,6,-18
79/42,0,0,-3,-5,6,-1,6,1,-3,6,1,8,-6,8,-7,1,-3,-3,-10,-12,7,4,1,6,3
-56/37,0,2,-3,1,0,0,-3,1,-9,6,2,-8,-6,4,-6,-4,-12,1,5,-8,14,-8,-16,-14,-12
-59/37,0,2,3,1,6,2,2,1,0,-10,4,-8,6,-6,4,9,-12,-1,5,-12,0,6,-7,0,2
-2783,0,2,2,3,0,6,2,-2,-7,4,2,6,-6,-12,6,-4,9,-5,5,-4,2,-10,4,1,-6
-5570/3,1,0,0,3,2,4,-6,1,4,0,-2,10,-7,8,8,6,-4,10,-11,4,-2,6,16,3,-3
-2784,0,0,0,1,6,4,-3,1,-4,-10,6,-6,-5,7,0,-2,0,-8,-12,8,-5,-14,6,0,-19
-927,0,-3,-3,-5,0,-1,-3,1,-6,4,3,6,6,-10,1,-2,-7,-10,12,6,2,10,6,-1,2
-5567/3,0,0,0,-5,4,6,2,1,-3,10,-7,-5,3,-2,10,6,0,-2,8,0,-4,-10,-16,4,1
-278,1,2,-2,1,0,-5,5,-2,-8,-5,2,10,8,1,-1,-10,-7,-1,9,0,11,11,16,9,-2
-1852/5,0,2,0,1,0,-5,1,1,-6,-3,-1,10,2,12,-6,6,0,-11,12,4,-14,13,-4,-9,10
-1855,0,-2,0,1,-3,-5,5,-2,6,4,-5,-3,-1,4,0,-10,13,-11,4,0,-2,-4,16,-17,-12
-1857,0,0,3,-5,-1,0,-3,1,2,0,3,-6,-4,6,0,-6,-9,8,11,-5,-6,12,12,10,18
-4/341,0,2,4,1,-2,1,-3,1,-3,9,2,10,1,6,-11,-2,8,-1,2,-15,2,-16,-4,-10,13
-1/98,0,2,0,-5,-5,4,-3,1,-9,0,6,-7,2,-4,-6,2,5,6,-10,-3,4,-8,17,6,8
-10/681,-1,0,0,1,6,4,1,1,-9,7,1,-11,6,-1,4,1,-2,0,6,-12,7,-14,-3,-1,8
-11/685,0,2,0,-5,0,-6,-3,1,-6,4,8,-2,-6,-6,0,6,-2,-5,-14,15,-13,10,4,-3,-14
-1/62,0,2,0,0,-2,-1,2,1,6,6,2,-10,-9,4,0,7,0,0,-13,-12,-14,-10,-6,-6,12
1/32,0,-2,3,1,6,4,-3,-2,6,10,2,-7,8,-3,0,-7,-12,-5,2,8,-5,8,5,0,9
-6/683,-1,0,3,1,4,2,5,1,4,-2,-7,-8,-6,2,-6,-3,-4,8,8,13,0,-6,4,1,2
-31/3417,0,0,3,-5,4,-1,-2,1,6,-5,-10,-7,-4,6,11,1,0,8,0,7,-13,-9,-7,-2,12
-33/3422,0,0,0,-5,0,0,1,1,6,-6,-5,6,-7,4,-6,3,10,2,-3,16,0,-5,0,-12,-12
-7/855,0,0,0,1,2,4,-6,-2,0,3,-1,2,6,-4,0,0,-14,-12,3,-9,0,1,5,6,8
-101/54,0,0,4,-5,-1,-5,-5,1,-9,-10,2,10,6,-1,-8,-7,-4,-6,-2,-15,-1,-8,-8,-14,12
-100/57,0,0,0,-5,4,-6,-5,-2,-6,9,-1,-3,-5,10,6,6,-5,2,-3,-12,2,-1,2,-10,-3
-31/26,0,2,1,-5,2,-2,-5,0,-3,7,-10,5,0,-6,0,10,-4,8,-11,6,6,-10,12,2,-7
12/779,0,0,2,1,4,2,-3,-2,-9,-8,3,-1,6,7,6,-2,0,8,-10,4,-7,8,-16,10,-2
1/65,0,-2,0,-5,6,-2,5,1,-8,-2,-8,-8,-6,4,1,-2,0,-1,12,14,7,-1,2,10,12
1/79,0,2,1,-5,2,2,2,-2,3,-10,3,-2,0,-4,0,-6,5,-6,16,13,2,-8,3,1,17
4/79,0,2,2,1,-1,-5,2,-2,-3,3,-9,5,7,0,12,-2,6,8,12,7,-11,-8,12,3,14
19/62,0,-2,-3,1,0,4,5,1,-8,-5,2,-7,-6,-6,-8,6,-13,-10,5,-12,-13,8,0,0,-12
20/61,0,-2,0,-5,4,-5,-6,1,-3,-8,3,10,-6,-4,-6,6,0,-4,11,-13,-6,-9,-9,10,12
9/62,0,-3,3,-5,2,2,1,-2,6,-3,2,11,-6,2,4,-3,5,-1,8,-8,-10,-10,8,1,14
4/31,0,2,2,1,0,-6,-1,-2,1,-7,2,-11,6,-7,-6,1,-12,13,8,6,-4,10,2,3,9
5/59,0,2,0,-5,-3,2,1,1,3,-4,10,-8,-9,10,4,-2,10,6,-8,-15,2,15,-4,-6,-14
-91/47,0,2,-2,1,6,-7,-1,-2,-3,5,-10,10,-3,12,3,-10,-12,1,16,-5,5,-9,0,-8,-1
-92/49,0,2,2,-5,0,-1,6,1,-7,6,10,-2,8,10,2,-4,-2,6,8,14,-5,-10,1,1,-7
-97/50,0,2,0,0,-3,1,6,-2,-6,2,-8,-2,-6,1,-8,11,-3,4,14,-12,-2,11,5,-9,8
-30/83,-1,0,0,1,2,6,5,1,3,6,3,-7,-1,-4,0,0,-4,1,0,-9,-13,-10,-16,-8,-6
-31/83,0,2,3,3,-3,6,1,0,2,6,-10,10,10,-3,6,6,-9,6,11,-4,4,-6,-16,6,6
-26/79,1,2,4,0,0,-7,-1,1,6,-2,-2,-2,-5,8,-6,0,7,-1,2,11,-14,-8,6,-3,6
-37/717,0,0,2,-5,0,2,3,1,6,4,-1,-11,-2,-6,10,1,11,4,-12,-2,-4,11,-6,0,2
-19/359,0,2,2,0,-1,-1,3,1,-4,6,3,-3,1,-10,-4,-10,1,0,-12,4,2,-6,-5,3,-2
-32/711,0,0,0,1,0,-5,2,1,-6,2,4,5,0,-10,-4,5,11,-3,-13,-15,-10,-8,8,-14,8
-11/238,0,2,2,-5,0,6,-2,1,-3,5,-4,-10,0,8,-8,-9,-12,5,5,-9,14,5,11,10,-5
-4/241,0,-2,4,0,-3,-5,-1,-2,6,-4,-5,6,8,1,-6,10,-9,-10,8,-8,-11,8,-4,-3,6
-7/244,0,-2,-2,1,-1,4,-3,1,3,-8,-7,6,-3,-2,0,6,-11,-4,5,-15,10,8,-4,-9,-2
-1/121,0,-2,1,3,-2,1,-3,1,-9,2,-8,10,12,2,10,9,0,10,5,0,-10,1,-4,2,-2
-3/491,0,0,2,-5,0,2,-1,0,4,4,-9,5,3,8,4,-6,0,0,2,7,-11,5,4,-6,-13
-3/487,0,0,4,0,6,-6,-4,-2,-3,6,-8,10,-6,4,-2,-7,-4,-5,12,11,2,0,6,8,2
-1/43,0,-2,3,1,-5,1,5,1,6,-7,10,-1,6,-12,-8,6,0,-6,-7,-9,14,10,2,-8,-5
16/97,0,2,2,-5,-2,6,1,1,-8,3,-10,-7,-6,8,0,6,-4,10,-4,-4,-11,15,5,0,4
-81/19,0,0,2,1,4,-6,-6,-2,-8,4,1,5,0,-2,-6,-11,13,-2,5,4,-10,-15,-5,-6,-12
-13/35,0,2,0,-5,6,-7,-3,-2,-4,6,-1,-7,8,8,12,-2,5,4,-5,15,-11,11,12,-10,-4
-43/101,0,2,3,1,2,2,-4,1,6,0,-1,-2,2,-1,8,-6,4,8,3,8,4,8,-4,9,13
-11/26,0,-2,2,1,0,-2,6,1,0,2,-9,8,-9,12,12,-9,-1,10,-11,-6,-13,13,-16,3,2
-23/51,0,0,0,1,-2,2,-2,-2,-7,-3,10,8,10,0,12,-6,-7,-7,-7,15,0,-7,-7,-8,5
-45/103,0,0,0,-5,0,-6,-5,-2,-8,0,3,8,-2,-4,-8,-3,5,5,-2,16,4,-14,12,12,-3
-51/100,0,0,0,1,-3,1,-8,1,6,-4,6,-2,-5,0,-6,-3,0,0,-14,-4,-5,-8,16,-1,-4
-54/103,-1,0,3,1,-2,0,2,-2,-6,6,2,-5,2,-12,0,6,0,8,-12,8,14,-8,6,0,13
-54/101,1,0,4,3,2,-5,2,-2,-8,0,2,6,-5,2,-8,-11,-12,-11,4,5,-1,10,16,-7,6
-92/7,0,2,1,-5,-5,4,3,-2,-7,7,-5,-2,-7,-10,0,-6,-4,13,8,-12,-10,-10,-3,2,17
-97/7,0,-2,1,-5,4,2,-3,1,-9,4,-9,10,-2,1,1,-10,5,-5,-10,-9,-6,-11,-16,-12,8
-89/4,0,2,2,-5,0,6,3,-2,6,3,2,-11,-4,-4,1,-2,6,-12,16,-15,6,5,-16,-13,10
-39/50,0,0,0,3,6,-7,2,-2,-9,2,3,-10,2,-10,1,5,-12,5,-11,10,11,-8,16,-6,7
4/199,0,2,4,1,-3,2,-5,-2,3,0,8,-3,0,-9,-4,6,10,-1,8,8,-1,-15,-7,12,9
5/194,0,2,0,0,4,-5,-3,1,1,6,-1,-2,-9,-4,10,-6,10,1,16,6,-1,10,14,-8,4
2/193,1,-2,2,-5,-3,6,-5,-2,-3,2,10,-6,-3,-3,-6,-2,-3,-10,4,6,0,-10,16,10,-14
-50/7,1,2,0,-5,4,-5,2,0,2,-8,0,2,4,10,1,6,10,-10,-8,4,-1,11,-4,18,3
-92/11,0,-2,2,-5,-2,6,-3,1,-7,-10,8,-3,-6,-10,1,-3,6,-11,5,-5,-13,5,12,-10,7
-94/23,-1,2,-2,1,4,2,1,1,0,-4,-10,-8,4,4,-8,6,0,2,6,-8,14,5,1,-14,-7
-35/4,0,2,0,1,4,2,-3,1,-4,9,1,-5,-7,4,-7,-2,4,1,10,13,2,10,9,-16,-1
-70/9,1,0,0,1,-1,4,-3,-2,-3,-10,6,-2,2,4,1,-14,-7,0,-11,-12,0,0,3,10,12
-47/5,0,-2,0,1,2,2,5,1,-3,-5,3,6,-9,-4,-8,-11,-13,-2,11,3,0,11,3,6,-7
-67/6,0,0,3,-5,0,-5,2,-2,6,9,-7,-3,2,-3,0,-11,-4,0,-5,-7,-16,0,-3,10,-12
-139/15,0,0,0,0,-5,0,-1,-2,-8,-5,1,-2,-4,7,0,3,0,8,-11,-4,-2,4,-1,-3,17
-41/67,0,2,0,1,-2,6,1,-2,-3,-10,-4,11,-4,-6,12,6,-7,-3,0,8,6,-12,-5,-17,-5
-4/87,0,0,-2,0,-3,2,5,-2,6,-6,3,-1,8,-3,8,1,-12,6,0,8,-2,12,12,0,-5
-10/87,1,0,0,1,6,-1,6,1,6,-6,3,-7,-9,4,-6,-12,-10,-1,12,15,-6,-14,4,-8,8
-2/245,-1,-2,0,-5,-2,2,1,0,2,4,3,-5,-7,4,0,6,-13,5,10,-15,0,15,-4,-10,-18
-10/491,1,2,0,-5,0,6,2,1,-6,-4,-6,7,10,4,-1,-9,-11,-6,-12,-12,-8,0,-15,-14,2
-5/492,0,0,0,0,0,-1,2,1,6,-4,-5,10,6,4,11,-3,4,10,4,2,-2,-16,-5,-6,-18
-39/3416,0,0,4,-5,6,-7,2,1,4,0,-5,-1,-6,8,-8,-7,-11,-4,-4,12,2,0,16,1,0
-17/1708,0,2,2,-5,0,6,-8,1,-3,-2,0,-6,10,2,-6,1,6,-4,-10,-12,12,-4,0,-9,12
-35/3413,0,-2,0,1,-2,-5,-3,1,4,7,-5,6,-6,-2,-6,6,-7,10,-14,-12,11,-1,6,0,-2
-3/253,0,0,1,-5,-2,-6,-1,1,0,-2,10,-5,2,6,8,-10,-4,-11,-13,16,-1,-8,1,-14,-10
-13/1138,0,-2,1,1,-3,-7,-3,1,-8,2,-4,-7,-4,1,0,-2,10,-4,3,6,-6,11,-6,0,5
-11/974,0,-2,0,3,0,4,-3,-2,-3,9,1,5,-6,4,6,6,-3,-11,2,-12,-14,13,-4,6,17
-9/974,0,0,2,-5,-3,-1,2,1,-9,-5,4,11,-6,6,-4,-12,2,4,4,12,12,12,3,-4,2
-4/567,0,0,0,-5,-2,-6,2,-2,1,6,3,-8,-3,8,-10,-10,-4,-12,8,12,10,10,-4,-12,1
-5/571,0,2,0,-5,4,-5,-3,-2,3,6,-6,10,-4,-3,12,-6,6,-6,11,3,11,-16,-4,-8,7
-5/572,0,-2,0,1,-2,-2,5,-2,-8,-8,-2,-6,2,-10,0,-2,6,-5,8,0,-2,13,12,9,5
-13/1713,0,0,1,3,0,-7,3,1,-8,-5,1,-5,1,12,-8,1,8,8,-8,9,0,-12,-3,-1,-3
-1112,0,2,0,0,6,-6,-1,1,-3,3,-10,6,-5,-4,-11,-3,11,2,-13,-12,14,6,-7,6,1
-4/61,0,-2,0,1,-2,2,2,1,1,-10,-10,-1,6,4,10,-4,6,-4,5,2,0,4,-3,10,0
-1/64,0,-2,0,1,2,2,-3,1,4,-3,0,2,6,4,7,-10,-4,-11,12,-12,-13,-14,-1,2,2
-3/245,0,0,0,-5,6,-5,-6,-2,-3,-7,2,-11,3,6,-8,-10,0,-6,4,-5,14,-8,-7,6,-12
1/245,0,-2,0,-5,-3,-6,2,1,-4,0,1,6,12,4,-2,-2,-10,10,-12,8,-4,-12,3,6,-5
-1/488,0,2,-3,-5,0,4,1,1,-3,-4,-10,-2,-1,4,1,-10,-9,-4,2,-12,-2,-1,-4,-8,-2
-7/242,0,2,1,1,-2,-5,5,1,-3,-5,-9,-7,-6,6,-8,-6,0,8,10,10,7,10,11,4,-18
-13/487,0,-2,2,1,-2,-7,2,-2,4,6,-4,-8,-3,-3,4,-14,0,13,10,-15,14,8,16,-14,11
-1/123,0,0,0,-5,4,0,-3,1,-4,-2,2,-2,6,-10,1,6,-4,0,-14,-2,-2,-8,10,12,-3
91/50,0,-2,0,1,2,-7,5,1,-8,3,-9,10,-6,-1,-8,-7,5,2,4,2,4,8,-16,2,-1
-33/2,0,0,4,0,0,1,-4,1,6,-1,1,10,-5,2,0,6,-4,10,-14,3,-14,-8,-4,10,-2
-98/3,1,0,2,1,-3,0,1,1,-8,-4,10,6,-7,-3,-10,-6,-10,13,-8,0,-5,-11,-16,-12,-2
-101/5,0,-2,0,-5,-3,4,1,-2,1,5,8,10,-4,4,-6,-3,10,1,8,4,7,4,5,10,-18
-104,0,2,4,0,2,-7,5,-2,3,-5,-1,10,-3,-4,6,-6,-14,6,-12,9,14,-8,3,-6,-14
-99,0,0,2,1,0,-5,2,1,-6,-5,-7,-8,-3,6,-8,9,0,-5,-14,2,-6,15,-9,6,-14
21/4,0,0,1,1,0,0,4,-2,3,-1,-9,5,-5,8,0,-2,-1,8,-11,16,7,8,3,18,-5
41/81,0,0,0,-5,-1,-5,5,1,-3,-1,-7,11,-4,4,-2,-2,-13,0,-2,-12,6,-14,2,6,1
20/39,0,0,0,-5,4,-2,-3,0,3,-7,10,-5,-1,4,0,-2,4,-10,16,15,-13,12,1,3,12
40/79,0,2,0,1,0,2,3,-2,0,-3,6,-2,-6,-4,1,-4,-2,-1,3,3,-2,-8,-16,0,-8
45/79,0,-3,0,-5,2,-6,4,1,-6,-1,1,-7,7,-12,0,6,-7,-2,-10,11,8,-8,2,-7,12
24/67,0,0,-2,1,-1,6,-1,-2,3,6,3,5,2,-6,4,-11,5,-13,0,4,6,-7,-16,-3,-18
-19/72,0,0,-3,0,2,2,-3,1,-3,0,-9,-6,1,1,-7,0,0,4,5,0,6,-10,8,4,-14
-56/75,0,0,0,1,2,2,-4,1,2,-3,1,10,6,4,0,3,-13,-8,6,-4,-1,-10,0,6,-19
-59/71,0,-2,4,-5,0,2,2,1,-3,7,-8,-3,-3,0,0,-3,-12,-10,-12,4,-16,5,-16,10,14
-39/23,0,0,3,-5,4,-7,-6,-2,0,0,2,-5,8,-6,-11,-6,4,-12,2,16,0,9,6,-12,17
-84/47,0,0,2,1,4,-1,-3,1,6,-4,10,7,0,-2,3,-2,0,1,5,-15,-13,0,12,0,-18
38/21,-1,0,2,-5,2,-5,4,1,0,-5,-8,-6,0,-4,1,-9,4,-8,-4,-15,-6,-1,6,-14,-13
72/71,0,0,3,1,6,6,1,1,-3,10,-1,10,0,8,-7,-14,4,-13,0,4,-8,-8,-16,0,11
75/74,0,0,0,3,0,-5,-3,-2,-3,0,-1,-8,1,-1,-6,-6,4,-3,-2,6,-13,-8,8,-6,-2
19/10,0,2,0,-5,-2,4,1,1,6,0,-5,10,1,-9,-11,-2,-2,13,-11,13,-14,6,12,-15,-1
143/10,0,-2,0,0,0,-7,3,0,1,2,-5,10,-7,-4,11,10,-4,-8,4,-12,-6,11,4,2,-5
146/13,1,-2,2,0,4,-2,-5,0,-3,0,4,-10,0,-2,-1,0,-4,8,4,0,-11,13,-4,-6,-18
81/7,0,0,-2,-5,6,-6,2,-2,-3,-3,4,8,0,6,0,-14,-1,1,-12,12,2,5,0,-12,8
147/11,0,0,0,1,-2,4,4,-2,-3,4,10,-5,8,1,8,-4,1,8,4,4,-14,8,4,-12,-1
72/7,0,-3,4,-5,-3,2,2,-2,3,-7,-4,-2,-7,-2,0,-11,4,-10,-4,-12,-5,8,12,-14,-18
144/11,0,-3,1,0,-2,-6,-1,0,3,0,1,-2,4,-6,-6,6,6,2,2,15,-11,-8,-16,-8,13
97/9,0,0,-2,3,-5,-5,1,1,-8,3,-4,-5,-4,-4,-11,0,-3,-13,3,3,2,0,1,1,8
291/29,0,0,1,-5,4,-6,2,1,4,-6,-7,5,0,-1,0,4,1,-4,-3,14,-9,1,-16,3,8
45/4,0,-3,0,1,-2,-5,1,1,-8,-2,10,10,-6,-2,0,-6,-13,-8,16,6,-16,6,1,9,-8
73/7,0,2,2,-5,-5,1,-3,1,-8,-1,6,-2,4,6,0,6,-2,-12,8,-15,-11,13,14,-6,1
35/2,0,2,0,1,-5,4,-4,1,2,5,-6,7,-6,-3,0,-2,-4,-3,5,8,-2,-8,0,-15,13
17/2,0,2,4,-5,-2,0,-8,1,-4,2,-2,11,-4,6,13,-3,-4,-7,2,0,-1,-16,-7,3,-12
80/31,0,-2,0,0,-3,1,-3,-2,6,4,2,7,-2,-2,-8,-10,-14,8,-14,-13,12,-6,-4,-8,10
82/29,1,-2,-2,-5,4,2,-3,1,2,-6,-8,7,-4,12,13,-3,-4,2,11,12,0,10,1,12,1
17/37,0,-2,0,-5,4,4,-8,1,-6,9,-1,-8,1,4,-7,6,0,5,1,-15,14,4,-5,10,13
19/37,0,2,-3,1,-1,2,6,1,-8,-4,-4,-8,7,-1,-11,-9,0,-6,8,-5,-10,2,2,-9,10
9/26,0,-3,2,1,4,-2,4,1,-8,-8,1,-5,-3,4,1,-3,0,5,-4,0,-14,0,0,-12,10
39/19,0,0,4,-5,0,-7,5,-2,-9,0,-1,-8,2,-10,0,6,-14,2,-6,-4,-5,12,-15,6,-13
-71/88,0,2,-2,-5,-2,0,3,1,1,4,-1,-11,-5,1,-1,-3,-12,1,10,-12,-9,15,12,-14,-3
18/71,-1,0,-2,-5,0,1,-5,1,-3,-5,-6,-1,-6,8,0,-3,-9,10,4,4,2,-8,-16,-9,9
23/74,0,2,0,-5,4,-5,4,-2,-7,-2,-1,-8,-2,8,4,-2,13,-3,-12,5,12,12,3,-7,8
6/37,-1,0,0,3,4,2,-6,-2,3,-5,2,-8,-3,10,6,1,0,-2,0,12,12,-4,16,-8,-19
68/89,0,2,-3,0,-1,-5,-8,-2,6,-4,-1,10,-9,4,-8,-6,0,-1,-11,14,-4,-8,4,-8,8
69/89,0,0,4,-5,-2,4,-3,-2,-7,7,6,-8,-5,1,12,-10,-1,-1,-14,4,-4,8,-3,-8,1
-989/3,0,0,-3,-5,-3,-5,3,1,-7,0,2,-6,-6,-1,-6,-10,4,10,4,-12,0,12,12,-3,16
-986,-1,2,2,0,-3,0,-8,1,-8,-10,6,10,-9,10,2,4,-7,8,11,-12,-7,-4,10,-15,-2
-990,1,0,0,-5,0,4,-3,-2,-4,-2,-6,-7,0,10,0,6,-4,2,8,12,-7,5,4,9,-14
-1981,0,-2,1,1,6,-5,-3,-2,-4,7,3,-2,4,4,10,-11,-7,10,-10,6,-5,6,17,-6,-18
-398/3,-1,0,2,-5,-2,-6,-4,-2,-3,6,3,-2,-5,-4,-8,-2,4,8,-2,-9,11,8,0,18,-19
-395,0,2,0,-5,-5,-5,-3,1,-9,4,-1,-8,2,6,0,6,0,10,2,-15,-2,4,1,5,-14
-664/3,0,0,-3,-5,2,-5,5,-2,-3,4,6,10,-1,12,0,-4,-1,1,-12,-15,2,8,0,-1,-12
98/9,1,0,-2,1,2,-5,-4,-2,-6,-1,-10,-2,6,6,6,-7,-12,8,4,4,6,10,3,-6,0
191/12,0,0,3,1,-3,-5,-5,1,4,0,3,-5,-2,-2,-8,-6,-9,-5,2,-8,2,-1,15,3,-5
193/11,0,-2,0,0,-2,2,3,1,-3,6,-9,-1,6,-2,6,-11,0,5,3,-12,2,4,10,-16,17
384/23,0,0,-2,3,6,0,-3,0,0,2,-1,7,1,-2,-11,3,11,-8,0,4,-6,12,12,12,11
78/7,1,0,1,-5,0,-7,3,-2,-8,6,-1,11,-6,2,-6,-6,2,-1,-14,2,-7,-4,2,-15,-2
373/16,0,2,2,0,-1,1,4,1,-9,6,-6,-2,-1,-1,-6,2,10,-4,-14,-8,-8,-16,-5,-7,-14
375/16,0,0,0,1,0,-5,3,1,-4,-10,6,6,7,-4,0,-10,4,5,-5,3,0,-14,4,1,-5
373/20,0,-2,0,-5,2,-5,5,1,2,2,-1,10,-2,4,0,6,6,6,-11,-12,2,-8,10,-14,-7
193/7,0,2,1,-5,-3,-1,-3,-2,-8,4,2,-2,10,10,0,2,-11,-7,0,-1,-10,-5,1,3,18
192/11,0,0,-2,1,-2,-5,-6,-2,3,0,-5,-8,10,4,-4,1,-2,-5,-10,-5,8,12,-4,-6,13
187/12,0,0,2,0,0,-5,-8,-2,2,-10,-9,-1,-3,-12,-6,2,-5,2,-3,-4,2,4,-4,-14,-18
187/10,0,2,0,-5,0,6,-8,-2,-8,10,-4,-2,-1,1,8,-10,0,1,-8,15,10,-1,2,-10,-5
376/19,0,2,1,0,-2,0,4,-2,-8,5,1,-8,8,-1,-8,6,-13,-5,3,-15,-10,8,14,-1,-6
374/19,1,-2,4,1,0,-6,-8,-2,6,0,-5,-2,-3,12,6,6,-4,0,-6,2,12,13,0,8,6
379/17,0,-2,-3,-5,6,6,-2,-2,6,-3,0,-1,3,4,8,1,6,8,2,-15,-4,6,-4,-12,2
48/35,0,0,0,-5,-1,2,2,-2,0,-5,3,10,-2,4,-6,-3,6,4,-12,-6,-6,8,12,6,11
104/71,0,2,1,1,-5,-7,6,1,2,-5,0,11,-9,8,4,7,0,2,4,4,7,11,12,-17,-1
102/73,-1,0,1,1,-1,1,-8,1,4,4,-4,-7,6,-12,3,4,2,-7,-14,-15,-6,-1,2,0,8
51/37,0,0,-3,0,6,6,-8,1,6,10,-2,-8,-6,-1,6,2,-1,-11,-4,-12,-1,12,-13,10,-2
101/66,0,0,0,0,-2,2,-4,-2,-4,0,-6,6,0,-4,-6,2,4,13,12,4,6,-14,6,-4,12
97/70,0,2,0,-5,4,-1,-5,1,-3,-2,4,-7,8,4,0,-10,2,-13,-3,-9,-13,-7,-7,-14,8
-81/55,0,0,0,-5,-2,6,4,1,4,-1,4,2,3,-1,-11,-2,10,-3,9,-9,-6,13,-16,-8,8
78/37,-1,0,1,-5,-2,-7,-4,-2,-4,-5,-9,-8,-6,6,7,-3,0,5,5,0,-4,-10,6,4,14
66/35,-1,0,0,-5,0,1,5,1,-8,4,2,-8,-4,0,-6,-2,6,4,2,-8,-1,11,15,12,5
37/20,0,-2,0,-5,0,-1,4,1,-8,-5,-1,-11,6,-1,0,-2,0,-4,-12,-7,14,-15,4,-6,9
69/40,0,0,0,-5,-1,-5,2,1,-7,4,10,5,0,4,0,-9,-11,-10,9,-15,-13,15,-15,6,-5
-2298,-1,0,0,-5,-5,1,2,0,6,6,-9,5,-9,0,12,-12,5,-11,-3,-9,-10,13,3,-1,-6
11/90,0,0,0,3,0,0,-4,-2,2,2,8,-2,0,6,6,-6,10,13,4,16,4,0,6,10,8
-29/12,0,0,-2,-5,-3,1,3,1,3,-10,-9,10,-6,4,0,-6,-4,-5,-14,-15,0,-8,14,-8,-18
-83/35,0,-2,0,-5,0,4,-6,1,6,7,10,5,-9,2,-7,-4,0,1,-10,-12,-2,15,0,6,-5
23/12,0,0,1,1,-5,1,-4,-2,-7,3,-1,-2,-3,2,0,-10,6,8,-12,6,-13,-16,-16,-9,-7
43/20,0,-2,0,1,2,-5,2,1,-3,0,-9,-8,0,-1,0,-4,-9,-12,-4,-4,4,-10,-16,-8,-6
44,0,-2,1,1,0,-5,-1,1,-8,6,-9,10,3,-6,0,-2,4,-3,2,0,8,5,-13,6,17
89,0,-2,2,-5,-5,4,-3,-2,-4,-7,-9,-2,-9,10,-8,3,-14,6,-11,-3,-5,-12,4,-13,-10
-186/11,1,0,1,1,-2,0,2,1,0,7,-10,-5,-9,6,1,0,-13,-2,2,6,-8,-4,2,0,17
-184/11,0,2,4,3,-2,2,-3,1,-7,6,3,11,4,4,-4,6,0,-4,-12,3,-2,-6,2,10,18
-190/13,1,-2,0,0,-3,-2,2,1,-9,4,-1,10,-9,6,0,6,4,1,8,15,2,-9,3,0,-2
-53/97,0,2,2,-5,6,0,2,1,-8,6,1,-2,8,10,0,-10,-7,8,4,8,-1,-4,-3,-14,4
-53/98,0,-2,2,-5,0,4,-4,-2,6,4,-1,-11,-4,6,3,-10,2,-11,3,-7,7,0,12,6,17
-9/29,0,0,1,-5,4,2,6,0,6,-6,-1,-2,-1,8,-8,9,0,1,-12,8,-1,10,-3,-16,-14
-21/88,0,0,-2,1,-2,6,-1,-2,3,-5,-4,-2,-6,7,-6,6,-12,1,4,8,2,2,8,-1,8
-11/43,0,2,-3,3,0,6,6,-2,-9,6,3,6,2,-12,-6,6,6,-13,8,-12,-7,8,6,-12,10
-4/27,0,0,-3,-5,0,-1,2,1,-4,-7,2,-6,-6,7,11,-2,-3,-11,-3,4,4,6,4,0,-2
-5/881,0,-2,0,-5,2,-6,-3,1,-9,-10,-6,-1,10,-4,4,-10,6,-7,12,-15,1,13,-6,5,-2
79/5,0,-2,0,1,4,-5,-4,1,6,10,-1,8,-3,4,0,-4,6,6,4,14,-1,4,6,-6,-9
-81,0,0,1,3,4,2,-3,-2,3,-4,3,-6,-6,2,1,-2,-3,2,14,-12,-13,-7,12,-17,-6
-82/3,1,0,4,3,-1,1,4,-2,3,0,-1,-7,-4,6,-1,6,6,-12,-6,8,-13,8,-4,-14,-12
-55/17,0,2,0,-5,0,-1,-2,1,-3,6,0,-8,-5,-6,0,1,2,2,3,15,8,-11,-5,0,-1
-64/21,0,0,0,-5,0,-5,4,1,-3,-5,-7,-8,-5,10,-6,-6,-9,4,3,-12,-5,-6,-4,-14,-12
-31/10,0,-2,0,1,0,-6,-6,-2,-3,2,-10,-2,-6,2,7,-12,-5,-5,-14,12,4,5,-8,6,16
-63/37,0,-3,2,1,0,6,-3,1,3,5,-5,-8,7,-9,7,7,10,-13,-2,6,-14,-4,-3,6,6
28/15,0,0,0,1,4,2,2,1,6,-1,6,6,12,10,12,6,0,-2,5,-15,-13,5,-4,6,8
29/9,0,0,4,-5,-1,-1,1,1,-6,-10,8,-3,7,12,0,-3,-11,-2,12,3,7,-6,-16,-14,-18
-92/61,0,2,2,-5,-2,2,4,1,-7,-5,1,11,6,-7,-6,-3,-4,-4,6,3,-7,-8,3,-1,-5
3/278,0,0,2,1,-5,4,-4,1,-3,6,-4,-1,0,-2,7,1,-4,-1,2,-15,-9,0,2,1,1
-1/559,0,-2,0,0,2,-2,-4,-2,-3,-10,1,-7,-1,-12,11,6,7,1,-12,-12,-10,6,12,-14,-18
-4/557,0,2,2,1,-5,0,4,1,-3,0,-10,6,-3,4,8,-2,0,8,10,0,-10,8,-3,12,17
-3/559,0,0,-2,3,4,-2,-1,1,-6,-2,-4,11,-2,-12,4,2,-2,6,-10,-12,-6,12,12,-3,-7
-2/559,1,2,-2,1,-5,-2,4,-2,-8,6,-4,10,-7,-12,-6,-2,-2,5,-11,13,-8,4,0,0,3
-2/565,-1,2,0,0,4,-5,-3,1,4,-2,-9,-7,2,-7,0,-10,0,8,6,-7,2,6,12,4,-4
-3/565,0,0,0,-5,-1,-6,6,1,-8,-4,-10,5,-6,8,0,10,0,-8,5,2,-6,15,-16,6,6
1/653,0,-2,2,-5,-2,-1,2,-2,6,-7,4,-2,0,2,0,-2,-11,-3,4,3,-4,-8,14,3,-3
-4/651,0,0,4,-5,0,-1,-5,-2,2,6,2,-7,8,7,8,6,6,-10,-4,-9,-11,-14,4,-12,-18
-1/325,0,-2,0,1,0,-2,-3,1,-3,-3,-6,2,-6,5,-8,-3,6,-5,-3,-9,14,8,9,-14,-14
-7/1303,0,-2,4,1,-2,0,-3,1,-8,-10,-2,10,-3,8,-6,-9,0,13,-12,-7,-10,-10,-5,3,-6
-1/655,0,-2,0,-5,0,-5,5,1,6,-5,1,11,-6,6,-11,-2,9,-10,2,-15,-8,2,-15,2,-1
63,0,0,0,1,0,4,6,1,-8,-4,2,2,-7,4,-11,6,6,2,4,4,-5,-16,-7,10,2
31,0,2,4,3,0,-5,2,1,6,-7,-10,-1,-1,12,-11,-2,-9,4,5,-15,-2,6,3,18,-1
91/8,0,-2,0,1,6,-7,2,1,-4,6,1,-5,0,-4,-3,6,6,-10,10,9,2,-4,11,12,-7
-68,0,2,3,1,0,2,-8,1,-3,3,-7,-1,-6,-6,-4,-6,-5,-12,4,4,-9,10,14,-1,-19
-69/2,0,0,2,-5,-3,4,-3,-2,-7,0,3,-2,0,6,0,-2,-1,-8,4,2,-13,-5,0,-13,-18
-29/23,0,-2,0,3,-3,2,5,-2,0,-10,1,-5,0,4,7,-2,11,5,9,-12,5,-8,-4,1,13
118/9,-1,0,0,3,4,1,5,-2,6,-8,-1,-7,-5,4,1,3,-12,2,16,-3,-9,-8,-7,-14,8
118/5,-1,-2,0,-5,2,-5,-1,1,-9,-5,-5,-1,12,9,-2,5,-12,-3,4,0,7,6,0,6,2
58/9,1,0,-3,0,-3,-5,2,-2,-3,-10,3,11,-1,8,-6,-4,-4,-11,4,9,-6,2,7,0,2
-1/94,0,-2,4,1,0,-5,5,0,3,-2,1,-11,-6,8,3,-2,-4,13,-6,-3,-16,10,14,-14,1
-2/47,1,-2,2,0,-2,1,-4,1,-8,4,-9,-7,0,8,3,6,0,4,-3,0,-1,-5,12,-8,13
-1/48,0,0,0,0,0,2,-5,-2,3,5,-1,-5,0,-6,-8,-11,-4,2,6,-12,-10,-6,12,-1,10
-4/99,0,0,1,3,-2,-6,1,1,2,3,-1,-7,-9,10,-6,1,0,10,8,-8,14,-16,3,3,-14
-51/41,0,0,2,1,2,6,-8,1,-3,5,-4,-2,6,-1,13,-2,0,8,8,16,-1,-4,12,-7,1
-89/85,0,2,0,1,-3,-5,-2,-2,-6,4,0,10,6,10,0,-11,-7,-1,-5,3,12,-6,16,-13,-1
-86/85,1,2,0,-5,-2,2,-2,0,-3,3,3,-7,7,-1,4,7,13,10,8,12,-9,-6,-16,-6,13
-5/89,0,-2,0,1,2,-1,2,1,-8,-5,-5,-8,-1,2,2,3,9,2,8,-15,-4,12,5,-8,10
-3/133,0,0,2,-5,0,6,4,-2,-9,6,1,-2,-6,-4,-6,7,-4,-2,10,-12,11,-8,0,6,8
-9/266,0,0,2,-5,-5,-5,-1,-2,-8,-2,0,-8,-6,9,-6,-2,2,-10,4,7,-14,10,12,6,0
-71/55,0,2,0,0,-2,4,6,-2,6,3,10,-1,-2,-12,0,-2,5,-8,12,-12,-13,4,8,9,-2
28/65,0,-2,0,1,4,-2,-6,-2,-6,-2,1,8,6,-1,-8,2,4,8,14,3,-11,-7,-7,-4,-8
5/27,0,0,0,1,-5,-5,-4,-2,3,-5,-1,10,7,4,-6,6,6,10,8,-3,0,1,12,-1,-14
37/17,0,-2,0,3,0,-6,-2,-2,-3,0,-10,-11,-9,6,-11,-10,8,-13,-7,-13,-13,5,2,1,-2
94/57,-1,0,2,3,-2,4,-1,-2,-9,6,6,8,-1,-10,-8,11,6,8,11,0,-13,10,-16,-6,-3
69/17,0,0,3,1,2,2,-2,-2,-7,4,0,-6,-2,10,10,6,-9,-8,10,11,-6,0,6,2,17
35/8,0,2,0,1,-2,-6,5,1,-3,-5,4,-7,-4,10,3,-9,6,5,4,-15,4,-9,-16,-8,1
71/17,0,2,0,-5,6,-5,-2,1,-3,4,6,10,8,-9,-6,-4,-7,-6,5,-12,7,10,-3,12,-18
-35/13,0,2,0,1,6,-2,-3,1,-3,-2,-1,-2,8,4,11,-12,-1,2,-10,-15,-2,0,-4,10,-12
-37/13,0,-2,2,1,0,-2,2,-2,2,6,-8,-11,0,-6,-6,6,-4,8,-14,3,11,-8,0,6,-18
-75/26,0,0,0,1,2,-2,2,-2,-8,-2,0,11,-6,-12,0,-2,-4,1,-3,-12,0,9,4,-14,-3
25/1166,0,-2,0,0,-2,2,5,1,-8,0,4,10,-1,2,8,5,0,-5,-8,-5,4,11,2,18,12
3/146,0,0,3,-5,-5,2,-6,1,-3,5,1,-2,-3,7,4,0,6,-5,-14,5,-6,15,-6,18,14
17/1167,0,0,2,1,2,1,-8,-2,-3,3,-8,7,6,-4,8,6,10,2,10,10,14,10,1,0,-18
17/1169,0,2,3,-5,-1,-1,-8,1,-3,-10,-5,2,-3,1,12,1,-11,-11,-12,11,-2,6,6,-7,-2
8/295,0,-2,0,0,4,4,1,1,-8,3,4,6,-6,-1,0,-2,10,-3,0,-9,2,-4,17,-10,10
-1/57,0,0,3,1,4,-5,2,-2,6,4,-7,-11,2,10,8,5,-14,-1,-3,3,-7,0,-3,0,-7
10/589,1,2,0,3,0,-1,-3,-2,0,3,2,-7,4,1,-6,-4,9,-1,16,0,-13,6,4,-4,2
13/591,0,0,3,1,-2,-7,4,1,6,-5,-1,-11,6,5,0,1,-4,2,4,13,-2,5,-4,-16,6
1/84,0,0,2,-5,0,4,3,1,-4,3,-2,2,12,8,8,0,-13,13,11,-5,-14,8,11,-14,-12
2/195,-1,0,0,-5,-2,-2,-3,1,-9,6,-1,-2,6,6,0,1,-10,8,-11,4,11,-16,-3,3,10
-47/21,0,0,3,-5,-2,6,4,1,1,-3,-1,5,-4,12,-8,-4,11,-5,8,0,-7,6,0,0,-6
-31/13,0,-2,0,3,-5,-2,6,1,6,4,-10,-7,7,5,0,6,-4,8,2,0,-13,13,-6,2,8
-90/43,1,-3,0,0,-1,2,1,0,3,-4,-1,-7,0,-12,-8,10,-4,-1,-10,14,-8,8,2,-8,-14
-89/36,0,0,2,1,4,-5,5,1,6,-5,2,-2,7,-4,-6,0,11,1,0,-15,-7,-16,6,-13,10
-88/39,0,0,-2,1,0,-2,-3,-2,2,-8,-1,-6,3,-2,7,6,2,-13,5,8,-10,0,12,-1,18
-5053,0,-2,-2,0,4,-5,-3,0,3,6,-10,-5,-1,8,0,-3,-2,-2,-4,14,2,-16,10,6,13
-5054,1,2,4,1,2,1,6,1,2,0,1,-2,-4,4,3,-12,-1,-1,4,-1,14,0,15,8,-9
55/67,0,2,0,-5,0,-5,-3,1,3,3,3,-2,10,-2,-6,-6,-4,0,0,12,-8,0,-4,3,-14
-763,0,-2,-3,1,4,-5,-6,1,-9,7,3,2,6,7,0,-11,6,8,-12,-3,5,12,-9,-12,-2
41/42,0,0,-3,-5,4,-5,2,1,3,0,0,5,-4,4,4,-4,1,-1,6,11,14,-16,12,-12,-1
85/82,0,2,0,3,2,-5,-8,-2,-8,-5,3,-1,6,7,0,-12,-2,-11,16,15,4,0,-16,-15,9
86/81,-1,0,4,-5,4,6,-3,1,3,-4,-4,10,0,-1,0,-9,-1,2,-10,-3,-1,4,-16,-3,-1
85/81,0,0,0,1,-1,4,-8,-2,-3,10,3,-6,-6,-1,-4,-2,2,-4,-12,0,-10,-16,12,6,-2
45/19,0,-3,0,1,4,2,2,-2,2,10,-10,-5,-1,-4,6,7,-2,5,8,7,7,-4,-16,-15,14
90/37,1,0,0,3,2,6,-3,1,-3,-2,0,-8,-9,7,-6,-3,6,-10,-11,-5,14,4,-7,6,2
12/85,0,0,0,-5,4,4,-2,-2,6,2,-1,-6,-5,12,-10,9,4,4,5,-5,-16,0,4,-12,8
17/86,0,2,-2,-5,0,6,-8,1,-3,-5,-6,5,0,-12,8,-4,4,13,8,-15,4,8,0,-10,-10
5/41,0,2,0,1,-1,-1,-3,1,-4,-1,4,6,6,-10,0,-14,5,-2,5,14,-16,-15,-16,-10,-1
-5/379,0,2,0,1,6,-5,3,1,6,-5,8,-7,6,-4,8,-10,-4,-1,-12,8,2,8,-9,-14,3
-2/377,-1,-2,1,1,-2,-2,2,-2,6,-6,3,-2,10,-1,0,-3,8,-8,5,-1,12,5,-1,12,-5
-7/753,0,0,4,1,-2,6,-6,0,-3,6,-9,-2,-6,1,10,10,-14,-11,-10,-3,7,6,0,0,-7
-3/377,0,0,0,3,6,-2,3,0,-3,-6,10,2,2,-3,0,-4,4,-2,-12,13,-4,11,17,-12,13
1/755,0,-2,0,1,0,2,2,1,-8,4,8,-2,-4,4,-11,-6,-1,13,-12,14,-10,4,12,1,-2
69/25,0,0,0,-5,-5,-1,5,1,-7,3,-10,-7,-4,-9,-8,9,-12,-12,5,-12,-10,1,3,-8,8
73/25,0,2,0,1,2,-5,1,1,6,-10,-2,-10,-9,2,-2,-9,0,-11,11,-3,-11,5,3,12,1
-27/68,0,0,0,3,-2,-5,-2,0,0,-4,3,5,12,1,8,-4,6,4,0,13,-14,2,-1,-17,12
-25/69,0,0,0,-5,6,2,-4,1,0,5,1,-2,-3,-1,2,-3,10,4,4,-7,2,8,-9,12,2
-59/74,0,-2,2,0,4,-5,-1,0,6,0,-1,-8,-2,6,4,-4,-12,-2,-2,12,11,4,-4,-6,10
-63/74,0,0,0,1,6,-6,5,-2,-3,4,10,-8,0,8,-3,11,-4,6,-8,11,-4,-14,0,-2,13
-6/443,-1,0,-2,-5,0,6,5,1,-4,0,-1,-1,-1,-1,-8,-9,-4,1,4,-12,0,-15,-6,3,-18
-9/223,0,-3,2,1,0,0,-3,-2,-8,4,-1,-6,6,9,0,-14,-3,-3,-13,4,-5,-1,0,-14,-14
-4/111,0,0,0,-5,4,-5,-4,-2,-3,-3,8,-8,-6,2,0,-2,11,-6,8,6,2,-15,7,-1,-10
-53/39,0,0,-3,1,-3,-2,2,1,-3,6,-5,6,1,0,0,-10,2,-3,12,3,-13,12,7,3,16
67/90,0,0,0,3,2,4,-1,-2,-3,5,10,-7,-3,-4,-8,3,-7,-8,-5,-5,14,8,3,12,-2
-98/27,1,0,2,1,0,-6,2,1,6,7,-5,-3,-9,4,11,6,-4,6,-2,-8,-4,10,-4,1,-14
-499,0,-2,2,-5,4,-5,5,-2,3,2,-4,-5,-3,-6,-6,-2,-4,-4,4,-13,12,-8,12,9,18
86/85,-1,-2,0,1,0,1,-2,1,4,6,-4,-6,2,-1,-6,-10,-13,1,2,6,10,9,-3,-14,-5
88/89,0,-2,2,-5,0,-5,2,-2,-3,6,-5,5,-5,9,4,-4,4,8,11,-12,14,13,-5,-8,14
-53/18,0,0,1,1,4,-5,5,1,2,-10,4,-3,0,4,-11,-10,-1,10,4,2,-16,-4,3,0,-5
-53/21,0,0,3,-5,0,-5,-3,1,-3,5,-9,8,-6,4,10,-10,0,5,5,-5,-10,-5,-15,9,3
-53/19,0,2,0,1,-2,0,3,-2,-9,3,2,-2,6,-1,0,-10,-5,0,-5,-4,-13,0,16,-6,-8
-107/41,0,-2,-3,1,6,-5,-4,1,-8,-5,3,8,6,-9,4,-2,-12,-7,-14,-1,-11,-9,6,-3,13
-101/39,0,0,0,0,4,-2,1,-2,-8,4,1,-2,-4,-10,-8,-9,1,13,8,-9,-4,5,3,18,-14
3/979,0,0,3,-5,-2,-5,-6,1,6,-5,-9,6,-3,-1,-3,-6,6,10,-10,0,2,-1,12,-8,1
-58/73,-1,-2,1,-5,0,-1,-6,-2,-4,-10,6,-2,-1,8,12,5,-4,-1,-14,12,-6,15,4,-12,9
-32/35,0,-2,0,-5,2,-5,-6,-2,-3,3,1,-5,-3,-1,1,6,-2,-11,12,-12,-13,-6,10,-7,-12
-68/71,0,-2,2,1,-3,-6,-8,1,1,-8,-1,6,-5,8,12,6,-14,-10,4,4,14,-16,0,-4,-2
-67/72,0,0,2,-5,0,-1,-3,1,-6,-10,0,-2,-3,-7,-6,6,-4,-1,-5,12,-10,11,0,18,-12
90,1,0,0,1,-1,6,2,-2,-8,5,-4,-5,6,-1,-6,-4,-9,1,5,3,-2,10,0,-6,-14
-622/5,1,2,0,3,-5,1,5,0,-3,0,3,-1,2,-3,-4,-10,-4,-8,5,-6,-6,0,-4,6,-10
-619/5,0,2,0,-5,2,2,-6,-2,-3,-1,-7,10,8,12,0,-2,4,2,4,12,-16,8,15,18,0
92/3,0,0,2,-5,4,-1,-3,1,-7,0,1,-1,-6,4,-6,5,-9,8,14,6,-2,-8,0,-6,2
89/3,0,0,0,-5,-3,-5,1,-2,-4,7,-5,-2,6,-6,8,0,0,-4,8,0,-2,-15,12,-13,13
37/31,0,2,0,3,0,2,3,-2,-9,-2,2,-11,6,-2,-10,2,4,13,-8,-9,-14,-8,4,5,18
-1/54,0,0,4,-5,-5,-6,5,-2,-4,6,-10,10,-7,-3,4,0,6,4,5,-6,4,-4,-7,10,13
-7/221,0,2,-2,1,-3,-2,-2,0,3,-1,6,10,-6,-4,-8,-9,2,-13,10,-12,-11,8,2,0,-3
-7/220,0,-2,0,1,-2,6,1,1,-8,5,-1,-7,-6,4,1,3,2,13,-2,-8,-16,-4,3,-6,-1
105/38,0,0,0,1,6,6,2,-2,3,-7,0,-1,1,-2,-1,1,-1,10,12,12,-13,4,-3,-6,-9
53/22,0,-2,1,-5,-2,1,2,1,-6,0,2,-1,6,4,-6,-10,0,-3,2,6,6,5,0,12,-14
101/43,0,-2,3,3,0,-1,5,1,-4,4,3,5,-4,-12,4,-2,9,-7,6,12,-10,-1,9,-10,12
18/103,-1,-3,4,-5,6,-5,4,-2,6,-5,-1,10,-5,-3,4,7,-10,-3,-10,3,-4,-14,0,-17,12
9/53,0,-3,2,-5,-5,-1,-3,1,-8,-2,1,2,-1,12,0,5,2,1,8,-15,-6,12,-3,-2,10
15/106,0,0,0,0,6,2,-3,-2,2,9,-7,-10,6,4,1,5,-4,2,4,-15,2,-1,3,10,-14
-3/64,0,0,-3,-5,4,1,2,1,-9,3,-1,-8,-9,-4,-2,3,8,0,12,-15,0,8,4,-15,1
-11/225,0,0,0,3,0,6,-1,-2,-6,3,10,-2,-7,1,1,-2,0,8,-3,3,-4,1,16,-14,-2
-4/75,0,0,0,1,-1,2,2,1,3,10,-1,5,-3,8,4,1,4,-7,12,-8,-6,0,-4,-10,-5
-1/73,0,-2,0,1,-2,-5,-1,-2,-8,-1,-1,8,8,-4,6,-2,-2,-1,12,-15,-6,11,-4,-9,-1
-4/221,0,2,2,1,4,-2,-2,1,-8,5,1,-8,10,7,0,6,6,10,0,-15,-6,-11,9,-15,-2
-1/44,0,2,4,3,-2,-5,2,-2,1,-1,10,-2,0,10,-11,-10,6,6,-14,11,10,-8,3,0,10
-6/223,-1,0,2,1,0,2,2,1,4,7,1,-1,0,-4,-8,-6,4,-1,0,12,4,-8,5,6,-2
-8/225,0,0,0,1,4,4,5,1,-4,-8,1,-7,6,-4,-3,-11,9,0,-11,16,12,12,-4,12,14
-1/56,0,2,1,-5,6,1,-1,0,-6,6,-9,6,-4,4,-4,-3,-1,-10,-14,3,-2,10,-16,0,7
2/53,1,2,2,-5,6,0,4,1,-4,-5,8,2,-9,-1,-11,5,0,-2,11,4,-13,5,17,-6,2
-17/98,0,-2,4,-5,2,-5,-8,-2,-3,0,-5,10,-7,4,-11,-9,-4,-10,-3,-1,0,-8,2,-17,-4
-21/95,0,0,0,1,0,4,2,-2,-6,4,-5,7,-1,-12,-4,-4,-12,0,5,-12,7,-14,12,2,9
-5/24,0,0,0,3,-2,-1,-4,1,6,4,-1,2,-7,-2,6,-6,-7,1,-11,8,2,15,-4,10,8
-21/97,0,0,3,1,4,1,5,1,-3,-3,10,-7,2,4,10,2,0,4,8,0,-5,-6,-16,3,4
65/71,0,2,0,1,-1,-7,3,1,-8,-4,-8,-2,8,-4,0,3,-14,1,12,4,-6,-10,-3,18,12
77/23,0,2,1,1,0,-1,-1,1,0,0,-6,10,-9,4,1,-2,-4,1,8,0,-13,-16,-4,-4,-6
-68/83,0,-2,1,-5,4,0,-8,1,-3,-5,-9,10,-6,4,11,-4,0,13,-2,-3,-8,-1,-16,2,13
-71/86,0,-2,2,3,0,-1,2,-2,6,9,10,-6,0,-12,-7,-6,0,13,16,-12,-2,8,-6,-7,-14
17/14,0,2,2,-5,-1,-5,-8,1,-6,-3,1,-7,10,6,-6,-7,6,-5,8,-4,6,0,12,-6,2
15/49,0,0,0,-5,-2,-5,4,-2,-3,-5,6,6,-9,0,-11,3,2,10,2,13,-1,12,12,-6,-6
-32/93,0,0,2,-5,0,2,-3,1,4,3,2,-5,-6,4,13,-2,4,0,0,3,-1,4,12,-10,8
-31/94,0,-2,2,1,-3,6,-5,1,-9,-5,-10,-8,0,1,3,9,0,5,-2,-5,-13,-4,-7,1,2
64/93,0,0,-3,-5,-3,-6,-3,1,6,4,2,-2,-6,10,-10,-2,-4,2,-10,-12,-6,-10,2,-1,-2
44/41,0,2,2,-5,0,-1,3,1,-3,2,1,10,6,8,-8,-2,-5,-2,2,-12,10,-16,-16,10,8
-1/37,0,-2,0,3,0,6,5,0,6,-10,-5,-8,-1,-10,-2,6,-4,6,4,16,-6,-10,0,10,3
-1/109,0,-2,0,-5,-5,-5,6,1,0,-2,-4,-5,3,7,0,-3,-10,2,-14,8,-13,8,-9,-7,8
-1/3907,0,-2,3,1,4,4,-5,-2,6,4,1,-2,-6,-10,8,1,11,-11,5,-15,4,5,6,-13,-14
1/3915,0,0,0,-5,6,6,1,0,4,-6,2,-2,-9,-2,6,-3,6,-4,4,-12,2,4,4,-9,12
-2/3913,-1,2,4,-5,0,-2,2,1,3,4,-9,6,8,-12,8,0,5,-12,9,8,-5,-16,6,-8,9
-36/23,0,0,3,3,0,6,5,-2,0,-4,-1,6,-7,-10,0,-11,0,-6,3,5,2,-1,-9,2,-9
23/21,0,0,0,-5,6,4,-1,1,-7,-5,2,-11,-6,4,11,-2,-4,-13,12,-3,2,8,15,9,2
-47/28,0,2,2,-5,4,-1,2,1,-3,-10,-9,-10,8,-4,-8,-14,-4,4,-4,-5,2,8,-4,0,-5
-51/25,0,0,0,3,4,6,-8,0,-3,7,-2,-3,6,-4,1,-12,-9,1,8,-2,-11,-14,7,-6,-19
-99/52,0,0,0,1,0,-2,2,1,6,-7,-9,5,8,-9,-8,1,-9,-4,8,4,-7,-9,6,-16,-3
-94/55,-1,-2,0,3,-2,6,-6,1,6,-5,-5,-2,-6,7,-8,-10,0,-11,11,-12,11,8,-10,-17,-14
-93/49,0,0,3,-5,6,-5,-3,-2,-3,7,-10,-7,-6,-4,-8,6,10,-5,-14,2,-1,10,16,6,8
-94/49,1,-2,1,-5,-5,2,-3,-2,3,-2,3,5,-3,-1,-8,11,13,6,-14,2,-4,1,-4,9,14
-102/49,1,0,0,-5,2,-5,-8,1,1,0,0,-5,-6,-1,-6,0,6,-7,16,-12,-4,8,0,-3,-9
-25/12,0,0,0,1,0,6,2,1,-9,10,4,8,2,1,0,2,0,-5,4,4,-6,5,0,9,14
86/71,1,2,0,1,-3,2,-5,-2,-4,7,-9,5,-7,-1,-11,1,-7,-2,2,4,7,4,3,8,-14
38/101,-1,2,0,0,0,-1,-3,1,-8,4,-4,10,-7,-7,8,1,-4,-13,2,0,-2,0,4,6,-6
39/101,0,0,2,1,-2,-7,6,1,1,0,2,-7,2,4,11,-10,6,-2,12,-15,-6,-8,-3,-12,-14
37/99,0,0,0,1,-2,1,3,-2,6,7,2,-11,-9,-1,0,-2,-13,-1,8,0,-16,-15,6,-6,8
-43/59,0,2,-3,1,-2,-5,4,-2,6,6,-10,-6,8,-1,-11,-4,10,-7,-11,-9,4,-10,3,-7,10
-46/57,1,0,-2,3,6,-1,5,-2,-7,-5,3,-1,-2,4,-2,-3,8,-10,0,5,12,11,6,-3,14
-41/54,0,0,4,3,0,6,-4,0,-3,5,-5,-2,-4,12,0,0,-1,10,8,15,11,5,10,1,10
94/41,-1,-2,2,-5,0,-5,5,1,6,5,-4,-2,6,-3,-8,-3,-2,8,-14,14,-1,-12,0,-10,-5
19/9,0,0,0,1,4,-5,-3,1,-4,6,-5,6,-3,-1,0,6,0,-11,-14,-8,-10,10,4,10,-18
91/85,0,2,0,1,6,-7,-2,1,6,-1,-1,-2,3,4,-11,-2,13,2,-2,12,-10,0,-6,6,5
29/19,0,-2,0,3,4,6,-5,-2,6,-10,-9,-2,6,4,-1,-3,6,13,8,13,-5,-10,12,-9,8
89/59,0,2,4,-5,-2,-1,-4,1,-8,-7,-1,7,-4,-10,-6,-10,10,2,-7,-12,-13,12,3,-13,-9
-279,0,-3,4,0,4,6,-1,1,-4,4,-10,-2,6,-2,-7,-2,6,4,4,3,-1,5,-3,6,0
-3372,0,0,2,1,4,-5,5,-2,-3,0,2,-3,-1,-4,-8,2,-5,-3,12,7,-4,8,3,-13,6
43/25,0,2,0,1,4,-1,3,1,6,4,-4,10,-6,-1,1,6,6,4,-8,11,0,12,14,10,-2
48/25,0,0,0,-5,4,-5,-5,1,-3,-5,1,5,-6,-1,13,4,11,-10,0,7,1,4,-6,-6,-1
5/1302,0,0,0,-5,-3,-1,-4,-2,6,-5,2,-1,6,-1,-7,10,6,8,5,-2,7,-8,0,4,-1
5/1297,0,-2,0,1,2,6,4,0,-8,5,1,-2,0,-1,3,-11,-1,-1,10,12,-6,-14,-16,9,10
101/15,0,0,0,3,2,-5,-4,1,-9,0,0,-11,-5,-6,1,-3,-5,-5,4,-1,-13,-6,2,18,1
-11/42,0,0,2,-5,0,-5,2,1,-4,-5,1,-7,-4,7,0,-3,0,8,-2,12,-6,4,0,-7,2
-255/2,0,0,0,1,6,-1,-8,1,-4,5,3,10,6,1,6,-7,-1,2,0,11,-2,-8,16,6,11
-1006/5,1,2,0,1,6,6,-3,1,-3,-2,-1,-1,-6,12,-6,-11,8,0,0,15,-6,-11,-16,10,-3
-335/2,0,-2,0,-5,-2,-5,5,-2,-3,0,3,7,-6,-1,0,6,0,-1,-5,-8,2,-9,-16,12,2
-339,0,0,0,-5,-1,6,4,-2,2,0,-6,-1,-4,2,6,-11,-11,-1,4,13,10,-15,-4,-8,5
-111,0,0,2,0,6,-6,-3,-2,0,-4,-9,-11,-6,-6,-10,1,0,-4,5,-15,4,1,-8,12,18
-67/12,0,0,2,1,6,0,-1,1,0,0,-4,-5,8,-2,8,6,0,8,-5,-12,-8,0,8,-1,-3
-65/16,0,2,0,1,0,-7,2,1,2,-4,-7,2,-3,-1,10,-2,0,-2,2,-4,-8,-8,-3,0,10
16/19,0,2,2,1,-1,6,-3,-2,-9,10,-5,-3,3,7,-2,0,10,-10,-11,-4,-13,-5,3,4,-12
-68/23,0,-2,2,0,0,2,-8,1,0,0,-2,2,-7,-12,-8,-2,-11,-1,-12,-15,-13,0,3,10,6
-66/23,1,0,-2,1,0,-1,-5,1,0,4,4,-5,-1,10,-6,-12,-4,-5,-14,8,-1,-1,3,-6,-18
-31/12,0,0,-3,-5,-1,-5,-3,1,3,-3,-10,-5,0,-6,0,1,6,-2,10,-4,5,-1,1,6,0
-13/47,0,2,4,3,-2,-7,3,-2,6,-5,-5,-3,8,1,3,-9,4,10,11,-15,-8,13,-3,-6,-3
-23/90,0,0,0,1,4,2,-4,1,-7,-7,10,-11,-2,2,0,6,-12,-13,4,-8,-11,-4,10,-6,-1
71/46,0,-2,2,1,0,6,-3,1,0,4,-9,-8,1,4,0,-7,9,6,10,-12,6,-4,-4,6,13
71/43,0,-2,-2,0,2,-5,-5,1,3,5,-2,10,2,-12,0,-4,-14,13,12,-12,-10,4,1,10,8
-7/23,0,2,0,1,-3,4,-3,-2,0,-4,-4,-5,-4,0,8,-6,-4,-1,5,-6,7,-12,-3,5,-2
2/47,-1,2,0,1,0,2,-3,1,6,9,-10,-2,-6,-2,3,-3,9,4,8,4,0,-1,2,18,-1
37/2344,0,2,-3,-5,-3,-6,1,1,-6,10,0,-11,-6,12,-2,-12,0,-1,-12,-3,-7,-10,4,-2,-10
7/391,0,2,0,1,-2,6,-2,-2,0,6,-6,-7,8,5,1,1,6,10,2,0,4,0,-12,6,8
39/2345,0,0,0,-5,-2,-7,6,1,3,-5,10,-5,10,-1,7,1,-2,-2,0,5,-14,-8,-16,-3,8
19/1173,0,0,2,3,0,0,-2,1,0,-8,-8,-2,0,-2,8,-11,-9,-6,4,-5,-11,-5,8,1,-18
94/45,-1,0,0,0,2,6,1,1,-8,-3,-1,-2,3,-1,-8,6,10,-6,-7,-15,-2,-14,14,-13,-8
88/45,0,0,0,1,0,-6,-3,1,0,7,-2,10,-7,-6,-7,6,0,2,4,4,0,8,-15,-6,-6
-35/39,0,0,0,1,4,-2,-1,-2,-3,4,0,8,-6,-2,3,6,-10,-5,0,-12,-4,-8,-3,10,10
-69/76,0,0,4,1,-2,0,-6,-2,-7,4,0,-2,8,4,-6,11,0,10,4,2,4,-8,-16,8,-1
212,0,-2,-3,1,-2,-5,-3,-2,-3,0,-9,11,-9,4,-8,-10,10,1,12,-8,-16,-8,14,12,11
215/3,0,0,0,-5,-1,4,5,1,6,-2,-1,-5,-6,-1,6,-3,0,4,-13,-7,12,-4,-13,3,-6
37/41,0,-2,3,-5,2,6,5,1,3,7,-9,-11,6,10,-2,3,0,-4,4,-15,-13,-6,15,3,8
214/3,1,0,0,1,0,0,-4,1,6,2,1,-7,3,-7,10,3,-4,8,-2,-12,-6,-4,-3,10,2
53,0,-2,2,-5,0,2,-6,1,3,-3,-1,-5,-6,-4,12,-10,0,1,14,8,-14,-14,-3,3,1
55/3,0,0,0,1,0,2,1,1,-8,0,-1,-1,8,-1,1,3,-4,5,4,12,-10,6,14,10,18
-18/59,1,-3,-3,0,-5,1,-6,-2,3,4,6,-5,12,9,3,11,10,-1,11,-3,-2,13,-7,12,16
-22/61,1,-2,-3,-5,0,6,-3,1,-4,-5,-1,5,3,4,13,-4,0,-4,4,14,11,-12,11,-16,14
-85/19,0,-2,0,-5,6,2,-8,-2,0,2,-1,-2,-7,5,0,6,0,6,-14,4,2,-14,5,-6,8
-20/27,0,0,0,1,4,-6,5,-2,6,10,-5,10,-3,-12,2,5,1,-6,-10,4,-1,-8,12,-1,2
92/81,0,0,3,1,-5,-1,5,-2,-7,-2,-9,6,-1,8,7,-4,-9,1,-11,3,4,10,-15,-6,8
88/83,0,-2,0,3,0,0,1,1,-8,6,4,10,1,7,8,6,-4,-13,-4,-15,-10,-7,-16,8,2
-58/51,1,0,2,1,0,-6,-2,1,-6,-10,-7,-2,0,-4,6,6,6,6,-8,-8,6,-4,0,-9,6
-56/53,0,-2,-3,1,2,-1,-5,-2,-3,-5,-1,-2,8,10,3,5,-4,8,11,-5,-7,-15,-4,10,2
-275/4,0,2,0,3,0,-6,6,1,2,4,2,5,3,7,6,-10,4,8,8,8,-4,-9,-1,-6,-2
-4949/69,0,0,1,1,-3,2,5,1,0,6,6,10,-6,1,0,0,-12,0,4,6,-13,6,-7,1,-6
-2477/36,0,0,3,0,-2,4,5,-2,-4,3,-9,6,4,8,-7,4,2,-5,-12,13,-5,-14,-3,-15,-9
-137/2,0,-2,1,-5,-2,1,-3,-2,1,-2,-5,-11,-3,-3,4,-9,-1,-5,-12,9,-6,8,10,1,-14
-27,0,0,-3,0,2,6,1,-2,-9,-7,-10,-5,-6,8,4,-4,-4,8,0,0,2,0,10,-15,17
-45/2,0,-3,0,1,4,2,2,1,1,0,-2,5,-9,10,2,-14,0,13,12,4,11,-4,12,-2,16
25/73,0,2,0,1,-1,-5,2,-2,1,0,-1,-8,6,12,4,1,4,-6,6,-7,-6,4,4,6,12
29/73,0,-2,-3,-5,-5,0,3,-2,-3,-10,-4,-2,2,7,0,2,7,8,5,11,-6,-10,4,-15,10
-495,0,-3,0,1,0,6,5,1,3,-1,2,5,-6,8,3,-3,-11,-12,-12,-1,-5,-14,0,-9,-9
-10/37,-1,-2,0,1,-2,-5,-3,-2,-9,-4,10,-8,2,8,2,7,-4,-11,12,-4,-14,-1,-4,18,-2
-20/77,0,-2,0,-5,-2,6,5,1,-3,-7,-5,10,-5,8,-6,6,6,10,8,0,10,-12,3,18,8
4/343,0,2,2,-5,-1,-6,1,1,-8,-4,-6,-6,3,-3,0,-3,4,1,-10,-9,-11,5,2,18,-6
1/427,0,2,0,-5,4,-6,-4,-2,-6,-10,-1,10,-4,-7,-8,6,-4,-4,-14,2,-14,8,0,-6,-12
-5/1711,0,2,0,3,-5,2,5,-2,6,-6,-7,-7,-3,5,3,-3,10,-7,8,11,-16,1,-6,-2,-18
-3/1708,0,0,2,-5,6,0,-5,-2,3,4,1,10,8,7,-6,5,0,-4,8,-4,2,-14,3,-15,-10
-1/854,0,2,4,-5,-2,2,-3,0,-3,7,-1,-8,1,-10,0,-2,7,-4,11,-15,-4,-14,6,0,12
1/853,0,2,2,1,-1,-5,-5,1,1,-5,-6,-5,-6,-4,-6,-11,10,0,4,2,6,-1,-6,10,2
-1/570,0,0,0,1,2,6,5,-2,4,5,10,-3,-1,-3,8,-6,5,1,8,-15,-6,-6,0,3,-10
2/1709,1,2,2,1,2,-1,-3,-2,-4,0,4,-3,3,6,0,-2,4,2,11,2,-10,-4,4,-13,3
-1/1712,0,2,0,-5,-2,2,1,1,-6,0,-1,10,0,2,0,6,4,-2,4,0,14,-16,1,18,8
4/1709,0,-2,4,-5,-5,-5,-3,1,-8,-1,2,11,1,2,-7,-4,6,-13,10,-2,-9,11,-16,6,-2
1/429,0,0,1,-5,-2,-2,-3,-2,-4,-3,6,-3,0,10,-6,-11,0,4,-4,-12,-13,11,4,5,7
4/425,0,-2,0,-5,6,6,-2,1,-3,-5,3,6,3,-4,4,-14,-1,5,8,6,-10,5,-12,-14,-8
2/429,1,0,0,0,-2,-2,-4,-2,-8,3,3,11,7,-2,-11,-9,-3,10,-3,-7,-5,-10,9,10,18
1/854,0,-2,1,-5,0,1,-3,1,6,0,3,-7,0,8,12,10,0,-4,4,7,-5,10,4,3,-3
2/855,-1,0,0,1,-2,-5,2,-2,1,-2,2,-5,0,5,-8,-4,-2,2,8,-7,-4,-4,1,-6,2
2/6837,1,0,4,1,-3,4,6,1,6,-5,-1,-7,6,-12,-10,5,-7,1,5,-4,-13,-8,-9,10,-1
1/3418,0,2,3,-5,4,6,4,1,-3,6,-10,-2,-1,-2,-6,-6,4,4,12,-12,0,-8,6,0,-18
7/6837,0,0,0,1,-2,-6,-3,1,-3,0,0,10,4,-12,7,5,4,8,-3,-12,10,0,2,-7,-2
4/761,0,-2,2,-5,-1,-5,3,1,6,9,-9,-7,-6,10,6,1,0,8,4,0,-4,11,-4,1,18
1/1141,0,2,0,-5,4,-5,-4,0,-3,5,-5,-1,0,9,-3,3,5,-3,-10,-4,2,-8,-11,5,9
-1/2278,0,-2,-2,1,6,-5,-2,-2,-4,0,-6,10,6,-6,13,-3,0,1,0,14,14,6,0,0,14
95/23,0,2,0,1,4,1,-3,1,0,-10,1,-2,-6,-4,0,1,4,6,2,-15,-14,10,-10,-17,12
7/36,0,0,-3,1,2,0,6,1,-4,4,-1,-6,2,10,0,-4,-4,1,-12,0,-4,-7,-13,-15,12
-9/269,0,0,2,-5,4,6,2,1,-8,-5,-10,-7,12,8,-4,-9,0,-1,-8,6,4,-4,9,-7,-1
-3/118,0,0,1,3,-5,2,2,1,-4,9,4,2,-6,-12,0,5,10,10,4,13,14,5,3,-14,18
-3/121,0,0,3,1,-2,-1,1,1,3,4,2,5,-7,4,-4,4,4,-5,4,-12,-6,-1,6,18,0
-10/1091,1,2,0,3,2,2,-3,-2,-4,6,10,-7,6,4,-8,-2,-1,-7,10,13,-10,12,5,0,8
-4/543,0,0,-2,1,6,2,-3,-2,-8,6,1,-7,6,7,0,6,0,-5,2,4,7,-10,-5,-14,8
-5/72,0,0,0,0,-5,1,2,1,2,10,0,-2,12,7,0,3,6,0,4,3,-9,-6,-3,-1,2
95/4,0,-2,0,0,6,2,5,1,6,-7,4,5,-3,-1,-8,-4,11,-7,2,0,14,-1,0,0,-13
-6/107,-1,0,2,-5,-1,4,-4,1,6,7,-10,-7,7,-12,8,7,6,1,-12,14,-2,13,3,1,-14
1/273,0,0,-3,-5,4,-2,4,-2,-3,-5,-5,-2,-6,1,-4,2,1,6,-13,-1,12,10,4,8,17
1/270,0,0,0,1,-1,-5,-3,1,-9,9,-2,11,-6,-6,-6,-11,13,-12,-10,3,-5,-6,-6,-6,-2
-1/549,0,0,2,1,-5,-5,-1,-2,6,6,2,-1,2,-1,3,-2,-11,-4,-5,-2,4,-11,5,-7,2
-4/547,0,-2,3,3,4,-1,-1,0,6,4,6,-5,-4,1,-7,-10,4,2,1,-12,-13,12,2,18,2
-7/550,0,-2,0,1,-2,-5,-3,-2,-3,6,-4,-1,-7,-3,-8,11,7,-12,12,8,-6,10,2,-7,3
-2/273,-1,0,2,-5,-5,-2,5,1,-6,-3,-8,-2,1,4,-8,5,-4,-10,3,15,2,-8,-4,1,0
-11/27,0,0,3,-5,0,0,-3,0,-8,7,-9,11,-2,-2,0,-2,2,8,-8,-3,-9,-8,-3,-15,-1
643/5,0,-2,0,-5,-5,-1,-3,-2,-3,4,8,-7,-7,5,0,0,-10,4,10,-2,-6,0,8,6,-3
641/4,0,-2,1,0,0,2,2,-2,-3,-5,-9,-2,0,10,-11,1,6,-5,-12,7,6,-7,14,-14,2
125/2,0,2,0,3,-1,-5,2,1,-3,3,4,10,-6,-2,8,3,13,10,-10,-4,10,-8,2,6,-18
126,-1,-3,2,1,4,-1,1,1,3,10,-6,-2,3,4,13,2,1,-13,-14,5,-14,1,-3,-12,-19
30,-1,0,0,1,0,-5,-3,-2,3,4,1,-6,-4,6,-10,-4,-14,8,-12,14,7,-9,12,-6,-6
108,0,0,-2,3,0,-5,-5,-2,-6,0,0,-10,7,-2,8,-6,9,2,-12,-3,4,-15,-4,8,10
32/69,0,0,2,3,4,-5,5,1,0,-3,-5,8,-9,12,4,-6,-11,-13,5,5,-13,-14,3,12,-12
-11/75,0,0,0,1,0,-5,-3,-2,6,9,1,2,6,-6,-6,-4,5,-5,2,-2,-2,-1,0,-16,5
-13/75,0,0,0,3,-5,-7,2,-2,-8,-10,1,-11,0,4,-6,11,-7,2,9,11,7,-8,9,6,-12
-3/86,0,0,0,1,4,4,2,-2,1,5,-9,-7,-4,-12,-6,-10,-4,-13,4,0,0,-15,12,-6,13
-1/174,0,0,2,0,2,-5,-3,1,3,-6,-9,11,-5,8,6,9,-1,8,-4,-15,-1,-1,3,12,-14
-1/175,0,-2,0,-5,-5,0,-1,-2,6,0,8,2,7,-7,-3,6,-14,-5,-2,2,-9,-6,14,-6,12
2/345,1,0,0,0,2,-5,2,-2,0,0,4,-1,-6,4,12,-14,-13,-6,-13,0,-13,-14,-4,-1,11
5/347,0,2,0,3,6,0,-3,0,4,-3,6,-2,-3,8,-3,-6,13,-10,8,15,-14,0,-4,-9,14
8/347,0,2,2,1,4,4,-5,-2,0,0,-1,11,-7,-6,6,-3,2,1,5,-8,-7,6,-16,6,-18
1/231,0,0,4,-5,-2,-5,6,-2,-3,0,-1,5,-4,6,-6,-2,-4,10,4,12,-10,6,2,3,12
6/691,1,0,0,-5,0,1,3,1,2,6,3,10,12,4,1,1,-7,1,-10,0,14,10,0,-1,5
43/41,0,-2,-3,1,-3,0,5,1,-9,-4,-9,-7,6,-1,13,-2,-14,8,4,8,14,10,16,0,12
86/79,1,-2,2,0,6,-5,2,1,0,4,4,-3,7,-1,-6,-10,6,5,4,-12,-5,-8,1,0,14
-19/320,0,2,0,1,-2,-1,6,1,-8,10,-9,-5,4,10,0,6,-3,-2,4,-9,0,-16,-7,3,-1
-18/323,1,-3,2,3,-5,-1,-2,-2,-3,10,2,-11,6,8,-7,9,6,0,-14,3,-5,-11,12,2,0
-17/326,0,-2,-2,0,4,-1,-8,-2,-3,10,-4,10,-4,-9,6,-2,2,-1,-10,0,-7,-7,6,10,-6
-10/153,-1,0,0,3,6,6,-2,1,3,-4,-5,6,0,-3,0,-4,-7,2,10,10,7,0,7,-6,-1
-7/160,0,-2,0,1,0,-5,3,-2,3,6,3,-2,-6,4,-8,1,9,-13,-14,2,-7,15,14,9,2
-13/158,0,2,2,1,4,-7,5,0,1,0,6,-3,8,-1,4,5,0,-10,11,-7,-9,-8,9,-17,-6
-17/159,0,0,-3,-5,-5,1,-8,-2,-4,-4,10,-7,4,-2,-2,5,-3,-10,-12,-8,-10,-1,6,1,8
-14/157,1,2,-3,1,6,6,2,0,-3,2,-2,-5,-7,8,12,9,-12,13,-2,-3,12,-10,1,-8,12
-3/40,0,0,0,-5,0,2,-3,1,1,-4,1,7,3,-6,1,1,-7,4,8,16,-14,6,12,-8,12
-11/215,0,-2,0,1,0,-5,3,-2,-3,4,-8,-6,3,-12,0,-2,8,13,11,14,7,1,-4,4,-5
-4/91,0,-2,4,-5,2,-2,2,0,0,0,-6,-2,-5,-4,0,-2,6,13,12,0,-5,4,4,-6,14
-40/51,0,0,0,0,6,2,-2,-2,-3,3,-4,10,0,4,6,2,4,-13,-5,-1,4,2,4,-1,-2
-83/102,0,0,4,1,0,-1,-2,1,-8,-5,-1,8,-7,-10,11,-12,-9,-13,-10,11,4,-4,0,-1,12
-17/21,0,0,-3,-5,2,-6,-8,0,-4,9,3,-2,-9,5,-6,-11,-2,-1,4,-9,2,0,14,12,2
-44/53,0,-2,0,3,0,-5,6,-2,-4,5,-4,-7,10,6,-8,5,10,-11,5,-12,2,4,0,-1,8
-87/106,0,0,-3,-5,0,0,-3,1,6,-10,1,-5,-7,9,0,5,6,0,-4,-9,-6,9,6,3,3
-5/67,0,2,0,-5,2,-5,2,1,4,6,1,-1,-6,-2,-6,-9,-4,-4,0,3,-1,11,8,-14,-2
-1/34,0,-2,0,0,6,-5,-2,1,6,2,1,-7,1,0,-3,-2,-13,-7,8,-7,2,13,0,12,-14
-23/68,0,-2,2,0,4,2,-2,-2,-7,-10,-1,-5,4,-6,0,-6,6,-10,2,5,-5,11,-11,9,12
-17/76,0,2,-2,3,2,0,-8,-2,4,7,2,-5,0,-4,8,2,4,8,3,6,-2,-10,6,8,2
-16/77,0,2,2,-5,-2,1,-6,-2,-8,3,2,10,-5,4,-8,6,6,0,8,-3,6,-14,-3,18,9
-18/71,1,-3,2,3,-2,2,5,1,4,-5,-4,-1,-3,2,7,0,2,2,-10,4,7,-7,-3,-6,-18
-17/72,0,0,2,1,6,-5,-8,1,6,-4,-1,11,-6,6,4,-2,10,-13,-3,5,-2,8,-16,-6,3
33/70,0,0,0,-5,0,-5,-3,1,6,10,-1,8,4,-4,0,-4,5,13,12,9,11,-8,2,-8,-12
34/69,1,0,0,0,-3,0,-8,1,0,4,-9,-2,10,-2,10,-9,10,-4,-14,5,0,5,4,2,2
10/7,-1,2,0,-5,-2,6,3,1,6,-10,-4,-8,-3,-1,-6,10,0,-7,12,12,2,2,-15,1,2
32/21,0,0,2,-5,-5,-5,-3,1,3,-2,3,6,2,-2,12,0,-12,-3,-12,14,-9,6,4,-13,8
-13/30,0,0,0,-5,0,-7,3,1,6,4,-9,5,-1,-6,0,3,13,4,2,5,-13,0,12,5,12
-23/59,0,-2,2,-5,0,-6,6,-2,-7,-4,10,-8,-6,-12,4,-7,10,-10,16,6,-4,6,4,-14,17
91/82,0,2,0,1,4,-7,5,1,3,-4,3,-5,6,12,-8,7,6,-7,8,-9,-13,-1,1,-1,-5
23/77,0,2,1,-5,-2,1,6,1,-7,-10,4,-7,6,8,-6,0,6,8,2,4,4,13,10,5,14
93/5,0,0,0,1,-5,1,2,-2,4,6,-10,2,0,-4,0,6,-1,1,-12,-9,-6,11,12,18,-18
-76/101,0,2,1,-5,2,-5,-3,1,1,6,6,-2,0,9,-11,7,0,1,-2,14,-10,-8,2,3,-5
-29/40,0,2,0,-5,6,2,5,-2,-3,-10,-1,-2,-4,0,-11,6,6,13,12,-9,12,10,8,0,-10
-55/83,0,2,0,1,0,0,-6,-2,-3,0,-8,6,0,-1,12,9,0,6,5,6,-2,5,-16,-10,9
14/95,1,2,0,1,-1,2,5,-2,-4,0,2,10,6,6,8,6,-4,-13,-10,12,-10,-8,14,-14,-14
1/15,0,0,0,0,-2,6,-3,-2,-4,-7,-4,-2,-1,1,3,1,6,-8,2,3,-10,-14,6,6,-2
83/45,0,0,0,1,2,1,-5,0,-3,6,8,-2,-1,4,-3,3,-4,-7,3,3,2,-6,0,6,-2
79/50,0,-2,0,1,-3,-6,-5,1,4,4,-9,2,0,10,-8,10,-12,-2,11,4,-6,4,-7,-14,-12
80/53,0,2,0,1,-3,0,-5,1,6,9,-4,-2,-3,12,-3,5,-13,8,5,-15,6,-16,-4,12,-6
28/17,0,-2,2,1,-5,6,-2,1,-8,-5,-4,-1,-2,-9,0,-9,0,10,12,-8,-7,-16,-5,12,1
13/19,0,2,0,-5,-2,-7,5,-2,4,3,8,2,-6,-12,-6,-4,0,-11,-12,8,-16,4,-16,0,-6
31/45,0,0,0,0,0,1,-4,1,-3,4,-10,11,-6,4,-6,6,-2,6,4,6,-10,-11,16,-15,-12
-48/31,0,0,2,-5,-1,-6,3,1,-8,-4,2,-2,0,-1,-7,9,10,4,-2,-1,2,0,12,3,17
-47/31,0,2,0,3,4,2,-1,1,-4,7,2,2,-6,1,-8,3,1,6,-14,12,-2,0,-13,-1,10
-106/61,-1,-2,1,-5,0,6,2,1,-9,9,-9,10,-9,-6,-4,-10,4,-4,0,-15,7,-4,-1,18,8
-39/5,0,0,0,1,-5,-7,3,1,2,-1,8,10,6,-6,7,-10,6,2,11,-12,-7,-14,-4,-13,-1
-72/11,0,-3,-3,3,-2,2,6,1,2,-2,4,-2,0,-1,4,-11,-9,0,-12,-1,-14,-16,11,3,-1
-40/7,0,-2,0,-5,6,4,-3,1,4,6,3,2,1,-4,2,6,2,-5,5,-9,-7,-1,-4,-3,2
-2/33,-1,0,4,0,-2,-1,-6,1,-3,3,1,-5,-1,-1,-6,6,-5,-3,11,-2,0,10,10,9,9
-5/99,0,0,0,1,-2,2,-3,-2,-9,-7,-7,-7,-3,-10,-8,-2,6,6,3,-7,-13,15,4,6,12
-11/148,0,2,3,3,0,1,-4,-2,-3,-4,6,-8,-3,-1,13,-3,-3,10,11,-8,-2,4,-11,-6,-6
53/2,0,2,2,1,6,6,4,-2,-3,-5,3,-2,1,2,-7,-10,6,-8,6,0,-5,11,0,-14,2
-32/49,0,2,3,-5,0,0,3,1,-4,10,3,-7,0,4,-11,6,-11,-5,-4,3,4,15,-16,18,14
-31/51,0,0,1,1,4,-5,-2,1,-8,0,-10,10,-6,1,-1,6,-13,-6,3,-13,-4,11,7,5,-6
-33/50,0,0,0,1,0,2,3,1,-3,6,-9,-1,10,-1,0,-9,-4,-5,8,-9,7,8,11,-7,2
-71/51,0,0,1,3,-3,-6,-2,1,6,-4,-4,-11,-6,-6,0,10,-9,10,-14,-12,-14,10,10,-12,13
-69/53,0,0,0,1,4,-1,-3,-2,-7,-5,10,6,6,-4,-8,5,2,10,3,4,-1,-9,-16,-9,-7
39/14,0,0,2,-5,-1,-7,-3,1,3,0,-5,-5,0,-12,-2,0,0,-10,8,-3,-13,6,0,-8,-14
-9/1138,0,-3,3,3,4,-5,-4,-2,6,6,2,8,-6,-4,13,-10,-2,-3,2,-15,-16,-4,-16,-1,10
-17/3420,0,0,0,0,2,-1,-8,-2,-3,2,-1,6,12,10,10,-10,-4,-4,-4,15,4,6,12,-6,11
-14/3419,-1,-2,1,1,4,-2,-1,-2,-9,-3,-9,-8,0,9,6,-2,4,-11,6,-15,11,-8,2,6,-18
1/162,0,0,-3,0,4,4,-6,1,-3,-5,-5,-2,6,6,6,6,-2,1,-8,-9,-7,-11,3,5,12
-2/85,-1,2,0,-5,0,-1,-2,1,-4,4,-1,-7,0,4,-8,6,11,-1,8,-8,12,4,12,6,-2
-3/170,0,0,0,1,2,2,-2,-2,-3,-5,6,-2,6,1,-6,3,-4,-10,-4,2,7,15,1,-3,-12
-3/857,0,0,4,1,-2,1,-6,1,3,-1,-1,10,-1,-6,-1,-3,6,0,-4,12,-6,-11,14,-10,-14
-10/97,-1,-2,0,3,4,6,-6,-2,-8,0,-9,-1,0,10,0,9,-3,1,-11,13,7,-4,2,-1,4
-11/40,0,2,0,1,0,0,4,1,-8,0,4,-2,-1,-6,-6,10,-4,2,2,-3,0,-8,-1,3,-6
-19/82,0,-2,-2,1,4,-5,6,1,6,-1,-9,-6,6,4,-3,1,6,2,-12,-3,11,-11,12,6,1
-21/80,0,0,0,1,-3,-1,5,1,-9,5,-10,-2,-1,-4,0,-9,4,4,11,-9,-13,-14,0,-14,-1
-21/76,0,0,1,1,6,-5,-3,-2,-4,2,-1,-2,-3,9,6,-10,-14,-5,8,-8,-16,11,0,1,8
-6/25,1,0,0,1,0,-6,6,1,-4,4,2,-5,7,1,-6,-14,-2,8,3,-15,2,5,2,-17,-10
-10/151,1,-2,0,0,4,0,2,-2,-3,-5,10,-7,7,1,-8,1,-14,-1,-13,0,-6,2,10,10,-6
-9/151,0,-3,0,3,-2,6,-3,1,-8,9,1,-10,-9,-4,13,4,0,1,5,-8,14,-15,-9,-6,-6
-2/37,-1,2,1,1,4,2,2,1,-3,6,1,-8,12,1,11,2,-4,-13,2,-6,6,-8,-6,-10,3
-619/3,0,0,0,1,6,-6,-4,1,-6,4,-8,-6,7,1,1,1,0,-6,-14,5,-8,-8,14,18,8
-205,0,-2,0,-5,-3,1,3,1,6,-1,3,-2,-4,-4,-10,9,-9,-7,4,-12,11,-10,-13,-15,14
-7/51,0,0,3,1,6,6,-2,-2,-8,4,-9,10,4,-1,4,-4,8,-10,3,-5,-13,-11,-3,-7,17
-65/2,0,-2,0,1,2,-7,-1,1,6,4,-1,5,-4,-9,-6,7,6,5,12,4,-6,11,15,10,-6
16/81,0,0,0,-5,-3,2,-3,-2,-3,6,-5,-10,6,-7,12,1,9,13,-2,14,-13,-14,1,-6,8
15/77,0,0,0,-5,-2,4,-3,1,-4,9,2,-2,-6,2,-8,7,-5,-11,-14,9,2,-10,4,-1,-7
10/73,1,2,0,0,-2,4,-6,-2,4,7,0,11,6,1,-1,-2,-13,-4,1,3,-6,-6,12,12,8
13/74,0,-2,-3,-5,-2,-7,2,-2,-8,0,-1,-8,-3,0,0,1,0,10,4,8,-1,-15,-12,10,13
-95/43,0,2,0,3,4,6,2,1,-3,4,-5,-2,-6,-12,-8,3,-7,1,9,-5,2,0,1,6,-14
-91/43,0,-2,0,1,-2,-7,2,1,-3,-5,-9,-6,6,-12,7,-2,-2,-8,12,-3,-4,-14,-7,18,2
-87/43,0,0,0,-5,6,2,-3,-2,2,-10,4,-8,-6,-12,4,-2,-10,-2,-8,-15,-2,4,-4,-16,-6
-89/39,0,0,1,-5,0,-2,-5,1,-6,2,4,10,-3,4,0,1,-9,1,4,3,-5,-11,12,-13,8
82/59,-1,-2,-3,-5,-3,-5,-5,-2,-3,-3,-1,-10,-4,-9,-8,-6,10,-11,0,3,2,9,4,-1,0
79/28,0,2,3,-5,-3,6,4,-2,6,-5,0,-7,6,-9,0,-3,-13,-1,-3,-15,10,4,7,6,-14
19/60,0,0,0,3,2,-5,-3,1,-8,-3,6,5,-6,5,1,-11,0,-10,4,-3,7,8,10,-4,14
15/62,0,0,0,1,6,-5,-5,-2,3,4,2,-2,-4,4,2,-4,4,-2,-11,3,-13,12,2,-9,3
-17/216,0,0,0,3,4,-6,-8,-2,-6,0,8,-7,8,-1,-6,10,-4,-10,3,-3,7,-10,-16,-6,18
-11/213,0,0,2,0,0,1,6,1,6,-2,-9,-6,-6,2,-8,6,-2,-8,-13,4,11,-16,-16,10,3
-9/209,0,0,1,1,-2,-5,2,-2,3,9,-5,-3,6,1,1,1,-1,2,1,8,-5,5,-16,-8,-14
-37/644,0,2,0,-5,-2,-5,-1,1,0,-10,1,-11,0,4,12,-6,-9,-2,11,-3,-4,4,4,-7,16
-31/640,0,-2,0,1,-5,6,-3,1,6,0,-10,2,6,-9,4,-11,0,10,-4,15,6,5,-9,18,-6
-35/641,0,-2,0,1,-2,2,1,-2,0,-1,10,-1,6,-2,-6,1,6,-7,-11,-3,-11,1,12,3,-19
-39/641,0,0,4,1,0,-7,4,1,-3,4,2,-1,-3,10,0,-10,10,-3,-5,13,-6,-7,4,18,-5
-35/636,0,0,0,1,-5,-1,6,-2,-3,5,1,-3,-6,1,-6,5,0,10,10,14,10,10,4,10,8
-36/637,0,-3,-2,-5,-2,-2,-3,1,-3,6,2,2,-6,-1,-8,6,5,-10,-6,-3,-2,-15,8,18,-8
-38/635,-1,-2,0,-5,0,-6,2,1,-8,5,-1,-1,0,8,-6,-6,2,6,10,-9,2,1,-5,-14,8
-36/635,0,0,0,-5,-5,-5,5,1,0,-5,1,-1,-1,4,3,3,-9,10,1,13,10,9,2,-12,-10
-1/89,0,2,0,-5,6,6,-3,1,6,3,-1,-3,0,-7,11,-2,6,1,10,6,-6,6,6,-8,-12
219,0,0,1,1,6,4,5,-2,1,4,-6,-10,-6,-1,-11,9,-12,-11,0,0,-11,-10,-3,2,-2
221,0,-2,4,-5,-5,-7,-8,1,4,-10,-10,7,6,-4,-2,10,4,8,8,-12,-13,-16,-8,4,-18
-23/45,0,0,0,-5,6,6,4,-2,-7,-2,-5,10,6,-4,-6,3,0,8,8,8,-16,-16,8,4,13
-31/42,0,0,3,-5,6,6,5,1,6,4,-10,-5,10,12,0,-6,7,1,8,8,-16,8,2,10,-12
-61/81,0,0,1,-5,-3,2,5,-2,-6,6,10,5,6,4,-10,-4,6,-13,-3,2,-10,4,6,2,2
-59/82,0,2,0,-5,0,-5,2,1,-4,-4,3,-7,6,-1,2,-10,-12,-5,-4,0,14,13,0,18,13
-53/84,0,0,-2,-5,4,0,-6,-2,-8,-5,1,-6,0,2,4,-10,-4,-5,4,8,4,10,12,0,10
-80/33,0,0,0,-5,-2,-1,6,1,-3,0,-1,-7,10,12,-8,-14,0,1,4,-9,-13,9,0,1,-9
-11/51,0,0,2,-5,0,4,-2,1,3,3,2,5,3,-1,6,-11,0,-13,-12,-12,-8,-8,12,10,-6
-41/62,0,-2,3,1,-1,-5,-3,-2,-9,-8,2,-7,-4,-4,-6,3,4,-11,-14,0,-2,10,-16,6,3
-44/63,0,0,-3,-5,0,-1,-6,1,-3,-8,10,-8,-9,9,6,-6,0,-7,12,-15,6,-1,12,6,-6
-15/34,0,0,0,0,4,1,-2,1,3,-8,-9,-2,6,8,-8,-6,-11,-3,4,-8,11,-14,12,1,13
-41/65,0,-2,0,-5,0,-2,-3,1,-6,3,2,-2,-4,-1,-11,-3,5,-1,-10,3,6,-6,-3,-6,7
-43/65,0,2,0,3,6,-2,2,1,-3,-1,-9,10,-6,-1,-8,-2,-12,4,2,3,-13,-11,0,5,1
-77/29,0,-2,-3,1,0,-1,6,-2,4,-6,1,-2,3,2,-2,-3,-11,4,-12,-12,-14,-14,14,-14,14
-22/29,1,2,3,1,0,2,4,-2,0,-6,3,-8,-5,4,-6,-4,4,4,9,-1,-8,-6,-4,-6,16
81/89,0,0,1,-5,-3,-5,3,1,-9,-8,3,6,0,2,-8,6,4,1,8,15,-8,8,-8,-8,10
81/88,0,0,-3,0,-2,6,-1,1,-4,2,-8,-5,-3,-10,4,-9,-11,-5,5,-12,-14,4,3,-17,13
24/29,0,0,4,3,4,-5,-6,-2,0,-6,10,-10,-9,1,-10,0,-9,-7,-14,15,10,4,-4,3,-3
202,1,2,0,1,-3,6,5,1,6,0,4,-2,-6,6,8,6,-7,-10,12,-5,14,5,4,-10,8
401/6,0,0,4,-5,6,-5,-3,-2,-8,-2,1,7,-3,12,-8,-7,6,10,12,5,11,0,-3,-1,18
100,0,2,0,1,-5,-1,5,1,6,9,2,2,-6,-7,12,7,2,-7,12,6,2,10,-12,10,12
1589,0,-2,2,1,4,1,-3,1,6,2,-1,6,-1,-2,-6,0,-2,-5,3,-4,14,4,9,-1,10
1591/3,0,0,-2,3,2,-6,-4,-2,-3,-10,-2,-11,-1,-1,-3,6,0,-8,-4,-4,10,-9,12,-15,-2
47/26,0,2,-2,0,0,-2,-4,1,6,2,3,2,6,4,-8,0,-1,1,8,-8,1,-4,2,-8,-2
14/71,1,2,2,1,4,4,3,0,3,10,-5,-7,-5,-2,0,6,-9,8,4,4,-16,0,0,8,-10
47/48,0,0,2,1,0,4,1,1,1,-2,-8,10,-5,-6,-8,-11,4,-3,-14,-15,-10,0,1,6,12
32/31,0,-2,-2,1,2,-1,6,1,0,4,2,10,-6,-1,0,5,2,-5,-7,8,14,0,-4,-10,8
47/51,0,0,-2,1,-1,-5,-2,1,4,3,2,-1,-6,-2,-8,1,-9,8,0,-1,-6,8,-3,-15,-14
32/35,0,2,0,-5,4,-5,5,1,6,6,-1,-2,-7,-3,1,6,-4,2,4,6,-8,13,2,6,0
-457/68,0,2,2,0,0,-5,-2,1,-4,0,-1,5,-6,1,0,3,2,-3,-8,-12,-11,-11,4,-15,14
-57/8,0,0,4,1,0,2,6,1,-3,4,-1,-5,-9,4,1,-4,-11,4,0,5,-13,-1,-4,6,-12
-115/17,0,2,0,1,-5,6,-2,-2,-7,-5,6,-2,0,8,-6,-10,-2,-13,2,-15,6,-8,0,6,-18
-456/65,0,0,0,3,4,-2,3,1,-4,-8,3,2,-7,5,12,-3,-12,13,-13,3,2,-12,-3,8,-9
-152/21,0,0,0,-5,0,6,-3,1,3,3,-5,-6,-3,10,-8,6,6,10,-3,-4,-2,5,10,-12,10
-150/17,1,0,0,1,0,-5,-2,1,6,-1,-2,2,0,-10,12,5,6,-7,10,-1,-6,13,-16,12,-18
-151/21,0,0,1,-5,0,6,-4,-2,6,-5,3,-2,7,-6,-1,5,9,-3,4,14,-10,-14,12,-17,2
-75/13,0,0,0,-5,-5,-2,-5,-2,-9,0,1,-2,10,0,1,-3,-13,13,8,-4,14,10,0,-14,2
-151/27,0,0,-3,-5,4,-5,1,1,4,5,1,-8,-7,-3,-8,6,-7,-6,-2,-9,11,8,12,-6,-14
-151/24,0,0,2,0,4,-5,-1,1,6,6,-9,5,-2,-6,-6,6,4,-10,-12,0,2,-16,17,6,2
-151/25,0,-2,0,1,-5,-5,-3,1,-3,4,-1,-6,-6,-4,6,-4,10,-2,-12,-5,-1,-8,-9,-15,-2
-157/22,0,-2,1,-5,-2,2,-5,-2,-9,10,-1,-2,8,6,-8,6,-7,6,-12,13,-7,0,3,-8,9
44/25,0,-2,0,-5,0,-5,2,0,-4,-10,3,-2,4,12,0,-10,8,1,4,-9,-16,10,-4,-1,14
-89/102,0,0,3,-5,4,6,-2,1,-8,-2,-4,2,-6,0,-10,10,-12,8,-12,12,-6,-16,4,-13,12
-79/98,0,2,0,-5,-1,4,1,1,2,-4,-5,2,0,4,8,6,0,10,12,15,2,4,4,10,11
-86/95,-1,-2,0,3,4,4,2,-2,6,4,10,-5,1,-1,-6,1,-14,-10,0,15,-5,5,3,6,2
799,0,2,1,0,4,-6,-8,0,-8,4,-2,-7,6,-4,-8,-14,-4,1,-6,-3,6,4,12,-6,6
793/3,0,0,4,3,-3,-7,5,-2,-9,9,6,-6,8,6,0,6,0,-13,-12,12,7,0,-3,0,-18
52/779,0,-2,0,-5,4,-7,5,-2,-8,4,-9,2,6,-10,-6,6,-12,-1,-7,-9,-4,2,9,-6,-12
7/97,0,2,4,1,-1,6,-6,-2,2,0,-7,10,-5,7,-6,-9,0,1,8,4,-5,4,-4,10,4
53/777,0,0,2,-5,2,-5,2,1,-8,-2,3,-8,0,-9,-1,-10,8,4,10,15,12,0,12,0,1
53/784,0,-2,2,-5,-2,2,4,-2,-3,-3,1,-10,0,-6,6,-10,-7,6,-14,4,-13,-8,3,6,2
26/391,-1,-2,0,1,0,-7,-2,-2,0,-4,3,-2,-1,7,-6,-6,-9,-5,-11,0,-16,13,1,-1,-3
20/389,0,2,0,-5,4,-6,1,-2,-3,0,3,-2,-6,-4,-11,9,11,8,4,-12,-1,-8,9,6,8
-21/43,0,0,2,1,6,4,-4,-2,3,9,6,-2,10,-12,0,6,4,-7,4,5,-13,6,6,-17,8
-43/88,0,-2,2,-5,-2,2,2,-2,-3,6,-8,2,0,-1,-6,-4,10,-5,-2,-8,-13,-1,-3,4,14
-48/35,0,0,0,-5,0,6,2,1,-9,0,10,-11,6,-4,-1,-6,-2,8,-14,6,-7,5,11,1,-14
-83/4,0,2,-3,1,-3,0,-4,-2,6,4,10,10,10,4,-6,3,0,2,4,-12,14,8,0,0,1
5/111,0,0,0,1,4,2,-1,-2,-6,0,-6,-8,3,-1,8,-3,13,0,4,13,-5,0,14,-14,6
5/114,0,0,0,1,-3,6,3,-2,6,-5,0,2,-5,-7,-8,7,-4,8,4,-7,-16,-9,-3,6,14
-7/230,0,2,0,1,4,-5,2,1,0,-10,-5,10,3,7,8,-11,-9,4,2,-9,11,0,-11,-8,-3
-1/38,0,2,-3,1,-1,2,-3,-2,-8,4,-1,7,-6,-1,0,1,6,13,4,8,4,12,-4,-3,-9
-1/134,0,2,0,1,4,1,-4,1,2,-5,3,-2,7,-6,-6,6,-9,-1,0,13,-10,-15,5,-6,3
-1/84,0,0,0,-5,-2,0,4,-2,-8,10,2,10,6,-2,-2,1,13,1,4,-5,-14,-16,12,6,-6
-14/673,1,2,3,1,-3,-1,-6,-2,-3,-5,-5,6,-5,8,0,-12,-12,-12,0,-9,-5,-4,-7,0,8
-8/675,0,0,0,1,0,-5,2,-2,-4,0,1,-3,-3,4,0,1,-11,5,8,5,-7,4,-15,-15,10
-1/169,0,-2,4,1,0,-2,4,-2,-4,-4,3,10,6,1,12,-4,-3,-3,2,-3,6,4,-8,-13,13
-123,0,0,0,3,0,6,-3,-2,-3,6,2,-7,-4,-4,-6,3,-1,0,12,3,12,8,-3,12,7
-126,1,0,1,1,2,-5,-1,-2,1,3,-4,-7,-6,10,-6,-11,-4,-8,10,13,-14,-10,-16,-1,-3
-85,0,-2,0,1,-2,-6,-8,-2,3,-7,-1,2,-6,-6,6,4,13,1,-2,-4,2,6,-16,6,0
93/61,0,0,0,1,6,-6,5,1,-4,-7,-10,11,-3,-2,4,-7,-7,-4,0,10,-6,-14,1,-12,0
-79/3,0,0,3,-5,-2,-5,-6,1,1,6,0,5,-6,12,12,10,-4,0,4,-3,-6,4,8,-6,14
-82,-1,-2,3,1,2,-1,2,-2,6,-4,3,6,-4,-1,-8,-10,-11,6,8,-5,2,-16,11,-3,-6
-826/5,-1,2,0,1,-1,-1,5,1,-3,5,-9,-2,-9,0,-1,-3,-12,8,2,0,-4,-15,12,-6,-9
-829/3,0,0,3,1,2,2,1,1,-3,-2,-9,-3,-6,-3,6,-10,4,-10,-7,5,5,11,-4,5,2
-312,0,0,0,3,4,-7,5,-2,6,6,-4,-2,6,-9,0,-10,-12,-12,5,2,-14,-1,1,6,3
-1249/10,0,-2,0,1,2,-1,-5,-2,-4,2,-9,-8,0,-6,4,11,4,-7,4,-8,-2,-4,3,-15,8
-418,-1,-2,3,1,0,4,1,1,-9,-5,4,2,-2,-12,12,-10,-1,-1,5,-12,-14,-15,16,0,8
-1249/5,0,2,0,-5,-5,-5,6,0,-8,-5,1,-11,-4,5,-1,7,6,1,12,8,-1,-16,6,9,-4
-106/47,1,2,0,-5,4,1,4,-2,-3,6,-5,-5,0,4,3,-10,4,2,-8,-12,0,13,3,10,14
-35/17,0,-2,0,1,4,2,-2,1,6,6,10,10,10,10,6,-4,-5,2,-14,16,0,-16,-15,-6,3
-52/27,0,0,1,3,4,-7,2,-2,6,-8,-9,-7,-2,-7,-8,-6,11,2,10,-4,-2,0,-16,0,-14
-8/93,0,0,1,3,4,-1,3,1,-3,-10,2,-2,3,2,-6,4,-9,-2,-3,3,-13,-7,6,-6,10
-11/93,0,0,-3,-5,0,2,2,1,1,5,2,-2,12,1,7,10,-5,13,-11,-15,-11,8,3,0,-18
-13/92,0,2,0,0,4,-7,2,-2,0,0,-9,2,-1,2,-10,-3,-14,4,4,6,-6,8,-12,12,2
61/49,0,2,2,-5,6,2,6,1,-3,3,3,10,2,10,0,-6,-4,-13,12,4,-8,-16,6,10,-2
-5/978,0,0,0,1,4,6,1,-2,-3,-8,2,10,0,4,7,-6,6,6,8,-1,-11,6,2,-8,-2
-29/6841,0,2,4,3,4,6,-3,1,0,-10,6,6,-9,-4,-4,-10,9,8,8,6,2,13,12,-6,13
-6/1369,1,0,2,1,-5,-5,2,-2,3,0,-5,-8,2,8,-8,3,-4,-12,-2,-3,0,0,9,-15,17
-8/2281,0,2,3,0,0,1,2,-2,-8,-3,3,-8,1,-3,-4,-6,-12,-11,2,6,-7,-8,-10,-12,-18
46/9,-1,0,1,1,6,-5,1,-2,-7,-10,3,8,0,1,-4,-9,-4,-7,8,4,-13,-8,-4,8,9
-830/3,-1,0,0,0,-1,-5,4,1,3,2,1,10,-3,-4,0,-10,-4,13,-5,-15,2,6,0,6,-14
-416,0,2,2,-5,-1,-7,-4,1,-8,3,10,-6,0,-7,0,6,6,-4,14,-8,2,-14,12,1,-10
-209/2,0,-2,-2,-5,0,-6,-5,1,-4,-8,-10,-7,-9,10,1,6,-4,-3,4,-1,-9,-10,1,1,-3
59/3,0,0,2,0,4,4,2,-2,1,10,1,-3,1,5,-1,-6,-12,6,2,6,8,10,1,6,1
123,0,0,-3,-5,-1,-6,-3,1,6,6,1,-8,-4,4,-3,6,4,10,4,0,4,5,-16,12,16
244,0,2,1,1,-1,2,-5,1,4,-5,-9,-7,-9,1,6,-11,1,-13,-12,-15,-11,11,-16,-6,2
122/3,-1,0,1,0,-3,-6,4,1,6,-7,-1,-5,0,-12,0,-4,-2,-13,4,-4,-13,9,5,10,8
49,0,2,1,1,4,2,5,-2,-8,7,10,-8,6,-4,4,-6,9,-10,-2,-12,0,-8,6,-14,5
245/11,0,2,0,1,-2,2,-3,1,-6,-5,3,6,7,5,-6,1,13,-4,11,-12,7,-6,12,-6,-8
-62/87,-1,0,1,-5,4,-1,2,-2,-8,-6,-10,10,-5,0,-3,2,-2,8,-14,3,11,-6,3,18,18
41/78,0,0,-2,1,0,-2,3,-2,6,-10,-1,8,-4,7,-6,6,10,1,-11,13,-5,11,-4,18,0
11/41,0,2,4,3,0,6,-3,-2,3,9,-4,-8,6,8,12,-4,-12,-2,-11,-1,-2,-14,0,9,-12
41/10,0,-2,0,1,-2,-5,3,1,3,6,2,-6,-4,-6,6,2,0,5,5,-12,10,-6,8,-10,-7
83/21,0,0,-3,-5,4,6,-3,-2,-6,6,2,10,-7,-4,-8,10,0,-2,2,-15,-13,-4,0,-1,-1
41/12,0,0,3,-5,0,4,-6,1,-3,4,6,-7,-4,8,0,0,2,-7,2,-9,2,-12,6,0,-2
41/13,0,-2,3,0,-3,-2,5,1,1,0,-9,-1,-4,1,8,1,4,-11,8,6,-14,-8,-9,-13,14
20/163,0,-2,0,3,-5,2,-6,-2,6,3,10,2,12,-10,-6,-7,0,0,10,8,2,-1,2,-16,-6
15/163,0,0,0,-5,0,-5,-1,-2,-9,-2,-4,8,7,2,6,6,-1,-7,11,-3,2,-16,-16,-9,-8
7/82,0,2,2,1,0,-5,-4,-2,-4,4,-5,-11,6,4,11,-10,1,2,4,8,-2,10,-4,-9,14
9/79,0,0,4,0,6,-1,1,-2,-8,-5,6,-11,-6,7,6,-3,10,4,5,-8,-10,-8,12,-17,-13
11/106,0,-2,4,-5,0,6,1,0,-3,-2,-1,-7,8,8,0,5,6,4,-12,-12,0,-15,2,3,0
9/106,0,0,2,1,2,4,5,1,-4,-7,0,10,7,4,0,5,-14,-10,4,8,7,-14,-6,10,8
71/98,0,2,0,-5,2,6,6,-2,6,-5,-1,5,-9,12,12,-9,8,2,8,-12,-13,5,6,-6,7
68/97,0,-2,1,1,6,6,-8,1,-3,4,8,10,10,-7,0,6,1,1,4,3,2,-1,-4,3,4
-215/9,0,0,0,0,-2,-5,6,1,-8,-10,-1,-7,6,-1,0,-3,6,-2,-8,5,-6,-11,5,18,-6
-110/3,-1,0,0,3,0,4,2,-2,-8,-7,0,-7,-6,6,-4,-12,-12,-13,10,-1,12,8,0,-15,2
-321/11,0,0,2,1,-2,4,5,-2,-8,9,1,-6,2,-4,12,3,5,-12,4,13,-6,-8,11,-1,9
-107/3,0,0,4,-5,-5,6,-3,1,6,5,4,2,-3,-10,-6,-3,-4,-1,2,14,-1,-4,1,-7,-19
-326/13,1,2,-3,-5,-1,-2,2,-2,-3,-3,-7,6,-6,12,10,-11,-4,-4,12,-15,-8,-14,3,-1,-12
-37/17,0,2,2,-5,-2,6,-2,1,6,7,-9,-11,-3,-1,-11,6,-11,-1,14,-1,2,8,1,-10,-7
73/78,0,0,0,3,4,-2,-4,1,-8,-5,-1,-7,-2,8,-11,-9,-4,-2,5,-15,-11,5,12,5,10
74/79,-1,-2,4,1,-3,-1,3,1,1,-1,-1,-11,-4,-7,0,-9,6,8,-6,-4,2,-8,2,0,2
67/85,0,2,0,-5,4,-5,-2,1,-4,10,3,5,-5,-10,-7,6,8,-1,-5,8,-7,-7,1,5,-3
65/83,0,2,0,-5,0,-7,-1,1,-8,7,-5,7,-3,8,-8,-9,-11,-7,8,-15,-2,15,-16,6,-6
71/79,0,-2,1,-5,0,-6,-3,-2,4,-7,6,6,-1,-3,0,6,-11,-3,12,-12,4,-8,0,-4,6
67/81,0,0,3,0,-2,-5,-3,1,-9,9,-4,7,2,8,-11,-2,-1,1,-5,8,-2,6,-3,2,-18
-47/40,0,2,0,1,0,-5,6,1,0,4,3,-7,1,6,-8,-10,0,6,-10,6,-13,-8,0,5,-9
-49/33,0,0,-2,1,-2,-6,5,1,6,-3,-1,-2,-6,6,-6,4,6,-6,5,-7,11,5,-11,10,-7
-23/18,0,0,2,3,-2,4,5,1,-7,10,-4,-7,-6,-4,0,-4,-2,-11,-6,11,6,1,3,10,-6
-50/37,-1,2,0,3,-3,6,-5,1,-8,4,-6,-8,-2,4,12,-4,-4,-6,1,0,2,-11,6,-6,-7
-69/77,0,0,2,-5,-2,-5,5,-2,-7,-2,-1,2,-7,-2,10,6,4,8,0,-12,-16,-1,-3,10,11
-64,0,-2,0,1,-1,2,-3,1,-3,2,-4,-5,-6,-2,-10,6,-1,-6,10,6,7,-16,12,2,14
-136/3,0,0,0,1,2,4,-8,1,-6,5,-9,-8,2,-12,-2,6,0,-11,2,-1,-5,-14,10,-17,-8
22/65,-1,-2,0,-5,0,-2,-3,-2,2,0,-4,2,-6,-6,-6,1,-4,-11,4,8,-5,10,-3,10,13
68/49,0,-2,3,-5,4,6,-8,0,-3,6,-8,10,-4,4,1,3,4,4,4,5,-13,-16,-16,2,2
25/3,0,0,0,1,-5,-5,2,1,-6,-10,-4,5,-7,4,-8,-4,2,-10,14,-9,2,-10,4,-12,8
-13/79,0,-2,2,-5,6,-7,2,1,-3,-1,3,11,-6,12,-1,-4,-1,-5,4,6,-4,-8,-4,10,-2
91/44,0,-2,2,1,-2,-7,-3,1,1,-5,2,10,3,2,2,-4,9,-1,5,4,-2,-15,-3,0,13
89/46,0,-2,2,3,2,-1,-5,1,0,-3,-1,2,7,-6,12,6,0,8,4,3,-10,11,8,-13,11
-4562/3,1,0,4,3,-5,-1,5,1,-3,-8,10,-2,10,-1,-8,-12,13,-7,8,4,2,13,11,-2,8
-2283,0,0,2,1,4,-5,6,1,-8,-5,3,10,0,-3,4,-6,0,4,-6,-5,-14,-14,4,18,18
-4569/4,0,0,2,-5,6,-5,4,1,6,-2,-4,2,6,12,0,-4,8,10,-3,-9,8,-8,12,-12,12
-1523,0,2,0,3,2,4,1,1,6,3,-9,-1,0,-4,0,-2,-9,2,0,-15,-4,-8,16,6,-19
-1014,1,0,0,0,0,-7,-5,1,-8,4,-5,-7,-1,-6,4,1,0,-5,-8,-15,-13,6,-6,12,1
-3043/2,0,2,0,0,-1,-6,-8,1,6,4,-9,2,6,2,12,6,-12,8,14,3,4,-4,-3,-6,-14
-4566,1,0,2,-5,6,2,1,-2,3,4,-1,-7,7,6,10,-2,-11,-1,9,-12,-11,8,12,-15,-14
-4567/4,0,-2,0,0,4,6,-1,-2,4,4,-9,5,0,6,0,-9,0,2,-7,10,-13,-16,4,-15,-14
-4563/5,0,0,0,3,4,-7,-6,-2,1,-1,-5,-2,-6,10,-6,0,-2,-7,-8,8,-13,9,-12,-10,-18
-39/17,0,0,-2,0,6,-7,-2,-2,6,-2,-5,2,-6,1,12,-11,6,8,12,0,-13,11,2,-14,-10
-49/13,0,-2,0,1,-2,-2,-3,1,-8,2,2,-5,-6,-1,0,-4,2,-2,-11,6,-13,-8,15,10,-3
-47/9,0,0,2,0,4,0,-3,1,-3,-1,3,-2,0,4,-8,3,-2,-10,-12,11,0,-6,-6,0,-2
309/25,0,0,0,1,-3,1,5,1,-3,-5,-9,10,-6,4,-6,-10,0,-1,2,2,11,8,12,1,-5
304/25,0,2,0,1,2,-5,-3,1,4,4,2,-11,-7,8,-8,-2,6,-7,-3,-2,-4,4,12,-15,-12
52/5,0,-2,0,1,2,-7,1,1,-3,6,-4,-2,0,-10,2,4,0,2,-11,8,-11,8,2,0,13
-17/25,0,2,0,0,0,-5,-8,-2,-8,-8,-1,5,-3,-9,4,6,-14,1,-12,3,0,13,-11,-13,11
-65/102,0,0,0,3,-3,-7,-2,-2,-3,6,1,7,-9,-1,-2,1,0,-10,-2,-6,-11,15,6,-6,-8
-38/53,1,-2,1,0,0,2,5,1,3,-2,10,-6,-1,-2,0,5,-13,-11,-12,-8,-14,5,-16,6,8
-25/98,0,2,0,-5,-2,0,-6,-2,-3,5,-9,-5,-6,1,-3,-4,6,1,-3,8,1,11,3,-8,-7
-28/97,0,-2,2,1,-2,-5,-4,1,-4,5,-2,10,6,-6,3,10,-2,1,10,14,0,8,-16,2,4
-31/97,0,-2,0,3,6,2,-3,-2,-8,2,-10,2,4,2,0,-2,-4,-4,16,6,-14,-15,-7,-6,4
-21/3958,0,0,0,1,4,1,1,1,-3,9,1,-2,0,7,-8,1,-4,-5,-5,4,-13,12,-6,6,-1
-7/1320,0,0,0,1,-2,6,-3,-2,1,6,-1,-5,0,2,4,0,6,1,-11,14,0,-15,1,3,-1
-7/1319,0,2,-2,1,4,2,4,-2,6,3,4,6,12,-2,-3,6,0,-13,12,-15,2,-16,10,6,6
80/649,0,-2,0,1,-2,4,-3,-2,-6,-7,-1,-8,-6,4,-8,-6,10,13,6,-12,-5,-10,-7,10,13
79/647,0,-2,3,3,6,-5,5,-2,3,-5,10,11,-6,-6,-6,0,9,-7,-2,2,11,4,10,-3,2
89/648,0,0,3,3,6,2,-6,1,-3,-4,-1,-6,0,-6,-8,1,-4,-11,4,-1,-2,8,10,-13,14
83/647,0,2,2,1,0,6,5,-2,-4,-4,10,-5,8,4,2,-9,-4,0,-12,-3,1,-1,0,-2,3
42/325,1,0,0,1,4,-2,-3,1,4,6,-5,-8,0,5,1,-10,-7,-8,-5,-4,2,6,-16,-10,-1
-1248,0,0,0,-5,2,-7,-1,1,-8,0,1,-5,2,10,0,-10,-5,-2,8,14,-16,8,16,-6,-2
-276,0,0,1,-5,6,2,-3,1,-7,3,3,-7,-1,-4,12,6,0,1,-14,-12,-5,1,10,1,-6
-185,0,2,0,-5,-1,2,-6,1,-4,-10,2,-11,6,6,-7,-2,-4,5,5,8,14,0,-4,-15,-5
-4990/9,1,0,0,-5,0,-6,3,1,6,5,2,-2,2,4,4,-7,-4,-10,4,8,11,-14,4,1,14
-4993/12,0,0,0,0,-5,2,3,-2,-9,-7,-5,-1,-1,-3,-7,-4,-4,10,8,12,0,8,1,-6,-14
62/83,1,2,2,0,-2,0,2,-2,3,0,-10,10,12,12,4,1,-3,2,-10,-4,4,10,-16,-14,-3
-4/25,0,-2,0,1,2,-5,-3,1,-8,4,3,-7,-1,2,1,-6,-14,8,-12,-12,-10,-16,-3,-9,-18
-69/7,0,0,-2,-5,0,-5,6,0,-7,6,1,-1,0,2,0,6,0,2,4,-15,0,2,12,2,-2
-25/4,0,-2,0,1,-1,2,5,1,3,4,8,-2,-5,-1,-3,9,-4,-1,2,-9,12,-14,10,-1,11
-22/423,-1,0,0,1,0,-5,5,-2,6,-8,-6,-1,-2,4,3,-9,6,-11,4,-15,-2,8,-4,-6,-6
-16/423,0,0,-2,-5,6,6,-3,1,3,4,-2,7,-3,4,3,6,6,-13,-8,6,5,-7,-16,2,14
-27/424,0,0,0,1,-5,-5,-1,1,6,9,3,10,-6,-1,4,5,0,-1,-7,-12,0,15,16,-17,-7
-3/47,0,0,2,-5,6,4,2,1,-4,-3,-7,5,6,-4,3,-2,-11,-8,4,13,-2,1,0,-12,10
-52/25,0,-2,0,0,-5,-7,-6,1,-4,9,10,6,-3,-2,0,6,4,-2,-7,-9,10,12,0,-15,-2
27/29,0,0,0,1,4,-1,5,1,-6,-6,-6,6,6,4,3,-11,4,1,-14,-9,0,-11,4,6,12
86/87,1,0,2,3,-1,4,-4,-2,-3,-6,-9,10,8,-1,0,-3,2,13,12,-9,2,-8,-7,0,-10
40/43,0,2,0,-5,-3,2,6,1,6,6,-2,-5,6,-12,6,-6,10,-7,-12,6,12,-9,12,3,2
-162/5,-1,0,0,-5,4,-5,2,-2,-3,3,3,-8,6,4,-8,6,5,1,3,6,10,-16,12,-1,-8
-326/11,-1,-2,2,1,-2,6,-4,-2,6,-7,2,-8,-4,1,-6,-11,-12,-3,3,3,4,8,-4,0,-12
-80/3,0,0,0,1,6,-5,-3,1,0,-5,-7,6,4,4,0,-2,0,10,0,-12,2,4,11,3,-18
-25,0,-2,0,3,0,2,-4,-2,-8,-2,6,-8,6,-6,3,6,0,-11,2,-6,4,-8,-3,0,-7
-109/3,0,0,-2,0,-3,6,-4,1,6,-5,-5,10,8,8,-8,0,5,-7,14,-5,2,-15,12,-14,-1
-164/5,0,-2,0,-5,0,2,-3,1,0,-7,1,-5,-4,-10,-2,0,-4,10,-14,-12,0,-1,-12,-6,14
-329/10,0,2,0,1,6,2,-3,-2,-4,0,-9,-6,-5,1,-8,3,-4,-8,-7,-15,11,-8,1,1,6
-33/53,0,0,2,-5,0,-6,-4,-2,-3,-3,-1,-6,4,-6,-6,5,10,-1,2,-12,-6,15,3,-12,-2
1007/18,0,0,1,-5,-3,-1,-3,1,-3,-4,6,-2,12,-6,3,-10,13,-7,8,0,7,-9,-11,10,-19
85,0,2,0,0,0,6,-8,1,-6,-1,1,10,3,10,-6,-11,-13,13,0,0,12,5,12,0,-12
113/2,0,2,1,-5,4,4,2,1,-4,9,1,8,-5,6,-2,-4,10,4,5,-3,-14,-4,14,10,8
504/11,0,0,2,1,-2,-5,4,-2,0,4,3,6,6,4,-2,1,0,8,-8,8,11,-14,-4,-15,10
505/8,0,-2,0,0,-3,1,-1,1,-4,4,-5,-2,-6,-1,3,-4,2,2,4,2,-2,6,1,-1,-3
-99/100,0,0,0,3,0,0,1,-2,6,-5,-1,-7,2,-3,0,6,10,4,-11,-7,-1,-16,-3,1,-1
-49/51,0,0,2,1,-3,2,-2,1,0,6,-9,-2,8,-4,0,-6,-4,-4,1,0,-5,-10,10,-10,-6
-48/49,0,0,-3,-5,0,1,1,1,3,6,10,5,0,6,0,0,0,-13,8,8,-13,-8,12,8,8
33/61,0,0,2,0,0,-5,2,-2,-6,4,-4,-1,6,4,-8,-10,-10,-4,16,-3,-5,-8,-16,0,13
29/64,0,-2,0,0,-1,2,2,1,6,-10,1,5,4,7,4,1,0,8,-14,0,-1,-15,-4,-12,-12
-8/1711,0,2,-2,1,2,6,1,-2,-8,-6,-5,-3,-6,4,0,1,10,8,4,13,-4,-6,2,3,12
-9/1709,0,0,1,-5,2,-5,3,1,6,3,-8,-8,-9,-10,12,3,0,-7,-2,5,-6,13,1,6,8
-16/3419,0,2,0,-5,0,-2,-4,1,6,6,3,-1,12,7,0,4,-7,-2,-14,3,4,13,12,-17,-1
-11/3419,0,-2,4,0,0,-2,2,-2,6,2,4,-5,-9,8,0,-2,-4,1,16,-8,-6,12,14,4,17
-48/43,0,0,2,0,-3,2,-5,-2,-6,0,-9,6,-6,-12,-8,-4,5,-5,-12,3,7,-8,2,-14,17
-50/41,-1,-2,0,0,-1,2,2,1,6,7,-9,-1,6,-4,-8,5,-4,-2,4,-12,-13,13,-12,0,2
-50/43,1,2,0,1,2,6,-6,1,-3,9,2,-8,6,-12,0,-7,7,-8,-12,-4,10,-16,4,10,13
-51/44,0,0,4,1,-2,-5,-8,0,4,3,-1,6,-3,6,0,1,10,-5,-12,4,-8,-16,14,-10,3
103,0,2,2,-5,-3,6,4,1,3,4,1,6,12,-6,6,11,4,-10,-5,-9,7,2,1,-17,14
2226/17,1,0,2,1,0,-5,-2,1,-4,5,-9,5,6,8,2,-10,4,-7,6,0,2,11,-6,-1,14
371/3,0,0,3,1,6,4,3,1,-3,-1,1,-7,4,4,8,-10,6,-8,-8,6,-13,6,5,-8,9
1113/8,0,0,0,1,-2,2,4,1,0,-4,10,-2,-1,4,-1,-10,4,6,-3,0,2,-8,-4,-9,-6
556/5,0,-2,0,1,6,0,3,0,6,4,3,-2,12,12,0,-4,4,8,11,15,7,-16,-16,-7,1
4437/35,0,-3,0,-5,-1,6,-8,-2,-9,-10,2,-7,-3,10,-6,-2,-4,-2,-3,2,4,-4,-3,-10,-18
4435/36,0,0,0,-5,0,-5,3,1,-3,-5,10,-2,2,-10,0,-3,6,8,-12,3,-7,8,11,-3,-7
1110/7,1,0,0,-5,-2,2,-3,1,4,-8,-1,-11,-6,2,-11,-2,9,-12,8,-9,12,-8,-16,6,8
1106/11,-1,2,4,1,-2,-6,2,1,-9,5,4,-2,7,4,0,10,6,8,-11,7,-16,4,10,-1,-6
494/3,1,0,-3,1,4,-7,-5,1,-9,10,-1,6,4,8,-6,1,10,2,14,-8,-2,13,16,0,12
-7020,0,0,0,0,0,-7,4,-2,6,-1,8,-5,8,-9,-10,6,0,-13,8,13,2,10,-1,10,12
-1753,0,-2,-2,-5,4,0,5,-2,6,4,-1,5,10,-4,-2,-6,-7,10,4,3,1,-8,-16,0,-14
-3507,0,0,3,1,-1,1,6,1,1,-7,-9,-2,-3,-10,-6,-2,13,4,2,2,-13,-16,3,3,-12
-7016/5,0,-2,0,0,4,-6,4,1,-3,-5,-4,-7,12,4,-6,-6,0,5,2,-15,-1,-16,4,3,-2
-4213/2,0,2,4,-5,0,-6,-1,1,-8,-2,8,-2,-6,-2,13,-10,-4,5,11,14,-6,11,10,-6,3
-8425/4,0,-2,0,1,-2,1,-5,-2,0,-10,-7,-8,-5,4,0,-2,5,-3,4,0,-1,11,3,-1,1
-8421/4,0,0,2,1,-3,-5,1,1,-3,3,-9,10,0,5,0,6,6,-7,-11,6,7,-14,1,3,1
-8423/2,0,-2,2,1,4,6,-3,1,-3,-5,-1,-7,8,0,-8,-6,0,6,-12,4,-4,-16,-7,-1,8
-4211/2,0,-2,3,-5,-5,6,5,-2,-4,-8,10,-7,1,1,-2,1,0,0,-4,-5,4,9,17,18,-14
-5263/3,0,0,1,-5,-1,-5,-3,1,-3,-4,1,-10,-5,1,-11,-4,-2,4,-3,-12,2,-12,-13,0,-5
-3508,0,-2,2,1,-5,0,5,-2,3,4,-9,10,-6,-6,0,6,-4,8,-12,12,6,1,0,-1,-2
-10527/4,0,0,-3,1,0,-5,3,-2,-9,-10,3,5,2,4,-8,-7,-4,1,8,4,-13,-1,4,-1,-2
-95/47,0,-2,0,1,4,-6,5,1,-4,-4,-9,-7,8,6,3,9,5,-1,2,2,2,1,-4,10,-1
83/2,0,2,1,3,-2,-1,3,-2,3,-1,-9,5,12,4,-6,-3,6,-4,10,0,-9,0,0,-12,-14
2262/19,1,0,-3,3,4,-7,-4,-2,-8,-10,-9,-5,8,0,-10,-2,-4,-10,12,4,12,-6,7,-1,-3
2260/19,0,2,0,-5,-1,-5,-3,-2,6,-4,-1,-1,-3,10,4,0,-4,13,-14,-9,6,-16,11,6,8
2258/13,1,-2,0,3,4,-2,2,-2,6,6,-6,-7,6,2,7,-2,13,2,4,14,-10,1,14,-14,-7
323/2,0,2,1,-5,-1,6,-8,1,1,-7,-1,-3,-6,7,0,6,-14,-1,-14,5,-5,4,-15,10,-6
374/3,1,0,-2,0,0,6,-8,-2,6,0,3,2,-4,-4,-6,-3,-10,-5,3,14,-8,13,-3,6,-2
561/5,0,0,0,3,0,1,-8,1,3,-7,-9,-5,-7,4,6,-6,4,-7,-4,-4,-4,-8,-11,2,0
375/2,0,0,0,1,2,6,-4,-2,-3,0,8,-2,3,4,0,-6,7,4,8,-8,-9,-15,-7,12,11
373/4,0,2,-3,-5,0,6,-3,-2,3,0,-1,-5,-6,-6,7,-2,9,-6,-12,15,-13,-9,3,-14,-10
-119/2,0,-2,2,1,-5,6,-8,-2,-8,9,10,5,-7,2,7,2,-4,10,-12,-9,4,15,-6,-6,14
-89,0,2,0,1,6,0,-3,1,-8,-1,-10,-7,-3,4,12,6,-4,-2,12,8,2,-15,-16,-13,8
-716/9,0,0,2,1,2,2,-3,-2,-3,4,1,-2,-9,8,-1,11,6,-13,-3,16,14,-4,0,-14,2
-45,0,0,0,-5,6,6,-5,1,-3,9,8,6,0,-2,4,6,-14,10,-11,15,0,-9,6,6,1
80/21,0,0,0,-5,0,2,2,1,2,3,1,-3,0,-12,-6,-10,0,5,2,-15,0,-8,7,2,2
79/25,0,2,0,-5,0,6,6,-2,-3,-7,1,-2,0,-2,6,6,0,8,4,0,7,4,-3,3,8
38/11,1,2,-2,1,-2,6,2,1,-6,3,-9,11,0,1,-8,6,2,-1,0,-12,7,8,17,-1,-9
-367/12,0,0,2,-5,4,1,-6,1,6,-2,3,-6,-9,8,0,6,0,-1,2,-8,12,10,-6,10,16
-146/5,-1,-2,0,3,2,0,5,1,-8,2,-1,-6,6,12,-8,-2,0,-3,12,8,-11,-9,-6,3,-19
-729/23,0,0,0,3,0,-1,-5,-2,0,7,-6,5,6,6,2,3,10,13,-8,-12,-2,5,-3,-3,8
-724/21,0,0,4,-5,0,6,-5,1,-8,-10,-4,7,4,1,0,6,-4,5,2,16,14,5,15,10,-2
-728/23,0,-2,2,1,0,-7,-4,1,0,6,-4,-2,-5,4,-8,-6,0,10,-3,-4,4,6,-16,-12,-5
-728/25,0,2,0,1,-2,-7,5,1,0,-5,10,7,6,8,-11,-4,-9,-1,-6,3,-8,13,-4,12,-1
-732/25,0,0,0,1,0,-5,-6,-2,6,0,-4,-11,2,-12,-3,-9,-7,-13,-13,3,-13,4,-9,-8,14
-244/7,0,-2,-2,-5,2,-6,-3,-2,-8,3,-5,10,-6,4,8,1,2,-13,3,15,-4,8,12,-1,3
-93/4,0,0,-2,3,4,-6,5,-2,-8,9,-10,5,4,4,-8,6,-2,1,-13,14,10,15,4,-9,8
-187/7,0,-2,2,-5,0,1,-8,-2,-6,2,-1,-2,7,-1,-6,-6,0,1,-12,-12,2,-4,16,18,8
-63,0,-3,-3,1,-2,0,2,-2,2,-3,1,10,-3,1,-11,6,-2,5,11,-12,-4,8,1,-15,-14
-21,0,0,1,1,-5,-5,-3,-2,6,-5,1,-5,6,-2,-4,-11,-4,6,-2,11,-5,-14,3,12,3
-37,0,-2,0,-5,4,0,2,0,-3,0,-7,-11,-5,-4,4,6,6,13,-12,-12,-7,8,14,-1,-2
-25/129,0,0,0,0,-5,6,-5,-2,-3,6,-9,10,-4,-12,12,-2,-10,6,-4,0,-14,12,0,12,2
-27/127,0,0,1,0,-5,-1,2,-2,-3,4,-1,5,-3,6,-8,6,6,-10,5,13,-7,-9,4,10,8
-23/129,0,0,0,-5,-3,2,-3,0,-7,-2,-1,-7,3,-12,0,0,-14,-10,0,15,5,-14,4,8,-10
-10/53,-1,2,0,0,4,1,6,1,-3,-7,-1,-8,1,10,8,5,2,2,-4,15,-8,-8,-4,2,-8
-55/267,0,0,0,0,0,6,5,1,-3,6,-6,10,0,-1,-6,0,-12,-3,2,-9,2,-8,1,-8,7
-47/268,0,2,4,0,-1,6,3,1,-8,3,-2,-2,0,5,-8,-6,0,4,0,-12,-9,0,14,3,8
-17/90,0,0,0,3,0,-5,-8,-2,-4,-2,4,6,3,7,-11,-9,2,-7,10,6,1,-11,4,18,17
-240/7,0,0,0,-5,4,2,1,0,-3,5,1,-2,-5,8,12,-6,-5,6,11,-4,-13,-15,-4,3,6
-76,0,-2,1,0,-5,0,-4,1,-6,4,8,6,1,-4,-6,-4,-12,-1,-8,3,-13,-16,0,-10,12
-705/16,0,0,0,0,-1,6,-3,-2,1,2,4,5,6,8,-8,0,-13,-11,-12,-1,-13,-9,5,6,9
-709/14,0,2,1,-5,-1,-6,-3,1,-4,-8,10,2,-6,4,10,-2,-2,1,-12,3,-10,-9,3,-14,-2
-59,0,2,0,-5,4,-6,-4,-2,6,0,3,-2,2,2,-6,7,-12,2,10,10,11,-11,-4,-6,-18
-91/2,0,2,2,1,-3,-7,2,1,1,-1,2,-5,6,-10,0,-12,-4,-1,2,-12,2,6,-11,-9,12
-184/7,0,-2,0,-5,-1,-1,5,1,-7,4,10,-5,3,1,8,-14,4,4,-8,4,-9,-8,-10,5,2
8/119,0,2,3,-5,4,-5,-2,-2,6,6,8,8,-9,-4,0,4,1,8,-6,10,-13,8,0,-10,11
17/236,0,2,-2,1,6,0,-8,-2,-4,-8,-9,-7,0,4,0,-2,10,-11,4,-8,-16,-1,-15,12,-7
8/155,0,2,0,0,0,-5,-3,1,4,-3,2,-2,-1,4,8,-6,4,-7,-14,-4,7,8,-15,8,-12
8/159,0,0,-3,3,2,6,1,1,-9,9,-6,-1,2,-4,6,5,0,-11,10,4,10,-14,-5,-14,9
50/49,1,-2,0,-5,6,-5,-4,1,-3,-5,-1,6,0,4,0,-2,-1,1,-13,14,-6,-6,3,-1,12
53/48,0,0,0,3,4,1,2,-2,-3,6,-7,-7,-1,4,12,-10,6,-2,-5,0,7,-1,6,-6,13
49/50,0,-2,0,1,6,-5,-6,1,6,-5,-1,10,10,8,13,3,-4,8,-4,-9,-2,6,-11,-8,1
47/49,0,-2,2,-5,4,-6,-6,1,6,-1,-7,10,-1,9,-8,6,-4,-7,5,0,10,15,4,5,9
-173/8,0,-2,1,1,6,-6,-5,-2,6,4,-8,-7,-5,8,-6,-6,-14,2,4,3,4,-14,2,12,2
-56/3,0,0,-3,1,4,1,-3,-2,1,7,-6,-1,-5,-4,0,0,0,-8,4,3,7,-9,15,10,12
-250/13,-1,-2,0,-5,4,-2,2,-2,6,-5,2,-3,1,4,-6,1,1,-5,-11,3,-13,8,2,8,14
-124/7,0,-2,3,-5,0,6,-4,1,6,5,-10,2,0,-1,0,-7,6,-7,12,-9,4,8,4,-6,-7
-130/3,1,0,0,0,0,-7,-6,0,6,-4,-4,-1,6,-7,-6,-2,-2,8,-2,12,-2,-1,9,-1,14
-59/99,0,0,2,-5,-2,-5,2,1,6,-5,4,-2,-1,-12,0,6,-12,-7,-14,-15,12,0,-3,3,10
-57/97,0,0,1,0,-5,2,-3,1,3,5,-5,-8,-4,6,0,-10,2,8,12,0,-11,-12,-16,6,4
-20/3961,0,2,0,1,-1,-5,-2,1,-9,0,-7,11,8,-3,-11,10,10,-1,5,6,2,-8,-8,-14,-9
-19/3960,0,0,0,1,-2,-1,-6,1,-3,-8,-1,10,-6,-4,-6,-4,-9,10,4,11,-8,5,-4,-12,-2
-38/7919,-1,-2,-3,1,4,6,1,1,3,10,0,7,12,-1,-3,-11,-4,-1,16,-8,-16,-7,-16,8,-9
-9/2641,0,-3,2,1,-1,0,1,-2,6,10,-1,10,7,8,-8,-3,-4,8,4,-9,-11,8,-9,18,-2
-15/2639,0,0,0,-5,-3,-2,-4,-2,4,-6,-10,-2,12,5,-6,-9,6,2,-12,0,-13,0,-11,9,-7
-3/991,0,0,2,0,0,6,-3,1,6,4,3,-2,2,4,7,-4,-11,5,-4,2,10,13,-9,-2,18
-2/495,1,0,0,0,-2,4,3,-2,-9,0,-6,-2,0,-3,-10,7,8,-7,-5,2,2,-9,10,-14,-6
-19/3963,0,0,-3,1,-5,1,3,1,-8,0,1,5,6,7,12,-10,6,6,12,6,-1,8,-4,10,17
-7/1585,0,-2,0,1,-3,6,5,-2,-3,0,6,-3,12,4,-6,0,8,8,2,-6,0,10,2,-16,-18
-37/7926,0,0,0,1,-2,-6,6,-2,-4,-5,-9,-11,0,-4,-11,6,0,0,-14,15,-14,-10,0,0,-2
-37/7928,0,2,4,3,4,6,-3,1,6,2,-2,-11,3,4,-6,-11,0,-10,2,15,14,-4,0,-14,6
104/3,0,0,3,1,0,-7,6,-2,0,-2,-1,-5,12,-4,11,6,-11,0,9,-5,-4,-10,0,-8,8
80/647,0,2,0,0,-3,-5,6,1,-9,-2,3,-7,2,4,0,1,0,-6,-7,-8,-13,-14,6,-6,12
8/65,0,2,0,-5,-2,-2,2,0,-8,-8,-9,-3,-6,8,6,3,-2,2,4,-6,1,-7,-4,1,-5
83/650,0,2,0,0,2,-2,-3,1,6,3,1,10,-3,12,11,-10,-12,6,4,0,7,4,0,-14,0
86/11,1,2,2,-5,-2,-1,2,-2,1,0,-5,-6,-3,-1,-8,1,7,8,8,8,-6,-16,6,-10,8
-1/31,0,-2,1,1,2,-5,-5,-2,-4,3,2,-1,0,-6,-7,1,0,5,-10,13,5,13,-3,-6,-2
1/31,0,2,4,-5,4,-5,5,1,-8,6,2,-1,-5,-4,0,0,7,2,3,5,-11,-6,1,-14,-7
-99/29,0,-3,1,1,0,-6,-3,-2,6,-6,3,-2,-9,-1,-3,-10,-2,-1,-11,-7,2,-10,7,8,8
-94/31,-1,-2,2,1,-2,0,2,1,-8,4,2,-6,-3,9,-8,-6,6,-13,5,4,-8,8,2,10,2
2959/24,0,0,0,-5,0,-1,2,1,-3,2,-4,-7,-7,-7,-6,1,0,10,8,-1,-1,-4,2,-12,-14
423/4,0,-3,-3,1,-3,-5,-3,1,6,-8,-5,-8,-3,4,-8,5,-4,0,-11,-4,-13,11,12,-9,14
1777/15,0,0,0,1,4,4,-3,-2,-3,4,3,-2,-1,8,6,6,2,1,-3,9,10,8,4,-14,-6
1779/13,0,0,-2,1,-3,-2,-1,-2,-3,5,-1,5,-6,12,13,-2,-3,1,10,0,-6,-8,-16,2,-7
2223/17,0,-3,1,1,-1,-7,-2,1,-3,-2,-7,6,2,-2,1,-2,4,5,3,-3,-7,4,6,0,-3
2220/23,0,0,0,-5,0,2,-3,1,0,6,8,-11,0,-6,0,-11,-7,-1,-3,6,11,-4,14,-14,8
1109/11,0,2,1,1,-2,4,2,-2,-3,-1,-5,-5,-4,8,0,6,-11,10,-2,12,2,-15,6,10,8
4445/37,0,-2,0,1,-2,6,2,0,3,4,-6,-8,1,-1,4,6,-12,2,-11,3,2,12,12,-8,-1
4446/41,-1,0,4,1,-2,-7,5,1,-8,-5,1,-7,6,-1,7,-2,0,6,-12,-12,-10,-4,6,-1,2
248,0,-2,-3,3,2,2,-1,0,6,4,-10,2,-7,4,1,3,6,-13,-3,-15,-1,10,12,-12,0
157/2,0,-2,0,-5,4,6,-6,1,-8,-4,2,5,-6,-7,-6,0,9,-3,12,2,14,12,-15,12,-6
315/2,0,0,0,1,0,-5,-3,1,6,-1,10,-6,-6,8,10,-2,0,-1,9,-15,4,12,-10,-10,0
1481/13,0,-2,-3,3,0,-2,-3,1,2,-10,-5,-7,0,-6,-6,0,4,1,5,-9,6,-4,12,-6,10
2967/28,0,0,2,-5,4,-5,1,-2,-7,7,3,-6,-7,-1,0,6,2,-5,-13,-1,2,-14,1,-14,0
1484/15,0,0,0,1,0,2,-5,1,6,10,-1,-7,1,4,-10,-10,-11,-10,5,13,7,-4,2,6,14
-33,0,0,2,1,0,-6,4,1,-3,-2,-4,-8,6,-4,8,2,-13,6,-10,9,5,10,-7,-3,-1
-76/25,0,-2,0,1,-3,4,3,1,6,3,1,-1,2,4,-8,-11,-14,-11,-4,0,-7,-8,-5,1,2
-17/132,0,0,1,3,-2,4,-8,-2,-4,-5,-7,-2,-4,1,0,-12,5,2,2,16,6,13,-4,2,-6
-22/133,1,-2,0,-5,0,2,-3,-2,-3,-8,2,7,1,8,-6,10,-14,5,-11,-12,-6,-8,10,6,14
13/70,0,2,0,-5,2,-7,5,0,-3,-10,-8,-1,6,-6,0,9,2,-2,-2,-1,-14,-14,12,6,-12
367/11,0,-2,-2,1,-2,-5,-3,1,6,6,-1,-6,-1,-4,-8,6,2,-4,2,0,5,-4,10,-6,-3
185/3,0,0,0,0,-2,2,2,-2,6,2,1,-11,-9,4,-8,-2,-12,-5,-14,9,-1,4,12,-14,9
185/7,0,-2,0,-5,2,-6,1,1,6,3,-1,-11,3,12,1,-12,0,-1,-5,6,-5,-8,3,-6,-3
185/6,0,0,0,-5,4,6,5,1,0,-8,-5,-11,-3,4,0,-9,-2,2,2,3,-2,5,-12,-1,2
186/5,1,0,0,-5,-1,-6,-1,-2,-3,3,-10,-2,-4,4,6,6,9,2,-11,16,-13,-14,-6,12,3
188/5,0,2,0,-5,0,-1,1,-2,6,-8,10,-2,0,1,-8,-2,-14,10,5,3,12,5,2,0,-12
-17/247,0,2,2,1,-5,-2,-8,-2,-4,-3,8,5,-3,-4,-4,-6,-11,4,11,-15,-13,-7,-7,-14,-6
-23/249,0,0,-3,3,-2,-5,4,-2,-7,3,-1,-1,1,-10,-8,6,-14,10,0,6,10,6,-16,-15,14
-19/248,0,2,-2,3,2,6,-1,1,-3,-8,2,-3,-1,-9,1,-6,8,2,12,9,2,12,12,-6,6
151/10,0,2,0,1,-2,-6,-1,-2,-4,-10,3,-8,-1,7,2,-2,-2,-1,-6,-12,-8,-8,-16,-10,18
150/7,1,0,0,-5,-5,2,-6,1,-3,0,8,-3,-9,10,-6,6,-4,-13,5,0,0,5,3,0,2
148/7,0,2,2,-5,4,2,-4,-2,6,-5,1,-11,0,9,2,-10,-4,-13,-12,-5,14,10,-10,18,6
365/14,0,2,0,-5,0,2,2,-2,6,-3,0,-10,-4,1,-11,-2,4,13,4,-3,-11,4,1,-3,14
730/29,1,-2,0,1,6,-5,1,1,-4,-6,2,6,4,4,-6,-2,-11,-10,2,-4,-11,-4,-3,-15,-7
733/29,0,-2,0,-5,-5,-6,2,-2,3,-6,-8,-11,-6,-4,-6,9,11,6,14,0,-13,13,3,-10,11
367/14,0,-2,2,-5,4,1,-3,-2,6,7,-2,10,0,-6,-6,-4,6,-3,5,-5,7,-7,-13,-16,2
70/3,1,0,0,1,4,-6,6,-2,6,-2,-9,10,0,4,8,1,-4,-5,12,-9,1,-16,2,3,13
63/2,0,-3,1,1,-3,6,-5,-2,-4,-5,4,10,-1,-4,-6,-7,-2,10,8,6,10,6,-16,-1,-4
-83/27,0,0,4,1,-5,-5,1,-2,6,-1,-9,-8,3,0,-10,1,6,-2,-10,-15,-13,6,0,6,-6
74/47,-1,2,2,-5,6,-6,1,1,-3,-5,-2,-11,7,4,3,-4,-4,2,10,0,11,0,2,-7,-4
64/43,0,2,-3,0,-1,1,-4,1,-8,-5,-9,5,8,-12,-11,3,-2,-2,2,-3,-16,11,14,-1,14
-4/67,0,-2,0,1,4,4,-3,-2,6,-4,-2,11,3,8,0,-4,-4,6,0,2,-11,-14,2,-4,16
-26/405,-1,0,0,-5,-1,-7,2,1,6,-8,10,10,-6,-9,-6,1,0,6,-5,-12,-8,-15,6,-17,-18
-24/407,0,0,3,-5,-2,6,1,1,6,-4,-7,-8,6,8,0,6,6,-4,-11,3,11,-7,0,-13,-2
-5/68,0,-2,0,1,-2,6,-2,-2,-3,3,-7,10,2,-6,4,-3,4,13,-6,-12,-16,-7,-4,0,2
-33/410,0,0,0,-5,0,6,-4,1,4,0,-9,2,6,8,0,-2,-9,-7,4,12,7,-10,-16,12,2
-23/242,0,-2,4,3,-2,0,1,1,-7,-10,-5,-10,6,12,6,-3,4,-10,2,13,1,12,2,1,12
-11/120,0,0,0,3,0,-5,-5,-2,3,3,-9,10,-1,-4,12,1,-12,-11,4,7,-13,-4,-9,-17,8
-5/61,0,2,0,1,-5,4,-3,-2,-3,-5,-5,2,10,-1,-7,-10,10,-4,-8,7,-2,6,-6,-12,10
-19/243,0,0,2,1,-2,-5,2,1,6,6,1,-7,6,8,-6,-4,-9,-10,-2,-12,2,-12,-12,-14,9
-85/4,0,-2,0,-5,0,-5,-8,1,-9,6,-6,-7,-4,7,8,-2,8,0,-10,-9,-13,11,4,-6,12
-93/5,0,0,0,0,6,2,6,1,-3,6,-10,10,1,4,11,-2,4,6,-14,-12,6,6,-16,-8,9
-44/3,0,0,0,-5,0,6,-3,-2,-6,-3,6,-5,12,-7,2,1,4,4,-12,13,14,11,5,8,2
-167/9,0,0,-3,-5,-5,-6,-5,-2,3,-2,-5,10,0,5,-6,-7,-4,-13,-12,4,2,8,14,-1,12
-167/6,0,0,3,1,4,-1,-4,-2,-4,-4,-4,-2,6,12,-6,-12,2,-5,16,5,-11,11,6,-1,1
-81/5,0,0,0,1,0,0,5,1,-6,6,-8,-1,-2,-6,-8,-7,-9,-8,1,-13,-1,1,-12,12,11
2/89,1,2,3,1,-1,6,-4,1,3,4,0,-5,-6,9,6,1,6,-3,-14,-12,2,8,-4,-8,-5
-5/354,0,0,0,-5,-2,6,-3,-2,6,-2,-6,6,-6,8,0,3,10,-11,-14,3,2,-15,-11,0,12
-5/352,0,2,0,0,-2,-5,4,1,-9,-4,-1,11,-7,4,4,6,-4,-8,-3,-12,11,2,3,12,10
-6/79,-1,0,0,-5,0,6,4,-2,0,-5,-9,-2,-7,8,-6,0,2,-11,12,-4,1,-8,-3,12,1
-5/77,0,-2,0,-5,-2,-5,1,-2,6,6,1,5,-6,5,8,-6,5,8,12,-5,-2,8,-5,-15,8
82/25,1,2,0,3,0,-1,-5,0,6,2,2,-11,-4,2,8,6,1,4,-7,15,4,-8,-16,0,-14
81/26,0,0,4,-5,-5,-2,-4,-2,0,-7,-8,5,-1,-6,0,11,0,1,5,5,14,6,2,18,-9
64/27,0,0,3,1,-3,6,2,1,-6,-8,0,8,0,-3,0,-9,6,8,8,3,4,-4,-5,1,-12
69/26,0,0,1,-5,0,-2,-6,1,-7,-4,3,-11,6,-6,6,4,-14,-1,5,-5,14,-9,-4,12,-2
71/28,0,-2,3,-5,6,1,-3,-2,-3,4,-4,-7,-5,-6,0,0,-4,-8,3,-12,10,10,8,-15,14
-29/27,0,0,-3,0,-2,2,-4,-2,6,-10,0,2,-6,-1,13,1,-4,-6,4,-15,-14,4,12,-2,-2
-51/55,0,0,0,1,-2,-1,-8,1,6,-5,-7,-6,-1,7,0,-3,6,-7,4,0,2,-6,-5,0,2
-54/53,1,0,3,-5,4,4,1,1,1,-4,6,6,6,1,-6,5,11,-8,5,4,-4,4,-1,0,-12
66/85,1,0,0,3,0,0,-2,0,3,-2,0,-1,-7,4,-8,0,6,6,4,6,14,10,-10,10,2
71/92,0,2,0,0,-3,-6,5,1,0,7,-1,-1,3,-10,-6,6,-1,-11,-14,-12,2,-16,16,-7,17
74/93,1,0,3,1,2,4,2,0,-3,6,2,-11,3,1,4,-2,8,1,10,5,0,6,-4,10,-6
-105/58,0,0,0,1,0,0,-6,1,-4,-6,3,-3,-4,-10,-8,-11,-10,4,-10,3,-6,-5,16,10,8
21/31,0,0,0,1,2,6,-1,1,-8,-2,2,-2,-7,4,-11,-10,-14,-10,-4,3,-7,5,-16,-12,-12
38/59,1,2,3,0,-3,4,-4,1,6,0,-1,-3,-3,4,7,-10,10,-10,-8,8,-10,5,-10,0,8
2/105,1,0,0,-5,-3,0,6,1,-3,9,-9,-8,8,-4,1,-6,0,2,6,-6,-7,6,0,9,8
-1/106,0,-2,1,1,-2,-6,-3,1,6,5,10,-2,-4,9,-6,5,4,-10,-8,-1,14,11,-4,12,2
-7/101,0,2,3,1,-1,4,1,1,1,3,3,-10,8,7,-8,0,9,2,14,15,-4,-10,-16,-10,7
-66/25,-1,0,0,0,0,2,-3,1,-3,-7,3,-11,12,-6,-7,-2,-1,5,-14,-4,-6,-12,-6,1,-5
-201/2,0,0,-3,0,-3,2,-1,1,-8,4,-1,6,-7,8,0,-11,-4,-7,-5,0,7,0,-4,-6,18
70/59,1,-2,0,1,-5,2,-3,1,-6,-5,10,-7,0,10,0,7,10,4,10,0,10,15,-6,2,2
-151/2,0,2,-3,-5,4,-1,4,-2,-3,-8,-6,-2,0,-9,-8,-14,-4,10,8,-15,14,4,6,-16,17
-149/5,0,-2,0,0,-5,-5,5,1,3,-4,-9,-7,3,-3,0,-6,2,-10,-11,-4,11,-6,1,6,-5
-153,0,0,-2,0,-5,1,-8,1,6,0,-6,-3,-1,-10,-6,-10,-12,8,3,-5,-16,-5,5,2,-3
-154,-1,-2,4,1,0,0,3,-2,3,7,2,-1,10,-6,1,-7,8,1,-3,14,-13,-1,9,-10,8
-7/298,0,-2,0,1,-3,6,2,-2,3,10,-4,-2,-6,12,-4,1,-3,10,-12,-15,0,4,7,-8,8
-14/597,1,0,0,1,6,2,-1,-2,4,-4,6,-8,-3,4,2,0,6,-3,-3,-12,2,-10,2,-14,0
-17/597,0,0,2,1,0,-5,-8,1,-8,0,-7,-8,7,-12,-6,1,4,1,-7,3,-10,-5,10,-1,17
-53/1790,0,-2,0,1,-2,2,2,0,-9,5,-9,-7,-5,-4,3,-10,0,5,5,-1,11,1,5,2,8
-27/896,0,0,0,-5,6,2,-6,-2,0,0,-5,6,6,-4,-6,6,0,-13,8,2,10,8,3,-7,-3
57/2,0,0,0,-5,-5,-1,2,1,-8,3,-9,-5,6,8,12,-6,4,5,-6,-12,-13,5,-5,-4,-14
169/4,0,2,0,1,-5,-7,-3,1,6,-4,10,5,8,-4,0,6,6,-1,-14,-5,4,-1,-7,6,11
100/89,0,-2,0,1,-5,0,-3,1,-3,0,6,-5,7,-10,-6,-2,8,-5,-14,-9,2,-12,6,-8,17
49/44,0,-2,4,1,-2,0,-1,1,6,4,1,10,-4,-4,-6,-10,7,-2,-13,-15,10,10,0,1,2
89/47,0,2,-3,0,-3,1,3,1,-4,9,1,-7,6,4,3,7,10,5,11,-4,-9,-8,6,-13,17
85/41,0,-2,0,1,-5,2,-8,-2,2,-3,-2,-8,6,-2,0,-3,-4,-4,4,13,2,-1,-11,-1,12
85/43,0,2,0,0,-2,-5,-8,-2,6,-2,-1,-2,-7,-12,8,6,-5,-10,5,-15,-13,6,8,-15,10
-13/45,0,0,0,-5,0,-7,2,1,-3,4,10,-2,-9,9,-10,1,6,-6,16,7,4,-6,1,10,8
-10525/3,0,0,0,0,0,-6,2,-2,-8,7,-5,-5,-5,-9,2,-2,6,-4,8,-3,-14,6,-10,-2,-6
-10526/3,-1,0,-2,3,-3,2,3,1,6,10,0,-1,-1,10,13,9,-4,-1,8,4,8,-11,2,-10,-13
-21049/6,0,0,4,1,6,-5,-3,-2,3,-2,-10,10,-1,-4,6,-12,6,6,-10,14,-13,-14,8,-12,8
-21047/2,0,-2,2,0,0,-7,-3,1,-4,-10,2,-2,-3,4,0,11,1,0,-10,8,-11,-8,0,-14,8
-21046/3,-1,0,3,0,6,-1,-8,1,-3,6,2,11,2,12,11,6,6,-11,2,-12,-2,8,9,18,8
-278/27,-1,0,0,-5,2,-5,-3,1,3,2,1,10,-6,-12,0,-2,4,10,-14,13,7,-8,12,-15,8
-139/12,0,0,2,3,-3,-1,-3,1,-8,6,-1,-5,7,6,-6,-4,-4,13,-14,-3,-2,-1,2,-12,18
-275/21,0,0,0,-5,0,1,6,1,3,0,3,8,-3,5,-11,11,-11,-7,-11,-15,2,-4,3,3,-7
-272/23,0,-2,0,-5,-2,-5,-8,1,0,-8,3,-6,1,2,-6,-6,0,-11,-14,8,-13,8,12,-14,2
-553/43,0,-2,1,1,-2,-5,3,-2,6,-2,3,-7,-1,-12,6,11,0,8,4,-1,-5,4,0,18,-6
-556/43,0,-2,-2,-5,2,-5,-1,1,-3,10,-9,-1,8,-12,0,-2,-1,-6,-8,14,-10,13,6,-6,-12
-47/4,0,2,3,-5,-1,4,4,1,-8,10,-9,-5,-3,10,-8,6,5,8,-4,0,-2,-14,15,12,12
-183/16,0,0,-3,3,-2,-5,-3,1,-3,2,6,2,0,4,-6,-2,0,-13,-12,-12,2,13,10,18,-1
-184/17,0,2,-3,-5,2,-6,-2,1,-7,-2,-1,-11,0,-6,-7,-9,0,1,12,8,-1,6,6,-1,0
1693/12,0,0,2,-5,6,2,5,1,-3,9,1,11,-6,6,-1,5,2,10,-14,3,11,8,-6,8,17
1691/12,0,0,3,-5,0,6,6,1,-3,-5,-10,5,0,4,-6,-14,0,13,-2,-12,-16,-15,2,-13,1
127/6,0,0,2,1,-5,-6,1,1,6,-8,4,-2,4,-7,-3,-4,-9,-4,-3,-9,7,-14,-1,-6,-12
129/2,0,0,0,-5,-3,-6,2,-2,3,0,10,-7,3,-1,0,-6,10,8,5,6,0,8,2,6,-6
3387/23,0,0,1,3,6,0,6,1,0,4,1,-7,10,-2,0,10,0,5,-11,6,-11,-16,4,-6,-8
2257/15,0,0,0,3,2,-5,-6,0,4,3,3,-11,-7,-4,3,1,0,-13,-8,-8,-13,-16,-16,-17,2
6766/45,-1,0,0,1,-5,2,-8,-2,-9,-4,-5,-8,-1,1,2,6,-14,-1,-11,0,-16,11,4,6,-14
3383/25,0,-2,0,-5,-1,2,-8,1,-3,-5,-1,10,8,-3,-6,-10,0,1,11,-8,-16,8,6,2,-2
141,0,0,0,0,0,4,2,1,-8,-2,8,-6,-6,-12,-8,-3,8,-10,2,-8,10,-1,-3,-1,17
150,-1,0,0,3,4,6,2,-2,1,-4,-9,10,0,8,6,-2,-4,6,5,-12,-6,6,-9,18,1
148/3,0,0,0,-5,0,-6,-3,1,3,4,-1,-11,-7,6,-6,-2,0,1,-13,-1,-11,-8,-16,6,-7
1129/8,0,-2,0,1,4,1,2,0,2,6,-8,10,0,-3,12,-6,0,-10,-2,-12,-4,13,2,2,-2
1693/11,0,-2,0,-5,-2,-5,-3,-2,6,4,-9,-5,6,8,-10,3,0,1,4,-8,2,12,0,-4,-2
213/2,0,0,1,-5,-1,-1,-3,1,-8,-4,-4,2,-5,10,0,-2,0,-2,8,-12,-13,9,-6,-15,-6
425/2,0,2,0,1,0,4,-8,-2,-8,-3,3,-7,4,-10,2,-2,4,0,12,-15,7,-16,2,6,8
3394/25,1,2,0,-5,-1,6,6,1,6,6,-9,10,-9,-10,-6,-12,0,-13,4,6,-2,-7,-4,18,-1
1699/16,0,2,2,1,-5,1,4,-2,3,0,10,-5,0,-3,0,-4,-14,-10,-14,4,14,8,-4,6,13
1695/13,0,0,0,1,2,-2,2,1,-8,4,-10,-2,6,12,10,-14,-13,0,-14,2,-5,10,4,-17,10
1694/13,-1,-2,0,1,0,-2,-1,1,6,0,1,-7,-6,-2,7,6,10,13,14,-9,-4,12,15,12,-1
1697/11,0,2,0,1,-2,1,-4,1,6,-2,10,10,0,4,6,6,-4,0,-12,-15,10,8,3,2,2
-70/61,1,-2,0,1,-2,4,-1,-2,-8,-2,-1,-1,-6,4,-8,-2,-12,-4,-10,6,-4,12,10,0,-7
-73/56,0,2,2,-5,-3,4,3,1,6,6,2,10,-6,-6,-6,-9,4,-7,5,9,-11,-6,14,-10,11
60/59,0,0,0,1,-3,1,3,-2,-8,-7,3,5,-6,-10,12,6,10,4,4,3,2,-16,4,-6,2
-281/22,0,2,0,1,-2,0,2,-2,-3,6,-1,7,-5,4,-6,-11,4,8,-4,5,-8,-7,0,-3,7
-94/7,-1,-2,-2,-5,4,6,-5,-2,-8,0,-1,10,10,2,-8,-11,-1,-13,2,-4,-13,4,12,10,11
-25/2,0,2,0,-5,-3,6,-3,1,-4,-7,3,-1,6,4,7,-2,-7,6,4,16,4,12,8,-14,17
-172/9,0,0,2,-5,0,-5,-3,1,-3,-8,-5,-7,-1,-1,0,6,0,13,12,0,11,8,2,-8,-5
-171/8,0,0,0,-5,-1,1,-6,1,-6,-2,-4,10,0,2,-6,-2,6,10,-10,16,11,13,6,10,-6
-507/17,0,0,1,1,0,-7,-2,1,0,-4,3,-2,6,-2,-11,-2,-5,13,-2,-3,10,-6,12,-6,-14
-10/357,-1,0,0,-5,0,6,-2,1,-8,6,3,-2,0,1,-7,-2,-11,4,-12,3,14,10,3,6,-3
-1/145,0,-2,0,-5,4,-6,5,-2,-3,-6,-4,-7,0,12,-6,3,-12,1,8,-9,-16,6,-6,0,10
-7/144,0,0,-2,1,-3,-6,2,1,6,6,-9,10,0,7,-3,-14,-2,13,8,-9,5,1,6,1,10
1/74,0,-2,1,1,4,1,2,1,4,7,-9,-8,-6,-4,0,1,6,2,3,-12,-16,-16,14,-7,9
1/72,0,0,-2,-5,-1,0,-3,-2,6,-1,-4,10,-5,10,13,-2,-5,-4,-13,2,1,-4,14,12,-1
-2/115,1,2,0,-5,-3,2,-4,-2,0,-7,-1,10,-1,4,-3,1,7,-1,14,6,-16,-8,3,2,2
-22/43,-1,-2,4,1,0,2,1,-2,-3,6,-2,-2,-4,-12,-3,-12,0,13,0,13,2,-5,5,-6,-2
-44/83,0,-2,3,1,0,6,2,-2,6,4,1,-6,-6,1,-1,1,1,5,-7,8,-2,5,-16,-12,-7
-7/13,0,-2,0,1,-1,-2,-5,-2,-8,-3,-5,-2,-1,8,13,6,6,1,5,4,4,8,-4,6,-10
-22/41,1,2,-2,0,0,0,-4,1,-3,5,-10,10,6,7,-6,1,0,-13,8,6,7,11,-13,8,-9
92/43,0,-2,1,0,4,2,2,-2,-7,3,10,-2,-6,-12,-8,0,11,-8,8,-4,-2,-16,4,-6,18
13/23,0,-2,4,3,-1,-7,2,1,0,6,1,10,-6,1,0,3,6,1,14,13,-1,-1,14,0,-5
73/86,0,-2,3,-5,-1,2,2,-2,3,3,-7,-2,6,-12,13,0,0,-11,8,9,-11,13,12,9,10
74/87,-1,0,0,1,-2,2,2,1,-4,-6,-4,-11,2,12,0,-10,9,4,-11,-12,-6,-15,12,-1,0
7/31,0,2,-2,1,-1,-5,-4,1,-8,-10,2,-2,4,10,-4,-2,4,10,1,14,12,-4,2,18,10
24/95,0,0,0,1,4,-6,3,-2,6,5,3,-2,-6,-6,-8,1,7,-2,8,2,7,-4,12,6,-12
6768/49,0,-3,3,-5,4,-6,3,1,6,-7,-10,-7,7,-4,-8,-14,-4,-1,4,8,-4,4,4,1,1
6771/49,0,0,1,-5,6,-5,-5,-2,-8,0,1,-11,-1,-9,0,6,-7,-13,4,0,6,8,2,10,9
3384/25,0,0,0,1,2,-1,5,-2,-3,-3,-7,2,-6,2,-8,-4,-11,6,4,8,-10,-15,0,2,2
81/100,0,0,0,1,-3,-1,-6,0,-3,-2,4,5,6,9,6,5,-7,-10,-4,-12,-8,-8,-16,0,-18
82/99,-1,0,3,-5,-2,6,4,-2,-3,-7,-2,-11,-4,10,0,-9,4,-2,9,-12,-14,-6,3,-15,-3
-21/272,0,0,3,1,4,-5,-2,1,3,-4,3,-11,7,4,-6,11,-12,-7,12,5,12,6,14,12,-1
-21/271,0,0,1,1,0,-5,-3,-2,6,-3,-1,2,8,2,11,-4,8,1,6,-3,-16,10,-10,-8,6
-20/273,0,0,0,-5,6,-2,2,1,-4,-5,-2,-7,-3,-1,0,-10,-7,-12,4,-9,-13,-4,5,-3,3
-19/269,0,2,1,3,4,-5,6,1,2,2,-5,-11,-6,-4,1,-3,5,-1,3,0,-6,6,-3,9,8
-20/271,0,2,0,3,4,2,2,1,0,-1,10,5,8,9,0,-11,-5,-6,4,6,-10,0,-9,-6,8
-22/273,1,0,0,-5,0,-2,6,1,-3,5,-1,-7,6,-4,8,-4,0,4,2,-1,-9,-1,4,-15,0
-5/124,0,2,0,1,-1,1,3,1,6,5,2,10,-5,-6,8,-6,11,6,-10,8,4,8,10,-12,-6
-106/63,1,0,0,-5,2,2,5,-2,6,-7,10,10,6,10,7,-10,5,13,6,-15,6,-15,16,-1,18
-48/29,0,0,0,0,-5,2,-3,1,-3,-6,-2,-1,-5,7,1,-6,-3,10,12,0,7,-10,8,18,8
-97/60,0,0,0,1,4,-1,-1,1,-8,-3,-6,7,10,-12,0,-10,-2,-11,12,5,-13,10,16,6,8
-70/33,1,0,0,1,-2,1,-6,-2,-6,-8,-9,7,-3,8,12,-4,0,-2,8,8,-14,-15,-4,12,-10
-70/31,-1,-2,0,1,-1,6,6,-2,-4,2,2,-11,-9,-1,3,6,-4,1,16,5,10,-8,3,-10,-2
75/82,0,0,0,0,-3,-1,-4,-2,0,3,-9,2,6,6,-3,-4,0,-5,-4,0,2,8,-3,0,8
337/6,0,0,0,1,-2,0,-3,1,4,5,-1,10,-7,-4,0,0,0,-1,12,-12,8,4,-5,-14,8
1012/17,0,-2,0,1,0,-6,-2,-2,-7,6,3,-5,-2,-7,0,3,6,8,16,-9,-13,12,-16,-12,-1
-103/62,0,2,4,-5,-5,-5,2,1,6,-2,2,-11,12,0,6,6,4,-10,-10,2,-5,-11,16,-8,2
-307/5,0,2,0,3,0,2,-1,-2,-8,3,-9,-7,0,8,-8,-12,13,13,11,9,-13,-6,2,-10,3
11/32,0,2,-3,0,0,-5,2,-2,4,2,3,-7,-6,10,10,-6,2,-3,8,6,7,9,12,-10,-1
19/63,0,0,0,-5,-5,2,2,1,-6,-1,10,-2,12,8,4,-2,9,6,-8,12,-14,-16,-3,9,8
-16/943,0,-2,0,0,0,6,5,1,0,-8,-7,-3,6,5,-4,-10,6,1,4,8,2,-4,2,-7,9
67/13,0,2,2,3,2,-2,-3,-2,4,2,-4,-2,-7,-4,-11,11,-10,8,-5,-4,2,13,6,10,6
-14/949,1,2,2,1,6,-2,3,-2,-3,0,-9,-2,6,0,-6,-10,11,-8,-14,4,-6,-6,-16,3,14
-17/947,0,-2,2,1,4,0,-8,1,-3,6,1,10,1,-1,7,6,-14,-1,3,8,-1,-4,4,6,-1
-59/39,0,0,1,0,-2,-2,6,-2,-3,-8,3,2,8,-1,0,6,-12,-4,4,0,2,12,0,9,-1
81/94,0,0,1,1,0,2,-4,-2,2,-3,10,-2,-6,4,3,-11,6,13,10,8,14,5,12,12,17
6/109,-1,0,2,-5,4,-1,-3,-2,-4,-3,3,-10,2,-1,-6,-6,0,-5,3,-9,2,8,5,0,5
4/111,0,0,2,3,-3,-5,-3,1,-4,-4,-1,-8,0,4,-7,-9,-5,-3,-14,-12,2,-12,9,-4,2
2/27,-1,0,2,-5,4,0,1,1,1,0,0,-7,0,8,8,-14,-9,1,-3,6,6,-16,16,-6,17
51/2,0,0,0,0,0,-6,-8,1,4,4,1,10,-6,-1,4,0,-2,-13,-14,-12,11,-6,-9,-12,-9
95/7,0,-2,0,-5,-5,-5,3,1,3,-8,10,-2,0,-9,-6,-10,6,4,11,0,4,-8,0,-9,-10
24/35,0,0,0,-5,-5,6,1,-2,6,-2,6,-7,0,4,0,-12,4,-1,5,16,2,10,4,-14,-5
-74/87,1,0,-3,0,0,6,2,-2,-3,-6,-6,-11,-6,-12,-8,6,0,8,10,3,10,8,2,-12,-12
48/37,0,0,1,3,-5,0,3,1,6,-4,-1,-8,-4,6,8,11,-14,5,8,-9,12,5,-12,0,-18
-23/36,0,0,3,-5,4,6,2,1,-7,-4,-1,5,12,5,13,-2,0,6,5,6,2,-16,3,-1,-19
-49/72,0,0,-2,1,-5,-6,-4,-2,-4,4,1,-1,8,-4,-10,1,2,8,-14,3,0,11,9,5,14
-51/71,0,0,1,-5,-2,4,-8,-2,-3,-4,0,-2,0,-12,8,-10,7,10,11,4,11,15,-4,6,2
-29/45,0,0,0,1,-3,-6,-6,1,2,-10,-5,8,3,8,-6,11,7,5,-3,8,2,-4,2,18,17
-61/91,0,-2,1,-5,0,-2,-3,0,-3,0,0,-5,6,2,0,11,-9,-13,-14,7,-11,-4,-6,-17,14
-31/40,0,-2,0,-5,4,-5,-4,-2,-3,9,-10,10,-1,-3,-6,-3,-12,10,4,2,12,-4,-4,-12,3
-27/44,0,0,2,-5,-2,-5,3,1,6,-2,8,-8,8,8,6,1,9,5,2,2,0,6,4,12,14
-29/26,0,-2,4,-5,-5,-2,-1,1,-8,-10,3,-1,8,2,-4,-7,-12,-11,14,-3,-6,-14,12,-1,-2
-17/541,0,2,0,1,0,-6,-8,1,1,6,2,-7,3,-9,1,-4,6,2,-3,-13,-13,-14,-13,-14,2
-20/541,0,2,0,-5,-5,-5,4,1,2,-7,3,-8,-6,-4,0,1,6,-2,4,0,4,13,-4,10,13
-1/90,0,0,0,0,4,2,-1,1,1,3,-8,-6,-6,-9,-8,6,0,-5,-12,8,7,4,7,-9,-18
-43/78,0,0,1,1,-5,-2,5,-2,6,-5,2,-2,12,-1,-6,-9,10,-10,9,12,11,4,1,10,-18
-43/79,0,-2,-2,3,2,-1,-1,-2,-8,0,1,-2,4,-1,12,-11,0,10,-12,-15,-9,-8,-16,18,9
-41/80,0,-2,0,-5,-5,6,5,1,-3,10,-9,-11,-4,-7,1,-10,-4,-1,-12,-4,2,11,6,12,13
55/49,0,2,0,-5,0,6,5,1,-8,10,-1,-7,-6,4,-1,-4,-12,4,5,-9,6,-8,-1,-14,-2
53/51,0,0,2,1,2,6,-2,-2,2,0,-4,-2,-3,-12,0,-10,6,13,4,-12,-2,-16,-3,8,-2
-55/98,0,2,0,-5,0,6,4,-2,6,-3,-1,11,0,10,0,-10,-4,-2,-11,3,2,1,-4,-4,11
-29/48,0,0,0,0,-5,-5,-3,1,-4,-10,-1,-1,-1,4,-6,-2,1,-5,8,4,-6,-8,-3,12,-6
37/2,0,-2,4,0,-1,6,-1,1,3,-2,3,-11,-9,4,-8,-2,0,-10,8,5,-2,-14,12,10,8
-399/4,0,0,1,1,-1,2,5,1,-8,0,2,10,0,4,12,1,13,8,5,-5,0,8,-6,-3,17
-403/8,0,2,2,3,2,-7,1,1,6,-2,-10,-5,1,-2,-4,-6,6,-5,8,4,4,8,-3,18,18
-200,0,2,0,3,0,-5,-3,1,3,5,8,-7,-6,9,-6,0,-11,-3,12,4,6,5,6,12,14
-50,-1,2,0,1,4,0,4,-2,-9,-5,3,-11,8,-10,0,1,11,-4,-14,-3,12,-15,-10,-9,2
50/53,1,2,0,1,0,4,-3,1,-8,3,-1,-2,-1,2,-8,5,-9,-1,8,4,14,6,3,3,1
108/103,0,0,0,1,4,-1,-5,1,4,3,8,-2,-1,-10,-8,6,7,-11,10,14,11,5,4,-6,11
107/105,0,0,0,-5,4,1,-3,1,6,3,-9,10,10,-1,8,0,0,4,-14,-9,-11,-1,6,6,-9
-31/25,0,-2,0,0,0,-5,5,-2,-9,6,-10,10,6,7,-8,1,-1,-4,-3,14,-5,4,4,-10,13
19/288,0,0,0,-5,-3,1,5,1,-3,-4,-5,-6,-3,-4,7,-10,-9,13,12,-1,4,15,15,-3,16
57/863,0,0,2,-5,4,2,1,1,-4,-2,2,2,6,-10,-11,-2,-4,2,0,-15,-5,-9,8,6,-2
-21050/3,1,0,0,1,4,6,-1,-2,2,4,1,8,6,8,4,11,-12,-7,4,7,5,9,3,6,-2
-21052,0,-2,-3,-5,-1,-5,5,1,-6,-7,-4,8,-7,-6,-1,6,-9,-12,14,-15,-1,-4,12,2,9
-21051/2,0,-3,-3,1,4,4,-5,-2,-4,4,1,8,8,12,-4,1,4,-6,-13,-3,12,10,3,-1,8
-40/93,0,0,0,0,-2,-6,6,0,2,5,2,-1,2,-4,10,0,-3,10,4,-12,-6,6,-11,6,-7
-13/32,0,2,0,1,-1,-7,5,1,-9,6,10,-5,1,4,-1,1,-12,10,5,-12,0,11,16,-16,2
-14/943,-1,2,0,1,-5,4,5,1,0,4,10,-6,6,-10,7,-3,-14,8,1,-12,-13,11,-16,9,-6
-3/236,0,0,0,-5,2,-5,-1,1,3,0,-1,10,-4,-4,0,-11,10,13,8,15,-2,-16,5,-14,-14
-10/949,-1,-2,0,0,-3,-2,-4,-2,2,2,6,-2,-6,7,0,-6,6,10,6,13,-6,-15,1,-6,-14
-5/318,0,0,0,3,4,2,4,0,3,-4,3,-7,12,-4,6,5,2,-1,8,-4,-13,5,12,12,-6
-4/319,0,-2,2,1,-2,-5,4,0,-3,-6,3,-3,-6,4,-6,-6,9,-7,-14,-12,4,8,4,2,18
-18/289,-1,0,0,-5,4,6,-2,1,3,-10,1,6,8,1,-11,-2,5,13,-3,-15,11,12,9,18,-5
-13/289,0,-2,-2,-5,-2,-7,-2,-2,-4,9,-1,5,-6,-10,0,-4,6,-6,6,15,-14,15,-4,-1,3
-4/73,0,-2,0,0,-5,-6,-5,-2,-4,0,-7,-8,-6,4,0,4,-7,-11,2,-13,-6,12,-12,12,-2
-2/55,1,2,0,1,-2,-5,-3,0,6,7,10,-8,0,8,-6,0,-14,2,4,13,-13,13,4,-1,10
-15/11,0,0,0,-5,-2,2,5,1,3,-2,-2,10,12,-1,4,6,6,1,5,-3,-13,6,0,18,-5
-65/44,0,-2,0,1,-2,-7,-6,1,-8,6,-9,5,-2,8,12,3,-12,-4,-11,5,5,1,3,2,17
-1991/3,0,0,2,1,0,-5,2,-2,3,9,-1,11,1,-4,4,6,4,-3,5,-8,14,10,-4,9,-4
-664,0,-2,0,0,4,6,3,0,-8,5,10,10,-2,0,0,-2,4,8,8,-6,-16,1,0,10,-6
7/30,0,0,0,1,4,-5,5,-2,-3,6,-2,7,-6,8,-10,-6,-14,2,8,-15,2,-4,0,-1,9
19/88,0,2,0,3,-2,4,6,1,-3,3,-8,-8,10,12,0,-6,-2,5,-5,3,0,10,-15,-12,-3
19/216,0,0,2,1,0,-5,2,1,-4,-8,3,-2,-9,-10,-8,6,-2,10,4,14,-4,-16,9,6,8
-11/269,0,-2,4,0,0,-6,5,1,6,-3,-4,-5,-6,10,6,-4,0,2,4,6,-4,-6,-5,-9,5
-11/266,0,-2,1,-5,0,-1,3,-2,6,0,-1,-7,-7,-1,-2,6,-3,8,-4,0,-13,-6,-3,10,2
62/863,1,2,1,3,0,0,-1,-2,-3,4,-10,7,-1,6,0,6,-12,8,2,6,2,8,4,-6,1
3/41,0,0,-2,-5,6,-5,5,0,0,6,-1,-5,6,4,0,5,9,-1,-10,6,-11,0,-16,5,10
-1/47,0,2,2,-5,4,-5,-3,1,-4,-5,-4,10,-3,-9,3,10,4,-3,9,4,-4,8,12,3,14
-2/79,1,2,-3,1,6,4,-5,1,-3,6,-5,10,4,12,0,-14,0,-1,12,8,4,-8,-4,6,0
1/376,0,2,2,3,2,6,-4,-2,-8,0,-1,-1,1,-3,3,-11,-4,0,0,0,-14,-8,-12,-14,8
-3/376,0,0,-2,-5,-3,1,1,1,4,5,2,10,2,-12,3,6,-12,6,3,-8,-1,4,1,18,8
-8/1869,0,0,3,-5,0,6,-3,-2,4,6,6,-2,0,5,12,9,-4,-6,-2,10,-11,-6,-7,-8,10
-13/1870,0,-2,0,0,-2,-7,-2,1,6,-8,-1,-5,-4,-1,12,-6,6,-4,-8,-9,4,1,-4,-1,-12
-8/1871,0,-2,0,3,-2,-5,-4,1,-4,9,10,-5,1,2,-6,-4,6,1,8,4,-8,6,3,0,-10
-10/1871,1,2,0,1,-5,2,1,0,-6,0,4,5,4,1,3,-10,-9,4,-12,8,2,-10,15,-6,13
-13/1875,0,0,0,1,-3,-7,5,1,-4,10,-9,6,-1,8,-8,-6,0,-6,3,-1,-1,8,-15,18,2
-3/625,0,0,0,1,4,2,2,-2,-3,-1,10,-5,-6,-2,-10,-12,-3,5,2,8,4,-8,1,4,-18
-1/75,0,0,0,-5,2,-1,6,0,-9,-5,10,7,1,-1,12,0,-9,13,8,8,-7,-11,12,-12,2
-304,0,-2,4,-5,-3,-5,-6,1,6,6,6,6,-3,4,0,-2,-5,10,5,-15,2,-6,-4,-1,-8
-604/5,0,2,0,0,0,-5,2,1,6,4,-4,-2,0,5,8,6,11,-4,0,6,6,-14,9,18,-6
-202,-1,-2,-3,0,4,-6,-6,-2,-3,4,0,-7,3,-1,-2,6,0,-10,4,-5,-2,8,8,1,-10
-7/268,0,-2,2,1,-5,-5,-5,1,-8,0,-9,-6,8,4,-8,-11,11,-3,0,6,-5,11,-6,-15,-7
-97/6,0,0,0,1,-3,6,5,1,-8,-5,-1,11,-6,5,0,6,13,0,-6,2,6,-16,-3,-16,8
55/48,0,0,0,0,0,-1,-1,1,-6,0,4,-2,-7,7,-6,6,-1,8,4,-9,2,12,12,3,-8
29/23,0,2,-3,-5,4,6,-6,1,0,-10,-1,11,4,2,0,-9,-5,-10,-3,4,-11,-16,0,6,6
35/32,0,2,0,1,0,-5,-3,-2,-3,-7,-10,-6,4,-9,-3,6,-14,-5,4,-12,0,-16,-16,8,-10
106/95,-1,-2,0,1,-5,6,2,-2,-4,-4,-1,6,-6,8,-8,-10,0,-7,4,-12,-10,-15,-16,6,17
111/94,0,0,1,1,-1,4,4,-2,-8,7,10,-11,12,6,3,-14,-4,-11,11,-5,-6,12,-16,-7,-2
-47/52,0,2,2,3,-5,-2,-3,-2,-9,5,-1,-11,-2,4,-8,7,-4,5,4,3,-8,6,4,1,11
-24/25,0,0,0,0,-2,4,2,1,3,-4,-10,10,-7,6,-11,6,-7,-5,-8,8,-8,0,15,-3,1
-42/53,-1,0,0,1,6,2,-3,0,-8,7,0,10,-6,-1,10,5,0,8,10,15,4,-10,-4,-1,6
-45/53,0,-3,0,0,2,6,2,1,6,0,-5,10,0,-6,-11,5,-3,5,10,9,2,-8,-3,12,-9
-44/51,0,0,4,1,0,-5,-2,0,-3,-1,-10,10,-6,8,0,-9,10,2,14,14,-13,-14,0,10,-2
-89/105,0,0,0,-5,0,0,-1,1,6,4,-8,-2,-4,2,6,3,-7,10,-3,10,-7,-9,4,-13,8
-86/109,1,2,4,3,0,2,6,1,-4,-2,-1,-1,-6,-1,-6,6,5,10,-2,4,10,-9,-1,-16,-5
-67/86,0,2,2,-5,2,1,4,1,-3,0,-1,-5,-6,-12,-4,-10,-11,8,-5,3,-13,6,-10,-1,9
-92/89,0,-2,-2,-5,4,6,5,1,-7,-5,1,-2,-7,-2,6,4,0,-10,10,-1,0,-8,-16,-8,-2
-93/89,0,0,0,0,2,2,5,1,6,-8,-10,-5,6,-12,0,1,-5,2,12,5,-2,10,3,-8,-13
-91/88,0,-2,3,1,-2,-7,5,-2,-8,-2,3,-8,-3,-10,0,6,4,4,0,4,0,8,14,0,-1
-47/44,0,-2,-3,0,-2,2,2,1,1,6,-7,-7,-9,-3,-8,6,-9,1,4,6,2,-6,3,-8,-2
-99/86,0,-3,0,3,0,6,2,-2,-3,-5,1,8,1,-12,-10,11,6,6,5,7,-6,6,-7,-6,-5
1/157,0,2,3,-5,-3,2,-3,1,-8,-5,4,5,0,4,-7,-4,6,8,-14,3,-14,8,14,18,3
152/7,0,-2,0,-5,2,-5,6,1,6,4,-10,11,10,5,-6,0,-4,13,6,12,-14,13,-16,6,14
151/9,0,0,2,1,4,4,-3,1,0,7,3,-7,0,-12,3,-7,-4,-2,-10,2,-11,-14,3,-12,14
-68/387,0,0,0,0,6,2,-8,1,-8,0,3,5,-3,-12,0,10,0,-11,2,-5,4,-16,6,-12,-3
-71/383,0,-2,0,-5,0,6,5,1,2,6,-6,5,-2,8,4,-2,-12,-5,-4,-12,-13,0,10,-8,1
-34/193,-1,-2,-3,1,0,-5,-8,-2,-3,6,-10,-2,0,-4,-8,0,-1,-5,4,16,4,-15,2,10,-14
71/5,0,2,0,3,-5,-1,-3,1,-3,7,-1,6,1,4,-2,1,-13,2,-12,-12,-13,-9,-4,-14,1
742/31,1,2,3,1,-2,-5,-6,1,6,2,2,-8,6,-6,-10,-10,5,-11,8,8,-2,0,-16,12,-9
741/29,0,0,1,1,6,-7,5,1,-4,-6,8,5,10,6,0,6,0,0,-7,8,-4,6,-15,-6,9
-2/569,-1,-2,2,1,0,-5,-3,1,6,4,-4,-2,6,-6,6,-6,-9,1,11,-13,-9,-15,-3,-6,-6
-4/1139,0,2,2,1,-2,-6,-2,1,-3,3,4,-5,-6,12,0,6,-13,-10,0,-6,-14,6,17,6,17
-14/291,-1,0,4,1,2,-5,-1,1,-9,6,-10,-7,-6,-4,-6,6,13,10,-2,-13,11,-15,-8,-10,4
-5/97,0,2,0,-5,0,2,4,-2,-4,3,-1,-2,0,1,8,-4,0,-10,12,-12,2,-16,-3,12,4
-14/295,-1,2,0,1,4,2,-4,-2,-3,5,3,2,-4,12,0,-6,10,8,-11,-15,8,12,-3,6,18
31/57,0,0,-2,3,6,2,-3,-2,3,-1,-10,5,6,-10,0,4,-14,8,-14,4,7,-1,12,10,3
15/28,0,0,0,-5,0,2,-5,1,-8,3,-9,5,-7,10,11,6,9,0,-2,-13,4,4,4,1,-2
17/31,0,-2,3,0,0,-6,-8,-2,-3,2,2,-6,0,4,-6,-2,-9,8,8,10,4,-7,12,9,-2
88/73,0,2,4,1,0,4,-3,1,-4,-7,-1,5,0,1,0,-3,7,-3,4,0,-6,11,4,-9,12
87/70,0,0,0,-5,0,6,4,-2,6,-10,2,-1,3,12,8,-6,-12,8,-10,5,8,4,6,18,18
-101/31,0,2,1,1,-5,4,5,1,-9,6,2,5,1,-12,0,9,-9,-10,-13,5,-11,-16,0,1,12
-17/540,0,0,0,-5,4,-5,-8,1,3,7,-9,10,12,-10,1,1,4,1,-2,-12,12,-15,6,10,-7
-17/537,0,0,2,-5,-2,6,-8,1,6,-3,-1,-2,1,5,0,6,0,1,4,10,6,5,-16,-10,-5
-25/21,0,0,0,-5,-2,-5,5,1,-3,3,10,11,8,8,4,3,-2,-12,-12,7,8,15,3,6,18
-71/62,0,-2,2,0,-3,0,-4,0,-4,-2,2,-7,-7,4,0,-6,-2,8,-12,-12,-11,10,-1,1,2
-35/32,0,-2,0,1,-1,-5,-4,1,4,-1,-9,10,0,7,-6,-4,6,-6,12,-8,4,6,-3,-6,8
-35/33,0,0,0,1,-2,-5,4,-2,6,9,-4,10,-4,-4,-4,-3,9,2,10,0,-4,-8,15,12,-1
-100,0,-2,0,-5,6,-5,-6,-2,-3,4,-2,10,2,1,0,-10,0,-8,-10,12,2,-14,3,9,9
-608,0,2,2,0,0,1,-3,1,-3,4,3,-2,-9,4,-7,6,2,2,-6,-15,0,2,10,8,7
-608/5,0,-2,0,3,2,4,5,1,-8,-4,-8,-5,7,8,4,1,-1,1,4,4,-10,5,0,3,1
-25/896,0,2,0,-5,2,6,2,-2,6,-10,-4,-7,-1,-2,0,-7,-10,-1,4,2,-2,0,2,-12,8
-49/1793,0,2,3,1,-2,2,-3,1,-8,-2,4,-2,-6,-6,10,6,5,4,1,-4,-2,-14,-6,10,1
-46/1789,1,-2,0,1,2,-5,2,-2,-7,-10,3,-2,-6,7,-11,6,0,10,2,-4,-2,4,12,-6,16
-48/1795,0,0,0,-5,0,-5,-6,0,-8,4,4,-2,-3,4,-4,-9,-5,4,3,15,7,-1,3,12,8
-3/112,0,0,4,-5,-3,4,5,-2,-3,-5,-1,-10,-5,7,8,-4,-14,1,-8,-12,0,4,12,0,-6
-7/300,0,0,0,1,4,-6,-3,1,-6,-5,1,2,-1,8,0,4,0,8,-13,12,-5,8,-3,9,-7
-3/74,0,0,2,0,-5,-5,-3,-2,0,-1,1,-8,7,7,-4,-3,-4,-10,9,-8,-13,-16,-4,6,-7
-13/296,0,2,-2,-5,-1,-7,2,1,1,6,3,-8,0,4,0,1,-10,-2,12,-12,2,0,-3,0,2
-100/61,0,-2,0,0,0,6,1,-2,-3,6,2,10,-5,-1,1,-2,11,-4,-4,-8,2,9,16,1,-10
-51/32,0,0,3,3,4,4,-8,1,6,-5,3,-7,-2,-9,0,6,-11,-1,-10,-9,7,-8,11,1,-18
-53/34,0,2,-2,-5,-1,-5,-2,1,4,4,3,-6,-1,-4,-2,-10,-2,-4,16,14,-13,2,-11,-2,-6
-11/101,0,-2,2,0,0,-5,5,-2,-3,6,10,11,12,2,13,-12,0,2,12,-1,-13,12,-6,10,17
-9/65,0,0,0,1,0,-2,2,1,6,6,-4,8,2,-4,0,-2,2,13,4,-3,-13,-1,-4,-3,17
-13/100,0,-2,0,-5,0,-7,5,1,3,0,2,10,-6,-3,6,-9,6,-11,4,-1,-4,5,15,8,2
40,0,2,0,-5,4,2,-5,1,-8,4,-5,-2,12,4,10,-10,7,6,0,15,5,1,-16,-7,8
74,1,-2,1,-5,0,-1,-5,-2,-3,4,3,-11,-2,12,-6,4,-11,13,2,4,-16,-1,0,-6,-9
71/2,0,2,-3,-5,0,1,-1,-2,-3,0,-1,-2,2,-7,-8,10,4,-1,-12,-12,1,4,-16,1,-8
740/27,0,0,0,1,4,6,-5,-2,-3,6,2,-11,0,1,4,-6,4,-4,8,13,2,-1,12,12,-1
739/27,0,0,3,3,4,4,5,-2,6,6,-5,2,-6,8,-7,7,8,5,-3,14,0,8,9,-6,-2
45/2,0,0,0,-5,2,1,2,-2,3,-5,2,-8,-7,-6,-8,-6,0,1,4,-1,-4,-1,-4,12,7
-14/3,-1,0,-3,1,6,-5,4,1,-8,-4,4,-7,8,0,7,5,-11,-11,0,3,8,-16,2,2,-2
-67/18,0,0,4,1,-2,2,4,-2,6,3,-4,5,0,-1,0,-9,0,-11,-5,13,0,12,8,-1,-14
-7/199,0,-2,3,1,-3,-5,5,-2,-8,0,-5,10,6,6,0,-2,6,-4,4,7,-6,-16,-1,1,11
-10/197,-1,2,0,-5,6,-5,3,1,-3,0,4,-6,8,5,0,3,-4,13,-5,-9,2,-11,16,10,-19
-9/196,0,-3,4,-5,6,-5,3,1,-3,6,-9,-5,-6,2,10,-4,-4,-13,2,14,4,5,-3,6,17
-9/955,0,-3,0,-5,6,-5,2,1,-3,3,8,5,-4,10,6,-2,-13,-3,5,-9,4,-12,-6,-3,8
-1/240,0,0,0,3,2,0,-3,-2,-6,-10,-10,10,-9,-12,0,6,4,-1,-8,-3,-16,4,-15,-6,-5
-1/472,0,-2,2,1,-5,1,-3,-2,-8,-10,-1,5,-9,-6,0,-11,10,-10,-11,5,2,1,-3,-3,-6
-7/474,0,0,3,1,-3,2,6,-2,3,-5,-9,8,-4,-10,4,2,-13,4,-8,6,11,-8,3,12,-4
-6/479,-1,0,0,-5,6,1,5,1,-3,-5,-10,-2,8,10,-6,11,6,-5,14,-12,12,-1,-13,-15,8
-8/323,0,-2,1,1,0,-5,-2,-2,-3,-1,-4,5,-6,2,0,10,-7,2,5,-3,0,5,8,-12,-5
-5/323,0,-2,0,1,4,-1,-2,-2,6,-4,-6,-5,-6,4,10,0,8,1,8,6,-2,9,12,0,-6
-637,0,-2,0,1,-5,-7,-4,1,3,4,-1,6,-3,12,0,0,6,8,12,-1,-14,-1,2,18,11
-1270,1,-2,0,-5,2,-5,2,-2,6,-4,2,-7,-6,4,-8,-6,2,-4,10,-12,8,6,-3,1,13
-949/4,0,-2,1,1,-1,-7,2,1,6,-7,3,-1,-3,-4,-2,1,-4,-8,-7,6,-11,15,0,-1,-5
-947/2,0,-2,2,1,4,2,5,-2,-8,-4,2,2,-9,8,4,-4,2,-7,-10,14,-16,1,3,-1,-2
35/69,0,0,0,1,0,6,4,-2,0,3,-5,-6,8,10,-6,-11,13,5,5,-3,2,15,4,1,6
36/65,0,-3,0,-5,0,-2,2,-2,4,4,3,5,-7,1,4,1,4,-1,-2,4,-7,-11,-16,4,10
-9/184,0,-3,1,1,-2,0,2,-2,0,-7,-1,-7,-6,-4,8,-10,-12,-7,-5,-2,-10,12,4,4,-6
-2/123,1,0,2,3,6,-5,-3,1,-8,-5,-6,-1,6,1,0,1,10,5,2,14,4,-10,8,12,-12
-89/106,0,2,4,1,-2,2,3,1,-3,-4,8,-2,-9,4,4,5,-4,-6,4,7,2,-8,-4,-13,17
1/106,0,2,4,0,0,6,-3,-2,-3,-8,3,-7,-6,7,-1,5,-1,-10,2,-13,-2,-4,-6,-1,0
-2/53,-1,-2,0,3,-5,4,3,-2,-8,-5,-1,5,-3,-6,-11,5,-1,-1,3,-12,2,6,6,-8,2
-3/103,0,0,1,-5,-1,1,2,1,2,-1,-5,-2,0,9,-11,-3,6,13,-4,-5,-13,-15,-6,2,-13
-75/11,0,0,0,-5,-2,-5,-3,-2,1,0,-9,-5,2,-6,12,-6,-1,10,3,3,-11,-6,14,-6,10
22/63,1,0,1,-5,0,0,3,-2,0,4,-1,6,-6,-7,11,-12,10,-4,16,-2,2,-16,3,6,18
23/60,0,0,0,-5,0,4,6,-2,-7,-8,-10,8,-6,-7,6,-4,8,8,-14,8,7,-8,12,6,10
62/85,-1,-2,0,1,4,6,-2,1,-3,-1,-10,-7,-9,0,8,-2,6,6,4,-9,-16,-16,3,1,10
61/84,0,0,1,-5,-3,-5,1,-2,-3,0,2,-3,10,5,-6,6,0,-13,-12,-9,-5,13,0,1,3
1/75,0,0,0,3,4,-5,2,1,0,-5,3,8,0,-3,-8,1,0,-3,2,-3,-8,15,3,8,2
1/78,0,0,2,0,-5,-2,6,-2,6,4,-6,-6,10,8,0,6,2,6,-14,-12,8,8,-10,-17,-3
-1/458,0,2,2,1,-2,-5,4,1,1,-4,-5,6,0,1,-1,-2,-4,5,-14,-15,11,-5,2,2,11
-3/229,0,0,3,-5,4,4,-5,1,-8,4,1,2,-6,4,-8,-2,-4,-10,5,3,-6,-9,-11,12,10
-4/233,0,2,-3,-5,0,-5,5,-2,4,-2,1,-2,0,4,4,2,-2,-6,8,0,-2,0,2,3,-14
-1/58,0,-2,2,3,4,0,6,1,-8,-6,-1,10,-6,4,0,4,0,2,8,-5,-10,-8,10,-14,-12
34,1,2,2,1,-5,-5,-8,1,3,-4,3,-10,-3,5,1,-12,0,8,-10,-12,14,-9,12,12,-14
33,0,0,-2,-5,0,6,3,-2,6,-2,-6,5,-2,4,-2,-11,13,-2,12,-9,-11,13,-10,-6,14
51,0,0,2,1,4,6,-8,-2,-3,6,-1,2,10,12,-1,-6,-4,8,5,-15,-13,-6,2,10,-3
42,1,0,2,1,0,1,-3,1,-9,9,3,-2,-6,10,-8,6,-12,-10,2,12,14,8,-4,3,11
167/2,0,2,4,3,-5,6,1,-2,-8,4,6,-6,-7,-10,1,-14,-1,1,4,-7,-6,5,-4,-9,6
-55/41,0,2,0,1,0,-5,2,-2,3,6,1,2,6,-4,0,10,-13,6,8,-12,-6,8,2,3,-7
-607,0,-2,3,1,0,-5,2,0,4,-7,-9,-7,6,4,-1,6,-12,-5,4,-9,4,8,3,-1,-7
-152,0,2,-3,1,-1,-5,4,1,-3,6,3,5,-6,4,0,9,-7,4,-2,-12,-10,5,-3,-15,11
-205/3,0,0,0,-5,4,2,5,-2,-6,0,-10,10,-4,-9,4,2,-14,13,4,11,-1,5,-5,1,12
-204,0,0,4,1,4,-5,-8,1,-8,0,-9,10,-6,7,-11,6,-4,6,-11,13,2,13,4,10,-9
-125,0,2,0,0,4,-5,5,1,-3,7,1,5,-9,-1,-11,-12,0,-6,2,-4,7,13,4,3,-10
-247/4,0,-2,3,3,4,-7,-6,1,-3,-10,-1,-2,10,6,0,-2,6,-7,-11,-4,-16,5,-4,-8,10
-121,0,-2,1,-5,0,-1,5,1,-8,-3,3,11,-7,12,4,-6,6,10,3,-3,-11,5,4,2,8
-103/2,0,2,0,0,0,6,-3,1,2,0,-9,-8,10,-1,11,6,-3,6,-2,5,-13,9,-16,-15,9
-73/3,0,0,2,1,4,-6,-3,0,4,-3,8,-7,3,4,0,-9,-11,-8,8,16,-11,0,3,9,8
-19/55,0,-2,0,-5,-2,4,-3,1,-8,4,4,8,6,4,-6,6,9,-12,4,11,-13,5,3,-6,0
1/700,0,2,0,-5,0,-6,-5,1,3,6,10,-8,-6,-6,0,6,6,6,4,6,-2,4,12,-12,10
-1/701,0,2,1,1,-3,2,-3,-2,6,2,-9,-5,10,4,-8,-9,-7,2,-10,-12,10,-14,0,-10,2
-3/281,0,0,-3,-5,4,4,5,1,0,10,-1,-2,12,-2,-7,-4,-2,-5,-12,2,7,0,-13,2,-7
-6/559,-1,0,0,1,-2,-2,2,1,-3,0,-7,-2,6,-12,4,-10,6,-11,-8,-7,7,8,6,-17,-14
-1/282,0,0,3,3,-2,2,2,-2,-9,4,1,-2,-2,5,3,6,-5,13,-12,7,2,11,2,-7,0
-1/281,0,2,1,1,0,-5,5,1,-3,9,0,-2,-9,7,2,6,-4,6,-5,-12,-14,-8,-5,8,-3
-1/1120,0,-2,0,-5,2,-6,-4,0,6,-5,1,10,-7,8,12,-3,0,-11,6,15,4,-1,12,6,14
-2/1125,-1,0,0,0,-2,-1,2,1,-3,10,8,11,8,-12,13,-2,-4,6,3,15,14,-15,-4,-9,-7
1/141,0,0,0,0,4,-6,1,1,6,6,3,-2,6,-6,3,11,0,-7,3,-8,-1,-6,-16,10,14
-1/292,0,-2,-2,-5,0,0,5,1,6,3,10,-6,6,0,8,-6,-1,2,14,0,-6,-15,2,-14,8
-2/581,-1,-2,-2,-5,-5,6,2,1,-3,-1,-1,-2,-4,-3,3,-3,13,-10,-14,-12,-11,-1,-16,-8,10
-2/587,1,-2,1,1,4,6,-3,0,-9,-5,2,-6,3,10,-1,-4,7,10,2,-15,4,-6,-8,-8,10
-7/583,0,-2,4,1,-2,2,-6,-2,6,-5,-9,-7,-7,1,-8,5,0,5,-11,13,-6,-9,6,-12,-14
-3/586,0,0,0,-5,6,2,-5,0,2,3,2,-5,10,-10,4,0,6,-5,-8,14,4,4,-3,3,-7
-3/1169,0,0,0,-5,6,1,2,-2,6,3,-8,-2,0,2,-8,0,-9,6,8,-1,-13,-16,8,-2,-14
-3/587,0,0,4,3,-1,-5,5,-2,-8,-5,8,-2,6,-1,12,-2,0,13,4,15,1,-14,4,-1,-14
-2/585,-1,0,0,3,6,-2,1,-2,-3,-5,4,-3,-1,4,-3,0,-12,-3,8,11,-6,-1,4,18,-1
2/583,-1,-2,1,0,-2,6,2,1,2,7,1,-2,2,-6,4,5,-7,6,8,9,-6,-14,11,-7,10
-16/401,0,2,2,1,6,-5,6,-2,-8,0,-1,-2,6,2,12,1,-2,-2,5,10,-7,8,5,2,-3
-54/47,-1,0,3,1,-3,1,2,-2,-3,-8,4,10,8,12,3,10,0,8,4,8,-6,-15,-3,-17,17
-49/46,0,-2,4,1,-2,-6,2,0,0,0,-5,10,2,-2,4,9,-9,-3,-3,3,2,8,3,-12,2
10/89,1,-2,0,1,6,-5,5,-2,1,-4,-9,10,-3,-9,0,-3,-1,-8,4,15,0,0,3,-8,6
73/24,0,0,0,0,0,-1,-3,-2,0,-8,-7,-7,2,-12,12,-2,10,4,-14,0,-11,15,6,1,8
143/46,0,-2,-2,1,0,-7,-6,1,0,-4,-2,-7,-5,-10,0,-2,0,-5,9,-4,-13,-7,4,-6,8
1/5620,0,2,0,1,6,2,6,-2,-8,-3,2,-7,-6,4,0,-2,6,-5,8,4,1,15,6,10,-6
1/2809,0,2,2,-5,-2,2,-3,1,6,6,10,-8,-7,4,0,5,2,2,0,13,4,4,2,-4,-5
2/5617,1,-2,4,3,4,0,-1,1,-3,5,-8,-2,6,8,-1,-6,0,1,-8,-3,-7,-11,0,6,14
-3/2812,0,0,4,-5,0,-1,-6,-2,3,5,-8,-8,-6,9,-6,0,11,8,-14,8,-6,1,1,-1,12
-2/1405,-1,2,0,0,0,4,-5,1,-4,4,6,10,-1,4,-6,-6,10,0,12,9,-13,13,-4,18,13
-35/79,0,2,0,1,6,-5,2,0,6,-5,10,-6,-9,2,-6,6,-4,-2,8,15,-2,-8,7,10,-7
-37/80,0,2,0,-5,2,2,-3,1,-3,-8,1,-11,-9,10,12,-11,-10,1,-14,14,10,8,-16,-17,-2
-19/53,0,2,0,-5,-3,6,3,1,-8,-1,-5,-2,-5,7,0,5,-4,-2,-10,3,-5,-7,1,3,-12
-19/51,0,0,4,0,-1,-6,-2,1,6,4,-9,5,0,10,0,3,-1,13,-11,15,8,4,-16,6,17
-4/695,0,2,0,-5,0,-5,-6,-2,-3,-2,-1,-5,-7,0,-6,6,8,-2,-12,3,2,-11,1,-6,-5
3/1042,0,0,2,-5,6,-5,-3,1,3,9,1,-5,-6,-3,-6,-2,-5,2,8,15,-11,8,10,-8,-1
1/696,0,0,4,-5,-3,0,3,1,0,-6,-1,-2,12,2,-4,-6,-1,-8,-2,3,2,10,5,5,8
5/2082,0,0,0,-5,0,-1,1,1,6,-2,2,-5,-5,-6,0,6,10,-12,12,8,-5,-16,12,10,0
1/833,0,-2,-2,-5,4,2,-2,1,4,-10,1,10,-3,6,-6,9,-7,1,4,8,14,5,-4,0,-4
1/1041,0,0,0,3,0,2,-3,-2,0,3,10,-2,-6,0,-6,-2,-14,-1,-10,-12,4,-4,-4,-3,-3
51/14,0,0,2,-5,2,6,-8,1,6,3,-4,8,-4,-10,0,-3,-5,13,0,6,2,-7,3,-13,13
46/17,-1,-2,0,1,-3,-5,-2,1,-7,4,1,-1,-7,7,7,-4,10,4,4,-4,-6,-6,1,-1,9
-123/2,0,0,2,-5,6,2,5,1,-9,4,4,-1,-4,10,6,6,10,8,-4,-9,4,-8,-7,18,-8
-187/5,0,2,0,1,0,6,-8,1,0,0,6,10,6,4,11,-7,6,-3,-12,0,7,-12,8,-1,-14
5/34,0,-2,0,1,4,6,-2,-2,-3,4,3,5,-1,4,-6,3,-4,-7,-3,0,-6,8,2,-17,12
15/71,0,0,0,0,-2,-1,2,1,-9,3,3,-3,12,10,-10,-2,6,10,-10,4,-1,-14,0,-17,14
88/777,0,0,1,-5,0,2,-3,-2,6,-3,-9,-8,-6,9,-6,-3,6,2,-10,-12,2,-8,-3,-15,13
90/781,1,0,0,-5,-2,6,6,-2,6,9,0,-8,-5,-10,-8,-2,6,-5,4,4,0,-15,7,-7,11
93/781,0,0,2,-5,-2,0,-4,1,-4,-8,-10,2,7,-6,1,-3,0,8,16,4,6,8,16,-14,-18
95/783,0,0,0,3,0,2,-1,1,-8,-6,-1,-7,-3,-6,0,-4,-7,-5,4,10,4,4,-4,1,-10
21/194,0,0,2,1,-2,-5,2,-2,-3,-5,-1,11,0,10,-6,6,-4,13,-11,15,-9,6,-7,6,4
43/390,0,0,0,3,-1,-2,-3,-2,-8,10,3,-8,-5,-1,10,3,0,-7,-12,8,0,-8,0,10,17
29/256,0,-2,2,1,2,-1,6,1,6,-10,1,-2,-9,8,-4,-6,2,8,-14,-3,-13,-10,-3,12,-9
13/126,0,0,0,-5,4,-7,2,1,-4,10,-1,-6,-6,-4,-6,-6,11,-10,9,-7,-8,11,-4,-2,-1
13/129,0,0,-2,1,-2,-7,2,-2,-9,4,0,10,8,-12,-8,3,2,6,5,-8,-11,-5,6,-3,-6
45/388,0,-3,0,0,-3,2,-6,1,6,-5,-4,-2,-1,4,8,0,0,-1,-14,8,7,8,3,-14,4
45/386,0,0,0,3,-5,-5,-3,-2,4,-4,2,-5,-3,-2,0,1,0,-3,6,-12,12,-1,-5,0,16
48/389,0,0,3,-5,-5,-5,-1,1,-4,-2,2,-7,0,0,-3,-6,6,6,14,-15,-13,6,3,5,-13
12/65,0,0,0,1,6,-2,-3,-2,-4,10,-10,10,12,0,13,-3,-2,-5,-14,-13,4,13,2,6,17
-13/2937,0,0,2,1,-2,-7,3,1,-3,-7,-8,10,6,10,-4,11,0,-1,4,-15,-11,8,16,-8,-12
-11/2939,0,-2,2,-5,0,0,2,1,-6,-2,2,-10,-5,2,-8,-3,0,0,5,4,14,2,0,-9,-2
-3/265,0,0,0,3,0,0,5,-2,-8,0,-4,10,-7,-6,8,5,4,4,12,-9,-13,-10,2,0,7
-77/19,0,2,2,1,0,4,-3,-2,6,0,-5,-1,-3,2,-6,-3,10,5,10,0,6,8,-13,-13,2
-14/93,1,0,0,1,2,-6,5,-2,-3,-5,2,-7,-5,-2,8,11,0,-4,5,-15,-13,8,-6,2,1
-9/92,0,0,-3,-5,2,-5,-5,-2,0,-2,-5,10,-5,4,0,0,0,1,-4,14,2,-8,12,-12,-2
-46/33,1,0,0,1,-2,6,6,-2,-7,5,-1,-6,6,-3,4,11,-4,1,8,-12,14,0,-4,6,2
-17/81,0,0,3,0,-3,1,-8,1,1,-1,-10,-11,-6,-12,0,-10,0,8,-14,-7,-6,6,-7,1,8
-3/22,0,0,2,-5,-2,-5,-3,1,-8,-5,-8,-2,-9,4,4,3,-12,2,2,13,-2,8,-4,10,13
1/1409,0,-2,2,-5,-5,-5,-3,-2,0,-5,-1,-7,-1,6,-8,0,-12,8,-10,-1,-4,5,4,-7,-5
1/1404,0,0,1,1,0,-2,6,1,-3,-5,2,10,0,4,8,-6,-1,10,-11,-15,-2,-8,7,-7,10
2/1405,1,-2,0,1,-2,0,5,-2,-3,-10,-7,6,-4,-4,6,-14,-4,10,4,-9,-13,-6,-8,10,-1
2/699,-1,0,-3,-5,-3,-5,4,1,-3,7,-1,10,-6,12,-11,-11,-13,-3,2,-9,-6,6,6,-15,-3
-2/699,1,0,0,1,4,-5,3,-2,6,0,-5,-5,12,6,-11,4,13,13,6,15,-16,11,4,-3,-19
1/471,0,0,4,-5,4,-1,-1,-2,-8,-2,-9,10,-9,8,2,-2,4,1,-10,14,-2,4,-3,-10,-14
1/117,0,0,2,3,0,-2,-3,-2,1,4,-1,-1,-3,-4,0,6,4,5,4,-4,-9,0,4,9,-14
1/468,0,0,3,1,-1,-2,-6,1,-8,6,-8,-2,-4,-6,0,7,4,-5,4,3,14,6,8,18,-12
-1/520,0,-2,0,3,4,-2,2,1,6,6,-5,10,-3,-9,-11,6,-4,6,4,-3,-13,-6,6,-12,17
-11/152,0,-2,3,1,0,-6,5,-2,4,6,-1,-7,-6,8,-8,7,-5,-8,0,0,-4,-16,3,-12,-6
75/37,0,0,0,1,4,-5,-3,0,3,9,-4,-8,-6,4,-11,-2,0,4,5,11,-6,-8,17,6,6
74/35,-1,2,0,-5,-3,2,-5,-2,6,6,3,-11,2,1,-2,6,-4,8,-13,4,4,-4,-16,2,1
89/784,0,-2,4,-5,-3,-6,-6,-2,6,-7,3,10,7,-3,-11,6,13,13,11,0,-8,-6,16,-13,8
23/195,0,0,0,-5,4,-2,2,1,-7,-5,6,-1,10,-6,4,6,6,8,8,11,6,-8,6,-12,6
29/260,0,2,0,0,-5,-2,3,-2,4,-10,-5,6,-6,-10,-6,-4,-4,5,2,5,-6,-16,-7,12,12
10/99,-1,0,0,3,-2,4,-3,1,6,-2,3,-6,3,-7,4,-2,-11,-10,4,-6,11,1,17,-6,-12
7/65,0,-2,0,1,-3,-2,-4,1,0,4,1,-6,-7,-7,-7,-7,-9,-6,-12,-1,-5,12,-16,0,12
12/97,0,0,4,1,4,0,4,1,3,6,3,-2,8,2,-1,-12,-5,2,-10,3,-8,12,6,0,4
25/194,0,-2,0,-5,-1,2,-5,-2,4,2,2,10,0,8,-8,-2,6,8,8,-15,1,11,1,0,4
-21/62,0,0,2,1,0,6,6,-2,-8,-7,2,10,12,-6,-6,-11,0,6,5,15,-2,-8,11,-12,8
7/55,0,2,0,1,-2,4,-5,1,3,-5,1,5,12,4,-8,-4,-4,-1,-4,12,0,-16,3,-8,-6
-3/1471,0,0,3,-5,-5,-5,5,1,-8,-2,-6,-7,-6,-7,-10,1,6,-6,12,6,-1,-14,8,-12,11
-7/1467,0,0,1,1,-5,2,-6,-2,2,5,-8,6,-3,4,-1,6,8,6,12,-3,1,-8,3,0,-18
-41/52,0,2,2,-5,6,-2,-1,1,-4,-7,2,-2,-4,2,4,1,0,-7,-10,-9,10,-7,-6,3,-6
-12/2933,0,0,0,-5,-2,-5,-1,0,-4,-8,2,-2,-2,-1,1,6,-7,-8,-12,-12,8,-1,8,3,-19
-8/1465,0,2,0,3,4,0,2,1,3,9,1,-2,-6,-1,-8,-10,0,1,14,0,-1,4,4,8,-18
-3/977,0,0,0,0,4,-5,-5,1,2,10,-7,-7,-6,7,12,6,6,-6,-5,6,-10,5,4,0,3
-11/2932,0,2,0,-5,0,-5,2,-2,-4,-4,-1,10,-3,-1,4,6,-7,1,-12,4,-16,-15,-3,6,-13
83/19,0,-2,3,-5,0,1,3,-2,6,-5,6,10,0,2,8,-6,8,10,-11,9,11,10,0,-6,6
-185/3,0,0,0,1,0,6,6,1,-3,-4,-8,-11,-3,-4,2,10,-7,6,4,-9,7,-8,6,2,12
-361/2,0,2,3,-5,-5,-5,5,1,-3,-5,-8,5,-5,-1,-11,-7,-13,-2,-10,-12,-13,-4,2,3,13
-365/3,0,0,0,1,-2,-5,2,1,-3,-2,1,2,2,-10,-6,-6,6,2,9,0,-11,-12,6,-12,8
-179/2,0,-2,-3,-5,-3,-5,-3,1,4,-5,10,-2,0,-6,0,6,4,2,12,-4,-14,-15,-1,6,-18
-10/93,-1,0,0,1,0,-5,2,1,-3,-5,2,-2,-6,-6,4,5,-12,8,-2,0,-7,9,12,3,-3
-13/93,0,0,2,-5,-3,-7,-4,1,6,6,2,10,10,6,1,-3,-4,10,12,3,-8,8,0,8,3
-13/1163,0,2,1,0,0,-7,2,-2,-4,6,-5,-7,12,9,12,-9,-4,5,11,-5,2,-16,-5,18,-2
-4/387,0,0,-2,-5,0,2,4,-2,-3,-5,-1,-2,-6,-12,0,5,2,0,-5,0,-11,1,9,-12,-2
-5/391,0,2,0,-5,-5,-5,-2,-2,0,10,3,6,-3,12,-11,5,0,5,4,-12,-13,10,0,-12,2
-2/391,1,2,2,1,4,4,-2,1,0,-2,-9,2,7,8,-7,-4,-4,-6,2,6,0,1,0,-6,-1
-476,0,2,1,1,0,-5,-8,1,3,-5,-1,-2,6,4,0,-3,-2,5,6,-3,4,-7,4,-16,-5
-3809/2,0,-2,-2,3,-3,-7,-3,1,-6,-3,-6,8,-7,4,-8,-4,-4,-6,-4,-7,7,6,14,6,-8
-3813/2,0,0,4,0,-1,4,-5,-2,4,6,-10,7,-4,8,0,6,-9,-2,10,-6,0,-15,-13,-3,-12
-1905/2,0,0,0,3,6,1,-3,-2,6,3,-2,-6,-1,9,7,6,-2,-12,11,0,-11,8,12,-14,13
-381,0,0,1,-5,-3,-1,-1,1,6,-2,-1,2,-4,-4,-8,6,-4,-1,4,-9,2,-10,12,0,-6
-1905,0,0,0,1,0,-6,3,-2,0,0,8,-5,-7,6,3,1,-12,2,4,10,-16,-8,-6,3,6
-545,0,2,0,0,4,2,3,1,3,-4,-9,-5,-4,-7,11,-6,6,-13,-8,16,-10,-14,4,9,10
-10/399,1,0,0,-5,-3,-1,2,-2,-6,-10,10,6,0,6,4,-9,-13,-8,3,4,-6,5,17,-6,1
-14/397,1,2,0,1,0,4,-4,-2,-3,-5,1,-1,6,4,-6,6,8,-2,-12,-9,10,13,10,6,8
-3/109,0,0,-2,0,-2,0,-6,1,1,-5,-7,-7,8,-2,0,0,-1,-10,-12,4,11,6,-1,18,-5
1/109,0,2,2,1,6,-5,2,1,-9,-2,-6,10,-6,9,3,6,-4,10,10,2,-6,-15,-3,-14,-10
-1/55,0,-2,0,0,-2,-5,-3,-2,-3,10,-5,10,-6,-4,0,-4,-11,8,16,15,6,-15,0,12,8
-7/437,0,2,2,1,2,-5,5,-2,0,4,-1,8,12,10,0,6,6,-10,0,-15,-6,6,17,10,18
-95/192,0,0,0,0,-2,2,5,1,4,-4,1,-10,-6,-4,-6,6,13,-5,0,0,-5,10,3,2,8
4/99,0,0,4,-5,-2,6,-1,0,-8,10,3,-8,-3,4,-3,9,4,1,2,-12,-2,8,2,-6,10
-18/91,1,0,0,-5,4,-2,2,-2,6,10,-5,-8,-9,2,12,-11,7,-11,5,4,1,11,12,1,12
-20/91,0,2,0,-5,0,-2,-3,1,-4,-3,1,8,6,-3,-6,3,-4,6,2,-8,-6,-6,4,6,-3
-9/23,0,0,2,1,-1,1,1,1,0,4,-5,6,12,4,-6,1,-11,-4,8,-12,-11,-14,-11,6,12
65/22,0,-2,0,1,-2,-7,-3,1,0,0,1,-2,6,-6,-6,-3,-9,-7,8,-9,-16,-8,12,-3,-2
-1/487,0,-2,0,-5,4,0,2,-2,-8,-4,2,-1,-2,10,7,-4,-2,10,4,-12,-13,5,0,-6,-13
-1/978,0,0,-2,-5,-5,-5,5,1,-8,4,-1,-6,-9,-1,0,-9,-13,8,-4,15,-9,8,12,-6,0
-8918/61,1,2,-3,1,2,-7,3,-2,-3,-3,-8,-7,-6,7,0,-6,-7,-4,9,5,-16,12,5,-3,-6
-8921/59,0,-2,4,1,0,6,-4,-2,6,4,-1,-7,7,12,0,-10,10,8,0,4,4,10,3,10,2
-1487/10,0,2,0,1,-1,-6,-5,1,6,-4,-4,-2,3,-10,0,-7,-10,10,-14,2,-5,13,15,-3,3
-4462/25,1,-2,0,0,4,1,3,-2,-7,0,1,-2,-6,4,4,6,2,-1,8,15,12,5,12,10,8
-892/5,0,2,0,-5,-1,2,6,1,-3,9,-1,2,-7,7,11,-4,0,1,-5,4,10,12,16,3,6
-4463/27,0,0,4,-5,4,-1,5,1,-8,9,1,-1,2,1,8,-2,10,1,4,4,-13,-14,5,-1,-14
-8927/55,0,2,0,1,-2,2,-3,1,-3,-5,-1,-7,-2,2,-6,-3,0,8,-2,-3,11,4,-8,18,-6
-4461/29,0,0,0,-5,4,-5,5,1,0,-6,-1,6,0,4,12,9,-4,-1,5,8,5,4,-16,18,-9
-4460/31,0,2,0,1,0,-5,-6,1,2,5,2,-6,-5,10,13,6,6,2,2,3,2,-14,-16,-12,2
-1116/7,0,-3,-3,-5,-3,-5,-3,-2,6,-1,-10,-2,4,12,-8,-2,-13,2,-12,4,-13,10,16,6,-14
-1114/3,1,0,-3,1,6,2,2,1,1,-2,3,10,6,6,0,-3,6,-2,14,-15,-4,8,-3,6,5
-373,0,-2,0,-5,-5,-5,4,-2,6,-2,1,-10,0,-7,-7,-6,7,-12,-10,8,-13,-7,-4,18,-6
-2233/15,0,0,0,1,0,-5,2,1,2,-10,-6,-7,0,-1,0,-6,-11,4,10,-15,-13,10,-16,2,7
-4465/34,0,-2,0,1,-5,-1,-2,1,2,-4,1,5,-6,-1,-8,-4,-3,10,3,12,14,-15,-4,1,10
76/25,0,2,0,-5,4,0,4,1,-3,10,-1,-1,7,5,-6,2,-4,2,-6,-4,-6,-7,5,-8,-10
-8/195,0,0,0,0,6,-2,3,1,-6,4,6,2,8,4,11,1,0,6,-2,-9,0,-4,-16,-13,-10
-7/201,0,0,3,1,4,2,-3,1,-3,-10,-1,-7,-6,-2,13,-2,6,-5,0,12,-1,-7,-10,5,8
-5/199,0,2,0,3,2,0,4,-2,-3,2,-6,-10,0,10,-6,-11,7,8,-5,-6,-2,-8,-4,6,8
-250/3,1,0,0,3,-5,6,-3,1,-3,2,-1,-2,7,-6,-8,-7,-11,5,8,-15,11,-7,-8,1,12
-251/2,0,-2,-3,-5,-5,4,-6,-2,-3,-4,-1,-8,-6,-4,8,9,6,-1,2,0,2,13,12,-17,8
-4569/5,0,0,0,1,0,-5,5,1,-4,7,1,2,12,9,0,3,-12,-4,5,3,11,8,6,-7,-14
-1142,1,2,-2,1,-1,0,2,-2,6,-10,-5,-2,1,-10,-2,-10,-4,-6,-11,4,10,4,1,8,2
-998,1,2,0,3,-2,1,2,1,4,-5,-7,8,0,5,0,10,4,-7,2,6,4,-15,-16,-12,-10
3/97,0,0,1,-5,-3,6,-3,-2,-9,0,-2,10,-2,-12,2,-3,-12,-13,-3,0,2,11,-4,-3,4
14/29,-1,2,0,1,-1,-1,-3,1,6,-6,-2,2,-2,10,0,1,-9,-4,-2,-9,-8,8,12,12,0
-2/89,-1,-2,3,0,0,2,-3,-2,-6,0,4,11,-4,7,-6,11,-2,13,8,4,7,-16,-8,-8,8
-19/87,0,0,0,3,0,-5,3,1,-3,-6,-4,11,-4,0,-6,-3,0,-4,4,-3,14,1,-3,12,-1
51/98,0,0,-3,-5,-3,4,-8,-2,-4,-7,-10,-5,6,9,2,-10,-12,-11,6,4,5,10,1,1,-3
-58/619,1,-2,3,-5,6,-1,3,1,2,-10,-9,-6,1,-9,0,3,6,2,2,-8,-5,1,-4,1,2
-60/617,0,0,0,3,2,1,2,1,-3,6,-1,-2,-1,-3,6,-2,-12,4,-10,-15,-10,-1,3,-13,16
-434,-1,2,0,1,2,-5,-3,-2,-8,4,-10,-5,-6,-3,0,6,-4,-12,-14,4,-6,1,-4,10,-3
-4563/7,0,0,0,-5,4,-7,3,1,6,4,-1,-6,10,6,-2,-9,-14,-12,4,-7,10,-10,-4,-2,-3
-9125/14,0,-2,0,-5,0,2,-1,0,3,0,-4,8,0,2,0,1,0,2,5,2,-11,6,12,3,-13
-9129/10,0,0,0,1,6,2,-8,0,4,-10,-1,8,7,10,1,-14,-3,-8,-4,4,-13,4,-4,18,2
-9134/9,1,0,1,-5,-1,0,1,1,-3,9,0,-2,-6,-2,10,-6,0,-13,-4,-1,1,-15,-4,10,-5
-85/196,0,-2,0,-5,-3,-6,-8,1,4,-5,2,7,-6,4,0,-6,0,4,-14,3,2,-1,17,6,14
-85/194,0,2,0,-5,-1,6,-8,1,-8,5,2,10,-5,4,0,6,-1,-11,6,-12,-4,6,-16,12,4
-45/97,0,0,0,3,2,6,-4,1,4,10,3,11,-6,6,13,-7,0,10,-12,2,11,5,3,5,4
13/54,0,0,-2,-5,0,-7,-1,1,-6,-2,1,-5,-6,4,3,5,-2,-2,4,-15,-6,-15,17,-10,8
-25/52,0,-2,0,0,-5,-2,-4,1,-3,0,10,5,0,4,-8,-2,6,-8,1,8,-1,-7,6,-3,3
-17/35,0,-2,0,-5,0,2,-8,1,1,-7,10,11,0,1,0,-6,-4,-5,12,-12,7,-1,15,-16,-6
29/10,0,-2,0,-5,-3,6,-3,0,-9,-10,6,2,-9,4,0,-10,6,-1,5,-8,-2,-1,0,-7,-2
89/29,0,2,0,-5,0,-5,-5,-2,3,-6,-6,-8,0,4,-3,-2,4,-8,-3,14,-16,-16,14,-13,-4
-94/65,1,2,0,1,2,-2,2,1,1,0,1,-1,6,2,-8,-3,6,8,-3,4,7,0,-11,2,-5
-57/623,0,0,0,-5,2,-5,4,1,2,-1,3,-6,-9,7,0,-4,11,-1,-10,-12,7,15,12,-8,-18
-20/207,0,0,0,1,6,6,3,-2,0,-3,-6,2,-1,0,0,-14,0,-4,11,-4,10,12,-16,-6,13
-31/313,0,-2,0,-5,4,-5,5,1,2,10,-10,5,0,-6,-8,-6,-1,-10,-12,2,-13,-16,4,6,12
-30/313,1,0,0,0,4,-1,2,-2,3,-4,-8,-7,-7,-10,-6,-10,0,-10,2,-3,7,-12,16,-14,-5
-4/69,0,0,2,-5,2,6,-3,1,0,-8,-9,5,0,1,1,5,10,8,8,-1,-16,-10,-4,6,-18
-8/67,0,2,2,-5,-2,-1,-3,-2,0,-5,8,-2,1,-7,6,9,4,-10,0,-1,4,12,-4,2,1
-7/92,0,2,1,1,-5,-6,3,1,0,4,2,2,4,-4,-6,-2,6,2,4,-9,2,8,-16,2,-14
1059/23,0,0,-2,0,-2,4,5,-2,0,-5,3,8,-4,-6,0,-4,4,-12,-7,13,2,-7,-4,6,-8
-1/104,0,2,4,0,-1,-2,-3,1,-8,-5,-1,-5,0,12,8,-2,-4,-6,4,2,5,-14,-11,-7,18
1/313,0,2,0,3,0,2,2,-2,-3,-3,-8,-11,-4,-6,0,4,8,-5,10,-12,-6,4,6,-8,2
118/3,1,0,4,1,6,-1,5,-2,-3,7,-4,11,-6,-4,-6,-14,-12,-10,-14,4,2,6,-9,-14,-6
354/7,-1,0,-2,-5,4,-6,-6,1,-8,-4,-2,-2,-2,-1,0,6,-12,8,-12,-8,2,13,14,-1,-5
-2235/16,0,0,0,1,-3,-1,-3,1,-8,-10,-7,-1,8,6,-11,6,2,-1,-12,-5,-14,4,-16,12,-5
531/11,0,0,4,-5,-2,2,2,1,-9,3,6,10,-1,-6,0,6,-12,-2,-12,13,4,-7,0,-10,-2
1060/23,0,-2,0,-5,-3,0,4,1,0,6,2,-6,-6,4,-8,-10,8,10,-2,2,-13,-7,10,8,-2
353/8,0,2,0,3,4,2,-3,1,-3,-8,8,-2,-9,7,-7,-9,6,1,11,8,4,-8,5,-6,-2
1062/23,1,-3,1,1,2,2,1,1,0,-8,1,2,2,4,-6,9,-12,-6,8,15,-2,-15,3,-10,-2
100/47,0,-2,0,1,-3,-6,-4,1,6,-5,-1,-5,3,-4,3,-3,-9,-10,-6,5,-1,11,7,-7,-14
100/51,0,0,0,0,0,-5,-2,1,-4,2,-5,5,10,5,0,1,-7,8,2,3,2,-4,-4,6,8
101/46,0,-2,4,1,-5,6,1,1,0,2,0,-2,-6,2,10,-2,-12,8,-14,4,10,0,-6,-17,3
103/47,0,-2,1,0,4,-5,-3,-2,3,-5,-1,2,-3,9,3,-2,6,-6,8,-6,-2,-4,-4,1,-1
-1/158,0,2,2,-5,0,-6,-1,-2,6,7,1,10,-9,4,7,-3,2,-8,14,-15,11,-8,12,-14,13
35/6,0,0,0,1,-3,-5,2,1,6,4,3,-8,12,-1,0,11,-2,10,-14,4,-4,-4,1,1,2
73/8,0,-2,4,3,4,2,1,1,1,7,-9,5,-5,-10,-6,6,-10,10,5,-3,-11,-4,0,-6,9
-5/216,0,0,0,-5,-3,2,4,1,6,9,-5,10,-9,4,0,0,-11,5,-11,3,10,-1,-3,9,-2
-2/143,1,-2,0,-5,-2,-2,1,1,6,4,-9,-6,-5,-4,-8,2,0,-6,4,-13,-11,5,8,-3,9
-2/217,-1,2,1,-5,0,6,-4,-2,-3,-2,2,-6,-3,10,0,6,6,1,8,-15,-16,-14,3,2,12
-6/217,1,0,3,-5,-1,-5,-1,1,0,-5,2,-5,6,4,-11,2,-5,8,10,-12,-8,2,-16,-15,2
-8929/62,0,2,-2,-5,-1,-5,6,1,0,-5,2,8,-6,4,3,10,-4,8,-14,0,2,13,3,12,-18
-8929/60,0,0,0,1,4,2,-4,-2,-8,4,4,-7,0,7,-3,-14,0,-5,6,4,-1,8,6,-6,8
-8935/57,0,0,0,-5,-3,6,-3,-2,-4,5,-1,-7,0,8,0,-11,-4,1,4,5,-5,-6,12,8,-14
-8933/58,0,2,1,3,4,-5,5,1,-3,-6,-5,8,-7,4,-1,-4,-12,-1,-6,-8,-2,5,4,0,18
-425/3,0,0,0,3,4,2,-8,1,0,9,3,-1,-5,8,-6,-3,-2,-5,4,-12,-14,-15,12,-6,8
-8922/65,-1,0,0,-5,-5,-2,3,0,3,-10,-6,-2,4,-6,6,-2,-4,-8,-4,6,-13,6,-3,-12,14
-8923/64,0,-2,3,1,-5,-5,-3,0,-3,4,10,-2,1,-6,0,-11,11,4,11,-4,-4,-5,0,1,2
-4461/32,0,0,0,3,2,-5,6,1,6,0,3,-5,-1,10,12,6,-2,-2,4,-4,-4,4,-4,-17,9
-78,1,0,-2,1,6,-7,1,-2,4,0,0,5,-5,12,-11,6,7,-3,4,-12,10,0,2,10,10
-66577,0,-2,-3,1,2,-1,6,1,6,6,3,5,-9,6,3,-2,0,4,4,-3,1,-11,6,-6,13
-66580,0,-2,0,-5,-2,-6,-4,1,-3,-2,-1,-7,-5,2,11,1,-9,10,0,-3,6,-4,6,-10,9
-66575,0,2,0,1,0,4,2,0,6,0,-9,-7,8,-9,-8,1,-11,1,5,16,-16,-7,0,-12,-1
-66566,1,2,2,-5,2,6,-5,-2,-9,-10,-1,-10,-6,-2,-2,-6,6,-1,-12,-9,-4,6,0,6,8
-66569,0,2,4,0,-2,-5,2,-2,-6,6,10,-1,2,4,-10,0,-12,1,-10,6,-6,13,16,3,17
-16647,0,0,2,1,4,-6,-3,1,-3,0,-10,-2,12,4,-6,1,-5,1,-5,9,-13,-7,4,0,10
-8323,0,-2,0,1,-3,2,1,1,-8,-10,4,10,-4,-10,-6,-6,-2,8,8,5,1,-6,12,4,10
71/102,0,0,-3,1,0,2,-2,1,4,-8,2,-7,-7,5,-7,-9,-14,8,8,-12,-4,-9,-16,-15,1
69/104,0,0,0,0,4,-2,-4,-2,-7,4,-9,-1,-6,7,0,-2,13,2,-8,-2,11,1,2,-16,-1
58/103,-1,2,0,1,0,6,1,1,-4,-10,3,10,-3,7,-6,6,6,13,4,-12,-7,4,0,12,11
54/101,-1,0,1,-5,4,-5,2,1,2,-5,1,10,-6,4,2,4,10,2,-12,13,0,2,0,-14,13
-37/307,0,-2,2,1,-3,2,2,-2,0,7,-6,-11,-2,-6,-6,5,-4,5,2,8,-2,-16,6,10,2
-32/309,0,0,0,3,-5,0,6,1,2,0,2,2,1,-3,7,-11,8,1,-13,-9,0,-10,2,-6,-5
-59/618,0,0,-3,1,0,6,-1,1,1,4,-1,10,0,10,12,6,-12,-1,-4,15,7,10,-7,-7,2
-2283/2,0,0,4,3,0,-1,-5,1,-4,-2,-8,-11,0,-2,4,-6,11,-3,5,14,-5,-1,3,-8,7
-4568/5,0,-2,0,1,2,6,4,1,3,-8,-10,-8,0,-2,0,-6,-1,8,12,0,4,11,-3,10,10
-9132/7,0,0,1,-5,2,2,-6,0,-3,-5,-2,8,6,-4,0,6,4,-11,12,0,1,-10,0,-8,-14
-571,0,-2,1,3,-5,2,1,1,0,0,10,-2,3,12,10,0,0,-7,-12,-12,-1,-10,10,-1,10
-1143/2,0,0,0,1,2,6,5,1,-3,2,-6,10,2,4,-11,-6,0,13,8,-9,0,10,2,-3,9
-1144/3,0,0,0,1,0,-7,-3,1,6,6,2,8,2,4,-4,-2,6,-1,-12,-3,-13,1,4,12,2
-1143/7,0,-3,2,-5,0,0,2,1,-3,3,-5,11,-4,8,-6,-4,0,-4,2,-8,11,5,3,0,12
-282,-1,0,3,-5,-3,-5,1,-2,-8,-5,-4,2,-6,-10,-8,3,-4,-5,14,-1,-4,-9,-7,-6,-5
-3683/3,0,0,2,1,0,1,-6,0,-4,-10,-6,10,6,2,4,10,-9,-2,5,4,11,-12,4,10,8
-3682,-1,-2,3,1,-2,2,1,1,-8,4,2,10,6,8,-11,6,10,-7,10,-8,-6,6,-3,-3,-2
-37/70,0,-2,0,-5,6,1,1,-2,-3,0,2,-11,0,2,-6,6,-2,-5,-3,-3,2,-16,4,-1,-8
-1481/2,0,-2,-2,-5,-1,6,3,-2,3,0,10,10,-6,-12,-6,6,6,-8,-12,3,10,-12,6,-1,-8
-741,0,0,2,0,4,-7,1,1,6,9,3,7,-6,4,7,-3,-13,-7,4,15,11,-8,4,-8,6
1810157,0,-2,3,1,0,4,2,1,3,-4,-5,-1,-9,1,-8,1,-3,1,0,10,0,-9,10,18,8
-4/435,0,0,0,3,-2,-5,2,1,6,-6,-9,-2,-1,-4,-11,6,-4,8,10,-15,4,6,-10,-6,6
-7/198,0,0,0,1,-2,0,-3,-2,3,9,-6,-2,-6,12,-1,-2,0,6,-3,0,0,-6,1,-10,7
-4/199,0,-2,1,0,4,6,5,1,1,4,-1,-2,4,7,0,-4,-4,-2,-12,-15,8,8,1,-1,-18
97/38,0,-2,1,1,-3,6,2,-2,6,3,-5,5,-5,9,-11,6,0,-6,-10,8,-5,9,-11,-6,8
-66/29,-1,0,4,-5,0,-5,2,0,1,-6,-6,7,7,-6,-6,6,-14,-3,4,-9,-10,-1,1,-13,-5
-7/330,0,0,0,1,-2,-1,3,1,6,-7,-9,11,-6,-2,10,1,-4,1,2,16,8,12,4,6,13
1/40,0,2,0,3,0,2,2,-2,-9,-5,2,-7,12,-7,4,-14,-9,1,-6,13,14,0,2,-14,-7
1/160,0,2,0,1,-1,2,2,1,-4,-7,-7,-10,10,-4,12,-3,0,1,-2,12,-6,1,6,-6,-14
832/11,0,-2,-3,-5,-2,-7,2,-2,-3,6,-1,-2,6,-6,-7,5,6,5,12,-12,6,10,-3,8,-6
1664/23,0,2,3,1,-2,-7,5,-2,0,5,-5,-2,7,4,6,7,0,10,-14,-5,-16,11,17,3,-12
1661/23,0,2,3,0,0,2,-6,1,0,-10,-8,-3,-2,-6,-6,6,4,8,-2,6,4,6,-6,-14,-3
156,0,0,4,1,-1,-7,2,1,6,4,2,-2,-2,2,-6,11,-4,8,-11,0,-4,-7,-16,12,9
105/2,0,0,0,1,-2,6,-1,1,6,0,6,-10,8,12,-3,-4,8,-8,11,-4,-5,6,17,-17,-2
308/3,0,0,0,1,0,1,6,-2,-8,-4,-1,-8,-9,12,10,-11,-12,10,-8,-12,-2,8,1,-4,-18
311/5,0,2,0,1,4,-5,4,1,3,10,-7,-2,0,4,1,1,-11,-4,-11,-7,-11,8,8,1,-2
-4/465,0,0,0,0,2,2,2,1,-3,-2,2,-6,-4,-2,-3,6,11,10,12,13,4,0,-7,-14,2
-1/468,0,0,3,0,0,-2,5,-2,-4,6,1,-7,-6,-1,-8,-10,-11,-6,12,-12,-2,11,4,-16,8
-5/468,0,0,0,-5,-5,-2,1,-2,6,-4,10,2,-3,-6,-4,-4,6,-1,-4,-9,12,-10,-3,-14,14
-3/935,0,0,0,0,-2,1,-2,1,-3,-5,10,5,7,-12,4,6,-1,-1,12,8,10,-10,-4,-7,14
9/197,0,-3,-2,1,-1,4,-5,1,2,9,-4,-5,-5,8,2,6,10,-1,3,3,14,-10,17,-1,12
7/197,0,-2,4,1,-3,2,3,0,-4,2,-9,-5,0,4,12,-6,-2,4,8,12,-8,-6,2,1,8
16/387,0,0,3,0,0,6,-3,1,-9,3,1,2,10,-12,4,-3,-4,13,9,7,11,-7,-1,10,-2
8/195,0,0,0,1,-5,-2,4,-2,3,0,-7,5,8,5,0,0,0,-5,4,-15,4,-14,4,6,8
65/56,0,2,0,-5,6,-7,-3,-2,6,4,0,-5,-6,2,4,-14,6,-3,2,2,-5,15,10,2,-3
40/29,0,-2,0,-5,-5,-1,-4,1,-4,-6,3,-3,-3,5,-7,6,-4,10,8,2,6,-16,12,1,-12
-43/75,0,0,0,-5,4,2,-5,1,1,-4,3,-1,-6,-1,-6,-2,0,-2,10,6,2,-8,-16,-4,-5
-22/365,1,2,0,1,0,-5,-1,1,-3,-8,3,-10,7,-6,4,-2,6,-8,-14,10,-6,5,2,0,-2
-7/121,0,-2,-2,1,-2,-5,2,1,6,4,1,-2,-3,-6,0,-6,-3,8,5,-12,-6,6,12,-12,2
-87/86,0,0,-2,1,4,6,5,1,-8,-10,-1,10,8,-12,12,9,8,8,8,-15,2,5,16,1,1
4225/3,0,0,0,1,-3,-7,2,1,-3,-8,3,11,4,-6,8,1,6,-1,-2,10,-13,12,-4,-17,11
101/11,0,2,0,1,-2,-5,2,1,-3,-2,3,2,-9,-6,3,-2,-11,-3,-11,-15,0,0,3,-15,11
-604,0,-2,4,-5,-5,6,-3,1,-8,-4,4,-7,-1,-2,0,-11,6,1,4,-15,-14,13,12,8,2
-87/71,0,0,2,-5,0,-5,2,1,4,-10,3,6,-3,1,8,-14,-3,8,-6,4,-6,0,-4,6,2
27/76,0,0,0,0,2,-6,2,-2,-8,4,-9,-3,6,-10,3,-3,6,10,10,-7,7,-8,-3,-9,-3
30/77,-1,0,0,-5,-2,-1,-4,-2,-8,-8,-6,-5,0,7,2,1,2,6,10,3,8,-8,-16,3,2
61/86,0,-2,2,1,0,-6,-1,1,-3,-8,-5,10,-6,-12,4,6,-9,-13,2,16,8,-11,6,-9,1
31/42,0,0,3,-5,-5,-6,-5,-2,-8,-10,-10,-2,-1,-12,3,-6,0,13,-3,2,1,5,3,2,8
56/83,0,2,3,1,-1,-6,-5,1,0,6,-9,6,2,-4,-8,6,6,-6,4,0,2,-10,-16,5,-1
11/17,0,2,-2,1,0,-6,-2,1,6,4,-4,-2,8,12,4,6,0,-2,2,13,4,4,6,3,1
65/84,0,0,0,-5,-2,-7,2,0,1,-5,1,-7,-6,-9,0,-6,-4,10,-14,3,-4,6,-6,-1,8
64/83,0,-2,-2,1,4,-5,-6,0,-8,9,6,-2,2,-10,0,1,-12,10,11,6,7,8,-16,8,10
-1511,0,2,2,0,4,2,-6,1,3,-8,-1,-1,1,4,10,-4,8,10,-12,-15,2,-15,3,0,-3
-1813,0,-2,-3,1,-1,6,-5,-2,0,3,4,-11,8,-10,4,6,6,-6,4,-9,12,-1,5,-3,-6
-9065/2,0,-2,0,1,4,4,5,1,6,-4,-5,-11,-9,-1,-7,0,7,5,9,-9,7,-12,0,10,2
19/8,0,-2,3,-5,-5,-5,-3,1,3,-4,-1,10,4,4,4,10,-1,-2,-14,6,4,-10,1,-16,2
-710/11,-1,-2,0,0,-2,-5,2,1,-8,-2,-1,5,10,-2,-6,-2,-4,2,-4,-12,4,15,3,-4,14
-354/7,1,0,2,-5,2,6,5,0,6,-3,2,-10,6,-6,-10,6,-12,-12,4,-12,12,-6,0,-10,13
-237/8,0,0,0,0,-1,4,5,1,6,5,-9,-8,0,12,-6,-4,6,-7,-10,-12,-5,4,-3,-15,-1
-239/5,0,-2,0,-5,4,6,-1,-2,1,4,-1,-8,7,8,-6,-4,8,10,-2,13,6,1,12,1,13
-238/9,1,0,3,1,0,2,-8,0,-8,0,-1,11,10,8,-11,1,-13,-5,3,4,11,8,1,-14,5
-237/5,0,0,0,3,-5,0,1,1,-8,0,-9,-10,10,6,6,1,-4,8,12,0,0,4,12,6,-10
-236/5,0,-2,0,1,6,2,2,1,6,-4,-8,-8,-7,-1,0,-2,-12,4,6,9,-2,8,6,-10,10
24/25,0,0,0,1,0,0,2,1,1,2,-9,6,-3,-1,-11,-4,0,6,2,-3,-7,-10,0,-6,-2
55/36,0,0,0,1,0,6,-6,0,2,-5,3,-5,-4,1,-8,1,-4,-2,-11,-15,-7,0,-16,6,-6
-79/268,0,-2,-2,1,4,-5,1,1,3,-8,1,-7,-7,2,6,10,-4,-7,0,7,-2,4,3,-13,8
-19/67,0,-2,3,-5,-2,2,-6,1,-8,3,-8,-2,-5,-6,8,6,4,8,0,-1,2,-1,-11,-10,2
-37/135,0,0,0,1,2,1,2,-2,-4,-3,-1,-11,-6,-6,8,6,-11,8,-12,8,-4,-14,4,-8,2
-71/269,0,-2,0,1,6,-5,4,1,-4,-7,-10,-8,-4,-6,-6,-9,4,13,4,-12,-10,-11,-9,6,-9
-68/273,0,0,2,-5,-5,-2,-8,1,-3,-2,2,10,12,2,-6,6,-10,2,0,-9,14,8,17,10,-14
-69/274,0,0,1,0,-2,-1,-3,1,-7,-5,-1,-7,12,-10,-6,6,-3,10,-11,0,-5,4,3,2,17
50282,1,-2,3,0,-5,4,-3,1,0,-2,-10,7,6,9,8,-6,-14,6,-12,0,-13,11,-9,-12,17
452537,0,-2,-3,0,0,6,2,-2,1,0,1,11,6,2,0,-4,0,-7,11,5,-4,8,2,18,-2
905085/2,0,0,0,3,0,-6,5,-2,2,-5,-1,2,-6,-9,-7,-6,-12,10,-8,-12,-5,-8,0,-2,14
301695,0,0,0,1,0,-5,-3,-2,0,-5,3,-10,-6,8,4,3,2,-4,-14,13,-4,6,-16,-6,-2
150846,-1,0,4,3,-2,6,2,1,1,-5,-10,-10,-9,4,0,6,-12,-12,-10,12,0,8,-1,1,10
-11/138,0,0,2,1,0,2,2,-2,0,3,-4,11,-7,4,-6,-6,-13,4,-7,8,-6,5,-10,0,8
-31/414,0,0,4,-5,4,-1,-4,-2,0,6,-10,-7,2,-4,10,3,2,-12,10,0,-14,-16,3,-6,-7
-12/205,0,0,0,0,-2,-5,2,-2,2,2,2,6,6,2,-6,-11,1,-1,-11,-3,-14,-9,6,-14,2
-14/205,1,2,0,1,0,-1,2,-2,3,6,-9,-2,6,-4,1,-6,-4,10,-12,5,-16,8,6,18,-14
-32/411,0,0,0,1,-2,-1,6,-2,-8,4,-9,6,8,-1,1,-2,6,2,4,15,12,-7,-3,-14,18
-35/411,0,0,0,1,4,6,5,1,0,6,0,-5,1,1,-8,3,-4,1,12,15,-6,-1,7,-3,2
-13/205,0,-2,0,-5,2,-7,-3,1,6,-5,-1,-5,6,4,4,6,0,2,-3,-6,2,13,-8,-1,-9
-11/207,0,0,0,1,0,4,-6,1,0,3,-4,10,2,-3,8,-12,-3,-6,-10,-12,-6,-16,4,18,-19
-13/202,0,-2,4,1,4,-7,5,-2,-8,9,-5,-2,-6,-6,0,-6,6,2,-10,-4,4,-4,-4,6,9
-5/101,0,-2,0,3,-2,-6,2,1,6,10,3,-5,-6,-7,12,-3,10,8,9,14,-13,5,1,-3,6
-9/934,0,-3,1,-5,0,4,-4,1,-3,9,-8,7,-6,4,0,3,-1,-8,11,6,-4,-1,8,6,8
-5/934,0,2,0,3,4,-1,2,-2,-8,-2,-1,-7,0,-1,10,-10,-14,-10,0,0,0,5,-7,-13,10
-2/469,-1,2,2,-5,2,4,-1,-2,6,-5,0,-1,8,-2,4,-10,7,1,0,3,-6,-10,-3,-12,-12
1/469,0,2,1,-5,0,2,6,-2,6,-4,-1,-2,6,-9,-8,-11,0,10,0,9,-11,-16,1,-15,14
109/8,0,-2,-3,-5,-3,6,2,1,-3,10,-6,-7,-4,-10,-6,9,-2,1,-11,-1,-6,-16,-4,0,2
107/6,0,0,-2,-5,4,6,5,1,4,9,1,-11,-1,-4,4,10,1,6,-10,0,7,6,-6,3,-14
43/91,0,2,-3,-5,4,-2,-1,-2,-8,-10,-7,5,2,-1,0,3,-4,-11,4,-4,-6,-16,-16,-6,-5
41/88,0,-2,3,-5,-2,-5,-3,1,3,-5,-4,-3,-4,10,2,3,-11,-6,14,15,-16,11,-3,10,-7
1/20521,0,2,4,1,-1,0,-4,0,4,0,1,6,-7,-1,1,6,6,-8,6,7,2,-8,16,-3,-5
5/20523,0,0,0,1,-1,0,2,1,0,6,-5,-2,-7,-1,13,-6,4,10,3,3,-8,4,-6,-14,14
6/20525,-1,0,0,1,4,2,4,1,-6,-3,-6,6,2,-4,1,6,6,-8,2,2,-8,1,2,-15,8
7/20523,0,0,2,1,4,-5,-5,1,-3,-2,2,-2,-1,4,-4,-7,-4,5,12,5,-13,-14,6,0,-12
1/5131,0,2,4,-5,0,1,5,0,1,3,-6,-2,-9,4,12,-4,-4,4,2,-2,-6,15,17,-6,-19
1/20524,0,2,1,-5,4,-5,1,1,-8,-10,4,-5,-6,-4,0,-6,6,13,-11,-4,-14,-1,-6,18,-4
15/82096,0,0,0,-5,4,0,2,-2,-8,-3,-4,-5,-5,8,-6,-6,0,1,-4,5,-13,0,3,-4,-5
11/82098,0,0,3,1,0,-5,-4,1,-3,-10,-4,-7,-3,-6,-8,-9,-3,-7,4,7,-9,4,11,0,12
1/5474,0,-2,1,-5,0,2,-2,-2,0,-2,10,10,-7,-4,-6,1,11,-10,-3,-12,1,10,3,0,8
9/41054,0,-3,4,-5,6,-2,-3,1,4,-7,-10,10,-9,8,-3,-2,4,-1,5,3,-1,12,6,12,-3
8/20527,0,-2,1,-5,0,-2,4,1,3,10,-1,7,-6,-2,-6,-2,6,10,10,2,0,-16,4,-2,16
3/20528,0,0,2,1,4,1,-5,-2,2,0,4,2,6,7,-1,-9,-14,2,3,-12,8,15,-15,6,8
3/11729,0,0,3,1,-5,2,2,-2,-4,-1,-1,-8,-6,-1,4,-4,4,-12,5,8,7,-1,6,3,17
5/11729,0,2,0,3,0,-6,6,1,6,4,1,-8,-4,8,4,11,0,1,0,-6,2,-7,16,-12,-2
-2/7465,-1,2,0,-5,2,-5,3,0,4,-3,-8,6,0,4,-8,-10,-4,-7,-12,0,2,-1,-12,-4,5
3/7465,0,0,0,0,-1,2,-1,1,6,6,0,-8,-6,9,-3,1,-2,13,-5,11,-6,6,-3,-10,-7
-1/11734,0,-2,0,3,-3,-5,-3,1,-8,-5,-4,-7,-6,-1,-7,-7,-7,-11,8,8,4,1,-3,-12,1
2/5867,-1,2,4,1,2,6,4,1,-3,-8,-1,5,12,-4,-6,-11,-5,-7,6,-5,6,-8,2,-1,-1
1/2933,0,-2,-2,-5,0,-5,-6,-2,6,6,10,2,4,0,12,1,0,-10,-8,12,-1,-14,0,-2,-18
43/18,0,0,2,1,-2,-6,-4,-2,-9,-2,3,-7,8,-1,12,-4,6,0,4,14,-6,-7,0,-12,9
43/21,0,0,-2,-5,-5,6,5,1,-3,7,-5,-3,-5,-1,7,11,-4,8,0,-6,7,11,4,8,2
23/101,0,2,-3,3,2,2,5,-2,-7,-5,1,-1,-6,-1,4,-10,6,-8,-2,-15,-16,-4,12,-9,-6
-98,-1,2,0,1,-5,-6,-3,1,-8,-10,-9,10,6,12,-6,6,-1,13,-5,0,4,-14,0,1,8
-91/94,0,-2,0,1,4,-7,2,1,1,4,-6,8,-4,4,3,0,-2,-10,-7,14,-14,-16,-15,3,-14
-2/1345,-1,2,0,-5,-2,-5,3,-2,0,9,-5,-10,-1,8,0,-4,0,6,3,7,-6,8,-16,-14,-6
1/1342,0,2,2,3,-2,-1,3,1,-8,4,2,2,7,0,-6,-2,-2,-4,-10,-8,7,8,4,10,14
-5/1347,0,0,0,3,6,2,2,1,1,9,-2,-8,0,9,-6,9,-14,0,16,9,2,-14,0,-3,7
-8/1349,0,-2,-2,-5,-1,6,-1,-2,-3,9,0,-6,-7,8,8,-3,0,2,-7,4,-2,8,2,10,17
-7/1346,0,2,-2,1,-5,6,-4,1,-3,-8,-5,10,-6,8,0,-3,4,-3,-3,15,14,2,-16,-3,-3
-7/9421,0,-2,-2,1,-2,-5,-4,1,3,0,1,-5,-3,4,-11,-2,0,2,10,-8,-14,-6,6,-14,-18
-1/591,0,0,2,1,-3,0,-3,1,6,0,0,8,-6,-1,10,-11,4,-7,16,-3,-5,12,-3,0,2
-1/2358,0,0,2,0,0,-5,1,1,-8,4,0,2,-9,4,0,-6,-14,10,-5,0,-5,13,0,0,11
-4/2357,0,2,2,1,2,6,6,1,6,3,-9,-10,6,-2,-2,-6,-2,-7,-11,8,-1,10,1,-15,8
-48/25,0,0,0,1,2,-1,5,-2,-4,-5,-1,-8,3,-6,-6,-11,-5,-10,-2,-15,-16,15,-4,-14,14
-51/2,0,0,-3,1,-1,6,-8,-2,-3,-10,-8,-6,-5,-3,0,-3,6,-1,10,-8,0,-10,-3,8,6
-46/77,1,2,0,-5,-2,6,-1,-2,-7,6,1,-10,-6,1,7,6,6,-11,-2,13,-11,-8,-7,9,0
-4/7,0,-2,2,-5,-5,-5,2,-2,2,4,-9,-5,-6,0,-2,9,-5,1,2,15,11,-7,-1,10,-3
-37/25,0,-2,0,3,2,4,-5,1,-6,-7,2,-11,10,-7,-6,9,2,6,16,-12,-2,-14,4,0,-4
-5/53,0,-2,0,-5,0,-5,-5,1,-9,4,-10,10,3,8,0,5,-5,-12,14,8,-2,-8,-3,2,11
-77/5,0,-2,0,1,0,-5,2,1,-8,-7,-4,6,-6,-10,0,-2,-1,-1,8,4,-2,-10,2,-12,-2
-79/6,0,0,0,1,4,0,4,1,2,4,1,-6,12,4,-4,-2,-11,-6,8,-6,1,4,10,18,12
37/62,0,-2,2,-5,6,-5,-3,1,-8,-7,2,-11,-2,7,-6,6,-4,1,8,14,-5,8,-4,2,7
-762/5,-1,0,0,3,2,2,-3,-2,0,10,0,-2,4,7,0,-6,0,0,-6,-3,-5,-14,16,6,12
-11/909,0,0,4,-5,0,4,2,-2,-3,-2,-6,-2,6,5,8,-2,-2,5,-4,13,4,-8,-6,1,9
-15/913,0,0,0,1,-2,-5,2,1,1,4,1,6,12,4,7,0,0,8,-7,-3,-2,-8,-16,-14,17
-1/76,0,-2,1,0,-5,6,-6,-2,-3,-5,3,10,-9,-1,1,-4,0,-13,8,0,4,-14,9,10,10
-3/455,0,0,0,-5,-1,-2,2,-2,-9,10,-1,-6,-4,-10,11,6,-2,-4,-4,3,-2,4,12,-15,-3
33/43,0,0,4,-5,0,-5,5,1,1,0,-9,-11,0,-12,-6,-6,11,-10,2,-9,4,-10,4,12,14
-47/860,0,-2,0,-5,-3,-1,2,1,-3,-2,-6,-2,1,-12,-8,-2,-12,1,14,4,8,-10,2,-1,16
-42/857,-1,0,1,1,0,1,5,-2,-6,4,2,-6,-1,-7,6,5,-9,2,10,8,14,4,-7,-6,2
-8/213,0,0,2,1,0,2,4,-2,4,-4,-6,-2,12,-1,-4,-2,-13,10,2,4,4,-14,0,4,8
-19/287,0,2,0,-5,-2,6,4,1,-3,4,8,6,6,1,-6,6,-1,6,4,-15,-11,-4,4,10,-19
-50/97,-1,2,0,0,-2,-1,-1,-2,-3,-3,3,-6,-3,9,-8,-3,1,2,-12,13,-6,5,1,-1,4
-50/101,-1,-2,0,1,0,-5,3,-2,-4,9,8,-2,1,7,1,6,-2,10,-10,3,-16,-16,7,-12,17
-99/59,0,-3,2,1,0,2,5,-2,-8,-5,-6,2,2,-6,-6,6,10,-10,11,15,-2,0,10,-6,12
-65/6,0,0,0,1,-1,-7,-4,1,-6,2,0,-7,0,-4,0,-6,4,6,12,2,4,10,0,6,17
-976/81,0,0,1,0,0,-5,-5,-2,-8,-5,-5,6,-2,-4,4,1,-1,-13,4,13,4,-6,-16,-6,12
-490/39,1,0,0,1,6,-2,-3,1,-3,0,-2,2,12,9,-4,-3,-1,-4,5,-1,12,-10,12,-10,-7
-984/85,0,0,0,3,0,-5,-2,-2,-9,0,1,6,-4,4,-11,10,5,-11,9,-3,2,6,4,12,-12
-986/83,1,-2,-2,1,0,1,-8,-2,-3,-10,10,-7,-9,10,0,-10,-4,0,-11,-7,11,-9,-16,-1,-6
-488/39,0,0,-2,-5,-2,-2,4,1,0,6,2,-2,-9,-10,8,11,0,-13,-13,-9,-14,13,-11,-10,-12
-493/43,0,-2,1,-5,0,2,-8,1,3,-10,-1,6,6,-12,0,-2,4,13,12,-8,11,-6,3,-14,-7
-49/101,0,2,2,1,-2,6,5,-2,-3,4,-8,-5,-3,5,10,-2,0,1,-5,6,-14,11,6,-6,0
-26/49,-1,2,2,-5,0,-7,-3,1,-4,3,-6,-8,-9,-4,1,-11,-4,1,-14,-4,10,4,0,-17,18
86/39,1,0,1,-5,4,-2,1,-2,4,-8,3,-1,-9,-1,2,10,-3,-1,0,5,0,-6,1,2,11
-1/406,0,-2,1,-5,-5,-5,-4,1,-8,-6,1,8,-1,4,0,1,-7,10,4,-9,-5,4,-15,-1,17
-7/408,0,0,4,1,-3,-1,-2,-2,-3,4,3,-6,-3,-7,1,6,-7,-2,-3,8,2,8,11,-8,1
-1/116,0,2,2,-5,0,2,-5,1,-4,-6,-10,-7,1,-4,13,-4,-14,8,-12,-15,14,-10,2,-3,-3
1/114,0,0,2,-5,-2,-5,-1,-2,-4,3,3,-7,8,4,10,2,4,8,-3,9,2,-8,1,2,8
-2/57,-1,0,2,-5,6,2,5,-2,0,-7,10,10,-6,-4,0,-4,0,4,-13,-12,2,15,1,-9,-14
-84/89,0,0,1,1,-3,1,-3,-2,-3,4,-8,-11,-4,9,0,-11,11,-6,5,3,-1,12,6,-8,9
107/10,0,-2,0,3,-2,6,-4,1,-3,-7,-1,10,2,9,12,6,0,1,11,-9,-4,11,12,-4,8
-4/103,0,-2,3,1,6,-5,-3,1,6,6,3,-5,-2,4,4,3,6,-6,8,0,10,6,-10,-1,-1
77/27,0,0,2,1,0,6,-5,1,6,-4,-10,5,2,-7,3,1,7,-7,4,13,-10,-16,15,-14,2
-74555/3,0,0,0,3,-5,-7,-3,-2,-9,4,-10,-11,6,12,-6,-4,0,10,4,3,-2,11,-4,6,18
-24852,0,0,-3,-5,0,-5,-6,1,3,4,1,-8,0,4,7,-7,-10,-11,-4,-13,-6,13,6,12,-14
3/938,0,0,4,-5,-5,-5,4,-2,0,0,3,5,-3,2,3,-4,-4,13,0,-4,-1,10,12,-9,-5
1/375,0,0,0,1,-5,-6,4,1,6,3,-8,-2,-9,-4,-8,-10,6,8,-6,-9,2,4,10,18,-12
-4/469,0,-2,2,-5,-5,-1,2,-2,-4,-4,1,-7,-6,-6,-1,-2,-2,-6,0,-12,11,-8,0,-6,8
-756,0,0,1,1,-2,4,-4,1,-8,-1,10,-2,2,-6,-6,-2,-9,1,3,6,-6,-9,0,6,8
-757/2,0,2,2,3,-5,-5,-3,-2,-3,9,-5,-5,-1,6,0,3,4,6,9,10,12,-15,-16,-2,-6
-751/5,0,2,0,0,2,4,-3,-2,-4,-10,3,-7,-7,-3,11,-4,-11,-7,1,0,-11,6,6,-13,-12
-755/6,0,0,0,1,0,0,-3,1,-6,-3,-2,-5,-5,-3,0,6,-2,2,-11,8,-13,-4,16,12,1
-37620,0,-3,0,-5,0,0,4,1,6,6,-1,-7,-6,2,-6,6,6,-6,-10,-8,4,-16,3,0,-6
-75241,0,-2,2,1,6,1,4,1,-3,3,-9,-2,0,4,12,3,-4,-2,-5,3,2,10,-16,3,-1
-75237/2,0,0,1,3,4,2,5,-2,-8,0,-10,6,12,7,12,-6,0,-10,-12,-9,-1,8,4,-4,13
-37619,0,2,4,1,-5,1,-6,0,-3,2,0,-5,-3,-4,0,-9,8,6,-14,-5,0,-8,-7,10,-7
-75238/5,1,2,0,0,4,-1,5,1,-4,6,6,-8,-3,7,-10,-3,-2,-13,-7,-9,-9,6,1,1,1
-75235,0,-2,0,0,4,-1,1,1,-8,7,-6,5,-4,9,-8,-2,9,-7,8,6,0,0,14,1,10
-12539,0,2,0,-5,-5,-6,1,0,-9,-10,4,-8,-9,-6,4,-9,2,-1,9,8,-2,-7,-16,-13,7
-37617/4,0,0,0,1,0,4,4,1,-4,0,3,-2,-5,4,-11,6,-2,-1,4,-3,-2,-15,-15,-1,-19
-37618/3,1,0,1,1,0,2,4,-2,3,-5,-9,-5,-3,12,0,-14,1,2,-8,12,-6,-16,6,-14,14
-18809/2,0,-2,-2,1,2,2,2,-2,4,-4,-10,-8,-6,5,11,1,4,-11,2,4,0,15,-3,-6,1
-9403,0,-2,-2,-5,-1,-1,5,1,0,6,-8,-3,0,-7,0,-2,-3,-7,2,15,11,-7,0,18,14
95/21,0,0,0,-5,-3,6,5,1,6,0,6,8,7,-4,6,-6,10,8,-2,0,-13,-16,6,-10,6
93/19,0,0,-2,1,-1,-1,-3,-2,-8,4,-10,8,6,1,-8,-4,1,1,11,-6,-13,-9,-4,-6,-7
-4/137,0,2,-2,1,0,-5,-3,1,0,6,-1,-10,-4,8,2,-7,4,10,4,-2,-6,-4,0,-12,-19
-10/137,-1,2,0,0,0,-6,1,-2,6,2,-10,10,-1,12,-4,-2,-11,6,11,-1,-16,-14,6,10,-5
4223/6,0,0,-2,-5,0,-5,-3,1,6,5,-9,10,-4,1,-6,-10,6,1,12,8,-4,5,3,-6,-3
4225/4,0,2,0,0,-2,-7,5,1,0,-4,1,10,12,6,1,3,11,-13,12,13,-5,-8,-16,12,13
2111/4,0,-2,2,0,0,4,2,-2,-6,9,-2,-5,-6,-6,-8,-9,2,0,2,4,4,-9,15,-1,8
4222/7,1,2,4,-5,2,6,-3,1,-3,3,1,11,0,4,11,-7,-14,6,3,6,5,-5,12,18,6
2117/4,0,-2,-3,1,-3,-6,5,1,2,-10,1,10,0,0,-8,-2,-4,4,-3,11,-11,4,12,-15,8
-67103,0,2,-2,1,0,1,-3,1,3,5,3,-2,-6,4,1,1,0,-6,5,4,2,1,-13,3,12
-89470,1,-2,0,-5,-3,-1,4,0,-7,-3,-9,5,-2,-1,-6,7,13,-6,2,-12,0,5,-6,0,12
-268413,0,0,-3,1,0,4,-8,1,-4,4,4,-7,-6,-10,-1,-11,-3,-3,4,9,-13,-15,15,10,18
-67105,0,-2,0,-5,2,2,5,-2,-3,4,1,10,-6,-6,7,1,-3,-13,-10,-12,-2,-4,-4,-6,10
-134206/3,-1,0,-3,-5,0,0,2,1,-3,-7,-1,-5,2,10,10,-11,-13,5,-12,12,-10,-5,3,0,-18
-268414,1,-2,0,0,0,2,3,1,-9,10,0,-2,0,6,-7,-2,-11,2,2,-3,-6,13,-3,-13,-12
-134209,0,-2,0,1,-1,1,-5,-2,-9,5,-8,11,6,4,0,-10,6,-7,-14,0,-10,-6,12,3,2
-268415,0,2,0,1,4,-1,5,-2,6,0,-1,-7,-6,5,4,-4,10,-1,-10,7,11,12,0,6,-2
-268420/3,0,0,0,3,0,2,-4,1,1,4,3,-2,6,0,-8,-4,0,8,-14,-12,0,-14,10,18,-14
-178942,1,-2,-2,1,2,1,-8,1,-8,-5,-8,11,2,0,1,-2,4,10,8,-12,-2,13,4,-12,6
98/83,-1,2,4,1,0,-5,-6,-2,3,3,0,-2,6,-3,0,6,11,-2,3,8,-10,-8,-16,4,-14
95/81,0,0,0,0,6,2,-5,1,2,-10,-5,-2,4,0,-6,6,0,-11,-12,-9,7,-14,-16,-6,-12
29/47,0,2,3,3,2,0,2,1,2,-10,-9,2,-9,-6,3,-14,-4,-4,-11,5,-6,10,-3,1,-2
-10/43,1,-2,0,-5,6,-5,2,-2,3,7,-7,5,-5,-12,-4,-3,1,-3,8,-6,0,6,2,-6,-14
-7337,0,2,0,1,0,-5,1,1,-7,-10,1,2,-7,8,-8,-4,-4,-3,12,-9,-7,-12,-7,5,6
-7338,-1,0,-3,-5,6,6,-5,1,-4,0,-5,-7,-6,9,0,6,-3,1,-12,-6,4,4,6,-14,-14
-189,0,0,0,1,0,-6,5,0,6,3,-4,5,6,-1,-8,-4,-4,0,-8,-12,7,-16,12,9,-12
-379/2,0,2,-3,3,-2,6,-5,-2,2,0,3,2,-5,-1,3,-6,-7,13,12,14,-16,-14,-4,-6,1
-8/203,0,-2,2,-5,4,6,-3,-2,6,-6,-5,-5,-5,9,-8,1,-11,13,4,-2,-8,-15,17,9,1
73/4,0,2,-3,1,6,0,2,1,-3,4,-9,-7,6,1,-10,-7,13,-5,-14,7,-11,11,4,0,14
49/31,0,2,1,1,-2,0,6,1,-3,10,2,6,8,8,0,-7,-4,1,-10,-12,0,8,2,1,17
99/62,0,0,0,1,0,-6,-4,1,-4,5,2,8,-3,-12,-11,-9,13,8,2,-5,2,15,12,-15,-7
-13/121,0,-2,-2,-5,-2,-7,-6,1,-8,0,-7,-3,0,8,-7,-6,10,13,12,12,14,-14,-7,-16,1
-45/424,0,0,0,0,0,-1,5,1,3,-5,-1,-6,-4,1,4,5,6,-2,12,-1,-6,13,-16,3,6
-42/425,-1,0,0,1,4,-5,-2,-2,-3,10,0,-5,-4,-6,-4,-9,-13,-5,11,12,-13,10,8,10,13
-7/71,0,2,-2,1,-2,2,-4,1,6,-3,-9,11,2,-9,-2,-11,-12,-10,8,4,5,-8,6,9,-2
-48/425,0,0,0,3,-5,6,-2,1,0,0,-9,-7,-6,-6,0,-7,-2,13,-6,-7,-2,-9,4,-12,9
-46/425,1,2,0,1,2,-5,-2,-2,-7,6,3,10,0,6,-8,9,4,-5,8,-6,10,4,9,1,-2
-15/139,0,0,0,0,-5,6,6,-2,6,-5,1,2,-6,4,-11,-2,13,4,-11,3,12,15,12,-15,13
-19/212,0,2,0,0,-5,-5,-3,1,6,3,1,10,8,6,6,5,0,-2,-3,3,14,-4,2,-14,-10
-43/427,0,-2,0,-5,4,0,-3,-2,6,0,0,5,-3,-1,2,4,0,-4,2,8,2,10,3,-12,3
-43/426,0,0,3,0,4,2,-3,1,2,-5,8,-7,-6,-1,0,-7,13,1,12,4,14,-4,-4,-1,-5
-39/424,0,0,2,1,6,-7,2,-2,-8,6,2,2,1,7,-6,5,0,13,4,5,-13,-16,2,-7,-6
-31/7,0,-2,2,-5,4,1,5,0,1,-5,-10,-7,-3,-7,6,1,6,13,14,15,11,0,-3,-1,-3
-21/4,0,0,2,1,-2,4,3,1,1,-7,10,-8,-6,2,-10,6,0,-2,12,-7,-1,-8,3,-8,10
-29/6,0,0,0,0,0,-6,5,-2,-4,-10,-8,2,-7,12,-7,-14,4,-1,5,6,14,-10,15,-13,3
-57/11,0,0,0,-5,-2,-1,4,1,-4,-5,1,-2,1,6,-3,6,10,-6,2,15,0,0,-4,10,18
-53/13,0,2,1,-5,-5,-2,-4,1,-8,4,0,10,-6,1,8,-10,4,-2,-12,8,4,0,8,-12,-5
92/15,0,0,0,0,-5,6,2,1,-7,10,-6,-5,4,4,-7,-2,-14,5,1,0,0,4,-9,6,-2
33/14,0,0,-2,-5,0,6,-5,0,0,0,-5,-2,-6,6,-8,-2,-11,5,2,-7,-4,-14,1,0,10
-9/455,0,0,0,-5,2,-2,5,1,3,4,-10,-5,6,-2,4,-6,6,6,8,8,-13,9,4,-17,-7
-14/909,1,0,1,1,0,2,5,-2,6,4,3,-11,-9,-12,12,-6,-12,1,-2,2,-6,-6,4,6,-12
109/11,0,-2,1,0,-2,-5,-3,-2,1,-7,-2,-7,-5,-4,-6,-12,-13,-5,5,-12,-5,-14,-4,6,0
981/95,0,-3,0,1,4,-5,-3,-2,-3,5,1,-2,6,1,0,0,-12,-7,-3,-9,0,11,0,-6,2
989/95,0,2,0,-5,-2,2,-6,-2,-7,-2,-1,5,0,-1,4,-2,6,-13,2,8,4,1,12,18,2
17/44,0,2,3,-5,-2,-6,-8,1,-8,-4,10,10,-2,-6,4,-14,-5,0,10,-1,12,-1,-16,12,-6
19/3932,0,-2,2,0,2,2,2,1,0,-2,-8,10,7,-6,6,-2,-14,1,5,-4,-14,-15,-3,1,2
37/7866,0,0,3,1,-3,4,-3,-2,0,-8,2,-11,4,4,-11,-11,13,13,5,6,-13,-8,-10,6,-6
1/281,0,-2,4,0,-1,-5,-6,-2,4,4,4,-3,-3,9,-8,6,-2,-2,5,-9,-14,4,5,-12,-19
5/1971,0,0,0,3,0,6,6,1,-9,-3,-6,-5,-4,6,8,-2,-12,-10,6,5,-6,-14,-7,-15,-10
4/391,0,2,1,3,0,-5,-2,1,0,0,1,-7,-4,-6,0,-11,-4,-1,1,-12,-2,8,6,-14,13
3/656,0,0,0,1,-1,6,-6,1,2,-4,-9,5,6,-12,3,-10,-4,5,-6,6,-13,-12,10,-10,-4
14/3933,-1,0,-2,1,2,0,-3,-2,0,-2,3,-2,8,2,0,-3,-7,-4,8,7,-10,-4,-3,0,-12
5/983,0,2,0,-5,-3,6,-3,1,-8,-5,-9,10,-5,6,1,-6,4,1,8,0,-6,-9,4,12,2
-1/248,0,2,0,1,0,6,2,1,4,0,2,11,6,-1,-6,-2,-1,-2,9,-1,-9,4,11,18,13
4/247,0,2,3,1,-2,-2,-3,-2,3,-5,-9,-8,-5,2,-11,1,-1,-10,10,-3,7,-10,-16,-14,17
3/436,0,0,-3,-5,-1,-6,-3,1,-4,5,8,-3,6,-2,10,-10,-1,2,8,11,4,0,9,1,14
2/65,1,2,0,0,0,-2,2,1,3,0,3,-2,-3,-1,0,10,-1,4,4,-9,-4,-4,14,-12,14
1/314,0,-2,2,1,-1,6,5,1,-4,2,-1,6,-6,-4,0,5,2,8,5,-9,-4,12,2,-6,-18
1/261,0,0,0,-5,4,2,2,1,-8,-6,3,-5,-1,1,-6,5,-13,6,11,-3,5,-15,0,-6,11
18/43,-1,-3,2,-5,-3,4,-6,1,-8,6,8,-2,8,-12,11,-4,-2,0,5,-9,11,12,9,6,-2
70/121,-1,2,0,1,-2,4,4,-2,0,3,10,10,1,4,4,-10,-4,-7,-12,0,-6,13,-7,-6,10
65/122,0,2,0,3,6,-7,3,0,2,-4,-1,-5,-6,10,-1,-2,-9,-4,4,11,0,4,3,0,2
-94/5,1,2,0,-5,-5,0,2,1,6,4,6,5,-6,8,-8,5,0,8,10,9,-11,-16,3,-9,8
-97,0,-2,2,0,-1,6,2,-2,6,3,-9,2,7,-9,0,10,-2,2,4,-9,0,-10,6,-10,8
91/29,0,-2,1,1,-1,-7,-4,-2,-9,-6,2,-2,-4,9,-6,7,-1,2,-14,-4,14,5,4,-12,-2
-23/17,0,-2,4,-5,0,-5,-2,1,-7,3,-9,-2,-4,1,-6,6,6,13,2,6,-11,6,-9,10,2
-28/71,0,2,3,1,-5,-5,-6,-2,-3,0,-8,-10,10,10,-6,-9,-3,-1,6,4,11,4,12,10,-6
245/29,0,2,0,1,-1,-5,-6,1,4,-6,8,10,-3,-1,0,-2,2,6,8,0,-5,-16,16,-6,-7
124/13,0,2,-3,1,4,-2,2,-2,2,3,-10,8,-3,-10,-8,-12,4,-2,8,-2,-7,10,-9,9,-7
247/23,0,-2,2,0,4,-7,-1,1,0,-5,-10,-7,6,8,0,6,-2,13,-12,8,-5,-16,4,3,-9
122/11,-1,2,0,1,-2,-5,-3,1,-3,3,-4,8,7,9,0,-10,-1,-13,-4,-12,-2,1,-11,3,-1
986/99,-1,0,2,1,-2,1,-8,1,-6,-10,1,6,-6,-1,0,1,6,-10,-14,8,-16,6,6,10,8
984/97,0,0,-2,3,-2,-5,2,-2,-4,2,-4,-7,-4,1,-8,-11,-4,8,8,13,-6,0,17,12,4
983/97,0,-2,2,-5,0,2,-3,-2,6,7,-8,-2,-4,-10,-10,-6,-11,1,-14,-6,8,15,2,6,4
96/5,0,0,0,0,2,2,-4,1,6,-2,-9,-10,-1,4,-6,-6,-9,8,-2,3,-5,8,6,-12,-6
95/9,0,0,0,1,-1,6,2,1,6,-5,-1,11,1,-6,0,-10,6,-6,0,11,-2,13,8,-8,14
50,1,-2,0,0,2,4,3,1,0,0,10,10,8,8,-7,11,-5,-4,4,11,4,8,-7,5,2
-15/82,0,0,0,-5,0,-6,2,-2,-3,5,2,-8,6,-10,1,7,-7,13,4,-3,-6,-1,14,3,8
-9/40,0,-3,0,0,4,-5,1,1,-3,6,1,-10,8,10,-6,6,6,-3,12,-13,7,-10,4,0,-3
829/3,0,0,3,0,4,6,-1,1,6,-2,10,-2,3,-1,4,6,0,5,14,13,-11,6,-8,-9,2
2484/7,0,0,-3,-5,2,0,-1,1,-7,4,-5,-1,12,-6,-8,0,-4,-2,-4,-8,14,-5,17,-12,2
1241/4,0,-2,1,-5,4,-5,-8,-2,-8,9,-1,-2,0,4,10,-11,-14,8,-14,0,-11,-10,12,-1,8
2485/9,0,0,0,1,2,-6,-5,1,6,0,-10,10,12,10,-6,6,10,-1,5,-12,0,-1,-4,8,2
1243/6,0,0,2,3,0,2,-5,-2,0,0,4,-5,8,7,-6,-14,7,10,-6,0,0,15,-8,6,9
1244/5,0,2,0,0,0,6,-3,-2,-3,4,2,-8,-1,12,-8,-7,0,-6,4,11,-4,4,-10,3,-6
1249/3,0,0,-2,0,-1,-1,2,-2,6,7,3,-10,6,9,6,6,8,8,-14,0,2,-1,8,-6,-1
2495/7,0,-2,0,-5,2,4,2,1,6,-2,3,-10,-6,4,8,1,0,8,5,12,-2,-16,12,0,-7
2498/11,-1,2,3,-5,-2,6,2,1,6,5,-9,-3,0,8,3,-2,0,-2,8,-4,0,4,14,2,14
499/2,0,-2,-3,0,-1,-1,2,1,6,5,8,-7,-3,-1,-6,-9,-4,-11,8,2,-10,0,-4,0,-6
415,0,2,0,1,0,6,1,1,-3,0,3,-2,-6,7,8,-2,-2,-10,3,-5,4,-11,0,1,-18
250,1,2,0,-5,0,1,6,-2,-4,-10,-6,-6,-5,6,-6,-6,-14,1,-2,-3,-2,6,11,18,-18
417/2,0,0,4,1,4,6,-3,1,-3,7,2,-2,-3,9,0,-4,-2,-13,-12,-15,10,10,11,18,2
1244/7,0,-2,2,-5,0,-5,5,1,-4,-5,-5,6,-7,-6,-10,-6,-13,2,8,8,-5,6,7,-1,1
1244/9,0,0,0,1,4,2,-5,0,-3,3,-4,-5,-6,-7,8,-2,0,-5,-10,10,0,5,14,-14,1
1244/3,0,0,-3,-5,-3,1,4,-2,-6,0,-1,-7,8,10,0,-4,2,13,-14,7,-16,10,-8,1,9
1243/7,0,2,1,-5,0,1,-1,1,6,4,-9,-5,0,0,-7,-9,11,5,-10,3,14,-16,0,2,2
23/96,0,0,0,1,4,0,3,1,-7,0,10,5,4,-2,-6,1,0,-7,-3,-15,-16,5,6,-1,-9
25/98,0,-2,0,-5,0,4,5,1,6,-8,-5,10,12,4,-6,-4,-4,10,9,2,-16,13,3,18,-2
178/17,1,-2,2,0,-3,6,-2,1,-3,3,-5,-2,0,-1,-11,-6,0,10,2,16,11,4,12,-13,2
173/15,0,0,0,-5,-1,0,1,1,6,-1,-9,2,-6,1,-8,6,-4,6,5,-3,-2,0,4,1,11
175/16,0,2,0,1,-1,0,6,1,-8,7,-5,-8,-3,-10,-6,-3,6,8,9,12,-5,5,0,18,-7
149/15,0,0,0,1,4,1,-6,1,-3,-5,3,-2,12,6,-6,6,4,10,12,0,8,6,2,6,9
183/19,0,0,3,3,4,4,5,-2,2,-7,-1,5,-6,6,3,6,-5,-13,-14,-9,-11,13,-3,8,3
-49/48,0,0,-3,1,4,-1,2,1,6,-7,10,-7,-3,8,0,-2,-12,-1,-14,-9,-8,8,-4,18,8
-97/91,0,-2,-2,-5,0,-2,5,-2,-3,-5,-6,-2,-6,9,2,6,-4,-4,-2,8,12,11,12,0,8
-95/92,0,-2,0,3,-5,-1,4,1,0,10,-6,-2,-1,4,-8,1,-11,-12,5,13,10,-4,16,-6,10
-52/33,0,0,4,-5,-2,-7,4,1,0,4,-5,10,0,12,0,-2,-2,6,4,-15,-10,-14,17,6,10
-29/71,0,-2,2,1,-2,-6,-3,1,-4,-10,-1,-7,6,-2,0,3,-4,-7,-12,4,-13,-14,-15,-3,-7
-31/75,0,0,0,-5,6,-6,5,1,4,-4,-10,-1,-7,4,8,-3,-10,1,4,-8,7,9,-1,12,9
1080/77,0,0,0,-5,-2,6,4,1,-4,-5,1,11,-4,4,0,-2,0,1,-12,9,-13,6,6,-9,2
1081/80,0,-2,0,0,-5,2,5,1,-7,5,8,2,0,10,-8,6,-4,6,12,-4,-6,-8,2,10,2
273/20,0,0,0,1,-5,-7,-5,-2,-3,-10,-5,-10,4,4,-11,-9,0,4,-14,4,-4,-6,2,0,8
180/13,0,-3,0,1,-1,-2,-5,1,-3,-2,-8,10,-6,4,-7,-9,-4,-10,11,4,-13,4,-10,-3,-2
1077/74,0,0,-3,-5,-3,6,4,-2,-3,6,-1,-8,-6,8,11,4,0,-4,-4,12,-2,-15,0,9,8
539/36,0,0,1,1,0,4,-5,1,-4,3,-8,-5,-9,4,0,-10,13,1,16,4,-2,-1,0,2,2
1072/75,0,0,0,3,-2,4,2,-2,6,-5,1,7,-6,-12,0,-3,1,-2,-5,5,-11,-16,1,-1,-2
1075/77,0,-2,0,-5,-2,-5,-3,-2,-3,2,-1,10,-1,-1,0,7,6,-2,2,-12,10,10,10,-10,10
1075/76,0,2,0,3,-2,0,-4,-2,-3,9,8,8,-3,-1,-11,-4,-4,4,12,-1,14,-16,6,6,8
361/24,0,0,2,1,6,-5,2,1,-6,0,6,-3,0,0,0,-14,-4,1,-10,-3,12,6,12,2,10
358/25,-1,2,0,1,-1,-6,5,1,6,-5,1,8,-3,-1,-6,-2,6,8,-14,8,10,-14,17,2,-12
359/25,0,-2,0,-5,2,-5,-3,1,3,3,-4,-8,6,6,4,6,6,1,2,4,2,12,2,-15,16
40/3,0,0,0,-5,2,-1,-6,-2,-8,2,3,8,0,10,-3,-2,13,-12,-8,-3,11,11,4,4,-5
-157/5,0,2,0,-5,2,-5,-5,1,6,6,3,10,7,10,0,-9,6,-12,-2,-12,2,8,-1,-2,-12
-151/3,0,0,-2,0,-5,-6,6,-2,3,-1,-1,7,-6,8,0,-6,0,4,-4,-12,-6,10,2,6,-14
37/75,0,0,0,1,0,-5,5,0,6,0,1,-11,-3,0,-7,-11,4,8,3,-4,-2,8,0,1,-18
32/77,0,2,0,-5,-2,6,-3,-2,0,7,-4,5,10,-4,0,3,2,2,-12,6,-13,-16,-7,0,3
15/37,0,0,0,-5,-5,6,2,1,2,7,10,-8,0,-10,3,10,-2,8,12,-8,7,6,12,-6,-5
-42/19,1,0,3,1,-2,-6,-3,-2,-4,10,10,11,4,5,0,1,6,10,4,13,-2,-15,-4,12,8
-77/38,0,-2,4,1,0,6,-6,-2,-3,3,-1,-10,-6,0,11,-2,-4,1,-14,15,2,8,4,-8,-7
67/5,0,-2,0,-5,0,1,-1,1,6,-2,2,-1,-6,-2,-1,-10,-3,-4,-5,8,0,-4,12,-14,14
16,0,2,0,1,4,1,3,1,-6,4,4,-5,6,8,-11,6,6,10,5,13,-5,8,-3,-1,-6
-26/61,-1,2,2,1,-2,-7,5,-2,-3,4,-9,10,-1,-9,0,6,-10,-4,-2,-15,-5,-4,16,6,-2
-20/57,0,0,0,0,-5,-1,-3,-2,-8,7,-10,7,8,-6,0,1,0,-1,-12,12,14,5,7,12,5
-13/54,0,0,2,3,-1,-7,1,-2,3,-2,-8,-2,12,5,0,-10,-4,6,12,14,-16,-12,6,-17,-14
2/93,1,0,2,0,4,2,-3,1,6,10,2,-8,-4,12,0,6,0,-10,5,4,2,-9,-7,6,-13
3/89,0,0,0,1,-2,-5,2,1,-4,4,2,-2,-6,-6,6,-2,4,-4,-8,10,12,2,-4,-8,17
23/20,0,2,0,-5,4,6,-6,1,-7,7,3,-2,-5,10,-6,-2,0,1,4,15,14,6,16,1,14
882,1,-3,3,1,-1,4,5,1,6,-5,-1,-1,12,-2,0,-12,6,6,12,14,11,6,12,-10,-5
881/2,0,2,2,3,2,-5,1,-2,-3,7,-1,-2,10,-9,0,6,6,-3,-4,11,-10,5,-9,-7,-2
440,0,-2,0,1,0,4,5,-2,-8,-4,6,5,-4,-4,0,6,10,13,4,0,-13,-4,-4,-6,1
41/73,0,-2,2,1,0,2,5,1,-6,-3,0,5,-4,4,0,6,-12,-7,0,8,-6,15,16,3,8
39/74,0,0,0,0,0,-7,5,1,-8,-8,3,-8,-1,1,-6,6,-4,-5,4,4,-10,-14,2,-6,17
80/149,0,2,0,-5,2,-1,2,1,-3,7,-4,-1,-7,-1,4,-2,-14,5,4,0,-13,8,6,18,-5
-19/37,0,-2,0,0,0,1,2,1,-4,2,-6,-8,2,-3,-11,-2,-7,-3,8,-5,4,10,-16,5,14
95/3,0,0,0,1,2,2,-4,1,-3,6,3,10,-6,10,-11,-2,6,-7,-10,-12,14,-14,-6,0,-1
358/7,1,2,1,-5,-3,2,2,1,-3,-10,-4,-6,6,4,-11,3,11,2,-12,-15,1,5,-7,-10,1
361/6,0,0,4,3,4,-6,6,1,6,6,-2,-2,7,-4,0,6,-9,-4,-2,2,4,1,0,18,17
115/3,0,0,0,0,0,-5,-1,-2,-7,3,-4,2,-1,0,0,1,4,6,5,0,11,-6,3,12,14
4/2293,0,2,2,0,-2,-6,5,1,2,-7,-9,5,7,12,6,-4,-4,8,-5,-12,-9,0,1,-1,2
1/430,0,2,0,-5,-5,2,1,1,-3,2,1,6,-9,-12,-6,10,0,2,-8,-3,7,-8,6,-7,8
3/1718,0,0,4,0,4,-5,2,-2,-6,-5,-5,-2,-4,4,4,6,-4,1,8,8,-1,9,-3,-13,-18
8/1717,0,-2,1,-5,0,-5,-2,1,-4,4,3,-2,2,-1,0,5,-2,6,-11,-4,-2,-4,6,-17,-4
1/382,0,2,3,1,4,-5,5,-2,-3,-4,-4,-10,-3,-6,-6,6,0,-10,-3,11,-2,5,2,-10,-6
6/2291,1,0,0,3,-1,0,1,1,3,-6,-4,6,-9,-2,0,-2,8,-12,8,3,10,-8,12,-10,-3
1/73,0,2,-3,-5,0,-5,1,1,2,-7,8,7,8,4,-6,6,-4,-13,4,7,-6,6,-3,5,-2
3/1163,0,0,4,3,6,6,5,1,6,4,6,-2,-2,1,-6,0,-4,10,2,-12,11,8,0,6,9
4/287,0,-2,2,-5,-3,-5,5,1,-3,-10,4,-5,6,-12,-3,-7,-4,-12,-4,6,-2,11,-5,6,8
1/145,0,2,0,3,2,6,-6,1,6,-6,3,-8,4,6,-8,-12,10,13,-14,-12,1,5,-11,-15,-14
1/116,0,-2,0,1,-1,6,5,-2,-3,-6,-9,-2,0,4,-6,6,-4,-2,4,14,-2,1,-16,-6,12
-82/17,-1,2,1,3,-5,6,-2,-2,2,-7,-4,-6,-4,1,6,6,6,-10,2,0,-13,5,-13,-16,11
-13/903,0,0,1,-5,0,-7,-6,1,-8,-2,-1,-7,4,-12,0,2,-2,-8,5,-12,-4,9,-4,-9,12
11/78,0,0,-3,-5,0,-2,-3,1,4,-7,-1,-8,4,-1,8,6,-4,-2,12,-9,2,5,3,-9,3
-3/214,0,0,-3,0,2,-6,5,-2,-6,-4,2,-2,0,10,-6,-2,10,0,-12,-12,-4,11,3,-12,8
-1/431,0,2,1,-5,4,-6,2,1,0,6,-8,-7,-9,10,0,-3,-11,-2,-12,0,7,5,3,-12,-5
19/27,0,0,-2,1,2,-6,1,1,-4,-4,3,-11,6,1,8,-6,6,5,16,-4,-6,5,5,6,-3
-3551/2,0,-2,-3,1,-5,6,4,0,3,-5,2,-5,6,4,1,-10,-12,13,-5,-15,-1,0,15,-14,10
-889,0,-2,0,1,-1,-5,6,1,6,10,1,7,0,-7,-1,0,-2,4,-2,-12,7,15,-4,-6,-2
-3558/5,1,0,0,0,6,-6,3,1,2,-2,-1,-2,10,7,-11,1,-1,-8,-8,-15,-11,6,12,-6,18
-3555,0,0,0,0,0,6,5,-2,6,-5,1,-10,-6,-7,0,-6,4,-3,4,3,2,4,-3,-8,-14
-889/3,0,0,-3,1,0,6,-3,-2,6,9,-2,-8,-6,-10,0,-14,-4,1,-14,-15,-14,10,-3,-6,-18
-3557/4,0,2,2,-5,6,4,3,1,6,-5,-6,-2,2,10,8,-2,7,2,-12,13,-9,12,0,-14,8
-3552/5,0,0,0,-5,0,0,1,1,-8,5,0,-11,3,-12,-1,4,13,-1,0,8,-9,-16,1,12,-12
-7/151,0,-2,3,1,2,-5,6,-2,-8,2,-7,-5,10,1,-1,-12,6,2,-4,-2,2,0,4,3,-14
-4/153,0,0,3,-5,-3,2,-2,1,1,3,-6,2,-3,8,-11,3,0,1,16,3,11,-8,4,5,-14
-3/49,0,0,2,-5,2,2,-1,-2,-4,10,-5,-7,2,8,3,-2,0,-1,4,5,2,-14,3,1,14
-22/295,-1,-2,0,1,0,6,-6,-2,-8,9,10,-7,4,-6,4,-10,10,8,1,-13,-2,-6,1,18,2
-11/149,0,-2,0,-5,0,-1,1,-2,-4,3,2,2,-9,-10,0,6,-4,8,-14,-15,-1,-12,6,10,-4
-5/71,0,-2,0,1,6,2,-3,0,-3,9,-9,2,-3,1,6,-6,0,8,-2,4,-10,8,-1,2,14
-7/68,0,2,2,1,-1,0,-2,1,3,-5,-10,-3,12,-2,-11,-6,-4,0,6,15,-5,-16,4,-6,-18
-4/325,0,-2,0,0,-2,-2,5,-2,4,0,-1,-5,2,8,2,9,-4,5,-10,9,2,-10,6,3,-7
-1/324,0,0,2,3,-1,2,3,1,3,2,3,5,-1,7,11,-2,-2,10,-14,5,2,-15,12,0,2
-5/196,0,2,0,-5,0,-5,1,1,-3,0,0,10,0,-2,0,11,-3,-1,12,-4,-13,-15,6,0,12
-38/59,-1,-2,3,1,4,0,-3,1,-3,7,1,-2,-9,10,0,6,10,-10,2,-2,14,6,-7,2,8
1/166,0,2,0,3,-5,-5,-3,1,4,-10,8,6,12,8,13,-6,6,1,2,4,0,-12,-16,-12,18
6/167,1,0,3,0,-2,2,5,1,-3,-3,4,-8,-7,8,10,-2,8,1,2,15,14,12,4,10,14
-2663/3,0,0,1,1,4,-5,-6,1,-8,0,2,-7,4,-6,0,-2,-7,8,16,14,-8,-9,-3,-14,2
16/1167,0,0,-3,1,4,6,2,1,-3,2,2,5,3,-6,0,6,-13,2,-8,8,2,4,-3,12,17
5/292,0,-2,0,0,6,1,-3,-2,-9,-5,-4,-2,-6,4,-8,6,0,-1,10,-9,-6,15,3,6,-12
-5325,0,0,0,1,6,-5,-3,-2,3,4,2,-2,-6,8,-2,6,4,1,-14,-12,-6,1,-5,8,-7
-5327,0,2,-3,1,0,1,5,1,-3,0,-5,8,3,2,-11,-4,-12,2,12,-13,-13,-4,0,-10,8
-1773/2,0,-3,2,1,6,-5,-5,1,-4,-1,-4,-7,-5,4,-10,1,2,5,0,2,10,-7,0,10,6
-1775/2,0,-2,0,-5,0,1,2,1,-8,-8,-9,-5,0,4,-3,-10,10,-6,-14,-12,-11,10,-9,0,-14
63/43,0,0,0,1,-2,-6,1,1,6,3,-9,6,-1,-12,-6,0,4,-1,4,-15,0,0,-4,0,-6
29/282,0,0,-2,-5,-5,-1,-3,-2,-3,-10,-1,11,0,10,3,3,-7,5,4,-3,6,-9,2,0,18
29/281,0,2,2,0,-2,0,1,-2,-3,-10,1,-2,-7,2,-6,-2,0,-10,16,0,-6,2,4,18,1
55/559,0,2,0,0,0,-2,5,-2,-8,-2,-2,5,10,-12,0,-9,-12,-11,-2,-4,2,4,4,6,17
17/4,0,-2,-3,1,4,2,-8,1,6,-8,3,-3,0,9,-11,-2,0,-4,4,3,-4,2,-4,-14,-14
91/20,0,-2,0,1,-3,-7,-6,1,6,-4,3,7,2,7,0,-2,-3,10,16,2,-5,-16,-12,6,-9
42/11,-1,0,-2,1,-2,-5,-1,1,6,-5,2,-11,2,-3,-6,0,-11,4,5,-12,-8,10,12,6,8
11/34,0,-2,1,3,0,1,-2,1,-3,-5,-1,-2,6,4,4,-7,11,8,-11,15,-2,-7,-4,-14,16
17/71,0,2,0,3,6,-5,-8,1,-4,-5,-9,-5,8,-3,1,-6,-13,-11,4,4,0,9,8,6,11
4/69,0,0,0,3,4,2,-3,-2,0,5,-5,2,1,4,1,-10,-12,4,-12,-13,1,1,0,-14,18
10/67,-1,2,0,1,6,-5,1,0,6,3,-6,-7,0,-1,-8,-2,6,-8,0,-9,-6,-6,6,-7,-2
-23/53,0,-2,2,3,2,1,2,0,-7,6,6,-11,-7,4,-1,5,0,2,5,-3,14,-12,-16,-10,-18
5/39,0,0,0,3,6,-2,4,1,-9,6,-1,-2,-6,12,0,-9,4,-6,2,12,-13,-15,-16,1,-2
4/293,0,-2,2,3,6,-5,4,-2,3,4,10,10,4,8,-4,-6,6,-11,-14,-9,-6,-4,0,-3,10
50/77,1,2,0,-5,-2,0,5,1,1,-3,-2,6,-1,-1,-2,-11,-4,4,-4,-9,0,-8,8,-12,12
56/79,0,-2,2,1,2,-5,-6,1,-3,6,-9,2,-5,6,6,7,-5,1,-13,6,-13,-8,6,-6,8
-37/59,0,2,3,-5,6,-5,-5,-2,2,0,-6,-11,2,4,10,-6,10,-10,3,13,7,-15,2,-2,2
-35/59,0,-2,0,1,4,-5,-6,-2,-3,2,-1,11,-6,-2,2,1,10,-3,4,-12,-10,-10,-16,-1,-19
-27/19,0,0,2,3,0,0,6,-2,-3,2,1,-7,-6,7,12,1,-9,-1,2,-3,-8,15,2,-2,10
-53/38,0,-2,1,0,4,2,-3,-2,-8,6,10,-2,-5,4,13,-10,-7,-6,0,-12,11,4,2,8,11
97/5,0,-2,0,-5,-3,-1,3,1,-3,-7,2,-8,3,7,4,-4,-4,-13,8,0,14,-6,4,12,8
68/57,0,0,1,-5,-5,4,-8,-2,6,3,-5,5,0,7,-6,6,-7,-3,8,8,11,1,0,6,8
-893/60,0,0,0,1,-3,6,3,1,-4,5,-4,-2,0,-10,-8,-2,-4,-7,5,7,4,1,-4,-7,-2
-297/20,0,0,0,3,0,-5,2,-2,3,-2,-9,-11,6,-1,7,10,0,1,-11,-8,-4,-16,-4,4,-9
-444/29,0,0,2,-5,-5,-5,2,1,6,-6,-5,-11,0,-6,6,-2,5,-7,-10,-15,7,6,12,4,2
-893/58,0,2,1,-5,-2,-5,-5,1,6,-6,-1,6,2,9,-8,-2,1,13,-6,6,11,8,6,-14,12
-1/202,0,-2,-3,0,0,4,-4,-2,4,4,-4,10,-6,-4,4,6,13,10,4,4,-2,-8,-3,10,0
1/204,0,0,1,0,-1,1,-2,1,-3,4,10,10,12,-3,-7,-11,10,10,12,4,14,9,0,-10,-3
-5/404,0,-2,0,1,0,-5,2,1,1,-5,-9,2,0,-4,0,-10,0,6,5,-12,-6,-4,-3,-10,-6
3/409,0,0,2,0,4,6,2,1,0,4,4,-7,-6,-4,-10,4,-14,-2,-3,12,2,-6,4,-12,-18
-25/56,0,2,0,-5,0,2,6,1,-3,-1,1,-11,-6,12,8,-2,2,-1,5,-12,-14,-10,-6,-1,-19
-193/8,0,2,1,3,-1,2,6,1,-9,2,3,7,-7,6,0,10,6,10,12,9,-13,-4,0,-1,-12
-98/5,-1,-2,0,1,0,-1,5,-2,6,0,1,-5,-6,-9,-6,-2,6,-6,-10,16,10,-6,16,-1,-6
4/313,0,2,-2,-5,-2,-5,2,-2,-4,0,-1,-7,-6,1,-6,-2,13,4,-8,5,0,8,3,-15,-5
2/415,-1,-2,0,0,-2,4,-1,1,6,-8,-9,-6,6,4,-6,1,0,-2,-6,-9,-10,-14,-16,-7,17
2/623,-1,2,1,-5,4,4,5,1,-3,-2,3,-8,-1,-3,-6,6,11,-2,-3,0,7,-8,-6,-8,18
18/53,1,0,4,0,-1,-5,-4,1,-9,-5,-4,-2,-7,-10,-7,5,6,13,4,-8,7,-8,-3,6,-2
31/107,0,-2,-2,-5,0,-6,-3,0,-4,5,-10,-7,6,0,12,-2,-12,2,-2,0,2,11,-9,-6,7
252,0,0,0,1,6,-5,2,1,-4,7,-10,-6,1,4,0,-10,6,13,5,-15,-11,-16,0,-6,-6
253,0,2,2,0,0,-6,5,1,-7,0,-5,-1,-9,4,-6,1,-7,-1,8,15,14,8,-6,18,9
125,0,-2,0,1,-3,-5,-5,-2,6,0,2,2,-7,-3,-11,3,0,-5,-8,5,-5,10,-4,-6,2
-85/691,0,-2,0,-5,-3,1,-8,1,3,-5,-7,-8,12,1,-6,-4,4,-4,-3,-12,14,2,0,-1,8
-85/687,0,0,0,1,4,2,-8,1,-3,5,-1,-2,-4,10,0,6,9,1,-6,11,-13,-11,4,-9,2
-5328,0,-3,-2,1,4,0,-1,-2,6,-5,-10,-11,-7,-1,-10,-2,2,6,-12,-12,-16,5,-9,10,-6
-5333/2,0,-2,4,-5,-5,-5,5,-2,-3,4,0,-5,-3,8,0,6,0,-3,-3,6,-6,15,3,10,8
-5333,0,2,2,0,-1,2,2,1,-8,5,1,-3,-6,10,0,2,-11,4,-13,4,6,12,3,-3,10
1/56,0,-2,4,-5,-5,2,1,1,3,3,-5,10,-1,-4,0,6,0,5,8,0,7,2,-3,-15,16
27/2342,0,0,4,-5,2,6,-5,-2,-4,0,10,2,-4,-4,-4,6,2,13,-8,0,-6,1,-3,12,8
1/90,0,0,0,1,2,6,1,1,3,10,1,10,-5,7,-6,6,7,6,-14,-2,-2,15,9,-6,18
7/585,0,0,0,1,0,-2,4,-2,-8,9,6,7,2,6,-11,-4,0,1,3,9,-6,-8,-4,-14,8
1/69,0,0,1,1,-3,2,4,1,0,-5,-5,-7,-7,2,-6,6,4,-5,-10,-15,-4,6,-16,-7,18
8/585,0,0,0,1,-3,-2,-5,-2,6,3,-4,-7,-6,4,0,-14,6,8,2,4,-13,-11,12,-3,6
6/295,1,0,0,1,0,-5,4,1,6,6,3,-1,-1,10,-2,-11,10,-11,-12,6,-13,10,8,-14,2
6/293,-1,0,2,0,-3,6,-1,1,-4,-7,-9,6,-6,-4,8,-14,6,8,11,-7,11,-6,12,12,12
-58/3907,1,-2,4,-5,-3,2,-3,-2,0,-10,-10,-1,-7,0,12,6,-5,10,-3,12,-4,6,-4,0,6
-53/3909,0,0,-2,0,2,2,-6,-2,3,-2,3,-11,-6,0,7,-10,-12,4,4,15,-8,4,3,-6,18
-4/327,0,0,-3,1,4,4,3,1,-3,3,10,10,-5,1,4,6,6,-8,-10,-12,2,-10,12,-7,2
-10/653,-1,2,0,1,-2,2,4,1,0,0,-9,-2,-6,12,4,-3,10,-3,0,11,-10,6,-3,1,2
-9/652,0,-3,-2,-5,0,0,1,1,-9,-10,-1,6,-2,7,0,6,6,-7,-10,2,-2,4,-7,-16,1
-26/1955,1,-2,0,0,4,-7,-2,-2,0,6,10,6,-7,10,0,-9,2,10,2,-3,-1,8,0,12,2
-54/3913,1,0,2,-5,4,-2,3,1,-3,-1,1,-1,-6,-12,11,-10,6,0,8,-5,2,-12,-15,6,-6
-54/29,1,0,1,1,0,-5,-3,1,4,-6,-9,-5,6,-4,-7,6,9,-11,-8,0,-13,12,11,-10,3
-7/72,0,0,1,1,0,6,5,1,-3,3,-8,-7,0,-2,7,6,6,10,-8,-12,-6,0,0,-16,-9
-14/73,1,2,3,1,0,-5,-3,-2,6,4,1,2,-6,7,13,7,4,-1,8,-12,-6,10,-4,10,-3
44/65,0,2,0,0,0,-2,-3,1,1,-1,-7,-6,-5,4,8,-2,10,-4,12,15,-2,8,-3,-10,6
70/53,-1,-2,0,1,0,-5,4,-2,6,6,6,-7,12,8,-6,5,1,1,-6,12,-11,0,-3,3,14
-495/4,0,-3,0,-5,0,1,-3,-2,-4,3,-1,-2,-4,8,-3,-9,11,-3,-13,7,-6,-8,-7,-14,12
-4949/43,0,2,3,1,6,2,-3,1,-3,0,10,-7,1,-12,-6,-6,0,10,10,-4,-7,-14,-4,-6,11
-824/7,0,2,3,-5,0,1,5,1,-8,3,-2,-7,-6,10,-10,-9,0,13,12,12,-13,-15,6,-4,-6
-4941/43,0,0,0,0,-1,1,6,1,4,6,1,-7,10,-12,0,-11,-4,-13,-12,-3,10,8,3,-6,2
-1235/11,0,-2,0,0,-2,-7,3,1,-3,0,1,6,-9,2,-2,5,-1,1,0,0,-6,-4,-3,-6,8
-823/8,0,2,1,3,-2,-6,2,1,-3,-3,-7,-7,2,-4,0,-4,0,-10,8,-7,14,-6,1,0,-14
-824/5,0,-2,0,1,0,6,6,-2,6,6,0,6,8,4,-8,-4,-12,1,4,-12,-11,4,2,18,-3
-1651/10,0,-2,0,-5,-5,-7,-1,1,1,-4,-2,-1,3,4,6,-2,4,13,4,5,-7,-8,0,6,-6
-273/2,0,0,2,1,-5,-7,-3,1,-3,2,3,-6,-9,-7,0,-6,-9,10,5,-15,2,-10,7,-12,-5
-413,0,2,-3,1,4,1,6,1,-3,6,-8,-1,-6,-6,4,-9,-12,10,4,4,-11,-10,12,-14,-7
-415/2,0,2,0,1,4,6,2,-2,3,10,-7,5,-6,1,-1,-2,4,1,-13,-15,4,-15,0,8,6
-124,0,-2,2,1,0,-6,6,1,4,0,-10,-11,12,2,0,-3,0,5,-3,-3,2,-9,-4,12,17
-207/2,0,-3,2,-5,-5,6,1,0,-7,-1,-5,2,12,-1,8,6,4,-10,-11,4,11,-16,2,-6,11
-8/273,0,0,1,-5,-3,-2,-4,-2,6,0,-1,-5,-3,12,-6,0,-1,-1,8,-9,4,-8,-8,-16,2
-10/273,-1,0,0,-5,4,-2,1,1,3,-2,3,-1,-4,7,3,0,-4,-1,8,14,11,-16,6,10,3
-16/269,0,2,0,-5,6,-5,5,0,-4,-1,-1,-6,10,-2,0,-6,-10,10,5,8,2,12,6,-10,17
33/80,0,0,0,-5,0,2,1,-2,-8,4,2,-11,-5,8,2,5,0,-5,0,-15,-7,13,6,-15,-18
-80/103,0,2,0,-5,-1,0,2,1,-4,-3,1,-5,-5,-1,-8,10,-7,10,-14,-9,2,-8,-11,-3,10
-74/101,-1,-2,2,0,4,1,-5,-2,6,5,-1,-11,-7,-6,0,3,-10,-4,14,6,-1,10,-4,12,-6
-57/37,0,0,2,3,4,-1,5,1,4,4,6,-8,-5,12,2,-10,6,-2,-11,-9,-7,11,0,18,-1
1/297,0,0,-2,-5,-2,-6,5,1,3,-2,10,8,0,-9,3,-7,-14,8,4,-5,8,-8,-4,3,-2
-53/47,0,-2,2,1,0,-5,-4,-2,-6,-10,10,-6,-9,-10,3,-10,-4,1,8,-4,2,-10,5,5,12
-97/99,0,0,-2,0,-2,-1,-3,1,-9,-2,-1,-2,6,-10,6,6,-2,-3,8,4,8,11,2,-8,8
-101/95,0,-2,0,0,2,-5,6,-2,-4,7,-9,-8,6,2,10,-2,0,1,-14,0,12,-16,-16,-6,10
-100/91,0,-2,0,-5,4,-2,-5,1,6,-2,10,-2,-9,1,4,6,0,-6,2,3,4,0,8,-9,5
-5/279,0,0,0,-5,4,2,-4,1,2,4,2,-7,6,-4,-2,-9,6,4,-12,2,11,-7,6,-3,-12
92/63,0,0,2,-5,2,-6,-6,1,-7,4,1,-3,-3,-3,0,1,8,-1,2,-12,-14,-10,9,-8,12
23/16,0,-2,2,0,0,6,5,1,-7,-2,0,10,-5,12,3,6,-12,8,-7,-12,11,15,-12,-3,-18
-26/89,-1,-2,0,1,4,-7,-6,-2,-3,4,-1,10,6,4,-8,-2,0,2,12,9,8,-15,2,-8,3
-93/95,0,0,0,3,-3,-6,-5,-2,-3,0,-10,-7,0,-1,2,7,6,-6,5,3,6,4,5,1,-14
-89/98,0,-2,3,-5,-5,-5,4,1,1,9,2,-8,-6,-9,1,-2,-9,-7,-2,16,0,11,3,-13,8
-89/95,0,-2,0,-5,-2,6,2,-2,-3,6,-6,-1,-1,-7,12,-4,11,1,11,-4,-4,-15,4,-13,-1
-11/151,0,2,2,1,0,2,2,-2,6,5,-9,-2,-5,8,1,6,0,-3,5,5,2,-14,4,-3,-14
-24/299,0,0,1,-5,6,-2,4,0,0,6,-5,6,-9,-12,-3,6,0,-13,5,-15,-6,-11,14,-6,9
-8/99,0,0,-2,1,-2,6,2,-2,1,0,-5,10,-6,-4,0,-2,-4,-5,4,8,-10,1,4,-8,-1
-23/297,0,0,0,-5,-2,-5,6,1,-7,-4,-4,2,10,4,7,-2,0,2,8,-15,-4,-7,4,6,-14
8/785,0,2,0,0,-1,6,2,-2,6,-2,2,8,2,-9,-2,-2,0,0,4,-1,-7,-9,3,6,17
4/783,0,0,0,3,-1,2,-3,0,0,-6,4,10,-6,-4,-6,-3,-11,13,10,-1,-1,-7,-15,-14,-18
13/20,0,-2,0,0,6,-7,-1,-2,3,-4,-9,-2,2,4,-7,-6,0,-8,11,-12,-13,0,6,-17,0
50/81,1,0,0,1,4,-5,-3,-2,6,4,2,5,8,4,0,-6,-4,-2,-14,3,2,8,-3,-1,-5
13/60,0,0,0,-5,4,-7,-4,-2,-9,0,-5,10,-6,8,2,6,-4,-3,-2,0,1,-8,0,0,11
4/71,0,-2,1,-5,-2,-5,1,-2,6,6,-4,10,-7,4,-6,0,-1,1,12,4,-6,12,-8,-14,8
12/139,0,0,-2,1,0,2,-3,1,1,-1,2,10,-1,2,0,6,11,-2,4,6,5,8,-4,18,2
71/37,0,-2,-2,-5,-3,2,4,1,6,-1,8,-8,0,0,0,-11,-3,2,-2,-12,6,-4,-3,-12,17
65/36,0,0,0,1,4,-7,1,1,-3,4,-9,-7,4,10,-8,6,0,8,4,14,-5,-1,4,1,1
73/38,0,-2,4,0,0,-5,2,-2,3,0,6,7,3,4,-6,-12,0,4,-2,-2,-11,-1,0,-14,-6
73/39,0,0,3,1,-2,-2,4,1,2,4,-9,10,6,-7,13,-2,-7,-1,-6,-15,-11,-6,-6,10,-9
15/88,0,0,0,1,-2,-5,2,1,6,6,-4,-7,2,1,0,6,-4,-3,-4,-15,-16,13,0,-6,2
13/92,0,-2,2,1,2,-7,2,1,0,7,10,10,-4,4,0,6,-4,4,-12,12,-16,0,3,12,2
4/45,0,0,0,1,-3,-5,2,1,-9,6,10,-5,-6,4,0,-4,-7,-2,-8,-12,-5,-6,5,-17,-12
7/93,0,0,1,1,0,2,2,1,3,-4,2,2,2,-6,10,6,-1,2,10,-8,-6,1,15,-10,7
-2/1723,1,2,2,-5,2,-1,5,-2,-3,-3,-2,2,-9,7,12,-6,9,13,14,-15,-5,5,-4,5,3
-6/1723,-1,0,2,0,4,2,3,0,-8,3,1,-2,0,-2,-6,1,-4,13,8,0,-2,-10,1,18,-14
-1/862,0,-2,0,1,0,1,1,1,6,4,-9,-5,12,8,0,-12,0,8,8,6,-6,-9,-5,9,1
-1/1723,0,-2,0,1,-2,4,2,1,1,-5,3,10,12,-7,-7,-6,-1,-13,6,8,10,-14,16,2,-18
1/863,0,-2,0,-5,0,-5,-3,1,6,-2,6,-10,12,1,0,1,1,8,8,4,0,6,-16,-3,-19
-1/865,0,-2,0,-5,-2,4,-4,-2,6,-4,-8,6,10,-6,-8,6,5,-4,4,-5,-14,-11,-4,2,-12
-1/1728,0,0,-2,0,6,2,2,0,-3,-5,-10,11,-3,8,-10,1,0,-5,1,-12,-13,-14,6,10,-18
-5/1727,0,-2,0,1,-2,-1,-3,1,-3,4,-10,-7,12,6,4,1,-2,-10,12,2,8,-7,8,-14,17
1/1719,0,0,1,1,-3,-1,-4,-2,-9,4,-1,-11,0,10,0,-4,-3,-4,-12,3,14,-8,6,9,-14
61/2,0,-2,3,1,-2,4,2,1,-9,4,0,-8,10,4,0,-14,0,-13,-11,3,-10,-8,6,18,-14
1/294,0,0,1,-5,4,-5,1,-2,-3,6,-4,10,1,-4,-1,-9,4,-4,-2,-12,-8,-10,-4,-6,1
4/295,0,2,0,-5,0,6,6,1,-4,-3,-1,5,12,7,3,-2,10,13,8,0,4,-14,8,10,8
2/393,1,0,2,1,-2,-5,4,1,-3,4,6,-2,-3,1,0,6,0,1,4,-2,-6,8,14,1,-5
-21/11,0,0,2,1,-2,-5,6,1,-9,-4,0,-7,0,4,0,-2,2,-3,-14,-5,-4,-9,3,6,-3
-13/235,0,-2,0,1,4,-7,-1,1,6,6,2,7,-1,1,3,-12,-4,-2,-12,3,2,10,-16,18,2
-25/467,0,2,0,1,2,6,3,1,-8,4,3,-2,-6,4,-8,6,4,8,-2,-5,-5,-14,6,10,-1
-2/95,1,-2,0,3,2,-6,-1,-2,3,6,1,2,3,4,0,-7,-11,1,-12,4,-14,-15,6,1,8
-19/467,0,2,3,1,4,-6,-3,1,-8,9,6,-8,0,-3,3,-2,-4,5,-12,4,2,-10,-3,-1,2
-16/235,0,-2,0,3,4,2,5,-2,2,3,6,10,0,-4,3,11,6,-13,-14,9,1,-14,5,6,2
-7/234,0,0,0,1,4,-2,-5,1,0,4,4,-2,-5,4,0,-2,13,-10,-7,-9,6,10,4,10,2
-25/53,0,2,0,1,4,2,-3,-2,-8,-4,-1,-5,2,-10,-6,5,-14,4,-11,6,14,-1,-5,6,-6
-31/58,0,-2,3,1,0,2,5,-2,3,-6,-10,-3,3,-6,4,-3,-9,8,4,-4,-6,4,0,-6,-6
32/119,0,2,2,-5,2,1,-2,-2,6,4,6,-8,-2,-7,6,-2,-4,8,-3,-7,2,-8,8,-3,-7
-88/85,0,-2,0,3,0,-6,-2,1,2,6,3,6,-9,4,-6,-4,-12,1,-3,0,-2,11,4,-2,-7
-92/85,0,2,0,1,4,4,-2,-2,-7,-5,-9,-3,-3,-4,12,6,0,2,-3,-12,-6,10,-15,-14,8
-24/67,0,0,2,0,0,2,1,1,1,6,-1,2,-6,10,-6,4,6,-8,0,0,-6,0,-3,-15,9
-6/127,-1,0,-2,0,6,0,6,0,3,10,-4,-3,-3,10,1,-4,0,-4,8,2,-13,-15,-4,3,-6
-5/126,0,0,0,-5,6,4,-4,-2,6,3,-9,-8,-6,8,-11,5,-4,10,2,-1,-2,0,12,-8,2
-59/62,0,-2,3,3,-5,4,1,-2,-3,6,2,-2,-6,9,-6,6,-12,2,8,-6,12,15,-5,9,-7
106/31,-1,2,2,-5,-1,1,-1,1,-9,-3,2,10,-6,2,7,-10,-4,1,4,-12,-10,-9,-6,9,13
-26,-1,2,1,1,4,-7,-3,1,-4,5,-5,10,2,-6,0,-2,13,4,-12,-9,-6,-14,3,10,7
-2523/95,0,0,0,0,-5,1,4,-2,6,-10,-7,-8,-2,6,-6,-2,-4,-1,10,8,0,8,-4,-14,5
-7/69,0,0,-2,1,4,-5,-1,0,0,-7,1,-1,10,12,0,3,-7,-8,-12,-15,-14,-15,-4,-1,8
-8/69,0,0,3,0,-5,4,-4,1,0,2,-8,-7,-4,10,0,-4,-9,0,4,12,-13,-8,6,-6,2
-3/70,0,0,0,-5,-1,0,1,-2,-4,6,10,-5,-1,-10,12,-2,0,-11,4,4,-16,-14,5,0,0
-1/294831,0,0,1,-5,2,1,-2,-2,0,-5,-4,-3,6,7,3,2,6,-3,-10,8,-7,4,17,-10,10
3/294830,0,0,0,1,6,2,2,-2,-6,-7,3,-11,-6,-4,0,-3,-4,-12,-3,-1,-2,-4,-4,6,-14
3/294832,0,0,1,-5,0,4,2,-2,0,-4,1,-2,3,2,-7,-2,-1,13,8,-7,-1,-14,-16,-3,14
-6/442249,1,0,4,-5,-5,2,4,-2,6,-4,-4,-5,-6,-6,0,10,-12,1,12,6,-13,13,2,-6,1
-4/442245,0,0,0,-5,4,0,2,1,-9,-3,-10,-6,-4,4,1,6,0,13,2,-15,-16,8,-9,-9,13
-95/89,0,-2,0,1,-3,0,-5,1,-3,-2,4,-1,-5,4,11,6,-10,8,-14,-6,10,-9,-16,-8,-5
79/9,0,0,4,0,6,1,2,-2,-9,-5,-9,-2,0,-1,8,11,10,2,-2,-12,-11,4,-4,9,-14
1044/5,0,0,0,3,-1,-6,5,1,3,-10,-4,-7,-6,7,4,6,-1,8,3,-8,6,8,-4,-10,8
-2/81,-1,0,-2,3,4,-5,-4,-2,-9,10,-9,-2,-7,4,7,-12,6,1,11,0,-4,8,11,12,-12
-15/487,0,0,0,-5,2,-5,5,-2,6,-5,3,-5,3,4,-8,-2,4,-2,2,-3,0,10,-4,6,-3
-17/486,0,0,2,1,0,6,-8,-2,6,3,3,-8,0,4,-6,-14,5,-7,4,-12,11,6,4,4,-4
-22/485,1,2,0,3,0,2,1,-2,1,10,-6,10,8,5,-2,-4,-2,-3,2,-12,2,-7,-16,-6,4
-9/244,0,-3,2,1,-5,1,1,-2,-3,0,1,-2,6,8,-8,6,-2,-4,-14,-1,12,-12,-1,10,14
-1/61,0,-2,2,-5,0,2,2,-2,-8,3,2,-7,-7,12,4,-11,-4,-4,4,-12,-10,-7,12,9,13
-5/242,0,-2,0,-5,-2,2,2,0,-3,3,6,-7,8,10,12,-2,11,-2,2,-15,2,8,12,6,-7
-13/485,0,2,0,-5,0,-7,-3,1,-3,-1,-10,-1,0,0,-6,-7,4,-7,-6,6,-8,5,11,-15,4
-1/245,0,2,0,-5,4,6,6,-2,-8,7,-8,-2,-6,-4,8,6,-4,0,-14,-15,11,-15,2,0,10
-2/247,1,2,2,1,-3,-2,-3,-2,6,-2,-6,-1,-9,12,8,-10,-4,6,-12,6,10,-16,11,6,2
1/201,0,0,2,3,-3,4,5,-2,-9,3,-4,10,10,10,-3,-10,-4,-6,0,4,-6,5,12,18,-18
5/31,0,-2,0,-5,-2,2,-3,1,-3,-5,2,-6,6,-3,13,9,8,-2,8,0,6,0,-3,-15,-10
-71/41,0,-2,1,0,0,2,-6,1,-3,4,-9,-5,6,-7,-1,6,7,4,-6,-12,-6,-14,0,-6,12
-74/41,-1,-2,0,-5,6,0,-3,-2,-3,-10,-5,-11,6,4,0,-3,-5,-8,10,-12,-5,-15,-6,18,-2
-37/21,0,0,2,-5,-3,2,6,-2,3,4,-9,-11,6,12,-6,-4,-10,-11,12,3,-11,0,-4,-7,14
-12/1768981,0,0,-3,-5,-1,4,3,1,-6,6,-10,-7,0,4,10,5,6,-7,-7,-4,-5,13,-16,8,2
-15/1768987,0,0,0,1,-2,0,-6,1,3,3,-9,-5,7,4,13,-10,-9,8,8,13,-6,-11,-7,-14,-18
-1/126356,0,2,1,0,-5,2,1,-2,0,3,2,7,-9,-2,0,5,-4,-7,4,4,7,4,8,-15,12
-14/1768985,1,-2,0,1,4,-1,2,1,-3,0,8,-8,-6,4,8,-4,-9,-1,4,-12,-2,-4,-3,1,1
-5/119,0,-2,0,-5,0,-5,-2,1,-6,-5,2,-8,8,-2,0,2,-1,-8,12,8,0,-15,-3,-6,-2
-4/115,0,-2,0,0,0,0,4,1,0,-2,-4,7,12,12,7,6,-2,6,-4,-1,-4,8,3,-15,14
21/76,0,0,4,1,-5,-1,-4,-2,-8,-4,8,6,-6,7,-6,7,-4,8,-3,-12,-6,13,16,-8,8
-70/43,-1,-2,0,1,-3,0,-3,1,6,-3,-1,10,1,-12,0,9,6,4,2,9,-13,15,-4,-8,-13
-63/46,0,-3,-2,1,4,-5,3,1,0,-1,-6,-6,-6,-2,-11,10,8,1,10,4,-13,-4,6,0,-1
-52/45,0,0,0,1,-2,-7,2,-2,2,-2,-1,-8,4,-6,-4,-11,-4,-10,12,-1,-2,-16,16,-6,8
-3/1861,0,0,0,3,-3,-5,-5,-2,-3,4,-4,-6,4,-9,-6,-4,-10,0,-13,0,11,0,3,-3,-6
-10/77,-1,2,0,-5,-2,2,2,1,-6,4,-1,-7,-7,-4,-11,-14,4,8,4,3,14,-5,3,18,5
-27/232,0,0,2,0,2,6,-3,-2,-8,-6,1,8,12,-4,6,-6,-4,-3,5,-3,10,5,3,6,-6
-87/692,0,0,2,3,6,2,2,0,4,-10,-9,10,-6,-9,13,-10,-10,-8,6,-12,-13,8,7,1,1
127/3,0,0,2,-5,-1,6,2,-2,0,2,2,-6,2,7,7,9,5,-8,8,3,-4,8,-5,18,-7
-59/46,0,2,4,0,0,6,2,-2,0,-5,-7,2,12,4,-8,6,-12,13,8,0,-1,-16,-10,6,2
-79/614,0,2,2,0,-5,-5,2,1,6,3,-1,-7,-6,4,12,-10,11,4,-4,0,-1,4,-7,9,2
-76/615,0,0,0,1,6,6,2,1,-3,-8,-5,-5,6,-7,0,-2,-14,-6,5,-2,-6,5,7,12,-4
-19/153,0,0,0,-5,0,0,-2,1,3,2,-7,10,-9,-6,-6,0,0,-5,4,-3,-10,9,2,8,13
-82/613,-1,-2,0,-5,0,4,2,-2,-6,2,-7,-5,-4,8,12,-9,4,-12,-12,6,-1,4,5,-15,-2
-10/69,-1,0,0,3,-3,-5,1,1,0,6,3,10,7,-10,-6,-10,4,10,-6,3,-10,0,12,6,6
-25/207,0,0,0,1,4,6,2,-2,0,4,10,2,6,6,-11,-7,11,10,2,13,6,-10,-7,-15,-2
-84/619,0,0,2,1,4,-1,2,0,-9,0,-1,8,6,4,1,-11,-5,-4,12,-12,14,-8,-4,-1,-14
-79/615,0,0,0,1,-1,1,-6,1,-8,4,-1,-2,6,2,8,6,-9,-2,4,-12,7,4,2,-1,-18
-19/355,0,-2,0,1,-5,-5,4,1,-3,-10,1,-2,6,-4,-10,-2,7,4,4,4,-14,11,10,8,-14
-4/79,0,-2,1,-5,0,-1,6,1,6,6,10,2,2,-10,0,6,-4,-12,-11,-15,4,-8,11,-6,10
-59/26,0,-2,0,-5,6,-2,4,1,3,10,10,10,-3,-4,8,0,-12,2,9,3,12,-4,12,-17,14
67/51,0,0,2,1,0,4,-2,-2,6,6,-1,10,-3,10,12,1,4,-11,-5,-4,7,-8,-4,-10,-12
70/51,1,0,0,1,6,-5,-2,0,4,3,10,-2,-9,-2,0,6,4,-12,11,-9,7,5,0,6,2
58/49,1,2,2,-5,4,4,2,-2,0,-10,8,10,-6,0,-3,0,4,-1,-10,-12,0,-15,12,3,10
1/485,0,-2,0,-5,-5,2,-6,1,1,-10,-1,-6,0,-6,3,2,-5,-11,4,4,11,15,2,-14,4
2/323,-1,2,1,1,2,6,-2,-2,6,6,-2,-7,6,-1,-11,-9,-4,8,12,-15,-16,5,15,9,14
-2/325,-1,2,0,-5,4,-2,3,1,3,3,-10,-6,4,-4,-8,-4,-2,1,-13,3,0,-8,-4,0,-12
3/488,0,0,4,1,0,-6,-3,1,-9,4,10,10,-4,-1,-6,-12,-13,-4,-2,-9,2,-6,-3,-6,8
2/243,-1,0,2,1,-1,-6,2,1,-3,4,3,5,0,4,-8,-10,0,5,5,3,-10,-14,-8,-12,-2
-3/490,0,0,0,-5,4,-5,4,1,-6,4,4,-8,-7,9,0,0,9,1,11,-15,7,-8,-16,-7,-14
-2/493,-1,2,0,-5,-5,0,-2,1,-3,-6,3,-1,-9,6,-1,-11,2,13,-4,7,-13,-15,-12,10,-5
1/299,0,-2,1,3,2,-2,6,1,0,9,-1,-7,-3,8,0,-2,-11,-2,3,3,7,-6,2,0,-12
6/1493,-1,0,2,3,0,2,5,1,-4,-5,-9,-7,10,8,-6,3,-1,-8,8,4,5,-4,-16,-15,-3
20/3739,0,-2,0,1,-1,-1,2,-2,-8,3,10,-5,2,4,-6,6,-7,4,4,-5,14,-4,2,6,16
19/3741,0,0,2,-5,0,4,-6,1,1,-6,-9,2,1,-12,-8,6,0,-13,-3,5,-13,4,-12,-6,-12
1/267,0,0,2,0,-3,0,-1,0,-3,-4,10,2,-7,0,0,-2,7,13,4,6,4,-15,12,-8,-2
13/30,0,0,0,3,-2,-7,4,1,-3,9,10,2,10,10,4,-12,-13,4,8,-4,-6,-10,-3,-9,17
13/31,0,2,-3,1,6,-7,1,1,-6,0,2,-8,-1,0,-6,11,0,4,-14,3,2,6,3,-14,2
347/3,0,0,1,1,-1,1,-3,1,-6,3,-6,-2,6,-6,12,-2,-3,10,11,-3,-10,-16,2,-12,-3
695,0,-2,0,1,-1,-6,5,-2,-3,0,-9,6,-9,8,6,-10,-10,13,8,8,-10,-16,3,18,-6
1040/3,0,0,0,1,-1,-7,4,-2,-8,-10,4,2,-6,-6,4,-9,-4,10,-10,-15,11,-8,-5,5,13
1039,0,2,2,3,4,6,-6,-2,0,-3,4,-2,-6,8,12,-11,-11,2,-10,-9,-2,-6,-3,-8,-10
40/493,0,2,0,-5,-1,6,-2,-2,0,-6,-4,-6,12,4,8,6,-14,13,1,-12,11,0,1,18,-12
79/990,0,0,0,3,-2,6,1,-2,6,-1,2,-7,6,-10,-8,-2,5,-2,4,-13,4,4,10,1,8
79/989,0,-2,0,0,0,2,5,-2,0,6,0,10,-3,-12,-11,6,0,1,5,-15,-11,4,6,-9,18
19/249,0,0,4,3,0,1,5,1,-3,-2,10,-11,6,-6,0,-9,4,10,4,9,14,-1,-16,-7,-12
2/39,-1,0,3,-5,-3,-2,2,1,-8,-4,-1,8,12,8,-6,-3,0,-4,-12,-15,7,4,6,-14,-7
12/5,0,0,0,0,0,-5,3,-2,3,3,-8,-3,0,7,10,5,-13,-7,4,-9,-2,-9,12,-12,-4
31/225,0,0,0,3,-3,4,6,1,-8,-5,-10,6,6,8,7,-3,-12,13,-12,0,-16,-1,-3,10,8
16/121,0,2,4,0,-2,-5,-3,1,6,0,-5,-7,-2,-2,-6,7,-7,-7,0,0,0,11,3,6,14
263/19,0,-2,0,-5,-3,6,-3,-2,-3,2,-1,-2,6,-2,-8,-2,0,10,-14,15,-4,0,1,-3,17
131/10,0,-2,0,-5,-5,-5,-3,1,-4,4,1,10,8,-1,-8,6,0,8,6,0,4,10,6,-2,-2
268/17,0,-2,1,3,0,0,-2,1,-3,-8,3,-1,2,-10,1,-9,-4,-1,-5,-9,-5,12,4,-1,2
267/17,0,0,2,-5,2,-5,-2,1,-3,3,1,10,0,-2,-8,11,7,-3,4,-8,-14,8,4,-13,-7
802/49,1,2,-3,-5,-1,2,1,1,-4,3,8,7,6,-10,0,-6,-13,-7,8,-15,-13,1,-1,6,1
802/47,-1,-2,0,-5,4,-6,6,-2,-4,6,1,-2,-6,8,3,6,-2,-13,-3,-12,-4,-8,10,-6,-6
801/50,0,0,0,3,4,-1,5,1,-4,-4,3,7,-9,-4,13,-6,-4,-1,-8,2,4,-6,2,-13,5
401/25,0,-2,0,-5,0,0,2,-2,-3,2,-8,-5,-9,-1,2,-11,-12,8,10,-8,-2,8,3,-4,-12
1597/101,0,-2,-2,-5,-5,-5,4,1,-9,-2,-6,6,2,4,4,1,-9,10,12,4,8,-15,6,-3,-8
178/11,-1,-2,-3,1,-2,0,-1,-2,1,5,10,5,-6,0,-3,4,-4,0,11,12,14,4,6,-13,-2
533/33,0,0,2,3,-2,-7,5,1,-3,10,3,-11,-4,4,11,6,11,6,8,0,-11,-16,0,-15,-7
-103/46,0,-2,3,-5,0,0,1,1,0,4,-1,-2,-5,1,6,-2,-7,-2,0,-12,-16,-6,-3,5,-4
-103/49,0,-2,2,-5,0,-5,-4,0,0,-4,-9,10,2,4,11,-2,2,8,-12,3,14,-8,-4,-1,-12
-29/90,0,0,0,0,-1,1,4,1,-8,-10,-1,-5,-7,-4,11,-2,-1,0,9,0,-10,-1,-9,-8,11
-30/89,1,0,0,0,-2,0,4,1,6,3,1,6,6,4,12,6,4,5,5,3,11,-16,-16,-8,2
-353/11,0,-2,0,0,-2,2,2,1,-6,-10,-9,-2,0,8,13,-2,-4,6,-12,15,7,10,3,1,0
3/626,0,0,2,0,0,-5,3,1,-9,6,4,7,-5,2,11,-7,4,-13,4,9,-6,12,6,-6,-1
8/625,0,-2,0,-5,4,-5,5,1,6,6,-1,6,8,5,8,-11,0,1,-12,15,-4,5,-3,6,-2
4/207,0,0,-2,0,0,-1,1,-2,0,4,3,-2,-7,8,4,-2,1,8,5,16,4,8,1,-7,-2
1/125,0,-2,0,1,-2,-5,2,-2,3,9,2,-2,12,-9,0,-2,-7,2,8,6,-16,9,12,0,1
1/207,0,0,3,1,4,6,-5,1,0,6,3,-3,12,8,12,4,-2,6,4,14,11,8,-16,4,-6
-13/56,0,2,0,-5,0,-7,5,-2,-3,0,-4,10,12,10,6,-2,-12,-1,4,-12,4,-1,4,-6,2
-13/55,0,-2,0,1,-2,-7,4,1,-9,3,-2,2,-7,0,-11,2,0,1,-10,16,7,-4,4,3,-14
-38/21,1,0,-2,-5,4,-5,3,1,-9,-5,1,10,1,4,1,-2,0,-13,-6,-9,10,-4,-3,-6,5
26/103,-1,-2,2,0,-5,-7,-4,1,-8,-1,0,-1,-1,10,-3,10,-14,-4,-11,16,6,-9,-4,-7,-10
25/97,0,2,0,3,-3,0,6,-2,-3,-5,-1,-7,-4,-7,-8,10,-2,0,-8,-15,-6,-16,-9,-10,4
26/101,1,2,2,-5,-1,-7,-3,-2,6,-4,3,11,10,-3,0,6,-1,-8,8,-12,2,6,3,-8,3
-7/55,0,-2,0,1,-2,0,5,-2,1,-5,2,2,6,10,12,-4,-10,-7,-6,6,-1,-16,2,1,-2
-25/173,0,2,0,1,-5,2,2,1,-9,-2,-8,7,6,-6,-2,-6,-2,-2,-12,-9,-4,-6,1,-8,1
-23/174,0,0,-3,1,2,4,1,1,-7,-6,-1,6,10,-4,12,-6,-4,-4,3,-3,-6,4,6,10,14
69/232,0,0,2,1,-2,4,2,-2,-7,-6,8,10,-9,10,-8,-9,10,6,4,-15,-10,0,-1,-15,6
61/233,0,-2,2,1,-2,-5,5,1,-3,5,-4,-5,-4,-6,10,5,0,-13,11,-15,-14,5,0,0,-18
32/117,0,0,4,-5,-2,-2,4,-2,-6,5,-1,-6,-7,-1,-10,-2,10,6,8,-9,11,-5,-16,-1,12
64/235,0,2,0,1,4,6,1,0,-4,-7,2,-7,-3,1,3,0,-1,-11,-14,-12,-6,1,3,-6,-12
60/233,0,0,0,1,0,-5,2,1,-4,-7,-9,6,6,-9,0,6,0,-4,-13,4,2,-8,-12,-15,-5
67/231,0,0,3,-5,-2,-5,2,1,-8,7,2,-6,-6,1,-8,-4,6,-5,-5,5,-7,0,8,12,5
-7/143,0,2,2,1,-2,-2,3,1,-8,-10,-4,-1,-6,8,4,6,-1,-11,-10,-12,-13,10,-16,6,12
858/5,1,0,0,-5,0,-7,2,1,2,6,-4,-1,-3,5,10,-6,-14,13,5,-1,0,-10,6,0,9
859/4,0,2,4,3,-2,2,5,0,6,3,-8,10,6,-9,-6,6,8,2,-11,5,11,5,-4,1,18
854/9,-1,0,4,1,-1,2,-3,1,6,-3,-9,-7,-7,7,-6,3,9,-13,3,13,7,-6,-3,0,-3
211/5,0,-2,0,3,4,4,5,1,6,3,-5,-7,-3,-4,8,4,-1,8,-12,8,-1,-14,15,-8,-2
428/5,0,2,0,3,-1,-5,-3,1,1,4,-5,-5,6,5,2,-9,5,-10,-12,2,-6,-8,6,5,8
863/10,0,-2,0,3,2,6,2,1,-3,-5,0,-5,-2,-3,0,6,6,8,4,4,11,6,-16,-10,8
853/8,0,-2,0,1,0,2,5,-2,2,4,-6,-6,12,-1,-8,7,-2,8,3,13,2,-7,12,10,12
499/8,0,-2,2,1,2,6,2,-2,6,-5,3,-6,1,-7,-2,6,-2,-1,-10,-3,4,6,12,1,16
21/32,0,0,2,1,-5,2,5,1,6,6,-8,10,6,4,-6,0,-4,10,14,4,8,6,-4,6,-14
-260/3,0,0,0,1,4,-7,-3,1,-3,10,-9,-8,8,7,0,-4,-4,-2,8,-12,4,-4,-4,-14,2
-257/7,0,2,1,-5,-5,-6,1,1,2,9,3,-3,6,4,0,-2,6,-2,-14,0,-9,6,-5,1,13
-127,0,-2,-3,1,4,1,-4,1,3,-10,-4,-2,0,4,8,-11,-5,-13,2,-2,6,6,4,10,8
-394/11,1,2,4,3,-2,0,-4,1,2,0,-4,10,0,9,-8,-9,-5,-5,11,-12,-6,15,-12,-12,17
-131/3,0,0,-3,3,-3,-5,-3,-2,6,-3,-1,10,-1,7,11,-2,10,-6,12,-15,-9,4,-9,18,12
-383/14,0,-2,2,-5,0,6,2,1,-8,-5,-4,10,12,12,0,-4,0,8,-10,-13,7,10,3,12,6
-386/13,-1,2,2,0,4,-2,2,0,3,-4,10,10,-6,-4,8,9,0,-11,-13,0,-6,8,14,-4,-6
-95/4,0,2,0,1,-5,6,-5,1,-3,-1,0,-8,-9,6,-6,6,-5,-8,6,4,-2,4,16,4,5
-191/7,0,2,-3,-5,-5,-5,2,1,-4,10,8,-2,-7,7,1,1,6,2,12,-12,-6,-16,1,-14,11
-4895,0,2,0,-5,0,-6,4,-2,0,-4,3,2,6,8,10,-12,-2,-1,4,12,6,-16,12,-13,1
-9794/5,-1,-2,0,-5,0,6,2,1,6,3,10,-2,-6,4,1,-12,-12,-10,12,-2,14,-10,0,-8,8
-4891/3,0,0,2,3,4,6,-3,-2,6,9,1,-5,0,-6,-8,1,-2,1,-5,11,-11,10,12,18,-3
-4893/2,0,0,0,1,-5,-5,-1,-2,-8,-2,10,2,-3,-1,0,6,-2,13,4,4,1,8,12,-6,-18
-9791/6,0,0,2,-5,0,-5,2,1,-3,-8,6,11,2,4,0,2,-14,-1,-12,4,4,-10,-4,-6,8
-9787/5,0,2,0,-5,4,1,4,-2,-6,5,-1,10,0,-12,-4,1,-7,-10,4,14,1,-6,-4,12,10
-9785,0,2,0,0,4,-5,1,1,-3,-5,3,-7,-6,-10,-6,2,11,-11,-11,4,-13,10,15,-8,0
-4894,1,-2,4,1,-5,6,-6,1,-3,6,-10,11,7,12,0,-3,5,2,-11,3,-13,-1,0,-6,1
-19570/3,1,0,0,3,4,6,3,1,-3,0,-4,8,2,2,0,-2,4,13,8,8,-6,-14,4,-6,8
-4889,0,2,0,-5,2,6,1,-2,6,-5,-5,-3,-1,-1,-8,-10,1,-7,-12,-8,-13,4,-3,6,-6
-4895/4,0,2,0,3,0,-5,-3,1,-3,4,-2,-7,0,5,4,-3,-14,-10,4,2,1,-14,-4,-13,-2
-1223,0,2,0,1,0,6,4,1,-9,-3,8,6,-9,0,-8,-6,6,-6,4,5,-4,-4,4,-14,-18
4/159,0,0,4,-5,-2,2,6,1,-8,0,2,-10,8,10,-8,5,-13,-2,-14,12,14,-1,-1,-3,2
102/941,-1,0,-2,1,2,2,-8,-2,6,3,-4,10,-1,-7,-6,-4,-7,6,-10,8,14,-14,3,0,2
11/105,0,0,0,-5,0,4,5,-2,-3,0,10,6,-4,6,2,6,7,-1,-6,15,7,10,-4,-4,13
101/946,0,-2,4,3,-2,2,2,1,-8,-2,4,5,6,-12,6,7,-2,-10,4,15,2,5,-4,-14,-6
29/311,0,2,2,-5,2,2,3,1,1,-10,-4,-10,6,4,2,-9,10,-2,4,14,-5,-12,-7,18,-6
34/313,1,2,3,-5,0,-5,-8,1,-3,-2,2,10,-5,-4,8,-2,-11,-4,-14,-9,6,-16,-8,-15,2
12/103,0,0,1,0,-2,2,6,-2,-4,-5,-9,-2,-3,-1,0,-6,-9,-1,12,-4,2,1,-9,-9,10
-53/73,0,2,2,0,4,-5,2,1,0,10,-4,-5,2,-7,0,-10,-4,-5,-3,13,-6,-7,16,6,-14
-83/95,0,-2,0,1,4,0,1,-2,-8,6,-5,2,-7,1,7,-9,0,-1,2,-15,2,15,0,-6,-14
-81/91,0,0,2,-5,2,-2,6,1,1,4,-7,-2,8,-6,-6,6,5,6,-4,-15,-7,6,2,6,13
8/81,0,0,3,1,-1,6,5,-2,-6,-10,-1,-2,-2,8,-7,-4,-1,1,-8,-2,-16,-1,-11,-9,-13
4/55,0,2,0,3,-2,2,4,-2,-8,-10,-9,6,-6,1,-8,-6,4,6,-11,8,-5,6,7,0,6
-1/349,0,-2,2,0,-3,6,5,1,-8,0,-9,-6,-9,-6,0,1,6,6,-12,10,-7,9,4,10,-12
2/351,-1,0,0,1,0,-2,5,1,6,7,-7,5,8,12,-10,-4,0,13,2,-15,-5,-10,-5,3,3
3/467,0,0,2,1,4,2,5,1,3,4,8,10,0,8,-8,-7,8,4,-12,6,-13,-15,-4,6,-6
-1/464,0,2,0,3,4,2,-1,-2,-8,-6,2,-11,-7,0,-6,-6,-3,6,-13,8,11,-14,4,-17,10
13/1398,0,0,4,-5,-1,-7,3,1,6,6,-7,-2,-3,-1,-8,-6,-2,8,8,3,-6,-1,12,6,-18
56/9753,0,0,0,1,0,2,3,-2,6,5,4,-5,-6,-10,-6,1,9,1,-4,-12,2,-16,8,-14,-14
57/9755,0,0,0,1,6,2,5,1,-9,0,4,10,-7,-12,-1,3,0,13,4,-15,11,-4,10,6,12
20/3253,0,-2,0,-5,0,4,-4,1,6,-2,-8,10,-3,-1,4,-3,-4,10,2,-12,-1,2,4,6,2
19/3253,0,2,-3,0,-5,0,-5,1,6,-1,6,-1,6,-10,-11,1,-1,-13,8,12,2,11,-11,-10,2
5/44,0,2,0,1,-2,2,-4,1,-3,10,-4,-1,-4,2,8,-4,0,10,4,-12,-11,-4,12,6,11
-6/157,1,0,2,-5,0,6,1,-2,-3,3,-4,-11,-5,4,-3,1,0,-10,-8,8,10,5,10,-10,-19
-1/78,0,0,-2,1,6,-2,2,1,-3,9,-4,-7,-1,2,-7,3,-9,1,8,-8,-1,0,-7,-10,12
-6/197,1,0,0,0,2,2,-3,-2,-9,4,-1,10,-1,1,-6,-9,2,-6,-14,-4,7,-6,6,-6,-14
-8/395,0,-2,0,1,0,2,5,1,-8,-4,2,10,1,10,0,-3,0,-1,-2,0,-5,-8,-12,5,-12
-19/232,0,-2,-2,1,-2,1,-5,1,6,-6,2,-11,6,4,3,9,9,-1,4,-8,7,9,4,-6,-13
-11/115,0,2,0,0,0,6,1,1,0,4,0,-7,0,-4,-8,-10,-4,-10,9,8,-6,5,2,3,14
-164,0,2,0,-5,-5,-5,-5,-2,-4,10,-1,-2,-4,12,-8,1,-4,-10,4,-12,-2,6,12,-17,-6
-70,1,-2,0,1,4,-5,5,1,-4,-5,1,-8,-6,8,-8,3,0,-7,-11,2,-8,4,5,8,-18
-163/2,0,2,4,1,-5,1,6,1,-4,7,-9,10,12,-1,0,-6,0,-2,11,6,0,5,-3,-1,-1
-493/3,0,0,1,1,0,-1,-8,-2,1,-10,2,5,0,-2,-6,-4,0,-7,-14,6,11,-11,3,-4,13
-493/4,0,-2,-2,0,2,2,-8,1,-3,-10,-2,-10,10,4,12,-6,0,10,-14,2,-6,-16,4,6,-14
-122,-1,2,2,-5,6,-5,2,-2,-6,2,-6,2,-6,8,11,-4,-2,-13,-8,8,4,15,-13,-3,-7
-62/65,1,-2,0,-5,4,-2,5,1,0,4,-10,10,0,2,0,-2,-4,-2,5,-12,10,12,0,-13,8
-986/91,1,2,1,-5,4,-2,-8,1,-4,-10,-4,-5,-6,6,-11,1,-1,-11,8,2,-13,-12,4,2,6
-491/47,0,-2,-2,-5,4,0,-3,-2,-3,9,1,7,-9,-6,3,2,-11,-8,3,8,2,-16,4,9,-2
-495/49,0,-3,0,-5,0,-1,4,1,-9,-8,10,-2,2,-4,7,-2,-1,4,-14,-1,4,-15,-12,12,-14
-983/92,0,-2,2,-5,6,-5,5,-2,0,-10,-1,-2,0,-6,0,4,-9,2,8,-1,-5,0,3,-16,2
-983/94,0,2,3,1,-2,-6,-5,-2,-8,-5,-5,5,-3,4,3,-6,11,-1,-12,3,-2,2,16,-8,-10
83/3,0,0,0,1,-1,-6,2,1,-4,-10,2,-2,-6,10,-8,6,1,-3,4,12,-5,-8,0,-6,-2
85/27,0,0,0,1,2,6,-8,-2,0,4,-6,-5,8,6,-11,-9,-7,6,5,-12,-6,4,16,0,2
-86/5,1,-2,0,0,4,2,-1,-2,-3,-4,-1,-2,8,-1,7,-14,-14,-13,5,-12,12,10,-3,12,-3
-87/7,0,0,2,-5,0,-5,1,1,0,-10,1,2,-1,-4,2,-11,-2,-1,12,-3,-6,5,-1,-10,2
24/55,0,0,0,-5,-2,-5,-5,-2,6,0,2,2,-1,4,-7,0,0,-8,8,-12,12,8,17,8,-3
19/53,0,-2,-3,3,4,-6,4,1,2,-7,-1,-7,-6,-9,7,5,-10,8,3,3,-4,-8,-7,-12,-6
11/28,0,-2,-3,-5,0,6,4,1,-6,-10,8,10,0,2,8,-2,-4,-11,8,-12,-8,-8,-10,1,-9
-4/865,0,-2,0,1,-5,-5,-6,-2,-8,-3,-1,-2,12,-4,-6,-10,6,-3,5,-4,-6,0,0,5,5
2/865,1,-2,0,-5,4,-5,3,1,6,-5,-1,-5,12,4,4,11,0,-7,-11,3,-11,12,6,0,-5
-1/435,0,0,0,1,0,0,2,-2,1,-6,1,5,-6,-6,-6,-10,1,8,-12,4,0,-7,8,6,14
1/867,0,0,2,1,4,1,-2,1,-3,3,1,10,-9,4,6,-2,-11,2,4,3,-13,12,15,-16,-6
-3/289,0,0,-3,1,6,6,-2,1,-8,5,-5,10,-3,7,1,-11,-14,-13,11,12,-16,5,12,10,2
-7/577,0,-2,2,1,-2,-1,1,1,6,-5,-4,6,6,4,13,6,-2,-2,10,-2,-16,-16,-4,0,-14
-6/575,-1,0,0,0,0,4,-6,-2,0,6,-9,5,0,2,-6,-2,-12,-10,-4,-5,-11,8,11,9,-8
-1/289,0,-2,0,3,4,-5,-2,-2,3,4,3,-5,6,-6,4,-9,0,-10,5,0,0,-4,10,6,5
-844/23,0,2,-2,-5,-2,-5,4,-2,0,6,-4,10,2,-4,-6,-2,-14,-10,2,14,0,-10,0,0,6
-66/5,-1,0,0,-5,0,-5,2,1,-9,10,-2,-7,-5,-1,-6,6,0,0,-13,2,-5,8,1,-16,18
49/88,0,2,-3,1,-2,2,2,1,-3,7,0,-7,2,10,-11,0,-1,2,-3,8,-1,-8,-3,-7,17
-74/13,-1,2,0,-5,4,-2,-1,1,1,4,3,-11,-4,5,-11,-2,-7,0,5,9,0,-8,4,-17,0
-69/11,0,0,4,1,-2,0,2,-2,-7,0,-5,-11,-1,-4,0,5,-12,-1,-8,15,-6,5,4,6,-19
-143/24,0,0,3,1,0,-7,3,-2,6,-5,4,10,1,10,-6,3,-13,-8,10,-12,2,8,4,6,-9
-140/23,0,-2,0,1,-2,6,2,-2,0,-2,-6,-5,7,8,0,-10,-7,-7,-8,-12,-7,8,12,-1,-6
-67/19,0,-2,3,1,-3,-5,-4,-2,3,-1,3,2,-1,-6,0,6,6,4,-5,-5,-13,-16,3,10,2
-65/19,0,2,0,0,4,-7,-1,-2,-4,0,-1,10,6,-1,-1,-2,11,-5,14,3,4,-9,6,6,-7
-4/55,0,-2,0,-5,-2,1,3,1,-4,4,-5,-2,-4,-7,0,-6,0,-5,12,-3,2,11,9,3,-9
335/3,0,0,0,1,0,6,-3,1,1,6,-4,10,6,4,4,1,13,-2,-5,-4,-5,15,11,-15,2
19/17,0,-2,3,-5,4,-5,-2,1,-6,-2,1,-8,-6,5,-4,-6,-11,1,2,3,11,-15,4,4,-2
-28/31,0,-2,-3,1,-2,2,5,1,6,6,2,-2,-1,12,6,-3,0,-1,4,3,-11,6,-3,12,12
81/29,0,0,2,-5,6,2,5,-2,6,-6,6,10,-3,7,11,6,-11,8,-2,-12,-11,-14,-16,10,2
-1343/48,0,0,2,1,0,2,-8,1,3,-1,-1,7,-3,-2,4,1,-4,2,-2,13,-6,4,4,-6,8
-1348/45,0,0,0,0,4,-5,5,-2,4,10,1,6,8,-7,-11,3,6,13,-12,14,6,8,-4,10,10
-111/5,0,0,0,3,-1,-1,2,1,6,4,0,-11,0,4,12,0,-7,8,0,4,-6,-4,17,-14,17
-74/3,1,0,2,0,-5,2,5,-2,2,3,-9,-11,-4,-1,-6,1,-1,10,8,-8,4,13,0,-8,8
-199/10,0,-2,0,1,-5,2,-4,0,6,-5,-1,-1,-6,-10,1,-6,6,4,-13,0,-13,9,2,9,-13
-202/7,1,-2,2,-5,-5,6,-1,0,0,-2,3,-11,-6,12,0,10,-4,1,11,-9,-13,-5,3,-2,-12
15/74,0,0,0,1,2,-6,5,1,-8,10,-5,-8,-3,12,7,-2,0,8,4,3,2,-16,3,-9,0
-83/2,0,-2,4,-5,0,-5,4,1,-6,-7,-5,2,6,1,-3,-6,-4,-4,-14,4,10,-7,0,3,-6
-498/13,-1,0,1,0,-3,-2,2,-2,-3,9,2,-6,8,12,1,-2,6,6,-4,-5,-16,-6,0,-12,8
51/55,0,0,0,-5,-2,-5,-8,-2,-8,-5,6,-7,-4,9,-8,0,-2,-8,-2,3,-13,9,5,4,2
2/785,1,2,0,1,2,1,6,-2,-6,4,-7,-6,-6,12,4,4,-10,-2,-7,7,-13,1,-1,10,10
95/96,0,0,0,-5,4,-6,-3,1,6,-5,3,-1,-9,12,-8,6,0,0,5,-3,-14,11,12,-9,10
93/100,0,0,0,0,4,-6,-3,-2,-8,-2,-10,-2,-6,-2,8,-9,4,-12,8,4,8,12,-4,2,-1
77/30,0,0,0,1,0,1,-6,-2,3,3,4,2,-3,-1,2,-9,-11,1,12,-4,-9,10,-10,3,-1
83/27,0,0,1,0,6,-5,-1,1,-3,-7,10,-7,-6,-10,0,9,-14,-1,3,-9,2,5,0,-14,2
81/32,0,0,-2,0,4,6,-6,1,-3,-1,10,-1,8,4,-1,-12,6,-12,3,-1,-2,-5,3,-2,-13
-17/70,0,2,0,-5,-3,6,-8,1,2,4,-7,-3,-9,-10,1,0,-11,10,-4,-4,7,5,14,1,-6
-4/43,0,-2,-2,3,-3,6,-4,-2,-3,-5,1,-11,-9,-12,2,-9,-11,8,4,-12,-9,5,-4,-15,17
38/31,1,-2,-3,0,-2,-5,-1,1,-4,3,2,-1,-4,-1,-6,-11,6,-2,8,-15,-1,8,-4,-4,8
55/21,0,0,0,-5,0,0,4,1,3,-2,1,-7,4,-10,0,6,6,-7,2,0,-14,5,16,6,-14
-85/58,0,-2,0,3,-5,2,-8,-2,4,-6,-4,-2,-5,1,-6,3,-13,13,-12,10,7,5,1,-12,10
-85/56,0,2,0,-5,-2,-5,-8,1,-8,0,-5,-2,6,-4,2,9,0,-6,4,8,-9,-10,16,-12,12
-86/53,1,-2,0,3,6,-5,-3,1,4,2,-9,11,0,-1,0,5,0,4,-10,-5,-13,-14,-4,-12,-5
-56/87,0,0,-3,1,-5,2,-5,-2,6,-6,1,11,-6,6,-6,6,6,4,1,-9,6,13,6,10,-2
-56/85,0,2,0,1,-3,-5,-2,-2,6,0,2,-2,-5,-1,2,-6,6,6,-2,6,8,-4,-8,-17,10
-92/51,0,0,-2,3,-5,2,-2,1,-7,0,-1,-8,12,-4,-8,1,2,-6,4,-9,8,6,12,12,10
47/36,0,0,0,-5,-5,-6,5,1,-6,6,-4,11,-9,0,-8,-2,0,-5,-14,16,-5,4,12,-4,-2
97/65,0,-2,0,3,-1,-2,-3,1,-6,-10,-1,10,6,-2,-6,-2,-13,-1,8,2,-13,-12,-16,1,8
64/31,0,2,1,-5,-5,-5,1,1,6,5,2,2,10,4,-6,-4,8,1,16,-15,10,8,6,10,5
1/26,0,-2,2,3,-2,-2,-6,-2,6,3,6,-5,-4,2,-6,-6,-7,-12,-2,-15,-4,-16,-3,-10,-18
-4046/139,-1,2,0,1,4,-5,-8,1,6,-5,2,-7,-4,5,4,-6,6,1,-14,-9,-10,-9,-16,-6,14
-676/25,0,-2,0,1,-1,-7,-4,-2,3,-3,1,10,8,7,-6,10,4,5,3,-12,-13,13,14,-8,-2
-674/25,-1,2,0,3,6,4,2,1,6,0,-5,10,0,-1,12,6,4,-13,-12,-4,0,6,3,-6,2
-30,1,0,0,-5,-2,-1,-3,1,-6,0,2,10,-1,-1,0,-4,-4,4,4,-15,-2,-8,-3,1,8
-1349/47,0,-2,-2,1,4,0,-1,1,6,-2,1,10,4,-3,3,-14,0,4,2,-12,7,-16,6,-6,14
-17/93,0,0,4,1,-5,4,-8,1,2,-7,2,-2,8,8,0,-6,-4,-1,4,6,-7,12,-16,6,-14
-5/31,0,2,0,3,0,6,-3,-2,6,-5,2,10,12,-1,-6,1,-11,8,-12,13,-2,-10,-16,10,2
-6/47,-1,0,0,3,0,-1,-1,1,-8,3,10,6,12,4,3,-3,-14,-3,2,-3,11,-16,-3,10,-2
-12/95,0,0,0,-5,-2,2,-4,-2,-9,9,-7,-5,-6,-1,-6,-4,0,10,9,-15,10,-4,12,-6,14
542/11,1,2,-2,1,-2,0,-5,-2,-4,6,2,-5,-6,-6,0,-4,0,10,5,-4,-7,8,-6,2,-18
537/11,0,0,2,3,-2,4,-3,1,3,-2,0,-3,-3,-2,0,-2,6,-2,-14,16,7,-15,-11,1,8
535/9,0,0,0,-5,-1,-6,3,-2,-6,-3,-7,-1,2,-1,4,-4,0,5,8,8,2,-7,4,-13,-2
179/4,0,-2,2,0,0,-1,5,1,-6,2,6,-2,-6,5,-2,-7,-14,0,16,-4,-5,8,-4,12,-10
83/48,0,0,4,0,4,0,6,-2,3,-5,-1,-2,1,12,0,7,-14,-5,12,-3,-13,13,0,10,2
1/134,0,-2,2,0,2,2,-3,0,-8,0,-4,6,2,-1,4,3,0,-13,0,0,11,-8,-5,0,12
51/64,0,0,2,1,-1,2,-8,-2,-4,2,1,-1,-5,2,-7,1,6,-6,4,4,-2,5,4,-6,-10
19/293,0,-2,-2,1,0,6,-4,1,-6,4,-1,-1,10,10,12,1,-1,8,-2,-8,6,-10,0,10,-6
511/2,0,-2,3,1,0,0,-4,1,4,0,1,-2,-4,-10,0,6,9,-10,4,6,-11,-14,6,-6,-2
766,-1,2,0,3,4,6,4,1,3,-5,-1,2,4,6,8,-10,4,8,-10,8,-7,10,12,12,-9
571/3,0,0,3,1,4,-5,-4,-2,4,-8,-7,-6,12,-1,-6,-6,13,-3,-10,2,-14,5,12,3,12
21/124,0,0,1,1,4,1,5,1,6,0,2,10,12,-1,-6,6,13,2,0,-1,7,10,4,12,-9
26/125,1,2,0,1,-5,-7,-1,-2,-8,3,-9,5,0,9,-11,1,-4,1,-8,-5,-8,-1,12,1,14
7/37,0,2,0,1,6,1,-3,1,1,3,-9,-8,-4,-4,-1,3,6,-3,-12,0,11,6,-7,-8,2
46/241,-1,2,4,1,0,2,-3,1,-7,-10,-1,10,12,9,8,6,-2,-1,4,-4,2,-6,14,3,-14
891,0,0,0,1,0,6,1,-2,-8,0,1,-2,-4,12,0,6,4,1,8,-15,2,-7,0,-6,11
6235/6,0,0,0,1,4,2,2,-2,6,-10,3,-10,12,-1,1,1,-10,1,5,-4,-9,8,3,18,1
2080/3,0,0,0,-5,-3,-7,-6,-2,3,6,2,-2,10,5,-1,-9,4,2,12,6,12,8,3,10,-14
2077/3,0,0,2,-5,-2,6,4,1,6,-4,-10,2,8,4,-7,4,6,10,-5,0,0,-9,10,-13,-5
51/13,0,0,0,-5,0,-2,-8,0,3,-3,1,-2,7,4,3,6,-4,6,0,-12,-7,-12,-8,6,14
-10341,0,0,2,-5,6,6,6,-2,-3,-5,-9,-5,8,-2,-8,7,-4,1,2,6,-11,-14,12,18,-18
-46537/2,0,2,1,3,-1,-5,-3,1,-9,-2,-4,5,12,8,4,-2,0,-5,-7,5,-2,-16,5,-8,-2
-93077/2,0,-2,1,0,0,-5,3,1,6,0,-1,2,-6,4,-6,-9,-12,4,6,-1,1,-10,3,3,17
-31024,0,-2,2,1,4,6,4,-2,-8,-4,2,-5,0,-2,-6,-12,0,2,-11,4,-16,-8,-4,-12,-6
-985/92,0,2,0,1,-3,1,2,1,0,-4,-2,-7,-5,9,-8,-10,6,1,-12,-15,-11,-8,1,-6,12
-987/95,0,0,0,1,-1,2,2,-2,-6,-10,10,11,6,2,-8,1,0,-5,8,-3,-13,8,-7,-16,-12
-36/73,0,-3,3,1,0,0,2,1,4,6,-1,7,-5,8,-8,-4,0,-6,-14,8,-6,5,-5,-14,2
-32/75,0,0,0,1,4,0,-1,-2,6,6,10,-2,4,10,11,5,6,-4,4,4,2,-14,-6,8,-7
-32/73,0,2,0,0,0,-1,2,-2,-3,2,-1,-3,12,-10,12,10,8,8,-14,5,-6,-14,-3,0,13
17/344,0,2,3,3,-1,-5,-8,1,2,5,4,-2,-3,-12,0,3,6,2,-10,4,2,4,4,6,-14
15/344,0,0,0,0,4,-1,-3,-2,6,-10,-5,6,-3,-12,2,-4,2,-7,1,-3,-6,4,4,-1,-3
30/691,1,0,0,1,4,0,6,-2,3,2,-2,-5,-5,-4,-6,-3,-13,10,12,-9,2,11,6,-10,-3
32/689,0,2,0,1,-2,-2,-3,-2,4,-5,-5,-2,0,-9,0,5,0,-13,2,10,-16,-15,7,-1,11
16/231,0,0,0,-5,-2,6,2,1,-6,9,1,-5,-4,-6,-6,0,4,2,-4,-12,4,8,4,-14,18
1/38,0,-2,0,-5,0,6,-3,-2,-4,9,-5,8,0,-6,-4,9,-14,1,-12,2,-11,0,0,-15,6
-133/5,0,2,0,1,-1,0,-3,1,-3,3,1,-2,-9,-4,7,-4,6,-2,-13,13,2,-5,-16,6,-3
-25/39,0,0,0,1,4,-2,6,-2,-4,-5,-2,-1,-2,-6,6,-6,6,-2,-12,4,-5,8,10,6,-10
77/82,0,-2,0,1,0,1,2,1,-3,-7,-2,-2,6,-1,0,0,-4,13,5,6,-6,0,4,9,13
100/13,0,2,0,-5,2,-2,-4,1,-3,4,-1,10,-6,7,-2,-10,4,-5,0,-15,-6,-10,14,-7,18
299/42,0,0,-2,-5,6,-7,2,-2,-7,2,1,-2,-6,4,12,4,-9,4,-3,-6,2,4,-12,-8,-3
99/13,0,-3,-3,1,0,-2,2,1,-4,0,1,-5,-5,-6,-1,6,0,-6,-10,-12,-13,11,-3,9,-6
155/23,0,2,0,-5,-5,-1,-5,1,0,-5,-10,10,12,10,11,-2,-7,-11,8,13,4,13,1,-9,17
153/22,0,-3,1,1,-2,-5,-8,-2,6,5,-1,-8,6,2,8,3,-11,1,-3,7,-13,5,10,10,-19
151/21,0,0,4,-5,-2,2,-3,1,-3,0,10,-5,2,10,-6,-10,0,13,11,-15,4,4,2,18,-6
-73/9,0,0,2,1,0,0,1,-2,-4,-5,4,5,-6,7,-6,-2,4,-10,2,5,-11,12,6,-14,6
-76/11,0,2,2,1,-2,6,1,1,4,4,1,-7,6,4,0,-9,-11,1,-10,0,-1,-15,0,-6,12
-37/5,0,2,0,0,0,1,-3,1,3,10,-5,-11,8,2,4,-3,2,-6,8,-3,-13,1,0,0,0
-1/1306,0,-2,1,-5,-3,0,-5,1,4,0,1,-5,-9,12,-2,-2,6,-7,-12,9,2,1,12,4,2
1/1308,0,0,-2,1,6,-5,3,1,-3,10,-9,-7,10,-12,0,6,4,-7,5,-9,12,4,8,-3,-1
1/54,0,0,1,3,6,6,-5,1,-8,6,-9,-11,-3,-1,-6,-3,-4,4,-5,6,12,-14,1,18,-5
73/79,0,2,-3,-5,0,-5,-6,1,-3,0,-4,-7,3,12,8,5,-12,-5,-10,-3,-11,-8,-13,12,13
-32/79,0,2,2,-5,2,6,5,1,2,-2,-1,8,-6,1,-8,-9,6,-1,2,6,6,-8,-3,-1,13
-247/2,0,2,2,1,-2,-7,-3,1,-8,6,4,-1,6,2,0,10,-12,1,2,5,-4,-1,11,-13,2
-493/6,0,0,-2,3,-3,4,-8,1,2,-10,4,6,-3,7,-1,-3,-13,-4,4,-7,-8,-12,-5,-10,-1
38/25,-1,-2,0,1,0,2,-4,1,-9,-4,-10,-2,0,-6,0,6,4,1,5,-12,2,10,6,-6,18
37/26,0,-2,-3,1,-5,-2,-5,1,-4,6,-5,-11,3,-1,-6,-11,7,-1,11,15,-16,1,17,-6,6
17/7156,0,-2,3,-5,-5,-5,-8,-2,-8,10,-5,10,6,-9,0,6,0,-2,2,-9,-1,13,-4,-6,18
15/7153,0,0,0,1,4,-5,-4,1,0,9,-6,6,-1,-6,-2,3,0,-11,8,-5,-13,13,11,-14,-14
9/7154,0,-3,4,-5,4,6,2,1,-3,0,3,-3,2,-7,-6,-2,-11,6,14,10,-6,0,0,5,17
12/7157,0,0,0,-5,0,4,-2,-2,-8,-1,-4,-5,0,8,11,-10,7,2,4,-5,-6,-8,2,12,-3
16/7147,0,2,2,-5,-1,6,6,1,-3,0,-8,-2,-6,4,0,-6,-2,4,3,16,-1,-4,17,-7,0
7/3574,0,2,3,1,-3,-6,-5,-2,3,4,10,10,-6,-4,-6,-6,-1,1,2,-3,2,-4,-4,6,14
-1/135,0,0,0,3,4,-5,4,1,6,5,-1,-7,-6,8,-6,6,0,10,4,-12,-14,10,1,1,-9
-11/227,0,-2,3,0,0,-1,4,-2,-9,-5,-6,-7,6,-6,11,-10,0,-2,-11,5,10,4,-4,0,-2
-7/226,0,-2,3,1,0,-1,-6,-2,-9,-4,-9,2,0,9,12,-4,-12,-6,4,4,1,-16,-16,-6,12
-57/23,0,0,0,3,0,-6,3,1,0,-3,3,-8,10,2,4,-2,-11,10,8,11,2,8,12,-10,1
26/289,1,-2,2,1,4,-7,-2,1,6,5,0,-6,0,2,0,-11,10,1,-7,0,5,1,6,-6,-8
31/290,0,-2,0,0,4,4,2,-2,-8,-6,-10,8,-3,2,0,11,2,2,-12,-4,7,-10,2,-14,13
-61/57,0,0,0,1,0,-6,-3,-2,3,5,6,-2,8,7,-6,-6,0,-13,14,11,-2,6,-7,6,8
109/49,0,2,0,-5,-1,6,2,-2,-8,-2,-7,-1,-4,7,-11,-2,-1,-8,8,-3,4,8,15,6,-5
25/16,0,2,0,1,4,-5,-4,-2,-8,6,10,11,12,9,0,-6,-1,13,4,0,-13,10,6,0,17
51/32,0,0,3,-5,-3,0,-8,0,-8,-5,-1,-8,6,7,12,6,4,8,12,15,-1,4,12,-8,-3
-45/77,0,-3,0,-5,-2,-6,6,1,-8,3,-4,-7,8,2,3,6,10,10,-10,8,-6,-1,6,-15,2
-19/41,0,2,0,-5,6,2,1,1,-3,-2,-9,5,6,12,7,-10,-12,-13,6,4,12,1,6,-14,-5
-33/94,0,0,3,3,0,0,-6,-2,6,4,-4,-2,4,-12,3,6,0,0,-5,0,2,-10,16,1,10
77/45,0,0,0,1,0,0,1,-2,-3,5,-8,-2,8,-6,13,11,-12,0,-12,9,-5,-10,4,1,2
-856/37,0,-2,-3,1,2,6,5,0,-8,0,-6,-8,8,7,2,-2,-2,-13,12,-3,5,-14,14,-12,13
-855/37,0,0,0,3,0,-5,-3,1,-8,7,-4,-8,-3,6,-6,6,6,6,-6,-13,14,4,-4,2,-9
-860/37,0,2,0,-5,4,2,-3,1,-3,2,-1,-8,10,-1,8,-2,8,-1,5,12,-7,13,3,0,-14
-851/39,0,0,0,1,-2,-2,-1,1,-7,0,6,-11,-5,6,-10,-14,6,2,16,-15,-4,4,-4,-6,-2
-122/5,-1,-2,0,-5,-1,6,-3,1,-8,6,10,-7,-2,-4,13,6,-9,-13,4,12,14,-8,-4,1,8
-285/13,0,0,0,-5,2,-2,3,1,-8,4,-8,6,-6,12,0,-2,2,2,2,-5,12,-6,10,-15,-14
-170/7,1,2,0,-5,-3,4,-8,-2,6,9,-1,10,-6,12,-11,-10,0,6,-7,6,-6,11,-1,-1,18
-422/17,1,-2,2,-5,-2,-5,-2,1,-3,4,-1,-5,12,10,0,11,-2,1,-10,12,-2,-4,-4,-12,-14
-283/10,0,-2,0,1,0,6,-3,1,-4,0,3,-2,6,-10,8,-4,-4,8,-12,-12,-5,12,-7,12,9
15/2129,0,0,0,0,0,-5,-3,1,6,2,-1,-5,-5,6,-6,-4,5,6,4,8,14,8,2,-6,9
29/4258,0,-2,0,-5,4,-6,-1,1,6,-10,-4,-7,-7,1,-6,-12,6,-5,4,-3,-4,4,4,-8,1
31/4258,0,2,3,-5,0,2,-5,1,6,-5,-10,6,-4,12,-2,-10,11,-2,16,8,-14,5,0,12,16
16/2131,0,2,0,3,-1,2,2,1,-8,-8,-4,-1,6,9,2,-10,-11,-8,0,13,2,6,-4,12,-18
17/2131,0,-2,3,0,0,-1,-8,1,6,-3,-7,2,-3,0,-1,6,0,-4,2,-4,6,6,-9,5,9
9/1421,0,-3,1,-5,6,6,-5,1,1,-6,1,-2,-6,-1,-6,-3,9,4,8,13,0,-8,0,-12,-18
13/1419,0,0,0,-5,-2,-7,-3,0,6,-5,2,8,-6,-12,-6,4,-12,-6,-10,-1,11,-7,9,-6,8
32/4263,0,0,2,-5,0,6,-4,-2,0,-6,-6,-8,8,5,-6,-10,0,-7,2,-1,-4,8,-16,-6,-2
31/4261,0,2,4,1,4,6,-4,-2,-3,0,-10,7,-6,4,2,-14,6,-3,-2,-15,-10,-8,10,-12,-3
89/71,0,2,2,-5,0,-5,1,1,6,-10,3,-3,-6,-6,6,-6,-4,-2,-4,4,-13,-14,4,-13,-2
43/40,0,2,0,3,-2,-5,-1,1,1,-2,-1,10,-9,-1,8,5,10,-1,14,-12,-2,11,12,-6,1
42/37,1,0,0,1,4,-5,2,1,-8,-1,2,-8,10,-10,-8,-14,2,-3,-8,8,0,8,14,-6,-5
28/27,0,0,2,1,6,0,-3,-2,3,6,-2,-8,-9,4,-6,1,-11,1,8,-15,-6,8,4,12,10
77/76,0,-2,0,1,0,6,3,-2,3,6,-8,-7,0,12,8,-2,1,-6,5,-1,4,12,6,3,12
-1/30,0,0,0,3,-3,1,-3,1,-3,0,2,-5,2,-4,0,-4,6,2,-10,15,-2,8,8,-12,11
-414581,0,2,1,0,0,0,5,1,-8,5,-9,-8,-1,-4,12,-6,6,-11,8,14,-4,10,-6,-12,9
-1243740,0,0,0,1,0,-1,2,1,6,-5,3,-2,-5,6,0,-9,0,-4,3,9,14,15,14,9,14
-2487486,1,0,2,1,6,6,2,-2,6,-10,4,-11,6,8,0,6,-4,-2,5,-8,11,11,-4,0,-14
-2487485/3,0,0,0,1,0,-7,-6,-2,-9,4,4,5,-5,-10,0,1,4,-7,10,-12,7,4,4,-10,9
-621874/3,1,0,2,1,0,4,4,1,-7,7,4,-3,8,-1,4,-2,-11,8,-10,3,-14,6,14,-14,-6
-310934,1,2,0,1,-2,-7,-3,0,-8,-2,-9,2,10,10,-6,6,-2,-3,3,-6,2,-12,-9,-14,-13
-852/31,0,0,-2,3,0,-1,6,1,-4,0,2,-1,-5,7,-6,-7,6,-13,-2,-12,11,-7,10,-4,-12
-854/31,-1,2,0,1,0,-6,1,1,4,-5,2,-5,4,8,-8,-12,0,-13,8,-9,6,-8,3,0,-7
-107/4,0,2,2,3,0,-1,2,1,6,-3,3,8,-5,2,13,5,-4,-10,9,0,0,13,-16,-7,12
26/25,1,-2,0,3,4,-7,3,-2,-3,-5,6,-8,-3,-9,-2,6,10,-5,6,5,-10,-11,17,-16,8
75/73,0,0,0,-5,2,4,5,-2,-3,-4,-10,7,-3,0,-10,6,0,-7,-2,-1,-6,12,12,10,-5
-71/82,0,2,-2,-5,6,-5,4,1,4,7,-4,-2,6,8,4,-2,-1,-1,5,-12,2,-15,7,18,2
2/71,-1,2,-3,1,4,-1,6,-2,-3,-10,-1,-11,-1,4,-1,-10,0,-10,-10,4,1,15,6,6,-12
2/263,-1,2,1,-5,0,-5,-3,1,4,4,-9,-5,-6,4,6,0,-9,1,3,5,-4,6,9,6,-14
57/7895,0,0,0,1,-2,4,-3,1,-8,-2,4,-8,-1,2,6,-6,10,6,2,-8,-1,15,-3,-3,2
29/3946,0,-2,1,3,4,-6,-5,-2,0,-10,8,-8,-9,-4,6,0,-4,1,8,0,11,0,1,-6,12
56/7893,0,0,2,1,-1,0,4,-2,4,-5,4,-2,-4,12,0,-2,-4,1,8,0,-5,6,0,-6,-14
-4/181,0,-2,0,-5,0,-5,6,-2,-3,4,2,8,-9,4,8,1,4,2,-13,13,2,-4,-13,-16,-2
-36/49,0,-3,0,-5,2,6,4,-2,3,-2,-4,-10,6,4,-3,10,0,-5,-12,-3,-10,-4,4,-10,-2
66/47,-1,0,2,1,0,-5,-4,0,-4,2,-1,2,-1,4,3,6,-12,-13,9,-2,4,13,9,-15,1
76/43,0,2,3,1,-5,-6,3,1,-3,6,-9,-7,-6,-12,0,1,0,-4,10,-7,-13,13,2,12,8
-6/275,-1,0,0,-5,-2,2,5,1,2,-5,8,-3,12,6,0,6,0,-10,-3,-7,-10,-1,-5,-6,12
-3/92,0,0,0,-5,-1,2,-6,0,0,4,3,-1,-6,8,0,-14,6,0,1,-8,6,0,-8,-9,8
-50/1933,-1,2,0,1,-1,-6,-1,-2,-9,-4,10,-2,-3,-4,0,-6,6,-12,-4,14,7,-11,0,0,12
-16/645,0,0,0,-5,-3,4,3,1,3,-4,-9,7,0,-12,0,6,6,-2,8,-3,4,-4,3,0,-19
-22/967,-1,-2,2,1,0,-6,5,-2,-3,0,8,-2,2,-6,1,-3,-7,10,9,-15,2,-16,-3,-1,-7
-48/1937,0,0,4,3,4,-2,2,-2,6,-5,3,10,4,-10,8,-6,0,-7,10,15,-4,1,4,8,-6
89/63,0,0,2,-5,4,2,-5,1,1,-5,-9,10,8,-2,13,1,-3,10,16,-15,-1,-15,-3,-13,2
92/59,0,2,0,-5,-5,0,2,1,-7,-4,-8,-2,0,4,8,-11,10,-2,-11,13,14,12,10,1,11
-92/895,0,2,0,0,6,6,-3,-2,-7,2,1,-2,-3,4,2,-11,-4,1,8,5,1,12,-4,9,-8
-15/149,0,0,0,3,-2,-5,-3,1,3,-10,10,-7,-6,-4,-1,6,9,13,4,-12,10,13,-11,-2,1
-13/128,0,2,1,-5,2,-7,-3,-2,-4,4,-1,-2,-7,-1,2,11,7,13,-8,0,7,-10,1,1,-14
37/100,0,2,0,0,-3,6,1,1,-9,3,1,-11,-6,-6,8,-6,0,8,6,9,12,-7,2,-8,-14
-58/53,-1,2,2,3,4,6,2,1,6,-10,3,8,-7,4,12,5,9,1,8,3,-2,-16,5,-3,-3
21/100,0,0,0,1,6,4,5,1,-8,6,3,-7,6,1,-6,-4,0,13,8,-15,-2,0,17,-13,-6
6/25,-1,0,0,-5,-1,6,2,0,-8,9,1,10,2,-7,-1,-6,-4,-2,11,15,7,8,12,18,8
-53/44,0,-2,0,-5,-2,-5,-1,-2,-3,10,0,-2,0,4,4,-10,10,-7,-2,16,2,-16,9,-8,8
-71/25,0,2,0,-5,-1,-6,-5,1,-4,-2,8,-7,-9,6,-11,0,-12,13,-12,-12,-8,6,-15,0,8
-37/11,0,2,-2,3,-2,6,-4,-2,-3,2,-1,-11,-3,0,-6,-10,-2,2,4,13,-5,10,3,1,3
-26/105,-1,0,0,-5,-2,-7,2,1,-8,-4,3,6,1,-10,11,-4,-2,2,1,-15,2,8,8,12,12
-22/101,1,2,2,1,0,1,2,1,6,6,-5,-2,-6,-4,0,-3,-11,-2,5,12,-10,8,-3,-10,2
-12/49,0,0,-3,-5,-1,-5,-5,-2,-9,4,-1,7,-3,-2,0,1,-4,10,5,6,-8,-10,14,0,8
-101/16,0,2,2,1,-3,2,3,1,-8,10,0,5,0,5,-4,11,9,6,5,6,-14,-16,12,-6,-5
-98/19,1,2,-2,1,4,2,-6,-2,-3,-2,3,2,-6,-2,-6,-10,-4,1,5,-3,2,8,10,-12,-3
-43/190,0,-2,0,1,-3,-6,2,-2,1,10,-4,-2,-7,-1,4,-2,13,-11,-3,12,-6,10,3,9,6
-29/127,0,2,-3,1,0,2,1,1,3,-10,3,-5,3,-10,8,-2,8,1,8,5,-5,-8,2,2,0
-87/383,0,0,0,-5,4,-5,-3,1,6,-10,-5,7,7,7,2,-10,6,-11,-14,15,14,12,12,-6,-14
29/4262,0,2,2,1,0,-5,4,1,4,-10,-10,-7,1,1,4,-4,7,-13,14,11,2,0,11,6,3
17/2132,0,2,4,1,0,-2,-8,1,4,-4,-6,-8,6,7,2,11,0,4,6,0,11,-1,12,6,8
4/533,0,-2,0,-5,-2,-2,6,1,-3,5,3,-7,6,1,-8,3,-2,-2,4,-12,5,-16,-4,0,-10
9/1066,0,0,1,0,-1,-2,2,-2,0,6,-2,-8,6,10,6,6,-7,0,-12,13,-1,-10,-13,-7,13
6/379,1,0,2,1,6,1,-3,-2,3,5,1,10,-6,-4,4,-2,-4,8,-8,-3,-5,-8,6,-17,-1
5/379,0,-2,0,-5,-5,-1,4,-2,-3,-5,-1,-2,12,4,-2,7,6,-7,4,-2,-5,-8,-3,-6,12
7/1136,0,-2,-3,1,2,-5,-4,-2,3,9,-5,5,0,-2,-8,-6,2,-1,8,4,14,-4,16,1,-5
11/1136,0,2,2,1,0,2,-6,1,4,-5,1,7,2,10,11,0,4,8,-12,4,-2,-16,-16,1,-7
12/2273,0,0,1,0,0,6,4,0,-4,0,-9,-5,4,-2,6,-6,1,10,12,10,-1,0,-16,12,2
52/9095,0,-2,0,-5,4,-7,-2,1,-9,3,-7,-5,6,-6,4,1,-4,1,6,-7,-13,10,-3,-10,12
-26/85,-1,2,0,1,4,-7,-2,-2,3,9,3,8,-6,-1,-3,6,4,-13,8,14,-4,-7,-5,10,18
-27/83,0,0,4,1,-5,-5,2,-2,-8,3,3,-10,-6,4,7,-3,-2,-8,-5,-15,-5,6,-16,-14,8
-100674,-1,0,2,1,0,4,-8,-2,-4,3,-1,-2,-7,-9,-8,-4,0,1,-13,12,-16,-6,2,-6,0
-25168,0,-2,3,-5,0,-7,-4,-2,-8,-2,-10,6,1,6,-8,9,-7,2,1,-3,-2,13,-4,8,1
40/9,0,0,0,1,-1,1,6,1,3,-1,2,-7,8,-7,0,6,-9,6,-11,7,-1,-7,6,6,16
-16/567,0,0,0,-5,-5,4,2,1,6,0,3,10,-6,-2,-4,-3,0,-2,6,13,-2,5,5,-10,-18
-15/566,0,0,0,0,0,-1,2,1,-8,0,-6,10,-9,-1,-11,-14,1,4,12,2,-1,10,11,8,-6
-26/997,-1,2,2,3,-5,-7,-1,-2,4,-3,2,10,-9,1,-6,-2,-12,-8,8,-2,-10,4,3,10,-7
-25/997,0,-2,0,0,0,1,1,1,-8,5,-9,-1,-6,-1,0,6,-14,-12,12,-15,-16,-10,-3,3,6
-26/995,1,-2,0,1,0,-7,3,1,3,10,3,-7,6,-4,13,-9,0,-4,5,-9,0,-6,3,12,-6
-19/1069,0,-2,1,1,4,4,4,1,-3,-5,2,2,12,-3,-3,-2,-9,6,5,4,10,2,12,-12,2
-18/1069,-1,0,2,1,-1,6,-4,1,-3,3,-5,5,0,10,0,-6,0,-10,8,-15,5,-15,-1,-14,13
-11/533,0,-2,-2,3,0,-2,4,1,-8,0,-2,-5,6,-12,8,-2,-12,4,4,-12,-7,5,-16,10,2
-17/1062,0,0,2,-5,6,2,-8,1,-3,7,-7,-2,0,-2,-6,6,10,1,-6,8,-5,-1,11,6,-2
-4/265,0,-2,0,-5,4,6,2,1,-3,0,10,-11,-4,0,-7,5,1,0,-2,-5,-10,-4,3,0,-6
-79/49,0,-2,1,-5,-3,-1,2,-2,1,-5,10,-2,7,4,-11,-11,-2,10,5,0,-2,4,-16,-2,17
-81/47,0,0,0,1,2,4,3,-2,3,10,-2,-2,-9,-12,3,-10,-4,-7,-14,14,14,-5,2,-1,0
35/19,0,-2,0,1,-2,-5,-4,-2,-4,4,1,5,-5,1,1,5,-11,-4,5,8,-6,5,-7,6,-6
-39/20,0,0,0,-5,-2,-7,-3,1,-3,3,3,10,0,-1,-6,-10,0,-13,2,14,7,0,12,0,-2
-41/19,0,2,0,3,6,-5,2,-2,-6,6,6,6,-4,-4,-10,10,-4,-1,11,-12,-10,0,0,-7,0
728,0,-2,2,1,-1,-7,2,1,-3,5,0,-7,-1,4,0,-2,-1,-8,-8,-3,-6,-4,-4,-1,5
148,0,2,-3,0,4,-5,6,1,6,5,-2,-11,6,-10,0,6,-14,4,-7,0,-13,-15,-6,1,-3
146/3,-1,0,3,1,-5,2,-4,-2,6,10,-4,-11,0,4,-2,-2,-4,13,11,6,-11,4,2,8,-2
363/2,0,0,1,3,0,-6,2,0,-3,6,3,-2,-6,12,0,-6,0,1,-7,12,1,-16,3,10,17
244/3,0,0,-3,1,0,6,-6,1,-4,-2,-5,-3,0,0,-7,1,-12,-13,-14,-12,2,10,3,-2,5
180,0,-3,0,-5,-3,4,-1,1,-9,-4,-7,-3,6,12,8,4,5,-6,-2,9,14,-7,-3,0,18
-15/448,0,0,0,-5,4,-5,-5,1,3,10,1,-11,-6,6,6,-10,1,13,-4,13,4,-9,1,-6,-5
-9/226,0,-3,0,1,-3,-6,2,-2,6,4,1,10,2,8,2,1,-1,4,-4,2,7,-14,-6,18,-18
-17/454,0,2,0,3,0,-5,-8,1,-4,6,1,10,6,-10,-1,-11,-3,4,11,6,5,5,-16,-17,-2
6/35,1,0,0,-5,-2,-5,-5,-2,1,4,8,-10,12,-4,0,-3,4,-10,11,14,6,8,3,6,2
4/35,0,-2,0,-5,-1,6,-3,1,6,7,2,6,0,8,-11,1,9,6,8,4,2,4,-4,-14,2
-7/535,0,-2,0,1,6,1,2,1,6,-3,3,-2,-6,4,0,1,-4,4,2,5,7,4,1,-15,-2
-1/266,0,2,2,-5,4,0,2,-2,3,2,3,-2,-7,8,-7,0,6,-11,-10,12,-4,-8,4,-6,13
25/541,0,2,0,1,4,-5,2,-2,0,-5,-10,-7,-9,-6,-7,3,-4,4,-4,8,-1,5,6,1,-3
25/152,0,-2,0,-5,-3,2,-4,-2,6,4,-6,-10,2,12,0,-14,4,-4,8,9,-13,4,-3,-14,7
23/153,0,0,0,-5,6,2,-2,1,-7,0,-10,-8,-3,6,0,-7,-9,-1,0,-2,-1,12,17,-10,-6
3/19,0,0,-3,1,6,6,-1,-2,-3,7,1,-1,-9,8,-6,6,-7,13,-2,-9,-6,4,4,0,-3
79/30,0,0,0,0,-2,2,-1,1,6,0,-1,-1,-5,2,0,-3,7,2,-10,3,8,4,4,1,-14
76/29,0,-2,1,1,-2,-5,6,1,-3,-6,-2,-7,12,-1,2,1,-7,8,8,-9,-13,5,3,0,-6
101/29,0,2,1,3,4,6,1,1,-3,-6,-9,6,-5,4,0,-6,0,10,8,11,11,13,-8,-14,-12
-15/647,0,0,0,1,-1,-5,-6,1,6,-5,-9,-6,-4,-7,-6,6,-3,-12,4,6,-10,8,-11,12,1
3/82,0,0,1,1,4,-5,3,-2,6,4,3,-2,6,-4,-6,-11,-1,4,-13,-15,0,0,16,2,-6
-38/101,1,-2,-3,1,-2,-5,-3,1,2,-10,3,2,-9,1,-6,11,-14,-8,-8,4,14,12,-13,-14,2
13/361,0,2,-2,-5,6,-7,3,-2,6,4,-9,-2,-3,8,-6,-14,4,8,-10,0,2,9,6,-3,-12
40/1079,0,-2,0,-5,4,-2,2,1,-8,-8,-1,-5,-7,-4,-6,-4,4,8,2,4,14,-4,-16,-6,-3
5/179,0,2,0,3,0,6,-1,-2,-4,4,8,-6,-6,-1,0,-10,-4,10,8,-4,7,-1,-16,-8,-2
5/181,0,-2,0,1,-5,-5,-6,-2,2,0,1,-2,-7,5,12,1,6,6,4,12,7,11,-4,18,2
34/25,1,2,0,-5,-3,-5,-8,1,-8,-4,0,-6,3,-2,0,1,4,10,4,-12,-13,-10,-3,-14,-2
73/50,0,-2,0,3,-2,-1,6,-2,-3,0,3,-2,12,6,10,-9,4,-2,-12,5,-11,-7,-10,9,-2
3/589,0,0,0,3,2,-5,-3,-2,-3,10,2,7,-2,-1,4,-2,6,4,-6,-12,-4,13,-16,-10,11
8/1179,0,0,0,-5,-3,4,1,1,-3,-4,-1,-6,8,-4,4,4,-4,1,-13,8,11,8,1,2,-6
1/107,0,-2,3,-5,4,-1,1,1,-4,4,-1,-7,2,-2,-3,-3,6,-13,-6,-1,-13,-16,4,-8,-3
11/1175,0,2,0,3,0,2,2,1,-8,6,8,10,6,-4,3,5,6,4,-8,-12,12,-8,1,12,8
55/17,0,-2,0,1,0,-5,-2,0,6,6,4,-7,0,-1,12,11,-9,10,11,-9,-1,15,5,-6,13
41/5,0,2,0,-5,2,1,5,1,-4,3,-6,5,-4,5,-6,-10,-1,-8,-14,4,-5,2,-3,-15,2
-1717,0,-2,-2,-5,6,6,-8,1,6,2,10,-7,-6,10,3,-11,0,-7,8,-1,4,10,3,10,-19
-6869,0,2,4,-5,2,-5,3,1,6,-2,-9,10,-3,7,10,4,0,13,-12,-3,-16,-1,1,-4,11
-3433,0,-2,2,-5,6,6,4,1,-8,-10,-1,-2,-1,8,0,0,0,-3,5,-6,-6,4,-3,-12,9
-1717/4,0,-2,0,3,0,1,-8,-2,6,9,-4,-11,8,4,-3,6,2,13,5,11,2,8,6,-12,-4
-859,0,-2,0,1,6,6,-3,1,-3,4,-5,6,-7,-6,1,6,-13,-13,-8,-12,-2,-12,16,18,-18
79/458,0,-2,0,3,4,-1,-5,-2,6,4,-6,-2,2,-9,1,9,0,-11,-4,-3,-16,4,-4,12,14
79/459,0,0,4,-5,-2,2,-2,0,-3,3,1,-7,2,-2,-6,6,5,5,-4,-5,14,4,14,10,-18
-14/451,-1,2,0,1,-2,2,-5,1,-4,10,2,6,6,7,0,-2,7,4,4,6,2,15,-16,2,14
-32/301,0,2,3,-5,-2,2,2,-2,3,-4,2,8,0,-12,0,-7,0,13,-11,3,-8,12,-4,6,3
-8/75,0,0,0,-5,-3,6,5,1,4,7,-4,6,-9,-9,10,6,-4,1,4,-13,6,0,11,-15,11
-29/299,0,-2,1,-5,-1,-2,-4,1,0,-10,-4,-2,-6,-10,6,-3,-3,-2,8,-4,4,10,2,-10,-12
-27/301,0,0,-3,-5,4,-6,-6,1,-8,4,3,10,-6,-12,12,-2,-7,-8,-10,7,-13,-6,-10,10,-6
28/1159,0,2,2,1,4,2,5,-2,-8,4,1,11,10,1,4,-6,-4,-4,2,6,-9,-5,14,-17,-7
30/1159,1,0,0,-5,-1,0,-1,-2,3,0,10,-2,12,7,-1,-4,0,-4,-14,15,7,10,-16,8,14
33/1157,0,0,1,1,0,-2,3,1,6,-10,-7,10,-1,0,12,-2,-2,10,3,-9,-13,4,10,-8,6
34/1157,1,-2,-3,3,2,-2,-8,1,6,-5,-1,5,-7,-1,11,6,-3,-3,-10,3,4,12,-3,-8,-5
33/1159,0,0,-3,3,0,2,5,-2,-9,-2,-9,-8,3,2,-8,6,9,-4,-4,-4,-1,-11,6,18,7
4/129,0,0,2,1,2,-1,2,1,-4,6,2,6,4,-12,-11,-2,-1,6,4,-4,-6,11,8,6,-12
25/1159,0,2,0,0,0,-6,2,-2,-3,-2,0,7,1,4,11,-14,-2,-4,0,-13,-2,4,8,2,8
27/1162,0,0,4,-5,4,-5,-3,1,6,0,-1,-11,12,2,-11,-11,2,-1,2,12,-7,8,-16,2,6
5/92,0,2,0,-5,-3,-5,-3,-2,0,4,-9,11,12,12,0,-9,0,-2,-13,6,-2,-8,12,18,8
82/3911,-1,-2,-3,0,6,4,2,-2,-3,2,-10,-1,-4,4,-6,9,-4,-5,-7,-12,10,5,-3,-12,-8
42/1955,-1,0,0,1,0,4,-2,-2,0,-10,-8,-6,-7,9,0,1,-1,10,4,-15,-2,-15,-15,18,12
15/652,0,0,0,0,4,2,5,1,-4,0,0,-6,0,-3,0,-2,4,-8,2,16,-13,-14,0,-2,12
43/1956,0,0,2,-5,2,-5,-4,-2,-4,10,-10,-2,-3,-1,-8,-6,-9,4,6,4,-13,6,6,-14,14
11/108,0,0,2,1,0,-6,3,-2,-3,-3,-5,-2,-7,-2,-11,-11,0,-5,-11,-15,-2,-10,2,-10,8
19/219,0,0,2,1,-2,2,3,1,-3,5,-7,-1,6,4,6,-11,4,-1,2,-2,-6,-15,-7,6,-14
18/221,1,0,-2,0,4,-2,-2,-2,-8,4,-1,-5,0,10,8,-6,-10,-7,4,8,7,5,8,6,14
39/7,0,0,0,-5,-3,-7,-3,-2,-4,-10,1,-3,-4,0,11,-6,-14,-5,4,7,-5,-1,-3,18,12
37/5,0,-2,0,1,-2,2,-3,1,1,3,-9,-11,8,8,0,6,-9,-3,-14,11,2,12,-4,4,-12
181/23,0,-2,-2,3,4,-1,3,1,0,2,-1,-3,2,-4,8,-10,-4,-7,4,-7,-13,0,3,6,13
179/21,0,0,1,-5,0,4,5,1,4,5,1,-2,-4,1,1,-10,-9,0,4,3,12,0,12,-8,-18
184/21,0,0,1,-5,-2,2,6,1,-7,-4,-7,10,12,-10,7,-12,-1,10,4,-1,-6,-5,6,-10,11
83/53,0,2,0,-5,0,-5,3,-2,6,-3,-1,2,-3,-1,12,5,-2,1,0,16,-7,-6,0,8,8
88/51,0,0,0,1,0,1,-2,-2,-3,-2,1,8,-6,7,3,10,0,6,16,-12,6,8,-4,-15,-9
85/52,0,2,0,-5,-5,-2,-8,1,6,10,2,10,-5,-10,0,4,-14,8,-4,4,11,-8,-3,2,1
-38/447,-1,0,4,3,-3,-5,-5,1,6,0,-5,-8,-4,-6,-6,-4,4,1,8,-9,12,-8,-6,-12,8
-13/149,0,2,0,-5,4,-7,3,-2,-8,-2,-4,-11,6,1,-11,-6,-9,-13,-14,14,-14,-4,0,2,-5
-28/79,0,-2,3,1,0,4,3,1,3,-10,-6,-11,2,-1,12,1,0,5,8,-9,8,-8,0,-6,-14
-29/101,0,-2,4,1,-1,2,6,-2,3,-10,-1,2,-2,8,-11,-2,-13,13,2,0,12,6,0,-8,-7
-31/1482,0,0,2,-5,-2,-2,4,-2,-3,0,-10,-2,-4,6,-8,6,6,-8,4,-15,-2,-8,2,-6,-5
-58/2963,1,2,2,1,-1,-6,-6,0,-8,-10,-1,-6,8,-10,-6,-3,-5,-5,-7,-3,-7,8,12,-14,-3
-61/2964,0,0,2,3,-5,-2,-3,-2,-3,3,10,-1,-6,-4,7,-6,-12,-13,-14,-15,7,-6,4,12,14
-59/2964,0,0,1,1,0,-2,-1,-2,1,-3,1,10,-3,5,-6,6,-12,-6,-10,16,-13,11,12,10,-3
-10/371,1,2,0,-5,4,-6,-4,1,1,0,1,11,-5,-4,4,5,0,5,4,15,-6,11,-6,1,0
-7/372,0,0,1,1,0,-5,6,1,0,9,2,-2,6,-9,6,1,6,-1,8,-9,1,-15,12,-7,3
-10/369,-1,0,0,-5,-1,4,-6,-2,-3,2,-2,-5,6,5,-6,-7,0,-6,-3,11,14,-8,-4,12,-7
-3091/2,0,2,2,-5,0,-5,-1,-2,3,-4,-1,11,-2,0,-3,6,0,-2,-10,0,4,-1,-16,10,3
-3091,0,-2,2,3,0,1,2,1,4,-5,-5,-2,6,2,7,3,-11,-11,-8,-9,4,-15,-7,-10,-2
-1544,0,2,4,3,4,1,2,-2,-4,6,6,-5,-6,-1,0,1,9,-10,-11,-3,11,15,-10,-16,8
-3089/2,0,-2,3,1,-5,-1,5,1,6,6,-8,-6,-3,-4,-10,3,0,-4,-12,8,-11,4,0,-10,-18
-1031/3,0,0,-3,-5,-5,1,-6,-2,-3,3,10,2,-9,1,2,-2,-14,2,-5,-15,-13,8,-3,3,0
-1545/2,0,0,0,0,-2,2,4,1,-8,-2,10,5,0,1,-7,-6,-12,8,8,0,-10,-8,-3,-4,1
-1545/4,0,0,0,-5,4,6,-4,1,-4,-1,-5,-6,-3,4,0,-6,6,-13,4,3,-13,5,-3,-10,16
-308,0,2,2,1,0,-5,5,1,4,4,-6,-7,6,-10,0,6,-10,-6,-13,-9,2,-14,-4,10,-4
-1541,0,2,2,1,6,-6,-5,-2,-7,-2,-5,10,-6,8,4,-6,0,-7,-5,-3,-13,12,4,18,10
-11/444,0,0,4,0,0,2,2,1,-3,-7,-6,-8,6,4,-8,6,-4,-1,-2,-4,-4,-16,16,10,-12
-12/443,0,0,0,0,4,2,2,-2,-8,9,-5,-8,-7,4,6,-2,10,-7,8,13,14,15,8,6,2
-1/112,0,-2,0,-5,4,-5,2,-2,6,6,-9,7,2,4,1,-2,0,0,-11,-9,-13,9,1,-16,-8
-3/220,0,0,0,1,-2,1,2,-2,-8,6,1,-7,6,12,11,1,-13,-5,4,14,-13,8,2,8,16
16/83,0,-2,0,-5,6,4,-4,1,3,-2,8,-5,6,4,6,11,7,8,12,6,7,-1,-16,0,-12
2065/26,0,-2,0,1,-1,-2,3,-2,2,-1,-8,-8,12,2,-6,-14,-12,2,8,-9,-6,10,4,-1,-6
3/1696,0,0,3,-5,4,6,6,1,3,2,1,10,-2,8,0,5,-4,-2,3,0,14,-1,0,12,-14
6/1699,1,0,1,-5,6,-5,5,1,-8,3,1,6,-6,-12,0,-6,-4,6,-14,4,-16,-6,-4,-14,-2
-54/71,-1,0,2,1,0,-5,3,-2,-9,6,-7,10,-1,4,-2,11,-7,-10,8,4,2,11,14,3,-7
-71/22,0,2,3,1,-2,-5,-3,1,6,-4,2,-7,12,6,-11,-14,-3,0,-8,-12,-14,-6,-4,-8,-7
-65/24,0,0,0,-5,2,-7,5,1,0,9,-9,-2,12,-6,7,-4,4,-2,16,-3,0,6,-7,-6,13
-37/50,0,2,0,-5,-2,6,2,1,6,4,4,-11,-6,8,11,-4,-5,-11,-7,3,2,-1,-4,-16,8
100/83,0,-2,0,-5,-1,6,4,-2,-8,-2,-8,10,-6,0,-6,4,-14,0,5,-9,-4,8,-16,-10,3
51/43,0,0,3,1,-3,1,-8,-2,2,3,3,11,-6,-12,-8,-11,-14,-3,5,-3,2,6,12,12,16
-61/39,0,0,2,-5,6,-2,5,1,1,7,-10,-7,10,-1,6,1,4,-13,-6,4,14,4,4,3,18
102/91,1,0,-2,-5,-5,-2,-8,-2,-3,4,3,-1,6,1,1,-2,-4,6,4,-13,7,-16,1,10,-4
103/90,0,0,0,1,-1,2,1,1,2,6,2,10,-6,9,-2,-4,9,-2,-10,5,0,-1,0,-17,-2
-53/89,0,-2,-3,1,-1,6,-3,1,6,-5,-8,-1,10,7,4,-10,6,-1,8,2,14,8,2,-8,2
-27/422,0,0,2,-5,4,0,-4,-2,3,4,1,10,6,-2,-6,-10,6,-10,-12,-5,2,8,-3,-6,11
-31/419,0,2,2,3,-1,6,-3,-2,-8,4,-10,-5,-2,4,-6,-6,4,-10,-3,-9,-2,0,5,-14,8
-89/101,0,-2,0,3,4,-5,-3,0,6,-2,4,-7,8,-6,0,-2,13,-10,5,12,11,-8,-8,-13,10
-90/101,-1,0,0,-5,6,-5,2,1,-3,-4,3,-7,-3,4,8,6,7,13,4,-12,-13,12,-16,-12,16
-24/89,0,0,2,-5,0,6,5,1,6,-5,6,-6,6,6,-2,6,-9,8,-4,-6,4,-4,-11,-8,12
4/163,0,2,-2,1,0,-5,2,1,6,-8,4,-7,0,4,1,-3,-7,5,-7,-12,10,-8,16,1,12
8/489,0,0,-2,1,2,2,5,1,-3,-1,-8,8,-1,-2,10,3,6,13,-10,-8,-16,-15,4,-4,10
-46/269,1,2,0,0,-3,-5,-3,-2,-7,4,8,-7,-9,12,-6,-3,-4,2,4,3,-13,4,4,-6,3
-47/272,0,-2,1,-5,-5,-5,-2,1,2,4,-1,-7,6,-12,-8,6,-1,4,-4,-13,11,13,-3,6,2
53/50,0,2,0,-5,4,-6,5,1,-9,-8,-2,-11,2,-1,4,-10,7,8,4,-5,-13,-15,-3,3,12
-81/13,0,0,0,-5,0,-2,3,1,-3,-2,-1,-2,-3,8,2,-10,-2,-11,-14,-9,-9,-6,-4,10,12
-165/26,0,0,0,1,0,-2,-1,1,4,-8,-6,-2,-1,6,0,0,4,-8,-11,-15,-6,10,-3,6,-7
-334/45,1,0,0,3,4,-5,3,1,1,3,4,5,-3,2,-4,-6,0,5,10,0,-10,1,-1,6,8
-331/49,0,-2,4,-5,-1,0,-3,0,-4,4,-10,-1,2,4,-8,6,0,1,4,-4,-1,1,0,12,-7
-333/47,0,0,0,1,6,6,5,0,1,-2,4,-11,1,6,3,6,-4,2,8,3,-4,-16,12,0,2
690/13,1,0,0,3,-3,-2,-5,1,-7,-2,3,7,-1,4,-6,-6,4,-7,-14,-12,-11,1,12,10,-3
687/13,0,0,1,1,0,-2,5,1,-8,-4,-4,10,2,4,-8,6,6,-11,-8,-15,-7,-6,6,0,6
-43/14,0,2,0,-5,-3,-1,2,0,-3,0,-1,2,0,-1,0,-2,0,-2,0,-1,12,15,0,-1,-9
-21/8,0,0,0,1,4,6,-3,-2,2,4,-5,10,2,6,-6,-14,9,-1,4,-12,-2,12,-5,3,-6
-166,1,-2,2,1,6,1,-3,1,6,-5,-1,-5,-9,-4,3,1,-9,-6,-14,-9,-14,6,0,10,2
-500/7,0,2,0,-5,-3,2,3,-2,4,0,-9,6,-3,4,0,-2,-2,8,14,14,12,-8,0,4,-2
-498/5,-1,0,0,-5,2,6,3,-2,-4,0,3,-8,-9,4,13,6,-12,5,4,0,2,10,0,2,2
-10/291,1,0,0,0,0,4,6,-2,3,3,-7,10,-6,-6,0,2,-4,1,8,6,-4,-10,-7,-3,4
-3/58,0,0,2,1,6,-6,-6,1,-8,-6,-2,-2,-5,-6,-1,6,5,10,12,-9,8,-9,12,-14,-6
-11/291,0,0,1,1,0,1,2,-2,6,-10,3,-2,4,-7,-1,-9,-4,6,-14,-15,0,-6,0,-12,4
-17/291,0,0,0,0,-5,6,-8,-2,-3,-5,-9,5,1,-4,11,-12,0,-5,10,8,-2,11,6,3,4
94,-1,2,1,3,2,1,-4,1,6,6,2,-7,-6,12,-8,1,10,-2,-13,16,7,-16,17,-8,9
289,0,2,2,1,-2,1,-8,1,-3,0,1,-6,-7,12,0,-10,0,-7,4,3,-13,0,-16,-2,-14
434,1,-2,2,1,4,-5,-4,1,-4,0,-10,11,-3,-1,7,6,-2,8,-12,-12,6,12,12,9,12
429/2,0,0,0,0,0,-7,-6,1,-9,-8,-9,10,-4,8,-7,6,1,10,-3,-3,-7,-4,0,-10,-10
-1/322,0,-2,2,-5,4,-1,4,0,0,3,10,11,-9,4,-6,5,-12,1,5,8,-2,6,-4,12,-2
-14/4859,-1,-2,1,1,-5,-1,3,1,-3,10,-7,-2,0,-12,0,-11,0,-5,3,-5,-9,-6,-11,9,8
-43/46,0,-2,2,-5,2,-5,6,1,0,-4,-2,-11,6,-1,-6,-2,-13,-4,0,11,-6,8,-8,-6,-18
-55/73,0,-2,0,-5,0,4,-5,1,-3,-4,-9,10,-6,5,0,-4,0,4,-12,-12,-6,4,8,6,7
-17/89,0,-2,-2,-5,4,0,-8,1,-8,-4,3,2,12,1,0,-3,-7,-10,5,4,5,-7,17,-8,-9
-79/91,0,-2,4,-5,-2,-2,4,1,6,-7,-2,-6,-6,-4,-8,-4,-4,-11,12,8,4,4,-4,-8,9
-86/93,1,0,-3,1,4,-1,-6,1,2,-4,2,10,-7,-1,8,-2,0,13,2,13,-8,12,-3,-14,17
107,0,-2,3,1,0,1,2,1,-3,7,-1,5,6,8,1,-3,0,-1,0,7,14,13,-4,6,-7
429/4,0,0,2,-5,0,-7,4,-2,-8,9,-1,-11,2,-9,0,1,6,4,9,5,-5,-16,4,0,18
71,0,-2,4,0,4,-6,2,-2,6,9,-5,-10,-4,7,-8,6,6,-2,11,-12,-6,6,7,-14,7
213,0,0,0,3,-3,-5,-4,1,2,10,-9,-6,6,-2,0,-3,-11,8,-8,-12,-10,10,8,9,10
217/3,0,0,2,1,6,1,-1,1,3,-3,-10,5,-5,9,0,-4,13,-7,4,6,4,10,-12,-10,8
214,-1,2,2,-5,4,-6,-1,1,3,4,-4,6,8,10,-4,-6,-3,4,3,2,10,-15,6,-6,8
215/4,0,-2,0,3,4,-5,1,-2,6,5,0,2,2,-1,-8,-2,0,13,4,7,1,-9,-10,-1,-5
-59/6,0,0,0,3,-2,2,-1,1,-8,-3,4,-2,-6,-1,0,0,-12,2,-2,-1,-13,-15,-6,-8,7
-416/43,0,2,0,-5,0,-7,4,1,-6,7,8,-2,-6,-12,4,-2,-13,-8,-6,6,7,6,2,-7,-6
-419/43,0,2,2,0,-5,-1,6,1,-8,-8,-5,6,6,-12,-8,-4,0,2,4,8,-2,12,-4,3,-12
103/18,0,0,4,3,6,-5,4,-2,3,-5,-10,-5,6,-9,-8,-2,11,1,-12,-4,10,-8,6,-12,1
101/14,0,2,2,-5,0,2,-5,-2,-4,4,-5,-1,6,-2,-8,-9,5,1,-8,4,-13,-14,-4,-9,2
-93/16,0,0,0,1,6,-5,-3,1,6,-2,-10,-2,-9,-1,-7,-10,-1,5,9,2,-2,4,6,-2,8
-86/15,-1,0,0,-5,2,-1,-4,1,-3,-7,8,2,-6,-1,-6,3,0,-7,-12,-8,-6,5,-10,6,12
-89/15,0,0,0,1,0,2,-6,1,4,-2,1,7,-6,-6,-11,-10,6,8,10,4,-11,0,3,-13,-6
37/70,0,2,0,-5,-5,2,-1,1,4,7,-2,-11,-6,4,4,-10,6,8,9,-12,12,6,0,-4,-2
-4/57,0,0,2,3,0,6,2,-2,6,-2,2,-7,10,-12,6,0,-2,10,-10,-15,-2,13,-4,9,-3
2/1121,1,2,-3,1,0,-5,5,-2,-3,2,10,-2,1,9,10,-10,10,10,8,-9,-1,5,-6,-6,11
3/2239,0,0,0,-5,2,2,-3,1,-3,6,-9,-1,4,-6,-2,1,4,-2,-5,-1,7,5,-16,-14,12
6/2803,1,0,0,1,0,-5,2,1,-8,4,1,-11,6,4,11,0,6,5,-5,6,-2,4,4,6,-14
-181,0,-2,1,0,2,2,-5,1,-8,6,-5,-8,-3,5,0,-2,-2,2,8,-9,-10,-15,0,-12,-2
-20/31,0,2,0,-5,6,-1,4,-2,-3,3,2,-6,-7,8,1,-2,-13,-5,10,7,-13,11,-16,-6,-6
-49/54,0,0,1,1,4,-5,6,-2,4,-4,1,-2,-6,-10,10,-14,6,8,12,8,-6,-1,-3,-12,17
-28/25,0,-2,0,1,0,0,2,1,-3,6,0,11,-6,6,0,-3,0,0,5,11,-2,10,12,6,8
-50/51,1,0,0,3,4,4,-2,1,-3,5,-9,10,-5,-1,7,-2,-2,-1,12,9,11,-9,6,6,-14
-27/26,0,0,-3,3,4,-2,2,-2,4,0,-2,2,10,4,-6,-3,13,1,-14,6,-1,0,3,0,8
-24/65,0,0,0,1,-1,-2,-3,1,2,0,1,-2,12,4,-10,-6,-2,0,-8,12,-8,6,8,-6,-2
-22/63,-1,0,4,-5,0,4,4,1,-9,9,-5,10,12,1,0,3,-12,-4,-4,8,2,6,3,-7,1
-1401277/2,0,2,1,1,-5,1,-3,1,-4,4,-1,-8,-1,-4,8,1,6,8,-7,6,-5,0,4,-17,-3
-350320,0,-2,0,1,0,-5,3,1,-6,-10,3,5,6,-6,-6,6,6,-5,5,4,-6,-4,2,-4,17
-1401274/3,1,0,2,1,0,1,6,-2,6,-7,-9,-7,6,-9,-4,-11,-4,1,2,4,7,-1,2,-7,-1
-47/33,0,0,0,1,-2,2,-3,-2,-6,10,1,-2,-1,4,-8,-7,-1,8,-13,-9,-8,5,6,-6,2
-88/65,0,2,0,-5,0,-2,4,1,-4,-2,3,10,10,-3,-11,6,4,-7,2,0,0,-1,2,10,-18
89/19,0,-2,4,0,4,-5,-6,-2,6,2,-8,-6,8,8,3,-2,-14,6,-3,-4,-13,6,-13,-13,8
65/47,0,2,0,1,4,-7,2,-2,-9,-7,6,-7,-5,2,3,-6,-4,-7,-3,-3,14,8,-4,-15,14
62/49,-1,-2,0,-5,0,2,2,1,-3,-4,-10,7,-6,-3,-11,-9,2,-1,11,16,5,-4,8,-7,-18
-38/5,1,-2,0,-5,6,-5,-5,1,-4,-2,3,-7,-6,-6,-10,1,6,1,-2,-15,-6,2,15,10,17
17/64,0,-2,2,3,0,-1,-8,1,-3,-1,-2,10,2,4,2,6,10,4,-4,8,-5,-4,6,-13,6
-32/275,0,-2,0,-5,-2,2,6,-2,-3,-4,-1,6,-4,12,-6,6,-3,-6,-4,2,11,-1,6,0,10
-19/138,0,0,-3,1,2,-1,3,1,0,4,1,10,0,-6,3,-9,-2,-13,-8,-1,4,-16,3,1,-5
-40/267,0,0,0,1,4,4,-3,-2,3,5,-2,-3,-7,1,1,-11,0,-1,0,4,7,8,0,-8,-14
-36/271,0,-3,2,-5,0,-5,-6,1,-8,-5,-1,-10,-2,2,-8,7,-9,-10,2,-15,-11,-8,2,1,-2
-37/270,0,0,0,3,-2,-5,-1,1,6,-5,3,-11,-9,-2,0,-3,0,-2,8,8,-9,-9,-4,0,10
4/847,0,2,3,-5,-2,0,-1,1,-4,7,10,7,-4,10,-1,-6,5,1,12,8,-14,11,10,-15,8
5/849,0,0,0,1,0,4,6,1,-3,-8,3,-5,3,1,-2,-7,-9,0,8,3,11,15,15,1,8
-1/422,0,2,2,3,0,0,-5,-2,-4,0,-9,-3,-6,2,2,-2,-4,-10,-3,-3,-7,11,7,18,-14
-2/213,-1,0,4,-5,4,2,-3,1,-3,2,4,6,10,-6,-10,-6,-11,-13,12,4,0,13,12,-6,-12
-1/847,0,-2,2,-5,-2,-6,-5,1,2,-3,3,-6,3,-4,-8,-3,-14,4,-7,-4,10,0,4,1,-18
-107/63,0,0,0,-5,6,-5,4,-2,4,-2,8,-2,-6,-7,-6,-4,-4,8,-3,15,-4,-10,2,-1,14
-31/84,0,0,0,-5,4,2,2,1,-3,7,-10,-2,-6,4,0,0,-1,-8,-3,0,-8,-8,12,-10,-14
-10/27,1,0,0,3,0,1,3,-2,-3,-4,10,8,-4,-4,-8,-11,6,1,-14,-12,-13,-8,14,-15,-18
31/7,0,2,-2,-5,2,2,-6,1,3,0,-10,-2,-7,1,-6,0,-2,-3,-7,-9,-10,12,-16,12,12
47/84,0,0,-2,-5,-1,2,-3,-2,-4,2,3,8,3,-2,-8,-12,-12,-2,-10,8,2,-4,8,6,7
-43/36,0,0,-3,1,-3,2,-3,1,6,-1,1,-1,6,-1,0,-3,0,4,5,8,-1,0,6,-15,2
-19/318,0,0,2,3,0,6,2,1,-4,3,8,-2,1,4,12,5,6,-8,2,-5,-6,-9,3,6,12
21/2290,0,0,0,1,4,-5,-5,1,4,-5,10,-8,-6,-2,4,-4,2,-7,8,4,-2,-14,4,6,10
21/2291,0,0,4,1,4,6,3,-2,-3,-6,-2,-6,-5,5,4,-3,-4,1,3,-15,6,-8,4,18,17
10/1143,-1,0,0,-5,-5,1,5,1,-3,-2,-9,-5,-9,4,13,6,-4,8,-5,12,-13,4,-6,10,11
16/1143,0,0,-3,0,2,2,-3,1,-3,4,-9,5,-6,1,0,11,9,0,11,8,0,-4,2,-12,-9
15/1141,0,0,0,-5,2,-5,3,1,2,4,-9,-5,-2,-4,-8,6,6,-4,-12,4,5,-8,2,-12,0
27/2288,0,0,1,0,-2,-2,4,0,-3,7,3,2,-6,10,0,1,0,-12,4,-2,-6,-8,1,0,16
74/6863,-1,2,-3,1,-2,-5,-4,1,-8,10,2,-11,6,-1,-6,-9,0,4,-8,0,-16,1,0,4,-12
36/3433,0,0,2,-5,-2,2,5,-2,2,-1,3,2,-3,-6,-6,11,-14,8,11,-4,-4,0,2,-6,1
33/3433,0,0,2,-5,0,6,4,1,-8,5,1,-5,-6,-1,10,-4,5,-7,5,6,-14,1,3,3,-4
71/6867,0,0,0,-5,0,0,2,1,-3,6,10,-2,-7,8,-2,6,0,-1,-14,-12,-13,-8,-4,18,10
9/857,0,-3,-3,3,-1,-5,5,-2,-3,-4,-6,-7,6,4,-6,-3,4,-5,8,13,2,-4,-4,-10,0
37/3432,0,0,0,0,-2,-2,1,-2,1,-3,-1,-11,-6,4,6,6,6,1,8,15,-8,-1,0,18,8
-1/88,0,-2,-3,-5,-2,-1,5,-2,2,0,-7,6,-3,8,-6,1,-2,-1,5,6,14,8,-10,-6,0
-3/440,0,0,0,3,-2,-5,-1,1,-4,4,0,-5,-5,-1,-2,-4,-4,-10,2,-2,4,10,-3,12,-2
-17/1759,0,2,-3,1,2,6,-8,-2,3,6,6,8,0,9,0,1,8,-11,4,-15,-13,0,10,-2,17
-17/1761,0,0,2,0,4,-5,-8,1,0,9,-1,10,-4,6,-6,1,-11,2,8,-4,-5,6,0,1,17
-17/1760,0,-2,0,1,-2,6,-8,1,1,-10,-4,-2,-2,4,-6,-4,-4,1,0,-15,-6,-12,12,-14,2
-7/587,0,2,2,1,-5,1,2,-2,-3,0,10,-1,-1,-9,8,-6,6,-13,3,-3,2,-9,0,-15,11
-13/1752,0,0,4,-5,-2,-7,-3,-2,4,4,-5,7,-1,4,-8,-2,6,8,-14,13,-6,8,-12,-13,-18
-9/1756,0,-3,0,1,4,-5,2,1,-9,2,-4,-1,0,-9,12,6,-4,-8,8,-12,-5,12,-13,-3,8
-7/879,0,0,2,1,4,-5,5,-2,-8,-2,-5,-7,-1,4,-8,-9,-9,1,-12,3,2,-8,7,-6,-6
-3/352,0,0,0,1,-2,2,-3,-2,-6,0,3,-1,-6,2,12,6,-9,-8,2,2,11,10,-6,-14,-10
-15/1757,0,0,0,-5,4,6,-5,-2,2,2,8,-6,2,0,0,6,-12,2,4,-5,-13,-11,-4,6,-5
-15/1756,0,0,0,0,-5,4,2,-2,-3,3,2,-5,6,-3,-8,5,0,8,2,10,-13,-6,-4,12,2
14/475,1,-2,0,1,4,0,2,-2,0,-2,-1,-5,-5,8,-11,1,4,13,-3,-15,0,-10,0,3,11
17/472,0,-2,0,0,4,2,-8,-2,3,9,-4,-1,-3,-1,13,-2,10,6,16,3,-8,6,12,0,17
7/237,0,0,0,1,-2,4,-1,1,-3,9,-5,6,-7,-7,-6,5,0,0,-12,-3,-1,-8,12,12,-14
-13/240,0,0,0,-5,-5,-7,-6,-2,-3,-7,-8,2,8,2,-6,10,2,-10,-11,-5,-2,-7,3,-4,17
165/4,0,0,0,0,0,6,2,1,-3,-4,10,-3,-1,4,12,6,6,4,-8,14,12,-10,3,8,-7
333/8,0,-3,2,-5,6,2,2,1,6,0,1,-11,6,-1,-8,-3,9,8,4,-2,6,-6,12,18,-5
161/3,0,0,-3,1,2,-6,2,-2,-7,6,-6,6,12,-4,-6,3,0,13,2,14,-9,0,3,-10,14
162/7,-1,0,0,-5,0,6,5,1,6,3,2,10,-4,-6,-7,6,7,-6,11,4,8,-8,-1,-6,10
418/3,-1,0,4,-5,0,-5,-4,1,-3,-2,-5,-5,-4,-3,8,-6,2,-6,4,-3,14,-9,11,1,-7
416,0,-2,0,3,0,-7,-3,-2,6,10,-9,-7,1,1,10,-2,5,-4,-7,-12,-13,10,11,-8,2
344/9,0,0,0,-5,-3,-5,-3,1,-3,-4,-8,-6,6,-1,-2,11,6,-7,12,5,2,1,8,-16,5
342/11,1,0,-2,-5,-2,4,5,1,2,10,8,-2,-6,6,8,9,-11,-11,8,0,-13,9,-3,-14,-8
343/11,0,-2,0,1,-2,-5,-3,-2,0,-10,3,10,6,-3,0,3,4,-1,11,-4,-6,2,11,8,8
347/9,0,0,-2,1,0,2,2,1,-3,4,3,10,-3,1,4,-3,-4,2,-2,6,-6,10,3,-9,-7
341/10,0,-2,0,-5,0,6,6,-2,6,-5,-10,5,-4,-1,4,11,7,6,-7,-4,14,8,0,4,-12
345/11,0,0,0,-5,-2,1,-6,1,-7,-4,6,-6,8,-1,4,1,-13,-3,2,10,-10,-4,16,-9,5
350/13,-1,-2,0,1,6,-2,-5,1,3,-10,0,10,6,-6,0,-2,-11,2,4,13,-2,13,-16,12,0
348/11,0,0,3,3,-2,-5,-1,1,-8,-10,-9,6,0,8,12,-9,-3,-2,4,-15,-11,10,15,0,-18
-99281/2,0,-2,-2,1,0,-7,-3,1,-3,6,6,-3,-1,10,-6,7,1,-3,0,-12,-7,10,-1,-6,-7
-7047/2,0,0,2,0,-1,-6,-3,0,3,-10,-9,-5,2,0,0,-3,-10,-7,-14,0,-2,6,-6,-10,-7
-14093/2,0,-2,0,1,6,-6,-8,1,-8,6,6,10,7,2,-6,6,6,0,-11,-3,-6,2,-7,1,18
-57/70,0,0,0,-5,4,6,2,1,1,-5,-1,-2,2,-6,4,-10,10,10,3,-4,6,15,-16,3,-18
-611,0,2,2,-5,4,-7,4,1,6,-1,-5,10,-5,5,-8,-2,-4,0,-14,8,2,10,-3,10,-3
86/21,-1,0,0,-5,-1,2,-3,1,-8,4,1,11,6,-1,3,7,10,8,-5,-3,-4,-14,9,-12,-5
-18/19,1,0,2,1,2,2,-3,-2,-6,-2,8,8,-6,4,-1,5,10,-3,-14,0,0,2,12,-6,18
-85/94,0,-2,0,1,2,0,-8,1,-3,0,-1,-2,10,2,3,-6,4,-1,2,-3,11,1,12,18,-1
45/26,0,0,0,1,-2,-2,2,0,-3,3,-1,-1,-6,-4,-6,6,6,8,-14,-8,2,-8,10,10,-14
-41/56,0,-2,2,-5,-2,-6,-6,-2,1,-4,3,6,-4,4,13,-14,0,-8,-11,-13,0,4,-7,-9,8
7/27,0,0,0,1,0,6,3,1,-9,4,6,-2,6,-1,4,-2,11,5,-14,3,7,8,3,3,-19
30/109,-1,0,0,-5,-2,-6,2,-2,6,-2,-4,-7,-2,4,4,6,-11,-12,-4,10,-1,0,-6,0,-3
85/331,0,2,0,-5,0,6,-8,-2,1,-3,2,10,-6,-4,11,-2,6,-2,-10,6,14,-10,-16,5,-9
-43/82,0,-2,2,-5,0,6,2,1,6,-8,10,11,6,-1,-11,-14,0,-1,8,13,-5,-6,-3,2,-9
67/18,0,0,1,0,0,1,3,1,-3,6,-6,2,1,6,3,6,0,2,-5,5,4,0,4,12,2
-29/81,0,0,0,-5,-5,6,2,-2,3,-10,-5,-2,-4,1,-8,6,-2,4,-12,-12,14,8,10,-12,8
-35/83,0,-2,0,1,4,-6,-4,-2,-3,4,10,6,1,-1,-11,6,0,6,-12,4,-11,10,-16,1,-3
76/73,0,2,-3,1,-2,1,2,1,-9,6,-8,6,4,-7,0,-2,6,2,-14,9,-6,1,15,-15,-2
38/35,1,2,0,-5,0,2,-3,1,3,4,-7,10,12,-4,0,-2,8,-8,10,3,1,-14,-3,0,-9
75/61,0,0,0,0,4,-5,3,-2,-3,-2,10,-2,-6,4,4,6,1,-4,4,8,12,4,2,6,14
72/59,0,0,-2,3,4,2,-4,-2,6,3,2,-5,-5,-1,12,0,10,2,-8,4,-6,13,16,10,-14
-4/819,0,0,2,-5,0,-2,-1,-2,-8,4,-1,2,-5,-2,0,-2,11,6,5,-15,-4,11,2,-14,17
-12/1637,0,0,1,-5,2,6,4,1,-4,-5,-6,10,-5,-3,0,-6,0,-4,8,-12,14,-14,-10,6,8
-27/476,0,0,-3,-5,-1,-5,-2,-2,-8,-4,6,6,0,5,11,-2,1,-3,2,0,-2,4,2,0,12
-15/319,0,0,0,-5,-2,-1,-3,1,-3,-6,10,-7,-4,6,0,-6,-4,5,-3,14,5,-1,-6,-6,-1
-46/955,-1,-2,0,0,-5,2,-3,1,-7,2,10,5,3,-7,3,9,2,13,-14,4,-6,8,0,-9,-6
-13/241,0,-2,3,-5,-1,-7,1,1,-8,-4,-2,10,-3,8,6,6,-2,-7,8,-12,-5,-15,9,6,-3
-15/239,0,0,0,1,4,2,-6,1,2,-7,3,-5,6,4,-6,-4,-1,-5,11,-12,-2,-10,-3,1,-2
-27/478,0,0,0,-5,6,-1,6,-2,6,-2,8,-7,12,1,-4,-4,-7,-5,-11,11,14,6,8,18,-9
-23/479,0,-2,0,-5,0,-5,5,1,-7,-5,-5,-6,0,-9,1,-3,6,-4,-8,-3,-8,12,-3,-12,8
11/36,0,0,2,-5,0,-5,2,1,-3,3,-9,2,1,1,-8,6,-4,2,-8,3,-13,8,-16,18,12
-31/100,0,-2,0,1,-1,4,1,1,-4,4,-10,5,0,8,1,-2,4,1,-6,2,14,-8,8,-12,2
-31/99,0,0,4,-5,-2,2,3,1,1,-3,-10,10,3,5,3,0,-12,-13,-12,12,6,-9,-4,6,14
-17/9711,0,0,2,1,-2,-2,-8,0,-3,-8,-7,7,0,2,8,1,-4,13,4,-15,0,8,-16,2,-10
-1/511,0,-2,2,-5,-1,1,3,-2,-3,-5,-6,-5,4,-1,-6,-2,5,1,-14,3,-6,-10,2,18,-3
-18/9709,-1,0,-3,-5,6,-1,-3,-2,-8,5,-4,-2,-2,4,-6,-4,-3,2,10,2,-6,-7,15,6,-14
72/5,0,0,0,1,6,-5,5,-2,-9,-8,-6,10,-9,1,12,-2,-4,8,12,-4,-1,10,3,5,8
55/28,0,2,0,-5,0,-5,2,1,3,5,1,6,12,-4,0,3,-12,-7,9,15,2,13,12,-3,2
29/15,0,0,0,0,6,-5,5,-2,-3,-10,-10,-10,8,-2,-6,10,6,1,6,5,-7,-8,5,0,14
172/5,0,-2,0,-5,0,4,2,1,-6,-5,-1,11,-6,-1,0,-2,4,-2,4,0,0,11,2,-12,-6
169/2,0,-2,-2,-5,-1,-7,-3,1,0,-5,2,6,2,4,8,-7,-2,-12,5,-12,4,-4,-3,-7,17
689/10,0,-2,0,0,-3,-7,-5,-2,-6,-5,1,-1,8,-1,0,-10,6,10,-11,3,-6,-10,-13,-8,8
1/23,0,-2,-3,-5,-5,-5,2,1,0,-3,-9,6,6,9,0,-4,0,13,-14,-12,-2,10,-6,18,-18
-89/49,0,2,2,-5,-1,-5,-6,1,-3,-8,-1,-2,0,8,-4,10,5,1,5,-6,-11,-14,6,-13,-6
19/267,0,0,3,-5,6,6,2,1,-8,-5,2,10,-6,-1,12,3,0,8,3,-12,-13,-7,0,-8,3
20/263,0,2,0,-5,-1,4,5,1,6,10,-1,-2,1,-1,0,6,-4,-1,4,2,2,-4,-15,-6,-18
1/55,0,2,0,1,-2,-1,-3,1,6,3,-1,6,3,-6,12,-2,4,-2,-4,-15,-6,-8,16,12,-6
-1/885,0,0,0,1,-1,6,3,1,6,-1,-1,-7,-4,-12,12,6,10,5,-12,2,-13,-1,0,6,8
-1/294,0,0,4,-5,-3,-5,-1,1,4,6,-6,-5,0,4,-6,6,0,-4,0,6,-7,0,0,-3,-2
1/148,0,2,-3,0,0,-5,-1,-2,3,10,-1,-8,2,5,-6,-10,-2,-12,1,10,-8,6,2,-12,-5
-23/81,0,0,2,3,0,2,-1,-2,-7,0,-1,10,2,-3,6,2,0,13,5,3,2,13,-3,-17,-18
47/153,0,0,1,1,0,-6,-2,1,-4,-3,1,10,-2,-10,-8,-3,-14,-2,8,2,-10,11,-16,1,-6
23/76,0,-2,-3,-5,6,-5,2,-2,-7,3,-9,-6,3,4,0,-3,-4,8,-3,-9,-7,-4,10,3,2
59/79,0,-2,4,-5,-1,6,-1,-2,-4,-10,-4,-10,0,-4,-6,1,-12,-1,2,-12,2,-8,4,3,-18
79/88,0,2,-2,-5,-2,-5,5,1,-3,0,-5,-2,6,-6,-4,6,0,-5,-8,4,2,4,6,-13,10
-1081/90,0,0,0,3,-3,0,5,-2,-7,6,-5,10,-3,4,-8,-6,0,-1,8,0,-4,6,0,-1,10
-1085/89,0,-2,0,1,-3,1,2,-2,-3,2,-10,2,8,7,-3,6,-4,8,-4,0,0,-12,12,-8,2
-539/45,0,0,0,1,0,6,-6,1,6,-5,-1,10,-3,-4,7,4,11,8,-8,-3,-16,-14,9,6,-12
-181/14,0,2,4,-5,-1,2,5,1,-3,3,2,-3,-1,2,-8,-10,-7,4,12,8,14,-1,-4,2,14
-178/15,1,0,0,-5,4,0,-3,1,-3,0,0,6,10,5,13,-2,-2,2,8,15,-16,8,6,-13,-18
-6313/3,0,0,1,-5,-3,-6,5,-2,0,5,-1,-2,-6,-6,-8,-6,-12,8,-6,-1,-8,10,3,0,13
-2104,0,-2,4,3,0,0,-3,1,1,9,-10,-2,4,10,7,6,-1,4,0,15,-1,-15,16,-14,-6
-2102,1,2,-3,-5,6,-5,-5,-2,4,6,6,10,-4,2,1,6,6,-2,2,8,2,6,10,12,-2
230,-1,-2,0,1,6,-1,-4,1,-7,-1,-9,-2,6,9,-8,6,0,2,-10,-4,0,13,-4,-1,17
345/2,0,0,0,0,-1,2,5,-2,-7,9,-6,-1,-4,-2,-6,-10,-7,-11,-4,3,-5,-8,6,-9,-18
-15/44,0,0,0,3,-2,2,1,-2,-9,0,6,-5,-5,7,12,-4,0,4,4,15,-6,-8,-16,-6,-3
-73/4,0,-2,0,0,-5,4,2,1,-4,-10,-5,-6,-2,-7,0,1,-13,-6,-12,-15,-11,-4,-13,6,14
-217/11,0,2,2,1,-2,4,2,0,-4,-2,-10,-11,6,6,0,-2,-5,13,-10,3,5,4,-4,6,11
-500/3,0,0,0,1,-1,4,-4,-2,6,-5,-5,-1,-1,5,6,6,-14,-8,-8,-8,0,5,2,2,8
-499/4,0,-2,1,3,6,0,1,-2,-9,9,2,2,-4,9,0,4,1,1,4,-15,-8,-14,3,18,18
-505/7,0,-2,0,-5,0,-5,-3,1,6,3,3,5,-5,4,-8,-6,-4,-2,-7,13,-14,0,12,12,10
52/29,0,-2,0,3,0,-7,-1,1,-3,-6,-5,-8,2,2,-6,6,-14,1,3,4,-7,15,4,10,13
-17/41,0,-2,0,3,-1,4,-8,-2,6,4,-1,-2,6,6,-8,11,-3,-2,-10,5,-14,-16,12,4,0
-9/20,0,0,0,1,6,-5,2,-2,-8,4,-4,-1,-6,-4,-11,-12,-4,-1,5,6,-6,4,9,6,-12
-10/293,-1,2,0,3,0,-6,-5,-2,-8,4,8,-6,-6,-12,-3,-9,4,-4,3,0,-5,-16,-11,0,8
-6/149,1,0,4,-5,6,6,-1,1,1,9,2,-1,6,-1,7,6,-2,-12,3,-5,-6,12,14,1,16
-7/296,0,2,-2,1,4,4,3,1,6,2,4,-8,-7,-4,0,-9,0,0,4,6,-14,13,-13,12,11
7/16,0,2,0,1,0,4,-1,1,-4,-3,-1,-8,3,6,0,6,2,-4,3,6,-9,8,-3,6,3
-55/31,0,-2,0,-5,0,0,1,1,-9,4,2,-2,7,-6,-8,6,-12,5,-11,8,-4,12,-4,-12,-7
115,0,2,0,3,4,4,-3,0,-7,0,-1,-8,-2,1,0,10,6,-12,3,0,14,15,1,-15,11
3/490,0,0,0,-5,2,-1,3,1,3,0,0,-7,-3,7,-4,1,0,10,3,14,-5,-16,10,6,8
-3158/3,-1,0,2,1,4,-1,1,1,-3,4,-1,-2,0,12,0,-2,-4,2,-11,7,-4,12,16,6,-14
-22/23,-1,2,0,3,0,1,-6,1,0,2,-9,-6,-3,-7,0,6,-7,8,-10,-9,-14,-8,-4,-6,10
-91/92,0,2,0,1,-1,-7,-3,1,0,-4,-4,-10,-5,6,3,-11,13,10,-8,2,0,13,4,1,-12
-91/93,0,0,0,1,2,-7,6,-2,-3,0,2,-2,-4,6,0,9,4,2,-12,10,7,13,6,6,2
-364/3,0,0,-3,1,4,-7,-4,1,-3,3,-9,10,-4,-2,-1,2,-11,-5,-14,-12,0,-16,-12,0,8
-41/127,0,2,2,0,2,-5,2,-2,6,7,2,-7,-4,10,1,1,-2,-13,8,-13,11,5,-7,6,8
-67/102,0,0,1,1,4,2,-2,1,4,4,-9,-6,-1,4,0,-4,-14,1,-5,6,-2,13,3,6,14
5/83,0,2,0,1,6,2,-5,-2,6,-4,0,-2,-6,2,-6,10,-12,-5,4,14,-8,10,-16,-17,13
10/77,1,-2,0,-5,-2,1,2,-2,3,0,3,-6,-9,-6,-11,-6,0,-12,12,-12,-10,-1,3,-17,-13
-231,0,0,1,1,0,1,1,1,-4,4,8,-6,2,2,-1,-12,4,13,4,8,2,5,-4,-6,-2
-233,0,2,2,-5,0,2,2,-2,-4,0,0,2,0,-4,4,-11,5,-4,-14,-15,-4,-1,-3,12,-6
-919/3,0,0,0,-5,0,2,5,1,6,5,-1,10,6,4,0,7,2,-10,5,6,-4,15,-16,6,-7
-919/5,0,2,0,0,-5,-6,-1,-2,4,-2,-9,-5,0,-7,0,9,4,-3,2,-2,11,-15,1,10,5
-923/5,0,-2,0,3,0,-7,3,-2,0,4,-1,-6,-5,-3,0,-6,6,4,10,-12,0,-5,-16,1,-9
-115,0,-2,0,-5,2,0,-3,1,-7,4,-5,5,6,-7,-4,-2,5,8,11,-4,-2,4,2,10,-14
-506,-1,2,1,-5,0,2,-3,-2,-7,4,-8,-8,0,-4,7,-10,-7,1,-12,0,-9,1,1,10,3
-2029,0,-2,4,0,2,6,5,1,6,4,8,-1,12,6,8,-6,-11,-7,3,14,2,8,14,6,8
-23/28,0,2,2,-5,0,-5,4,1,-7,2,10,-5,0,-1,0,2,10,-6,-14,3,-6,0,-3,0,1
11/93,0,0,0,1,0,6,6,1,3,-8,2,-7,-6,4,0,-2,11,-3,10,7,4,-15,3,2,17
-60/47,0,0,0,1,-1,6,5,1,-3,4,-10,-1,-1,7,3,6,4,13,10,9,-7,6,3,1,8
-497/93,0,0,4,1,-3,-5,-3,-2,-3,0,2,-2,-9,9,-6,-4,0,0,-14,-12,-13,-1,-4,-1,12
-495/92,0,0,0,1,0,6,1,-2,0,-5,1,-6,-6,-4,0,-10,4,2,2,-4,-13,1,-4,-10,10
-104/21,0,0,2,-5,4,-7,-3,1,2,9,-4,-7,-6,-10,-1,6,7,-1,12,-15,-13,15,12,10,-2
45/58,0,-3,0,-5,-3,2,-3,-2,-8,-6,3,10,-3,10,1,10,-14,-1,-6,-1,-13,4,6,-6,13
-1/462,0,0,0,-5,-2,4,5,-2,3,6,-8,10,7,-1,12,1,4,-12,3,-13,-8,13,12,12,-18
41/62,0,2,3,0,0,-5,-3,1,0,5,2,-8,-4,-6,6,-12,0,2,-12,-4,14,-14,12,-14,12
25/21,0,0,0,-5,0,-5,-6,-2,-4,6,-9,-5,8,-10,6,-12,6,8,8,-15,-1,-11,-12,-14,1
75/62,0,0,0,1,2,2,-3,1,-3,-8,2,-2,0,-1,12,-4,-7,10,8,-15,-11,-15,1,-8,-2
68/63,0,0,0,-5,-2,-5,-8,1,0,-7,6,2,-6,-12,-11,6,-7,8,4,-4,-8,10,-7,1,-14
-94,1,-2,4,-5,4,2,-3,0,-8,6,1,-2,-4,6,-8,0,-12,6,0,-7,-5,-8,6,-6,12
-17/42,0,0,1,-5,-2,1,-8,-2,6,0,-8,-8,-3,-6,0,6,0,-2,8,0,4,4,6,9,-2
1/96,0,0,4,3,4,-5,2,0,2,9,-8,-3,3,-1,-8,-4,1,8,4,5,-2,-10,1,10,8
-43/34,0,-2,-3,0,-5,-6,-2,1,-8,5,-9,10,-6,-1,0,3,6,6,3,3,2,-16,-7,-12,-2
-6316,0,-2,2,-5,0,0,-3,-2,-3,-4,-1,10,-9,2,-3,-2,6,6,-2,4,4,-1,1,3,14
-6312/5,0,0,0,1,4,-1,3,-2,-8,-7,-8,-2,6,-10,-11,0,6,1,1,0,-8,-8,6,-12,11
5886/713,-1,0,-2,0,4,-5,-3,-2,0,-5,2,-8,-5,-6,11,2,11,1,8,-9,-16,-11,7,10,9
393/47,0,0,1,3,6,0,-3,1,6,-5,3,-1,-5,1,3,-2,2,-1,2,8,2,-5,-11,-12,-19
1963/237,0,0,1,-5,6,-7,-4,-2,3,-2,4,-5,0,-1,-6,-12,6,-10,10,6,-7,-8,-15,-6,-8
5884/713,0,-2,3,3,2,-1,5,-2,0,6,2,2,8,-2,0,6,4,-5,-10,-12,11,-4,1,-13,10
5885/713,0,2,0,1,0,0,2,1,0,-4,2,-2,0,1,1,-2,6,1,8,-3,-7,15,10,10,2
259/32,0,-2,-3,1,4,0,5,-2,-6,0,3,-11,0,-3,0,-4,-2,-2,8,-12,14,10,8,-2,8
19/39,0,0,4,3,4,-2,2,1,-8,0,-1,-6,-1,-4,-6,6,-2,13,0,-6,-16,-4,15,-12,-14
-1/3766,0,-2,2,-5,0,2,5,-2,0,6,-6,2,-9,-12,8,-3,4,-10,-12,-9,14,-16,-3,12,8
-2/3139,1,2,3,-5,4,-5,-5,1,0,-5,1,-7,8,-12,11,-2,9,13,-13,-9,-6,-8,0,-12,-7
-9/18836,0,0,4,1,2,-1,-2,1,-3,4,-2,-10,7,-6,-6,-2,8,-8,4,14,-7,8,-1,3,-13
-3/18830,0,0,0,-5,4,-6,-4,1,3,3,-9,8,0,4,8,4,0,13,4,0,6,-10,6,12,-5
-2/18833,-1,-2,4,-5,0,6,6,1,1,-3,-9,-8,0,4,-6,7,9,-5,-11,4,-13,-15,2,-3,7
-83/233,0,-2,1,-5,0,-5,2,-2,-8,-2,-1,-5,-3,-10,-6,-2,1,2,12,12,-6,0,0,-15,17
-10/29,-1,2,0,-5,0,2,-6,1,2,-6,-5,6,0,-1,7,-6,-1,-1,-12,6,4,8,12,8,12
79/54,0,0,2,1,0,6,5,1,3,-7,-7,-7,6,9,-6,-4,-2,2,-12,-1,-13,4,0,-10,-2
-99282,-1,0,3,1,-3,6,5,1,-3,3,3,2,6,2,-3,-10,-11,4,-8,-9,-6,10,6,3,12
-99278/3,-1,0,1,0,6,2,6,1,1,-4,-5,-5,6,10,7,11,-13,-2,4,-4,-11,-10,12,6,5
-95/34,0,2,0,-5,-3,-6,-2,1,2,10,-1,10,0,-6,-3,-7,-4,0,12,13,-10,10,0,-15,8
-97/32,0,2,1,1,0,6,-5,-2,6,4,-9,-8,-4,-6,11,-2,-4,1,8,-7,-2,-9,-9,-2,8
8896/59,0,-2,1,1,-1,-5,1,1,1,6,-8,-1,6,4,12,-12,10,-1,-13,13,-7,-4,6,10,13
2225/16,0,-2,0,3,4,-5,-6,1,4,3,8,6,-3,4,2,6,0,5,4,-3,-11,-6,12,-13,17
4445/29,0,2,0,1,0,-5,6,-2,-3,-6,-7,-8,-7,2,3,6,0,-1,-3,-7,5,-7,-4,-1,8
889/5,0,-2,0,1,-3,2,4,-2,-8,-1,-4,-2,-7,1,-6,-10,0,8,-14,11,2,-1,4,-14,11
886/5,-1,-2,0,-5,6,1,2,-2,3,0,4,10,-6,12,-6,11,6,1,10,-3,-13,8,0,-8,2
-199/119,0,2,1,-5,2,4,-2,1,6,4,0,2,-3,8,-8,-3,-3,-1,-2,-3,-1,-16,4,-15,-2
-974973/2,0,0,2,-5,2,6,2,1,6,-10,-10,10,-3,-1,0,-12,0,-13,-4,-15,8,-1,-3,10,-8
-1949941/4,0,-2,4,1,6,-5,5,1,-8,-5,-9,7,2,4,1,-9,-7,-10,9,5,2,-1,4,6,12
-1949943/2,0,0,0,1,0,-1,-3,1,6,2,-7,-10,-4,-9,4,6,13,-8,-2,7,-14,11,7,12,-5
-1949939/5,0,-2,0,1,-3,6,3,-2,4,10,8,10,0,2,6,6,-14,8,-2,2,2,-6,-11,10,13
-1949937,0,0,0,-5,0,4,2,-2,-8,2,-7,-11,2,2,-8,-2,-4,-4,5,6,-10,-11,-6,3,0
-16/65,0,2,0,1,4,-2,5,-2,0,-4,-5,-5,0,7,4,-12,-7,-8,10,11,-13,8,8,-8,5
-19/62,0,2,0,-5,-1,0,-5,1,2,-5,2,-2,3,10,12,-2,13,-10,2,-8,2,-15,-4,6,8
23/72,0,0,2,0,-1,6,-1,1,-7,-5,-2,10,10,-1,-11,-14,-4,-7,0,16,4,-14,5,10,-14
100/59,0,-2,0,3,-2,-5,-3,1,-3,9,-1,10,-6,-6,-8,0,10,-4,4,-15,-1,-1,-6,-3,2
95/63,0,0,0,-5,4,4,5,1,3,3,-6,-7,-5,4,-7,3,11,-6,6,-12,2,8,-3,12,8
38/33,-1,0,0,1,-2,4,-3,1,-3,-3,10,-7,7,-2,-1,-2,0,-5,-8,-8,-4,-10,0,0,-12
77/65,0,2,0,1,0,-2,2,1,-8,4,-5,-8,-7,-4,-2,-6,5,-13,-6,-8,-7,-9,-4,6,10
47/90,0,0,0,1,4,-5,-5,1,3,-4,-5,5,-1,-6,-8,9,-4,-4,4,3,4,13,3,0,12
42/85,1,0,0,1,0,-6,-2,-2,-8,-5,10,-11,-6,-6,7,-6,-4,-6,-3,4,5,11,2,12,18
22/43,1,2,1,0,0,6,-1,1,6,3,2,-5,-1,-12,-6,3,4,1,-13,5,7,-1,-5,8,-1
-164/3,0,0,-3,1,-3,-6,-6,1,-4,9,-4,10,-4,-6,-6,6,-12,2,9,15,-10,-7,10,0,-7
-20035,0,-2,0,1,4,4,-3,-2,-8,-2,-1,-5,-6,10,1,0,-7,8,8,-1,5,6,2,6,17
-87/197,0,0,1,-5,6,0,-1,1,3,-10,-5,10,6,-12,12,-2,0,-2,-4,2,-10,8,1,18,-3
-86/193,1,2,-3,3,-3,-5,2,-2,-6,-8,2,-2,-6,-1,7,-6,-2,6,-14,5,-8,-16,14,6,14
-15/32,0,0,0,-5,-3,-5,3,1,2,-3,4,-2,-4,-6,2,-2,0,8,-3,5,-5,0,16,8,18
-30/323,-1,0,0,-5,0,0,-2,-2,-6,6,3,-2,1,-1,12,7,-1,-7,-5,-9,-7,11,3,6,-14
37/34,0,2,3,-5,-3,1,-2,1,6,3,-6,-11,-3,9,-6,0,2,6,2,-8,-1,-7,-9,6,12
-55/28,0,-2,0,-5,0,-5,6,1,1,-8,-1,10,6,-6,10,-12,-7,-8,-3,-15,-13,10,11,-6,2
-33/46,0,0,0,-5,0,6,-1,-2,0,10,-10,-2,-6,-9,-2,-3,6,8,-14,6,-13,0,6,12,1
-67/90,0,0,0,-5,4,0,1,1,-4,-8,3,-8,-9,4,12,-12,0,-13,-5,-5,-10,5,3,-2,1
-64/87,0,0,2,1,0,1,-6,1,-4,-6,-8,-2,6,-2,0,1,8,-5,4,6,-13,6,-9,-14,-8
-71/96,0,0,1,-5,0,-5,-4,1,3,-4,-4,-7,-2,1,-6,-4,6,-7,14,-12,4,13,12,10,7
-73/97,0,-2,0,3,0,1,4,-2,-3,9,-5,6,-6,4,0,-2,7,-11,0,-5,-11,-14,12,0,4
-51/47,0,0,2,0,4,-5,-8,-2,6,-7,-1,-1,-6,-2,3,-3,0,13,4,-5,-5,4,4,-6,-14
-17/82,0,2,1,-5,-5,6,-8,-2,0,6,1,-2,6,9,0,-2,0,-1,3,4,-5,1,-12,-6,-18
2423/11,0,2,3,1,-2,-5,1,-2,3,-5,1,-2,-3,-6,0,6,-1,-13,12,-6,2,-6,15,6,13
2425/13,0,2,0,-5,0,-2,-1,-2,-4,-5,-1,-6,8,-2,1,0,4,-1,12,11,-5,-6,-16,6,8
2428/11,0,-2,-3,-5,-2,-5,-4,-2,-4,2,0,6,-6,4,6,6,13,-2,4,15,2,-9,-12,12,13
809/3,0,0,2,1,-1,2,-4,-2,-3,0,2,5,10,-1,11,-10,-14,-1,1,-9,-13,15,-4,-15,10
-7/150,0,0,0,1,6,6,-3,-2,-3,4,-1,-2,12,-7,0,6,11,-2,-10,-12,-14,-8,-3,12,8
-7/152,0,2,2,1,0,-5,1,-2,3,0,1,2,-5,0,0,-3,4,10,3,-12,0,9,-4,6,-2
-10/149,-1,2,0,1,-1,6,5,1,-4,-5,3,11,4,8,1,-3,-4,1,2,6,7,-4,-4,-6,10
-3/73,0,0,2,1,0,4,-3,0,-3,2,3,-2,-6,6,-6,6,6,-2,12,-12,-6,1,1,10,-12
38/17,-1,2,2,0,6,1,-2,1,-3,0,0,-11,-5,-4,12,-6,-14,13,0,0,0,-14,9,-12,1
-330,-1,0,0,1,0,-5,-1,1,-3,-10,3,-2,-9,-7,-8,1,-12,-11,-4,6,4,-6,12,-15,-6
-328,0,-2,-2,0,-1,2,6,-2,-8,7,-9,-2,-4,8,2,6,-13,8,2,-4,-8,9,-6,10,-2
-11/304,0,2,0,0,0,1,2,-2,3,6,2,-1,8,-4,0,11,-7,-4,2,4,-16,1,-10,4,-19
-13/305,0,2,0,1,0,-7,-3,1,-8,5,0,-2,-6,1,-4,-3,7,-4,8,6,1,6,4,0,14
-24/607,0,0,3,-5,6,-6,5,1,-3,-5,-5,-6,3,8,12,0,11,13,-14,5,-4,-10,3,0,1
-25/607,0,-2,0,1,-3,1,2,1,6,-1,-8,5,-9,4,-6,6,-2,-10,2,4,-8,0,14,0,8
95/43,0,-2,0,-5,-3,2,2,1,-4,9,-9,-7,0,-12,-6,6,-12,10,-3,-5,7,-10,-3,0,11
94/43,1,2,-2,3,4,-5,4,1,3,6,-9,-6,1,-12,-8,-11,-9,-10,1,3,-13,13,-1,-3,-18
95/44,0,2,0,1,-2,-6,4,1,6,4,-2,-2,-6,4,-11,5,13,5,8,6,-8,-6,6,6,2
-41/94,0,2,0,-5,2,-5,2,-2,4,3,-8,-7,-4,7,3,0,-14,13,4,15,-9,6,12,10,12
-37/96,0,0,2,0,4,1,-4,0,6,-5,-4,-11,-6,6,12,10,4,-1,4,-12,2,8,0,-14,10
21/89,0,0,2,1,6,-1,4,1,-6,-2,10,-1,3,8,-8,-7,-12,10,11,4,2,-12,4,-8,-6
47/30,0,0,0,1,6,0,4,1,6,-10,0,-7,-2,10,-8,4,10,6,2,8,-6,-11,1,-1,2
99/58,0,-3,2,-5,0,2,-6,1,4,-6,-1,-5,-6,-2,6,1,0,6,4,-9,-13,-16,4,-12,-9
-988/5,0,2,0,-5,4,-7,2,1,4,-5,2,-2,8,-1,0,-2,5,-8,9,-1,-7,6,0,-1,-9
-990/7,-1,0,0,-5,0,-1,2,1,-3,4,10,5,-6,-4,1,6,4,5,4,-15,2,6,6,-15,10
-141,0,0,2,1,-1,0,6,-2,-4,-2,-1,10,2,12,-8,6,-11,-10,6,2,-9,-4,-4,-12,1
-6051/2,0,0,-3,1,4,2,-4,1,-4,-4,-4,11,-4,-4,12,-9,-4,0,5,4,-6,8,-6,6,-6
-299/2,0,-2,0,0,6,-7,6,1,-7,10,-8,-2,0,-6,-6,3,6,-5,0,8,-11,-16,-3,-4,-1
-2350,1,-2,0,1,-3,1,-3,1,-9,0,6,10,4,9,-8,-3,0,1,-6,-12,-4,-11,3,3,2
-204/403,0,0,3,-5,4,-2,-8,1,2,10,2,2,0,-2,-3,-10,4,-7,-11,-12,-4,-10,-12,4,-1
-34/67,1,-2,-3,1,6,-1,-8,1,-8,6,10,2,-6,4,-7,6,7,4,0,0,7,8,16,3,-18
-211/403,0,-2,0,-5,2,-2,5,1,-3,6,2,-7,-5,7,-6,-7,10,-7,9,4,-2,-8,3,-16,17
-222/23,-1,0,0,0,0,-1,2,-2,0,-5,-1,-11,7,0,0,6,6,-12,-12,-12,2,8,9,-8,12
-228/23,0,0,2,-5,-2,4,-3,1,0,0,-9,10,12,4,-2,11,-13,1,6,-1,-11,10,-15,-1,13
17/77,0,2,4,-5,-2,-1,-8,-2,-3,6,-4,10,0,-2,-8,-2,-3,1,-6,0,-4,6,17,6,-2
1669,0,2,1,3,0,-5,2,1,-3,4,-9,-8,-4,6,-8,-4,-7,-8,-14,7,-5,-12,15,12,8
556,0,2,4,3,2,2,6,1,0,-4,-4,8,2,4,8,-4,-7,8,8,14,-1,-16,-3,-2,7
68/35,0,2,0,-5,-5,-1,-8,1,-8,0,8,-2,6,-1,4,6,0,-10,5,0,-5,-11,8,9,-9
11/248,0,2,3,1,0,4,-3,-2,3,-5,2,7,7,1,6,6,-2,6,-12,-12,-4,0,6,1,10
46/991,1,2,4,0,-1,4,3,1,-7,6,4,-7,-4,1,-6,6,4,0,-14,-9,2,1,-4,9,1
-72/31,0,0,0,-5,-2,-1,1,-2,4,6,2,-8,12,-4,0,-4,-9,-7,-12,13,-11,-4,-16,9,0
-71/30,0,0,0,3,0,-5,2,1,-8,4,-5,2,12,-2,-6,6,10,-11,-2,-12,-10,-1,-12,12,-7
-71/29,0,-2,2,1,-3,4,-3,-2,-3,-6,-1,-3,2,4,0,-2,-12,-1,14,-12,-5,-16,15,-15,-1
116,0,-2,0,-5,2,6,2,1,-3,-10,1,-2,-3,6,3,6,6,0,-2,-9,-2,5,-10,0,10
57/5,0,0,0,3,4,2,-3,1,-6,2,1,-8,-5,4,4,-9,10,-3,8,5,10,4,-4,0,-10
-66/61,-1,0,1,-5,0,2,1,1,4,6,-10,-7,8,-4,4,-7,-13,-4,12,-15,14,-9,0,0,11
-62/61,1,2,-2,3,0,-1,-3,-2,6,-10,-10,-5,-6,6,6,-11,2,-4,2,4,-16,10,-10,12,12
-17/53,0,-2,0,0,-2,-1,-8,1,4,6,-9,6,-7,4,12,5,0,2,8,-12,-6,13,3,-6,-6
-3969/46,0,0,0,1,-5,-5,2,1,0,3,-6,-2,-6,-4,0,-4,13,-7,2,-7,-16,-8,3,-10,3
34/87,-1,0,3,1,6,4,-8,-2,3,-6,0,2,2,5,3,-3,6,1,-6,-5,-13,2,-7,18,-6
15/43,0,0,0,0,4,6,-3,-2,6,0,-5,-2,4,-12,-6,-2,-4,-4,-8,-1,-7,13,10,6,9
-37/34,0,-2,3,1,4,2,-2,-2,-3,10,-4,-11,-6,7,8,1,0,-2,6,2,8,-8,-3,10,17
-12/139,0,0,2,-5,-2,1,-3,-2,3,-7,-2,2,-4,8,12,6,-5,6,12,12,-11,-16,-6,-17,-10
65/93,0,0,0,0,-1,-7,-5,1,-9,-4,2,-5,8,4,-3,1,-2,-5,-5,-9,-13,8,6,-7,8
31/47,0,-2,-3,1,-2,6,2,-2,6,9,-10,6,-6,4,3,-2,6,1,2,-12,6,-4,3,10,17
96/23,0,0,0,1,0,6,3,1,0,9,10,-7,-7,8,-6,6,-7,-11,-3,-13,-16,11,14,-9,9
50/13,1,-2,0,1,-2,-2,-3,-2,6,6,3,8,-9,2,10,0,6,10,2,8,7,8,2,-12,7
4/89,0,-2,0,-5,-3,4,4,1,4,-7,1,-7,-3,6,-6,-10,1,4,2,13,-2,-10,10,-8,-13
-79/26,0,2,4,0,4,-2,6,1,1,6,-1,-11,6,6,12,0,-9,-13,8,-4,0,4,-4,-15,-18
-3/173,0,0,2,-5,-5,-1,3,1,-8,5,-5,-6,0,4,11,-6,6,1,-5,-7,-13,-16,8,12,-18
-11/343,0,2,-3,-5,0,1,-6,1,-8,-5,1,-5,-7,7,-11,-2,0,-1,2,3,-8,-8,12,-7,-4
126327,0,0,0,-5,-2,-6,-8,1,3,5,-6,-7,1,-10,-6,6,1,-8,-12,-3,-8,5,11,-6,14
126324/5,0,0,0,1,0,4,-3,-2,-4,-10,6,-5,-6,-2,0,-7,0,-5,-2,4,-7,-16,3,-8,14
-13/70,0,-2,0,-5,4,-7,-6,1,6,4,1,-1,6,-4,-4,1,-9,-1,0,4,-14,-4,11,0,8
-48/5,0,0,0,3,0,-6,-3,-2,6,-7,-5,-7,2,10,0,-3,-14,-1,2,-9,-9,-7,0,-15,-3
70/17,-1,-2,0,1,0,4,-2,-2,-9,0,-9,-2,12,4,-3,-3,0,6,-8,6,-2,-10,15,0,-8
87/49,0,0,0,-5,-1,2,3,0,2,-10,1,6,6,-10,4,6,11,13,5,9,14,-5,-16,-14,-14
2/2355323,-1,2,1,1,0,-6,-1,-2,2,-7,10,-5,6,10,-6,3,6,-12,-10,-9,-14,13,3,-6,2
-1/785107,0,-2,3,1,0,6,-3,-2,3,5,1,-7,12,4,-8,11,0,6,4,4,2,-16,-3,-3,1
-1/1177659,0,0,0,-5,-5,-6,3,1,3,6,2,-2,2,12,10,-3,-9,4,0,12,6,6,0,-17,-18
-35/24,0,0,0,1,6,4,6,1,3,6,-5,-10,-1,1,-8,-2,0,-8,-2,-3,-7,-16,12,-14,2
-75/49,0,0,0,-5,4,6,6,-2,-8,-10,2,-2,1,4,-2,-11,-3,-7,6,15,-10,8,-16,-10,17
-70/53,1,2,0,1,-1,-5,3,1,-3,3,-7,-6,-6,-10,-1,5,-4,13,-4,6,5,12,12,-12,14
-69/50,0,0,0,0,4,0,4,1,-7,-4,-4,2,1,2,-8,-4,-4,8,10,5,-8,8,-5,-6,-3
73/65,0,-2,0,-5,-3,-2,-3,1,-4,-1,-1,5,2,-6,-6,-4,6,-5,-11,-9,-11,-8,12,-8,-2
-55/21,0,0,0,-5,0,4,3,0,-6,-2,-8,-2,0,0,3,6,5,-1,-8,4,-14,8,8,6,10
-30052/3,0,0,0,1,0,2,1,1,-8,6,6,-7,-6,8,0,-3,0,8,2,-15,-13,8,-16,-13,14
-30049/2,0,2,0,0,4,2,6,-2,2,-5,-9,-5,-7,-1,8,-3,-5,5,-14,4,4,8,-16,18,9
-17/3969,0,0,3,-5,-2,6,-8,1,0,-8,-1,10,-6,4,-6,7,0,-4,12,2,7,-8,3,-6,-9
-19/3972,0,0,-3,3,-2,2,-5,1,2,3,3,11,-6,1,6,-10,4,1,4,-1,-2,-14,-7,12,13
-71/98,0,-2,-3,-5,4,2,2,1,-3,-5,1,2,-3,-12,0,6,-11,-11,8,-12,-8,8,12,0,16
-458,-1,2,2,-5,-3,2,4,-2,6,-4,2,5,-3,9,-8,3,-14,8,12,-15,-14,8,-16,-1,-18
-915,0,0,0,1,0,-5,2,1,-3,9,0,-5,4,12,0,-2,-4,-13,5,-12,14,13,-16,0,3
-913/2,0,2,4,1,0,-5,5,1,-3,6,-2,-1,2,4,6,7,6,10,-2,3,-4,-8,0,-6,-14
-914,-1,2,0,3,6,-1,-3,-2,2,3,4,10,-4,-9,-4,-10,-14,10,1,13,4,-9,12,1,-18
-10/2487,1,0,0,1,-5,-5,5,1,1,-10,3,-2,-4,-1,-4,6,6,1,-2,3,-6,13,3,0,2
-14/2487,-1,0,2,1,0,1,-3,-2,-8,-7,-4,2,-6,4,-6,-4,4,10,8,-12,-6,-1,12,-6,-5
-7/711,0,0,0,1,6,-5,-3,-2,-3,6,10,10,6,0,-6,-2,-3,2,10,-12,-13,-8,-13,-3,12
-5/713,0,-2,0,-5,0,-1,2,1,0,-1,2,10,-2,-6,0,-6,4,-10,10,3,6,5,2,-6,9
-6/895,-1,0,0,1,-3,1,4,1,-8,4,8,-2,-5,4,0,-3,8,1,4,8,-13,0,-4,-12,6
-2/299,1,-2,0,0,6,-2,-1,1,0,5,3,-11,-3,-6,3,6,-4,2,-12,-9,-2,13,-16,5,-5
33/58,0,0,2,1,0,6,6,-2,-4,-6,0,-6,-6,7,-7,-6,-13,-4,-12,4,2,10,12,3,-19
29/57,0,0,-2,0,0,4,-6,-2,3,-10,10,10,-4,10,0,7,-11,13,2,4,7,6,12,-10,-10
36/59,0,-3,1,-5,0,6,-3,1,-3,6,10,-2,-7,-1,-7,-10,10,1,-10,-12,7,-10,-16,-12,18
71/52,0,-2,-3,-5,-1,-2,2,0,6,6,-9,-7,12,2,-2,-3,-4,4,5,-12,11,-6,-5,10,-13
19/89,0,-2,4,0,0,2,-4,1,-3,-3,3,-2,8,6,-6,-6,-4,1,-3,3,4,6,-12,-8,-14
-32/3,0,0,4,0,-3,4,6,1,-4,0,1,2,3,-6,12,9,11,8,-10,4,-10,8,-12,8,0
-202/399,1,0,0,-5,2,-5,-3,-2,-3,-2,-10,-5,0,-10,0,6,4,1,12,-3,-8,5,2,-1,12
-69/134,0,0,2,0,-3,6,-4,-2,-7,4,-8,-10,-1,-12,-10,9,-4,6,0,8,4,13,-9,-7,14
-49/3960,0,0,0,1,-2,0,5,0,-3,-4,1,-7,0,4,8,6,0,-8,6,2,4,-16,8,6,8
-47/3959,0,-2,2,-5,-2,2,5,1,-3,6,10,-8,-6,-1,-8,1,-2,6,3,-9,12,-6,-8,18,8
-80/7917,0,0,0,-5,-5,-2,3,-2,3,-6,-1,-1,12,2,13,-6,2,-7,12,8,-13,-6,4,6,-1
-85/7918,0,-2,0,1,-3,-6,-8,-2,-3,-7,3,-8,-3,-10,0,-3,-4,2,-12,9,14,4,10,-16,-2
-39/3958,0,0,2,0,-2,-7,-3,-2,-3,7,2,10,2,4,-3,4,6,-5,11,0,-16,-5,-3,-14,-13
-20/1979,0,-2,0,3,0,0,-6,1,-8,6,-10,-2,4,1,-6,1,-4,-6,-14,-3,14,-1,0,-1,9
-17/80,0,-2,0,1,0,4,-8,-2,3,3,10,-6,-4,-4,-6,3,-2,6,2,0,-13,-1,0,-10,8
-199/14,0,2,2,-5,4,-1,-3,-2,-8,0,10,7,-6,4,-11,-3,9,2,3,2,2,-10,2,4,13
-197/17,0,-2,2,1,-1,-6,-2,-2,2,3,3,-2,0,-3,12,-14,-3,1,5,15,-13,11,8,0,-9
31/83,0,-2,3,-5,4,2,-1,1,-8,3,-10,-11,-1,-1,4,-10,0,1,3,0,-11,9,-16,-14,-9
27/82,0,0,0,-5,-5,2,-3,-2,6,-5,6,-2,6,-1,-2,-11,-14,-2,2,6,-8,4,10,0,10
23/36,0,0,3,1,-3,2,2,-2,-7,-3,8,2,6,4,-6,6,4,1,-5,-6,2,8,3,-10,-3
-64/97,0,-2,0,0,6,4,-5,1,-3,4,0,-1,-3,4,4,5,0,-1,-3,4,2,-10,3,-10,4
-2223/2,0,0,2,-5,4,-7,-6,1,0,-4,-1,-2,6,7,10,6,0,-6,-14,-5,-14,-9,15,-6,-2
-4447/3,0,0,2,-5,6,-5,-3,1,-3,4,4,-5,12,4,12,-4,-4,2,-7,8,-13,-4,-9,-6,-12
-782/469,1,2,-2,-5,-2,4,-8,-2,-7,-4,6,-7,-3,4,-10,-7,4,-12,0,-9,-7,-9,8,-14,12
-788/469,0,2,-3,-5,6,-5,-3,-2,3,0,-1,-8,6,-4,0,3,0,-10,0,-3,2,1,10,-14,-2
-783/467,0,0,2,3,-3,1,-6,-2,-3,-10,-9,10,10,1,-4,2,-11,-1,5,3,2,8,-13,-8,8
-196/117,0,0,-3,1,4,-2,-3,-2,-8,6,-4,6,-3,4,-11,-10,0,-1,-3,3,14,8,-6,-15,-19
-12/29,0,0,-2,1,-2,-1,3,-2,-8,-6,6,-7,-6,8,13,-2,-12,13,8,-15,7,8,0,6,6
-40/7941,0,0,0,3,4,6,2,1,-3,-5,1,-11,-7,4,4,6,2,13,0,16,-10,4,2,-6,11
-5/992,0,-2,0,1,-2,0,-6,-2,2,-2,2,-1,6,2,-8,6,-4,8,4,9,2,-9,4,0,-2
-2/397,-1,2,2,0,0,-1,5,0,-3,-8,-8,-2,-6,-6,-3,-14,-3,-8,-10,-4,-6,8,-15,-15,14
-68/73,0,2,2,3,2,4,-8,-2,2,0,-1,-1,3,6,2,-2,6,4,12,-3,-6,-8,-16,-14,10
27/73,0,0,1,1,4,-5,-6,-2,-3,-2,-7,-5,-6,12,8,-14,8,-3,4,-12,-6,8,6,8,10
97/21,0,0,3,-5,-1,-5,2,0,-3,-4,3,-11,-4,8,-6,-2,4,-12,12,-12,2,10,10,0,8
283,0,2,-2,3,0,2,5,-2,3,6,-10,-11,0,-4,2,6,-4,-7,8,-8,2,10,12,-1,-10
281/4,0,-2,2,1,4,0,5,1,3,-4,4,-11,-3,4,-6,-14,-13,0,8,-4,-5,10,-3,10,12
1/102,0,0,0,1,-3,-6,-2,-2,3,-7,2,-8,-9,6,12,5,-9,-5,5,5,10,10,-1,10,2
119,0,-2,1,1,0,0,-8,1,0,5,-9,-2,0,4,0,5,0,-6,8,-7,2,1,4,-6,2
241/2,0,-2,-2,-5,4,2,-1,1,-8,3,3,-6,-6,-1,-7,1,-4,1,8,0,0,0,-11,-1,-7
25/94,0,2,0,1,2,-5,3,-2,-3,4,-7,6,7,6,3,2,-13,-2,-8,-13,-1,13,-16,-8,-5
-6/173,1,0,2,3,-1,-5,5,1,3,-4,1,-5,0,4,-6,-2,-9,2,-4,6,-5,1,17,8,2
-34/871,1,-2,4,-5,4,-2,-8,1,-9,-3,1,10,0,-10,10,-10,0,5,0,-1,-7,-1,0,-16,-7
-17/436,0,2,2,1,4,-5,-8,-2,-8,-5,2,-5,2,4,-8,1,0,10,12,-7,-1,-16,14,-10,-14
-10/217,-1,-2,0,-5,4,-1,5,-2,-4,7,2,10,1,4,7,-6,4,10,-8,-9,-9,1,8,6,8
-39/869,0,0,1,3,-2,-7,-5,1,-8,10,1,-8,-1,-4,-11,3,-4,8,14,0,-5,-8,12,-7,-14
5/94,0,-2,0,-5,6,-6,-1,-2,4,0,-5,-6,-6,-4,3,-14,-7,2,8,8,4,-14,-3,-6,2
17/554,0,2,-3,3,4,6,-8,1,-4,-2,10,-7,-3,12,-7,-2,-9,6,-13,0,-13,-4,-9,-14,14
2/45,1,0,0,3,-1,-1,5,-2,-8,4,-5,-6,12,-6,-8,5,-12,8,8,-5,10,-6,6,6,-3
1665/4,0,-3,0,-5,-5,2,-3,-2,6,5,-8,-11,0,4,12,-11,0,4,5,-12,-11,-4,4,-12,-2
7/69,0,0,2,1,2,-5,1,1,0,-1,2,-1,-1,6,7,6,-12,-7,4,-9,-14,-8,4,-10,-5
625/12,0,0,0,1,0,6,5,-2,6,4,3,-8,0,2,6,-4,6,2,3,-1,2,5,0,8,17
629/16,0,-2,1,3,4,-6,-8,1,1,2,10,-11,1,10,0,3,-4,-1,-3,15,-14,-8,0,-3,-5
103/72,0,0,1,1,0,4,-3,-2,-9,-8,2,-8,-7,12,12,-9,-7,4,-10,-9,-2,-14,2,-15,-10
-5/166,0,2,0,1,2,-6,2,0,-4,-8,-1,-5,-6,12,0,-9,-4,1,3,8,-4,-15,-16,-15,13
-31/996,0,0,2,1,-3,2,-6,1,1,2,-10,6,0,-7,0,-6,-2,10,4,8,-6,0,-16,18,-7
-10/333,-1,0,0,0,-3,0,3,1,-4,7,-5,-8,-9,4,0,6,-3,-13,-4,4,11,0,-16,4,-5
-28/999,0,0,2,1,-2,2,1,-2,3,0,-9,-8,6,1,-3,-4,0,-11,-13,-3,-5,0,14,-1,14
-11/426,0,0,2,-5,0,-5,-5,0,-3,-1,-9,-2,-9,6,-8,4,7,-4,-3,4,-6,6,12,-10,-18
-4/143,0,2,-2,0,-2,-2,2,-2,-3,-7,-8,5,6,-12,0,-10,-14,0,2,6,4,-1,17,-14,12
-47/1500,0,0,0,0,-1,2,4,1,-3,-3,-5,10,10,-6,-8,9,-7,-6,2,11,-13,1,4,18,3
-23/750,0,0,0,-5,4,-1,2,1,-7,9,-1,-1,-7,6,-6,6,-4,-11,1,-1,-10,10,1,18,-18
295617,0,0,2,1,-2,2,-3,1,-8,7,2,-11,-9,6,1,3,10,-4,3,0,5,8,16,10,-6
591229/4,0,2,2,-5,-2,6,2,-2,-3,4,2,-7,-2,2,-1,-4,10,-4,-11,4,-8,0,2,6,1
-13/243,0,0,2,3,0,-7,5,1,-4,-5,0,-2,-6,-2,-11,1,-11,13,-12,5,-10,10,-3,-14,7
13/57,0,0,2,1,-5,-7,2,-2,-4,4,4,-2,-4,-1,12,6,8,5,-14,4,2,-16,4,-16,17
-448/9,0,0,2,1,-3,-5,2,-2,-3,-4,-9,-5,-6,-2,8,-3,-12,6,-3,-3,-6,11,-4,1,-6
-447/10,0,0,0,-5,4,-6,-3,1,-4,6,-1,5,6,4,0,1,-4,5,-10,3,7,-14,12,-14,13
-3/197,0,0,2,-5,-2,-5,5,1,-8,6,3,-7,7,-10,-11,-11,-5,-7,5,-12,7,5,-4,3,8
-21/985,0,0,0,1,-1,6,-3,-2,3,0,3,-7,6,8,1,5,-9,6,-8,15,14,1,-12,2,11
-7/493,0,-2,2,1,0,6,-2,-2,-4,-6,1,-2,-3,-10,8,3,0,-5,-5,5,-1,-1,-4,-6,-8
-3/164,0,0,-3,1,-2,4,-4,-2,-4,0,1,-5,6,4,12,6,-4,13,8,13,12,12,-3,-14,-3
11/296,0,2,0,1,0,-5,-3,0,0,-8,-4,-8,-3,9,-11,-4,-9,1,8,3,7,8,12,10,-3
14/589,-1,-2,2,1,2,2,-4,-2,-3,-5,2,-7,-1,-9,0,2,6,6,4,-7,-7,4,-4,18,10
-28/5,0,2,0,1,-5,2,-3,1,-4,-4,-9,-11,-3,10,13,-7,0,4,3,-3,7,4,17,-6,-7
-57/10,0,0,0,1,-1,-6,-3,1,-3,5,4,6,2,4,-8,6,6,1,12,0,7,0,6,-1,-2
-289/39,0,0,1,3,4,-2,-8,1,-3,5,-1,-7,-6,4,-8,-11,2,-1,5,6,-1,8,-3,6,-7
99/10,0,-3,0,-5,0,-6,5,1,-8,6,-9,-2,-6,4,-8,7,6,10,-12,-4,2,0,0,-6,2
2/3959,-1,2,2,-5,0,-5,3,-2,-6,-2,8,-8,8,9,1,-11,-1,-11,12,11,-1,4,-7,-16,2
-3/3959,0,0,-2,0,-2,6,-1,1,-4,2,-8,-8,-9,10,-1,-4,-4,4,12,6,-2,4,12,0,-2
-24/37,0,0,-3,1,4,6,-4,1,6,-8,-9,-8,1,-1,10,6,4,10,-12,5,-11,-8,-10,-1,-5
-56/67,0,2,3,1,6,4,2,1,-3,-8,-9,-2,-6,-12,-11,-6,0,-4,0,0,-13,6,4,4,8
11/370,0,-2,0,3,0,-5,-1,1,-8,6,1,-8,-1,-12,12,6,6,6,8,6,2,13,0,-16,14
81/43,0,0,2,-5,4,-5,-4,0,-9,-5,1,-3,6,-12,-6,6,4,4,-4,6,-5,-8,16,9,2
-2/161,-1,-2,3,-5,2,2,-3,1,0,-10,1,-10,4,12,8,0,-3,-4,9,-15,10,0,-12,3,12
5/202,0,-2,0,1,-3,2,-5,1,-4,-3,1,-7,-6,-10,0,-4,6,-10,-4,0,-6,-4,-9,2,10
-97/78,0,0,2,0,-1,-2,-4,1,6,3,1,-7,-6,-3,6,7,6,-5,-2,-9,-10,0,4,2,8
-99/80,0,-3,0,1,0,-1,-3,1,4,10,1,10,-4,4,0,-2,-4,5,3,-5,-10,15,-10,10,-4
-6279/2,0,0,-3,1,-5,-7,2,1,-7,6,2,-11,-6,8,-2,-2,-7,2,-12,8,-7,-14,10,6,-2
-6281/4,0,2,0,3,0,-6,5,1,3,5,3,-6,-9,-4,-11,-11,1,4,4,-9,-2,-15,6,12,14
-6281,0,2,1,-5,0,4,-4,1,-8,-5,3,-7,-2,4,0,-4,-4,2,-14,9,-13,12,2,-12,-5
-207/55,0,0,0,-5,-2,-1,6,1,-7,4,3,10,0,9,-6,6,-3,-13,-10,0,4,-14,-16,-15,-14
-87/44,0,0,0,1,-2,-6,-1,-2,-3,-10,1,2,-6,10,-3,-2,0,2,-12,3,-8,11,14,0,-8
1/3961,0,2,0,1,-5,1,-2,-2,4,-5,-1,-5,2,-1,-3,-12,-3,-2,2,0,4,15,-4,0,14
-1/3961,0,-2,2,0,6,2,-2,1,-3,-5,-5,10,-6,-6,-6,3,6,-1,8,3,12,4,-6,-6,14
1/1319,0,-2,1,-5,6,4,6,1,-8,-1,3,-2,1,10,-11,-2,6,1,5,15,8,-8,14,5,8
4/3955,0,2,0,-5,0,2,2,-2,-9,5,-1,7,-1,-3,8,4,-2,13,-12,-3,14,-8,16,0,13
-80/17,0,-2,0,1,4,-6,-2,1,-8,-8,10,-8,-6,-1,1,-2,-14,13,8,10,2,-6,6,10,8
-43/9,0,0,-3,3,4,2,3,-2,6,0,-5,-11,-6,-1,6,9,2,2,8,-5,-5,-1,6,8,14
149/70,0,-2,0,-5,4,-1,5,-2,3,10,2,-7,8,12,-11,-3,10,-5,-4,-12,1,0,14,-9,-14
154/71,-1,-2,1,1,0,-5,-5,-2,6,2,-2,6,0,2,-4,-6,5,-7,-4,4,6,1,11,18,-5
149/73,0,-2,0,3,-3,-5,-5,0,-4,-5,-1,7,-4,9,3,-4,6,-3,-5,-15,-6,-4,10,10,-18
145/76,0,2,0,1,0,6,3,-2,-3,-10,8,-2,10,8,12,-14,6,8,5,6,4,-8,0,-14,8
-7/100,0,-2,0,1,-3,-5,6,-2,6,-3,1,-8,-1,8,-6,6,-4,1,-7,10,-2,4,-4,-3,-6
43/11,0,-2,0,1,-2,4,1,1,2,-2,10,2,-4,-1,0,6,-1,-2,-3,0,2,1,12,10,-13
32/63,0,0,2,-5,-3,2,2,1,6,-10,2,-11,0,-10,4,-3,1,10,-14,6,10,-7,14,-6,2
-251/5,0,-2,0,3,4,6,5,-2,-3,-7,10,-7,12,-4,0,-10,6,-5,9,-15,-5,6,3,-1,8
-505/12,0,0,0,-5,-5,4,3,-2,6,0,2,6,6,-1,2,-11,6,13,-11,16,-8,-1,12,-6,2
-167/3,0,0,0,-5,-2,-5,4,-2,-8,-5,-9,-1,12,8,0,-3,8,-1,4,-15,-16,-16,-8,10,-5
-499/8,0,2,-2,-5,4,2,6,1,-8,0,10,10,0,1,8,-4,6,-7,3,8,-10,11,3,-8,7
-501/10,0,0,0,0,2,4,-5,1,1,-4,0,6,-5,1,7,-10,5,-6,4,8,-16,10,-3,-6,3
14/117,-1,0,2,1,-1,-2,-1,-2,3,3,-4,11,6,-4,11,-3,6,-1,12,6,-13,-4,0,6,13
27/233,0,0,1,3,0,6,5,-2,-3,-1,1,2,6,1,4,-10,-5,1,-2,10,0,6,4,10,-18
-74/21,-1,0,4,-5,0,6,1,0,4,-7,-9,-11,6,-10,8,0,13,-4,-11,-8,-16,-1,4,6,2
-70/17,1,2,0,1,-2,0,-2,1,0,4,-5,-7,6,-4,-6,0,2,-5,2,-6,14,1,0,4,-2
94/15,1,0,0,3,4,-5,-3,1,-8,3,-4,2,8,-12,-8,-2,6,8,2,-5,-5,0,4,-6,-6
-32/145,0,2,0,1,2,2,-3,-2,6,-6,-4,5,1,-2,8,-2,0,-10,-8,4,-7,-4,4,10,-1
60/19,0,0,0,-5,-1,2,-3,-2,6,2,-9,-7,-6,-10,-6,-2,2,10,-2,-7,-6,8,-4,5,17
93/13,0,0,0,-5,0,-2,5,-2,-6,-2,-10,-5,-5,2,-6,0,0,6,-12,6,4,-1,7,-17,10
67/75,0,0,0,-5,4,-5,6,1,-3,0,-4,-6,6,4,0,-2,-14,-3,-5,-8,-13,-16,12,0,10
-49/85,0,-2,0,1,0,-6,-2,-2,3,10,1,-7,-1,-4,-8,2,-14,4,12,-9,-13,-5,-12,6,-1
-62/6413,1,-2,2,0,-2,-5,-1,1,0,0,-10,8,1,-1,12,5,0,8,-14,3,1,0,-7,2,0
-56/6415,0,2,0,1,4,-5,-6,1,-3,10,-4,5,10,-10,-6,-2,13,4,5,6,-5,15,-3,-10,14
-29/3209,0,-2,1,1,2,-5,2,1,3,-10,-10,2,6,-1,12,0,11,-10,8,4,14,-6,-6,10,-12
-4/39,0,0,2,1,-2,-2,-5,1,-8,-5,0,6,-7,-6,-8,-4,6,-7,3,13,-1,-14,0,2,-14
-5/41,0,-2,0,-5,0,-5,-4,-2,-3,-7,0,-2,6,0,10,-6,6,-1,2,10,-6,-8,10,1,14
51/1859,0,0,2,-5,-2,-2,-8,1,-6,-5,3,10,-4,-6,7,-4,-4,-1,-11,-12,-10,0,-16,18,-12
16/619,0,2,2,3,0,0,6,-2,-3,3,0,-6,-5,-4,4,-10,10,-13,12,8,-10,-4,3,0,18
67/8,0,-2,1,-5,4,2,-6,1,-8,-5,-1,10,-3,10,-4,-3,0,10,-5,-15,-2,11,-16,0,-10
69/8,0,0,3,1,6,6,5,-2,-7,-4,-4,-8,-3,-7,-6,-6,6,10,-14,8,-7,-14,12,3,18
