-5/6,0,0,0,-5,-5,2,-6,1,-8,-2,-7,-6,1,6,0,6,11,-4,2,-5,7,-6,5,-17,-4
29/35,0,2,0,-5,0,-1,6,-2,1,-10,0,-8,-7,5,0,3,6,-11,-11,4,-9,10,-3,10,6
30/37,-1,0,0,0,-1,4,-1,1,1,4,-5,-8,0,4,0,6,6,10,4,8,7,9,2,0,-13
61/83,0,-2,2,1,-5,6,6,1,2,0,-4,-2,6,4,-7,-2,4,-13,10,-5,0,8,-16,0,-6
13/18,0,0,0,-5,4,-7,-3,1,6,-5,1,10,3,2,11,-2,6,8,-11,0,7,-8,-10,1,-2
59/79,0,-2,4,-5,-1,6,-1,-2,-4,-10,-4,-10,0,-4,-6,1,-12,-1,2,-12,2,-8,4,3,-18
29/5,0,2,0,3,0,4,3,1,-3,-10,3,-6,-6,1,1,-2,0,6,-2,8,4,-15,4,6,-1
-23/11,0,-2,3,3,-2,-5,4,-2,-7,3,3,-2,-3,4,-6,-9,-14,-1,11,8,-13,-4,5,6,11
-18/13,-1,0,2,-5,-1,-2,-3,-2,3,-5,2,-5,0,6,-8,3,4,13,12,-2,-16,-15,2,-15,12
-21/13,0,0,-2,1,2,-2,4,-2,-3,3,-9,-11,-1,2,4,-2,6,-4,11,8,-6,1,1,-8,8
-23/10,0,2,0,-5,-5,6,-3,-2,-7,-10,2,-1,10,4,10,1,0,10,-8,3,-9,-14,4,-8,-12
73/12,0,0,1,1,4,-5,3,-2,6,2,10,-2,-4,0,4,-4,-9,10,-10,10,-11,12,5,-16,-14
-2/15,1,0,0,-5,4,6,4,-2,2,-2,-10,11,-3,4,-7,-2,-4,13,-2,-9,10,8,4,6,7
-5/11,0,-2,0,-5,-2,-1,5,-2,6,-10,-1,10,-9,1,-6,-2,-2,0,-12,0,2,-8,1,-7,16
18/31,-1,-3,2,1,-1,2,5,-2,6,0,2,-10,-1,4,10,-14,6,-11,12,6,-4,-8,4,-16,6
21/32,0,0,2,1,-5,2,5,1,6,6,-8,10,6,4,-6,0,-4,10,14,4,8,6,-4,6,-14
90/67,-1,0,0,-5,-1,-6,6,1,-3,10,10,-2,0,-10,0,-2,-13,-2,0,4,-13,-10,-9,6,9
87/68,0,0,2,1,4,1,-2,0,-3,-10,1,-8,7,12,-11,-2,9,-13,8,12,-6,13,-13,12,9
11/6,0,0,4,3,0,-5,3,1,-8,-8,2,-2,-5,4,0,1,-4,5,3,-12,11,-16,7,-1,11
-9/11,0,0,4,3,-2,4,-1,-2,6,6,-6,-5,-4,8,-8,-14,-13,8,-10,6,-10,6,12,18,8
7/9,0,0,-3,1,-1,-5,2,1,3,-2,10,-7,-3,-3,12,6,10,0,4,8,-2,6,10,-12,-9
14/27,1,0,3,1,4,2,5,1,-3,6,3,-1,12,-1,-1,6,0,-8,10,-12,7,10,3,-8,-6
13/29,0,-2,-2,1,4,-7,5,-2,2,-6,-5,-2,6,-3,0,-4,13,10,-8,-13,-13,-1,6,2,-1
11/26,0,2,0,-5,0,-2,2,-2,-9,-4,-10,7,-7,-12,-8,-2,0,-7,10,6,-13,10,10,-12,-14
-72/11,0,-3,-3,3,-2,2,6,1,2,-2,4,-2,0,-1,4,-11,-9,0,-12,-1,-14,-16,11,3,-1
-71/9,0,0,4,3,0,-5,5,1,6,-4,1,-7,-3,8,1,-6,-4,4,2,-12,2,15,8,0,12
-29/69,0,0,2,0,4,-1,2,1,0,-10,10,-6,-6,2,-6,6,5,-13,11,11,11,-1,-3,-12,1
-15/34,0,0,0,0,4,1,-2,1,3,-8,-9,-2,6,8,-8,-6,-11,-3,4,-8,11,-14,12,1,13
-41/46,0,2,1,1,4,-1,5,1,0,4,-1,-5,-4,9,0,4,4,-10,14,4,2,0,-15,-14,9
9/46,0,0,1,-5,6,-5,2,-2,0,0,-9,8,10,10,-6,6,6,-11,9,-5,4,8,12,6,-9
4/23,0,-2,-3,1,-3,1,6,0,0,0,0,-2,-6,-6,8,-2,-4,10,8,4,-13,-1,17,9,3
-41/2,0,-2,2,-5,4,6,2,1,4,2,-9,6,-4,-6,-7,-10,11,-2,3,-2,-5,-4,2,-10,2
-26/3,1,0,-2,3,2,-7,2,1,-4,4,3,-5,-6,4,0,10,-9,10,-5,-2,5,5,12,-1,-18
-26,-1,2,1,1,4,-7,-3,1,-4,5,-5,10,2,-6,0,-2,13,4,-12,-9,-6,-14,3,10,7
26/5,1,2,0,0,-2,-7,6,1,-9,4,1,-7,-6,12,-8,-4,-7,-12,-12,0,0,10,-8,-14,17
24/5,0,0,0,1,4,2,5,0,4,0,3,11,0,-2,-2,-4,0,-6,12,3,14,5,6,-1,2
66/17,1,0,-3,0,0,2,-2,1,1,0,-9,-6,4,-7,-4,9,9,1,4,5,2,10,12,10,12
-13/18,0,0,2,1,2,-7,-3,-2,-8,-5,2,2,-6,8,0,-2,-2,-5,10,3,-5,-9,-7,-10,10
-15/19,0,0,0,-5,4,-5,4,-2,-8,4,-5,10,10,-4,11,-6,0,-8,4,14,-14,-11,10,-14,14
-7/5,0,2,0,1,-2,-1,-6,-2,-8,4,3,-1,2,4,-6,1,0,-5,-8,-4,2,10,-6,-1,11
-15/14,0,0,0,-5,2,4,2,-2,-8,4,1,-6,0,4,6,-11,-1,5,2,12,-11,-10,-4,6,-10
-18/29,-1,-3,-2,3,6,6,1,1,-4,-6,-5,-6,-7,-9,2,-2,-11,5,11,-15,-2,6,-4,0,18
-2/11,1,-2,3,3,-2,2,-5,1,0,9,-4,-7,-1,6,1,1,-4,-8,-8,-9,-11,11,12,-1,13
-24,0,0,2,-5,0,0,-1,-2,-4,-4,2,10,-6,-10,0,6,10,1,-12,-9,0,10,0,1,8
11/25,0,-2,0,0,0,0,6,1,-8,3,-2,5,-9,4,0,6,-5,5,-2,15,-14,-6,2,6,2
15/43,0,0,0,0,4,6,-3,-2,6,0,-5,-2,4,-12,-6,-2,-4,-4,-8,-1,-7,13,10,6,9
7/43,0,2,1,1,-3,-5,2,1,-3,6,-4,-3,-3,-12,4,7,0,-5,-5,8,2,0,12,2,-14
11/43,0,-2,0,-5,0,-6,2,1,0,6,10,-2,7,-12,6,3,5,-8,-3,4,-6,5,-1,-1,-14
-12/11,0,0,-2,-5,-2,-6,-6,-2,-3,7,-9,-7,6,4,-11,-4,-11,-2,-4,-4,-5,8,-3,-3,2
17/52,0,-2,4,0,0,-2,-8,1,-4,-7,-1,10,8,8,0,3,4,10,3,6,2,-10,-3,-15,13
11/50,0,2,0,-5,0,2,-5,1,-4,-3,3,6,-3,4,-6,-2,-7,0,5,4,-5,-6,-8,0,-7
9/53,0,-3,2,-5,-5,-1,-3,1,-8,-2,1,2,-1,12,0,5,2,1,8,-15,-6,12,-3,-2,10
-1/9,0,0,0,3,2,2,5,1,-3,4,-2,-8,8,-10,-4,7,-4,-1,8,4,-13,8,14,6,2
-3/20,0,0,0,3,4,6,3,1,-3,10,-1,6,1,4,0,6,-5,-1,-12,-6,5,9,-6,18,8
-8/47,0,-2,0,-5,-5,6,-6,1,-3,-4,0,2,7,-2,3,3,7,6,-10,-12,14,-11,0,12,17
-1/5,0,2,0,-5,-1,-5,-1,1,-3,2,6,-7,6,-6,0,4,-4,5,0,0,-1,-16,-10,-14,-6
-16/97,0,-2,-2,1,0,-6,-1,-2,2,10,-9,-2,-4,-2,-4,6,6,2,-6,5,4,4,-5,-6,4
-15/97,0,0,0,0,-1,-5,2,1,-4,9,-10,-7,12,-1,-8,-4,-13,2,12,-12,-1,-6,-4,-1,4
-14/15,-1,0,0,1,-1,-6,1,-2,-9,4,-4,-8,10,-2,0,-2,5,-13,10,-3,-10,-8,7,-8,0
-7/6,0,0,2,1,0,2,-3,1,6,2,-10,-2,-2,-4,-6,6,0,-1,-3,-1,0,-6,0,-4,-6
-64/57,0,0,-3,1,-5,-5,6,-2,-3,-4,10,-5,0,4,-7,-4,-4,10,6,-15,-6,10,-4,0,12
-31/30,0,0,0,1,-2,0,6,-2,1,-1,-10,-2,-6,4,-6,6,6,10,16,6,-5,-8,14,0,-3
-59/57,0,0,0,-5,0,-1,-1,-2,-8,4,10,-5,-5,2,-6,-2,-12,8,4,-5,-5,8,3,-12,14
-61/59,0,2,4,3,-3,-5,2,-2,-3,-8,1,-7,6,9,-6,-12,10,-13,5,-5,-14,11,4,-8,18
-29/26,0,-2,4,-5,-5,-2,-1,1,-8,-10,3,-1,8,2,-4,-7,-12,-11,14,-3,-6,-14,12,-1,-2
-19/18,0,0,2,-5,-1,-5,5,1,-3,6,3,8,-3,6,-8,-6,10,1,8,3,-8,-15,4,-7,-10
-23/17,0,-2,4,-5,0,-5,-2,1,-7,3,-9,-2,-4,1,-6,6,6,13,2,6,-11,6,-9,10,2
-23/20,0,-2,0,1,2,-6,5,1,-7,0,10,-10,-6,-6,4,6,9,13,-10,-9,-10,11,0,-6,14
-8/7,0,2,4,-5,-1,2,5,-2,1,5,-8,-7,-3,2,11,-2,2,2,0,13,-13,5,-5,-12,-12
-57/59,0,0,0,1,4,1,6,1,6,4,10,2,-1,-1,0,6,10,5,-2,-1,-13,-8,1,-15,2
-29/51,0,0,4,3,6,1,-2,1,6,-10,-4,11,-3,5,0,1,-9,-1,8,3,-6,-8,4,0,13
-30/49,1,0,0,-5,4,2,5,1,-3,9,10,-5,0,4,13,-12,5,-2,1,8,14,0,-11,-14,10
-15/26,0,0,0,-5,6,-2,-3,1,6,-4,3,6,-6,7,0,-4,-4,-3,-12,-12,2,-4,15,0,14
2/5,1,2,0,1,4,1,2,1,-3,-5,10,-6,6,4,-6,-9,-12,1,-10,2,2,-10,-12,-6,-5
25/29,0,-2,0,-5,-1,-5,6,1,6,-6,3,-7,2,-9,-6,6,11,13,-10,-3,7,12,-16,-3,-3
23/31,0,-2,-2,3,4,0,5,-2,-7,-8,2,11,10,8,0,-9,10,-1,5,-1,-1,9,-6,-6,-6
-16/19,0,-2,0,0,0,-6,-4,-2,0,3,-1,-2,-6,9,8,1,-12,5,12,0,-8,-1,2,0,8
-39/46,0,0,0,1,0,-7,4,-2,0,-2,4,-2,6,6,8,-6,5,-1,4,-9,14,6,12,10,6
-77/95,0,-2,0,1,0,2,5,-2,-3,2,-1,-2,0,-6,0,9,-4,-7,-7,8,-11,-12,-4,0,-9
-13/15,0,0,0,0,4,-7,5,1,-6,5,-9,-7,12,4,-6,-6,0,-7,-14,-3,-6,15,12,10,-2
-17/22,0,2,2,-5,-2,2,-8,-2,-8,3,-9,10,6,4,-6,-2,0,2,5,6,0,-12,0,12,18
-45/46,0,0,0,0,4,2,-4,-2,0,4,-4,-3,8,7,0,-2,1,-5,4,13,10,11,-16,1,11
61/45,0,0,0,-5,2,-5,-3,1,6,-7,3,-2,-6,4,10,0,-12,-13,-2,5,-5,1,-3,-6,-18
66/41,1,0,2,-5,0,6,1,-2,-9,7,10,6,6,-4,0,4,6,-2,-2,10,-10,5,12,-14,-6
37/25,0,2,0,-5,4,0,5,-2,3,-1,1,-11,-1,1,6,1,0,-5,-4,-8,6,6,6,-15,-7
29/22,0,-2,3,0,-2,-1,3,1,-8,-10,-1,-2,-2,9,-8,-4,6,-12,-3,-5,-6,-16,-16,-15,-3
31/25,0,2,0,1,-2,-5,-5,1,0,3,-10,-5,6,9,12,11,0,-4,8,-15,-4,15,0,-1,-5
-17/33,0,0,2,-5,-2,-5,-8,-2,-9,5,2,-3,-6,-4,-6,-4,6,-10,-10,-3,2,13,12,18,6
-40/7,0,-2,0,-5,6,4,-3,1,4,6,3,2,1,-4,2,6,2,-5,5,-9,-7,-1,-4,-3,2
-10/3,1,0,0,1,-3,2,-3,-2,1,4,2,-7,-3,7,0,-11,-11,-6,11,0,7,-8,12,-3,-19
-39/4,0,0,2,1,-3,-7,2,-2,-9,-5,-4,10,12,-6,4,-4,4,-11,2,-12,-1,-12,17,2,2
-47/81,0,0,0,-5,-1,-6,3,1,-8,5,-1,-7,1,-6,-8,-14,6,-10,12,-9,-13,8,-6,-8,-5
-2/13,-1,2,4,1,6,-2,-4,-2,4,4,2,-10,3,1,0,6,0,6,-4,-12,14,-6,12,-15,8
-7/13,0,-2,0,1,-1,-2,-5,-2,-8,-3,-5,-2,-1,8,13,6,6,1,5,4,4,8,-4,6,-10
-13/34,0,-2,3,1,0,-7,-2,1,-8,0,6,6,0,7,2,-4,-4,-1,-12,8,0,9,14,-12,-1
-5/34,0,2,0,-5,2,2,-2,1,6,0,10,2,-4,5,-1,6,6,10,9,-4,-13,5,10,-10,9
23/41,0,2,2,-5,4,-5,-3,-2,-7,3,-2,-2,6,-4,-1,6,-2,13,-8,14,-13,5,-15,2,-2
20/37,0,-2,0,3,4,1,4,1,6,-5,-2,-8,-5,7,0,0,-12,-4,2,-3,5,6,-3,0,-2
13/17,0,-2,2,1,-3,-7,-2,-2,-8,4,10,-5,6,8,0,9,-4,8,8,14,4,2,0,6,6
-24/5,0,0,0,-5,-3,1,-6,1,-3,4,-1,-5,4,8,8,-2,0,-3,-11,0,-10,10,4,-10,-14
-28/3,0,0,1,1,0,-5,-6,1,2,10,2,-2,-6,2,3,-4,-14,-4,3,9,2,-4,14,5,6
-17/6,0,0,3,3,6,-5,-8,-2,-3,-7,1,-6,-5,4,12,-10,0,-3,14,13,-13,-16,17,10,-5
-13/4,0,-2,2,1,4,-7,4,-2,4,-2,-1,-1,-9,1,13,6,2,5,-3,11,2,-15,0,8,12
-17/12,0,0,2,-5,4,-5,-8,1,1,4,-9,2,-7,4,-4,1,13,13,6,15,-1,6,8,6,2
-61/54,0,0,0,1,2,0,-3,-2,-3,-5,-9,-5,-4,-7,0,-2,-12,-13,8,-3,2,-14,-4,-8,14
-34/23,1,2,2,-5,6,6,-8,0,0,-2,3,10,-1,-4,0,-10,-3,-2,5,-15,11,4,3,-17,13
-21/16,0,0,1,1,0,-6,-3,-2,-8,6,-1,8,8,-3,-11,-6,-1,-2,16,10,-13,-14,-1,-14,-19
-15/11,0,0,0,-5,-2,2,5,1,3,-2,-2,10,12,-1,4,6,6,1,5,-3,-13,6,0,18,-5
13/21,0,0,2,-5,0,-7,3,1,-3,-7,-1,-7,7,-6,0,1,-1,-4,2,12,-4,8,12,4,-1
-23/5,0,-2,0,0,-1,4,-4,-2,-7,6,-1,-7,6,-1,-2,-10,0,10,-2,9,-4,12,9,18,8
-9,0,-3,0,-5,-1,-5,-3,-2,4,7,-1,-6,8,5,-6,-2,-5,-7,-8,0,2,-8,0,1,13
-26/7,1,2,3,-5,-5,-7,-5,1,-6,-5,-1,-6,6,2,-7,3,-14,-1,8,-9,-10,-8,1,6,-5
21/23,0,0,0,1,6,-6,6,-2,0,4,-5,-2,-2,-7,12,7,-12,-1,8,12,-10,-8,-15,10,2
47/30,0,0,0,1,6,0,4,1,6,-10,0,-7,-2,10,-8,4,10,6,2,8,-6,-11,1,-1,2
95/59,0,2,0,1,6,-5,2,1,6,-5,-1,-1,3,-7,-1,9,10,-3,-12,-13,2,-16,4,-14,12
87/65,0,0,0,-5,-5,-2,2,1,3,-10,-4,-2,-3,4,0,7,4,1,9,-3,-14,-7,15,-1,8
88/63,0,0,2,-5,0,-5,-3,1,-6,-4,-9,6,-5,-1,-3,-4,6,-3,12,-5,4,-9,3,-10,18
44/31,0,-2,1,3,0,2,-3,-2,-8,6,2,-2,-6,-4,6,-6,9,-1,-5,0,-13,-10,-7,-6,-1
83/67,0,-2,1,-5,2,-1,-6,-2,-6,-4,-4,-8,-4,8,-10,-10,5,13,0,-12,-6,4,0,1,14
-6/5,1,0,0,3,-5,-5,-4,-2,6,6,-5,-2,-9,8,-6,2,-10,-4,-4,4,0,-1,1,-12,-12
-4/37,0,-2,-2,-5,6,0,-1,1,-8,3,-1,-8,-6,9,-6,-10,10,8,0,-3,-13,-8,8,10,-2
-8/75,0,0,0,-5,-3,6,5,1,4,7,-4,6,-9,-9,10,6,-4,1,4,-13,6,0,11,-15,11
-10/71,1,2,0,-5,0,6,-3,1,6,-8,1,-6,0,9,-6,-4,11,0,5,4,-9,10,-5,5,2
-4/7,0,-2,2,-5,-5,-5,2,-2,2,4,-9,-5,-6,0,-2,9,-5,1,2,15,11,-7,-1,10,-3
3/13,0,0,4,-5,4,-2,6,1,6,-1,-5,5,6,6,10,1,-4,-10,4,-9,11,-10,5,12,18
-31/19,0,-2,2,-5,-2,2,-1,-2,6,-4,-10,-8,-9,8,-2,6,-7,13,5,-9,14,-16,-16,9,-19
-31/18,0,0,-2,0,4,6,2,1,-4,4,-10,-7,0,9,-6,5,-1,-8,-12,-3,-13,-15,6,-14,17
-29/19,0,2,2,-5,2,-6,5,-2,-3,-10,-5,-5,-2,10,-6,6,-14,1,-12,0,-4,-6,-4,5,-5
-17/7,0,2,1,-5,4,-5,-8,-2,4,10,-6,-11,12,8,7,6,4,-2,2,8,-13,-8,4,-14,1
5/47,0,2,0,0,0,6,2,1,-3,-10,1,-5,0,-12,3,6,0,-13,4,8,-13,12,-3,0,-19
5/48,0,0,0,1,-3,0,-3,-2,4,3,-2,-11,-4,-6,12,0,-2,-1,-14,2,-1,-10,7,1,-9
8/15,0,0,0,0,-1,-5,-3,-2,-4,4,0,-2,1,-12,-6,11,-4,1,-4,-8,-14,-15,-16,10,-6
-22/21,1,0,3,-5,0,6,2,1,3,10,-9,-1,-6,-6,6,-14,-4,6,4,15,-13,-10,-16,-14,9
-4/59,0,2,1,0,6,-5,-3,-2,-3,-2,-1,-7,-6,-9,-11,6,10,2,-10,-12,14,8,-3,10,8
31/20,0,-2,0,-5,-5,2,3,1,-3,5,-10,5,6,12,-6,3,0,1,8,-13,0,-4,-3,6,-8
59/42,0,0,0,-5,0,4,4,-2,4,0,3,-10,-6,2,0,-6,-12,1,10,8,4,6,-1,10,8
10/7,-1,2,0,-5,-2,6,3,1,6,-10,-4,-8,-3,-1,-6,10,0,-7,12,12,2,2,-15,1,2
60/43,0,0,0,-5,2,0,4,1,-8,-2,-5,-5,-4,-12,13,7,-9,-6,5,-12,-6,-6,-16,-14,11
4/17,0,-2,-3,1,0,2,-2,-2,3,3,-9,-7,-3,1,-7,7,2,-4,5,12,10,-15,10,-6,2
-79/53,0,2,3,3,-5,6,2,1,-3,10,-9,10,-1,2,-4,5,8,-3,8,-9,-16,4,4,0,-2
-81/53,0,0,-3,1,-1,2,-6,1,6,6,-5,-7,-3,-2,4,5,-4,-2,12,15,2,6,17,-14,-14
-9/5,0,0,0,0,4,-6,2,1,1,-2,1,10,-1,0,0,-4,0,2,8,5,14,-10,6,-1,10
-5/3,0,0,0,3,-1,6,-3,-2,2,-5,10,5,-6,2,8,6,0,-7,-12,3,-6,-6,3,10,2
-38/27,-1,0,4,3,6,2,2,1,6,3,-7,2,8,4,-11,-4,10,1,12,-4,-6,-7,3,-10,8
14/13,-1,-2,2,1,4,-2,2,1,-8,10,-9,-2,6,7,-10,11,-4,-3,-12,10,2,-1,-10,-14,-6
71/69,0,0,2,1,0,-5,2,-2,0,-5,10,-2,-5,7,-11,4,-4,2,-12,-12,-8,-8,6,-10,14
70/67,1,2,0,1,-3,-1,5,-2,3,4,-1,11,8,7,-6,-7,0,10,0,-3,-8,-14,4,-10,-6
71/64,0,-2,2,0,-2,6,6,1,6,6,-1,-8,-6,6,-6,-2,-13,-3,4,-12,2,-15,2,0,2
36/35,0,-3,0,-5,4,-5,-6,-2,-8,-4,-5,-5,0,-6,0,-6,2,13,1,-8,0,6,1,1,13
7/3,0,0,1,1,2,4,-3,1,6,-5,1,11,6,12,-6,2,6,1,-3,15,-13,10,12,-14,8
22/9,-1,0,-2,-5,0,2,-1,-2,-3,-2,1,5,-9,-12,8,-4,11,10,-6,-12,-2,-11,-9,3,-5
-23/14,0,-2,3,-5,4,1,-6,1,-7,-5,-5,8,0,-1,-8,-10,-9,0,5,0,11,-1,-4,-10,14
-21/19,0,0,0,1,4,1,5,-2,3,-4,-7,-3,-6,-6,0,-10,-2,4,3,15,-1,13,9,0,-2
-29/49,0,2,1,-5,-2,2,-5,1,-8,-10,2,10,-7,12,6,7,6,8,4,-5,-4,-6,3,4,2
-14/19,-1,2,1,1,-5,0,-1,-2,-3,9,-9,-7,2,4,-8,6,-2,2,5,4,7,-4,-3,6,6
-23/48,0,0,1,1,0,-1,-6,-2,-7,4,-9,-2,7,-1,-8,7,6,-3,0,2,-6,9,4,2,12
-46/93,1,0,2,-5,-3,1,1,1,-7,-7,2,-5,-9,-6,-8,6,6,-2,1,8,-9,-14,9,-6,-2
-48/97,0,0,0,1,-1,-5,-3,-2,6,4,10,2,-6,1,-11,-4,-11,-10,8,8,-6,8,-13,-7,4
-48/95,0,0,0,1,-5,2,-6,-2,3,2,2,-2,-1,4,-8,-2,-4,-13,-13,-13,-2,-16,-11,-10,-5
-1/45,0,0,0,1,6,0,2,1,-3,0,3,5,10,8,-8,2,-4,-10,-11,-15,7,11,0,-6,2
-2/31,1,2,-2,-5,-5,2,6,-2,-8,0,2,-7,-2,-10,12,6,-4,-8,-12,-9,-6,-15,-3,4,2
-26/17,-1,-2,-2,3,-2,-7,-2,-2,1,6,-2,-2,6,-6,-1,-2,-1,-11,-12,-5,4,6,-4,6,-18
-19/13,0,-2,-3,-5,4,-2,-4,1,6,5,-1,11,6,-4,1,-4,0,-8,-7,12,7,8,10,12,14
-93/53,0,0,1,3,0,4,-3,1,-3,6,-10,-2,2,4,-6,5,6,-13,4,-4,-16,5,-4,-13,17
-17/49,0,2,2,-5,-5,2,-8,-2,6,-10,10,2,3,4,-6,-2,-4,1,-13,12,2,-4,-4,-1,2
-15/49,0,0,0,-5,0,-5,3,1,6,0,-7,-2,-3,-10,-11,6,-9,2,-8,0,0,1,-16,-3,8
60/77,0,0,0,-5,-2,-5,4,-2,-9,2,-10,-7,-4,-2,4,6,8,-10,8,-8,2,-8,-16,-6,9
2/7,-1,-2,0,-5,4,-5,-1,-2,-4,0,10,-3,-6,12,0,-4,0,-1,-10,-15,14,5,-4,-10,2
5/23,0,2,0,1,4,6,5,1,0,-2,3,-10,-7,-9,6,-2,-9,6,-12,8,-13,11,-4,-6,-1
13/35,0,-2,0,-5,-5,-7,-3,1,-8,6,3,-8,8,-10,-8,-2,6,8,5,-9,5,-4,-16,-17,-7
-43/36,0,0,-3,1,-3,2,-3,1,6,-1,1,-1,6,-1,0,-3,0,4,5,8,-1,0,6,-15,2
-28/27,0,0,0,1,-5,4,-3,1,-6,3,2,-7,-7,5,8,11,8,13,-14,8,10,5,-4,12,-5
-80/79,0,2,0,1,-3,4,-6,1,-3,10,10,-2,0,-10,0,-3,-2,1,4,-12,0,-8,1,-17,16
-28/25,0,-2,0,1,0,0,2,1,-3,6,0,11,-6,6,0,-3,0,0,5,11,-2,10,12,6,8
-14/13,1,2,-2,1,-3,-2,6,1,2,3,10,-5,12,-9,0,1,1,13,-14,14,2,-5,-7,-7,-2
-7/45,0,0,0,1,-3,2,-3,1,3,-4,0,10,-4,-6,-6,-12,-14,-4,-2,4,-2,-8,-16,18,10
-13/93,0,0,2,-5,-3,-7,-4,1,6,6,2,10,10,6,1,-3,-4,10,12,3,-8,8,0,8,3
-8/5,0,-2,0,-5,4,2,6,1,-8,10,8,-6,2,8,0,10,6,4,8,-15,-1,-9,14,12,3
-29/18,0,0,-2,-5,6,0,2,-2,-3,-10,2,-2,4,-3,2,3,2,-13,-14,15,-2,6,0,-6,-14
-13/7,0,-2,0,-5,2,-7,2,1,6,2,2,2,-5,6,0,3,-11,-2,-2,14,6,-10,10,-14,0
29/6,0,0,2,1,-2,6,-6,1,-3,-10,1,10,-9,-12,0,-6,-1,-2,5,-12,-2,0,0,6,12
59/13,0,-2,3,-5,-1,-2,5,1,-3,0,-9,5,-6,12,11,6,-12,6,8,-8,2,-4,3,-4,0
53/13,0,-2,4,3,6,-2,-3,-2,-4,9,4,-11,2,-7,-2,-10,-1,8,-14,-2,0,-7,4,-1,10
1/12,0,0,-3,3,-5,6,-1,1,6,-5,-9,-10,-3,-6,-1,-2,4,-13,16,0,-10,13,0,-1,-10
3/49,0,0,-2,-5,4,6,1,1,-3,3,-9,-6,7,-2,0,-2,2,-2,12,13,7,6,-12,-8,14
4/51,0,0,1,1,6,-1,-2,1,6,4,-7,-3,6,-2,2,-6,-4,13,4,0,-11,-4,3,10,12
-3/53,0,0,1,0,4,2,1,1,-6,-10,-8,-5,10,-1,0,5,-14,13,-4,10,-11,-8,-4,-1,-1
-1/27,0,0,-3,0,-1,6,2,-2,-8,6,-1,2,3,6,10,-6,-12,-1,-6,-3,2,11,-3,-3,-14
35/46,0,-2,0,1,-5,-5,-1,1,0,3,1,-2,-9,-1,-8,1,-1,6,-12,-4,6,-8,-12,3,18
40/49,0,2,0,-5,0,-5,2,-2,-8,-7,4,-6,-6,8,4,6,-2,-6,-14,-12,-6,8,-10,-9,-4
-6/23,-1,0,2,-5,4,0,3,1,0,4,-2,10,-6,-3,-8,-11,0,13,-8,13,-6,-6,-4,-10,2
-7/23,0,2,0,1,-3,4,-3,-2,0,-4,-4,-5,-4,0,8,-6,-4,-1,5,-6,7,-12,-3,5,-2
-9/35,0,0,0,-5,-5,6,-3,-2,-3,9,-8,5,-7,7,0,-2,0,5,-14,-3,11,0,-16,8,14
-44/39,0,0,1,3,0,-2,5,-2,-8,9,1,-2,-7,7,-3,1,-14,2,-14,8,-13,4,11,-17,7
-46/39,-1,0,0,1,4,-2,4,-2,-7,6,-6,2,2,4,0,-4,-1,-7,5,-12,5,6,-1,1,12
-22/23,-1,2,0,3,0,1,-6,1,0,2,-9,-6,-3,-7,0,6,-7,8,-10,-9,-14,-8,-4,-6,10
-31/32,0,2,2,0,0,2,1,1,-8,0,-10,-2,6,4,-8,-14,8,-11,-12,3,2,-4,9,10,-1
-26/31,1,2,1,3,-1,-7,2,0,4,4,2,6,-3,4,-11,-10,6,-1,-11,-12,-4,-4,-4,2,-3
43/29,0,-2,2,0,-2,2,2,-2,3,-6,-7,11,-3,-1,-8,-6,-4,5,4,-7,-6,4,-3,-14,3
41/30,0,0,0,3,-5,6,5,1,-9,-5,-8,-5,-4,4,0,6,8,6,-14,-8,-11,-1,-6,12,-5
47/20,0,2,0,1,-3,1,-1,1,-3,-1,2,-5,-4,-1,-8,-7,8,-10,4,4,11,-9,6,9,12
92/37,0,-2,0,-5,-5,-6,-3,-2,-7,-8,-5,-8,-6,10,11,-12,2,2,2,0,-10,-14,-16,3,-10
98/37,1,-2,1,1,0,1,-1,1,3,-4,6,-8,0,-2,6,-2,-7,10,16,-3,4,2,12,-12,12
94/33,-1,0,3,1,-2,-6,-3,1,4,0,4,-3,-3,-4,-8,6,0,10,3,3,-10,-7,-4,0,17
97/35,0,-2,0,-5,6,-5,6,1,6,0,2,10,-6,-1,-6,-2,8,13,8,3,2,4,-12,0,8
-40/19,0,-2,0,1,2,0,2,-2,6,-2,-2,-1,0,8,-6,-4,0,8,-8,-15,8,12,17,-15,12
-15/22,0,0,0,1,-2,6,2,-2,-3,-1,3,8,-1,-1,4,4,-2,-7,12,13,6,10,7,-8,2
-29/44,0,-2,2,3,-2,0,-4,-2,-8,-10,-2,-2,-5,-7,0,-3,6,8,-3,14,-16,10,2,-16,2
-11/16,0,2,1,-5,0,-5,5,-2,6,-5,-5,-10,-9,4,8,-6,5,4,4,-4,-1,2,14,-1,13
-7/8,0,2,4,1,2,-5,2,-2,6,10,3,10,0,-1,12,3,-11,-8,-12,-12,-5,4,2,6,-8
-13/16,0,-2,3,-5,-3,-7,-3,-2,-3,4,-5,-7,-6,-6,-6,6,-7,-5,-6,-7,2,-10,-16,0,-5
-23/37,0,2,4,1,0,-5,5,1,-7,-5,-1,-8,6,7,0,6,0,8,10,-9,2,8,-4,6,10
-3/5,0,0,0,-5,2,0,-3,-2,0,4,10,6,-3,12,6,6,8,-11,14,12,11,6,-3,9,-14
43/30,0,0,0,-5,-3,2,-6,1,-6,3,10,-2,-1,-1,-7,-3,10,-11,4,-3,1,-1,16,-7,10
4/13,0,2,-2,3,-1,-2,3,1,6,6,8,-1,0,4,3,-4,8,-1,9,0,14,10,4,-17,-2
5/19,0,-2,0,0,-1,1,5,-2,-6,3,-4,-5,-3,-2,0,6,6,-10,-12,12,-2,10,15,8,17
11/38,0,2,-2,1,0,0,1,-2,-3,-1,6,10,10,9,-1,-10,-11,8,-6,-9,14,-4,0,10,9
3/14,0,0,0,-5,-5,1,3,-2,-3,2,-4,-11,8,5,0,-14,-2,-8,-4,8,10,-6,-4,-14,12
8/39,0,0,-2,1,4,-2,2,1,1,-3,2,-8,0,-2,-8,9,10,-3,4,8,-6,-16,12,-9,8
11/41,0,2,4,3,0,6,-3,-2,3,9,-4,-8,6,8,12,-4,-12,-2,-11,-1,-2,-14,0,9,-12
19/81,0,0,1,3,-1,0,-3,1,-3,0,2,-2,-7,-2,1,1,-7,-13,-10,13,4,-8,1,18,-7
17/75,0,0,0,1,0,1,-8,1,-4,4,10,-2,12,-6,6,6,9,-5,2,3,-1,10,8,-3,18
14/79,1,-2,0,1,4,2,-4,-2,2,7,1,-7,8,-2,0,-2,-12,0,9,5,-13,-8,6,-1,-7
-47/45,0,0,0,3,0,1,2,1,-3,-5,-8,-2,-3,-2,-8,-2,6,-8,6,-8,2,6,12,-6,3
-7/11,0,2,0,1,-2,2,-3,1,4,-7,-5,5,-6,9,0,10,0,10,2,-15,11,-8,4,-3,-7
-43/41,0,2,0,0,4,4,-5,-2,0,2,-5,-2,6,-1,-6,6,6,-12,-12,-3,-2,2,0,2,-3
-43/39,0,0,0,-5,-1,-2,2,-2,-6,4,-1,-10,-6,-1,0,-9,-9,8,-3,-12,12,11,-9,-10,3
-6/43,-1,0,-2,0,2,-5,2,-2,6,-5,0,7,-6,-12,0,6,0,2,-14,8,8,11,-11,6,0
-11/43,0,2,-3,3,0,6,6,-2,-9,6,3,6,2,-12,-6,6,6,-13,8,-12,-7,8,6,-12,10
37/31,0,2,0,3,0,2,3,-2,-9,-2,2,-11,6,-2,-10,2,4,13,-8,-9,-14,-8,4,5,18
37/33,0,0,2,1,-2,-1,2,1,2,-7,3,-11,12,6,0,-9,0,-1,6,12,-5,-8,-4,6,-6
-11/15,0,0,0,3,0,2,2,-2,6,6,-1,-5,-7,2,10,-10,-11,-3,-14,12,7,6,6,-14,-3
-44/43,0,2,2,-5,0,0,2,-2,3,4,8,-2,-3,-12,7,-3,-4,10,3,-9,-2,-12,3,1,8
23/37,0,-2,1,0,-2,-5,-6,1,-7,0,-5,-8,6,-9,10,-3,0,-1,-11,-15,2,-8,4,1,-14
45/76,0,-3,0,-5,6,2,6,-2,-3,-5,2,-8,0,-6,0,-2,-1,-5,-4,13,2,-8,4,1,-2
17/27,0,0,4,-5,6,-5,-8,-2,6,-4,10,10,-1,8,0,-12,4,8,0,-13,-5,-6,-3,0,-6
15/49,0,0,0,-5,-2,-5,4,-2,-3,-5,6,6,-9,0,-11,3,2,10,2,13,-1,12,12,-6,-6
19/47,0,-2,0,0,6,-5,-3,1,-9,6,2,10,10,4,3,1,8,-5,4,0,-6,6,17,18,1
1/86,0,-2,0,-5,4,-5,4,1,-9,0,-1,-10,-1,-12,0,-2,10,-8,6,3,-1,-9,-4,1,17
-4/83,0,2,-3,-5,-2,6,-6,-2,-8,4,10,-5,0,6,-4,-2,9,-8,4,-9,-13,8,-16,-8,2
1/41,0,-2,0,1,4,6,2,-2,-3,-5,-4,-6,6,8,8,-9,-11,-5,0,15,2,12,-16,-1,7
-1/42,0,0,-2,-5,2,-5,-6,-2,2,7,-1,-7,12,-6,11,6,0,-7,-14,-12,-11,1,-16,-6,-6
-7/43,0,-2,2,1,4,-5,2,-2,6,3,-6,-2,-6,-12,6,-10,2,-6,5,-3,2,-7,2,0,2
-3/41,0,0,2,3,-5,-5,-6,1,-9,6,-5,11,6,1,-8,-10,0,-7,3,-12,4,-7,4,-9,-5
-41/19,0,2,0,3,6,-5,2,-2,-6,6,6,6,-4,-4,-10,10,-4,-1,11,-12,-10,0,0,-7,0
21/10,0,0,0,1,-5,-6,2,1,-3,-4,1,-6,-9,9,-6,6,1,-8,-2,3,4,-12,2,10,17
-27/28,0,0,0,-5,-5,-6,-3,1,-3,-1,-5,-2,12,-10,0,-3,0,-5,12,-9,-4,1,12,12,-3
27/5,0,0,0,-5,-5,-5,-6,-2,6,-5,-2,6,-4,-7,-6,6,-4,-10,-14,-7,-14,5,4,2,18
16/7,0,2,0,-5,4,-6,6,1,-4,2,-1,-10,-6,4,6,-2,-11,-4,5,8,8,-8,3,8,-6
54/95,1,0,0,3,-2,6,-6,-2,6,3,-9,6,-6,-4,0,-10,-9,5,12,8,-1,13,14,6,17
27/43,0,0,2,1,2,2,2,-2,4,-2,1,5,-3,-12,12,-2,-2,1,1,-9,7,-4,-4,-14,-13
-77/52,0,2,1,1,0,-2,-3,1,4,-5,8,-7,-3,-6,0,-10,-9,-13,5,3,0,-16,6,12,2
-85/48,0,0,0,0,0,-5,-8,0,-3,2,-9,7,2,-1,6,6,6,8,10,11,-4,-15,6,-1,8
-88/49,0,-2,0,-5,0,6,-1,-2,-3,9,-6,-2,-4,-7,-7,-9,6,-3,9,12,0,2,2,6,11
-92/61,0,2,2,-5,-2,2,4,1,-7,-5,1,11,6,-7,-6,-3,-4,-4,6,3,-7,-8,3,-1,-5
-88/61,0,-2,2,1,0,-1,5,1,3,3,-9,-2,-6,-10,1,6,-11,-4,4,16,14,1,-6,12,-5
-43/30,0,0,0,3,4,6,5,-2,3,6,3,-7,-4,-1,0,6,-4,2,-12,8,-16,-4,8,-14,-2
-86/53,1,-2,0,3,6,-5,-3,1,4,2,-9,11,0,-1,0,5,0,4,-10,-5,-13,-14,-4,-12,-5
-88/53,0,2,1,1,0,1,1,-2,-8,-4,-9,10,6,-6,2,5,-1,-4,-14,-12,6,0,-3,3,10
-47/27,0,0,2,-5,2,-5,2,1,-8,0,-10,8,-6,7,-8,0,0,-8,12,-12,0,-16,8,10,-18
-35/11,0,-2,0,1,-2,4,2,1,-3,10,-7,-2,6,-9,-11,-2,-4,-10,2,12,7,-1,2,-10,-12
16,0,2,0,1,4,1,3,1,-6,4,4,-5,6,8,-11,6,6,10,5,13,-5,8,-3,-1,-6
-20/7,0,2,0,-5,4,6,-6,1,3,6,6,10,3,5,-8,-3,-14,10,12,-1,-4,6,15,10,10
19/34,0,2,0,1,0,-5,-2,1,6,-1,-9,-1,8,-6,1,0,-3,-10,4,-5,-6,-8,0,-6,-10
-9/92,0,0,-3,-5,2,-5,-5,-2,0,-2,-5,10,-5,4,0,0,0,1,-4,14,2,-8,12,-12,-2
46/35,1,-2,0,-5,-5,-5,6,-2,-7,-1,-9,2,1,2,-1,4,5,-6,14,11,-4,-14,-13,3,-14
13/11,0,-2,-2,-5,-2,-7,6,1,-4,-5,-10,10,-1,4,8,-10,2,6,4,-4,-6,6,16,-6,-7
18,1,-3,3,-5,4,-5,4,1,6,-10,10,10,-6,-6,-6,6,0,6,0,-3,-4,0,-4,6,11
19/3,0,0,-3,-5,6,0,6,1,4,4,-9,-1,6,6,3,-10,-13,2,5,14,-2,15,12,-6,7
95/14,0,2,0,-5,2,-5,-3,1,-3,9,-5,-7,-9,8,6,1,-9,-1,-12,3,12,8,6,0,18
49,0,2,1,1,4,2,5,-2,-8,7,10,-8,6,-4,4,-6,9,-10,-2,-12,0,-8,6,-14,5
49/3,0,0,-2,1,0,6,2,-2,-3,-8,6,-8,-4,4,13,-12,-11,-8,-14,15,-13,-15,-13,0,-2
-26/99,1,0,2,1,-2,-7,2,-2,-6,6,6,5,6,-2,0,-12,-1,2,-6,4,1,-8,7,-6,-8
-1/44,0,2,4,3,-2,-5,2,-2,1,-1,10,-2,0,10,-11,-10,6,6,-14,11,10,-8,3,0,10
-7/44,0,2,-2,1,-2,-1,4,1,-3,6,-5,7,6,-10,-6,6,2,-13,2,3,-10,8,8,-17,-14
2/27,-1,0,2,-5,4,0,1,1,1,0,0,-7,0,8,8,-14,-9,1,-3,6,6,-16,16,-6,17
-3/46,0,0,3,0,-3,6,-3,1,0,6,6,-8,-3,10,-7,6,-4,-10,3,8,-13,15,2,-6,8
-19/93,0,0,2,0,4,2,-3,1,0,0,2,7,-7,7,11,-4,6,6,2,5,-4,13,2,-15,-19
58/95,-1,-2,0,-5,-1,-5,3,-2,0,-10,-4,8,-5,8,7,-2,0,8,4,-9,6,-14,0,-14,-3
58/97,1,2,2,-5,-3,2,-6,-2,3,-10,1,-2,2,-6,-6,-4,6,-1,6,-15,-1,-6,-3,-6,4
-15/17,0,0,0,1,-2,-6,-2,-2,4,2,-8,-5,6,-9,-8,-6,-4,4,2,8,12,12,-6,2,-14
-16/13,0,-2,3,1,-2,-2,-3,1,-4,4,-7,10,-3,-12,12,-9,-13,2,0,-3,-4,-4,6,-6,-3
-43/34,0,-2,-3,0,-5,-6,-2,1,-8,5,-9,10,-6,-1,0,3,6,6,3,3,2,-16,-7,-12,-2
-44/35,0,-2,0,-5,0,4,1,1,0,-5,-1,-7,12,2,-6,-4,-4,-6,6,-4,-9,0,-16,-17,-2
-89/69,0,0,1,-5,4,6,-3,-2,0,9,-5,-2,10,7,0,-9,6,-1,4,13,-6,0,4,-13,-10
-46/33,1,0,0,1,-2,6,6,-2,-7,5,-1,-6,6,-3,4,11,-4,1,8,-12,14,0,-4,6,2
-91/68,0,2,0,1,-3,-7,-2,1,-4,-5,-8,-7,0,-6,-6,-3,5,-3,-12,5,11,5,-16,12,-2
-43/32,0,2,2,-5,6,-5,-3,1,6,-4,10,-5,2,-1,12,11,-14,5,5,4,14,10,4,-3,-2
-83/59,0,-2,0,-5,-3,1,-3,1,2,-2,2,-2,6,-10,0,1,10,-4,-12,2,-7,8,0,-14,13
-82/63,1,0,0,-5,0,0,-3,1,2,4,3,-1,-4,-1,0,5,11,-11,-10,8,-5,-16,8,-13,13
-87/62,0,0,1,3,0,1,-5,-2,-9,-10,2,6,-1,4,1,6,-14,4,11,-4,2,13,-3,-14,-10
-86/59,-1,-2,4,-5,2,2,-6,-2,0,4,-1,5,-6,-1,13,4,10,1,-14,3,2,13,12,1,-18
7/81,0,0,-2,1,6,4,5,1,4,2,-6,8,-3,4,13,-10,5,6,-10,3,-4,4,6,6,11
20,0,-2,0,1,0,6,2,0,-4,7,-1,-7,6,4,4,2,-1,-11,8,8,-14,-11,1,6,8
1/40,0,2,0,3,0,2,2,-2,-9,-5,2,-7,12,-7,4,-14,-9,1,-6,13,14,0,2,-14,-7
1/22,0,2,-2,0,-2,1,1,-2,-4,-2,-2,-3,4,4,-6,1,-4,2,-11,12,-4,0,12,0,2
11/87,0,0,2,1,0,6,2,0,3,-6,-2,6,0,7,13,-7,-4,-7,1,0,11,6,-6,-9,2
14/83,1,2,-2,1,2,-5,-1,1,-3,4,3,10,-6,0,-7,-14,10,-7,4,4,-5,4,-16,2,8
6/25,-1,0,0,-5,-1,6,2,0,-8,9,1,10,2,-7,-1,-6,-4,-2,11,15,7,8,12,18,8
9/83,0,-3,-3,-5,4,6,-3,1,-4,-4,-9,8,8,4,-8,1,0,-10,2,5,-5,-7,-16,4,-14
13/86,0,-2,-2,3,6,-7,-3,-2,-8,4,2,6,-3,-12,-11,-6,-12,-10,-12,-12,-16,1,1,12,-9
1/13,0,2,0,1,2,-2,-3,-2,-6,0,3,-7,-3,-4,-3,-6,-5,2,5,-5,-1,6,1,10,-6
2/21,1,0,-3,-5,0,2,-4,0,-4,6,6,5,-5,-3,-6,6,-9,-5,-12,-4,11,-8,-3,12,-9
28/9,0,0,2,1,0,-6,2,0,-8,4,1,7,0,2,-8,10,9,1,0,-5,10,1,-16,-10,-12
29/10,0,-2,0,-5,-3,6,-3,0,-9,-10,6,2,-9,4,0,-10,6,-1,5,-8,-2,-1,0,-7,-2
-27/31,0,0,-2,-5,0,-5,-4,1,3,4,2,5,2,-1,1,7,2,8,5,0,-13,-4,-7,0,-1
-23/40,0,2,0,0,-2,1,3,-2,-7,3,-7,-2,2,-2,4,-2,-1,-13,3,-1,14,13,-3,8,9
-26/37,-1,2,0,0,6,-7,2,-2,6,-2,6,-8,0,4,-8,1,2,-8,4,14,7,8,14,6,17
-10,-1,-2,0,-5,-5,1,1,1,-3,3,-8,11,-1,4,6,6,9,8,9,-12,-5,-15,-16,6,-9
-37/101,0,2,0,-5,0,-5,2,1,-3,4,2,-11,-1,4,-6,6,8,2,6,-15,-2,-4,2,12,-6
-37/100,0,-2,0,1,4,-6,-1,1,0,6,-1,-11,2,-4,-2,-3,-7,-2,2,-9,4,0,1,1,8
-41/101,0,-2,2,-5,4,-5,1,1,-8,-3,-1,-6,-4,10,0,-10,-4,4,8,2,2,0,12,6,-18
-42/101,-1,0,-2,1,-5,2,-3,1,-8,-8,10,-5,4,1,0,3,4,2,4,-4,4,-9,-3,2,-18
-8/17,0,-2,2,1,2,4,-2,1,-3,7,-5,-6,-6,4,0,0,5,-7,-14,-1,7,10,-7,-13,-3
-7/17,0,2,1,1,0,-5,-2,-2,-3,5,4,-2,-7,6,-10,-4,0,-8,-4,-9,2,-14,-4,18,10
-21/50,0,0,0,1,-1,-5,-3,-2,1,0,-7,-11,6,4,10,9,6,13,-14,2,-10,-7,0,-14,18
-39/100,0,0,0,-5,4,-7,5,1,-8,-8,-8,-2,8,12,0,-11,6,0,12,0,-2,-10,2,6,-8
-16/45,0,0,0,-5,2,-6,2,-2,-6,0,-8,6,0,6,-6,-6,0,10,11,-4,0,13,3,2,-2
-15/23,0,0,0,3,4,-5,-5,0,0,-5,-4,-7,0,4,-10,-2,-7,2,12,-1,-16,5,2,-14,0
45/32,0,0,0,1,6,2,2,1,-3,6,-1,-6,-5,6,0,5,0,8,4,-7,-5,6,-6,-14,9
93/67,0,0,1,-5,4,2,-4,1,3,7,-10,6,-7,4,0,6,0,-1,0,14,7,-6,6,-1,16
93/65,0,0,0,0,2,-2,2,-2,-8,-4,-10,10,8,-7,1,4,6,13,-10,8,14,8,-4,-6,-12
-3/35,0,0,0,-5,-3,-5,2,0,-8,3,2,-7,12,4,-8,10,-3,6,8,0,-13,12,3,-8,10
-19,0,-2,4,1,-2,6,5,1,0,10,3,10,-7,0,0,-12,7,-10,3,0,-2,-14,-4,-12,-5
-25/6,0,0,0,-5,4,4,-1,1,-3,7,2,10,-4,10,-6,-10,6,1,2,5,-13,4,-6,-12,0
-26/5,-1,-2,0,1,0,-7,2,-2,0,-10,2,-2,3,-12,0,6,-12,8,-14,13,4,-14,-4,-6,1
-25/8,0,2,0,3,-5,-5,3,1,-8,6,-2,-7,-7,-1,-6,-4,0,4,-11,14,11,11,-4,-17,-5
-16,0,-2,2,-5,2,2,4,-2,3,9,0,-2,6,2,-11,-4,-4,-7,5,5,2,-16,-9,-4,-2
13/23,0,-2,4,3,-1,-7,2,1,0,6,1,10,-6,1,0,3,6,1,14,13,-1,-1,14,0,-5
15/19,0,0,0,3,2,-1,3,-2,6,9,-1,-6,-1,4,0,-6,0,-13,-10,10,-14,15,2,2,10
67/81,0,0,3,0,-2,-5,-3,1,-9,9,-4,7,2,8,-11,-2,-1,1,-5,8,-2,6,-3,2,-18
61/81,0,0,4,3,4,1,-5,1,3,3,-9,2,12,2,0,-4,-4,-13,9,-8,4,-8,17,10,2
32/41,0,2,0,3,-3,1,1,-2,1,6,-4,-2,6,2,-4,-3,-9,4,0,-15,1,-1,12,1,-3
28/41,0,-2,-2,1,0,2,-3,-2,-4,-5,-5,10,6,1,7,-11,4,-5,-14,-3,-5,-4,2,-10,-13
-41/30,0,0,0,-5,6,-6,-5,-2,0,-5,1,11,-4,1,11,-9,-11,-5,4,2,5,4,-4,12,8
-17/3,0,0,0,1,0,1,-8,-2,6,-2,0,-5,6,1,4,0,-14,4,-4,-3,-2,1,4,-10,9
-40/51,0,0,0,0,6,2,-2,-2,-3,3,-4,10,0,4,6,2,4,-13,-5,-1,4,2,4,-1,-2
-39/50,0,0,0,3,6,-7,2,-2,-9,2,3,-10,2,-10,1,5,-12,5,-11,10,11,-8,16,-6,7
-38/39,-1,0,-2,0,-5,-2,-5,1,1,-7,3,10,-3,12,10,-11,-2,4,-10,11,11,-16,-6,8,-2
-17/19,0,2,3,-5,-1,-5,-8,-2,6,6,-10,-2,6,0,6,-2,-2,6,8,6,10,-8,6,-8,14
-66/79,1,0,4,1,0,6,5,1,-8,4,10,-7,-7,5,-8,-4,-4,1,16,-9,11,-8,-3,-8,17
-31/35,0,2,0,-5,-5,4,2,1,3,3,-10,-10,-6,4,-10,-10,0,-1,1,0,-1,8,1,-2,5
-28/37,0,-2,4,1,-3,2,-6,1,-8,4,4,-8,-9,-10,-11,-3,6,-7,-14,3,-2,12,16,-14,14
-36/41,0,0,1,0,-5,-5,1,-2,-8,-8,0,-6,6,-6,12,1,-2,10,-11,-1,-13,10,6,-14,2
29/85,0,-2,0,0,4,-6,-2,1,-3,-10,-1,-1,0,-7,4,-2,-7,-10,4,-12,-1,0,10,8,-18
31/85,0,2,0,3,0,2,-2,-2,1,0,-10,5,-3,-12,0,-6,1,10,8,-1,-11,6,3,1,0
23/87,0,0,1,3,6,-5,2,1,-7,-6,-1,-5,12,1,6,-6,-12,-8,4,-12,-4,13,0,-6,-12
26/85,1,-2,0,-5,2,-7,-2,1,-6,4,-1,7,-5,-6,-6,-10,0,-8,-14,10,-5,-8,5,-12,-18
-34/31,1,-2,0,-5,2,2,-8,-2,-3,-5,2,10,4,-4,-6,6,6,-12,-13,-9,2,-1,2,8,-9
-19/16,0,-2,0,0,4,4,-6,1,2,-8,-2,-2,0,1,6,-9,-4,-13,10,-3,0,-16,-6,-8,-7
-14/25,1,2,0,1,6,2,5,1,-6,-10,1,-3,1,-3,3,-2,9,-6,12,6,-5,8,3,3,12
-16/27,0,0,2,1,6,2,6,-2,-9,-5,-10,-7,-9,-6,-3,4,-14,-8,-10,0,-10,10,-4,6,12
-58/3,1,0,2,-5,6,4,-4,1,-9,-10,-1,-6,6,4,-8,6,-1,10,10,8,-9,11,4,-7,-2
-53/4,0,2,3,1,2,1,-3,0,0,2,1,5,-6,-10,3,-10,-9,2,4,15,-9,10,6,6,10
-51/8,0,0,2,-5,2,-5,-8,1,6,3,-9,2,8,10,0,-10,0,2,-12,9,7,4,-6,0,-6
-23/49,0,2,-3,-5,-1,6,2,-2,-7,0,-4,-3,-2,-9,-8,3,-1,8,-4,2,-6,8,-3,-6,-3
2/41,1,2,-2,-5,-2,2,-1,-2,6,-4,-7,-5,6,10,-11,-2,-4,1,-5,0,-6,-8,-11,10,18
4/79,0,2,2,1,-1,-5,2,-2,-3,3,-9,5,7,0,12,-2,6,8,12,7,-11,-8,12,3,14
2/33,1,0,1,1,-2,-5,5,-2,4,6,2,10,10,-6,4,-4,11,13,4,8,11,2,-16,12,12
1/16,0,2,0,-5,0,-1,3,1,-3,7,-6,10,-6,6,-7,6,0,-10,4,15,-7,-5,3,-9,14
1/25,0,2,0,1,-3,6,5,1,1,6,-5,-2,2,12,13,6,-13,-8,-14,5,-10,-4,10,2,13
12/95,0,0,0,3,0,1,-3,-2,0,4,6,11,2,6,-8,-4,-1,2,-3,7,-6,-14,11,0,14
11/95,0,2,0,0,0,-6,-3,-2,-9,-4,-8,-10,-5,-4,7,0,-4,8,8,-9,-8,10,-16,-1,2
12/97,0,0,4,1,4,0,4,1,3,6,3,-2,8,2,-1,-12,-5,2,-10,3,-8,12,6,0,4
-99/17,0,-3,2,1,0,4,-2,1,-3,4,-9,6,12,-2,-6,6,-11,-3,8,-12,4,15,-3,2,-7
-52/11,0,2,3,0,-2,-7,2,1,1,3,0,10,12,8,-6,6,4,-5,2,-12,-2,2,-10,-8,-12
25/32,0,-2,0,0,0,0,-3,1,-3,-10,-7,-3,6,1,8,3,0,1,16,4,4,-8,-4,-6,2
-24/11,0,0,0,0,-2,6,-3,-2,6,4,-9,10,8,4,13,1,-14,-11,-3,2,-2,-5,-4,-17,14
-25/13,0,-2,0,-5,-3,-2,-6,0,4,6,1,10,-6,12,-6,7,0,-7,-10,13,-2,6,12,0,-2
-22/9,1,0,2,3,0,6,1,1,6,-2,2,2,-3,12,-6,-2,-5,-7,-4,-3,7,15,-3,0,8
-13/5,0,2,0,3,-3,-7,5,1,6,0,4,11,-7,-4,-6,6,-2,8,5,15,12,-15,-3,-6,2
-37/13,0,-2,2,1,0,-2,2,-2,2,6,-8,-11,0,-6,-6,6,-4,8,-14,3,11,-8,0,6,-18
-45/44,0,-3,0,1,-2,-5,-3,1,3,-8,10,-7,7,-2,-6,-7,5,-6,-10,-12,-10,-15,-6,-6,-7
-86/85,1,2,0,-5,-2,2,-2,0,-3,3,3,-7,7,-1,4,7,13,10,8,12,-9,-6,-16,-6,13
41/28,0,-2,-2,-5,4,2,-3,-2,-4,-5,2,-5,-4,10,-10,-2,6,13,5,12,-13,13,-16,10,-14
37/28,0,2,1,-5,0,6,-3,1,1,0,-4,-11,0,4,-7,9,-1,8,2,0,7,11,-4,-14,-2
41/21,0,0,4,-5,-2,2,-5,-2,4,9,1,-7,-4,-1,10,9,6,4,14,6,10,-4,-16,-6,13
35/62,0,2,0,1,4,2,2,-2,6,4,2,-1,-4,1,-6,-6,-4,4,6,12,7,-16,3,0,8
11/5,0,2,0,-5,0,2,-4,1,-6,-5,-9,-2,0,7,0,-12,-14,8,-10,14,2,0,12,6,-3
-20/29,0,-2,0,0,4,0,-3,-2,1,-6,1,-2,-4,-1,3,-2,7,-12,-11,0,2,-10,0,-6,14
19/33,0,0,3,0,-2,6,5,1,6,-5,-7,5,0,7,4,9,6,10,-10,-15,-9,-8,7,12,-14
37/65,0,-2,0,0,4,-2,3,-2,6,-8,-6,-11,-3,12,0,-12,6,0,8,8,-6,-16,2,-8,-18
36/65,0,-3,0,-5,0,-2,2,-2,4,4,3,5,-7,1,4,1,4,-1,-2,4,-7,-11,-16,4,10
31/60,0,0,0,1,-3,6,5,1,-8,4,-10,10,-3,-6,12,0,-9,8,14,16,-13,-16,12,0,2
29/62,0,2,2,1,-5,6,5,1,-3,-10,2,10,-6,4,-6,-3,9,1,4,0,-6,5,-7,-2,-9
104/15,0,0,0,1,-3,-7,3,1,6,-4,-5,10,0,2,13,-2,5,-4,8,14,-6,13,-4,-6,14
98/17,1,2,1,1,0,-5,-2,1,-4,4,-2,-2,0,-1,-7,0,-3,-13,9,-15,-14,-15,-11,10,8
53/10,0,-2,0,1,-1,-5,1,-2,-8,3,-9,-7,-3,-6,4,-10,8,-3,-8,5,-6,-15,16,-14,-6
109/17,0,-2,0,1,0,4,-2,1,-3,5,-8,2,-5,-7,0,-9,-2,-2,-10,0,2,8,-6,0,8
101/17,0,2,2,0,-3,-1,-2,1,6,2,-9,-5,-6,7,0,-12,4,-10,-12,-15,-7,6,4,-6,2
-17/4,0,2,0,0,-3,6,-8,-2,-3,5,10,-2,1,7,-11,10,7,-4,-2,-12,11,10,-3,6,8
-13,0,-2,-3,0,0,-7,-3,1,6,4,10,-11,4,6,1,-10,-10,-3,-10,-1,7,11,-5,-1,-8
-18/43,1,0,1,3,4,0,5,1,2,6,-1,-10,8,-12,0,-4,-4,10,5,15,-4,1,7,10,1
-13/47,0,2,4,3,-2,-7,3,-2,6,-5,-5,-3,8,1,3,-9,4,10,11,-15,-8,13,-3,-6,-3
-6/11,-1,0,1,1,-2,1,4,1,1,10,-1,5,-2,-10,-6,-6,-3,-1,-5,-12,10,10,0,10,17
-11/29,0,-2,0,3,0,-5,-4,1,6,-6,-8,-1,-6,-4,0,-6,6,-3,-6,6,-2,-6,16,18,-2
-8/21,0,0,0,-5,0,6,5,1,0,4,2,-5,6,8,3,-10,0,-10,8,4,-2,-4,2,3,8
-17/44,0,-2,3,1,-2,6,-8,-2,-4,-3,-9,-11,6,-1,6,-6,11,10,-14,-13,2,-5,-3,12,-14
-13/36,0,0,2,0,-2,-7,-6,1,-4,2,4,10,-3,12,8,9,6,-10,-14,-9,10,-16,-4,10,8
-11/35,0,-2,0,-5,0,-6,-5,-2,-3,5,-5,-11,-5,-3,0,-11,6,-7,8,3,14,-11,-16,10,8
5/13,0,-2,0,1,0,-2,2,1,3,4,-4,2,0,8,-1,-11,-14,-7,4,5,11,-8,-16,-15,2
-19/64,0,-2,1,1,-3,-6,-4,1,-3,0,6,10,-6,4,0,-11,1,10,5,16,-10,4,11,8,-14
-19/60,0,0,0,-5,4,-1,-3,1,-4,-4,-7,-8,12,4,1,2,7,-10,-12,-12,-5,0,-16,-1,10
-19/62,0,2,0,-5,-1,0,-5,1,2,-5,2,-2,3,10,12,-2,13,-10,2,-8,2,-15,-4,6,8
-3/11,0,0,0,0,-2,-5,-4,-2,2,-4,3,-6,0,12,-1,3,0,-2,0,-9,-1,8,4,-10,6
-21/31,0,0,2,1,4,2,1,-2,2,-2,2,-7,-9,5,-11,5,6,-10,-6,0,-8,8,12,10,8
19/49,0,2,4,-5,2,4,3,1,4,3,-1,-2,4,-3,-2,-3,6,8,8,5,2,0,16,-10,-18
10/23,-1,-2,0,-5,6,2,-3,1,0,-5,-1,-1,-5,8,-6,-3,5,-10,8,8,-1,-16,6,4,-10
5/18,0,0,0,3,4,2,2,-2,-4,-10,-6,11,-9,-6,-3,-3,6,13,11,8,-14,6,2,2,-18
75/41,0,0,0,1,0,-5,4,1,6,0,1,-6,6,2,7,9,6,-10,-3,-9,-6,8,-3,6,-9
-8/13,0,2,2,0,4,-2,-6,-2,6,6,-4,-7,-6,-4,-7,-11,-4,8,8,5,-9,-16,-4,18,-9
9/73,0,0,-2,3,2,-6,6,1,6,-10,-4,-6,12,-3,1,3,-4,10,-14,15,-6,11,-4,-8,17
7/72,0,0,4,1,-2,2,-5,-2,6,6,1,-2,4,8,0,-2,-2,-7,2,6,-16,8,4,18,6
2/69,1,0,-2,-5,0,6,-6,1,0,4,10,10,3,-4,-10,2,6,-1,12,-8,-7,-16,7,1,-14
5/73,0,-2,0,-5,4,6,4,-2,3,10,1,-3,-5,-10,4,-10,-4,-11,-8,9,-6,-6,4,18,8
30/61,-1,0,0,1,4,6,2,-2,6,10,2,6,-7,8,-3,6,-11,-4,-6,-12,14,-6,0,6,-4
-94/21,1,0,0,-5,2,4,-6,-2,-3,3,-4,6,-6,8,-8,1,0,-10,4,8,1,9,4,6,-18
-93/20,0,0,0,1,0,-1,2,1,6,7,-10,-8,-7,-10,10,-6,6,4,-14,0,1,-8,4,-14,2
23/44,0,2,2,0,-2,0,-3,-2,-7,-5,-4,6,0,1,-6,4,-13,13,4,-4,14,-8,0,4,-18
11/18,0,0,0,0,0,2,5,1,3,0,1,-2,-6,10,0,-11,-7,-13,-2,0,-1,-5,-11,12,14
42/73,1,0,1,1,2,0,2,1,-4,-8,2,-3,8,-4,0,6,5,8,2,-3,-6,13,8,3,7
43/74,0,-2,3,1,-3,6,-1,-2,0,3,2,-8,10,-1,11,11,-1,13,-10,9,-2,-8,6,6,-6
22/39,1,0,-3,1,0,-2,4,-2,6,-5,-9,10,-4,8,6,-10,0,0,11,-4,-10,8,4,0,-2
24/37,0,0,0,-5,2,2,-3,-2,-3,5,-10,-8,0,-3,0,-2,-11,0,4,13,4,-7,-7,12,10
42/25,1,0,0,1,-2,2,4,-2,-8,-2,-2,-2,2,-12,0,-2,-14,-1,4,6,-5,-14,2,1,-18
44/25,0,-2,0,-5,0,-5,2,0,-4,-10,3,-2,4,12,0,-10,8,1,4,-9,-16,10,-4,-1,14
23/10,0,-2,0,3,6,2,-3,1,-7,4,-2,-1,-1,-2,0,11,-1,-7,2,0,10,4,-16,1,0
89/58,0,-2,-2,1,-3,-5,2,-2,-8,-6,2,-1,-9,-1,-6,-2,-4,-4,-4,-2,-11,6,2,-13,8
87/53,0,0,1,1,2,-1,4,1,-9,-10,3,-2,-6,-1,-6,5,-11,5,4,6,-13,2,4,-8,-8
86/55,1,-2,0,-5,-2,6,-3,-2,3,10,2,10,-6,-1,-8,6,1,1,11,-15,-5,-16,0,-1,-6
31,0,2,4,3,0,-5,2,1,6,-7,-10,-1,-1,12,-11,-2,-9,4,5,-15,-2,6,3,18,-1
5/11,0,2,0,3,-2,-5,-6,1,-3,4,1,-11,-3,4,6,-2,-4,1,4,4,2,-7,-3,-14,7
-5/31,0,2,0,3,0,6,-3,-2,6,-5,2,10,12,-1,-6,1,-11,8,-12,13,-2,-10,-16,10,2
-13/37,0,-2,2,-5,4,-7,1,-2,0,-7,3,-8,-3,4,12,-10,-14,5,8,-2,-6,10,6,12,11
-83/54,0,0,-3,3,2,-5,6,1,0,0,-1,-1,-7,-12,-6,-4,0,8,-13,5,11,-16,0,-13,-19
-1/40,0,-2,0,-5,-2,6,2,1,0,0,-2,-8,-6,1,-6,-6,2,10,-4,5,-2,-7,10,6,-4
-1/19,0,-2,4,-5,-3,0,-3,-2,2,5,-9,6,4,4,-8,-2,-9,10,2,8,12,-8,6,-17,-3
-2/9,-1,0,-2,1,-5,6,-3,1,6,5,8,-2,-6,4,12,1,-13,-12,4,5,-5,-8,15,-14,14
-67/11,0,2,2,1,-2,2,2,1,-9,6,-1,-8,6,4,7,6,0,-1,-5,0,-6,5,15,0,-18
-67/12,0,0,2,1,6,0,-1,1,0,0,-4,-5,8,-2,8,6,0,8,-5,-12,-8,0,8,-1,-3
-34/7,1,-2,0,-5,-2,2,-8,1,-3,7,-10,10,-6,-9,3,-11,6,8,-12,8,-5,-15,0,0,-5
-61/17,0,2,2,3,6,2,-2,1,4,6,3,-5,0,-1,1,0,6,-13,1,-12,-9,-16,-8,12,-12
-68/15,0,0,0,1,4,-5,-8,-2,-4,0,3,-6,-1,2,-6,0,8,6,-8,-4,0,5,11,-12,14
-67/15,0,0,0,3,0,6,-3,1,-8,4,1,6,-6,8,-10,-2,10,13,-5,3,2,-8,-16,4,10
-29/8,0,-2,-3,1,2,4,1,-2,-3,-10,-1,8,-7,5,8,1,0,-13,2,16,14,4,6,-1,-12
-55/18,0,0,0,1,0,0,-3,-2,3,-4,-5,7,-7,7,4,7,13,2,5,-12,-16,-8,1,-10,8
-31/7,0,-2,2,-5,4,1,5,0,1,-5,-10,-7,-3,-7,6,1,6,13,14,15,11,0,-3,-1,-3
82/101,1,-2,3,-5,0,1,2,0,0,10,10,2,-4,4,12,-4,6,0,-12,-13,-1,-8,2,-10,-10
87/98,0,0,1,-5,-5,-5,-3,-2,-8,-10,-5,7,6,-6,4,10,0,-13,-14,3,7,8,4,-14,-9
55/6,0,0,0,0,0,6,6,1,-3,3,-10,-2,6,4,0,6,0,0,8,-3,-13,4,2,-10,-14
58/5,1,-2,0,1,4,-1,5,1,3,-10,-2,-5,4,10,0,-3,-4,-11,8,15,-13,15,-16,1,-1
-92/71,0,-2,-3,1,0,0,-4,-2,-7,9,2,-1,0,4,-1,6,6,-5,2,4,2,-6,-7,8,10
-30/23,-1,0,0,1,-2,2,6,1,0,-4,-9,10,-4,1,1,-3,-5,-13,-11,-9,-4,4,-4,-14,-5
11/15,0,0,0,-5,0,6,2,1,-3,6,-5,10,-9,4,0,6,4,-6,-12,6,2,5,4,-6,12
43/51,0,0,3,-5,-2,-1,-2,1,0,-1,-9,10,-2,-1,-8,-7,-2,10,-14,0,-13,-15,4,12,-18
33/43,0,0,4,-5,0,-5,5,1,1,0,-9,-11,0,-12,-6,-6,11,-10,2,-9,4,-10,4,12,14
29/41,0,2,1,1,4,-5,-4,1,6,-10,6,6,6,8,-7,-6,2,4,14,0,-6,13,-4,12,2
-49/32,0,2,3,1,4,6,3,1,-3,5,-9,-3,10,0,0,2,6,13,2,0,6,4,2,12,2
-23/18,0,0,2,3,-2,4,5,1,-7,10,-4,-7,-6,-4,0,-4,-2,-11,-6,11,6,1,3,10,-6
-24/17,0,0,2,1,4,6,-2,1,0,-7,0,-5,-6,5,-3,3,11,-13,4,-9,-5,15,2,-6,-7
-17/26,0,-2,-2,-5,-3,-2,-8,-2,6,-2,-1,-2,2,-6,-8,-12,-4,-6,4,4,6,-6,12,-12,11
-12/37,0,0,1,0,0,-6,-3,1,-3,9,-4,-8,3,4,4,-2,6,4,-10,4,0,5,-3,12,2
-23/74,0,-2,-3,3,-3,-1,3,1,-7,-2,3,-8,6,2,-6,10,-13,-6,-14,13,4,0,2,-14,8
-25/73,0,-2,0,0,0,-5,6,1,3,-5,-5,-7,12,6,6,0,0,-5,2,16,-6,-8,-13,0,9
-25/74,0,2,0,1,-5,1,-1,-2,6,6,4,-8,-9,4,1,3,0,-7,8,-15,4,-5,9,18,-14
-19/44,0,2,1,0,-2,-5,-1,1,-8,7,-1,6,12,0,3,6,-7,1,-6,-4,-13,11,15,-12,-6
-22/43,-1,-2,4,1,0,2,1,-2,-3,6,-2,-2,-4,-12,-3,-12,0,13,0,13,2,-5,5,-6,-2
-41/86,0,-2,1,-5,-3,1,-1,-2,-8,-5,-4,-8,-4,-12,7,6,7,13,11,-1,-14,13,-3,-4,2
-39/86,0,0,2,-5,-2,-7,6,-2,6,10,1,-1,12,-12,-8,7,-4,-8,-4,15,-13,-4,-5,-10,-6
-16/29,0,2,4,-5,-3,6,-1,1,-3,-6,-1,10,2,4,-6,3,-4,4,12,-12,-6,6,7,-10,2
-13/28,0,-2,1,-5,4,-7,2,-2,6,9,-7,-7,-6,-2,-6,10,0,-12,12,-12,12,-14,-13,6,12
14/23,1,2,3,1,-2,-5,-3,-2,0,-5,6,7,-7,4,11,-6,6,8,4,11,10,15,16,9,2
-25/29,0,2,0,3,0,-1,2,-2,-3,-6,-4,-2,7,7,-1,6,-5,1,3,8,-5,1,12,-15,-18
-47/58,0,2,0,0,6,1,2,-2,-8,-6,-10,5,-1,4,-8,-11,-4,-11,-14,8,-13,5,-8,-10,-3
17/45,0,0,0,0,2,-5,-8,1,2,0,1,-5,0,6,-6,-2,5,6,5,4,-13,12,-4,12,-5
13/16,0,2,3,3,4,-7,-3,1,6,0,-9,-2,-4,-4,8,-10,0,-6,-4,16,-13,-6,4,-15,10
51/16,0,0,0,0,0,-5,-8,1,-9,-4,-5,-11,6,-2,-8,-11,-4,8,4,0,10,0,-16,18,-12
48/19,0,0,2,-5,2,-5,1,-2,3,4,-9,-7,8,-2,12,3,-10,2,4,-8,2,-16,1,-7,-9
-56/67,0,2,3,1,6,4,2,1,-3,-8,-9,-2,-6,-12,-11,-6,0,-4,0,0,-13,6,4,4,8
-53/68,0,-2,1,1,-5,-5,-2,1,3,6,8,-2,-5,5,10,-10,7,-11,-7,4,6,-6,-16,10,1
-53/67,0,2,0,1,-1,-6,-6,1,-3,6,-1,-10,8,-3,-8,-10,6,-10,0,-15,7,10,-7,12,-12
2/51,-1,0,0,0,4,4,-2,1,-3,-5,-4,-5,-2,7,-8,0,4,5,8,6,-14,-1,3,-17,9
23/9,0,0,-2,0,4,-5,6,-2,-7,0,6,-5,-9,-10,1,-11,-2,-4,-3,12,4,-8,2,-1,-5
19/9,0,0,0,1,4,-5,-3,1,-4,6,-5,6,-3,-1,0,6,0,-11,-14,-8,-10,10,4,10,-18
20/9,0,0,0,3,-5,-5,-5,-2,-3,0,4,-1,6,8,0,-2,10,-1,-12,-3,-4,10,-4,-2,-2
40/17,0,-2,0,-5,-2,2,-2,1,-3,4,6,6,-6,9,-10,1,4,-10,4,4,-6,11,-12,-9,-13
43/19,0,2,-2,3,-3,-5,-3,-2,6,4,1,-8,7,-1,-6,3,-12,-3,-10,0,-11,-16,17,-1,-18
43/18,0,0,2,1,-2,-6,-4,-2,-9,-2,3,-7,8,-1,12,-4,6,0,4,14,-6,-7,0,-12,9
18/41,1,0,-3,3,4,-1,2,1,-3,4,-1,5,6,5,0,-2,4,-12,4,12,-6,-6,8,-6,-7
41/81,0,0,0,-5,-1,-5,5,1,-3,-1,-7,11,-4,4,-2,-2,-13,0,-2,-12,6,-14,2,6,1
-17/37,0,2,2,1,-3,0,-8,-2,3,4,1,-8,0,-4,0,-9,2,-10,-12,7,-10,-8,5,-15,-1
-33/70,0,0,0,-5,0,-1,-4,1,-3,3,1,7,0,4,11,-4,6,1,4,-9,0,-9,12,18,0
-32/69,0,0,-2,-5,-3,-5,-6,-2,0,-4,-1,7,-3,-12,6,-6,4,-8,5,13,-13,-4,3,12,-6
-71/79,0,2,2,3,-2,6,-4,1,-3,-1,-7,-2,10,-1,7,3,8,13,-11,-12,0,-8,16,-1,-9
-71/77,0,-2,0,-5,-2,-6,5,1,-8,10,10,8,1,2,-6,-2,0,8,3,-12,-8,4,-16,4,14
-34/91,1,-2,2,-5,4,-2,-8,1,3,-4,8,6,-3,-10,-6,-2,0,8,6,-7,-5,-16,-3,18,-18
-30/91,-1,0,0,-5,-5,-2,6,-2,3,6,0,-7,-3,4,4,-6,-4,0,-2,-12,-6,5,-12,-6,-12
27/40,0,0,0,-5,4,2,-3,1,3,9,3,-7,-6,5,0,-6,-9,8,4,0,-10,-8,-6,-7,7
11/17,0,2,-2,1,0,-6,-2,1,6,4,-4,-2,8,12,4,6,0,-2,2,13,4,4,6,3,1
13/20,0,-2,0,0,6,-7,-1,-2,3,-4,-9,-2,2,4,-7,-6,0,-8,11,-12,-13,0,6,-17,0
41/32,0,2,0,-5,-2,-1,2,1,6,-2,1,2,-4,12,-6,1,7,8,-6,-15,1,-16,-1,4,7
-79/72,0,0,3,1,4,4,-1,1,1,9,-1,-2,-6,8,4,9,5,-2,12,4,11,4,12,2,8
-78/73,1,0,2,1,-2,-7,5,-2,-3,-10,2,-8,-5,-4,0,0,6,13,-10,-9,-6,6,4,-1,3
-73/69,0,0,-2,3,4,4,6,1,0,-2,-7,-7,-3,-2,-2,0,0,1,-11,2,-11,6,2,-8,-2
-5/7,0,2,0,-5,-3,1,-4,1,-9,7,8,-1,-1,6,12,-9,13,13,16,11,-6,9,2,10,-18
-9/10,0,-3,0,-5,0,1,5,0,2,-7,-9,-7,-5,-12,13,-3,4,-12,-2,4,7,11,-4,-17,8
-17/21,0,0,-3,-5,2,-6,-8,0,-4,9,3,-2,-9,5,-6,-11,-2,-1,4,-9,2,0,14,12,2
-5/42,0,0,0,-5,0,6,-1,-2,3,9,-1,7,-5,2,2,-2,10,-10,-13,-9,6,-7,-16,0,1
1/39,0,0,2,1,-1,-2,1,0,-3,5,-10,-5,6,-9,0,-12,6,-11,2,-15,2,-7,3,-1,-12
-3/31,0,0,-3,1,4,0,4,-2,4,9,2,-5,-4,7,6,6,6,0,16,-7,-6,-5,-4,6,2
-5/29,0,-2,0,1,-3,6,4,1,-8,-6,10,5,-6,7,-3,-6,0,-3,5,-15,-11,-14,-12,-1,2
-14/5,1,-2,0,1,2,-5,-3,0,3,5,-1,-8,-4,1,-11,6,11,-1,1,5,-6,6,8,8,17
-89/19,0,2,1,1,-3,-1,5,-2,-3,-4,1,10,8,2,0,-4,6,-5,8,0,-8,11,4,-13,-14
-43/12,0,0,0,-5,-5,-5,6,-2,2,2,1,10,-3,-1,-11,-2,-2,10,-12,15,-10,-16,3,9,1
-40/9,0,0,0,0,0,2,2,1,-6,-7,1,-8,8,1,12,-2,0,1,10,-15,0,-8,-3,6,7
-53/7,0,2,4,-5,4,4,1,1,-4,0,10,-2,10,-6,-4,-10,-4,-11,-12,-9,-2,-16,-4,-3,-14
5/61,0,-2,0,0,6,0,-4,1,6,0,-9,10,-1,-6,0,7,-4,-4,2,-15,7,-16,-11,3,-5
-37/59,0,2,3,-5,6,-5,-5,-2,2,0,-6,-11,2,4,10,-6,10,-10,3,13,7,-15,2,-2,2
-32/57,0,0,1,3,2,-5,-5,-2,6,5,-7,-6,-9,-4,0,-2,6,13,-12,8,-13,-8,-3,-6,9
-39/28,0,0,-3,-5,6,-7,5,1,2,10,-9,6,3,4,0,-2,-13,6,12,0,6,2,6,1,-5
-25/17,0,2,0,0,4,2,-2,-2,6,3,-10,6,0,-3,10,-9,-2,8,-10,-4,-14,-4,3,6,8
-79/55,0,-2,0,1,-2,-5,-1,-2,0,6,-4,-5,8,4,-6,-10,4,-5,12,7,0,4,7,-4,3
-22/15,-1,0,0,1,0,0,5,1,-4,3,-9,8,-5,-4,-2,1,-14,-1,10,-12,-4,9,-4,0,-12
-59/15,0,0,0,-5,6,1,-3,-2,-6,-1,-7,8,-9,-10,-6,6,-12,1,-4,-2,4,-8,0,0,-5
-59/13,0,2,3,3,0,-2,-6,-2,-4,7,-5,-8,0,-12,0,-10,-12,-2,-3,-12,2,11,2,-1,-12
-34/13,-1,-2,3,1,4,-2,-8,1,6,9,-9,5,10,-1,2,-4,-9,-10,0,0,-8,10,0,1,-7
-47/25,0,2,0,-5,6,-5,-4,1,3,3,-9,10,7,2,-8,-6,-7,-5,-12,-3,-10,10,-4,1,10
25/26,0,-2,0,-5,0,-2,3,1,-6,4,-9,-6,-6,-3,4,1,10,13,11,-15,2,-1,0,-6,11
74/77,1,2,-3,-5,-2,-5,6,-2,-3,10,2,-11,-6,6,-6,-12,-5,-6,-14,7,-2,8,-3,12,14
19/22,0,2,0,-5,-2,-5,2,1,0,-10,-1,-5,12,4,-7,-4,-7,-3,-3,-4,8,4,-6,-10,8
11/8,0,2,2,-5,0,1,6,1,6,-4,-9,-1,0,-3,11,6,0,-1,6,8,-6,6,0,2,13
-10/29,-1,2,0,-5,0,2,-6,1,2,-6,-5,6,0,-1,7,-6,-1,-1,-12,6,4,8,12,8,12
-25/82,0,-2,0,1,2,2,2,1,4,-4,-1,-7,6,-6,12,6,6,-12,-12,14,-2,0,-4,1,-14
-10/41,-1,2,0,3,4,-5,4,-2,6,-2,1,-5,6,2,-2,-2,0,4,4,-12,11,10,1,2,13
-9/37,0,-3,3,1,2,4,2,1,-3,-5,-1,-8,-2,1,-6,-4,-10,13,2,4,-2,-6,12,8,-12
-10/39,1,0,0,0,-1,-2,5,1,6,0,-1,-3,-6,0,1,-2,-14,1,14,-1,6,-11,-6,6,2
3/19,0,0,-3,1,6,6,-1,-2,-3,7,1,-1,-9,8,-6,6,-7,13,-2,-9,-6,4,4,0,-3
-32/89,0,-2,-3,1,-5,1,-4,1,-8,9,-1,-7,0,-6,0,-7,-1,2,-10,0,-6,-14,-7,-8,-2
-6/85,1,0,0,0,-1,2,-2,1,4,5,-2,5,-9,-4,13,-4,10,-2,-11,14,-7,8,16,0,5
92/33,0,0,1,3,-2,0,-1,1,-7,2,0,2,8,12,-6,-10,0,-10,-14,8,-9,-7,6,-10,-3
97/34,0,2,-2,0,0,-5,-2,1,-3,-7,-1,-2,-2,4,0,2,-11,-10,6,14,-9,1,0,-6,8
47/17,0,2,0,-5,2,0,-2,1,-9,9,-8,10,10,1,-8,10,0,1,-10,-9,4,4,-4,-17,10
31/9,0,0,2,-5,-5,0,5,-2,2,-8,-10,-11,6,-1,10,-2,0,-6,4,-15,8,10,0,4,-2
95/27,0,0,0,3,0,-5,4,1,6,-2,0,-7,-7,1,0,-2,-2,0,8,-12,-5,2,-6,6,12
87/25,0,0,0,1,4,-5,-3,1,-3,-10,2,10,-2,12,7,1,-1,-5,-12,10,7,6,-16,0,10
97/29,0,-2,3,1,2,0,4,1,-4,-6,-4,10,8,4,8,9,-12,1,4,6,10,11,12,6,8
93/25,0,0,0,-5,0,4,4,1,1,9,-10,-7,-9,4,-6,-2,4,-2,6,0,7,-15,-12,5,-18
-14/3,-1,0,-3,1,6,-5,4,1,-8,-4,4,-7,8,0,7,5,-11,-11,0,3,8,-16,2,2,-2
-82/25,-1,-2,0,-5,-1,-5,5,1,-3,-4,-2,10,-4,4,-6,-4,-4,4,14,-9,12,-7,10,4,8
-79/27,0,0,-3,1,-3,6,-3,1,-3,-2,3,-5,8,-1,7,-3,1,6,2,15,-5,4,-16,10,14
44/95,0,2,0,-5,0,4,4,-2,3,7,-1,-7,6,0,0,-6,0,8,-14,-12,-13,-1,0,-12,2
47/96,0,0,3,0,6,6,6,1,2,-7,-9,-11,-6,4,-8,6,6,13,-11,8,14,4,10,-7,2
46/95,1,-2,0,0,4,-5,-3,-2,-7,9,1,10,0,1,-8,-2,6,-3,5,6,2,13,-16,12,-9
25/48,0,0,0,3,0,2,2,1,-3,-5,-9,-7,0,2,0,1,-10,-7,-12,-1,1,5,2,-16,2
-23/15,0,0,0,-5,0,-5,2,0,-7,-5,0,5,-3,6,7,-6,-13,4,-14,-5,-5,4,-6,-7,-10
-1/41,0,2,2,0,-3,-6,6,1,4,-5,3,-7,6,-2,-6,-2,8,-6,-2,-9,-5,0,12,-10,16
-1/82,0,-2,3,-5,-1,1,-5,-2,3,-4,8,5,6,7,-1,6,2,1,-8,-1,-13,4,11,10,-2
-80/53,0,-2,0,0,4,4,5,0,-3,4,-6,-3,-9,6,-6,5,13,-2,2,7,-6,-16,-3,-2,-14
-77/53,0,-2,0,1,0,2,-3,1,1,-1,3,-5,-6,12,-8,5,5,2,-4,-12,8,5,-10,1,16
-20/13,0,2,0,1,-5,-2,2,1,6,2,-1,10,-4,9,-11,-2,5,-11,4,-12,0,-4,-4,8,13
-76/51,0,0,1,-5,0,4,-2,1,-8,6,-8,-2,-6,-12,0,-6,0,10,2,-3,7,-10,1,0,14
-10/7,1,-2,0,-5,0,-6,4,1,-3,4,3,-7,-7,-6,-8,-2,0,10,4,6,7,10,14,-10,0
17/23,0,2,1,-5,2,1,-8,1,0,-7,-7,-8,2,4,1,-11,-9,10,-14,-8,14,11,3,-15,-1
15/22,0,0,0,0,-2,-6,2,1,6,-7,10,7,10,6,6,-11,6,-1,-11,0,-6,13,9,1,-6
-10/9,-1,0,0,1,4,-1,2,0,0,6,1,-2,6,-6,0,1,6,4,5,0,-6,-9,4,9,11
-11/8,0,-2,-2,3,0,2,2,0,-3,-3,10,-1,-6,-1,0,-2,4,-7,2,2,10,-16,15,-14,6
15/17,0,0,0,-5,0,6,-2,1,-3,-4,1,11,6,7,0,-14,-10,4,6,-15,2,0,-11,10,11
33/13,0,0,0,1,0,-2,-3,1,-4,6,-2,-1,-6,1,0,-2,6,4,0,-12,-11,12,12,-14,-7
27/74,0,0,-3,-5,-1,1,-3,1,6,-10,1,-8,-6,6,2,-10,9,-10,5,13,2,8,16,-1,-3
33/68,0,0,4,0,0,4,-2,-2,-3,-5,-8,10,-3,5,-6,-12,-4,-8,12,-5,-13,-16,3,-15,2
15/29,0,0,0,0,6,-5,2,-2,4,-6,-1,-8,8,4,0,-10,-4,8,11,6,-6,10,1,-2,17
34/59,-1,-2,2,1,-2,1,-8,-2,-3,-4,1,-2,-1,1,-8,1,10,-3,-2,13,-13,-7,8,-1,14
58/31,-1,2,3,3,-3,-1,-4,1,-3,-10,2,-2,0,12,8,9,0,0,-14,3,-5,8,12,-9,-12
-41/39,0,0,4,1,2,-2,-6,1,-9,6,-1,6,-4,8,7,-4,4,-10,5,-15,14,-16,-10,-3,14
28/37,0,2,1,1,4,6,5,-2,6,-10,0,-8,-3,0,-11,-6,-4,-1,10,3,14,0,0,6,14
88/29,0,-2,-2,-5,0,6,-3,1,3,-6,10,2,6,-4,-11,-2,0,1,0,0,-6,13,3,0,-14
85/32,0,-2,0,1,-2,6,-8,1,1,0,1,-7,0,-1,4,-3,0,10,2,6,2,-16,3,10,17
83/31,0,-2,3,1,0,2,6,1,-9,-1,2,-2,-5,7,-2,6,6,-3,2,-3,-10,10,0,-7,9
88/27,0,0,1,3,0,2,-6,-2,-4,3,-5,-1,2,8,12,6,6,10,4,-13,-11,-14,12,-3,-2
85/28,0,2,0,-5,4,2,-8,0,-8,-7,-9,10,6,1,0,-2,6,-1,8,7,-5,-6,4,-12,3
83/26,0,2,-2,-5,4,-2,-3,0,-4,4,-6,-5,-4,7,12,1,0,1,-3,3,11,9,0,12,-10
41/14,0,2,1,-5,6,0,-4,-2,-8,-4,-1,-3,-4,-4,1,-4,-12,10,-2,-12,-1,-6,16,-2,-1
85/29,0,-2,0,0,0,4,-8,1,6,-6,-10,-1,10,4,-8,-12,0,-7,4,-9,-1,-7,-3,6,6
79/26,0,-2,1,1,2,-2,2,-2,3,6,-5,10,-2,12,0,-3,2,-8,8,0,11,4,12,0,9
17/4,0,-2,-3,1,4,2,-8,1,6,-8,3,-3,0,9,-11,-2,0,-4,4,3,-4,2,-4,-14,-14
16/97,0,2,2,-5,-2,6,1,1,-8,3,-10,-7,-6,8,0,6,-4,10,-4,-4,-11,15,5,0,4
-23/33,0,0,1,0,-2,-6,-5,1,-7,4,-10,-2,6,-2,12,-2,4,-5,-2,3,-2,1,1,0,-18
2/39,-1,0,3,-5,-3,-2,2,1,-8,-4,-1,8,12,8,-6,-3,0,-4,-12,-15,7,4,6,-14,-7
3/16,0,0,-2,-5,4,2,2,1,-6,-7,6,-2,0,-10,6,-4,-13,-13,4,-12,12,-16,-16,10,-14
19/25,0,2,0,3,6,6,-3,1,-8,-5,-6,-7,0,6,0,-7,6,-7,-2,-9,-13,-4,-4,8,-14
25/41,0,-2,0,3,6,-6,-5,1,6,3,10,-10,6,4,-6,2,-11,10,3,-5,-10,4,-10,18,-19
25/39,0,0,0,0,2,-2,2,1,-8,-5,2,-1,6,-1,-6,-6,-4,-1,-14,-12,-4,-15,-16,6,2
17/42,0,0,2,-5,0,2,-8,1,-3,-5,1,5,-6,-1,12,-4,4,6,-12,3,12,-8,12,10,-7
-7/30,0,0,0,1,2,-5,-5,1,-4,6,2,8,2,2,0,-6,6,10,-12,15,2,-9,16,12,12
-9/31,0,-3,0,-5,6,-6,2,1,-9,10,2,-7,-6,4,-6,-6,0,1,-14,-1,10,-16,6,-8,-1
68/79,0,-2,2,1,-5,1,-8,-2,-6,-4,-10,-2,8,8,-6,-4,10,-6,16,0,7,-8,3,10,-6
72/77,0,0,0,-5,-2,-6,-3,1,-3,4,3,-11,-7,6,10,1,6,4,-10,10,-4,4,7,-7,-9
32/37,0,-2,0,1,0,2,2,1,-4,-2,-9,-8,-2,4,0,-6,-1,-10,9,-9,2,-16,4,18,-14
34/37,1,2,3,3,-2,-1,-8,1,-3,-8,4,-8,-6,1,12,-2,-11,13,3,-8,10,0,3,-12,6
90/41,1,-3,0,0,-2,-6,-3,-2,-3,6,-5,-8,6,-2,13,3,-1,4,-8,-12,-14,-14,6,-1,-12
19/8,0,-2,3,-5,-5,-5,-3,1,3,-4,-1,10,4,4,4,10,-1,-2,-14,6,4,-10,1,-16,2
-39/37,0,0,2,-5,-3,-7,-3,0,1,-4,-5,-8,6,7,-6,3,-12,0,10,-9,10,-16,-4,-14,0
-44/9,0,0,2,1,0,4,2,1,-3,-5,-6,-6,0,-10,-11,-3,2,1,-3,4,7,12,1,-8,5
31/58,0,2,3,-5,-2,1,-6,1,-6,-6,-10,-2,-6,-4,6,-6,2,-2,11,0,-7,-8,4,-9,2
-14/23,-1,-2,3,1,0,-1,-4,1,0,-5,-7,8,-3,2,0,-14,-4,-2,-2,-3,-6,-11,0,10,2
-44/67,0,2,3,3,0,-5,-1,-2,-4,-5,4,8,-2,5,-4,0,-12,13,0,-5,14,-9,-6,0,8
-22/35,-1,2,0,-5,0,6,6,0,6,-4,1,10,-1,6,0,5,-2,1,-12,0,-10,1,16,-3,-6
-26/35,1,-2,0,-5,0,-7,-3,1,-8,6,-5,10,-6,-7,4,-2,4,10,-4,0,-16,-16,-6,-4,2
46/29,-1,-2,1,-5,4,4,4,1,-7,-6,-1,-7,3,4,1,6,-13,-2,-13,8,11,5,-4,6,-2
9/8,0,-3,-3,1,0,-6,3,-2,0,-5,-5,-2,0,7,0,4,-4,13,-12,-8,-13,10,-3,6,14
13/10,0,2,0,1,0,-7,2,-2,-4,10,1,-2,-4,4,12,-6,0,-3,10,-15,-10,8,-4,10,10
77/59,0,2,2,1,0,4,3,-2,-3,3,-9,-7,-7,1,-4,-14,10,1,-2,-15,-2,-14,2,-6,-7
79/60,0,0,0,-5,4,-5,2,0,0,-2,2,-10,-7,6,-6,-12,-1,1,-13,9,2,4,17,-6,-9
76/61,0,2,0,-5,0,6,5,1,6,-4,8,-10,-6,4,8,3,-4,-4,-12,-15,-4,11,6,-13,-3
97/68,0,-2,1,-5,6,0,-2,-2,6,4,3,11,0,4,-6,6,-3,6,-12,-2,-10,-16,7,3,8
97/66,0,0,2,1,-2,-6,5,1,2,2,2,10,-6,-10,-6,3,6,-13,4,13,-6,-15,6,8,8
32/21,0,0,2,-5,-5,-5,-3,1,3,-2,3,6,2,-2,12,0,-12,-3,-12,14,-9,6,4,-13,8
-11/27,0,0,3,-5,0,0,-3,0,-8,7,-9,11,-2,-2,0,-2,2,8,-8,-3,-9,-8,-3,-15,-1
27/35,0,0,0,-5,0,1,-1,-2,6,3,1,-2,6,4,-2,-2,-2,1,0,-4,-2,6,14,6,-14
13/19,0,2,0,-5,-2,-7,5,-2,4,3,8,2,-6,-12,-6,-4,0,-11,-12,8,-16,4,-16,0,-6
87,0,0,-3,3,6,-1,-6,-2,6,-10,-7,10,-6,-6,10,-12,2,4,8,13,11,-14,-6,-6,-9
86/5,-1,2,0,1,-3,6,1,1,6,2,3,-3,8,-1,0,-6,-4,-1,2,4,2,13,-9,9,-18
82,1,2,3,-5,4,-5,2,1,-3,-3,-1,-2,-4,-3,-6,6,8,-5,8,-5,7,-16,12,-15,-12
44/3,0,0,-3,3,0,-6,-4,1,3,-4,-7,11,-6,1,-8,11,-1,4,4,0,-10,-4,-5,-6,2
1/15,0,0,0,0,-2,6,-3,-2,-4,-7,-4,-2,-1,1,3,1,6,-8,2,3,-10,-14,6,6,-2
5/41,0,2,0,1,-1,-1,-3,1,-4,-1,4,6,6,-10,0,-14,5,-2,5,14,-16,-15,-16,-10,-1
7/79,0,2,-2,1,0,6,-3,1,-8,10,0,-1,6,10,1,-2,-2,-6,-6,4,11,-8,12,-15,-12
-75/14,0,0,0,-5,0,1,-3,1,-6,-4,10,6,12,-4,0,-10,2,0,2,8,-5,5,6,-6,-12
52/69,0,0,-2,-5,6,-7,4,-2,0,10,3,-10,0,4,0,6,-7,1,4,-9,7,-14,1,-6,0
50/67,-1,-2,0,1,2,6,4,1,-8,-5,1,2,-3,4,-4,-6,-2,-10,0,16,-5,4,-4,-2,2
21/11,0,0,0,1,-2,-1,2,-2,0,2,4,-8,4,-2,11,-4,0,13,10,-5,-2,-4,-12,-13,12
23/11,0,2,3,-5,-2,-5,3,1,-7,10,10,6,-6,-4,13,-2,6,-7,4,-2,2,11,-5,-7,3
26/15,-1,0,0,-5,-5,-7,-3,-2,4,2,1,-5,12,-3,-6,-4,6,6,12,-12,-13,11,14,12,2
27/16,0,0,-2,3,-5,-1,1,-2,2,-10,1,-8,0,10,1,-7,6,-11,5,-2,2,-15,6,-6,-2
-10/11,1,2,0,0,-2,-5,-3,1,-4,6,4,2,-6,10,-3,6,-12,-10,6,10,6,8,-9,1,1
-18/23,1,-3,2,-5,-3,-6,2,1,0,5,1,5,-6,12,0,6,-14,-7,0,-4,4,5,1,1,8
-20/11,0,-2,0,1,-2,2,-4,1,-8,3,2,-2,4,-4,7,1,-7,1,14,-12,-10,-8,2,-14,-6
1/31,0,2,4,-5,4,-5,5,1,-8,6,2,-1,-5,-4,0,0,7,2,3,5,-11,-6,1,-14,-7
3/61,0,0,-3,1,2,-1,-6,1,4,4,-4,2,0,-10,0,9,-9,-4,12,-3,-4,6,-4,-4,8
2/59,-1,2,2,3,2,-5,-3,0,-3,-7,-1,11,8,2,-6,6,10,0,4,14,-5,6,-4,-7,-3
-3/16,0,0,2,1,2,6,2,0,3,-1,-7,-5,4,0,-6,-4,13,-8,11,3,4,-8,2,18,11
-6/53,1,0,-3,1,-2,6,2,-2,-3,6,3,-3,6,12,-8,5,0,10,-3,-12,-16,-10,-7,8,-1
35/59,0,2,0,1,2,-5,5,1,6,-4,-5,-5,0,8,-8,11,10,13,11,4,14,0,12,-4,-3
19/31,0,2,1,-5,4,-1,2,1,3,-3,2,-2,0,4,6,6,0,8,-2,-15,-2,10,-3,-10,-7
21/31,0,0,0,1,2,6,-1,1,-8,-2,2,-2,-7,4,-11,-10,-14,-10,-4,3,-7,5,-16,-12,-12
19/10,0,2,0,-5,-2,4,1,1,6,0,-5,10,1,-9,-11,-2,-2,13,-11,13,-14,6,12,-15,-1
24/17,0,0,-2,0,-3,-6,-2,-2,-9,-1,4,-2,12,4,-6,6,-5,-1,-10,-15,-4,-11,12,1,-9
98/67,-1,-2,1,1,6,2,-3,1,-4,-1,2,5,-4,-2,11,9,10,-8,0,-5,-13,-5,-4,-6,11
21/46,0,0,2,1,4,1,-5,1,0,7,-1,11,0,8,-4,11,6,-5,4,-1,14,-8,12,-17,10
43/91,0,2,-3,-5,4,-2,-1,-2,-8,-10,-7,5,2,-1,0,3,-4,-11,4,-4,-6,-16,-16,-6,-5
46/89,-1,-2,2,-5,-1,1,2,1,-7,2,-10,-2,-4,-6,11,6,13,1,4,12,12,0,-7,-8,8
-4/35,0,2,0,-5,0,2,-3,-2,-3,0,1,10,4,-2,-11,0,0,-2,2,-12,2,15,0,-6,2
-17/27,0,0,1,3,-5,-1,-8,1,-3,2,3,6,10,-10,3,3,-1,4,-2,-1,7,-10,-9,-15,-12
-19/28,0,-2,0,-5,2,2,-5,1,6,3,-9,6,-2,8,2,-7,0,10,0,10,0,15,3,0,-14
-46/43,-1,-2,2,3,-1,-5,-1,1,-7,-4,-1,-2,-6,-12,-6,7,-7,-4,-12,-4,7,-10,16,-6,16
-83/85,0,2,0,0,-1,1,-2,-2,6,-1,-1,-5,0,4,-1,10,9,0,-7,-5,7,0,0,4,-6
-18/17,-1,-3,4,0,0,0,-2,1,-8,4,10,-8,-1,-1,4,-2,-4,-10,-6,-12,-1,-8,6,12,-18
-87/83,0,0,0,3,-1,-6,4,1,6,-10,10,-2,-5,1,0,5,0,-5,-2,-6,2,-7,-16,1,-18
-11/48,0,0,3,-5,0,-6,5,1,2,-2,3,7,6,9,0,-12,0,1,9,3,-14,-14,-3,9,2
-13/30,0,0,0,-5,0,-7,3,1,6,4,-9,5,-1,-6,0,3,13,4,2,5,-13,0,12,5,12
74/65,1,2,0,1,-2,-2,5,-2,-6,2,-10,-11,0,-10,0,-3,-4,-10,-12,-15,7,5,-4,12,2
73/65,0,-2,0,-5,-3,-2,-3,1,-4,-1,-1,5,2,-6,-6,-4,6,-5,-11,-9,-11,-8,12,-8,-2
31/45,0,0,0,0,0,1,-4,1,-3,4,-10,11,-6,4,-6,6,-2,6,4,6,-10,-11,16,-15,-12
-19/55,0,-2,0,-5,-2,4,-3,1,-8,4,4,8,6,4,-6,6,9,-12,4,11,-13,5,3,-6,0
-18/59,1,-3,-3,0,-5,1,-6,-2,3,4,6,-5,12,9,3,11,10,-1,11,-3,-2,13,-7,12,16
-22/59,-1,2,2,1,0,-5,-1,1,-6,6,-4,7,-6,-1,12,-2,10,-4,14,-12,12,4,-16,-6,12
8/25,0,-2,0,1,6,-5,4,-2,0,-1,-5,-11,6,4,0,-4,-9,-12,10,0,12,6,16,10,2
-53/78,0,0,1,3,-1,-2,-1,1,1,6,10,5,3,-12,-6,-10,-5,-8,4,-9,-6,-14,-16,-1,-2
-52/79,0,-2,-3,1,4,-7,2,1,0,0,8,-10,-1,-9,-11,-6,-2,4,0,6,5,-8,5,-14,12
-50/79,1,2,0,3,0,0,2,1,6,0,-1,11,3,-6,11,7,10,-13,2,-9,-5,-8,16,-8,-10
-49/79,0,-2,1,1,-2,1,5,1,6,-5,10,-2,-4,8,0,-2,-14,-5,-14,8,-6,-8,-10,0,13
-23/39,0,0,3,3,0,-2,-4,1,-7,-10,2,10,8,4,0,5,0,4,10,-12,-14,10,0,6,-14
27/32,0,0,0,-5,2,4,6,1,-8,0,-9,10,-6,8,0,6,4,6,-2,2,-10,13,12,-12,-6
50/61,1,-2,0,3,-5,6,2,-2,3,6,3,7,2,-2,0,1,-7,-4,-7,3,-13,5,-3,-6,-2
-3/34,0,0,-2,3,0,4,-2,1,2,4,1,8,-6,1,10,6,0,8,-14,-1,-1,-14,-12,-10,10
-1/37,0,-2,0,3,0,6,5,0,6,-10,-5,-8,-1,-10,-2,6,-4,6,4,16,-6,-10,0,10,3
-16/35,0,2,0,-5,-2,-5,4,1,4,6,-9,-2,-4,4,0,1,7,-2,-10,-9,4,-6,-4,-12,14
-17/39,0,0,-2,0,6,-2,-8,1,-3,6,-7,-5,-4,9,-6,-7,-4,5,10,8,-8,-9,-16,-6,0
-30/7,-1,0,0,-5,-1,-5,2,1,-4,-2,-5,8,6,12,0,-4,-2,-3,-10,13,2,11,-8,18,1
-62/13,1,2,2,1,-1,-2,1,1,-4,6,-10,10,-1,-4,-6,3,10,10,4,8,2,-15,-3,5,8
-43/96,0,0,2,-5,4,6,-1,-2,6,0,-9,-6,0,-1,4,0,0,-13,-14,-3,11,-9,-1,-14,2
-43/98,0,2,2,-5,6,-5,5,-2,1,-2,1,-7,-6,-1,2,0,-9,-7,2,-15,-1,6,-3,8,0
23/45,0,0,0,3,-5,-6,3,1,-7,-2,-9,2,6,4,-8,6,-9,-2,-12,-15,-6,-16,16,0,6
21/43,0,0,-2,1,-5,0,-3,1,-6,4,-7,-7,-1,-12,-10,-3,-1,-1,-12,-4,-13,5,-3,18,-12
45/86,0,0,0,-5,4,-5,5,-2,0,9,-4,10,-6,-12,-8,-9,2,10,8,4,-2,-15,14,-6,8
-34/39,1,0,1,1,0,-2,-8,1,6,3,10,-7,-6,6,-11,6,-4,-8,8,-15,-16,5,16,6,-5
-16/21,0,0,1,-5,4,4,-3,-2,6,-7,-1,8,8,-9,0,-2,-4,1,-8,0,14,-16,12,-6,-9
-19/21,0,0,0,-5,0,-1,-3,1,-8,-4,-5,-7,3,4,0,6,-14,2,5,13,-1,-16,0,-6,8
-21/62,0,0,2,1,0,6,6,-2,-8,-7,2,10,12,-6,-6,-11,0,6,5,15,-2,-8,11,-12,8
-20/59,0,-2,0,-5,2,6,-5,1,6,0,8,2,6,12,8,-11,10,-2,-5,-12,2,0,-5,-8,-7
-8/31,0,2,3,1,-3,2,2,1,-4,-2,2,2,8,9,-8,6,0,-7,-12,-4,0,11,-4,-7,14
-7/31,0,-2,2,1,0,-1,-3,0,6,4,2,-3,0,4,0,-9,-11,2,-12,-15,2,11,10,-8,-5
-15/32,0,0,0,-5,-3,-5,3,1,2,-3,4,-2,-4,-6,2,-2,0,8,-3,5,-5,0,16,8,18
-33/65,0,0,0,0,0,-2,5,-2,4,4,-1,-5,-6,4,12,-4,-12,8,4,-15,10,-14,7,2,-14
55/63,0,0,0,-5,0,-5,-5,1,6,4,-2,-3,2,6,-8,-11,4,-6,10,-1,-2,-4,-4,8,-1
56/65,0,2,0,1,6,-2,-3,-2,-3,-5,-4,10,6,-1,-8,-10,-4,10,-4,9,-16,4,-3,2,7
-1/36,0,0,2,1,4,-1,-3,-2,3,-2,6,8,-2,4,-10,-2,0,-8,3,-13,-13,5,-3,3,6
-1/39,0,0,0,-5,0,-2,-1,1,6,-8,-9,10,12,7,12,3,5,2,-8,8,-13,0,-12,-4,8
4/89,0,-2,0,-5,-3,4,4,1,4,-7,1,-7,-3,6,-6,-10,1,4,2,13,-2,-10,10,-8,-13
27/47,0,0,0,-5,0,-5,-5,-2,0,4,1,7,6,-3,3,-9,-12,-1,-12,-12,-1,-6,1,-15,-14
-49/93,0,0,3,1,6,-5,-3,1,-4,4,2,10,3,-10,4,6,10,13,12,2,-1,15,1,-13,-12
-49/92,0,2,2,1,4,1,-1,-2,0,-2,10,-11,8,10,2,-4,6,13,9,-9,-7,-8,5,4,-3
-51/94,0,0,4,-5,0,-1,-8,-2,-3,4,3,-2,1,10,3,-2,0,-13,3,-15,-13,5,-4,18,-7
-51/11,0,0,2,3,-2,-6,-8,1,6,-1,2,6,-6,7,0,-7,9,5,4,-9,-13,-14,-4,-1,-2
-50/7,1,2,0,-5,4,-5,2,0,2,-8,0,2,4,10,1,6,10,-10,-8,4,-1,11,-4,18,3
-79/76,0,-2,4,1,-1,6,2,-2,-3,2,2,-5,6,4,0,-3,-3,-4,4,-15,-6,4,-1,12,-2
12/7,0,0,0,-5,0,4,-4,1,-3,10,0,10,-1,-7,-8,-11,10,-12,0,3,-11,6,0,9,7
49/29,0,-2,4,1,4,6,2,-2,1,-6,-1,-2,0,-6,-4,10,-1,13,11,-1,-6,-16,-3,-8,8
17/10,0,-2,0,0,4,1,-8,1,0,6,3,6,-6,-4,0,9,-4,-11,-6,16,7,-8,10,0,-10
53/32,0,2,1,0,-1,4,3,-2,3,-5,-1,-5,7,10,6,-10,13,-2,-10,3,-1,-10,-4,-13,6
59/30,0,0,0,-5,2,-5,5,-2,-3,4,3,10,-6,-12,-6,-11,-12,-13,5,8,6,0,6,-9,17
57/37,0,0,0,-5,2,-5,-6,1,-3,-10,-7,-8,0,-12,-8,5,-4,8,12,9,-6,13,14,10,14
55/31,0,2,0,1,0,4,-1,-2,0,9,2,-10,2,10,0,-10,-7,-10,12,2,-5,1,-3,8,-4
-25/37,0,-2,0,-5,-1,-6,2,1,-3,6,2,-8,0,4,-4,-6,-11,1,-8,6,12,-12,-4,-6,-12
-19/31,0,-2,2,3,-3,-5,6,1,1,-4,2,-10,1,-2,4,-4,0,-5,4,8,7,-14,6,-17,-9
-19/27,0,0,2,-5,4,6,-1,1,-3,-3,-4,10,6,4,-6,-3,-4,-10,-4,0,-13,10,-5,0,12
-5/43,0,2,0,1,4,0,1,1,-8,10,-4,-6,-6,-12,1,-2,6,13,10,16,2,10,12,-6,18
-10/43,1,-2,0,-5,6,-5,2,-2,3,7,-7,5,-5,-12,-4,-3,1,-3,8,-6,0,6,2,-6,-14
-3/26,0,0,-2,-5,-1,-2,5,1,-4,4,-9,10,-2,7,-6,-10,-4,-5,-10,3,14,4,-1,-8,16
-4/25,0,-2,0,1,2,-5,-3,1,-8,4,3,-7,-1,2,1,-6,-14,8,-12,-12,-10,-16,-3,-9,-18
-17/87,0,0,2,1,2,2,-8,-2,6,-6,-1,-6,0,-1,0,-4,-9,-6,-5,14,-6,9,-3,3,-10
-34/53,-1,2,-2,1,2,-5,-8,1,-3,4,-8,-2,-5,12,4,5,6,-4,-8,4,7,-15,3,0,-18
16/29,0,-2,1,1,4,2,1,-2,6,-6,1,6,7,2,4,6,10,8,4,4,-16,5,9,1,-14
52/87,0,0,4,0,-2,-7,-4,-2,6,-6,3,-8,0,4,12,-2,4,2,5,-3,4,10,5,10,1
7/30,0,0,0,1,4,-5,5,-2,-3,6,-2,7,-6,8,-10,-6,-14,2,8,-15,2,-4,0,-1,9
7/44,0,-2,2,1,-2,-5,3,-2,6,3,-1,8,6,8,-3,-9,-9,-8,5,3,4,-16,4,18,8
10/93,1,0,0,-5,-1,-5,2,-2,6,0,2,-7,0,-1,6,-10,10,-1,4,4,-8,-6,11,0,12
5/32,0,2,0,3,2,1,-5,1,-8,0,-5,7,-5,1,-11,-2,-2,-3,11,6,-6,0,-6,3,-12
37/12,0,0,2,1,-3,0,-3,-2,-3,7,4,-11,0,8,0,-12,1,5,5,13,-13,15,10,12,8
43/13,0,2,0,1,4,-2,-6,1,-8,10,-1,-7,-6,-1,0,-10,-13,13,6,-9,-8,-14,6,-8,2
38/13,-1,-2,2,-5,0,-2,3,1,6,2,-1,-7,6,-10,0,9,6,-6,-4,4,-2,4,16,6,-12
37/13,0,2,1,-5,-1,-2,6,1,-8,3,1,-11,1,-1,8,-9,-2,4,10,0,-4,-16,4,0,17
70/31,1,2,0,1,0,2,2,1,-8,-4,2,10,-3,6,0,-2,10,6,-4,13,-6,-16,2,-17,-1
-32/13,0,2,0,-5,2,-2,-3,1,-8,-7,10,2,-9,0,-8,-9,0,-5,3,4,-14,-9,-8,-6,-12
-31/11,0,2,1,0,-2,-1,-3,-2,-6,9,-10,2,0,2,4,-6,-12,-11,8,16,-8,-15,-7,-12,14
10/11,-1,-2,0,1,-2,-5,-3,-2,-8,6,0,10,0,4,-6,-2,-7,5,2,14,-2,5,-3,6,18
-17/35,0,-2,0,-5,0,2,-8,1,1,-7,10,11,0,1,0,-6,-4,-5,12,-12,7,-1,15,-16,-6
-21/34,0,0,4,1,-5,6,-2,-2,-9,3,-2,10,3,12,0,6,-11,0,8,0,12,10,4,0,1
-8/11,0,-2,-2,-5,-2,-5,1,0,-6,2,10,-1,3,7,-8,-11,0,-1,3,9,-4,13,-15,0,12
5/16,0,-2,0,1,-5,-6,6,-2,-9,9,1,6,6,10,-6,11,6,-1,4,-1,11,8,8,-8,8
19/64,0,2,4,-5,4,6,-3,1,6,-5,-7,-11,-3,2,-4,4,-4,2,5,-7,11,-1,12,-6,8
15/62,0,0,0,1,6,-5,-5,-2,3,4,2,-2,-4,4,2,-4,4,-2,-11,3,-13,12,2,-9,3
8/31,0,-2,3,-5,4,6,2,-2,-3,-2,2,10,8,7,0,6,-7,10,4,0,-1,6,12,6,14
9/29,0,-3,4,1,2,1,2,1,-3,-6,3,-7,-4,2,0,1,2,0,8,-2,0,13,6,18,-6
-62/81,1,0,-3,1,-5,2,1,1,4,7,-10,10,12,8,-8,7,-12,-5,14,-12,-6,-16,3,-6,-6
-48/61,0,0,3,3,-2,6,-6,-2,2,9,8,6,-6,-1,4,7,10,-4,10,3,-6,-15,-8,9,13
29/95,0,2,0,1,-5,-5,-3,-2,6,-10,1,-5,-6,12,-3,9,11,-6,3,13,-6,11,-15,6,-14
33/94,0,0,3,-5,0,4,5,1,-3,9,-6,-7,0,12,3,-4,4,10,5,-4,12,0,0,-8,14
35/101,0,2,0,1,-5,2,3,1,-3,-5,4,-2,-5,12,12,1,-5,-7,10,4,14,-7,-4,-7,14
16/49,0,2,2,-5,-5,6,-4,-2,-3,-3,-7,2,-7,-6,-6,-6,6,-10,-7,9,4,-12,-7,3,-2
70/33,-1,0,0,1,-2,2,5,1,3,5,-10,8,-7,-10,-8,-4,-1,6,-14,2,-14,8,-6,-1,8
74/25,1,-2,0,0,6,-5,2,1,4,-2,-4,-11,12,9,-6,-2,-11,-10,12,8,-10,-16,-4,9,-14
-17/29,0,-2,0,-5,4,1,-8,1,-3,-6,-2,-5,-9,6,8,-2,0,-7,-12,3,12,4,-3,-12,8
-23/90,0,0,0,1,4,2,-4,1,-7,-7,10,-11,-2,2,0,6,-12,-13,4,-8,-11,-4,10,-6,-1
-23/88,0,2,1,3,-2,6,5,1,-7,-4,8,8,3,-4,-6,6,-10,13,-10,6,-5,-16,9,-14,-5
48/37,0,0,1,3,-5,0,3,1,6,-4,-1,-8,-4,6,8,11,-14,5,8,-9,12,5,-12,0,-18
59/73,0,-2,-2,0,6,-1,2,1,-3,-7,3,-2,-9,-12,-2,1,-12,-2,4,4,-6,-15,12,-10,11
-48,0,0,0,0,4,-5,2,1,-8,10,-1,2,-3,4,-8,-7,-9,13,11,16,-11,6,-1,2,5
-49,0,-2,2,1,2,1,-6,1,-4,0,-9,-7,-2,4,0,-14,0,5,0,3,4,-9,12,-7,-13
87/92,0,0,0,3,0,-1,-1,1,0,-10,6,10,12,-10,-6,6,1,-7,-12,4,-2,6,-6,1,10
89/93,0,0,-3,1,0,6,-4,-2,-4,10,2,-6,2,-4,12,-6,-10,-7,8,-6,7,-6,-9,-13,10
41/47,0,2,2,-5,6,2,5,-2,6,7,-1,-6,-4,8,3,-6,-9,-7,10,3,-5,8,14,-1,-12
77/50,0,2,0,1,0,6,-3,1,6,2,-1,5,-5,7,4,-2,6,-12,-13,8,-8,-14,-3,-17,10
59/57,0,0,-3,3,-1,-5,1,-2,-4,0,-9,11,0,4,4,6,-12,4,-12,-5,-4,5,12,10,-1
28/29,0,-2,3,1,-3,-5,-3,1,-4,-6,8,-2,6,-2,-6,6,5,-8,5,16,11,8,2,0,10
27/29,0,0,0,1,4,-1,5,1,-6,-6,-6,6,6,4,3,-11,4,1,-14,-9,0,-11,4,6,12
55/54,0,0,0,-5,0,-5,1,-2,0,-5,-4,-7,6,2,0,-6,0,-1,4,15,4,-10,2,-15,-7
31/32,0,-2,-2,1,-1,1,-1,-2,2,7,-10,-5,-2,2,0,-6,-11,2,1,0,-13,11,7,-15,-2
28/27,0,0,2,1,6,0,-3,-2,3,6,-2,-8,-9,4,-6,1,-11,1,8,-15,-6,8,4,12,10
-29/28,0,2,3,-5,0,-5,-6,0,6,-10,-1,-3,-6,-2,-1,6,0,-11,-10,-3,12,-9,-11,3,17
17/40,0,-2,0,1,-3,-5,-8,1,-3,7,-9,10,-3,1,7,-3,-2,-1,-2,14,2,-9,-13,-1,-14
-28/67,0,-2,0,1,4,6,5,0,4,9,-9,-8,12,-4,-6,-6,-13,-11,0,6,-1,10,-4,-6,-12
-9/23,0,0,2,1,-1,1,1,1,0,4,-5,6,12,4,-6,1,-11,-4,8,-12,-11,-14,-11,6,12
48/31,0,0,-2,1,0,6,4,1,2,-3,2,6,4,-3,0,1,-4,4,4,4,-13,8,3,-6,12
-79/3,0,0,3,-5,-2,-5,-6,1,1,6,0,5,-6,12,12,10,-4,0,4,-3,-6,4,8,-6,14
-77,0,2,-3,1,0,2,-3,1,-3,10,4,-10,-6,4,0,6,2,-7,9,4,6,0,4,10,8
-41/70,0,2,0,-5,0,2,2,-2,-3,0,-1,8,-4,8,-6,-3,0,-1,5,-15,-10,11,-9,-14,9
-43/3,0,0,1,1,-3,1,2,-2,-3,-4,-9,6,0,-1,0,4,-7,1,10,-9,-4,-6,4,6,11
-50/59,1,-2,0,1,-3,-5,5,-2,-3,-5,-9,-6,6,-1,-6,-2,10,2,5,13,11,8,15,18,18
-50/57,-1,0,0,1,0,1,2,-2,6,0,1,-5,-7,8,-8,-2,-7,1,-4,-12,-10,6,-3,0,-9
47/7,0,-2,4,-5,-1,1,2,1,6,6,-1,-8,-5,-10,-8,-4,-4,5,12,-4,-10,0,3,-7,3
-3/22,0,0,2,-5,-2,-5,-3,1,-8,-5,-8,-2,-9,4,4,3,-12,2,2,13,-2,8,-4,10,13
49/15,0,0,0,1,-3,-5,4,1,4,4,-9,5,1,4,0,6,0,-3,-4,-12,-1,-7,-4,0,3
46/15,1,0,0,-5,2,2,5,-2,-7,-4,2,-2,-6,-1,0,-6,0,0,-8,3,14,-10,1,6,-6
-92/75,0,0,0,-5,-1,-1,3,1,-7,-1,3,-5,-3,0,6,-2,11,1,-11,-7,2,-8,-3,-14,-2
-22/19,-1,-2,-3,-5,0,-5,-5,-2,-8,-5,2,-6,-6,-1,-11,6,13,2,8,6,10,-16,12,2,3
-95/72,0,0,0,-5,0,-5,-5,1,-4,4,6,6,-4,8,-6,1,-4,13,3,-9,2,-8,6,-12,13
-82/75,1,0,0,1,0,2,5,1,-8,-7,-1,6,-4,2,1,-4,-7,1,0,-2,-7,-14,3,6,2
100/97,0,2,0,-5,4,-5,2,1,-4,10,-7,2,-3,-1,4,3,-4,-8,3,8,-13,9,12,2,4
98/95,-1,2,0,1,-2,-5,2,-2,6,-4,10,-2,-6,6,-1,2,4,6,4,-8,-2,8,4,0,-13
-21/17,0,0,-3,1,-1,4,-2,0,-3,0,8,2,1,-10,-6,-7,-14,-10,4,8,2,-7,6,6,14
-56/39,0,0,4,1,0,-2,3,0,6,-4,-2,-7,4,-7,0,-14,-5,-6,-12,5,-7,13,4,-7,10
-56/37,0,2,-3,1,0,0,-3,1,-9,6,2,-8,-6,4,-6,-4,-12,1,5,-8,14,-8,-16,-14,-12
-54/35,-1,0,0,-5,2,6,2,1,3,7,-6,11,8,-3,0,1,-7,-10,5,-3,-7,-6,-3,-6,-2
-53/37,0,2,4,-5,2,6,2,1,3,-8,8,-8,3,8,4,-10,0,-11,11,10,5,5,2,-10,-3
61/17,0,-2,-2,-5,-5,6,-2,-2,-3,6,-1,-2,1,-3,1,1,-14,-13,-12,-3,10,-8,-4,9,-6
55/14,0,-2,0,-5,0,1,-1,1,-4,-4,0,5,-6,8,8,-6,-7,-6,-3,13,7,11,-16,-14,9
-37/20,0,2,0,1,-1,-5,3,0,-4,-5,-5,-11,-2,-3,-8,-9,0,-4,-14,16,-2,-12,-16,-3,12
-75/38,0,0,0,3,4,2,5,-2,6,4,2,7,6,9,-8,-7,6,8,16,-15,12,8,3,1,12
-77/39,0,0,3,1,0,-2,2,1,3,4,-6,-2,-6,6,8,-11,-1,8,14,-12,-1,4,-4,-17,12
-43/21,0,0,2,-5,6,-6,-6,-2,6,0,-9,-2,0,-1,0,1,6,-1,-2,6,2,6,-16,-12,-6
43/14,0,-2,-3,-5,4,-5,2,1,6,4,1,10,1,-1,10,-9,2,8,-13,-13,4,-11,15,-4,-7
-104/21,0,0,2,-5,4,-7,-3,1,2,9,-4,-7,-6,-10,-1,6,7,-1,12,-15,-13,15,12,10,-2
-53/11,0,-2,0,1,-2,6,-5,1,4,4,-4,-8,6,10,-6,-10,6,8,4,-3,4,9,6,12,-2
-24/35,0,0,0,-5,6,-6,-1,1,-8,-2,-7,-8,-5,10,4,3,0,-2,5,-7,-5,-14,-4,-7,13
-53/70,0,2,0,-5,2,-5,3,1,-6,-1,-5,-8,-6,-4,-8,-10,6,6,-13,8,14,-4,4,1,-2
-52/69,0,0,2,3,-5,-7,3,1,0,3,-4,-2,-5,-2,11,6,-12,13,-12,15,-1,10,-7,-3,-12
-12/13,0,0,2,-5,4,-2,2,1,-3,-5,3,-5,-6,4,0,1,9,-1,-12,-8,8,13,3,0,-18
-11/12,0,0,-2,1,0,4,-4,-2,-3,4,3,5,2,-6,-7,-4,6,0,-13,3,-16,-10,4,10,13
73/55,0,2,0,-5,-2,6,2,-2,-8,-3,-7,10,-6,0,-6,6,-13,5,12,0,-11,-11,12,6,-18
-8/9,0,0,0,3,-3,0,4,1,-8,-5,6,-3,-1,1,4,-7,6,-2,-7,6,2,4,4,6,1
-15/16,0,0,0,3,0,-5,5,1,1,3,2,-1,-6,5,4,10,-4,2,8,-15,-2,-1,-4,-12,-14
-25/34,0,-2,0,-5,0,-5,-2,-2,0,-3,-6,5,0,-2,4,-11,0,-10,-14,-12,-4,-1,3,-14,-12
-28/31,0,-2,-3,1,-2,2,5,1,6,6,2,-2,-1,12,6,-3,0,-1,4,3,-11,6,-3,12,12
-37/66,0,0,3,-5,-2,0,-1,-2,-4,0,-1,-11,10,-1,-7,6,-1,-6,4,11,-6,-16,2,6,18
-36/55,0,-3,0,0,-2,2,-3,1,-9,-5,-1,6,2,4,11,-3,11,1,10,8,-13,-4,-4,-2,-8
-39/53,0,0,-3,1,-2,-7,-5,1,-3,-7,-7,5,-9,4,0,5,-11,1,8,0,2,-4,-4,3,-18
-22,1,-2,2,1,0,-5,6,1,-3,6,-5,-2,-3,8,0,-2,-3,-7,12,-12,-13,-8,0,12,2
-71/14,0,-2,0,-5,-1,6,4,1,-3,-8,6,-11,-2,-2,12,6,6,13,4,-12,7,-8,6,-17,-12
-73/13,0,-2,1,3,-1,-2,2,1,-3,10,1,-7,-9,-6,0,-2,1,-1,8,-12,-11,4,7,-3,-10
-34/9,-1,0,1,-5,2,0,-8,-2,-3,6,1,-7,-3,-6,-6,6,-4,-5,4,10,-14,-5,-5,-1,-6
-40/21,0,0,0,-5,4,-5,1,1,-4,-4,-10,-2,-7,4,-11,1,-4,10,-12,-2,12,1,4,-14,-7
-22/41,1,2,-2,0,0,0,-4,1,-3,5,-10,10,6,7,-6,1,0,-13,8,6,7,11,-13,8,-9
23/22,0,-2,2,1,-2,-5,-3,-2,-7,-4,-7,5,-4,10,-11,6,0,4,8,2,0,-4,-1,-12,3
-91/60,0,0,0,1,2,-7,2,-2,-3,-1,1,-7,1,-4,10,-10,10,8,3,-9,-6,-16,4,-12,-3
-42/29,-1,0,0,1,4,6,2,-2,-6,-6,-8,5,-3,10,-6,-3,-7,6,-10,2,2,-1,10,10,-2
-89/62,0,-2,2,-5,-2,-5,6,1,-6,3,2,6,0,2,-11,-6,9,-2,-8,-1,0,-10,-4,-13,9
-88/57,0,0,0,3,0,4,-3,-2,-3,4,1,-2,2,-4,4,-2,4,-8,-2,-4,14,-1,16,2,-3
-93/56,0,0,-2,-5,2,-6,6,-2,-6,5,-10,7,-7,8,0,-9,-9,1,12,4,2,15,0,8,-6
-46/29,1,2,2,3,2,0,3,-2,-7,-6,1,-2,-6,5,1,-10,13,8,0,-3,0,8,0,-14,-7
-89/61,0,2,2,1,0,-6,2,-2,4,0,-9,-8,-6,8,0,-9,4,-4,4,13,4,-1,6,-13,14
-83/61,0,2,-2,3,6,4,1,-2,-9,4,-8,-3,-7,-10,-11,3,-4,-4,8,-1,-1,4,0,2,-12
-50/27,1,0,0,0,-5,0,6,1,-4,-2,-4,-2,0,6,-4,-10,-1,-5,0,8,-7,-1,1,2,17
-81/28,0,0,-3,-5,-2,-5,2,-2,-6,2,-9,-7,-7,-7,-3,0,-1,13,12,6,-2,-1,4,-10,-18
-37/47,0,2,1,0,2,2,2,-2,-3,-4,10,-11,4,1,3,-3,1,8,-12,15,-16,-14,3,3,-12
23/42,0,0,1,-5,4,6,2,0,-7,-2,10,-8,2,4,-2,-9,6,2,4,13,8,8,14,-15,14
-46/45,1,0,0,0,0,2,-6,-2,-7,-5,1,-7,8,4,0,3,-3,2,4,15,-4,5,-3,-12,-18
-45/41,0,-3,0,3,-3,2,-3,1,-3,-10,3,6,6,-6,-11,6,-4,-3,-14,-3,-5,-8,0,10,14
19/27,0,0,-2,1,2,-6,1,1,-4,-4,3,-11,6,1,8,-6,6,5,16,-4,-6,5,5,6,-3
-40/23,0,2,0,0,-3,-1,3,1,0,-8,-5,-11,6,4,-2,3,-4,-1,2,-5,7,-6,10,6,-2
-37/25,0,-2,0,3,2,4,-5,1,-6,-7,2,-11,10,-7,-6,9,2,6,16,-12,-2,-14,4,0,-4
-34/25,-1,-2,0,1,4,-5,-8,-2,2,2,4,-7,-6,8,10,-7,0,-7,11,-8,2,-6,1,6,-8
-5/87,0,0,0,3,4,4,-5,-2,-3,-6,6,10,12,4,0,6,8,4,4,4,2,-15,0,0,5
-1/18,0,0,3,-5,-2,-5,3,0,4,-5,3,10,6,12,1,11,-11,-3,4,6,-6,-8,2,-6,17
2/31,-1,-2,2,3,6,1,2,1,2,4,2,-8,6,8,0,-10,-2,-13,4,-15,-16,-8,-9,0,2
1/93,0,0,3,-5,0,6,5,1,-3,-4,2,10,2,4,-8,-14,13,-5,-2,12,0,-4,-4,12,-5
2/95,-1,2,0,-5,4,6,1,-2,-6,6,2,5,-6,2,4,1,8,6,1,0,-14,-12,-3,-6,8
-45/71,0,-3,0,-5,-1,6,-6,1,1,4,-9,-2,-3,10,-1,-10,-9,4,-4,4,-4,10,3,0,-14
34/101,1,-2,2,1,2,-6,-8,1,4,3,3,-8,8,12,0,-2,6,-2,12,-15,6,15,6,6,-12
29/103,0,-2,3,3,6,2,6,1,3,-10,6,8,-6,2,0,6,-2,1,8,10,-4,5,6,18,12
27/103,0,0,2,-5,-3,6,-1,0,-3,-10,3,6,0,4,-7,-2,0,-1,5,2,-5,10,8,-1,1
26/101,1,2,2,-5,-1,-7,-3,-2,6,-4,3,11,10,-3,0,6,-1,-8,8,-12,2,6,3,-8,3
-11/25,0,2,0,1,0,4,2,-2,2,10,2,-8,-3,10,-8,-2,11,2,4,-9,-14,13,10,0,2
-9/29,0,0,1,-5,4,2,6,0,6,-6,-1,-2,-1,8,-8,9,0,1,-12,8,-1,10,-3,-16,-14
-28/71,0,2,3,1,-5,-5,-6,-2,-3,0,-8,-10,10,10,-6,-9,-3,-1,6,4,11,4,12,10,-6
-31/70,0,-2,0,-5,2,6,-1,1,-3,-3,-10,-2,1,-4,-6,2,-12,-3,-8,-15,-4,10,-11,10,8
-27/37,0,0,1,-5,4,6,-3,1,-8,6,3,-8,-6,-1,0,-7,-1,13,4,8,6,-1,4,2,-6
-28/33,0,0,2,1,-2,-1,5,-2,3,6,8,10,-3,4,4,0,-4,10,4,-12,-13,15,3,6,3
-27/35,0,0,0,-5,-2,2,1,1,-3,10,2,-3,6,-2,8,6,-4,0,-2,5,-4,5,0,6,10
-31/36,0,0,1,-5,0,-6,-1,1,6,-5,-10,-1,-9,1,6,-11,10,-4,12,13,11,-8,3,-3,11
-29/38,0,-2,2,1,-2,1,2,-2,6,-10,10,-2,0,1,0,10,0,-10,12,-15,-9,13,1,2,0
-29/39,0,0,2,-5,0,-2,4,1,4,-10,-1,-8,0,-6,-2,4,2,-12,3,10,-8,-14,-16,-12,5
-29/35,0,-2,0,-5,-1,-5,2,1,3,-10,4,5,-9,4,3,-12,-4,2,10,-1,10,2,12,9,-9
-26/33,-1,0,2,1,-2,-7,-4,1,6,-5,10,-7,-3,4,3,-6,0,10,8,8,-13,-1,8,-13,-6
35/13,0,-2,0,1,-5,-2,-3,-2,6,-2,8,-10,8,-4,0,3,0,5,3,14,14,12,4,9,8
-93/25,0,0,0,3,-1,0,3,-2,3,4,-10,-2,-3,-2,13,10,0,6,2,3,-2,8,3,-9,17
-17/5,0,-2,0,-5,-5,6,-8,1,-3,3,-5,-8,0,12,12,-2,-4,-5,-3,6,-2,5,-7,5,-6
50/71,-1,2,0,0,6,-5,5,1,6,6,-5,-2,-4,7,12,-2,-14,-1,-2,4,4,-14,-6,-8,-2
-67/69,0,0,3,-5,4,-6,4,1,0,6,8,-1,-7,4,-3,3,-9,-7,-5,-13,4,-1,-5,6,-10
-71/75,0,0,0,-5,0,0,-6,-2,-3,-10,4,-2,6,-1,-4,-14,-14,13,12,-12,-16,-7,-16,18,-9
-69/74,0,0,1,1,-5,2,2,1,-7,-5,-6,-8,-3,4,1,-2,0,8,4,-7,-6,-7,-7,-16,12
-12/95,0,0,0,-5,-2,2,-4,-2,-9,9,-7,-5,-6,-1,-6,-4,0,10,9,-15,10,-4,12,-6,14
-14/97,1,2,0,1,4,0,-3,1,3,4,3,8,10,6,7,-2,7,-5,11,4,14,-14,12,1,4
-12/97,0,0,1,-5,2,4,3,-2,-6,6,-4,-7,8,4,-6,3,11,-11,3,3,-7,0,17,4,4
-44/57,0,0,-2,-5,0,6,-3,-2,-9,6,0,-7,4,10,12,6,6,-4,-8,-12,7,0,-16,2,-10
-11/21,0,0,2,-5,0,2,-1,1,-8,-4,-4,-2,-3,-2,-8,-6,-11,10,8,4,6,11,4,1,-5
-67/45,0,0,0,0,6,-5,2,1,-8,2,-2,-11,-6,12,4,-3,11,13,-5,-12,-9,-1,12,6,14
12/5,0,0,0,0,0,-5,3,-2,3,3,-8,-3,0,7,10,5,-13,-7,4,-9,-2,-9,12,-12,-4
59/27,0,0,2,-5,-2,6,5,1,-3,3,-2,-7,4,10,6,0,-12,6,-13,-15,-1,-8,4,9,8
61/26,0,-2,0,0,4,-2,2,1,-3,0,-7,10,7,-1,-6,-4,-5,-13,-12,13,2,-8,-7,-7,12
-8/3,0,0,2,1,-5,-6,2,-2,-3,6,10,-7,-1,-1,1,-3,-7,8,2,-3,2,8,-4,0,13
-25/9,0,0,0,-5,4,1,4,1,6,2,3,2,6,4,8,10,-14,-13,-13,4,-2,5,7,-8,8
-9/2,0,0,-2,1,-5,0,-3,1,3,10,3,2,6,-6,11,-9,-7,4,-10,-15,-7,8,-15,-7,17
-50/23,1,-2,0,3,4,-5,2,1,0,-10,-1,-6,12,0,12,-4,4,-1,-14,12,-16,-16,-5,-1,8
-25/12,0,0,0,1,0,6,2,1,-9,10,4,8,2,1,0,2,0,-5,4,4,-6,5,0,9,14
9/35,0,-3,0,-5,6,2,-4,1,6,4,1,2,-3,9,7,-4,0,2,8,8,-10,-7,2,-6,-1
19/73,0,2,2,-5,0,-5,2,1,-4,0,-9,10,-9,-4,0,1,-14,-1,-14,-9,-6,-12,2,-8,3
17/70,0,-2,0,-5,4,-6,-8,-2,-8,0,6,-2,-7,8,1,-3,8,1,16,5,-2,8,-15,-8,-12
5/69,0,0,0,1,0,4,2,1,0,4,-1,7,4,-4,0,11,-14,-12,-5,-9,-2,12,-3,-2,-1
4/69,0,0,0,3,4,2,-3,-2,0,5,-5,2,1,4,1,-10,-12,4,-12,-13,1,1,0,-14,18
3/32,0,0,1,1,0,6,1,1,6,4,3,6,0,12,0,-3,-4,2,8,-5,4,1,4,-17,13
1/69,0,0,1,1,-3,2,4,1,0,-5,-5,-7,-7,2,-6,6,4,-5,-10,-15,-4,6,-16,-7,18
-36/47,0,0,-3,-5,6,0,-4,1,6,-1,-8,2,0,5,3,-10,5,-11,2,-3,-6,10,11,-9,-5
-39/47,0,0,0,1,0,-7,2,1,3,6,0,-7,-6,-6,3,-11,0,-10,-8,-6,-10,-14,-3,6,16
-45/47,0,-3,0,-5,4,-1,1,-2,-3,-5,3,2,0,8,3,-12,0,2,11,-12,2,6,4,-14,-6
-41/47,0,-2,-2,3,-5,1,-5,1,-3,0,3,10,-4,-2,3,-6,2,10,-14,0,-4,-16,0,-12,8
-44/47,0,-2,-3,0,0,2,5,1,6,-2,-5,-2,6,-9,3,-2,-4,8,-10,-12,-6,6,1,6,9
40/13,0,2,0,1,0,-2,1,1,-9,-5,0,5,-7,-1,13,0,0,-4,-10,0,4,-16,-1,10,11
35/12,0,0,0,1,-1,-5,-1,-2,-3,6,-8,-1,6,7,-8,-2,6,13,2,-12,7,-8,-11,-7,10
26/63,-1,0,0,-5,2,-7,2,-2,3,4,-9,8,-1,4,-11,-2,-11,13,-13,11,12,13,0,-9,13
29/59,0,2,4,-5,6,-6,-1,1,0,-10,3,-2,0,-1,3,-6,10,10,2,-15,4,8,2,0,0
28/59,0,-2,2,1,4,-5,6,-2,3,0,2,-2,-6,5,-6,-10,10,2,-12,-9,-6,10,0,-8,6
41/25,0,-2,0,-5,6,4,2,-2,-3,-8,10,-8,-4,0,-6,6,6,-3,2,4,-11,5,-16,-14,-9
40/27,0,0,0,1,0,2,-3,1,6,0,-8,5,3,-10,0,-2,-4,1,4,10,2,-14,2,-6,-3
101/9,0,0,2,-5,6,-5,5,-2,-3,-5,-7,-2,-3,8,12,-4,4,6,-12,-4,10,-11,12,18,2
-65/22,0,2,0,-5,-2,-7,-3,-2,-9,4,-8,6,6,10,-8,-6,0,-8,-14,-15,-6,-16,3,-15,-7
-41/37,0,2,3,-5,0,2,-4,-2,6,9,10,-8,-4,-7,6,-2,-13,-4,-14,8,2,-16,14,0,0
-45/38,0,-3,0,1,-1,-6,-1,-2,-4,-3,-4,6,2,4,12,1,0,0,9,8,-2,-9,11,10,-2
-16/15,0,0,0,-5,4,-5,-3,1,6,-8,2,-1,-4,-10,-8,-10,-1,-5,9,-15,-11,-11,10,-15,18
-93/88,0,0,2,3,-2,-5,2,1,2,2,-10,5,-6,-6,8,-2,11,-3,14,8,12,8,-16,6,2
-19/17,0,2,3,3,2,-5,-2,1,3,-2,-1,-7,2,4,0,-6,4,13,-8,-12,-4,8,-16,0,-6
-100/89,0,2,0,0,6,4,-4,1,6,-5,-7,10,2,0,4,10,-11,6,-12,15,12,-15,17,-8,12
-103/87,0,0,4,3,-3,1,-3,0,-6,-6,3,-8,-5,-1,-6,-9,9,-4,8,-13,4,-16,-16,-3,8
-47/46,0,2,3,-5,-3,2,-5,1,0,4,2,-2,-9,-1,-8,-4,9,-13,8,8,-1,10,-3,10,-14
-47/44,0,-2,-3,0,-2,2,2,1,1,6,-7,-7,-9,-3,-8,6,-9,1,4,6,2,-6,3,-8,-2
-25/22,0,-2,0,3,-2,1,6,-2,6,4,-1,2,-6,-10,2,-3,8,-1,10,-2,14,2,-7,10,1
-100/87,0,0,0,-5,-5,6,4,-2,-4,-6,-9,6,12,1,0,-9,-4,1,-6,-9,-1,12,-3,5,-7
-104/87,0,0,-2,-5,4,-7,3,-2,3,-6,2,6,-6,-4,-6,-2,-14,-8,-14,6,-8,11,3,-1,13
-49/47,0,2,-2,1,-1,0,-3,-2,-4,6,-9,-2,7,4,3,6,11,8,-2,3,8,-1,0,-1,1
12/37,0,0,2,1,-2,6,-3,-2,4,4,-6,-8,-6,-2,-6,-2,-3,8,3,-12,4,10,-4,12,-6
12/35,0,0,0,-5,2,2,6,1,-3,-7,3,-1,-9,4,-8,6,-4,-5,10,-9,-13,8,3,-14,1
28/71,0,-2,3,1,6,-1,5,1,4,7,1,-2,-1,-6,6,-2,6,-2,2,4,-4,15,-3,-12,-2
68/41,0,2,-3,1,-2,-5,-8,-2,4,-2,-9,-2,6,4,4,0,-4,-5,0,-12,-6,-4,12,6,2
10/77,1,-2,0,-5,-2,1,2,-2,3,0,3,-6,-9,-6,-11,-6,0,-12,12,-12,-10,-1,3,-17,-13
69/14,0,0,4,-5,-5,-5,5,1,-7,6,4,-10,-7,12,-6,-2,-13,6,3,-8,-2,9,12,-10,-14
71/11,0,2,0,1,-2,2,-3,-2,-9,-5,-4,-6,12,-1,-6,-2,4,5,-12,-12,-11,13,-3,12,-14
-92/59,0,-2,-3,1,6,4,2,-2,-7,-3,1,-5,-5,2,-6,2,10,-1,12,5,-2,0,-16,6,-14
-100/59,0,2,0,-5,0,-5,-3,-2,6,4,1,-5,12,-1,0,-3,10,-4,-2,-9,0,-5,-4,-6,-10
-101/62,0,-2,0,3,2,6,2,-2,-8,4,2,-6,3,-4,1,-4,6,-5,-3,-4,0,6,6,-7,2
-52/35,0,2,0,-5,4,-7,3,-2,3,4,10,2,-5,7,4,11,6,2,-3,-9,-4,6,-3,2,-19
-53/35,0,-2,0,-5,-5,2,5,1,-3,-2,1,-2,-7,-12,-8,-10,4,-13,-10,-15,0,-16,6,1,1
-19/43,0,-2,2,1,0,-5,-3,1,4,0,2,-2,-1,-12,10,-2,10,6,8,14,14,-6,14,18,-9
-9/22,0,-3,2,-5,-2,6,2,1,-3,6,2,-2,0,-4,12,-6,-4,-10,-13,-7,14,4,3,-6,-2
-14/41,1,-2,4,1,-5,-6,5,1,1,2,3,-2,6,8,-6,6,10,-10,5,0,-9,-4,-4,6,8
-6/19,-1,0,2,3,-1,6,2,-2,-3,-10,4,-7,-5,7,0,-9,11,4,2,0,-13,-14,4,-6,-6
-19/42,0,0,3,-5,-3,4,-3,1,-4,5,10,10,-7,-10,13,4,-11,10,-2,-12,-2,2,4,18,-12
34/7,-1,2,-3,-5,0,1,-8,-2,6,0,-9,2,12,7,0,2,-4,4,1,-2,2,8,-4,4,13
22/7,1,2,4,-5,0,-5,-3,-2,-3,0,3,-5,8,4,-10,1,-1,8,5,-12,4,5,14,12,-7
48/13,0,0,4,0,-1,-2,2,-2,-3,-8,10,6,10,8,-3,2,7,0,-7,-15,-2,13,-4,6,-3
23/6,0,0,-2,-5,-1,-6,4,-2,-7,0,-5,-5,-6,7,-6,1,0,10,8,4,-5,-4,-16,9,8
-22/13,1,-2,4,0,0,-2,2,-2,-6,-4,0,-8,-2,4,4,-3,-2,-5,2,12,-7,-14,-3,10,-6
-68/39,0,0,0,-5,4,-2,-8,1,-3,0,2,-2,-3,-6,13,2,10,1,-8,-5,-13,-8,-16,-14,-13
-47/8,0,-2,0,1,-5,6,-4,1,-4,-4,-4,-2,-4,8,-8,-2,-9,-6,-5,4,-13,-1,14,18,-14
-23/3,0,0,2,-5,4,2,5,1,-7,-7,-9,-2,1,8,-6,6,6,-2,4,13,-6,-4,1,-2,-12
-83/11,0,-2,-2,1,-2,-1,5,1,-3,5,0,-5,7,-12,2,-2,-14,5,-10,-4,6,-10,0,2,2
-36/7,0,-3,0,-5,0,-6,1,-2,6,0,8,-5,-4,-6,-6,6,-3,-5,-7,3,-6,1,3,-6,-5
-2/91,1,2,2,-5,-2,-2,5,-2,6,3,2,2,-6,5,13,-2,-9,-13,-4,6,-13,6,3,-9,1
-1/98,0,2,0,-5,-5,4,-3,1,-9,0,6,-7,2,-4,-6,2,5,6,-10,-3,4,-8,17,6,8
46/73,-1,2,0,1,4,-1,3,-2,-7,-4,2,-6,-5,-1,6,11,-3,10,-12,16,-6,-4,9,18,-9
52/73,0,2,1,0,0,-7,1,1,-3,-5,4,-7,-6,-3,4,-2,-4,-7,5,15,-6,5,-4,8,-18
-17/24,0,0,2,1,0,0,-8,1,2,6,-4,10,-6,-10,1,6,-10,5,-12,8,-13,4,-6,3,-3
20/7,0,-2,0,-5,2,2,5,-2,-6,6,-7,-11,-6,4,0,6,6,1,-11,4,-2,-16,0,2,14
99/37,0,-3,0,-5,0,-1,3,1,1,4,2,-8,1,2,0,6,-7,8,9,3,-5,6,0,-16,11
101/33,0,0,-2,1,-2,6,4,-2,-8,-10,-10,-2,0,4,0,-10,6,10,4,14,-13,12,-4,2,14
107/33,0,0,1,1,-2,-6,6,1,-3,-4,2,8,-7,7,0,-2,0,0,-10,0,-7,-11,14,2,-6
99/41,0,0,2,1,0,-5,-6,-2,-8,4,-9,-10,6,9,0,-7,-12,1,0,-3,2,11,2,10,18
101/39,0,0,2,1,-3,-2,-1,1,6,9,2,-3,-1,8,12,6,-4,1,-14,-15,-2,8,3,-17,8
53/18,0,0,4,0,2,-5,-6,1,-8,4,0,-2,4,5,-11,-10,0,2,-10,-8,-6,-14,3,-6,8
51/20,0,0,0,-5,-1,4,-8,-2,2,-2,2,-10,12,4,11,-4,10,8,4,-8,4,10,14,-3,-12
-16/79,0,-2,4,1,-2,2,2,0,-8,-7,1,-5,-3,4,0,-11,-9,-2,4,-13,2,-8,-6,12,17
-24/79,0,0,1,1,6,0,-3,-2,-6,5,0,-5,6,7,7,1,-10,-10,8,-12,6,-8,4,-12,13
48/5,0,0,0,-5,-2,6,-3,1,-3,-1,-1,-2,7,-6,11,0,6,8,5,9,10,-8,-4,10,-19
41/84,0,0,1,-5,0,-1,-1,-2,-3,-2,1,-6,-4,-6,4,-3,6,-5,-12,6,-2,2,4,10,-1
44/85,0,-2,0,1,0,2,-2,-2,-4,6,1,-8,-6,10,-11,6,-4,5,-6,-12,0,-14,4,9,12
-20/23,0,-2,0,-5,-1,4,-3,-2,0,9,10,-8,-2,-6,10,3,0,-5,4,14,2,5,-4,3,-6
-16/17,0,2,0,-5,-5,-1,-2,1,6,4,1,5,4,4,-6,-10,4,-6,10,-9,14,6,-3,6,2
-59/70,0,2,0,-5,6,-1,-3,-2,6,-5,3,-11,-7,-6,-8,10,-12,8,8,14,8,5,3,0,8
-61/71,0,2,2,1,-5,-5,-3,1,0,-7,2,-2,0,2,11,6,9,-13,-14,4,-10,-8,9,-12,12
10/43,-1,2,0,3,-5,-1,2,1,1,0,6,2,-6,-12,0,0,-4,13,-14,6,4,-16,3,-14,-6
-29/33,0,0,-3,-5,-2,6,6,1,0,-10,2,6,-3,4,8,2,-7,2,-8,15,4,1,3,6,-12
-32/35,0,-2,0,-5,2,-5,-6,-2,-3,3,1,-5,-3,-1,1,6,-2,-11,12,-12,-13,-6,10,-7,-12
-32/31,0,2,2,0,4,-5,2,-2,-9,9,2,-6,-5,-6,4,-10,0,-6,14,-2,-10,12,0,1,-5
-47/16,0,2,-2,0,2,-6,-3,-2,6,-5,1,-8,2,-9,-8,9,6,-7,0,-3,-1,0,2,-6,13
29/7,0,-2,-2,-5,-5,-6,-4,1,4,-10,-9,-7,10,-2,-11,6,-2,-7,8,4,-11,11,-3,12,11
88/21,0,0,2,-5,0,4,2,1,6,-10,4,10,-6,-3,10,-4,0,-2,12,9,-7,-8,1,18,3
93/22,0,0,1,1,-2,-6,2,1,-4,-3,-10,-5,12,-7,13,11,8,8,4,2,-2,-16,-3,-4,13
89/19,0,-2,4,0,4,-5,-6,-2,6,2,-8,-6,8,8,3,-2,-14,6,-3,-4,-13,6,-13,-13,8
90/17,1,-3,0,1,-3,1,-2,1,6,6,-4,2,0,1,0,-10,7,8,8,3,-16,4,0,-1,10
94/17,-1,-2,3,0,-5,-5,-2,-2,-3,-8,3,7,6,10,-8,6,11,-7,-12,-12,2,0,6,-1,-9
41/6,0,0,0,0,4,-1,-3,-2,-8,-7,3,10,-4,-7,-8,-6,6,-6,0,3,6,-11,-4,-10,6
-38/41,1,-2,3,3,0,6,2,1,-8,0,-8,-7,6,-10,3,0,0,13,14,0,4,0,-4,-14,11
-33/41,0,0,-3,-5,0,1,2,1,6,3,6,8,6,4,-3,6,-4,-5,2,4,-2,-8,3,-4,-12
-24/37,0,0,-3,1,4,6,-4,1,6,-8,-9,-8,1,-1,10,6,4,10,-12,5,-11,-8,-10,-1,-5
-23/36,0,0,3,-5,4,6,2,1,-7,-4,-1,5,12,5,13,-2,0,6,5,6,2,-16,3,-1,-19
-13/61,0,-2,2,3,4,-7,2,-2,-6,6,-9,8,7,8,0,-7,8,-4,-8,-15,10,-8,2,-13,-6
-94/57,1,0,-2,-5,0,0,1,-2,0,6,-7,7,-4,0,-8,1,-4,-12,4,-4,2,13,10,3,12
-13/9,0,0,3,-5,-5,-7,-3,-2,-9,-4,-6,-2,0,-9,6,6,-4,-1,8,9,-2,-14,-12,10,-9
-69/37,0,0,0,-5,-1,0,5,1,-7,-3,-10,-8,-9,4,0,-3,-4,2,2,6,-13,4,-3,0,14
-67/40,0,-2,0,1,-2,4,2,-2,-3,6,-9,11,7,12,0,11,-4,-1,-5,-12,-11,2,-12,-8,-2
-29/34,0,2,1,0,-3,4,-2,1,1,-10,3,-7,10,12,-8,-3,-10,-3,2,2,-13,-9,3,-3,10
-21/4,0,0,2,1,-2,4,3,1,1,-7,10,-8,-6,2,-10,6,0,-2,12,-7,-1,-8,3,-8,10
30/43,1,0,0,1,-2,2,-4,1,-3,-1,10,-2,2,-12,-11,11,10,-7,-2,12,1,-6,1,-14,12
61/82,0,2,-3,0,6,6,-3,-2,6,4,8,-2,6,-6,-6,-3,-11,-13,3,10,12,6,4,6,-4
29/43,0,-2,2,0,-3,-5,1,1,-8,-10,-5,10,0,-12,0,5,-12,-13,4,-3,-2,-16,8,-7,-6
29/42,0,0,-3,-5,-1,2,-1,1,6,-10,-4,-6,-4,-7,1,9,13,1,5,-8,-13,15,-3,-10,12
11/23,0,2,3,1,0,-5,3,-2,0,5,10,5,-4,-10,0,0,-2,-1,4,3,-4,0,2,-6,-6
31/40,0,2,0,1,2,-5,-3,1,4,4,-10,6,10,-1,6,6,-7,-7,-2,-8,2,-1,0,3,11
27/46,0,0,-3,-5,0,0,5,0,0,-4,-1,-2,-4,4,4,-12,0,2,4,-9,1,6,4,6,2
52/89,0,-2,3,1,0,-7,-3,1,-8,-8,10,8,6,10,-8,-2,6,6,12,3,-13,10,-4,-8,11
53/89,0,2,0,-5,0,-6,-4,-2,-3,-5,1,-1,-1,-9,-6,-10,-4,-7,2,-8,-2,-15,-16,-8,0
54/29,-1,0,2,-5,-2,-5,-3,-2,-3,-6,-10,-2,6,4,0,-9,0,2,2,3,2,1,12,-17,11
53/29,0,2,3,-5,2,-1,2,-2,-3,-6,-1,6,12,6,-11,-10,6,-1,0,-15,2,-12,12,12,1
18/11,-1,0,0,0,-2,-5,2,1,6,0,-9,-2,-3,1,0,-2,0,-1,4,-3,10,8,3,12,-2
-10/21,-1,0,0,-5,6,0,-5,-2,-3,2,2,5,12,4,-1,11,6,-1,-12,-4,-8,6,-3,-17,11
20/43,0,-2,0,1,-1,-5,-5,1,-3,-10,3,-6,10,-12,-8,-6,-4,4,2,11,4,-4,4,0,-18
17/46,0,-2,0,1,-2,-5,-8,-2,0,4,-4,-1,4,4,-10,6,10,8,4,3,7,13,5,2,-2
-73/39,0,0,3,0,0,-2,3,-2,-8,9,10,-5,6,1,-6,10,-12,-13,-4,15,-11,9,-11,9,6
-11/5,0,-2,0,1,0,1,-3,-2,3,0,-10,-7,1,9,-4,3,6,-2,4,10,2,-10,3,-14,-18
1/26,0,-2,2,3,-2,-2,-6,-2,6,3,6,-5,-4,2,-6,-6,-7,-12,-2,-15,-4,-16,-3,-10,-18
-1/52,0,-2,-3,1,-3,-2,3,1,-9,-4,-4,-3,7,-10,0,-3,-7,8,2,-2,-6,-4,1,6,-10
-6/101,1,0,1,-5,0,0,-5,1,3,-5,2,-2,-5,5,-4,-11,-12,-1,2,0,-9,8,-8,6,2
-5/99,0,0,0,1,-2,2,-3,-2,-9,-7,-7,-7,-3,-10,-8,-2,6,6,3,-7,-13,15,4,6,12
2/103,-1,-2,2,1,2,4,-6,1,-9,4,-7,-7,-5,4,-8,6,-4,10,-12,15,-10,13,-4,10,1
-4/49,0,-2,1,-5,0,2,-6,-2,4,2,8,-8,6,7,0,-3,-12,2,-12,15,2,5,2,6,-10
2/47,-1,2,0,1,0,2,-3,1,6,9,-10,-2,-6,-2,3,-3,9,4,8,4,0,-1,2,18,-1
-7/96,0,0,-2,1,2,-1,-3,1,0,-2,-1,6,6,4,4,-10,5,5,2,-7,7,-14,-4,-9,-6
-2/47,1,-2,2,0,-2,1,-4,1,-8,4,-9,-7,0,8,3,6,0,4,-3,0,-1,-5,12,-8,13
-7/102,0,0,2,1,4,2,-2,1,-4,6,-9,-7,-6,-1,12,-3,2,6,0,-15,4,-12,-6,6,11
-3/91,0,0,2,-5,6,-2,-3,1,-8,0,8,10,0,12,2,-11,-10,1,8,-6,12,15,10,4,5
1/19,0,2,1,3,4,4,-4,-2,-8,-8,10,10,0,5,12,-2,2,-7,6,-2,4,8,-1,18,12
3/95,0,0,0,1,-1,-5,-6,-2,-3,-2,8,-5,6,1,-7,3,4,-1,-5,13,7,-16,2,6,2
1/97,0,2,-2,1,4,4,-1,-2,4,5,-1,6,-1,-1,-11,7,-14,-7,4,-15,-13,-7,4,9,4
-32/33,0,0,4,1,-2,2,5,-2,2,0,0,-2,-5,1,6,-2,13,-11,-11,-4,7,10,-16,-15,5
-29/30,0,0,0,3,2,-1,2,1,-3,-10,-4,-7,6,-9,4,-9,0,-6,4,0,-2,13,-1,0,0
4/85,0,2,0,-5,2,-5,-2,-2,2,-1,0,-10,2,-3,4,2,2,8,-12,-15,0,12,12,-9,-2
38/5,-1,2,0,1,-5,-5,5,1,-8,-2,-1,-2,-3,10,0,11,-4,10,4,7,-16,10,0,18,-18
38,-1,-2,0,3,4,6,-3,1,-3,0,2,8,-6,4,-6,-6,-4,8,4,9,-10,11,6,-12,-18
-24/31,0,0,4,1,-5,1,-3,-2,-4,-5,2,-8,0,4,0,-4,-4,13,5,6,0,1,3,-14,11
72/25,0,-3,0,-5,-1,-6,-4,1,-3,4,10,-1,6,-3,2,-7,-4,5,-13,5,4,8,10,-13,8
17/14,0,2,2,-5,-1,-5,-8,1,-6,-3,1,-7,10,6,-6,-7,6,-5,8,-4,6,0,12,-6,2
68/99,0,0,3,-5,-2,0,-8,-2,-3,-2,2,-5,-5,6,0,5,-4,-1,2,2,-13,8,-4,9,-14
71/101,0,2,4,-5,0,4,2,1,-3,5,-5,-8,12,10,6,9,0,-1,10,-12,10,-10,2,4,11
74/101,1,2,1,1,-3,2,5,1,-8,-8,8,-11,-3,-4,-8,6,-4,-4,-7,-12,7,5,4,-1,8
34/33,1,0,-3,-5,-2,1,-8,1,6,2,8,-5,1,12,7,1,10,8,4,6,-7,6,-11,10,-3
19/17,0,-2,3,-5,4,-5,-2,1,-6,-2,1,-8,-6,5,-4,-6,-11,1,2,3,11,-15,4,4,-2
-91/27,0,0,2,1,2,-7,-3,-2,2,-7,0,6,0,10,0,-4,0,4,-7,4,4,-10,9,-14,10
-90/23,1,0,0,-5,0,-5,-6,1,0,6,10,-2,-6,-1,8,1,-4,5,4,-12,-2,12,-3,-16,-7
65/42,0,0,0,-5,2,-7,-5,1,-3,-4,-1,10,-3,8,1,-4,-7,-5,5,-8,-1,4,8,10,-9
66/43,-1,0,-3,3,0,2,-3,-2,-3,9,-8,10,-2,-12,0,-14,0,1,-7,16,2,-8,-13,6,-12
-79/9,0,0,1,1,-5,2,6,1,0,-5,-5,-7,-6,-3,-2,1,-12,5,4,6,4,4,-6,10,10
-83/9,0,0,0,-5,-2,4,-3,-2,-3,2,-1,7,8,1,-6,-11,-7,-7,16,-6,-6,-10,0,-8,-14
-82/13,-1,-2,0,-5,-2,-2,6,0,-4,4,-1,-7,-4,4,11,6,-14,-4,11,-3,-11,0,1,-14,-1
-67/74,0,2,2,1,-3,6,2,1,-3,2,-4,-8,-3,4,2,6,10,-5,-5,6,11,-4,6,0,-5
-29/37,0,2,-2,3,-5,-5,-3,-2,-6,-10,-8,-8,-6,-12,0,-2,6,-10,-12,8,2,15,7,-10,17
17,0,-2,2,3,2,-5,-8,-2,-8,-5,8,-2,-6,-6,0,6,-7,-6,-14,-4,-2,-4,-12,-8,-7
60/11,0,0,0,0,-2,-1,1,1,6,4,-4,6,-9,-4,8,-2,-4,-4,2,-8,-7,12,5,12,3
64/5,0,-2,0,3,-3,-5,-5,1,-4,6,10,6,12,6,0,-12,0,2,14,-4,14,-16,14,-6,7
61/5,0,-2,0,0,6,6,-6,1,-8,-10,6,11,-5,4,-11,-2,-12,-13,-4,-13,14,13,3,-6,-3
-52/17,0,2,1,1,2,-7,-2,-2,-3,3,8,-5,8,4,-6,-2,9,6,6,3,2,-1,4,1,0
-46/59,-1,2,4,0,4,6,1,1,-7,-5,-5,-2,-7,0,-1,6,10,-5,4,4,-1,4,-16,-14,13
-22/31,-1,-2,0,1,0,-6,-3,-2,-8,-10,2,-5,0,4,11,-3,4,-6,-2,-12,-6,-16,10,10,1
65/63,0,0,0,-5,-3,-7,-3,-2,-6,9,3,-2,6,-7,0,-11,-9,2,-10,5,7,-8,0,3,-6
23/20,0,2,0,-5,4,6,-6,1,-7,7,3,-2,-5,10,-6,-2,0,1,4,15,14,6,16,1,14
62/59,1,2,3,1,6,6,6,1,-8,-2,-10,5,6,4,1,6,10,8,2,5,11,5,1,-10,-19
31/30,0,0,0,-5,0,4,2,1,3,-7,-10,-7,0,5,-8,-10,5,0,-4,-6,2,-9,-15,6,-18
-10/33,-1,0,0,-5,-2,-6,-1,1,-4,-5,-9,-2,8,-6,0,-2,-14,-8,8,12,-2,11,-7,-12,-12
-58/33,-1,0,1,0,-2,2,1,1,6,-10,-6,5,-6,1,-11,-10,0,-4,-2,13,2,-16,4,-6,-7
-63/34,0,-3,3,1,-2,2,-2,-2,3,0,1,-2,8,8,0,-12,6,1,10,12,6,13,-4,6,8
-57/31,0,0,2,1,-5,6,-6,1,-3,6,2,-6,-6,4,-10,-7,-2,13,4,-5,-2,8,4,-10,8
-59/28,0,2,-2,-5,-2,1,1,1,6,4,1,5,-6,0,1,-6,-12,-3,-10,-15,-8,-6,6,-14,17
-63/29,0,0,2,1,-1,-5,3,-2,-3,-6,4,-1,-5,-1,-6,-6,1,-10,-7,-3,12,5,14,5,-13
43/48,0,0,0,1,0,6,2,-2,6,4,-1,2,-6,-1,-6,-6,0,1,12,6,-1,-4,5,2,10
44/45,0,0,0,3,0,1,-3,1,6,10,3,-11,-1,-2,0,4,0,1,8,12,2,-14,12,-9,-19
7/31,0,2,-2,1,-1,-5,-4,1,-8,-10,2,-2,4,10,-4,-2,4,10,1,14,12,-4,2,18,10
19/50,0,-2,0,-5,4,2,5,1,-4,2,2,-5,-3,9,3,6,-9,4,-8,13,6,-1,9,-1,18
44/97,0,-2,0,-5,0,1,5,-2,6,4,3,10,-2,-1,-8,-3,-13,13,-11,6,11,-11,14,5,4
21/50,0,0,0,1,0,-1,-3,1,3,4,6,10,6,10,0,1,-3,-3,4,-8,14,0,4,6,-18
-60/41,0,0,0,-5,0,-1,-5,1,1,-3,-7,-7,6,6,4,-7,8,-5,-14,-1,0,12,-15,12,8
1/50,0,-2,0,0,-1,-6,3,1,2,-10,10,-7,8,4,-11,-3,-4,-4,4,-4,6,-8,2,-4,14
23/34,0,-2,-2,-5,-5,4,-2,1,-7,6,10,-2,7,8,-6,-6,-4,13,-2,-9,-14,-16,-3,8,-7
67/100,0,2,0,1,-5,-6,-4,1,-8,2,-1,-8,1,-7,11,-11,0,-2,-5,-4,-5,-7,-3,-6,-9
31/48,0,0,-2,-5,4,0,4,1,0,2,-10,5,-7,-9,-11,-3,-12,8,5,-5,-5,8,1,0,6
-7/61,0,-2,0,1,0,-5,4,-2,-8,-5,2,6,-6,4,0,3,-13,-4,9,3,-2,4,6,12,12
4/15,0,0,0,-5,-5,0,5,1,3,-5,1,-7,3,-4,0,-2,6,-7,-5,3,-4,-1,4,-10,1
73/25,0,2,0,1,2,-5,1,1,6,-10,-2,-10,-9,2,-2,-9,0,-11,11,-3,-11,5,3,12,1
68/23,0,2,0,1,-1,6,-8,-2,0,-5,2,10,-3,12,12,-4,4,-13,-14,15,2,12,2,18,13
71/22,0,-2,3,0,-2,-5,-3,-2,-8,2,1,-2,6,-1,-11,-6,6,1,2,-12,-14,-10,0,18,-9
61/27,0,0,3,1,6,-1,4,-2,-8,9,-1,-2,-7,9,-1,6,-9,-13,4,-12,-7,0,-10,12,-1
19/5,0,-2,0,0,2,-1,2,1,-3,-1,1,2,-6,8,13,-2,-4,10,2,-3,-11,9,-15,18,13
56/25,0,-2,0,1,-3,-1,1,-2,-3,6,2,-7,-6,8,12,-6,7,5,4,12,0,5,3,6,-7
43/33,0,0,4,3,-2,-5,-3,1,6,-10,6,-2,10,-1,0,-2,-10,-1,3,-12,6,8,12,6,-6
-109/25,0,-2,0,1,-3,-5,2,1,-8,7,-9,-1,0,-6,6,-6,6,-10,12,6,6,-1,6,-8,-2
-35/44,0,-2,0,1,-2,-6,2,-2,2,-5,-1,-3,-7,12,-6,-6,6,-11,11,-6,8,0,6,-12,9
-71/91,0,2,1,-5,-1,-2,-3,-2,6,-2,-1,6,-3,10,-6,-11,0,-11,12,-12,-13,12,-3,6,2
-77/86,0,-2,3,1,0,-5,-3,-2,-3,3,3,-7,8,-12,8,-11,0,10,10,8,-10,5,12,0,-6
-72/89,0,-3,0,0,4,2,3,1,-3,6,10,-5,-3,-10,12,-6,13,2,8,6,-7,-15,7,-8,-5
-11/70,0,2,0,-5,0,1,2,1,1,4,10,-8,-6,-2,3,6,4,1,-12,-5,0,-12,1,-10,-2
-13/69,0,0,-3,1,-2,-7,-3,-2,0,-5,2,-5,-6,8,10,6,7,1,-13,12,-13,8,-16,-17,9
-16/69,0,0,0,1,-1,-1,4,1,0,-5,3,10,-6,-4,-8,0,6,5,-14,-12,-6,-8,5,18,-18
-20/69,0,0,0,1,0,-5,2,-2,0,3,6,-8,-1,1,-3,0,6,6,9,-8,-9,0,-15,-6,17
43/73,0,2,0,-5,-2,6,6,-2,-3,0,10,-1,-6,-1,0,-4,2,1,4,-4,-6,5,-6,-17,2
41/72,0,0,2,3,4,-5,-5,1,2,-4,2,6,-4,4,-6,-2,4,1,-14,-15,-7,13,12,1,-7
37/71,0,-2,-2,1,-2,-5,4,1,3,3,3,-11,-3,4,-6,-7,1,-8,4,4,-4,8,-16,-15,13
5/42,0,0,0,-5,-2,-6,1,1,-6,4,1,8,-6,4,-8,-2,-12,-10,0,-15,-2,0,10,-6,17
13,0,2,0,1,-1,-7,-3,-2,-3,9,-9,10,0,-1,1,5,-4,13,3,4,-1,6,5,-10,-2
28/5,0,-2,0,1,6,1,-4,-2,-3,2,10,10,-7,4,-6,1,2,8,11,-12,2,-14,6,1,-2
43/7,0,2,1,-5,-2,-5,5,-2,-6,-7,0,-7,-6,-1,-2,-2,8,2,-10,6,2,1,-4,2,8
77/12,0,0,4,1,0,2,2,1,-6,-2,-5,-6,3,-4,-4,-6,-9,-10,-8,7,0,6,4,-9,2
83/15,0,0,0,1,4,-1,4,-2,0,0,-1,-2,-1,-6,10,-6,-3,8,-3,-2,-11,-1,0,3,0
-1/96,0,0,1,-5,-3,-5,2,1,-8,4,1,-2,-6,6,0,6,-4,-12,-12,-4,6,-6,2,-12,8
-27/11,0,0,3,1,-2,6,-3,0,6,4,6,10,-6,8,0,0,0,1,16,12,8,10,-16,-12,-5
-52/27,0,0,1,3,4,-7,2,-2,6,-8,-9,-7,-2,-7,-8,-6,11,2,10,-4,-2,0,-16,0,-14
17/8,0,2,1,3,0,6,-8,-2,-3,9,6,-5,-6,1,-6,-9,0,2,2,-5,-16,-6,16,1,-9
38/17,-1,2,2,0,6,1,-2,1,-3,0,0,-11,-5,-4,12,-6,-14,13,0,0,0,-14,9,-12,1
37/17,0,-2,0,3,0,-6,-2,-2,-3,0,-10,-11,-9,6,-11,-10,8,-13,-7,-13,-13,5,2,1,-2
70/37,-1,2,0,1,-5,-5,6,1,-3,4,-1,-8,3,-6,10,6,-4,1,8,16,-10,-6,6,5,-6
76/37,0,2,-3,3,0,2,2,1,1,-3,1,-8,-7,8,-10,-3,0,8,6,-4,11,-4,1,12,17
34/15,-1,0,0,1,-2,-5,-8,0,-3,10,-7,-7,-6,12,-6,-2,0,2,4,6,12,-16,4,-15,0
-13/54,0,0,2,3,-1,-7,1,-2,3,-2,-8,-2,12,5,0,-10,-4,6,12,14,-16,-12,6,-17,-14
-5/28,0,2,0,-5,-5,-5,5,-2,-4,-4,3,-2,0,1,0,-11,8,2,2,-7,-13,-16,0,3,-1
49/12,0,0,0,1,4,1,2,1,2,0,8,8,4,-2,-6,-3,11,0,-12,-8,-6,5,17,-3,-1
59/14,0,2,4,-5,4,6,2,-2,-9,-1,-6,-6,0,4,0,6,-12,4,2,-5,1,10,4,-6,-2
-44/15,0,0,0,-5,0,-5,2,-2,-8,0,-9,10,6,4,11,6,0,-12,8,13,-7,10,6,3,-7
-61/35,0,2,0,-5,0,6,1,-2,-6,3,-1,-8,-6,-1,6,-10,4,-13,11,-15,-13,4,0,18,13
-62/37,1,2,1,-5,-5,-5,-6,1,1,3,-10,-8,-5,-3,0,-4,10,6,12,0,2,4,2,-14,-18
-18/41,-1,-3,0,-5,2,-5,6,-2,-4,9,1,2,6,4,-7,6,0,8,12,6,6,9,4,-3,-4
-9/20,0,0,0,1,6,-5,2,-2,-8,4,-4,-1,-6,-4,-11,-12,-4,-1,5,6,-6,4,9,6,-12
43/37,0,2,2,-5,0,4,2,-2,6,0,-6,-8,6,-1,-6,7,9,10,-12,3,-1,10,-8,6,-6
91/73,0,2,2,1,-1,-7,-3,-2,-8,-5,-4,-7,12,-10,-6,-2,-11,-2,11,-8,-6,-7,6,10,8
82/59,-1,-2,-3,-5,-3,-5,-5,-2,-3,-3,-1,-10,-4,-9,-8,-6,10,-11,0,3,2,9,4,-1,0
-53/101,0,-2,-2,0,-5,-1,-6,-2,1,3,-5,-7,6,7,-4,-10,-7,-10,16,6,-7,6,3,3,10
-55/106,0,-2,0,0,0,-5,3,-2,-3,7,-1,10,0,12,-6,5,0,1,9,-15,-6,15,-16,0,10
-27/53,0,0,0,1,0,6,6,1,2,-5,3,5,6,-10,11,5,0,-4,12,-3,-9,-7,0,-14,14
-53/103,0,2,1,1,2,2,5,-2,4,9,-10,10,-6,8,-6,-10,10,1,11,3,-11,-9,-3,10,-7
-49/99,0,0,1,1,-2,0,2,1,-6,-5,-4,8,-6,-1,6,9,-11,4,2,13,-1,-4,16,6,-5
-50/99,1,0,0,1,-2,2,5,1,2,7,-6,6,7,8,6,-2,-4,8,12,5,-2,5,-4,-6,-7
51/13,0,0,0,-5,0,-2,-8,0,3,-3,1,-2,7,4,3,6,-4,6,0,-12,-7,-12,-8,6,14
52/11,0,-2,3,1,-2,-7,2,-2,3,10,4,6,-6,-10,6,-10,0,8,5,-3,-4,10,-7,1,8
-47/20,0,-2,0,-5,4,2,1,-2,6,-7,-2,10,-6,-6,-8,1,-11,-10,12,-1,-10,-8,-1,10,-3
-47/17,0,-2,2,3,4,4,-2,-2,0,4,1,-5,-1,4,-8,-2,-7,13,3,-15,12,-14,0,-10,-2
-53/34,0,2,-2,-5,-1,-5,-2,1,4,4,3,-6,-1,-4,-2,-10,-2,-4,16,14,-13,2,-11,-2,-6
98/47,-1,2,2,1,4,-1,4,-2,2,0,1,-3,-4,10,3,3,2,-12,2,-12,-13,6,6,2,-1
35/67,0,-2,0,1,-1,4,3,-2,-8,7,2,-3,6,-7,6,6,6,10,0,13,-2,-9,0,10,-6
29/70,0,-2,0,-5,6,4,-5,-2,2,-10,1,10,-6,-6,0,3,1,-2,-12,12,-10,9,0,5,-2
27/71,0,0,-3,1,-5,4,-4,1,6,4,3,-6,-6,0,0,6,-7,-5,9,4,12,10,12,4,8
-15/77,0,0,0,-5,-2,0,-3,1,-3,4,1,-3,3,8,0,-10,11,2,-12,-9,-13,1,-13,12,-2
-4/9,0,0,1,-5,-1,2,-4,1,-4,-4,3,-5,-5,4,4,6,0,2,2,-15,-7,-10,-4,-14,2
-17/48,0,0,4,3,-3,2,-8,1,-8,6,1,-7,12,12,-10,-2,8,1,8,-8,11,-7,0,0,-14
-17/14,0,-2,-2,-5,0,-1,-8,-2,3,-4,2,-8,-1,12,-3,1,5,8,-14,0,-6,12,-4,-3,2
51/14,0,0,2,-5,2,6,-8,1,6,3,-4,8,-4,-10,0,-3,-5,13,0,6,2,-7,3,-13,13
17/5,0,2,0,1,6,-6,-8,-2,6,6,-1,5,4,-12,0,-2,10,6,9,-6,-4,8,1,-9,-2
-97/101,0,2,2,-5,-5,0,6,1,6,7,0,-1,10,2,1,-4,-14,-12,2,-3,-14,6,-16,1,8
-59/35,0,-2,0,-5,0,-5,-4,-2,-4,-3,-2,10,3,4,2,6,-12,10,4,-9,2,-8,4,-9,-9
-55/29,0,2,0,0,0,6,5,1,6,-6,3,-6,6,8,6,-2,-4,-8,2,4,14,4,2,-12,1
44/71,0,2,2,1,0,1,-4,-2,-4,3,-4,-5,0,4,0,-4,-4,2,12,4,-13,-9,-4,0,-6
-85/86,0,2,0,3,-3,-5,-8,0,6,-1,-8,5,-4,-12,10,-2,0,-5,-14,-3,8,13,2,-16,2
33/49,0,0,2,-5,0,0,-4,-2,3,-4,2,-8,12,2,10,-7,-4,1,-10,-12,10,-8,2,-12,13
31/47,0,-2,-3,1,-2,6,2,-2,6,9,-10,6,-6,4,3,-2,6,1,2,-12,6,-4,3,10,17
-49/17,0,2,2,1,-5,-5,-2,1,1,0,10,-2,-6,6,3,7,-9,-2,-4,-3,-4,8,12,-9,-14
-51/16,0,0,2,1,-2,-1,-8,-2,0,-3,-1,10,6,8,-6,2,-14,-12,12,3,-6,-10,12,-16,-6
-1/31,0,-2,1,1,2,-5,-5,-2,-4,3,2,-1,0,-6,-7,1,0,5,-10,13,5,13,-3,-6,-2
25/51,0,0,0,1,-1,2,-2,1,-3,9,-5,-2,2,6,-6,-2,0,6,12,0,14,-8,0,-12,-7
22/51,1,0,-2,-5,0,-5,-2,1,-3,4,-4,-6,0,6,-3,6,6,-2,2,0,1,8,14,1,8
57/101,0,0,3,-5,-5,6,5,1,4,-7,3,6,3,8,-6,-2,-14,1,-3,13,11,8,-12,0,-9
49/96,0,0,1,1,-1,0,-5,-2,6,0,6,2,-3,6,2,-9,-4,8,11,3,-4,-8,0,-3,-13
-30/101,1,0,0,-5,4,2,-3,-2,1,-7,-10,-2,6,-2,0,-10,13,-7,2,-8,-11,6,3,3,-3
-17/50,0,-2,0,-5,6,0,-8,1,-3,9,-10,-6,-4,8,4,1,-11,-8,12,9,14,15,-16,-8,12
37/72,0,0,4,0,0,-1,2,1,-4,9,-9,-11,6,-4,6,1,-2,-11,-14,-3,-7,5,3,-10,-4
11/24,0,0,2,1,0,2,-3,1,3,0,-7,10,8,-1,3,-6,6,-5,8,-9,5,-16,16,8,1
17/37,0,-2,0,-5,4,4,-8,1,-6,9,-1,-8,1,4,-7,6,0,5,1,-15,14,4,-5,10,13
-91/97,0,-2,-2,1,4,-7,-3,1,4,-5,4,-7,-3,1,2,6,-12,-4,4,-9,-2,0,-1,-2,4
-89/93,0,0,0,0,-1,2,-3,1,-8,3,2,10,-6,-6,-8,-3,-4,-8,-14,6,-2,9,-3,-13,-14
-43/78,0,0,1,1,-5,-2,5,-2,6,-5,2,-2,12,-1,-6,-9,10,-10,9,12,11,4,1,10,-18
-41/77,0,-2,2,-5,-2,0,2,1,-3,6,-1,10,-4,4,11,-2,0,2,5,3,-13,-14,-4,0,17
-42/79,1,0,0,1,-5,2,1,1,-3,-1,3,7,-6,-4,-11,-2,-4,6,-12,-7,-16,-8,12,-2,8
-41/78,0,0,2,0,-2,-2,4,1,-8,4,3,7,-4,-9,-3,-2,-4,0,12,5,7,-4,-3,10,2
-44/75,0,0,0,0,0,-6,4,1,6,2,1,-6,-6,-1,13,-6,6,-5,16,-5,-13,10,8,12,10
-41/76,0,2,2,1,0,2,2,-2,0,0,8,6,-4,-6,-11,6,1,-10,2,0,4,1,-16,-13,13
-37/78,0,0,4,-5,4,-2,5,-2,-3,-5,10,-11,12,-4,0,9,-13,-1,4,-2,-13,5,-4,-8,1
-40/81,0,0,0,-5,-5,-5,-1,-2,1,-8,-2,2,12,12,13,-2,-7,5,12,6,10,15,1,-8,-3
-17/43,0,2,4,-5,2,6,-8,1,-8,-4,-9,-6,-6,-12,-11,9,9,-7,4,-12,-8,-15,-13,2,-18
-21/23,0,0,-3,1,-5,6,2,1,0,-10,-1,-7,6,1,-8,-10,10,-2,-12,6,14,-9,14,18,2
-49/15,0,0,0,1,4,-5,3,-2,-3,-10,-5,2,0,5,-7,-2,7,13,16,4,7,0,4,-15,11
1/17,0,-2,2,-5,-1,2,-2,1,-9,-5,3,-11,-4,4,0,-2,0,6,11,-6,-2,-10,-13,-1,8
5/17,0,2,0,-5,6,4,-2,-2,-8,-7,-2,-7,-7,-6,8,3,10,1,8,-4,6,-8,16,-1,14
8/47,0,2,2,3,6,2,5,-2,6,2,4,5,2,4,3,-12,0,1,3,-9,-10,15,15,-1,-18
-48/41,0,0,-2,1,4,0,5,-2,-3,-2,-1,-7,6,0,-6,-14,-12,-7,2,14,-10,1,5,-6,-8
-25/21,0,0,0,-5,-2,-5,5,1,-3,3,10,11,8,8,4,3,-2,-12,-12,7,8,15,3,6,18
-98/81,-1,0,2,1,-2,0,3,-2,3,-8,3,5,6,7,3,-4,-7,-4,6,-9,11,-9,6,6,14
-46/41,1,2,1,-5,0,1,-3,-2,-7,4,-1,10,6,1,8,1,-2,-7,-12,-5,11,-7,15,0,-2
-101/83,0,-2,2,3,4,4,-3,-2,-3,-10,2,-10,-7,2,3,10,-4,1,5,-9,-6,-9,-16,0,2
-74/19,1,2,1,1,6,-5,2,-2,3,3,2,-11,-7,8,12,-10,0,2,-2,15,12,10,3,2,13
-79/23,0,2,0,1,0,-1,4,1,0,-10,6,-2,-3,-10,0,-3,0,-7,-2,10,-6,4,17,4,-12
-79/10,0,-2,0,-5,-1,-1,-3,-2,-4,-3,-1,10,-4,2,0,6,6,2,-4,8,11,4,-12,-6,-2
-80/11,0,-2,0,0,-2,2,-6,-2,-4,-1,-10,5,-4,0,0,0,2,4,12,6,11,4,6,-8,2
7/16,0,2,0,1,0,4,-1,1,-4,-3,-1,-8,3,6,0,6,2,-4,3,6,-9,8,-3,6,3
14/67,1,-2,2,1,-2,6,2,1,-6,-5,-5,6,10,4,-6,-3,-10,1,0,-9,2,-6,2,-3,14
5/22,0,-2,0,-5,-2,0,4,1,6,7,-9,-8,-6,-4,0,1,0,-5,8,-12,4,10,-6,-14,-8
18/67,-1,-3,1,0,4,-1,3,-2,4,-7,4,-2,-9,4,-6,-10,-7,-5,0,-15,-13,11,12,18,-14
16/67,0,2,-3,-5,4,-5,4,-2,-3,-4,-4,-2,-4,9,-3,-2,-2,-5,0,6,2,8,12,0,-14
-9/7,0,-3,0,-5,4,-5,-5,1,6,6,3,-8,4,7,8,6,-12,8,4,3,7,-12,-3,18,-3
-56/43,0,2,-2,1,-5,6,1,1,3,-2,4,-2,0,-12,8,1,13,1,-3,-1,-13,-16,-4,12,10
-33/67,0,0,2,-5,0,1,3,-2,-3,-4,3,-5,0,-1,-6,10,0,2,0,15,14,-1,-4,0,-10
-18/35,1,-3,0,-5,-1,4,3,1,6,-8,3,-7,3,-1,0,-3,6,-8,2,7,12,-1,-16,-6,13
-20/37,0,2,0,-5,2,2,3,0,-3,-5,2,-8,-6,-9,4,1,-7,-4,5,-12,-11,-14,6,-15,1
-41/71,0,-2,1,0,4,-5,-4,1,4,-5,1,2,-4,4,-8,3,-9,2,0,4,2,-16,6,0,1
-37/69,0,0,0,1,2,6,2,1,0,2,-1,-11,1,6,6,-3,-14,-5,8,5,2,15,10,-6,-2
1/37,0,2,-3,-5,-2,-6,-5,1,-3,4,-9,-8,10,8,8,6,1,-2,-10,-7,-13,1,15,6,12
26/83,-1,2,-2,1,0,-7,-3,0,-3,-5,4,10,7,4,11,-3,4,6,-3,0,2,10,-16,12,0
-78/59,-1,0,-2,1,0,-7,2,1,-8,0,-9,-7,2,-2,0,-10,10,-7,6,12,-5,4,-4,-3,-13
49/5,0,-2,0,1,-5,0,2,1,-9,-2,4,-3,-6,2,-6,-2,6,-8,4,-12,-10,6,-3,-10,-3
-96/83,0,0,0,-5,2,6,2,1,-8,-3,-1,2,0,-9,1,6,-2,6,-14,4,-9,10,-16,-1,-14
-97/81,0,0,0,1,2,4,2,-2,-3,0,-8,10,2,7,10,-10,11,2,-14,15,-13,-8,0,-6,8
-96/79,0,0,2,0,4,-5,3,1,6,-5,-4,-2,8,-1,0,-11,0,-2,-14,14,2,-8,-4,10,17
41/29,0,2,1,1,0,-5,-6,1,-8,-6,-9,10,-4,4,-11,-2,-11,-12,-12,-3,11,-4,10,18,2
-29/50,0,-2,0,1,0,-5,6,1,6,-10,-5,-8,2,4,12,-2,-11,2,-2,-13,-11,0,2,8,-2
-33/53,0,0,2,-5,0,-6,-4,-2,-3,-3,-1,-6,4,-6,-6,5,10,-1,2,-12,-6,15,3,-12,-2
-15/29,0,0,0,1,-5,-5,2,1,-3,-6,1,-7,8,-2,10,7,-14,-2,3,-6,-13,2,2,12,1
-50/47,1,-2,0,-5,0,2,-3,1,-9,2,-2,-3,-3,4,3,-4,-14,-5,-5,-12,7,10,4,-14,8
-17/23,0,-2,4,1,4,2,-8,-2,0,-1,6,-7,7,10,1,2,0,2,10,-12,-2,6,3,-3,14
-43/45,0,0,0,1,-5,-5,-1,1,-4,10,-1,11,6,-1,0,0,2,1,-4,14,-11,-8,8,3,8
-44/45,0,0,0,-5,0,2,-3,-2,-8,3,10,10,-4,8,3,-11,-1,6,-12,6,12,6,2,-6,-3
9/79,0,0,4,0,6,-1,1,-2,-8,-5,6,-11,-6,7,6,-3,10,4,5,-8,-10,-8,12,-17,-13
9/38,0,-3,3,3,-3,-5,5,-2,-9,4,10,-7,-6,0,-8,6,1,-4,-12,-9,11,6,-10,-15,-2
7/37,0,2,0,1,6,1,-3,1,1,3,-9,-8,-4,-4,-1,3,6,-3,-12,0,11,6,-7,-8,2
16/75,0,0,0,1,-2,6,6,-2,6,-10,6,-5,0,-2,8,2,0,-11,-12,12,-13,4,-16,-12,12
-79/37,0,-2,-2,1,4,6,-6,-2,-9,4,1,-8,-4,-4,3,1,-7,10,-10,12,2,4,4,-16,-9
-62/51,-1,0,0,-5,6,2,-2,1,2,9,-10,-7,-7,10,-6,-2,0,0,-10,6,-7,-14,0,10,-18
-24/23,0,0,-3,1,0,-5,-3,-2,0,-2,3,10,2,2,2,-9,7,-7,5,7,-4,-8,-12,2,-6
-13/12,0,0,2,3,0,-7,-5,-2,-4,4,8,10,6,0,-8,4,0,-13,4,-12,-9,-4,1,-6,-6
-11/10,0,2,0,0,0,-5,-3,1,-3,-2,-6,-5,3,1,1,3,0,-1,11,0,4,-8,3,6,2
-81/10,0,0,0,0,-3,2,2,1,6,-10,-9,-2,0,-2,12,6,6,5,-8,-8,-2,-16,-7,18,12
-19/3,0,0,0,3,-5,4,2,1,-3,9,-10,-1,12,12,0,6,13,10,5,-15,-4,-11,6,3,16
-40/3,0,0,0,3,4,-5,5,1,6,-4,-4,7,-6,-6,-6,-9,-13,8,2,-12,0,6,-4,0,10
-79/20,0,2,0,1,-5,4,-6,1,3,-5,1,-7,0,0,0,-14,4,-12,14,8,-6,4,-7,6,-6
-79/24,0,0,1,-5,6,6,-3,-2,-3,10,-4,2,-5,4,-10,4,11,-7,12,-9,-4,4,-3,-15,-2
-19/5,0,2,0,1,4,-5,2,1,6,-7,-8,10,-4,-2,-6,6,1,-7,5,8,5,-6,14,-17,6
38/91,1,-2,3,-5,0,-2,6,1,6,-3,3,-11,0,10,-7,-3,10,-1,4,13,-10,-15,-9,8,16
34/95,-1,-2,0,-5,0,0,-8,-2,-9,-8,8,-2,-1,10,1,4,-3,10,8,-15,4,-6,6,1,-4
79/3,0,0,3,3,0,-1,5,0,3,6,4,2,12,-12,-8,-2,-10,1,11,11,-13,4,16,-3,14
82/3,-1,0,1,-5,0,2,3,1,1,-5,8,-2,-4,-1,-6,-2,-4,8,-4,-15,-8,0,-8,2,8
38/3,1,0,4,0,0,-5,1,1,-3,5,1,-7,12,2,0,1,0,-2,-14,-5,-8,12,0,18,18
26/93,1,0,3,1,-2,-7,3,1,-8,3,2,-2,12,8,0,-6,-4,-6,12,-4,-10,1,6,10,11
27/97,0,0,0,0,-2,4,5,1,6,2,1,-1,10,-2,6,11,-12,10,4,12,-13,-4,-11,1,4
28/99,0,0,-2,1,-2,2,-6,-2,0,-5,0,-5,-2,-2,-6,-6,-12,-11,4,2,2,13,-4,-6,-18
13/51,0,0,0,3,4,-7,-2,0,-8,2,-9,-6,-4,8,-6,2,-5,-6,-6,-8,-5,-14,16,0,17
29/106,0,-2,2,0,-5,-5,2,-2,3,-10,2,-7,6,4,3,5,-4,2,-10,4,12,-1,0,18,-18
-55/87,0,0,0,-5,0,-5,5,-2,3,-6,-10,-5,-4,12,0,6,-7,-10,-7,2,-2,-16,0,18,0
-53/88,0,2,1,1,-2,-1,2,-2,-9,-4,1,-7,-9,4,2,-10,-4,-4,5,-9,4,11,4,3,5
25/69,0,0,0,3,-5,1,-3,-2,0,-8,-1,-3,-6,-3,-8,-6,-4,4,-2,16,12,5,-3,-1,-6
24/67,0,0,-2,1,-1,6,-1,-2,3,6,3,5,2,-6,4,-11,5,-13,0,4,6,-7,-16,-3,-18
-34/81,-1,0,0,1,0,-6,-8,1,-3,-2,-1,10,-3,0,-8,1,-11,2,2,6,11,-1,-12,-14,-9
-13/41,0,2,3,1,0,-7,2,1,-8,4,-1,-1,6,7,4,-11,6,-8,-10,-4,11,5,3,1,2
-16/39,0,0,4,3,-5,-2,1,-2,-4,10,-4,6,6,-1,4,-2,0,8,-8,7,-5,-10,2,10,-7
16/35,0,-2,0,-5,0,-1,3,0,-3,6,-10,6,-1,-2,-10,-7,0,8,12,-15,-10,-10,-8,3,14
33/32,0,0,1,3,0,6,-4,1,-9,4,-6,5,10,4,-4,-10,-7,-8,12,-3,-2,4,-3,1,-14
-71/63,0,0,-2,-5,0,1,-3,1,6,0,-1,-6,12,4,3,-4,6,-13,12,-12,-1,12,-3,-10,13
-67/56,0,2,3,-5,6,-6,1,-2,4,3,6,2,-6,-6,-7,5,-12,-4,-5,3,14,-6,-4,1,-2
-71/53,0,-2,3,-5,0,6,1,-2,-8,7,2,-2,-6,1,-6,5,-2,2,-10,-12,-13,2,3,6,8
4/77,0,-2,0,-5,-2,-1,-3,1,1,-5,1,2,8,4,0,10,13,-1,-10,-7,-16,-7,2,1,-6
10/73,1,2,0,0,-2,4,-6,-2,4,7,0,11,6,1,-1,-2,-13,-4,1,3,-6,-6,12,12,8
-99/85,0,0,0,1,0,2,-2,1,-3,-4,-2,-6,6,-1,7,-3,5,8,16,-13,-4,-8,1,0,-2
22,-1,2,-2,0,0,-1,2,-2,-4,6,-1,-7,-7,-2,3,-9,6,-8,-11,3,2,-7,4,-2,2
51/43,0,0,3,1,-3,1,-8,-2,2,3,3,11,-6,-12,-8,-11,-14,-3,5,-3,2,6,12,12,16
55/41,0,-2,0,0,0,-5,2,1,1,6,-8,5,6,4,-10,-2,13,1,8,-8,6,-16,10,-12,-2
19/13,0,2,0,1,-3,-2,-3,1,-3,-8,3,-5,-2,-6,1,-4,4,-7,14,6,-5,5,2,-2,14
-10/87,1,0,0,1,6,-1,6,1,6,-6,3,-7,-9,4,-6,-12,-10,-1,12,15,-6,-14,4,-8,8
-16/83,0,2,-3,1,-5,0,-3,-2,1,-2,-1,11,6,5,4,1,0,-1,4,-6,-1,4,-16,-15,-6
-11/83,0,-2,-2,-5,0,1,2,1,4,10,-4,10,-4,-6,2,0,-2,8,4,3,4,-4,-16,-1,-14
7/48,0,0,2,1,6,-5,-4,-2,-3,-5,0,-8,-6,-4,0,1,0,1,-2,-6,10,11,-10,0,18
9/47,0,-3,-2,1,-2,-6,-6,0,-3,6,10,-8,-7,-1,3,-2,-14,-13,5,0,-14,-4,3,2,14
5/44,0,2,0,1,-2,2,-4,1,-3,10,-4,-1,-4,2,8,-4,0,10,4,-12,-11,-4,12,6,11
5/31,0,-2,0,-5,-2,2,-3,1,-3,-5,2,-6,6,-3,13,9,8,-2,8,0,6,0,-3,-15,-10
7/46,0,2,2,1,0,2,-6,1,0,-8,8,-7,7,12,10,0,6,6,-11,-7,-2,-1,1,0,17
-31/86,0,2,1,1,6,2,2,-2,-3,-7,-10,-5,2,-12,0,3,-11,-4,5,11,-13,0,4,-7,14
-31/84,0,0,0,-5,4,2,2,1,-3,7,-10,-2,-6,4,0,0,-1,-8,-3,0,-8,-8,12,-10,-14
-35/86,0,-2,0,1,-5,6,3,1,6,-4,-5,-1,-7,-12,3,-3,-14,-5,2,-9,-2,-1,-3,-14,0
-71/59,0,-2,4,1,4,2,-5,1,4,4,3,-7,-6,4,0,11,10,-1,-10,-12,-5,1,4,9,-2
-17/15,0,0,0,-5,-3,4,-8,1,-3,-3,3,2,-6,-3,4,5,-5,8,3,-9,-10,-4,2,-1,17
6/47,1,0,-3,-5,-1,-5,1,-2,2,10,3,-2,-6,1,3,0,-4,-6,6,8,0,-8,6,-12,-1
-8/93,0,0,1,3,4,-1,3,1,-3,-10,2,-2,3,2,-6,4,-9,-2,-3,3,-13,-7,6,-6,10
-109/90,0,0,0,-5,2,-5,-6,1,-4,-5,-9,2,-6,2,8,-4,4,10,11,-13,-13,4,1,-14,7
-106/87,1,0,-3,1,4,6,5,1,1,-6,-4,2,4,1,-8,-10,-4,-2,2,8,-2,10,14,3,-6
-25/23,0,2,0,-5,0,-5,-1,1,0,0,2,-2,-1,-12,-7,-2,6,-3,4,-1,-8,1,-1,-15,8
-103/91,0,-2,2,-5,2,-2,2,1,3,-2,-5,10,6,12,-7,4,4,-5,-12,-15,-6,-7,4,-15,8
-38/45,1,0,0,1,2,4,6,1,-3,2,0,5,-1,0,11,6,2,-2,8,6,-2,-15,11,-10,9
-26/29,-1,-2,4,1,-5,-7,6,1,3,-6,-9,-1,8,12,-6,-11,0,-6,-12,12,2,-12,4,-9,13
-27/29,0,0,-3,0,-3,-5,-6,-2,3,-6,-4,-2,-2,2,0,4,-1,6,8,15,11,15,-4,0,3
-41/43,0,2,0,0,0,-6,2,-2,2,-3,-7,-11,-4,-12,3,2,-2,4,4,12,-11,-15,-4,2,-5
-77/97,0,2,2,1,0,4,6,1,-8,4,-10,-11,-6,-10,6,-6,-4,2,-11,9,12,5,4,0,4
-79/98,0,2,0,-5,-1,4,1,1,2,-4,-5,2,0,4,8,6,0,10,12,15,2,4,4,10,11
101/92,0,2,2,3,2,2,6,-2,0,-8,1,-7,1,0,4,6,6,-10,4,12,-1,4,12,6,-18
10/9,1,0,0,-5,2,-5,2,1,-9,3,-1,-10,-2,-4,3,9,-4,4,5,13,-16,-4,6,10,3
97/87,0,0,4,1,-1,-5,-5,-2,-4,-6,-1,-5,3,7,1,2,-14,1,-14,-6,-11,-7,4,0,8
-24/25,0,0,0,0,-2,4,2,1,3,-4,-10,10,-7,6,-11,6,-7,-5,-8,8,-8,0,15,-3,1
-48/49,0,0,-3,-5,0,1,1,1,3,6,10,5,0,6,0,0,0,-13,8,8,-13,-8,12,8,8
-23/7,0,2,0,-5,-2,-6,-3,-2,-7,-4,1,10,7,4,6,-2,6,-10,-14,-4,0,-14,10,-4,13
-93/28,0,0,1,-5,-5,6,1,1,-3,-4,-10,6,-5,-9,-8,-2,5,2,5,5,-6,12,-3,-12,-18
41/60,0,0,0,-5,2,2,2,0,-8,-4,-9,-2,-4,-4,8,4,2,-11,2,-15,-14,0,0,-8,0
-61/11,0,2,1,-5,-2,4,-3,-2,3,-4,8,10,4,-7,-7,-11,-4,-13,5,14,7,8,12,4,1
-28/41,0,2,2,1,-1,6,-3,1,-3,-5,-1,-6,6,-7,0,2,-1,8,-12,8,-4,-9,10,-17,5
-28/43,0,-2,1,1,2,-6,6,1,-8,-1,-1,-7,0,-12,0,-10,-10,-10,9,2,4,6,15,9,-6
8/51,0,0,-2,-5,0,-5,-2,1,-4,5,10,11,8,-6,4,-6,4,-3,12,8,-16,10,3,-3,11
-35/36,0,0,0,1,-2,1,-3,1,-3,-3,-2,6,-9,2,-11,-2,7,8,14,2,-13,-12,8,0,12
-31/37,0,-2,-3,1,2,-1,4,1,2,6,-10,-8,-6,-2,0,-2,-4,10,-4,4,0,5,-3,-1,2
26/25,1,-2,0,3,4,-7,3,-2,-3,-5,6,-8,-3,-9,-2,6,10,-5,6,5,-10,-11,17,-16,8
80/77,0,2,0,-5,-2,4,1,1,6,0,-9,10,6,9,1,4,-9,-1,10,-3,-14,12,-4,-14,-1
75/16,0,0,0,1,-3,6,-1,-2,-3,0,-9,10,-6,4,6,6,0,-7,-10,-3,2,15,4,6,6
74/13,1,-2,-3,3,-3,-2,1,-2,3,0,-1,-11,-6,4,-11,-9,-12,10,5,-9,-1,-9,-13,-10,2
75/13,0,0,0,1,6,-2,5,1,0,-5,2,-7,-1,-10,1,6,13,-3,-3,0,-2,2,-4,-7,-6
67/19,0,2,3,-5,4,-1,-3,-2,1,-7,-4,5,10,10,12,-4,-4,4,-5,-5,-13,8,2,2,2
70/19,1,2,0,1,2,1,4,-2,-8,6,-1,6,6,9,0,-4,-4,-7,-2,8,6,-6,-3,-9,10
-89/79,0,2,2,0,4,0,6,1,-8,6,-9,-10,6,-4,-11,3,2,5,-10,-15,2,-8,-3,-13,2
-94/81,1,0,2,0,-3,6,5,1,-9,-4,-9,10,-6,-10,-8,6,4,8,-11,3,-2,-10,8,12,11
-65/24,0,0,0,-5,2,-7,5,1,0,9,-9,-2,12,-6,7,-4,4,-2,16,-3,0,6,-7,-6,13
-65/23,0,-2,0,1,-5,-7,-4,-2,0,-4,3,10,2,-7,0,-9,0,1,10,0,-10,15,-3,-14,1
-21/8,0,0,0,1,4,6,-3,-2,2,4,-5,10,2,6,-6,-14,9,-1,4,-12,-2,12,-5,3,-6
-35/13,0,2,0,1,6,-2,-3,1,-3,-2,-1,-2,8,4,11,-12,-1,2,-10,-15,-2,0,-4,10,-12
-13/22,0,-2,4,0,-2,-7,5,1,-3,-4,-4,-6,-6,-6,10,11,6,2,-4,3,-5,-16,10,-1,8
-23/52,0,2,2,-5,-3,-2,5,1,-7,0,-2,5,-3,8,-2,-4,-3,-4,8,-12,2,-1,-6,1,6
-56/71,0,-2,2,1,-1,-5,-3,1,6,-10,3,-1,6,-2,-3,-2,-11,4,14,4,0,11,12,-10,-2
-85/63,0,0,0,-5,6,2,-8,1,6,-5,-1,8,-9,7,-6,6,8,-10,4,5,-1,-9,-4,-15,-3
-87/65,0,0,0,1,6,-2,6,0,-6,-10,-6,-7,-7,-2,-7,-10,-11,13,-3,11,-14,-8,0,-12,-6
-55/59,0,2,0,-5,0,6,-3,0,-8,5,-1,-5,-7,-4,-6,-3,10,-6,-12,-6,7,-1,0,-1,-2
-58/65,-1,2,0,1,-2,-2,-3,-2,-8,-10,-1,11,-6,-1,4,-14,0,10,-10,-4,11,11,-16,-6,8
-58/67,1,-2,2,3,0,2,1,-2,2,-10,2,-2,2,4,-10,-9,-3,4,0,11,14,0,-3,9,14
-27/34,0,0,-2,1,2,-5,-2,1,6,-5,-1,-7,-9,10,-11,9,0,10,3,-3,5,-16,-5,10,11
-85/62,0,2,0,0,-1,4,-8,1,-4,6,2,-8,0,5,4,2,-9,1,-14,-15,7,-5,-3,0,17
56/83,0,2,3,1,-1,-6,-5,1,0,6,-9,6,2,-4,-8,6,6,-6,4,0,2,-10,-16,5,-1
3/38,0,0,4,0,4,2,2,-2,4,10,-9,-2,12,12,-11,4,-12,1,5,-1,-13,-7,17,12,-10
51/83,0,0,-2,-5,-2,-5,-8,-2,6,0,-4,10,10,-1,0,9,0,0,4,3,2,13,-16,-6,-1
52/85,0,2,0,3,-5,-7,-2,-2,-3,5,-5,6,-1,5,0,1,-2,1,2,-12,-14,8,3,-1,2
-19/46,0,-2,0,-5,4,2,2,1,0,-2,2,10,-4,12,11,-11,4,-1,-5,-9,-6,-8,2,-8,-18
-44/93,0,0,2,1,0,-5,2,-2,6,-5,2,5,0,-4,0,3,8,-7,2,-13,2,8,3,9,10
-27/77,0,0,1,-5,-2,2,2,-2,3,2,1,-6,-4,10,13,-11,2,2,11,-15,4,-14,14,-14,18
-28/75,0,0,0,1,-2,-5,-3,1,-8,-5,-5,-7,-5,-1,-8,6,-4,5,-12,-12,-4,11,4,0,2
-17/36,0,0,2,-5,0,2,-8,1,0,10,-5,-2,4,2,10,-3,-9,13,8,-3,14,8,7,0,-2
-47/10,0,2,0,3,-2,6,2,0,-6,-2,8,7,-3,5,-8,6,-4,8,-12,-9,2,-4,-5,-2,-12
-49/13,0,-2,0,1,-2,-2,-3,1,-8,2,2,-5,-6,-1,0,-4,2,-2,-11,6,-13,-8,15,10,-3
42/19,-1,0,3,1,0,6,-3,-2,-3,3,3,-5,0,4,3,-7,-2,0,-12,0,14,-8,0,9,-10
43/26,0,-2,3,3,0,-2,4,-2,-4,-4,1,5,-3,-1,0,2,-4,-13,-12,14,-2,-15,-4,3,-4
40/29,0,-2,0,-5,-5,-1,-4,1,-4,-6,3,-3,-3,5,-7,6,-4,10,8,2,6,-16,12,1,-12
-41/45,0,0,0,-5,-2,-5,-3,1,6,0,8,10,-4,-6,0,-2,-12,10,12,-7,-13,8,9,-3,-2
-19/12,0,0,0,1,-2,-6,2,1,6,-2,2,-7,-5,4,-6,7,8,8,11,8,-6,-5,-10,1,3
-23/31,0,2,2,-5,2,4,-6,1,-7,5,2,-5,-1,2,3,6,-12,-2,-5,4,8,-6,-4,-8,-14
83/11,0,2,2,-5,-2,-5,-5,-2,6,-8,4,-2,2,12,-8,-9,-4,2,4,0,-2,-6,0,10,-14
47/31,0,-2,-3,-5,-3,6,1,1,-8,0,2,5,-3,-7,-8,-12,-4,-2,10,6,-4,12,4,-10,14
17/41,0,2,-3,-5,0,0,-8,1,-3,0,3,-3,6,-1,12,1,6,8,4,13,-14,-8,6,0,2
20/47,0,2,0,-5,-2,-1,6,-2,-4,3,-5,10,-6,2,3,-11,0,10,4,-5,2,-15,-4,-17,10
-25/7,0,-2,0,-5,0,0,5,-2,-8,9,1,10,-6,8,-10,-14,-4,6,8,-3,-4,-4,1,-8,-18
15/11,0,0,0,1,-2,6,-5,-2,-6,-2,2,6,6,-6,-6,-9,-2,6,2,8,-13,11,-4,-16,10
-70/27,-1,0,0,1,0,-5,-1,1,-8,-4,-6,10,-6,10,-6,3,2,-11,8,11,-13,-14,4,6,8
43/35,0,-2,0,-5,4,6,-4,-2,-8,-5,3,-10,0,-1,-11,-4,7,-8,5,8,-14,-14,-5,0,-2
88/67,0,2,2,0,0,-5,2,1,6,9,1,6,6,-6,-8,6,-9,4,0,-12,14,-4,4,0,-7
1/34,0,2,2,1,-5,-5,-2,-2,-8,-4,-8,-8,0,-10,-6,-2,13,-1,-12,16,-13,11,4,12,8
-53/31,0,2,-3,0,6,-5,6,-2,6,-5,2,-2,-3,12,-6,-10,6,10,3,6,-8,-1,15,0,-1
-20/31,0,2,0,-5,6,-1,4,-2,-3,3,2,-6,-7,8,1,-2,-13,-5,10,7,-13,11,-16,-6,-6
35/34,0,-2,0,1,-1,-6,-2,1,-4,6,-1,10,-5,4,11,-10,0,-2,10,-12,-4,-14,2,-3,12
-92/39,0,0,-2,-5,-2,-2,-6,-2,-7,3,-10,-6,-6,1,-6,0,7,1,-12,4,-6,4,-5,2,-2
-32/15,0,0,0,3,-2,2,3,1,0,2,-6,-7,-6,4,2,0,9,1,-3,-15,-16,1,1,18,-10
-46/21,1,0,1,-5,-1,-5,2,1,-7,9,8,2,-1,-4,6,6,-1,1,12,-15,-2,-14,-6,8,17
-33/13,0,0,2,-5,0,-2,-3,1,-3,6,2,-1,-4,-7,-10,-4,-2,4,-2,4,4,1,2,6,-9
18/47,-1,0,1,-5,2,6,-3,1,6,4,-5,-11,3,-1,3,11,2,8,-2,-4,-11,-9,4,2,-12
58/13,1,2,0,-5,4,-2,5,-2,6,-10,-1,10,-5,8,6,-11,11,-10,4,-8,-2,1,12,2,9
25/8,0,-2,0,-5,6,-5,4,1,2,3,2,-2,-9,6,6,-4,7,4,12,10,-10,6,-8,-10,13
-68/73,0,2,2,3,2,4,-8,-2,2,0,-1,-1,3,6,2,-2,6,4,12,-3,-6,-8,-16,-14,10
-35/39,0,0,0,1,4,-2,-1,-2,-3,4,0,8,-6,-2,3,6,-10,-5,0,-12,-4,-8,-3,10,10
-17/30,0,0,0,1,-1,6,-8,-2,4,-5,8,10,8,-2,2,-11,-7,8,1,13,-13,-14,12,-12,6
-52/93,0,0,0,1,4,-7,-6,-2,-8,4,2,10,12,7,12,-14,-1,1,8,-4,12,-8,-4,-1,-2
-47/93,0,0,4,0,2,-1,-4,-2,-4,-8,2,-2,-2,0,-8,-10,-12,-4,2,0,-10,-8,-5,12,17
-62/85,1,2,0,0,2,-6,-2,-2,-4,-7,-10,-6,-3,-10,-2,6,-4,-2,11,15,-6,8,12,-8,14
11/27,0,0,3,3,0,4,-3,1,-4,0,-5,-5,6,4,-10,-9,-9,-5,2,8,10,-15,-4,-3,-2
30/79,1,0,0,0,-3,-5,6,-2,-8,-10,-1,-1,-1,12,0,1,-9,-8,-5,-4,-9,-8,12,-12,2
30/77,-1,0,0,-5,-2,-1,-4,-2,-8,-8,-6,-5,0,7,2,1,2,6,10,3,8,-8,-16,3,2
-11/87,0,0,-2,0,0,-6,2,1,-6,-6,2,10,1,-9,-6,1,10,10,-12,-4,-10,-16,-4,5,-10
-9/83,0,0,0,1,-3,-6,-3,1,-3,-3,-10,7,8,10,-6,-7,0,-10,-8,-4,7,-8,-16,0,2
-39/22,0,0,0,3,-2,-7,3,1,-6,-10,-7,-5,2,12,-4,-2,-7,10,4,3,4,4,12,12,-12
-83/43,0,2,1,0,2,0,-3,-2,-4,0,6,-2,6,-12,6,1,-9,13,5,-15,0,5,0,0,-3
-81/43,0,0,-2,3,-3,-1,-3,1,0,-5,2,-2,12,-12,13,-10,0,4,-6,-6,-4,-7,8,12,2
-83/47,0,-2,0,3,0,2,-3,-2,-3,-8,-1,-7,-3,4,3,-7,-2,-10,-12,7,11,-12,0,-12,6
-78/47,-1,0,2,-5,4,-7,5,1,4,6,1,10,4,4,3,5,-11,-5,1,-3,-8,5,-3,-7,1
38/83,1,2,0,-5,6,-5,5,1,2,-4,-8,5,-6,8,-6,-4,-11,4,-14,-2,-11,-8,-16,3,-2
61/93,0,0,0,1,6,4,2,-2,-3,6,2,10,0,8,-2,-11,0,-13,-12,0,11,-12,3,-15,-5
31/46,0,2,0,1,6,2,-3,-2,0,-3,-10,-11,-9,-3,-11,1,-4,2,0,14,14,-8,-3,1,-6
-38/31,-1,2,0,1,0,-5,1,1,-3,10,2,-1,-6,-3,4,4,-14,-1,2,15,7,5,-8,-1,-14
85/27,0,0,0,1,2,6,-8,-2,0,4,-6,-5,8,6,-11,-9,-7,6,5,-12,-6,4,16,0,2
29/9,0,0,4,-5,-1,-1,1,1,-6,-10,8,-3,7,12,0,-3,-11,-2,12,3,7,-6,-16,-14,-18
29/13,0,-2,-2,1,0,-2,2,-2,0,-10,2,-7,-6,-9,-8,6,0,-5,16,-15,2,-16,14,2,2
57/20,0,0,0,1,6,2,-6,1,0,9,1,8,8,2,-8,-11,0,5,12,-12,-2,-8,0,12,-14
79/31,0,2,2,3,6,-5,-6,1,3,-2,2,-6,-4,4,0,7,13,-11,-11,0,-5,4,1,-12,13
39/14,0,0,2,-5,-1,-7,-3,1,3,0,-5,-5,0,-12,-2,0,0,-10,8,-3,-13,6,0,-8,-14
19/44,0,-2,2,1,-2,-1,1,1,6,0,3,-2,6,-10,0,-2,-12,13,-4,0,2,6,0,10,-12
23/43,0,-2,0,1,6,-1,6,1,-7,-5,-1,-5,8,-12,12,1,-7,-11,3,3,10,-16,-3,6,-8
40/87,0,0,0,-5,-3,1,2,-2,-3,-6,-1,5,6,4,2,-4,0,2,-12,9,-2,-5,10,-14,-1
13/37,0,2,1,3,2,-7,-1,1,-9,-1,-4,-8,-9,2,0,6,6,2,2,8,10,-14,12,-2,-14
75/73,0,0,0,-5,2,4,5,-2,-3,-4,-10,7,-3,0,-10,6,0,-7,-2,-1,-6,12,12,10,-5
37/36,0,0,2,1,4,-5,-1,-2,-8,-8,-9,-11,8,8,-6,6,-12,6,2,4,1,-6,3,10,2
-9/86,0,0,4,1,6,6,-3,0,-3,0,10,11,6,-12,0,3,0,-1,4,12,-11,-12,16,3,-10
-96/101,0,0,1,3,4,-6,5,-2,-4,-10,10,-2,2,7,10,-6,8,-8,2,-5,-6,-12,-7,-10,8
39/41,0,0,1,3,0,-7,-3,-2,2,-2,2,-5,6,4,0,6,-4,-13,-12,8,-11,4,2,0,1
-43/24,0,0,3,1,2,0,-5,1,-8,-8,0,-7,-6,-1,-6,-6,7,10,12,4,14,-4,3,-9,2
-45/13,0,0,0,3,4,-2,1,-2,-6,4,10,-7,1,1,7,4,-4,-11,-8,-1,6,13,16,1,-2
-85/19,0,-2,0,-5,6,2,-8,-2,0,2,-1,-2,-7,5,0,6,0,6,-14,4,2,-14,5,-6,8
-41/8,0,-2,-3,0,6,1,2,1,-3,9,-1,10,-4,7,0,6,-7,-2,8,-4,-6,-8,3,6,-6
-91/59,0,2,2,1,-1,-7,6,1,-6,-2,-1,10,6,4,-8,6,10,-2,10,-12,-2,-16,-4,6,-18
-89/59,0,-2,1,3,0,-5,-3,-2,6,-1,-5,8,-1,0,4,7,10,10,14,-3,2,1,2,-13,-7
-48/29,0,0,0,0,-5,2,-3,1,-3,-6,-2,-1,-5,7,1,-6,-3,10,12,0,7,-10,8,18,8
-46/27,-1,0,0,-5,-3,-6,-4,1,-7,2,-9,-8,2,-10,0,-2,-12,-3,4,2,-16,-12,6,-6,18
77/32,0,2,0,1,0,0,-3,-2,2,4,0,6,0,-10,0,-2,0,4,4,-12,2,-1,2,-6,-2
42/17,1,0,2,1,4,-5,-2,-2,-6,4,-4,-7,-4,2,-6,6,4,13,-10,-2,-2,8,4,-10,-1
-10/53,-1,2,0,0,4,1,6,1,-3,-7,-1,-8,1,10,8,5,2,2,-4,15,-8,-8,-4,2,-8
-11/51,0,0,2,-5,0,4,-2,1,3,3,2,5,3,-1,6,-11,0,-13,-12,-12,-8,-8,12,10,-6
37/88,0,2,1,-5,-2,-5,4,-2,6,-5,-5,-11,0,4,-2,1,4,-2,4,-13,14,-16,-4,-1,2
3/5,0,0,0,1,4,4,-3,1,-9,-10,-9,-2,-6,6,4,6,-11,2,-7,6,-4,-16,-9,12,8
-49/45,0,0,0,1,2,6,5,1,-8,-4,3,-2,-9,4,2,-4,13,-7,-10,-3,-14,12,6,1,-18
-19/8,0,2,3,1,6,-1,-3,1,1,2,8,-6,0,10,-6,-2,4,8,8,12,-11,1,-3,18,-14
-100/43,0,-2,0,-5,-5,2,-3,1,6,-8,-6,-2,8,-12,0,6,-2,1,6,-12,-5,6,-13,-12,-18
-99/46,0,0,4,-5,0,2,-3,1,0,4,3,2,0,-4,12,0,0,4,-12,-3,0,-16,0,-14,9
40/41,0,-2,0,1,4,6,-3,-2,-3,9,-10,-5,6,1,6,-11,-12,5,4,-6,-2,-14,0,-17,-18
43/71,0,-2,-2,0,-1,-5,2,1,6,10,-1,6,-1,-1,8,-4,-4,2,-14,4,2,5,3,-1,-7
45/73,0,-3,0,0,0,-5,-4,1,-8,5,-8,6,-5,1,-6,6,4,-10,-12,-1,-6,-10,-15,2,18
16/39,0,0,1,-5,6,-2,-1,1,-3,3,-6,-2,-2,-3,0,-2,-9,-1,2,-15,7,1,12,9,-4
27/25,0,0,0,-5,0,6,2,-2,6,6,3,10,1,4,-6,-3,0,-7,8,9,-6,12,2,-15,17
28/23,0,-2,0,1,2,-5,3,-2,0,-4,3,6,3,4,-6,-2,-4,2,2,6,-5,12,-16,12,9
48/49,0,0,0,-5,-2,2,-1,-2,-6,3,-9,-8,1,12,-8,1,0,-8,2,2,-6,-9,2,-12,8
79/107,0,-2,-2,0,-2,-1,-4,1,-6,-5,1,-2,0,-7,-6,-4,-7,-4,2,13,14,4,6,-9,10
41/54,0,0,1,-5,-2,2,-3,1,6,-8,-1,-7,-4,6,-4,1,0,1,-12,-15,-10,10,-16,6,-5
-1/30,0,0,0,3,-3,1,-3,1,-3,0,2,-5,2,-4,0,-4,6,2,-10,15,-2,8,8,-12,11
16/51,0,0,0,0,4,2,-2,-2,-8,-4,2,-2,-6,4,-1,-2,6,4,4,8,-4,-7,4,-14,-8
19/53,0,-2,-3,3,4,-6,4,1,2,-7,-1,-7,-6,-9,7,5,-10,8,3,3,-4,-8,-7,-12,-6
11/54,0,0,2,-5,0,6,5,1,6,3,10,-2,-5,-6,-6,-9,6,-10,-14,0,14,13,16,10,10
5/26,0,2,0,0,-3,-2,-1,-2,-8,-5,1,10,0,-4,4,6,0,4,2,4,-8,-8,16,18,14
79/41,0,-2,1,-5,-2,6,-3,0,-8,0,3,6,6,-4,-4,6,6,-12,8,3,4,4,-3,2,-4
74/41,1,2,2,3,-5,4,-3,1,-4,4,-9,-11,6,-4,11,-6,11,-7,-14,6,2,-8,-4,-8,-6
13/108,0,0,0,1,6,-7,2,0,6,-7,-5,-2,12,-1,7,-11,7,2,12,8,5,-1,8,0,-7
11/109,0,-2,1,0,0,2,-3,-2,6,6,-1,10,6,-10,0,-2,-7,10,4,-9,-13,-16,10,-8,-5
-299/2,0,-2,0,0,6,-7,6,1,-7,10,-8,-2,0,-6,-6,3,6,-5,0,8,-11,-16,-3,-4,-1
41/89,0,2,1,-5,0,6,-5,1,-8,-4,-9,-7,-4,7,4,-3,8,13,12,3,-6,-6,-4,-8,-6
-75,0,0,0,1,-1,1,-1,0,-8,-5,10,7,-9,7,11,-2,-4,2,-14,6,-6,-1,-3,-17,2
-66/23,1,0,-2,1,0,-1,-5,1,0,4,4,-5,-1,10,-6,-12,-4,-5,-14,8,-1,-1,3,-6,-18
-83/3,0,0,2,-5,0,6,6,1,-8,4,-2,-10,0,-6,-6,6,-4,13,-14,6,7,8,0,0,10
-39,0,0,0,3,4,-7,6,1,3,3,1,6,-7,-1,-6,-2,-1,-8,16,-9,14,1,-13,5,-6
-25,0,-2,0,3,0,2,-4,-2,-8,-2,6,-8,6,-6,3,6,0,-11,2,-6,4,-8,-3,0,-7
-40,0,-2,0,1,-3,6,5,-2,2,-10,-1,-10,-6,10,0,5,0,-5,-13,-15,-11,12,-3,-14,-12
-37/3,0,0,4,-5,2,-5,3,-2,-8,6,-4,-11,2,4,11,-4,10,13,-3,-15,12,-10,-3,0,8
-23/34,0,2,2,1,6,0,-2,0,-7,6,-9,-7,2,-10,6,-14,1,1,4,-15,-14,-16,1,-12,-2
-38/51,-1,0,-3,1,-3,6,-2,1,-4,6,-9,6,-4,-4,8,3,9,10,-14,13,2,11,-11,-6,2
-80/69,0,0,0,3,6,-6,2,1,0,-1,-2,-5,3,6,3,1,-4,8,-13,15,-14,-14,-6,6,14
-86/69,1,0,4,1,0,4,3,1,0,-5,2,-3,0,-1,-4,1,-11,4,1,2,-13,-15,-4,18,-7
21/38,0,0,2,1,-1,-5,4,-2,2,-5,3,-2,-3,-1,-3,1,4,-2,-13,-15,11,-6,-16,18,-14
-21/43,0,0,2,1,6,4,-4,-2,3,9,6,-2,10,-12,0,6,4,-7,4,5,-13,6,6,-17,8
27/53,0,0,2,-5,-2,2,2,-2,-8,-5,-4,-8,-2,8,0,5,-7,-4,-11,-12,10,0,-4,-6,14
29/52,0,-2,0,-5,4,-2,6,-2,-3,-10,-7,-10,6,12,1,-10,-4,8,2,0,-5,4,3,-10,17
22/53,-1,-2,1,1,0,-1,5,1,-3,9,2,-1,-5,7,-6,5,6,1,10,5,4,11,6,12,-13
23/57,0,0,2,1,2,0,4,-2,-7,-4,-1,-2,-5,-6,0,3,0,6,-8,0,-10,-14,8,2,9
31/43,0,2,2,3,-1,4,5,-2,-3,-2,-10,7,-5,-12,-1,-12,-10,-8,-14,12,-5,-8,-4,6,0
29/44,0,2,0,-5,-2,4,-3,1,-4,-10,2,-7,0,1,12,-6,-2,-1,9,-15,1,2,-16,18,-10
70/89,-1,-2,0,1,-3,-5,-4,0,-3,-4,-4,-2,10,4,-2,0,6,-2,-8,6,4,11,-9,-8,-1
68/89,0,2,-3,0,-1,-5,-8,-2,6,-4,-1,10,-9,4,-8,-6,0,-1,-11,14,-4,-8,4,-8,8
69/91,0,0,2,-5,-5,-2,2,1,-7,10,3,-6,0,12,-8,-10,6,-7,16,6,-5,-6,12,6,10
67/94,0,2,3,1,-1,-5,5,1,-4,6,-5,-7,8,10,3,6,0,-7,-5,0,-2,-16,0,-14,-7
61/87,0,0,2,-5,4,2,2,1,-4,-6,-9,7,-5,-6,0,7,-4,-13,6,15,-14,-8,4,-17,6
59/86,0,2,1,-5,0,-1,-3,1,-8,0,-9,-2,6,-12,3,-7,-12,-6,4,8,2,6,1,-13,-9
29/45,0,0,0,-5,4,6,5,1,-8,-10,-1,7,-6,-10,6,1,0,2,8,-3,12,-9,1,-16,12
86/25,-1,-2,0,-5,-2,-5,5,1,-4,6,-9,7,10,-1,-4,-2,0,10,-2,6,14,-8,12,-3,2
-49/30,0,0,0,1,0,-5,-3,1,-6,0,10,10,-6,-6,0,-2,-1,1,-7,6,7,0,3,18,12
-50/31,1,2,0,1,-2,1,5,1,3,-2,2,5,-6,4,6,3,4,-8,8,3,-1,-8,0,-3,14
-52/31,0,-2,-2,1,-3,-7,-5,1,-3,5,2,-2,-6,4,-6,0,4,6,-14,-15,-7,-9,11,5,2
-49/78,0,0,2,1,2,-2,1,1,-3,0,-9,-10,-7,4,12,-3,4,-2,4,-12,14,-8,-3,3,6
-56/79,0,2,0,1,4,-1,5,-2,-4,6,-10,10,-6,12,4,-10,11,13,0,-12,2,-8,-3,1,-12
48/11,0,0,3,-5,-2,0,-4,-2,-9,6,1,8,2,4,-10,-2,4,-5,-3,8,0,-15,2,18,2
10/49,1,2,0,-5,-1,2,6,-2,3,6,-10,10,8,8,12,-10,4,-4,-14,0,7,4,8,-2,8
-1/38,0,2,-3,1,-1,2,-3,-2,-8,4,-1,7,-6,-1,0,1,6,13,4,8,4,12,-4,-3,-9
-5/97,0,2,0,-5,0,2,4,-2,-4,3,-1,-2,0,1,8,-4,0,-10,12,-12,2,-16,-3,12,4
-604/5,0,2,0,0,0,-5,2,1,6,4,-4,-2,0,5,8,6,11,-4,0,6,6,-14,9,18,-6
-599/4,0,2,1,1,4,1,3,-2,-8,-5,-9,2,-5,4,-7,-6,-12,6,12,-8,-13,13,-15,6,8
-33/50,0,0,0,1,0,2,3,1,-3,6,-9,-1,10,-1,0,-9,-4,-5,8,-9,7,8,11,-7,2
-14/27,-1,0,3,1,2,6,-6,-2,6,6,10,-1,-6,-6,-6,-2,2,-13,-11,-8,-1,-14,2,18,2
2/11,-1,2,3,-5,-2,6,5,-2,-9,4,3,-2,-4,12,1,-7,10,-7,2,15,5,13,-3,-4,-5
75/14,0,0,0,-5,-2,2,-4,1,3,-3,3,-2,6,4,4,7,0,10,-8,-15,7,10,-1,-9,8
38/9,-1,0,3,-5,-2,2,-3,1,-8,4,10,5,0,4,-8,6,-3,-4,-10,8,2,6,-16,-10,-6
-41/42,0,0,0,-5,-3,-5,2,1,-6,-5,4,2,-4,-2,-6,-4,-4,-2,2,-3,-10,6,11,-1,13
-79/82,0,-2,2,0,-3,1,5,1,-3,10,1,-8,6,4,1,-11,0,8,4,9,4,4,-11,-10,-12
-81/83,0,0,3,-5,-2,0,5,1,-3,9,-5,-6,-6,2,-2,-2,6,-10,-12,-5,-2,12,-16,-16,-12
47/72,0,0,2,1,2,1,3,1,6,6,-1,-3,-3,-12,-8,-9,9,10,4,-9,10,-10,4,-10,10
51/74,0,0,1,-5,4,2,-8,-2,-3,-4,3,-8,8,7,0,6,10,6,-5,-4,-13,-14,4,5,10
-67/32,0,2,1,1,-5,-5,-3,1,-3,-8,-9,-1,-6,-4,0,3,4,-8,-5,13,12,-9,-4,-4,-6
-17/83,0,-2,2,3,6,6,-8,-2,3,-8,3,-1,-3,4,10,-11,-10,2,12,15,2,10,-16,6,2
-16/81,0,0,2,3,4,6,-3,1,4,6,-1,-2,6,1,0,9,0,-3,0,-15,-6,6,-3,0,8
-89/97,0,2,0,-5,2,-1,5,-2,-9,2,2,-7,-6,12,-2,-14,0,1,-14,2,4,-4,8,-13,4
-88/97,0,-2,4,-5,0,6,-3,-2,6,-8,-5,8,6,6,4,-6,0,-7,8,4,-1,12,-3,9,4
-152,0,2,-3,1,-1,-5,4,1,-3,6,3,5,-6,4,0,9,-7,4,-2,-12,-10,5,-3,-15,11
-43/94,0,-2,2,1,-1,1,3,1,-3,-1,10,5,-3,-1,3,6,0,-13,14,6,2,-9,-4,0,-14
-43/92,0,2,4,1,-2,-1,-5,1,0,5,3,-8,6,-1,0,-9,-4,-11,2,6,5,10,6,6,2
-36/91,0,-3,1,-5,6,-2,5,1,-3,7,10,-11,0,-4,-8,5,-2,-4,-12,5,-6,-16,-15,-14,14
-34/93,-1,0,-3,-5,-1,-1,-8,-2,1,-2,2,-1,2,-9,1,-4,4,6,2,4,2,-8,-7,-6,-12
-35/87,0,0,0,1,-1,6,-3,1,3,-6,3,-2,-3,12,12,5,-4,10,8,8,14,-4,9,-15,1
-10/27,1,0,0,3,0,1,3,-2,-3,-4,10,8,-4,-4,-8,-11,6,1,-14,-12,-13,-8,14,-15,-18
-14/29,1,-2,2,1,0,-5,-3,-2,-3,-6,2,10,6,-6,12,-7,2,-4,0,-12,-13,-8,3,-1,2
-29/7,0,2,2,-5,6,6,-3,1,-3,-10,10,-2,-1,4,-11,-9,-4,-8,8,0,4,-4,-9,12,-14
-61/7,0,-2,0,-5,4,-5,4,-2,3,-5,-5,5,3,-2,0,-2,-7,-13,8,12,-11,15,14,6,10
-61/6,0,0,1,-5,6,-5,-3,1,-3,3,-9,5,-3,4,-3,-12,0,-13,12,-12,-13,-16,0,0,14
29/89,0,2,0,3,4,-5,2,-2,-8,-10,4,-10,10,0,1,6,4,2,-3,-9,-5,-1,0,-8,-12
15/44,0,0,0,-5,-2,1,-1,1,0,4,-7,10,-6,9,-8,6,4,4,12,-15,-13,-15,4,1,-19
11/40,0,-2,0,-5,0,4,3,1,6,4,0,-5,-4,-4,13,-2,-10,10,-8,-12,4,-7,6,0,-14
17/78,0,0,2,3,2,-2,-8,1,3,4,3,-3,1,-7,-6,-10,6,10,-12,2,-4,-1,-7,0,14
3/11,0,0,-3,1,-2,-5,-3,1,-8,-3,-1,10,-5,-12,-6,-12,-9,6,-2,-15,7,-15,6,1,13
23/80,0,2,0,3,-3,-5,-4,0,-7,-4,3,-5,8,-9,-8,1,-4,5,-12,12,-1,-8,1,-12,2
17/79,0,-2,-3,-5,-2,-5,-8,1,0,4,2,5,6,8,4,3,-4,-7,2,-5,2,-8,-3,2,16
17/80,0,2,0,0,-1,0,-8,1,1,10,-9,-7,-6,4,-3,-12,6,-2,-8,4,-13,-4,4,-17,8
-31/12,0,0,-3,-5,-1,-5,-3,1,3,-3,-10,-5,0,-6,0,1,6,-2,10,-4,5,-1,1,6,0
17/25,0,-2,0,1,-1,-1,-8,1,-4,5,1,2,-7,7,-6,-10,-4,13,8,3,11,11,-6,6,3
11/103,0,-2,-3,-5,0,0,5,1,-3,-5,-4,-1,-7,12,-6,-2,-11,-12,-8,6,-7,-16,5,-16,11
5/59,0,2,0,-5,-3,2,1,1,3,-4,10,-8,-9,10,4,-2,10,6,-8,-15,2,15,-4,-6,-14
5/58,0,-2,0,1,0,1,-3,1,6,-6,-1,10,-7,1,6,-3,-1,-7,-14,13,4,4,-10,10,-7
6/59,1,0,2,1,4,6,2,-2,0,-4,-4,10,-6,4,-8,-3,10,-6,5,-15,-4,10,3,-14,-18
-45/19,0,0,0,-5,-3,6,2,-2,-8,3,-9,-2,-4,-6,4,-10,-4,-10,-3,-15,-1,-14,12,-3,-1
-86/27,-1,0,3,1,4,-5,2,-2,-3,3,6,-5,-6,-1,6,-10,4,-10,-4,-15,-4,-15,14,-13,-2
-87/28,0,0,4,-5,-1,0,-5,-2,-3,-10,-4,-7,0,1,-8,1,4,2,16,15,-7,10,7,-12,6
-95/29,0,-2,0,3,6,1,-6,1,3,-6,2,6,6,8,1,-3,-4,1,-5,-15,-8,6,0,6,-14
-91/29,0,2,4,1,0,-7,-3,1,0,-6,1,-5,-1,7,8,-10,4,-11,4,0,-2,8,-16,3,10
-98/29,-1,-2,0,1,0,0,-5,-2,-4,-6,10,-2,2,8,-8,-3,0,-7,-14,15,-5,-1,2,-16,-7
-95/28,0,2,0,-5,0,4,-3,1,0,-5,3,11,-6,6,12,-2,-12,8,4,-5,-10,-7,8,2,-6
-37/63,0,0,2,-5,4,6,-3,1,6,10,-7,-11,-4,-3,-10,-2,10,5,4,-12,0,12,4,-6,12
-38/63,-1,0,1,-5,0,-6,5,1,4,-2,-2,11,-7,7,-6,6,-1,-10,-12,-1,-11,-10,12,-2,-2
-24/91,0,0,0,-5,-2,-2,-3,1,-3,2,3,-5,-1,8,-6,-2,-14,-3,4,4,12,-7,16,6,-2
82/97,1,2,4,1,-2,-5,-3,-2,-8,3,-5,-5,-4,2,-6,-6,10,4,-10,6,2,11,-16,6,4
81/92,0,0,3,-5,-5,1,2,-2,0,6,3,5,-5,6,-10,-6,7,6,-11,0,4,9,15,0,11
85/93,0,0,0,-5,2,2,-8,1,-6,3,2,-7,-5,-4,6,-9,-4,10,12,8,-4,-8,-7,-9,12
-29/9,0,0,1,3,0,-5,-1,0,3,-10,-1,-2,2,6,4,-6,8,8,-10,0,-1,9,4,-6,18
16/13,0,2,3,-5,0,-2,-3,-2,-8,0,6,-11,-6,12,0,6,13,-11,-13,-12,-5,-1,-3,-3,12
40/43,0,2,0,-5,-3,2,6,1,6,6,-2,-5,6,-12,6,-6,10,-7,-12,6,12,-9,12,3,2
-200/3,0,0,0,0,-2,6,1,-2,6,4,4,-3,-4,2,-6,-14,6,4,12,8,-2,-6,-13,-1,-14
-205,0,-2,0,-5,-3,1,3,1,6,-1,3,-2,-4,-4,-10,9,-9,-7,4,-12,11,-10,-13,-15,14
-600,0,0,0,1,4,4,6,1,-8,0,-1,6,2,4,7,3,9,-2,10,-15,2,-10,-4,-14,-14
26,1,-2,2,-5,-3,-7,-4,-2,-8,-8,-9,2,7,-1,-4,-4,-13,4,4,15,10,4,3,-15,16
83/3,0,0,0,1,-1,-6,2,1,-4,-10,2,-2,-6,10,-8,6,1,-3,4,12,-5,-8,0,-6,-2
9/58,0,0,-3,0,-2,-5,5,1,6,-6,-8,10,2,6,-6,-4,-5,-6,4,2,11,-15,-4,-8,1
-29/13,0,2,2,0,-1,-2,2,1,-9,-10,-2,-8,2,7,12,6,-7,6,-4,7,7,8,0,-14,2
-28/13,0,-2,1,1,0,-2,1,-2,1,0,-5,-3,-6,8,1,-10,6,4,10,-9,-2,-12,-12,1,1
-83/38,0,-2,2,-5,-5,-5,-4,-2,-9,2,-4,-6,-6,12,-1,-6,0,-12,4,0,14,-15,0,0,-1
-71/19,0,2,0,-5,0,6,1,-2,1,10,-2,-1,6,4,0,5,0,8,16,-12,2,8,2,8,-2
-71/25,0,2,0,-5,-1,-6,-5,1,-4,-2,8,-7,-9,6,-11,0,-12,13,-12,-12,-8,6,-15,0,8
-97/60,0,0,0,1,4,-1,-1,1,-8,-3,-6,7,10,-12,0,-10,-2,-11,12,5,-13,10,16,6,8
-41/48,0,0,-2,1,0,6,-3,-2,4,6,-1,-2,-4,4,12,-10,0,-11,3,-9,-11,5,1,-6,-12
9/104,0,-3,4,-5,-3,-2,-3,0,6,0,-4,-8,1,-2,-6,-9,6,8,6,-15,-9,6,4,12,-19
2/53,1,2,2,-5,6,0,4,1,-4,-5,8,2,-9,-1,-11,5,0,-2,11,4,-13,5,17,-6,2
-13/21,0,0,-2,-5,-1,-7,4,-2,6,-1,1,-2,2,-1,-8,0,4,-4,6,6,-2,5,3,0,-2
37/6,0,0,0,-5,0,-5,-4,-2,6,4,2,-11,0,10,8,-3,6,-8,-6,-3,-10,13,1,-1,-9
43/21,0,0,-2,-5,-5,6,5,1,-3,7,-5,-3,-5,-1,7,11,-4,8,0,-6,7,11,4,8,2
44/23,0,2,2,0,0,6,-3,-2,0,-5,1,10,-3,9,12,1,-7,2,4,3,5,8,6,1,6
-35/26,0,-2,0,1,4,-2,5,-2,-9,-7,2,-7,6,4,-2,6,0,10,-13,8,-5,4,2,5,-14
-23/32,0,-2,0,3,-5,6,2,-2,-7,-7,-1,-8,-9,-4,0,-2,-4,-1,6,-3,-13,-10,-10,2,-10
-86/95,-1,-2,0,3,4,4,2,-2,6,4,10,-5,1,-1,-6,1,-14,-10,0,15,-5,5,3,6,2
-85/2,0,2,0,3,4,1,-8,1,-3,4,-10,10,-3,-2,0,-4,-10,-10,-8,-12,-10,-16,12,0,14
-101/19,0,2,4,-5,0,6,-4,-2,6,9,3,-7,12,-4,-8,6,6,8,4,-9,7,-16,12,6,-7
-97/19,0,-2,-3,3,-2,6,5,-2,3,4,-8,-6,10,-1,13,2,6,-1,2,7,-6,2,-3,-14,8
-56/5,0,-2,0,1,-1,6,3,1,-8,-5,-9,10,-6,-4,0,6,-11,10,-10,4,-4,0,4,-8,2
93/11,0,0,0,-5,-2,6,-1,1,-8,3,-10,-3,-6,7,0,7,-10,10,12,-1,4,-9,-3,2,-14
96/13,0,0,2,1,-3,-2,-1,-2,6,2,-5,5,6,-7,7,-10,-2,5,16,0,-1,-15,11,-14,-12
49/6,0,0,1,1,6,-6,5,1,1,9,3,10,2,-6,-11,6,0,5,-11,8,6,-1,4,-14,-10
-80/51,0,0,0,1,0,0,-2,-2,3,0,-9,2,-2,4,-6,-10,0,13,-4,12,-13,-16,-13,10,1
1/21,0,0,4,-5,6,-5,-3,-2,3,-10,3,-6,-7,-2,6,1,6,10,5,0,-6,-8,-6,-8,10
-11/4,0,2,0,1,0,6,-1,1,-8,3,-5,-7,4,12,6,-4,6,1,-7,-2,-5,-4,-4,0,17
10,1,2,0,3,6,2,-1,-2,6,10,1,-5,10,-4,4,6,0,-2,-3,-8,-4,-12,10,-13,-7
-7/79,0,-2,2,1,-1,-6,-3,1,-4,3,4,-1,6,-6,1,-2,-4,-5,-4,-12,0,-8,-4,10,8
-3/25,0,0,0,0,6,1,-5,1,6,-5,4,-6,0,-10,0,-6,7,-13,1,-15,-7,-7,-3,-3,-1
-87/92,0,0,2,-5,-2,-5,1,-2,0,-10,-7,2,6,8,4,6,-4,-1,4,0,7,-16,-4,-8,-14
-529/5,0,2,0,1,-1,-6,2,1,-7,4,3,-7,8,-4,0,-11,-12,-13,2,3,0,5,2,-6,-6
7/1241,0,-2,0,1,-1,6,-2,-2,-6,2,2,-2,2,-4,-6,-9,13,2,-13,3,-6,-12,12,-1,1
1/311,0,-2,0,-5,-3,6,1,-2,6,-10,2,-2,-6,-1,1,-3,0,8,14,11,4,-16,-11,-6,-14
-95/31,0,2,0,0,0,6,-4,1,4,-2,2,-7,-4,4,-7,-4,10,-12,4,6,-6,-14,5,-7,2
71/30,0,0,0,-5,-1,-5,6,-2,-4,9,-1,10,-6,8,-3,6,-12,2,0,-12,14,-5,3,9,-2
91/97,0,2,2,1,-3,-7,-4,-2,-3,-5,0,-8,-6,4,-8,-4,10,-4,-12,-15,6,12,6,12,4
46/47,1,-2,3,-5,0,-1,2,-2,-7,0,1,-8,0,4,3,6,4,-10,-8,12,7,4,3,12,-14
88/97,0,2,1,3,0,-6,-3,1,-3,5,-1,7,6,12,0,-6,0,10,-14,-1,0,1,12,10,4
47/49,0,-2,2,-5,4,-6,-6,1,6,-1,-7,10,-1,9,-8,6,-4,-7,5,0,10,15,4,5,9
-82/19,1,-2,-2,1,0,-5,-1,-2,-3,3,3,-2,-4,8,1,6,4,4,4,-7,2,-1,-1,1,10
-41/9,0,0,2,-5,-3,6,2,1,-8,-10,1,-5,-4,2,13,3,-2,-1,2,-4,-7,6,12,9,-7
-529,0,-2,4,3,6,-5,5,-2,-7,6,-4,2,-5,6,-6,-3,-2,-11,2,-15,-2,2,12,-8,1
-523/2,0,2,2,0,0,-5,-6,-2,-8,3,-6,-5,-6,-6,0,-4,6,13,0,-1,-10,-16,8,5,-5
-81/59,0,0,0,0,6,6,-4,-2,-3,-4,-9,6,6,10,12,5,10,-2,8,-5,0,-14,-4,1,8
-83/60,0,0,0,1,-5,2,-3,1,-4,-7,-9,6,4,7,6,-4,10,-8,5,0,12,10,0,6,9
71/26,0,2,4,3,-3,-2,-5,1,-6,6,1,10,-9,7,11,6,4,-7,-6,-12,0,2,3,-10,8
71/27,0,0,-3,1,-5,-6,-6,1,1,-5,-8,-8,-2,4,-6,3,0,10,8,-12,-2,9,-4,1,-7
65/28,0,-2,0,-5,0,-7,-4,-2,-3,6,1,8,-5,-4,-1,6,-2,4,-12,-2,-2,12,8,5,-12
-53/81,0,0,-3,1,2,-5,-4,1,-3,-2,2,-2,-6,4,-2,-10,-9,1,12,13,-10,6,0,-7,17
-25/43,0,-2,0,3,-2,2,4,-2,-6,0,4,10,6,-12,-6,6,-1,5,8,0,-1,11,17,-1,-1
10/1867,-1,2,0,1,-3,4,-3,1,4,6,-4,10,-3,5,8,-2,6,2,5,0,4,8,-7,-6,-12
11/1863,0,0,-2,-5,0,-6,-3,-2,0,3,-1,6,-6,-4,-6,6,11,2,-14,13,14,4,-3,-10,18
5/933,0,0,0,1,-2,6,-5,1,3,4,3,5,6,-10,12,-2,-2,13,4,7,-4,4,2,-3,-10
2/339,-1,0,3,3,6,0,5,1,-3,5,1,-7,-4,5,11,6,-4,6,-10,0,0,6,-4,0,-1
1/113,0,-2,0,0,-3,1,2,1,3,3,-1,-5,-5,12,12,-6,-4,-1,5,3,14,11,4,-15,14
11/1244,0,2,1,-5,0,6,5,1,-8,-4,-9,5,-2,-4,-8,6,-14,-5,-6,-15,0,8,6,-9,18
5/622,0,-2,0,1,6,-5,-4,1,-3,4,10,-1,-4,7,6,-9,-2,-11,-12,5,-5,12,-16,-6,-12
1/249,0,0,1,1,0,6,2,-2,-8,-5,2,10,-6,-10,6,6,-5,-10,2,-1,14,13,-16,-6,-6
12/1243,0,0,2,3,-2,-5,-5,-2,1,-8,-10,2,2,4,8,-2,5,4,3,-12,11,-7,-16,0,-1
2/311,-1,2,3,3,0,4,2,-2,0,6,-6,-5,-3,-1,-4,-4,-3,2,-4,6,2,1,1,0,-3
5/1241,0,2,0,1,-2,1,-2,1,6,-2,-5,-6,-3,6,0,1,-4,8,3,0,-6,-4,0,-9,-5
-2/275,1,-2,0,1,-2,6,2,1,6,-2,4,5,-9,-4,0,4,4,-8,4,13,-1,-8,2,-2,-12
1/137,0,-2,-3,1,0,0,4,1,-4,-10,3,-5,3,2,-6,0,2,-8,12,0,-13,-16,1,-10,-7
-2/139,1,2,3,1,2,6,2,1,-8,10,-10,6,-6,-6,2,6,2,2,3,-7,14,8,16,-14,-2
8/2491,0,-2,0,1,2,2,3,1,3,6,3,10,8,-1,3,5,-10,-3,5,6,7,-4,-3,-10,14
7/2493,0,0,1,1,-5,0,-3,1,3,6,-1,-5,0,-10,-6,-4,2,-8,-10,4,-10,-16,12,-3,17
-25/49,0,-2,0,-5,2,-5,-3,1,3,-4,-8,8,-7,10,7,1,-4,-6,8,8,-6,-10,12,12,2
9/71,0,-3,1,1,-3,-5,2,1,-6,2,2,-10,-4,12,-6,-2,6,8,11,4,-7,5,1,6,-5
-37/46,0,-2,2,3,0,-5,-3,1,0,7,3,-11,8,4,6,6,-2,4,4,-8,12,-8,11,-8,8
8/49,0,-2,2,-5,2,-6,-3,1,6,-5,-4,10,-6,6,-1,-6,-9,6,2,3,4,-5,-16,-14,-6
14/45,-1,0,0,1,-2,4,-4,1,-3,3,2,10,-3,8,10,-6,4,-8,2,4,-7,-14,-6,10,-1
57/7,0,0,2,-5,4,2,-3,1,6,-2,8,-11,-6,4,-6,1,-7,1,4,-13,-1,8,1,1,2
-65/41,0,-2,0,1,4,-7,5,-2,-3,-8,-5,-6,6,7,-7,-3,-1,-10,-5,0,-4,-1,8,6,-3
-64/43,0,-2,0,1,0,2,-3,-2,2,-5,-5,2,8,-12,-11,6,6,8,8,8,-6,13,0,-10,14
-38/5,1,-2,0,-5,6,-5,-5,1,-4,-2,3,-7,-6,-6,-10,1,6,1,-2,-15,-6,2,15,10,17
-44/5,0,-2,0,0,0,6,5,-2,-3,-8,4,-1,-3,-6,4,-4,5,6,0,-7,4,11,4,6,-6
-73/2,0,2,2,1,-1,-1,-5,-2,-8,6,1,-5,6,7,1,6,0,0,-11,-8,-11,-16,2,-17,0
92/73,0,-2,1,-5,6,-5,5,0,-7,10,-1,-5,6,-1,-6,7,-11,6,6,-6,-6,10,-4,18,-14
92/79,0,-2,-3,-5,-1,2,-3,1,-7,5,-1,10,-3,-10,0,6,7,-7,-12,-9,2,-8,12,-15,-18
42/37,1,0,0,1,4,-5,2,1,-8,-1,2,-8,10,-10,-8,-14,2,-3,-8,8,0,8,14,-6,-5
93/76,0,0,3,-5,2,6,4,-2,6,10,-10,-6,-6,4,1,-12,-2,0,2,-9,-2,-16,14,18,-3
41/37,0,-2,3,3,-1,6,-3,1,-8,4,3,-8,-4,1,4,-2,13,-4,4,-15,7,6,-15,3,-12
41/38,0,2,3,1,2,4,-5,-2,-3,4,-4,-8,-4,4,13,-9,-4,8,1,14,-8,8,9,-14,17
87/79,0,0,2,-5,4,-1,5,-2,3,-10,-9,-5,-6,-4,1,-6,-7,-2,1,-1,-13,-8,12,6,3
92/83,0,2,1,1,0,-5,2,1,-7,-4,-4,10,10,-2,1,-6,0,1,4,5,-14,-8,-16,6,6
1/1246,0,2,4,-5,-3,-6,1,-2,2,0,-9,-2,-6,10,4,-6,-7,-12,-6,-15,8,-8,11,-8,-8
14/2489,-1,2,2,1,-5,4,-6,-2,1,5,-5,-1,-2,1,10,1,6,-1,2,-15,-13,13,6,2,3
6/1243,1,0,2,-5,-2,-5,2,1,2,9,-6,10,8,4,0,-10,-9,-3,0,10,-8,10,16,-6,-2
-27/46,0,0,0,1,-2,4,-6,1,0,-3,1,-10,-1,5,-6,3,0,10,-12,9,-16,-14,-16,-14,-10
-29/43,0,2,-2,1,4,-1,-1,-2,6,-10,-9,2,1,-12,11,-10,10,-1,11,-12,-4,-16,4,-14,8
-60/31,0,0,0,0,0,2,2,-2,0,0,2,-5,1,2,8,-9,0,2,1,-3,2,10,-6,6,18
-54/5,1,0,0,1,0,2,-3,1,-8,-3,-1,-8,-7,9,-6,4,0,8,5,-6,-11,-5,4,-3,2
-53/5,0,-2,0,1,4,-5,2,1,-8,4,-1,-5,-6,-2,-6,-10,-4,4,-12,-9,-6,10,4,2,8
-57/4,0,0,2,-5,4,0,1,1,-8,6,-5,-3,0,-6,0,0,-14,10,-5,-15,-6,-4,6,-17,-7
35/11,0,2,0,1,-2,0,2,-2,-4,3,6,-7,-2,7,-11,6,-14,-10,-8,6,-2,4,10,-1,0
-52/43,0,-2,0,-5,0,-7,5,0,6,-5,6,-5,2,-12,1,-4,0,8,-8,10,-13,-4,-4,-8,-4
11/60,0,0,0,0,0,1,2,-2,-3,7,1,5,6,12,6,7,-9,-4,10,-8,-5,-4,1,18,-2
-81/38,0,0,0,0,0,1,4,-2,-3,7,0,-6,0,10,6,6,-10,8,-2,6,6,-8,-1,-6,-14
-86/37,1,2,-2,1,2,-5,5,-2,3,4,-9,-8,-6,-1,-6,0,-1,1,8,-12,-6,11,10,3,10
-79/33,0,0,-3,0,-2,4,5,1,-4,-7,2,6,2,4,6,-6,2,-1,1,-5,-11,4,-7,3,-18
-82/31,1,-2,2,3,0,6,3,1,3,-5,2,2,-4,-7,7,-4,-12,-10,8,-12,10,-5,1,18,-2
-56/11,0,-2,1,1,-2,0,5,-2,-4,4,-5,-2,12,5,-8,3,-9,1,12,8,4,11,10,3,2
-61/4,0,-2,0,-5,-3,2,-5,1,6,0,-1,-1,-5,-6,4,-6,-4,-13,-14,9,-8,5,8,-3,-5
-33/4,0,0,-3,-5,0,-5,-3,1,-3,0,0,8,-7,0,-6,-7,-11,8,2,-9,-4,-6,16,-17,-6
-67/13,0,-2,0,-5,4,-2,-3,1,-3,-4,-6,6,-9,-6,-11,1,-4,-5,-5,0,-13,11,-3,6,13
31/23,0,-2,-2,-5,0,6,-3,-2,0,3,-10,10,0,6,13,6,10,-13,3,-5,10,10,2,-14,-18
28/25,0,2,0,1,-1,4,6,-2,4,6,4,-5,-4,12,-7,0,-1,1,2,-3,14,-14,3,-7,-12
91/74,0,-2,2,1,6,-7,4,1,-3,6,-5,-8,-5,-3,-4,-9,0,8,3,5,-4,-4,4,6,-14
89/73,0,-2,3,-5,0,1,5,1,-3,-2,-7,-7,-7,-1,0,-4,0,1,4,13,-6,-6,-3,-13,1
-64/45,0,0,0,1,-1,4,2,1,6,-2,-1,6,6,7,13,6,-4,-13,2,-12,8,-14,4,5,12
-61/45,0,0,0,3,4,-5,-3,-2,-3,-1,-1,-10,-5,5,0,-3,-7,-13,0,13,-4,-10,12,-3,9
7/36,0,0,-3,1,2,0,6,1,-4,4,-1,-6,2,10,0,-4,-4,1,-12,0,-4,-7,-13,-15,12
67/25,0,2,0,0,-3,4,-6,1,-4,-4,-7,-5,-3,-1,-3,-4,-9,-2,-5,-12,2,4,4,-10,-12
31/12,0,0,0,1,0,-5,-3,0,-6,-4,-10,10,1,10,-10,9,-3,6,-11,0,-11,4,2,-13,2
66/25,1,0,0,1,0,6,-3,-2,6,-1,-1,10,-6,-4,0,10,4,-10,10,0,10,-15,-11,-10,13
39/92,0,0,2,-5,4,-7,-3,1,0,-7,1,5,6,7,-1,-3,2,-6,5,10,-5,-16,1,-10,-1
42/89,1,0,2,1,0,-5,-6,1,-3,0,-5,-7,1,-7,2,6,-7,10,10,15,7,-11,0,-8,10
43/88,0,2,0,1,-2,1,2,1,6,3,1,10,-6,-1,13,-4,-4,6,0,-12,-6,4,1,0,14
-25/36,0,0,0,3,6,-5,-3,-2,4,9,-9,-7,-6,-2,0,6,-3,10,9,-3,4,-4,16,-14,10
-49/5,0,2,0,1,6,4,2,-2,0,-2,0,-2,2,8,6,-9,-2,-7,-14,-9,14,5,-16,-17,-19
-103/12,0,0,4,1,4,6,1,1,-3,-10,-7,10,-4,4,7,-10,6,-1,-11,-3,14,-7,3,-4,-13
-35/4,0,2,0,1,4,2,-3,1,-4,9,1,-5,-7,4,-7,-2,4,1,10,13,2,10,9,-16,-1
-37/71,0,2,2,-5,0,-1,3,1,-6,6,-1,-11,-7,5,4,1,-4,-7,-12,4,-2,-8,10,-3,6
-40/73,0,-2,0,3,6,-5,-4,-2,-3,6,-6,-2,8,-1,-11,-6,-14,-6,4,-15,-6,13,-6,0,-14
-33/71,0,0,0,1,0,2,-5,1,6,6,8,10,3,7,0,9,6,-2,2,4,-14,-10,-6,-1,-12
16/2489,0,-2,1,-5,0,6,6,-2,-8,7,10,-7,7,-7,8,-2,0,-10,8,12,8,-10,-9,12,8
13/2487,0,0,1,3,-1,-7,-5,-2,1,2,-2,-10,-7,6,13,6,1,2,-3,12,2,5,2,-6,-4
20/21,0,0,0,-5,-1,-1,2,-2,-3,-5,-4,-2,12,10,8,-10,-11,8,8,8,-10,8,16,-4,12
40/3,0,0,0,-5,2,-1,-6,-2,-8,2,3,8,0,10,-3,-2,13,-12,-8,-3,11,11,4,4,-5
-37/75,0,0,0,0,-1,-5,-6,1,-3,7,-8,-11,-6,-10,0,2,0,-12,-10,0,-4,-15,14,6,9
1/55,0,2,0,1,-2,-1,-3,1,6,3,-1,6,3,-6,12,-2,4,-2,-4,-15,-6,-8,16,12,-6
27/13,0,0,1,0,0,-2,-5,1,6,4,-1,-7,12,-12,-11,-6,0,-10,12,4,-6,4,12,5,-7
80/39,0,0,0,1,2,-2,3,1,-3,-5,1,-2,-6,1,6,6,-2,13,12,-9,-7,-7,2,12,0
-32/91,0,2,-3,-5,-3,-2,-5,1,-3,0,4,-7,-6,7,-8,1,4,-5,4,-15,-2,8,-11,-4,17
25/3,0,0,0,1,-5,-5,2,1,-6,-10,-4,5,-7,4,-8,-4,2,-10,14,-9,2,-10,4,-12,8
50/9,1,0,0,-5,0,6,5,-2,-8,-5,-5,-7,-6,-3,-11,-3,4,1,3,-9,-10,9,-4,12,-2
42/47,-1,0,0,1,-2,0,5,-2,-9,-5,-1,-5,-9,-9,3,1,-13,-6,0,13,-6,-14,0,-9,-10
77/95,0,2,0,1,0,1,-5,-2,6,-4,1,-5,4,10,-10,1,-14,-8,14,-3,5,-15,4,-6,-7
25/31,0,2,0,1,-3,-5,2,-2,2,-1,2,10,-6,1,11,-3,6,-4,9,15,2,10,6,2,0
-49/101,0,2,2,1,-2,6,5,-2,-3,4,-8,-5,-3,5,10,-2,0,1,-5,6,-14,11,6,-6,0
-9/40,0,-3,0,0,4,-5,1,1,-3,6,1,-10,8,10,-6,6,6,-3,12,-13,7,-10,4,0,-3
-10/37,-1,-2,0,1,-2,-5,-3,-2,-9,-4,10,-8,2,8,2,7,-4,-11,12,-4,-14,-1,-4,18,-2
-40/77,0,2,0,-5,-2,2,2,-2,6,-2,10,7,6,-7,-10,6,-12,6,4,-4,-5,-11,3,-6,10
-43/62,0,2,0,0,0,2,-1,1,-6,4,2,-5,0,-1,0,9,-7,6,-11,-5,2,-8,4,-6,-2
-41/67,0,2,0,1,-2,6,1,-2,-3,-10,-4,11,-4,-6,12,6,-7,-3,0,8,6,-12,-5,-17,-5
-81/67,0,0,3,1,4,-5,-3,1,2,7,-8,8,-4,4,-7,-6,6,-6,0,9,4,11,3,-14,-14
-85/69,0,0,0,0,-5,-5,-8,1,0,4,1,-2,6,2,0,-6,-2,-6,-8,6,-8,-16,9,-14,3
-58/81,-1,0,3,3,-1,4,-5,1,-4,-10,1,-10,-6,10,6,-11,-4,-7,8,-15,0,8,8,-6,8
-57/82,0,0,1,-5,-3,0,-6,1,6,2,-1,-5,6,-4,10,10,-11,1,5,15,-4,-14,3,1,13
-17/78,0,0,0,-5,4,-2,-8,0,-6,-10,-4,-2,0,1,-1,6,-2,0,-14,8,-2,-4,1,3,14
89/3,0,0,0,-5,-3,-5,1,-2,-4,7,-5,-2,6,-6,8,0,0,-4,8,0,-2,-15,12,-13,13
-92/47,0,-2,2,-5,2,-5,-5,-2,-7,4,-6,10,-6,4,3,-11,-4,13,0,4,10,13,2,-12,-19
-91/50,0,2,0,1,4,-7,-5,-2,2,6,-5,-6,12,6,2,1,6,-11,-10,8,12,5,-3,-14,-2
-73/34,0,-2,2,3,-3,6,-2,1,6,-8,8,-8,4,-9,4,-3,0,10,2,6,-11,8,16,6,8
-71/36,0,0,2,1,-1,0,1,-2,4,2,1,-10,1,-1,-6,-4,0,1,8,-12,6,4,-4,6,-2
-75/37,0,0,0,0,2,-5,-4,1,-6,4,3,-8,-4,5,-11,6,9,4,-5,-3,6,-9,6,-13,-9
15/82,0,0,0,3,-2,6,6,1,6,-8,-2,-7,6,8,1,-10,0,1,12,8,10,-5,0,-6,8
9/41,0,-3,1,-5,0,4,5,-2,1,-5,-10,-6,6,-6,3,-2,-4,-1,16,-3,-13,5,-6,18,-12
4/27,0,0,0,3,-2,-5,2,-2,-3,-1,1,10,-4,-9,0,6,6,2,8,-1,-10,5,-16,4,-7
20/3,0,0,0,1,-2,4,4,-2,-4,-8,8,-5,-3,8,-6,6,-10,-1,-10,5,-2,13,3,-6,2
22/3,1,0,1,-5,0,1,-3,0,-3,-5,-4,-3,12,-10,0,-2,10,-3,8,-15,14,-14,-1,-12,-7
55/3,0,0,0,1,0,2,1,1,-8,0,-1,-1,8,-1,1,3,-4,5,4,12,-10,6,14,10,18
27,0,0,0,1,4,2,-1,1,0,-1,-9,11,0,2,-6,-2,10,-1,-13,-4,2,12,2,0,-18
100/41,0,-2,0,-5,4,4,1,1,-8,-10,1,-7,6,-10,-8,-2,0,-13,-8,0,11,-10,6,9,10
101/26,0,2,2,1,2,-2,5,1,-8,-4,8,10,0,-9,-11,6,-4,2,-8,16,2,6,4,-1,-6
-55/14,0,2,0,-5,0,2,1,-2,-3,2,4,-8,12,-10,-2,-3,0,-3,8,0,-2,6,12,-6,12
-83/19,0,2,3,3,-1,2,4,-2,-3,-5,-7,-5,4,8,-6,-14,-11,2,12,-9,0,-14,0,-8,13
-93/43,0,0,1,-5,4,-6,4,1,6,-5,-10,-2,2,-12,-6,-14,0,-13,-10,13,-11,4,2,-15,12
-95/44,0,-2,0,-5,-2,6,3,1,-3,9,2,-10,2,5,-11,-10,-13,2,2,-12,-7,-10,4,10,2
-5/2994,0,0,0,1,-2,0,-5,-2,-6,7,-4,2,-5,10,0,6,-1,0,3,-15,10,8,5,3,2
-8/2997,0,0,0,1,4,2,6,-2,1,-4,2,-8,-9,4,12,6,7,0,6,-12,-6,-8,4,6,9
85/6,0,0,0,1,4,6,-8,-2,6,3,-5,-2,12,8,3,-4,-12,-13,10,15,-13,0,-4,1,-14
88/51,0,0,0,1,0,1,-2,-2,-3,-2,1,8,-6,7,3,10,0,6,16,-12,6,8,-4,-15,-9
23/13,0,-2,4,-5,2,-2,1,1,-7,-2,-4,-5,0,9,6,-2,-4,-3,-12,15,-1,-11,6,-6,0
1/1160,0,-2,0,3,0,-1,-3,0,3,-6,3,-7,-3,10,0,-2,6,10,5,4,7,-14,4,-6,-5
-1/2322,0,0,2,-5,6,-5,2,-2,-3,3,-8,5,-1,-12,-8,6,-14,-2,-14,0,-6,13,-4,10,-2
-4/4647,0,0,3,-5,0,-5,2,-2,-9,4,-1,-7,-4,-1,13,7,0,-3,12,0,11,5,-6,-3,2
-7/4646,0,2,-2,1,-5,-1,-6,1,0,2,-7,-8,-1,-6,2,4,2,-10,5,-15,4,10,4,12,13
-1/664,0,-2,0,0,0,6,3,0,6,10,10,-5,-6,4,8,6,-2,4,4,-4,-5,5,-16,-10,-2
-4/663,0,0,2,1,2,-2,-2,1,-3,4,1,2,-6,4,-6,-2,-7,4,-8,14,4,13,-6,1,8
-9/9293,0,0,-3,3,6,4,-1,1,4,-4,10,-2,0,0,-4,-4,2,-6,2,-8,14,13,0,8,16
-4/1551,0,0,4,1,-2,6,3,1,6,-5,-9,2,-3,-1,3,-4,-9,6,3,0,-5,-4,-4,10,-2
1/1551,0,0,2,1,-2,2,-3,1,3,-1,2,-8,0,1,3,3,0,-12,-3,-1,6,-8,-9,-15,8
-4/4645,0,-2,0,1,2,6,3,1,0,-4,2,-7,0,-3,-8,1,-11,2,-8,-9,-10,-11,8,-8,11
-4/2321,0,2,2,1,-2,-5,-4,1,6,-2,2,-6,-1,-1,12,6,-4,-10,4,15,-4,8,8,10,-18
-1/4641,0,0,2,-5,-5,-2,-2,1,4,0,2,-6,-6,1,-1,-4,5,5,4,14,-11,-1,9,2,-2
-59/67,0,2,-3,0,4,1,-3,1,6,4,-9,-5,-3,7,6,-2,-12,2,0,-12,2,-6,-16,18,17
-32/85,0,2,0,3,4,2,-2,-2,-8,4,-10,-11,3,-9,8,0,-13,-10,16,-3,2,10,-9,-17,6
-16/43,0,-2,0,-5,4,-1,-6,1,-3,5,-5,-7,-2,-12,-1,-2,0,6,5,-15,-14,0,-12,-12,2
74/49,1,-2,2,-5,2,2,2,1,-8,-3,3,-11,12,-2,6,6,2,-13,3,13,-8,11,1,-3,-3
76/49,0,2,1,-5,-1,-5,-3,1,6,-1,10,-1,-4,2,-6,-12,6,10,12,4,7,-14,7,-3,3
-1/206,0,2,1,1,-3,6,-3,-2,-3,3,8,10,12,0,1,10,-2,1,0,-12,-1,-6,10,12,8
17/3726,0,0,2,-5,0,6,-8,1,0,-3,-1,-7,0,-3,0,-9,-11,6,4,7,7,-15,-1,6,-14
18/3725,1,0,0,-5,-5,2,-4,1,-3,-5,4,-2,-6,9,0,-11,-7,4,2,6,7,-4,6,-15,-14
19/3729,0,0,0,0,-2,2,-5,1,4,-2,-5,-6,-1,4,4,-3,-11,-2,-4,-5,2,8,3,6,6
13/3727,0,2,1,1,6,-7,3,-2,-3,-8,-2,-3,-9,-3,7,9,0,1,4,-9,-13,-16,7,8,2
31/7459,0,2,2,1,0,6,2,1,3,10,-10,-6,-6,12,0,7,0,-1,-12,-12,-13,-15,-7,18,16
17/3729,0,0,-3,1,-2,4,-8,-2,-8,4,-9,-2,-6,4,-1,-4,-13,2,10,-15,2,5,17,-17,-3
13/3730,0,2,0,0,-1,-7,2,1,-3,-5,1,2,4,5,0,-6,0,-2,-4,0,-2,2,-3,12,-3
14/3729,-1,0,0,1,-2,-6,-3,1,-4,2,-5,2,-3,-4,-8,-4,-9,-6,-2,-9,-13,-8,-3,-12,-3
7/1864,0,2,0,1,0,-5,-3,-2,3,3,-7,-5,8,-9,-4,6,6,2,-4,8,-7,-7,-16,-1,1
3/932,0,0,1,3,6,-1,3,-2,2,-5,8,10,0,4,-3,3,4,-12,12,-12,-2,-8,4,-12,2
28/7463,0,-2,4,1,6,0,-2,1,-3,-8,3,-2,4,4,-11,6,5,-10,-12,-15,-7,0,-11,1,-2
-43/101,0,2,3,1,2,2,-4,1,6,0,-1,-2,2,-1,8,-6,4,8,3,8,4,8,-4,9,13
-1/34,0,-2,0,0,6,-5,-2,1,6,2,1,-7,1,0,-3,-2,-13,-7,8,-7,2,13,0,12,-14
-1/65,0,2,0,3,-5,-2,-5,-2,2,-2,1,5,-4,-2,1,-9,9,-2,-10,10,2,-4,12,-15,9
-61/25,0,-2,0,-5,0,-1,2,1,0,-5,-5,10,8,-6,3,-4,0,-13,11,2,-4,4,16,-7,-13
-58/21,-1,0,0,-5,-2,-1,5,1,2,-10,3,7,-9,6,-8,-2,6,4,-3,12,-7,0,-12,-15,-12
-62/25,1,2,0,1,4,2,2,1,-3,4,-10,7,8,-1,6,-10,7,-7,-13,-5,-14,11,-13,-15,-14
-7349/35,0,-2,0,-5,4,2,6,1,-4,-1,0,-6,-4,8,0,0,0,2,-7,2,2,0,-3,0,18
74/27,-1,0,-3,3,2,-1,-3,-2,3,0,-4,-11,-3,4,2,6,0,-1,-14,-12,2,-10,-8,-9,7
79/30,0,0,0,0,-2,2,-1,1,6,0,-1,-1,-5,2,0,-3,7,2,-10,3,8,4,4,1,-14
-8/2995,0,2,0,0,-5,2,2,1,-8,0,3,-8,0,-12,0,-4,11,-10,-10,5,6,8,-5,6,14
-22/8981,1,2,0,-5,0,4,3,-2,-8,-2,1,-2,-4,-6,-6,-4,-2,-10,8,0,11,-8,-4,2,18
-11/4489,0,2,2,-5,0,6,-5,-2,-8,-8,2,5,-7,-12,0,-14,6,5,0,-4,2,-15,12,0,-1
-14/4493,1,-2,0,1,2,-5,-3,1,0,6,2,10,0,7,0,6,4,-5,-12,-12,6,13,-13,-9,9
-4/1001,0,2,4,-5,-2,-2,-6,-2,-3,0,3,6,-9,-7,10,3,-2,8,12,15,0,9,6,-1,12
-2/997,-1,2,2,-5,2,6,-5,1,-8,9,3,8,3,-9,0,-11,-1,-6,-14,16,-8,-14,-16,6,12
-1/250,0,-2,0,-5,-3,-5,1,1,6,-5,0,5,10,2,0,1,-2,-2,-12,16,5,5,12,-1,7
-1/497,0,2,2,-5,4,-5,-3,1,6,6,1,-6,6,5,10,-2,13,-1,2,4,-6,2,11,6,8
2/223,-1,-2,1,-5,0,2,4,-2,-8,5,-8,10,8,7,8,-7,0,-6,-14,-4,-8,-4,2,6,-14
4/447,0,0,3,3,6,-6,5,1,-3,10,8,2,12,1,-6,-2,-14,-10,-8,-12,-6,6,12,0,-12
1/447,0,0,-2,1,0,-5,1,1,3,-5,3,-7,10,4,4,-4,13,-6,10,0,-13,11,5,6,-9
-12/4489,0,0,2,0,6,2,2,1,-4,-7,-6,7,-3,-6,0,-2,13,-11,0,-4,4,10,4,18,2
-11/4490,0,-2,0,0,0,1,2,-2,3,-5,-9,10,-3,4,-8,6,1,-5,4,0,-13,6,15,3,-7
2/407,-1,2,0,1,-2,6,5,1,-8,-7,4,-8,0,-1,0,1,0,1,-10,-15,-6,11,3,-17,8
1/406,0,2,4,-5,6,-1,-3,-2,-4,-6,-8,7,10,5,7,11,-12,1,-14,-15,2,15,14,-4,-18
-2/449,-1,-2,0,-5,-5,-1,1,-2,-9,-2,-10,10,-6,-6,-6,3,-11,-4,-3,4,-11,11,4,6,-18
-1/408,0,0,2,3,6,-5,-2,1,0,3,6,7,12,4,3,6,6,-7,12,12,14,5,9,6,2
-11/4487,0,-2,-2,-5,0,2,5,1,2,-4,-9,-5,-4,2,0,-11,6,-5,-4,5,6,10,3,4,2
-20/8977,0,2,0,-5,-1,6,2,1,3,-4,1,-8,10,4,3,0,-12,5,8,7,-4,1,-4,18,7
-23/8975,0,-2,0,-5,-5,4,-5,-2,-7,-5,4,10,6,2,-6,-4,6,-11,-12,13,4,9,5,-17,5
-8/39,0,0,2,-5,2,-2,6,-2,3,-4,1,5,-5,4,2,1,-12,-6,-10,-3,10,8,-3,5,-12
-7/37,0,-2,2,1,-5,2,-4,-2,3,10,-10,-8,-6,4,-6,6,5,13,8,3,-4,11,1,-6,2
-64/13,0,-2,-2,0,-5,-2,3,-2,3,-2,2,-2,-6,2,-8,-2,6,-10,4,0,5,5,2,4,-7
-61/12,0,0,-2,1,4,-1,-6,1,-6,6,-9,6,-6,4,-6,6,9,-13,-10,-5,-16,-4,7,-14,12
99/31,0,-3,1,-5,0,6,4,-2,-8,-4,2,10,0,0,13,-9,0,-2,-7,-12,-2,13,6,-1,2
-17/79,0,2,0,1,0,-1,-8,-2,-9,9,1,-8,-2,2,0,-12,1,10,6,-5,-13,-8,-4,0,7
-9/38,0,0,3,-5,4,-1,-6,-2,0,0,3,-6,3,-10,2,6,-4,-4,8,-15,-10,5,-7,10,-8
-70/33,1,0,0,1,-2,1,-6,-2,-6,-8,-9,7,-3,8,12,-4,0,-2,8,8,-14,-15,-4,12,-10
-2453/12,0,0,4,-5,0,-1,4,-2,-6,4,1,5,-5,8,7,0,0,-13,-8,11,-1,4,10,-12,-6
-2453/9,0,0,-2,1,0,6,1,1,2,4,3,10,-3,4,-8,6,-4,-1,2,2,7,-10,4,12,8
-3676/17,0,2,-2,1,4,-5,-2,-2,3,-8,10,-2,0,-10,-11,-6,-4,-6,-5,15,4,5,2,-3,0
-3676/15,0,0,0,1,4,-5,-6,-2,3,3,-5,-7,-1,4,-6,-2,-10,-5,-7,8,-13,6,14,-1,14
-7353/32,0,0,4,0,4,1,-3,1,3,3,-7,6,-6,-1,8,6,6,-7,12,0,0,-8,2,-7,8
-105/62,0,0,0,1,4,-1,-4,-2,-3,10,2,10,-5,10,10,-10,-12,-6,4,14,14,-16,2,-7,12
-45/23,0,-3,0,1,6,0,4,-2,0,6,-7,11,2,-1,-6,6,6,1,12,-9,-5,-14,-7,1,17
2029,0,2,1,1,4,2,-5,1,-3,0,-1,-1,6,12,-6,-3,8,10,11,-15,-13,-8,-15,-14,-10
60/17,0,0,0,1,6,0,-2,1,-3,-3,-5,-10,-6,-6,0,6,0,1,-4,0,-11,8,-9,-17,-7
63/16,0,0,3,1,2,-5,2,-2,4,9,-6,-10,0,-12,2,7,-11,-5,4,-15,-1,8,0,12,-7
61/15,0,0,0,-5,4,4,6,1,-3,-4,-6,-7,2,2,-4,11,1,-13,3,16,-2,-1,-4,-13,-7
49/13,0,2,-3,1,0,-2,-4,-2,6,-4,1,10,-4,-6,7,6,-9,-1,12,12,2,-7,0,-12,-18
91/16,0,2,2,1,4,-7,5,-2,6,6,-9,-2,-9,10,-6,10,-2,6,-14,3,-13,-14,-4,9,17
87/19,0,0,-3,1,-3,-5,4,-2,3,-10,4,2,-3,5,-8,0,-7,-4,-14,-4,-2,8,3,10,-2
87/16,0,0,3,-5,-1,1,5,1,0,-10,10,-2,6,6,-4,-9,-10,0,0,2,-4,1,2,10,-2
45/7,0,-3,0,-5,0,6,-3,0,-3,2,-6,-2,-3,12,10,-2,6,-4,5,-9,6,-15,-4,-12,-13
21/4,0,0,1,1,0,0,4,-2,3,-1,-9,5,-5,8,0,-2,-1,8,-11,16,7,8,3,18,-5
23/8,0,2,4,1,4,4,2,-2,-7,0,1,2,6,-10,0,3,-7,2,16,4,12,13,12,-17,-6
-7/4645,0,-2,0,1,4,-5,5,-2,3,4,-1,-7,0,-10,-8,-2,2,1,4,15,7,8,12,18,-4
-9/4646,0,0,4,0,2,-6,2,0,0,9,1,2,-3,-6,-6,-2,-11,-12,8,-1,-14,-16,14,6,-6
-1/1162,0,-2,0,-5,-2,-5,2,1,-8,3,-6,-3,-6,10,-3,-10,8,-11,-12,14,2,10,-16,-14,5
-1/1549,0,-2,2,3,2,-6,-3,-2,-4,-5,2,-2,8,10,-8,-9,-2,-2,8,-5,-6,-6,0,3,1
17/22,0,-2,0,3,-2,6,-8,1,2,10,-5,2,6,5,4,6,2,5,5,12,4,-15,16,-1,-18
64/87,0,0,-2,-5,-1,2,5,-2,-3,-6,1,-7,12,8,7,-7,-11,6,-12,12,2,-14,-3,2,-2
-97/36,0,0,-3,0,0,0,5,0,1,4,-2,5,3,4,-6,-10,10,0,2,3,4,12,-16,-14,8
-48/13,0,0,1,1,0,-2,6,1,4,5,-9,10,-1,-10,-6,-11,0,10,14,15,7,-6,4,-13,-18
-45/16,0,0,0,1,-1,4,5,1,-3,0,3,10,10,8,12,-2,8,10,6,-6,-14,-6,1,2,3
2900/17,0,2,0,3,-2,2,-2,-2,-3,-10,2,-2,8,5,1,-6,6,-7,2,0,-5,6,8,-10,-12
2903/20,0,2,0,1,2,-5,-1,1,2,3,2,7,6,-7,-10,6,-11,10,3,8,-7,8,-3,2,1
323/2,0,2,1,-5,-1,6,-8,1,1,-7,-1,-3,-6,7,0,6,-14,-1,-14,5,-5,4,-15,10,-6
1451/7,0,-2,3,-5,-2,1,-3,0,-4,-2,-1,-2,-6,1,-4,6,4,-2,-14,-9,7,11,-6,3,-3
241/2,0,-2,-2,-5,4,2,-1,1,-8,3,3,-6,-6,-1,-7,1,-4,1,8,0,0,0,-11,-1,-7
322/3,-1,0,1,1,-5,6,5,1,-7,4,-10,-2,-9,8,-3,3,11,4,0,-5,-4,0,12,10,2
2895/22,0,0,0,-5,-2,2,4,1,-8,0,-5,6,3,7,0,6,10,1,8,9,14,-8,1,6,2
965/8,0,2,0,1,-5,0,-3,1,-4,4,4,-2,0,4,6,6,0,-7,-6,16,-13,-6,6,1,-2
-48/25,0,0,0,1,2,-1,5,-2,-4,-5,-1,-8,3,-6,-6,-11,-5,-10,-2,-15,-16,15,-4,-14,14
-668/5,0,-2,0,-5,4,6,3,-2,-3,2,-5,10,-6,-1,0,3,1,2,-10,-15,2,-15,6,1,-3
-668/3,0,0,1,1,-5,6,-3,1,-3,3,0,-11,0,8,0,9,13,10,5,0,-1,9,16,-6,17
-223,0,-2,0,0,0,4,5,1,3,0,-7,7,2,6,-8,6,-4,-5,12,-12,6,-10,3,6,-3
-666,-1,0,2,1,4,2,2,1,-3,4,4,-11,-1,-2,8,-4,-12,-1,11,0,2,-4,-16,0,-2
-7351/34,0,-2,0,0,0,-1,-2,1,-3,5,-5,5,-1,4,1,1,-7,4,4,-12,4,-6,4,-2,-2
-7345/34,0,-2,0,1,-2,-7,-2,-2,-6,10,3,-1,-5,1,2,6,-10,-10,4,-9,-4,-10,17,0,3
49/18,0,0,3,1,4,0,5,1,0,3,2,10,-6,1,0,1,4,6,4,5,12,-6,-1,12,13
52/17,0,-2,4,0,4,-7,-2,1,-4,6,-1,11,8,-2,8,6,0,-5,2,-12,2,-4,8,-10,2
-80/17,0,-2,0,1,4,-6,-2,1,-8,-8,10,-8,-6,-1,1,-2,-14,13,8,10,2,-6,6,10,8
-38/9,1,0,3,1,0,1,-4,1,2,0,-9,-8,-6,5,2,-4,6,-4,12,-15,12,11,2,1,-12
-75/16,0,0,0,0,4,2,1,1,4,-5,-5,-6,3,-2,4,-2,4,-8,12,8,7,-11,-4,10,13
-39/8,0,0,2,3,-1,-7,-1,-2,-8,-4,1,-7,-1,-2,2,-3,-4,6,4,12,-4,-5,8,-4,-4
-91/3,0,0,2,1,6,-7,5,-2,6,-10,3,-5,-6,2,2,-7,11,8,-14,-4,-10,4,-4,1,10
-83/68,0,-2,1,3,0,6,-2,1,4,-5,3,-7,3,8,12,-6,-7,-5,5,12,-13,-6,0,-1,2
-82/71,1,2,-2,1,6,-5,4,1,-3,4,0,-2,-4,4,-8,3,5,-13,3,4,-6,-9,-4,12,14
-41/54,0,0,4,3,0,6,-4,0,-3,5,-5,-2,-4,12,0,0,-1,10,8,15,11,5,10,1,10
-40/53,0,2,0,-5,0,6,2,-2,4,-5,2,-5,-3,-3,6,5,-10,-1,-11,-3,-13,11,8,10,18
-32/55,0,2,0,-5,-2,4,-4,1,-4,4,-5,11,0,-1,-6,-4,1,-1,8,-1,-4,-8,5,-14,-7
-31/54,0,0,0,-5,0,-5,4,1,-4,6,-10,5,7,2,6,-9,0,-3,5,0,-2,15,-13,12,0
505,0,2,0,0,6,4,6,-2,-4,-5,-5,-11,0,-9,-6,6,13,-6,-5,-12,-10,6,0,-8,8
14/37,-1,-2,-2,1,0,-6,3,1,-3,0,1,-8,-6,-12,-6,3,0,4,11,-9,0,4,-3,-13,12
28/79,0,2,3,1,-2,0,4,-2,1,4,-4,10,-6,-3,-8,11,-7,-10,-3,-15,-1,-8,-4,8,8
3/28,0,0,2,-5,2,-5,-3,-2,-9,-8,1,-8,6,-6,13,-6,6,-4,-5,8,14,-6,15,-1,9
-33/25,0,0,0,-5,0,6,5,1,6,4,-8,-8,6,4,0,-9,10,1,4,-12,7,-5,12,6,1
-71/54,0,0,2,-5,4,2,3,-2,-8,-2,-5,6,-5,-6,4,-3,-13,-7,9,-12,2,5,0,-6,8
-37/27,0,0,1,1,0,0,5,1,6,-2,8,-11,-4,2,0,-11,5,6,5,6,4,-16,-3,2,-2
-49/58,0,-2,-2,1,-1,6,-1,1,-8,-6,-1,-5,-6,5,1,-9,9,-8,8,12,-1,10,1,1,-3
11/49,0,-2,2,-5,0,-5,2,0,-9,-7,1,-8,0,4,-3,-4,0,0,0,-15,-11,-16,0,3,2
12/53,0,0,1,3,4,6,-5,1,-3,6,-5,-5,-6,2,4,5,6,1,-3,16,11,15,3,1,6
55/2,0,-2,0,3,0,-5,-6,1,-6,9,3,-7,-9,-4,-1,-3,6,-6,-14,4,2,9,6,18,3
-58/15,1,0,0,-5,-1,2,6,1,-3,-10,1,-1,-6,10,10,-3,6,-10,-7,-12,-16,13,3,-17,2
-67/10,0,-2,0,0,-5,-5,6,1,4,-7,0,-10,-7,-9,0,1,-9,-11,-5,2,-4,-4,0,6,12
-68/13,0,2,2,-5,6,-2,-8,1,-6,-8,-8,-7,6,12,4,9,6,1,-5,-9,11,6,-6,1,2
-71/12,0,0,2,-5,2,-6,-3,1,-9,4,2,-6,-6,-12,0,-2,4,-4,-11,-12,2,12,11,0,18
-66/13,-1,0,3,3,0,-2,-3,-2,6,6,-1,-8,-6,7,1,0,6,-1,5,5,12,0,14,-6,-14
1/23,0,-2,-3,-5,-5,-5,2,1,0,-3,-9,6,6,9,0,-4,0,13,-14,-12,-2,10,-6,18,-18
27/100,0,0,0,3,4,1,6,-2,1,4,-9,10,-7,2,0,-9,2,-8,3,-9,-16,-15,3,10,-5
26/99,-1,0,1,-5,-2,-7,2,1,3,6,-7,-8,6,4,-8,3,0,-11,-4,0,-16,8,9,-3,-2
45/41,0,0,0,-5,4,1,-3,1,4,4,-1,10,6,10,-11,3,10,13,8,-12,-4,-9,-4,-12,14
44/41,0,2,2,-5,0,-1,3,1,-3,2,1,10,6,8,-8,-2,-5,-2,2,-12,10,-16,-16,10,8
-26/11,1,-2,2,-5,-2,-7,-1,1,2,-3,1,8,6,-4,11,1,5,-10,-11,-4,2,-6,-3,-6,-14
-64/77,0,2,3,-5,-2,6,-3,1,-3,-10,-10,-6,12,12,2,-3,5,-8,2,4,2,-10,3,9,11
86/3,1,0,-3,3,-2,6,-5,1,-8,3,-1,-8,2,-1,1,-9,11,-10,5,3,-14,10,11,-9,12
7/47,0,-2,4,1,2,-1,5,1,3,-7,-1,-10,6,5,3,6,-12,8,10,11,-11,-7,4,-6,-2
-3/1162,0,0,4,-5,0,0,-3,1,-8,9,6,-7,8,4,10,-2,0,0,-10,3,-8,11,-16,9,2
-5/2324,0,-2,0,-5,-1,-6,4,1,6,-4,-5,-1,0,-10,4,7,2,-4,3,12,-2,-4,-16,6,-9
-74/61,-1,2,0,1,2,6,-3,-2,-3,3,3,-11,6,9,-6,-14,6,-4,9,11,-10,-16,3,6,-19
-68/61,0,2,-3,1,4,-5,-8,1,-4,4,6,-6,0,-6,3,6,-7,-4,4,-3,7,-1,7,-6,18
-15/239,0,0,0,1,4,2,-6,1,2,-7,3,-5,6,4,-6,-4,-1,-5,11,-12,-2,-10,-3,1,-2
94,-1,2,1,3,2,1,-4,1,6,6,2,-7,-6,12,-8,1,10,-2,-13,16,7,-16,17,-8,9
-38/59,-1,-2,3,1,4,0,-3,1,-3,7,1,-2,-9,10,0,6,10,-10,2,-2,14,6,-7,2,8
-40/57,0,0,0,1,-1,-5,3,-2,3,4,-1,6,-6,5,-6,6,-1,-2,11,4,-10,4,0,12,8
31/6,0,0,2,-5,4,1,-3,1,-3,10,-10,7,-6,-2,1,-2,-11,-13,-14,-4,-16,6,12,6,14
91/17,0,-2,-3,1,2,-7,-2,1,0,3,-5,8,2,-6,-2,-6,-4,-7,-10,-12,8,-12,1,3,-3
-5/134,0,-2,0,1,-2,0,5,-2,3,4,0,-2,-9,10,0,-11,-2,2,0,-9,-2,4,-6,6,-10
-4/133,0,-2,-3,-5,4,1,1,-2,6,10,3,-7,6,10,-8,-2,-4,-3,11,-9,14,-16,-7,-17,2
-5/133,0,2,0,-5,2,6,-3,-2,-3,-1,-9,-7,6,12,-10,6,0,0,-4,15,11,8,-3,-13,-5
-4/129,0,0,1,0,4,-5,2,0,-8,6,-2,-2,0,-12,-11,-2,4,1,-12,0,10,-4,4,1,0
-3/65,0,0,0,1,-2,-2,4,1,6,-5,1,-7,-6,4,8,5,-4,-7,-14,7,2,-6,-3,9,13
-2/63,1,0,4,-5,0,2,2,1,6,-5,-4,-2,7,6,0,4,-4,0,-10,-3,8,-12,-4,10,8
1/107,0,-2,3,-5,4,-1,1,1,-4,4,-1,-7,2,-2,-3,-3,6,-13,-6,-1,-13,-16,4,-8,-3
-5/222,0,0,0,1,-2,-5,6,1,-3,6,1,-8,-3,6,-1,-4,-4,-5,-10,-15,-6,-14,12,-13,-1
3/80,0,0,0,0,-5,-5,-3,1,-8,-5,-9,-5,-3,8,-10,-10,-7,13,4,-12,-5,-16,12,1,-9
-2894/23,-1,-2,-2,1,6,6,2,1,0,0,-9,11,2,4,0,7,4,6,-7,-8,-2,-16,2,-6,16
-2895/23,0,0,0,-5,0,1,-6,-2,0,-2,8,6,-1,2,6,6,-10,-11,-2,-9,-7,12,6,-3,-12
-117/2,0,0,1,0,-1,-7,4,1,-4,3,10,-10,3,-4,-8,4,-14,-2,2,-7,-13,-14,3,18,-9
37/59,0,-2,3,3,-5,-1,5,1,-8,-5,-4,-11,-6,2,0,-3,10,5,-10,0,-1,-12,-16,12,2
37/56,0,-2,0,-5,-3,-6,-3,0,2,-2,1,-11,-6,-1,0,-4,10,-6,4,6,2,-4,-3,-14,-10
-407,0,2,3,1,0,-1,4,-2,3,0,-9,-11,3,1,-11,6,4,-11,-6,3,-2,9,-3,-12,-5
-274,-1,-2,2,1,-5,6,5,-2,6,4,-5,-7,0,2,-6,-2,-2,4,-14,-8,-4,8,-3,-15,-7
-175,0,-2,0,1,-5,6,6,1,-3,0,3,-5,-4,4,1,-4,-2,13,4,9,8,-1,0,3,10
29,0,-2,1,0,4,1,6,-2,2,-10,-4,6,-4,1,-3,6,-4,1,-10,6,-1,-15,8,1,-19
45/2,0,0,0,-5,2,1,2,-2,3,-5,2,-8,-7,-6,-8,-6,0,1,4,-1,-4,-1,-4,12,7
88/5,0,-2,0,-5,0,0,-3,-2,-3,-4,1,-7,-3,4,-6,9,0,-10,5,-6,-8,-6,11,-14,10
14/51,1,0,2,1,-1,6,-2,1,1,-1,1,8,7,5,-6,1,-4,-5,-12,-12,11,12,-9,6,-2
-61/5,0,2,0,1,-5,-6,5,-2,-4,4,-7,-5,0,2,-11,10,10,-13,16,-1,-2,-6,2,1,12
-31/2,0,2,-2,1,-5,-5,-1,-2,-9,0,-10,-2,-6,-4,-6,-9,-14,-2,0,8,7,2,3,1,14
-68/43,0,2,1,1,-1,-1,-8,-2,-3,7,0,8,-9,-12,0,6,0,-6,-7,2,12,5,10,18,-6
-67/43,0,-2,4,3,-5,-6,-6,-2,3,-10,-4,-3,4,-12,12,0,-14,2,-5,-8,-1,4,3,8,12
-243/2,0,0,0,0,4,0,-5,1,-3,0,10,-2,-7,1,-6,-9,-13,4,-2,8,2,-16,0,10,-5
-81,0,0,1,3,4,2,-3,-2,3,-4,3,-6,-6,2,1,-2,-3,2,14,-12,-13,-7,12,-17,-6
-33,0,0,2,1,0,-6,4,1,-3,-2,-4,-8,6,-4,8,2,-13,6,-10,9,5,10,-7,-3,-1
-66,-1,0,2,-5,0,6,-6,-2,-8,0,-9,-2,6,4,0,-10,0,-13,12,3,-6,6,-12,-14,-1
-484/5,0,2,0,-5,0,0,6,1,-3,-2,-8,6,-6,9,-11,1,13,13,-11,-15,-14,-7,4,-13,2
-487/2,0,2,1,-5,-3,2,2,-2,-8,5,-1,-10,2,-10,-6,1,6,4,-8,3,12,13,8,12,8
-965/8,0,-2,0,0,6,4,-4,-2,-8,0,0,-3,4,10,-6,-2,9,-1,-4,-7,-6,9,-1,-10,10
-725/3,0,0,0,0,-3,2,-6,1,-9,-10,-9,-2,-6,4,6,1,-14,1,11,3,10,-16,-1,12,-7
-144,0,-3,4,3,6,6,-4,1,-8,4,3,-8,6,7,0,-3,13,-7,9,-13,-13,-10,4,12,2
-61/10,0,-2,0,3,2,1,3,-2,6,7,-4,-2,-9,0,-6,-2,-4,-13,-7,2,-1,-6,12,-6,6
-74/15,1,0,0,3,0,0,2,1,-3,-8,-2,-11,1,-6,0,1,4,-7,11,0,14,-14,-9,-6,8
-68/7,0,2,2,-5,2,6,-8,1,6,4,-1,-7,-7,8,0,5,-12,0,11,-15,-7,-14,-3,3,11
-79/50,0,2,0,-5,4,6,5,-2,-3,0,-10,10,-6,-6,12,-2,10,-1,3,-12,-7,4,1,6,0
-81/49,0,0,4,-5,0,2,5,-2,-9,0,3,-2,-5,12,-10,9,-14,-8,4,4,0,-14,4,-14,-2
-82/49,-1,-2,3,-5,6,2,1,1,3,6,1,-11,-4,9,12,7,-1,-6,-8,7,2,-14,0,10,-6
-79/51,0,0,4,1,2,2,-2,-2,-8,5,1,-10,-4,-6,8,5,-4,10,5,2,7,4,3,-12,12
96/5,0,0,0,0,2,2,-4,1,6,-2,-9,-10,-1,4,-6,-6,-9,8,-2,3,-5,8,6,-12,-6
46/3,1,0,3,1,0,4,-3,1,-7,-2,-5,-2,-4,-6,-11,-11,10,-13,6,-15,2,5,-3,6,-4
87/2,0,0,4,-5,4,4,4,1,-3,-10,-4,-7,2,-2,4,6,-14,13,-3,-12,-6,-1,12,-9,8
101/5,0,2,0,1,4,0,-1,1,3,-8,-1,6,-6,10,8,0,-4,13,-3,0,2,15,-5,-12,9
-28/57,0,0,4,1,0,2,4,-2,6,0,10,-1,-4,-2,-11,1,-14,8,-12,-1,-14,-9,-10,10,13
-109/94,0,-2,2,0,-1,6,2,-2,-8,4,0,2,6,0,3,-10,0,-12,-8,-4,5,-7,-3,0,-2
-111/95,0,0,0,1,-2,-5,5,-2,-3,-8,-1,-11,2,4,-10,-2,-4,8,10,3,-13,-7,-3,-15,-6
-107/95,0,-2,0,3,-1,-1,-3,-2,6,-5,-2,-7,-6,-12,1,6,-4,13,4,-12,-11,0,-16,-12,-12
-18,-1,0,3,3,-3,-5,3,0,-3,4,-9,-5,2,-4,-3,-3,2,1,-2,8,-2,-10,-6,-14,-14
-51/5,0,0,0,0,-2,-5,-8,1,-4,9,-9,-8,-9,8,-6,-9,-3,2,-12,12,6,-14,2,18,-13
511/5,0,-2,0,1,-5,-6,1,-2,-3,0,3,-1,-6,10,-6,6,-2,1,-6,-4,-11,12,6,18,17
171/2,0,-3,-3,-5,-2,2,-4,1,-3,9,-1,-6,-3,8,-6,-10,6,0,8,11,0,10,-13,2,10
130,1,2,0,-5,0,-7,5,1,-3,3,6,-5,-9,-6,0,-10,6,13,4,14,2,-6,8,2,14
259/3,0,0,2,1,-1,-5,1,1,6,0,-1,-11,-6,1,-6,-6,-4,-1,-11,-15,11,-14,3,0,0
-13/2,0,2,4,-5,6,-7,-6,-2,-3,-5,-5,-8,-6,9,0,2,8,13,-13,6,7,13,-1,-12,11
-65/9,0,0,0,1,4,-7,-5,1,-8,-2,1,8,-1,12,0,-12,0,2,-12,-7,7,-16,12,-15,-14
-29/15,0,0,0,1,-5,-5,-5,1,6,-10,-9,-2,8,8,4,-2,-2,0,2,-4,-8,-15,-5,6,10
-13/51,0,0,-3,-5,2,-7,-2,1,6,-4,-10,10,-1,-10,13,-11,11,-3,-4,-12,2,6,0,-6,1
-11/50,0,-2,0,3,0,6,5,-2,-8,-4,10,10,-6,1,-8,-2,0,10,2,-1,-4,-10,-4,-6,-2
-76/45,0,0,0,-5,-5,-1,1,1,3,-5,1,-7,-7,2,-6,3,6,-11,0,4,14,-14,12,-15,14
-95/74,0,-2,0,1,2,2,-3,1,0,3,-5,-8,-6,4,10,-6,13,-10,4,4,-13,-4,8,-6,12
93/2,0,0,2,0,0,2,-3,1,1,5,-10,-6,7,-4,0,2,-7,10,3,-5,-4,11,2,0,-14
91/4,0,2,1,1,0,-7,-1,1,-8,4,0,-3,-2,-12,7,3,1,8,8,3,-6,-16,12,6,2
29/19,0,-2,0,3,4,6,-5,-2,6,-10,-9,-2,6,4,-1,-3,6,13,8,13,-5,-10,12,-9,8
31/19,0,2,1,1,0,1,1,-2,-8,2,-10,-7,-3,-2,8,6,-12,1,5,-15,-2,-8,4,10,-3
-45/2,0,-3,0,1,4,2,2,1,1,0,-2,5,-9,10,2,-14,0,13,12,4,11,-4,12,-2,16
-88/89,0,2,-2,1,0,-5,6,1,4,3,-1,-8,-6,7,-6,-2,0,-5,4,4,-2,11,5,-8,10
-31/29,0,2,0,-5,4,6,-3,-2,4,-6,-10,11,1,-10,4,-4,5,2,-14,2,7,0,4,0,10
-69/7,0,0,-2,-5,0,-5,6,0,-7,6,1,-1,0,2,0,6,0,2,4,-15,0,2,12,2,-2
-79/45,0,0,0,-5,0,0,3,1,6,6,2,-8,-1,-4,-11,6,0,13,5,0,10,4,5,6,-5
-35/22,0,2,0,1,-2,6,-1,0,1,-4,-4,11,-5,8,8,-6,4,6,4,-3,2,0,-8,10,14
-65/6,0,0,0,1,-1,-7,-4,1,-6,2,0,-7,0,-4,0,-6,4,6,12,2,4,10,0,6,17
-70/9,1,0,0,1,-1,4,-3,-2,-3,-10,6,-2,2,4,1,-14,-7,0,-11,-12,0,0,3,10,12
-71/8,0,-2,0,1,0,-1,-5,-2,-8,-7,-9,-2,0,-6,0,-9,2,10,12,-12,-2,0,-3,-14,3
-16/235,0,-2,0,3,4,2,5,-2,2,3,6,10,0,-4,3,11,6,-13,-14,9,1,-14,5,6,2
-5/79,0,2,0,0,-2,-5,5,-2,3,-8,2,7,-4,-1,-11,6,4,1,-14,15,7,-8,4,6,-18
-31/26,0,2,1,-5,2,-2,-5,0,-3,7,-10,5,0,-6,0,10,-4,8,-11,6,6,-10,12,2,-7
-94/77,1,2,2,-5,-2,1,3,0,-8,0,-6,10,0,4,-8,-2,-2,-6,11,-12,-1,1,7,-15,8
43/9,0,0,0,-5,2,6,4,1,-3,-5,-1,10,2,-1,4,1,-9,5,2,-5,7,4,-3,-6,14
87/11,0,0,2,1,-2,0,5,0,6,-10,-1,10,-3,-1,0,-11,-12,-10,-7,3,2,-6,2,-1,1
7/71,0,-2,2,1,0,6,-3,-2,-3,-4,10,-5,-6,7,8,4,10,-10,8,4,-11,4,12,12,-1
10/71,-1,-2,0,3,-1,-6,-4,-2,-3,5,-1,-7,-6,7,4,-4,-5,10,-5,4,10,-14,5,-9,2
13/67,0,2,2,-5,-1,-7,-3,-2,-3,-3,0,2,12,12,-7,-3,11,1,0,11,-4,-4,-16,-1,12
7/34,0,2,-3,1,4,-1,-2,-2,-3,9,1,-5,12,-1,13,6,-1,2,-7,3,-6,-8,7,1,2
-3/40,0,0,0,-5,0,2,-3,1,1,-4,1,7,3,-6,1,1,-7,4,8,16,-14,6,12,-8,12
-21/356,0,0,2,1,-2,2,-3,1,-9,4,3,-7,-4,4,0,0,0,-8,4,11,-13,5,2,-8,-14
-41/711,0,0,1,1,-1,6,-3,1,-3,-4,-5,10,-4,6,2,-3,4,4,4,14,11,-8,0,2,16
-37/11,0,2,-2,3,-2,6,-4,-2,-3,2,-1,-11,-3,0,-6,-10,-2,2,4,13,-5,10,3,1,3
-39/85,0,0,0,3,-1,-7,-2,1,-4,-4,2,-7,4,-3,4,6,2,1,2,8,2,13,4,-14,3
-51,0,0,1,-5,-3,2,-8,1,6,6,3,5,-1,6,-6,-6,1,-2,5,8,2,13,1,-12,12
-51/2,0,0,-3,1,-1,6,-8,-2,-3,-10,-8,-6,-5,-3,0,-3,6,-1,10,-8,0,-10,-3,8,6
41/5,0,2,0,-5,2,1,5,1,-4,3,-6,5,-4,5,-6,-10,-1,-8,-14,4,-5,2,-3,-15,2
14/61,-1,-2,1,1,2,1,5,-2,0,-3,8,-5,0,-3,2,-3,0,-4,8,-4,0,-14,4,6,-12
20/63,0,0,0,-5,0,1,-3,1,1,-2,-1,-2,0,-6,1,-6,4,-2,-6,-9,-6,-14,12,12,-12
9/62,0,-3,3,-5,2,2,1,-2,6,-3,2,11,-6,2,4,-3,5,-1,8,-8,-10,-10,8,1,14
8/61,0,-2,2,3,4,4,5,1,-4,6,1,-7,6,-4,8,-3,6,-4,4,8,4,-10,12,-1,14
6/31,1,0,2,1,0,-1,5,-2,6,5,2,7,-3,8,-3,3,6,5,12,-6,-5,-15,-1,-14,17
-93/47,0,0,4,0,-1,1,-6,1,-4,3,-10,-11,-6,4,3,6,0,-4,10,3,12,8,2,12,13
-95/51,0,0,0,-5,6,-5,-2,1,0,-8,3,-2,-1,9,-6,4,0,6,8,-1,-16,-8,-16,0,9
-14/61,1,2,2,1,4,2,-6,1,-9,-4,-1,-2,4,-1,-8,-6,0,-4,-3,0,11,6,0,6,8
-13/27,0,0,4,1,-3,-7,2,1,4,0,3,-2,-9,-4,-7,-2,-7,-13,-12,-5,-4,-11,0,-1,-12
-29/81,0,0,0,-5,-5,6,2,-2,3,-10,-5,-2,-4,1,-8,6,-2,4,-12,-12,14,8,10,-12,8
-27/79,0,0,-3,-5,-2,6,-3,-2,6,6,-9,10,8,-4,-10,-3,-3,1,3,-15,-7,-8,6,1,2
15/23,0,0,0,-5,-3,-5,5,1,0,-5,-6,-6,1,-4,0,-4,0,5,4,4,-6,8,3,6,-12
-38/717,1,0,0,1,-2,6,-1,1,6,-5,6,6,0,9,0,6,6,4,-11,6,-2,-11,-16,10,8
-34/713,-1,2,3,1,2,-5,-8,1,0,-1,2,-8,3,8,-11,1,4,-1,2,7,-13,-1,11,12,8
-5/243,0,0,0,1,2,4,3,1,1,-10,2,6,-4,1,0,1,13,-1,-13,14,2,-6,-5,2,-9
-3/244,0,0,0,3,-3,2,-3,0,6,6,-2,-2,-7,5,-11,-6,0,-4,2,-7,-7,-15,-9,6,-14
-4/489,0,0,2,-5,0,-6,4,1,3,4,-5,10,2,-9,-6,-3,-9,-8,0,7,5,-5,-6,-17,8
-1/88,0,-2,-3,-5,-2,-1,5,-2,2,0,-7,6,-3,8,-6,1,-2,-1,5,6,14,8,-10,-6,0
-7/87,0,0,2,1,4,-5,2,1,2,-6,-9,-2,2,-10,2,-2,4,-10,10,12,-7,4,12,10,13
-3/490,0,0,0,-5,4,-5,4,1,-6,4,4,-8,-7,9,0,0,9,1,11,-15,7,-8,-16,-7,-14
-7/489,0,0,-3,1,-2,-5,-5,1,6,0,2,10,6,-1,-8,1,0,-12,10,4,-13,5,10,-17,7
-1/61,0,-2,2,-5,0,2,2,-2,-8,3,2,-7,-7,12,4,-11,-4,-4,4,-12,-10,-7,12,9,13
-8/491,0,-2,-3,1,-1,6,-3,1,-4,-2,-1,2,6,4,3,9,6,8,1,6,2,10,5,12,-1
-37/3416,0,2,3,-5,-2,-5,2,-2,6,4,1,-11,0,-9,-6,3,6,-4,4,3,14,-8,0,10,14
-37/3415,0,-2,0,1,0,-6,-1,1,-3,-8,-5,-11,-6,1,0,1,0,1,8,-2,-5,10,-16,-14,12
-26/2277,-1,0,-3,0,-2,-7,-4,1,0,-4,2,-3,10,-1,2,5,4,-6,4,13,6,1,-7,6,13
-11/976,0,2,2,0,0,0,-3,1,-3,-2,-1,5,0,0,2,-4,-9,-4,-4,0,-9,8,5,10,-14
-6/569,1,0,2,-5,-1,0,6,1,-3,3,-1,2,-3,12,-6,6,0,6,-8,4,2,-8,-4,-13,-14
-7/570,0,0,0,1,0,2,2,-2,2,0,-6,10,-6,9,-6,-2,-2,-11,14,-9,-8,-14,0,0,-3
-16/1711,0,-2,1,-5,-5,4,2,-2,3,-6,10,11,0,4,8,-10,10,-2,2,-3,-7,2,-4,-8,14
-17/1708,0,2,2,-5,0,6,-8,1,-3,-2,0,-6,10,2,-6,1,6,-4,-10,-12,12,-4,0,-9,12
-49/9,0,0,2,1,0,-1,-3,-2,-3,4,-4,10,-1,7,12,-10,-4,-10,-12,-12,2,-15,5,6,17
58/21,1,0,-3,-5,0,-5,-5,-2,-8,-10,10,8,-3,-1,12,6,-14,4,9,6,-6,8,3,-3,0
-10/13,-1,-2,0,3,2,-2,5,1,-3,-8,-10,-7,2,1,8,-10,-9,6,8,-9,2,-14,9,12,17
-13/60,0,0,0,1,-3,-7,-3,1,0,-5,-1,-6,-5,-2,-8,3,-10,13,4,-4,-16,4,14,2,-14
-5563/4,0,-2,2,-5,0,2,3,0,6,2,3,-1,-3,-3,-11,-2,7,-6,12,-9,-13,-6,4,10,8
-2781,0,0,1,-5,-1,2,1,1,6,5,-5,-1,-9,-7,8,6,-4,2,12,14,-16,-16,4,12,-2
-5569/2,0,2,2,-5,-3,-5,6,1,6,3,-8,-7,-3,-9,-8,-6,0,-7,4,8,10,-11,-11,8,-14
-2784,0,0,0,1,6,4,-3,1,-4,-10,6,-6,-5,7,0,-2,0,-8,-12,8,-5,-14,6,0,-19
-5570,-1,2,0,1,4,6,-5,1,-9,-1,1,-2,1,4,0,1,10,-10,-8,-15,-13,12,0,-12,-18
-1390/3,-1,0,0,0,2,-1,1,1,1,7,3,-6,2,0,-6,-6,0,-7,16,-8,1,5,0,2,0
-1855/3,0,0,0,1,4,2,2,1,6,10,3,5,-3,-2,-8,-10,-9,5,2,-12,-5,1,-4,0,-1
-1857,0,0,3,-5,-1,0,-3,1,2,0,3,-6,-4,6,0,-6,-9,8,11,-5,-6,12,12,10,18
-8/681,0,0,3,3,0,2,-4,1,2,4,-1,-10,12,4,-11,-3,4,-3,3,-3,4,-1,-7,6,-1
-7/687,0,0,2,1,-2,2,3,1,6,-2,3,-8,0,8,-7,-4,-1,-4,-4,6,2,-16,-3,4,-8
-11/683,0,-2,-2,1,0,-5,-6,-2,6,-5,-1,-3,-2,7,-8,1,-5,0,-14,8,-13,-8,12,10,17
-9/682,0,-3,0,-5,-2,-5,-3,-2,0,4,2,10,-6,1,-3,-10,0,8,5,4,12,13,4,0,9
1/63,0,0,0,-5,4,-6,-1,1,-9,-4,2,-5,4,7,-7,6,-11,4,4,0,-13,-1,8,1,-14
-3/205,0,0,0,1,0,2,2,1,-3,9,-1,6,6,-3,-2,6,-2,2,5,-4,10,1,2,6,6
-32/3417,0,0,1,3,0,1,-2,-2,-8,-10,-1,2,0,8,6,-2,-14,1,0,8,8,-9,3,-7,-2
-31/3421,0,-2,2,-5,-2,-5,2,-2,-3,-7,-10,5,0,-2,0,-4,-9,1,2,0,-11,0,6,-12,-7
-102/55,-1,0,0,-5,-2,-5,-8,-2,0,-4,10,-5,-7,-1,-8,-6,-2,-6,2,-9,7,2,3,3,17
-91/76,0,-2,2,1,-2,-7,6,-2,6,5,-5,-5,-7,-2,8,-4,6,5,2,6,-10,-1,5,-3,-10
3/64,0,0,0,3,-3,2,6,-2,0,6,8,5,-3,4,8,-12,-11,10,4,14,4,-16,0,-3,17
13/781,0,2,-3,-5,-2,-7,-3,1,6,-5,-4,-1,0,12,0,6,6,-13,-7,4,-5,-14,-15,18,2
1/78,0,0,2,0,-5,-2,6,-2,6,4,-6,-6,10,8,0,6,2,6,-14,-12,8,8,-10,-17,-3
6/61,-1,0,4,-5,-5,-5,-3,-2,-3,-7,-7,-6,-4,1,1,-2,5,-4,4,12,-7,4,4,2,-6
5/49,0,-2,0,-5,-5,6,-5,1,-8,6,-6,-7,6,12,-4,0,-4,2,4,4,2,6,10,10,-7
13/98,0,-2,4,-5,0,-7,4,-2,2,-5,0,7,-4,-10,-6,-7,-1,2,-14,-5,14,4,2,2,-2
73/7,0,2,2,-5,-5,1,-3,1,-8,-1,6,-2,4,6,0,6,-2,-12,8,-15,-11,13,14,-6,1
-79/21,0,0,2,-5,-1,-5,-1,1,-3,0,3,6,1,1,0,-10,4,8,2,4,-2,4,-3,-10,-8
-19/30,0,0,0,0,6,-5,-4,1,-8,10,10,-2,-9,-6,-4,-10,-2,8,8,-12,-2,0,-7,-14,2
-22/47,-1,2,1,-5,0,6,2,1,-3,-7,10,-7,10,8,3,-2,-4,-10,3,3,2,10,-11,6,2
-41/103,0,2,2,3,0,0,-1,1,-3,0,1,-5,-4,4,13,-6,-10,-2,-11,-9,5,-1,2,12,-9
-41/102,0,0,2,1,-5,2,-2,1,1,-4,1,-2,-4,2,0,11,-2,0,-6,-4,-4,15,0,6,2
-44/103,0,2,0,0,0,-5,1,1,-9,3,-1,-11,0,2,-11,11,4,6,-5,2,-4,-8,3,9,-2
-47/101,0,-2,2,3,-3,6,-3,1,-3,6,-4,8,-5,4,-8,2,0,6,0,-2,2,-8,12,10,12
-47/103,0,2,2,1,-1,-5,-3,1,6,-5,8,6,-4,4,-8,-6,-9,2,10,5,6,-8,-1,3,8
-26/49,-1,2,2,-5,0,-7,-3,1,-4,3,-6,-8,-9,-4,1,-11,-4,1,-14,-4,10,4,0,-17,18
-53/98,0,-2,2,-5,0,4,-4,-2,6,4,-1,-11,-4,6,3,-10,2,-11,3,-7,7,0,12,6,17
-52/101,0,2,-3,1,4,-7,4,1,3,-5,-5,-7,12,12,12,4,0,-6,-12,4,6,-6,12,12,-8
-95/6,0,0,0,-5,0,-5,-3,1,3,-10,1,-2,8,4,8,1,0,4,0,6,-1,8,-16,-9,1
-92/5,0,-2,0,-5,0,-5,-6,1,-7,0,-7,2,-9,8,-6,-10,-7,1,-6,-8,5,-15,6,9,8
-88/3,0,0,1,0,0,2,3,1,-3,3,3,-7,-9,7,4,-10,0,-7,6,-3,10,-16,3,-6,12
-41/50,0,-2,0,0,2,2,1,-2,3,4,6,-1,-4,12,4,-6,6,1,-12,6,4,-4,-13,-6,-12
-46/3,-1,0,3,0,-2,0,-3,-2,-7,-2,-9,-10,-6,10,-11,2,-12,-1,2,-9,7,10,-16,6,-7
91/40,0,2,0,1,-1,-7,4,-2,0,5,8,10,8,2,1,1,0,10,-7,7,10,2,-7,-14,8
46/21,-1,0,2,-5,0,-1,2,1,-7,4,-1,10,10,4,-6,-3,4,13,4,7,7,10,-4,-12,1
17/9,0,0,0,-5,0,6,-8,1,3,-10,-9,-1,-1,8,0,-6,-11,1,-10,4,-4,5,6,-10,18
85/46,0,2,0,1,-3,2,-8,-2,0,-4,4,-6,-6,-7,6,1,6,4,-3,6,-7,11,-6,0,2
-78/17,1,0,0,1,0,-7,-2,0,-3,0,1,-2,-3,10,-8,-9,4,0,5,-9,-6,-10,16,3,-2
-67/91,0,-2,0,-5,4,-2,2,1,-8,-4,10,-7,-4,8,-6,6,4,5,-5,-4,0,0,12,10,8
-26/19,1,2,4,1,4,-7,-3,-2,6,7,-4,-7,-1,-10,7,9,0,-4,3,7,11,-10,0,-17,1
-25/18,0,0,0,1,0,-5,-4,1,-3,-8,-8,10,10,-6,-6,-2,-11,2,-3,12,2,-16,-16,3,-2
22/1173,-1,0,2,1,0,1,-2,-2,0,-3,-1,6,-6,4,0,1,0,-10,2,0,6,-8,12,2,-5
21/1172,0,0,3,1,0,-5,-3,1,6,0,3,2,1,-2,10,-4,9,-4,8,12,7,1,2,-12,2
37/2338,0,2,1,-5,0,2,-5,1,0,2,1,-11,0,2,10,-3,0,-4,12,-3,-2,4,10,18,14
32/2341,0,-2,0,1,2,-6,2,1,1,-2,-6,10,6,-1,-2,-11,0,5,-14,5,7,9,16,6,8
36/2341,0,0,4,-5,-3,2,2,1,6,10,1,10,8,4,-6,-14,-1,-3,-8,8,-13,4,0,18,3
32/2343,0,0,1,-5,-2,0,6,1,-4,3,10,-2,-3,-2,-3,-2,6,-2,5,4,2,6,4,2,2
71/31,0,-2,0,-5,-2,-1,3,-2,2,0,2,-5,-6,-12,3,-14,1,-11,8,-12,-6,11,5,18,-3
66/31,-1,0,0,0,0,-5,6,1,4,-2,2,2,-6,8,6,11,4,-2,-10,13,2,-16,-3,-8,8
16/783,0,0,0,-5,0,2,3,1,-6,-6,-6,-2,-5,4,-8,-12,0,4,-8,-12,-2,4,-6,6,-6
10/781,1,2,0,1,-2,2,1,1,-3,-3,3,-2,-6,-1,0,-9,-13,-4,8,4,2,-9,16,6,10
1/197,0,-2,-2,0,6,6,6,-2,-6,-3,8,-10,-6,12,0,9,5,-3,4,-15,-5,-7,1,18,1
5/193,0,-2,0,3,6,-5,5,1,-8,3,-1,5,3,4,2,3,6,4,-8,8,-13,-9,12,-6,8
53/38,0,2,4,1,-3,6,-4,-2,6,6,3,-5,0,-2,-6,-10,0,-5,-2,6,0,-8,10,-6,3
26/19,-1,-2,1,0,2,-7,-3,-2,-3,0,3,-2,10,0,0,1,-1,-4,11,-15,-4,0,16,-10,-2
-69/47,0,0,-3,3,6,-6,-3,1,-7,4,8,-5,8,9,3,-6,-5,6,-3,4,14,-8,-16,-17,12
-47/6,0,0,0,-5,4,1,6,1,-9,-8,10,5,12,7,-8,-3,-2,1,3,12,-14,-14,4,-3,8
-95/12,0,0,0,1,-3,-5,-6,1,-8,0,-5,2,6,-4,-6,-4,6,-3,8,-13,-4,8,12,6,-2
7/19,0,2,2,1,4,6,6,-2,0,-5,-6,2,8,1,-6,-2,0,-2,0,-12,-13,-4,-11,1,-1
17/2,0,2,4,-5,-2,0,-8,1,-4,2,-2,11,-4,6,13,-3,-4,-7,2,0,-1,-16,-7,3,-12
48/7,0,0,2,-5,6,-5,-6,1,-4,4,-4,-6,-6,-1,-6,-9,9,-2,4,-4,-4,0,-16,6,-14
-92/21,0,0,-3,-5,-3,-5,5,-2,-7,-8,3,-2,12,-12,-6,3,9,-7,-12,-8,-1,5,8,-12,13
-69/8,0,0,3,0,-5,-6,-6,1,-7,-3,3,5,-6,1,6,-6,-4,0,4,-3,-8,10,-4,0,1
-139/16,0,-2,4,-5,-2,2,2,1,6,-2,2,2,12,4,12,1,-1,6,-10,-12,-9,8,6,-17,-6
-45/4,0,0,0,0,0,-5,-1,-2,2,-2,3,6,12,8,-8,-6,13,-13,-4,12,-6,-16,2,10,-2
-136/11,0,2,1,0,-2,1,-8,-2,-9,3,-9,-6,10,9,6,-2,0,10,-8,6,-2,0,6,6,8
-139/14,0,2,1,-5,4,-5,4,1,6,-5,1,6,-3,6,-6,10,2,8,-7,8,-8,11,-11,-8,9
-139/15,0,0,0,0,-5,0,-1,-2,-8,-5,1,-2,-4,7,0,3,0,8,-11,-4,-2,4,-1,-3,17
-38/65,1,-2,0,1,4,-2,1,1,-8,6,-1,5,-5,-4,-8,1,13,-5,11,14,12,-10,4,6,-4
-20/33,0,0,0,3,-2,6,2,1,-8,-3,-8,-2,2,4,-6,-3,2,1,0,-12,-8,-16,-12,-7,8
-4/63,0,0,2,-5,4,0,5,1,-6,-4,-9,-10,-1,-6,-6,6,4,5,12,7,2,-11,-7,-3,-4
1/66,0,0,0,-5,-2,2,-3,-2,-3,4,-1,5,2,9,12,-6,-7,-10,4,0,-5,5,4,-16,-2
-1/243,0,0,3,-5,6,2,-1,1,3,0,-7,10,-6,1,0,1,-12,10,-14,15,-8,6,-3,-15,-14
-2/489,-1,0,3,1,-3,1,-4,1,-3,6,10,-7,4,8,6,-2,6,5,8,-3,-14,8,0,6,-13
-11/485,0,-2,0,-5,0,6,6,1,2,-4,2,-7,6,-6,10,-2,7,13,4,3,-13,8,1,3,4
-2/121,-1,2,0,1,-2,-6,3,1,-3,-5,3,-7,-6,7,-2,-2,0,2,-6,-4,-8,-16,6,5,8
92/51,0,0,2,-5,6,6,-2,-2,-7,7,8,5,-6,4,0,9,0,-5,12,9,-1,-14,6,-1,-14
93/55,0,0,0,-5,-2,-5,-6,0,6,-1,-10,7,-2,4,0,2,-2,-2,2,2,-6,5,-3,0,-9
-97/4,0,-2,3,1,2,-5,2,1,-6,-5,1,-7,0,12,7,6,-1,-7,4,6,-10,8,6,-6,8
-100,0,-2,0,-5,6,-5,-6,-2,-3,4,-2,10,2,1,0,-10,0,-8,-10,12,2,-14,3,9,9
-104/3,0,0,3,-5,-1,-7,2,1,-9,-2,8,11,6,4,0,3,4,1,-3,-5,11,0,-4,-6,-6
-99/2,0,-3,0,3,0,-1,-1,-2,6,2,-4,-1,-6,9,0,-4,0,-10,5,-4,7,-15,1,-6,8
-47/21,0,0,3,-5,-2,6,4,1,1,-3,-1,5,-4,12,-8,-4,11,-5,8,0,-7,6,0,0,-6
64/13,0,2,2,1,6,-2,4,1,1,-2,-2,-7,0,4,0,10,-14,-10,-12,4,-11,10,10,0,-9
44/79,0,-2,0,0,0,-5,-3,1,-3,0,10,-1,12,-4,11,6,-14,10,4,-15,14,-8,6,-14,8
40/79,0,2,0,1,0,2,3,-2,0,-3,6,-2,-6,-4,1,-4,-2,-1,3,3,-2,-8,-16,0,-8
45/77,0,0,0,-5,-2,6,2,-2,-4,10,3,-2,8,4,0,-3,-4,0,4,2,-16,-4,12,10,2
24/65,0,0,0,-5,0,-2,-4,-2,-8,7,-1,-7,-6,2,0,-6,6,1,2,6,-13,11,16,-9,-7
-51/59,0,0,0,-5,-5,0,-8,-2,1,6,8,5,-5,8,-11,6,10,-13,8,3,2,10,16,0,-5
-49/54,0,0,1,1,4,-5,6,-2,4,-4,1,-2,-6,-10,10,-14,6,8,12,8,-6,-1,-3,-12,17
-47/56,0,-2,0,-5,0,4,5,1,-6,0,-9,-2,6,10,-8,-6,-2,-1,14,-15,4,-8,16,-14,2
-55/56,0,2,0,-5,0,-1,-5,-2,2,9,-10,8,10,4,4,6,-4,-4,-4,-15,-1,-8,-4,18,-2
45/91,0,-3,0,-5,-3,-2,3,-2,-3,-2,-2,10,-6,4,13,11,0,10,-13,8,-10,-16,-3,12,-3
-4/39,0,0,2,1,-2,-2,-5,1,-8,-5,0,6,-7,-6,-8,-4,6,-7,3,13,-1,-14,0,2,-14
-61/49,0,-2,0,-5,-5,1,2,-2,6,10,10,6,-6,4,10,-6,6,-13,-11,0,-7,6,-3,-15,-7
-59/45,0,0,0,1,4,2,1,1,-3,0,-4,-7,6,6,12,-2,-12,8,1,3,-7,0,-16,-8,12
-68/5,0,-2,0,1,-3,0,-8,-2,4,-1,-5,-5,-1,4,-8,11,0,-5,0,6,-16,0,0,-2,-1
-71,0,2,1,1,2,6,2,1,-8,4,-1,-2,-1,9,0,-3,-4,8,4,-12,-13,-14,9,6,16
-68/3,0,0,1,3,-2,6,-8,1,6,4,-4,10,8,-4,10,1,6,6,-11,2,10,-9,2,-3,11
-69/5,0,0,0,3,2,6,-1,1,-7,0,3,8,-3,-12,12,6,6,4,3,2,7,0,4,6,-2
35/6,0,0,0,1,-3,-5,2,1,6,4,3,-8,12,-1,0,11,-2,10,-14,4,-4,-4,1,1,2
81/43,0,0,2,-5,4,-5,-4,0,-9,-5,1,-3,6,-12,-6,6,4,4,-4,6,-5,-8,16,9,2
79/42,0,0,-3,-5,6,-1,6,1,-3,6,1,8,-6,8,-7,1,-3,-3,-10,-12,7,4,1,6,3
77/41,0,2,-2,1,0,-6,5,-2,-8,-2,8,-5,6,-1,-8,-6,4,-3,-2,0,7,8,9,12,6
29/15,0,0,0,0,6,-5,5,-2,-3,-10,-10,-10,8,-2,-6,10,6,1,6,5,-7,-8,5,0,14
-59/37,0,2,3,1,6,2,2,1,0,-10,4,-8,6,-6,4,9,-12,-1,5,-12,0,6,-7,0,2
-21/73,0,0,-3,1,0,6,-5,-2,1,4,0,-2,6,4,2,-2,2,-3,-12,6,-6,4,2,6,-2
-21/71,0,0,1,1,0,1,-1,1,-3,3,-1,10,4,-4,12,6,-4,-13,12,4,-6,0,-4,-1,0
-67,0,-2,-2,3,6,4,4,1,6,7,-9,10,2,-10,-6,-2,-4,0,-5,12,11,-6,-3,-2,-6
-31/21,0,0,2,-5,0,2,2,-2,0,6,-10,-3,6,-10,-7,-6,-2,-7,0,8,-13,-8,-4,-3,-7
120/7,0,0,0,-5,-2,-6,2,1,0,9,-9,5,2,7,0,-6,0,-7,8,6,-10,-6,8,12,-1
58,1,2,-2,1,-2,-6,1,0,1,-10,-9,-2,-6,9,7,-7,4,-6,-8,-1,-13,-14,-3,-16,-6
59/7,0,-2,-3,-5,6,2,-5,-2,-3,-2,-10,-5,7,4,-8,6,-12,-7,0,-12,-6,6,-13,18,2
-4/95,0,2,0,1,-5,6,2,-2,4,3,-4,-6,1,4,-6,6,-4,2,11,14,-11,15,-8,1,10
-3/95,0,0,0,0,0,-1,5,-2,-4,-2,-1,-2,6,-7,0,-12,-1,8,5,0,-2,-8,3,6,2
-6/95,-1,0,0,1,4,-5,-3,-2,-8,0,-4,-2,8,7,0,-3,9,8,-6,8,-1,-8,4,-9,12
-2/97,-1,2,2,1,-5,-5,2,1,6,2,0,-5,-3,6,-6,0,-9,-3,-8,-5,11,8,7,-2,4
-49/40,0,-2,0,1,-3,1,-5,1,1,3,-4,5,6,4,0,6,-11,1,2,-12,-4,-14,2,-6,8
-88/85,0,-2,0,3,0,-6,-2,1,2,6,3,6,-9,4,-6,-4,-12,1,-3,0,-2,11,4,-2,-7
-2/87,1,0,1,-5,-1,6,3,1,-3,-6,-8,-10,6,-2,0,6,-2,10,8,0,-5,15,4,-6,2
-7/265,0,-2,0,1,-3,-1,4,-2,-3,7,4,-2,8,10,0,5,-14,-11,-3,-12,7,15,-9,10,-2
-1/132,0,0,3,0,-2,-6,-3,0,0,0,-9,10,8,-7,0,-6,-2,1,-10,-12,-6,-16,4,-8,17
-73/55,0,-2,0,3,-2,-6,2,1,-4,-4,6,6,0,-10,13,6,13,2,-10,13,-11,15,-3,-13,-3
13/33,0,0,0,-5,-2,-7,-3,1,-4,-2,-1,-1,-3,10,0,-6,-4,-12,-12,13,-10,-7,-4,-6,-3
30/67,1,0,0,-5,0,0,-3,-2,6,9,6,8,-9,-12,0,-10,0,-1,0,8,10,5,-7,18,8
11/32,0,2,-3,0,0,-5,2,-2,4,2,3,-7,-6,10,10,-6,2,-3,8,6,7,9,12,-10,-1
-53/99,0,0,2,3,-2,-5,6,0,-4,-1,8,2,12,1,-6,-10,11,-6,3,15,12,8,-10,2,2
-24/85,0,0,0,-5,0,-5,-2,-2,6,-5,3,10,-2,0,1,-2,9,0,4,-12,-6,4,7,6,10
-23/86,0,-2,3,1,2,0,5,-2,-7,2,-8,-3,6,-12,0,-2,-2,1,-13,-5,7,-14,1,12,3
-7/29,0,2,2,1,6,0,5,1,6,-6,10,-11,-5,-2,-7,6,-14,2,2,10,4,12,3,12,17
-3/880,0,0,0,-5,-2,-5,2,1,3,7,1,-2,-7,4,10,-6,-11,-5,-11,2,-2,8,0,0,3
-38/89,1,-2,-2,-5,2,-6,3,1,-3,10,-7,-3,-6,8,0,-6,-12,-5,-3,-12,-11,-6,6,-8,-19
79/5,0,-2,0,1,4,-5,-4,1,6,10,-1,8,-3,4,0,-4,6,6,4,14,-1,4,6,-6,-9
76/5,0,-2,0,-5,-1,2,2,1,2,0,-5,-6,-9,-2,1,7,10,-5,2,2,-4,6,-6,-6,0
-85,0,-2,0,1,-2,-6,-8,-2,3,-7,-1,2,-6,-6,6,4,13,1,-2,-4,2,6,-16,6,0
-83,0,2,2,0,4,-5,-6,1,-3,-2,1,-6,12,10,7,-4,10,-7,5,14,-5,4,0,6,-18
-54/17,1,0,0,3,-1,-6,-2,1,-3,3,-9,7,-2,-12,-10,6,10,-13,8,2,11,-9,3,-14,7
-61/22,0,-2,-3,1,-2,6,5,1,-3,-5,-2,-7,-6,8,0,6,6,-13,-2,4,-6,-14,11,-6,-2
35/64,0,-2,0,1,6,-5,-3,1,-6,4,-6,-2,-6,8,-6,6,0,10,12,3,2,2,1,-1,-1
-61/39,0,0,2,-5,6,-2,5,1,1,7,-10,-7,10,-1,6,1,4,-13,-6,4,14,4,4,3,18
31/14,0,-2,1,-5,-2,-5,4,1,-8,-2,-10,2,-1,-10,11,-10,6,13,2,-1,-13,-14,1,12,6
30/11,1,0,0,-5,-2,4,6,0,-3,-5,-1,5,12,5,0,-9,-4,-11,4,-15,-5,-14,6,0,-18
26/11,-1,2,0,3,-2,-7,1,-2,-8,-4,-1,7,12,-6,0,0,6,-10,12,5,7,9,-4,1,8
25/13,0,2,0,3,4,-2,5,1,-3,6,-8,-5,-3,6,4,-10,-9,10,4,0,7,-14,-3,4,-8
7/27,0,0,0,1,0,6,3,1,-9,4,6,-2,6,-1,4,-2,11,5,-14,3,7,8,3,3,-19
97/7,0,2,4,-5,2,6,-4,-2,0,-10,-5,6,6,4,1,6,6,6,12,-12,-16,15,12,-1,8
191/10,0,-2,0,3,4,2,2,1,-8,6,4,-2,2,-9,12,-3,-7,13,4,10,-6,12,-13,10,-9
383/21,0,0,-3,-5,-1,-5,5,-2,0,0,-6,-7,4,12,-11,1,0,-13,5,6,-14,-7,6,-17,-5
77/5,0,2,0,1,0,-5,6,1,-4,-1,3,-2,12,0,12,-4,0,-7,-12,-1,7,1,1,10,-1
373/17,0,-2,1,3,0,6,-2,-2,-8,10,3,6,-3,2,-2,11,-11,-13,0,-9,-5,-14,0,-6,-14
373/20,0,-2,0,-5,2,-5,5,1,2,2,-1,10,-2,4,0,6,6,6,-11,-12,2,-8,10,-14,-7
190/9,-1,0,0,-5,-3,4,-5,1,-6,-4,-4,-2,-6,4,-8,-2,1,0,-5,6,-1,-6,-3,18,2
94/5,-1,-2,0,1,6,4,6,1,-3,9,-7,-8,0,-10,-8,-10,0,4,-14,-9,4,-16,12,-6,-14
185/11,0,2,0,1,-2,-5,-5,-2,-8,4,-1,-11,4,4,-1,0,9,-7,-10,0,4,2,8,-6,8
373/19,0,2,2,1,-3,-5,-3,-2,-6,-5,10,-1,-1,4,13,6,0,-2,-12,-4,4,-16,-4,1,14
377/19,0,-2,-2,-5,6,-7,-1,-2,-3,-10,-4,2,-7,-1,12,-2,-1,8,-12,-6,-5,2,-16,-15,3
48/35,0,0,0,-5,-1,2,2,-2,0,-5,3,10,-2,4,-6,-3,6,4,-12,-6,-6,8,12,6,11
101/72,0,0,-2,-5,-3,6,-3,1,-8,4,2,-2,0,4,0,3,10,-3,-3,14,-1,8,2,8,-18
104/75,0,0,0,-5,-2,-7,-1,-2,6,4,-1,-6,8,-7,0,-10,-11,8,3,15,-5,-14,-5,6,-12
103/73,0,2,0,-5,6,-5,1,-2,-4,5,0,-2,6,4,1,6,-1,8,8,13,-6,4,-16,6,-5
100/71,0,-2,0,1,0,-5,2,1,0,4,10,-5,-6,-2,-8,-3,2,-2,8,4,12,12,8,12,16
99/68,0,0,3,3,0,6,-2,1,-6,6,2,10,-1,8,0,-6,-9,-10,-12,9,4,-8,10,-17,8
47/33,0,0,2,0,-2,1,-3,1,3,3,-1,-5,-4,5,-8,1,4,4,0,9,-13,10,-3,-14,2
27/50,0,0,0,1,6,-6,1,-2,-3,6,-8,-7,3,-4,6,-2,6,1,4,3,-13,15,12,-10,11
36/19,0,0,1,3,6,-6,4,-2,4,-5,-4,6,-6,4,8,-2,4,8,5,2,4,6,14,-6,-6
-23/13,0,2,1,1,4,-2,-1,-2,-7,-2,3,-2,-6,7,-6,-2,-14,-6,1,-15,7,15,17,3,2
-91/61,0,-2,1,1,4,-7,-3,0,-4,-10,-4,10,-6,-1,0,-3,-4,-4,11,-1,-10,12,2,-12,-6
71/68,0,2,-2,3,0,0,-2,-2,-8,10,8,-5,-2,12,0,-11,-2,-7,11,-12,2,-6,12,-9,-1
69/68,0,0,-2,-5,4,2,-2,1,-7,-2,-9,10,-9,-9,4,7,-4,-11,-12,-7,7,5,9,-4,10
1/279,0,0,1,1,-2,4,2,-2,6,0,2,10,-6,-2,-11,3,-9,8,-14,0,0,-10,4,-1,8
-4/557,0,2,2,1,-5,0,4,1,-3,0,-10,6,-3,4,8,-2,0,8,10,0,-10,8,-3,12,17
-2/559,1,2,-2,1,-5,-2,4,-2,-8,6,-4,10,-7,-12,-6,-2,-2,5,-11,13,-8,4,0,0,3
1/560,0,-2,0,-5,6,2,3,-2,-8,9,4,-2,-6,-6,-6,-4,6,-4,-7,0,-8,-9,-11,-10,2
-2/563,1,-2,4,-5,6,-6,3,-2,0,-3,3,-7,-4,8,4,6,-9,4,9,2,11,-16,-15,3,8
-1/652,0,-2,-3,1,4,-6,2,-2,-4,-7,1,-2,-1,-4,-6,6,0,-7,-12,-5,8,4,0,0,11
-6/1301,1,0,1,1,0,6,2,1,-9,4,6,7,6,-10,-6,-10,6,6,-6,13,-13,-9,0,10,8
1/653,0,-2,2,-5,-2,-1,2,-2,6,-7,4,-2,0,2,0,-2,-11,-3,4,3,-4,-8,14,3,-3
115/11,0,-2,0,1,-2,2,6,-2,-7,0,-6,-10,3,6,11,-6,0,10,-3,12,-8,-10,-4,1,-2
125/4,0,-2,0,-5,-5,0,-1,-2,4,-3,-1,-7,12,10,-6,6,-10,10,3,-12,-1,-6,12,6,-6
92/5,0,2,0,3,-2,-5,5,-2,-7,4,6,10,-7,2,6,6,-12,0,-4,-12,-11,8,-1,12,8
93/8,0,0,4,1,-1,2,4,-2,-8,-5,-10,10,0,-6,0,-7,0,-13,8,8,-10,-10,4,6,-13
23/3,0,0,0,3,-3,6,-6,-2,-7,-1,10,-7,0,-2,8,6,-4,6,-12,5,-7,-9,-7,12,8
95/58,0,-2,0,1,2,-5,3,1,2,-6,0,8,6,6,-10,3,8,-1,-2,8,-4,-16,14,-7,-7
70/17,-1,-2,0,1,0,4,-2,-2,-9,0,-9,-2,12,4,-3,-3,0,6,-8,6,-2,-10,15,0,-8
72/19,0,-3,0,1,0,6,-6,-2,-3,4,-7,5,-3,4,-11,-3,0,8,-12,-2,12,-1,12,-8,-18
-5/57,0,0,0,1,-2,6,-6,-2,6,-4,2,-7,-2,9,0,0,-4,2,-10,-6,11,10,16,3,-12
-73/27,0,0,2,3,-2,-5,-3,-2,-4,6,-9,10,-6,-6,12,5,2,2,4,12,-11,4,0,-7,17
-75/28,0,0,0,-5,-3,-5,-3,-2,6,-5,-7,5,-1,2,-8,1,-5,8,4,-8,10,-9,-4,6,-14
25/1168,0,2,0,3,4,6,6,-2,6,3,-9,-5,8,-2,-10,-2,0,-8,-10,4,-6,-4,-4,12,-14
19/1168,0,2,-2,1,-3,2,2,1,6,-4,-9,-2,3,9,-1,3,8,-11,12,6,-6,8,-12,-15,-19
14/589,-1,-2,2,1,2,2,-4,-2,-3,-5,2,-7,-1,-9,0,2,6,6,4,-7,-7,4,-4,18,10
1/59,0,-2,2,-5,-2,0,5,-2,-6,4,1,-3,6,6,-1,10,10,8,8,4,10,4,6,-12,-9
10/589,1,2,0,3,0,-1,-3,-2,0,3,2,-7,4,1,-6,-4,9,-1,16,0,-13,6,4,-4,2
9/586,0,0,1,1,-2,-1,3,1,-3,4,-4,-2,-1,1,0,1,-12,1,5,7,-6,-15,-1,8,2
3/56,0,0,0,-5,-2,-5,-3,1,-8,9,0,-1,-2,6,-11,-3,4,-11,0,0,-2,13,14,-17,-5
-5/59,0,-2,0,3,4,1,-1,-2,1,-3,3,-7,-7,4,-6,6,10,-2,2,14,-5,-11,0,8,11
-91/40,0,-2,0,1,0,-7,3,1,-9,-8,-1,-5,8,8,1,9,-9,-7,14,-15,-6,10,-10,-7,-12
-17/8,0,-2,2,-5,-1,-6,-8,1,6,4,-7,-2,3,-7,8,-2,-1,-11,5,-5,-6,9,8,6,-7
-90/41,-1,0,0,1,0,6,-4,1,6,6,-1,5,6,4,-6,-12,4,4,2,4,-14,-4,-3,-10,0
-89/38,0,-2,-2,3,-1,4,3,-2,4,5,-5,-7,6,6,0,5,0,2,-3,6,-10,13,0,-13,-9
-85/58,0,-2,0,3,-5,2,-8,-2,4,-6,-4,-2,-5,1,-6,3,-13,13,-12,10,7,5,1,-12,10
-80/57,0,0,0,-5,-3,2,5,-2,-4,6,4,5,-5,-4,8,-11,7,-11,10,15,-9,0,-1,0,10
-51/31,0,0,1,-5,0,-5,-8,-2,6,-10,2,11,-6,9,-8,-10,-7,-11,2,-15,6,5,-4,-4,-18
5/34,0,-2,0,1,4,6,-2,-2,-3,4,3,5,-1,4,-6,3,-4,-7,-3,0,-6,8,2,-17,12
5/8,0,2,0,-5,-1,6,1,-2,-3,-8,-1,5,6,-4,-10,7,1,-12,2,-9,0,8,17,12,10
79/35,0,-2,0,-5,-5,1,5,1,-4,-10,3,-5,12,-6,1,6,11,-13,10,5,6,4,0,-1,13
69/35,0,0,0,-5,4,6,4,1,-7,-8,-7,-2,8,1,12,-7,0,-13,-2,12,2,10,3,10,-18
37/19,0,2,-3,1,2,-5,-1,-2,6,-4,0,-11,-4,7,0,1,13,6,2,-1,-11,-15,-7,-1,1
68/39,0,0,-3,3,-3,-2,-8,-2,6,4,-2,-10,-9,-1,-6,-11,-4,13,2,-5,-6,-7,4,6,5
-2296,0,-2,1,1,-2,-5,3,-2,0,-3,-4,6,-4,-1,0,3,4,-8,-2,-9,5,-1,-4,6,-2
14/89,-1,2,2,1,-2,-6,6,1,-8,6,3,5,-7,-10,-11,4,2,4,8,8,-4,13,12,-8,7
19/85,0,2,0,-5,-5,6,-2,1,-8,-4,8,-3,6,0,-8,6,5,-3,2,-9,-7,-15,2,-15,3
-28/11,0,2,0,1,-2,2,3,-2,6,-5,-1,-2,-1,-6,12,3,10,-5,-10,0,4,-4,2,0,-3
-86/33,1,0,-2,0,-2,2,4,1,-9,6,10,-2,12,-1,-2,0,-13,8,4,0,4,-1,14,-10,1
48/25,0,0,0,-5,4,-5,-5,1,-3,-5,1,5,-6,-1,13,4,11,-10,0,7,1,4,-6,-6,-1
45/22,0,-3,0,3,-2,-5,-4,1,-3,-4,-9,-10,-4,-1,0,6,0,-1,4,0,12,-11,4,-6,-14
90,1,0,0,1,-1,6,2,-2,-8,5,-4,-5,6,-1,-6,-4,-9,1,5,3,-2,10,0,-6,-14
-186/13,-1,0,2,-5,2,-2,-3,1,4,-5,-10,-2,-2,-9,7,-6,6,-10,4,4,-11,-12,-4,18,6
-185/9,0,0,0,1,6,-5,-3,1,-3,-7,2,-11,6,-9,-11,1,6,-12,-4,-5,-14,-16,-13,8,8
-187/12,0,0,1,1,0,-5,-8,1,-8,4,10,-1,-7,12,-1,-11,11,-11,9,0,2,-8,12,-6,-3
-58/73,-1,-2,1,-5,0,-1,-6,-2,-4,-10,6,-2,-1,8,12,5,-4,-1,-14,12,-6,15,4,-12,9
-59/71,0,-2,4,-5,0,2,2,1,-3,7,-8,-3,-3,0,0,-3,-12,-10,-12,4,-16,5,-16,10,14
-81/47,0,0,0,1,2,4,3,-2,3,10,-2,-2,-9,-12,3,-10,-4,-7,-14,14,14,-5,2,-1,0
40/23,0,-2,0,1,4,-5,4,-2,0,5,-9,10,6,-2,8,-12,6,-2,6,-5,-2,9,2,-7,1
74/73,1,-2,0,1,0,-6,-3,-2,3,5,10,-11,10,5,8,10,0,-8,9,-3,-6,-10,0,10,-12
36/37,0,0,2,-5,0,-5,6,1,-9,3,6,-8,8,4,1,-9,0,1,-4,-12,1,13,1,-10,-14
20/11,0,2,0,-5,-2,1,-3,-2,2,6,1,-7,0,4,0,11,0,13,-7,-9,4,4,1,6,-14
145/12,0,0,0,0,-1,4,2,0,4,-10,-7,-7,-5,6,-11,6,-7,8,0,-3,11,-4,12,0,-2
145/14,0,-2,0,-5,0,0,2,1,1,-10,8,10,6,4,0,0,8,1,4,8,10,8,-16,6,18
97/9,0,0,-2,3,-5,-5,1,1,-8,3,-4,-5,-4,-4,-11,0,-3,-13,3,3,2,0,1,1,8
78/7,1,0,1,-5,0,-7,3,-2,-8,6,-1,11,-6,2,-6,-6,2,-1,-14,2,-7,-4,2,-15,-2
150/11,1,0,0,1,-2,1,-4,1,-4,4,-1,-2,-5,-2,-6,-14,0,-6,4,-9,-6,13,0,0,-1
146/13,1,-2,2,0,4,-2,-5,0,-3,0,4,-10,0,-2,-1,0,-4,8,4,0,-11,13,-4,-6,-18
288/29,0,0,-2,0,4,-5,1,1,6,-6,3,8,-6,-1,-11,1,-14,-7,10,5,-14,-15,-7,-10,-6
47/5,0,2,0,0,4,6,-5,-2,4,0,-4,10,-3,-6,-8,2,13,-1,4,0,4,-4,3,6,-9
71/6,0,0,0,1,6,2,-4,1,6,6,8,10,-6,-10,-1,1,-2,-8,5,-12,4,8,-16,-12,2
35/4,0,-2,0,1,2,6,-3,1,-8,4,2,10,-3,-2,0,-9,0,13,-14,0,2,5,7,18,14
15/53,0,0,0,1,0,0,3,0,1,-8,10,-1,8,1,-4,5,10,-5,2,-5,-2,-4,4,-3,-3
4/25,0,2,0,0,4,-1,-4,-2,6,0,-1,-8,10,4,1,-3,6,-1,-14,4,11,-16,-16,5,17
2/25,1,-2,0,-5,0,4,-3,-2,-3,3,1,-1,-6,-10,0,-12,0,-3,5,-3,-8,11,1,2,6
82/29,1,-2,-2,-5,4,2,-3,1,2,-6,-8,7,-4,12,13,-3,-4,2,11,12,0,10,1,12,1
17/38,0,2,2,0,6,-1,-8,-2,6,-10,-4,-2,6,12,11,5,-2,2,-12,-3,7,-16,0,1,12
9/26,0,-3,2,1,4,-2,4,1,-8,-8,1,-5,-3,4,1,-3,0,5,-4,0,-14,0,0,-12,10
36/17,0,-3,-2,-5,2,-1,-2,0,-8,-8,-2,10,-3,6,-6,0,6,8,-3,16,2,-9,0,6,-12
-19/22,0,-2,-3,1,-2,-5,2,1,-9,4,-5,-2,-6,2,0,6,0,13,9,5,-1,-14,-4,-1,-6
-74/87,1,0,-3,0,0,6,2,-2,-3,-6,-6,-11,-6,-12,-8,6,0,8,10,3,10,8,2,-12,-12
20/73,0,-2,0,1,2,-1,-3,1,-3,4,1,-2,6,9,-6,-3,0,-8,3,-8,-6,-8,-16,-1,-4
11/72,0,0,0,1,0,-1,1,1,-9,6,-4,10,3,4,0,1,0,10,-10,-5,11,10,12,-6,2
67/88,0,2,2,0,-2,-5,5,1,1,0,1,10,-6,-12,0,-9,-4,8,-5,6,-13,8,12,-2,-3
-988,0,-2,-3,1,-1,-7,5,1,-3,-1,-10,10,0,-6,-8,3,-11,-10,-14,0,14,12,-3,1,-14
-1979/3,0,0,3,3,-3,6,-4,1,-3,-5,3,-1,10,-7,8,7,11,-7,2,4,2,8,1,-15,-8
-398,1,2,0,0,0,-5,-1,0,-6,-5,-5,-7,-6,-9,0,-4,-11,1,11,8,5,-16,-12,0,-9
-394,-1,-2,4,-5,-1,-1,2,1,-4,-5,-5,10,6,-10,-3,-4,0,-2,10,-9,8,0,2,10,14
-661,0,-2,2,-5,6,0,-6,1,2,-4,-8,-2,-5,2,0,6,-4,-2,2,-12,6,8,0,10,11
-992,0,2,-2,1,0,-1,5,1,-4,2,-10,10,-2,4,-8,-3,-9,-7,3,-1,7,8,-6,-1,2
-993/2,0,0,0,-5,-3,-5,2,-2,-8,4,0,-2,6,-2,0,9,4,-8,8,7,-13,-4,-3,-15,10
-5051,0,2,1,3,0,-6,5,-2,-3,-3,-6,10,-2,1,0,-4,8,5,-12,-12,-4,-5,9,-2,-14
11/19,0,-2,1,-5,0,-5,2,-2,-8,-2,3,-7,6,6,-6,1,-4,8,9,16,-10,11,-3,-10,12
26/35,-1,2,0,-5,-1,-7,-4,1,2,3,-1,-11,2,1,6,6,0,0,-6,3,-6,-16,-11,-1,-14
53/67,0,-2,2,0,0,6,5,-2,6,6,1,-2,8,-1,12,-10,-14,-10,0,15,-5,5,-10,12,8
-766,1,-2,2,-5,-3,2,3,-2,-6,-5,-5,10,0,12,-2,6,0,-1,4,-2,-8,2,-4,9,-7
39/40,0,0,0,-5,-3,-7,5,-2,-3,6,-7,10,-7,6,0,11,-4,-2,8,8,-7,8,3,-1,-2
85/82,0,2,0,3,2,-5,-8,-2,-8,-5,3,-1,6,7,0,-12,-2,-11,16,15,4,0,-16,-15,9
86/79,1,-2,2,0,6,-5,2,1,0,4,4,-3,7,-1,-6,-10,6,5,4,-12,-5,-8,1,0,14
88/37,0,2,1,1,0,-5,4,-2,-8,4,-7,-8,-3,-7,4,4,-2,1,8,-15,7,13,4,10,-12
15/86,0,0,0,-5,0,2,5,-2,-3,3,-1,6,-6,-12,-1,-2,0,2,-10,2,-4,15,2,-6,-5
11/83,0,2,2,3,0,2,2,-2,-3,3,-6,-6,-1,-4,-8,1,6,4,-12,3,12,-1,-16,-10,8
-2/377,-1,-2,1,1,-2,-2,2,-2,6,-6,3,-2,10,-1,0,-3,8,-8,5,-1,12,5,-1,12,-5
-8/753,0,0,2,-5,4,-5,6,1,-3,-5,6,-7,0,2,8,-11,11,-10,12,-15,11,-14,16,8,-2
-1/753,0,0,-2,-5,-1,2,-1,-2,0,4,-2,-2,-4,-2,-8,-10,-4,1,-2,-9,6,1,6,-10,-18
99/13,0,-3,-3,1,0,-2,2,1,-4,0,1,-5,-5,-6,-1,6,0,-6,-10,-12,-13,11,-3,9,-6
29/98,0,2,-3,-5,-3,-6,2,1,-3,-10,3,-8,-4,-4,11,1,-9,-10,2,14,-6,-10,5,-14,-19
70/27,1,0,0,1,-2,-5,1,1,2,2,-4,-6,-5,-6,4,-12,-9,2,8,-3,-13,4,0,0,8
-1/29,0,2,4,1,-2,-5,1,-2,-9,-6,4,2,-3,4,1,6,-2,-5,-12,3,-9,-8,1,0,-7
-28/69,0,0,0,1,0,-6,-5,1,0,-5,-9,10,12,-9,-7,-6,11,-1,14,0,-6,11,12,-12,8
-23/75,0,0,0,0,2,6,-3,1,-7,3,3,2,2,-4,0,-9,-7,0,-4,10,-11,-6,12,-17,3
-26/75,1,0,0,1,-1,-7,-5,-2,3,6,-4,10,-2,-6,0,7,-5,-2,-3,6,7,10,-4,-7,-7
2/57,1,0,0,1,-5,1,-5,-2,-9,-1,3,2,-5,4,11,-2,4,8,0,-8,7,4,2,5,2
-39/14,0,0,1,-5,0,-7,-3,1,1,7,-9,-2,1,12,8,-3,0,-10,-12,8,-13,-16,14,1,11
-72/31,0,0,0,-5,-2,-1,1,-2,4,6,2,-8,12,-4,0,-4,-9,-7,-12,13,-11,-4,-16,9,0
-12/49,0,0,-3,-5,-1,-5,-5,-2,-9,4,-1,7,-3,-2,0,1,-4,10,5,6,-8,-10,14,0,8
-20/91,0,2,0,-5,0,-2,-3,1,-4,-3,1,8,6,-3,-6,3,-4,6,2,-8,-6,-6,4,6,-3
35/22,0,-2,0,1,-2,2,1,1,3,-3,3,-5,0,2,-6,-14,-11,-5,-10,11,-13,-7,-4,-12,14
73/45,0,0,0,0,4,2,-6,1,-9,10,3,5,6,9,1,-10,4,-7,0,-5,-11,8,15,2,-14
73/44,0,-2,2,-5,-2,6,-4,1,-8,4,-1,-2,-6,6,0,-2,5,6,-8,12,-11,8,-11,-14,17
39/22,0,0,-3,-5,-2,-7,4,-2,3,4,6,11,7,6,0,10,-12,0,-14,3,-11,-8,-16,-2,-6
-20/67,0,2,0,1,-1,1,2,-2,6,4,-9,-11,2,6,-8,-2,10,-6,0,3,-5,13,4,6,14
1/45,0,0,0,-5,-5,4,2,-2,-4,7,-1,2,-1,-2,0,-11,-2,-10,10,14,-1,13,-4,0,-10
40/2347,0,2,0,1,6,0,-5,1,-8,0,1,-2,-5,-10,-6,-6,4,10,8,-8,-13,-6,2,10,9
39/2344,0,0,4,3,2,-7,-5,-2,-3,-1,-1,-2,-4,6,0,6,6,10,16,-15,11,11,3,10,-12
39/2345,0,0,0,-5,-2,-7,6,1,3,-5,10,-5,10,-1,7,1,-2,-2,0,5,-14,-8,-16,-3,8
3/466,0,0,-2,1,0,-5,5,1,1,4,3,-7,-2,-6,7,3,-4,2,4,-7,14,-8,-13,10,-18
1/468,0,0,3,1,-1,-2,-6,1,-8,6,-8,-2,-4,-6,0,7,4,-5,4,3,14,6,8,18,-12
91/44,0,-2,2,1,-2,-7,-3,1,1,-5,2,10,3,2,2,-4,9,-1,5,4,-2,-15,-3,0,13
45/23,0,0,0,-5,-5,4,3,1,0,6,6,-5,-6,6,-1,-2,-4,0,-10,-15,7,4,1,-8,12
-8/83,0,-2,1,0,2,2,-3,-2,2,-7,2,-3,-2,-6,12,6,0,-3,12,16,-2,-7,-16,18,-18
-10/83,1,2,0,3,-1,4,2,1,-9,-5,2,-2,-1,-9,-6,-3,0,0,-8,-5,1,5,-16,18,17
5/1301,0,2,0,1,0,-5,-1,1,3,-4,-9,10,-9,4,-11,-6,2,-1,6,8,-10,-7,6,-10,-12
4/1299,0,0,4,0,-3,-1,2,1,-3,0,-5,8,1,-4,0,6,6,8,-6,-12,-5,4,16,6,8
99/17,0,0,-2,-5,0,0,-2,-2,6,0,-10,-2,-6,8,8,-4,4,13,-14,-8,12,4,-16,-14,-4
-8/41,0,-2,-3,0,6,-1,5,-2,-4,0,-2,6,6,-1,0,3,0,1,9,3,-2,10,-3,8,-18
-13/42,0,0,0,-5,-5,-7,-4,-2,-3,0,-9,11,4,-1,-8,-10,-4,-11,-12,-13,2,-14,3,-14,10
-252,0,-3,-3,1,-5,-5,2,-2,-3,0,-9,10,0,-4,-10,5,-4,1,5,-9,5,-8,16,8,2
-1007/4,0,2,2,1,-3,-5,3,1,3,-7,-10,6,6,-6,-8,-10,4,8,12,11,2,-5,-4,-15,-6
-339/2,0,0,3,1,-5,-6,-4,-2,-8,3,2,-10,2,0,-8,6,-3,-3,8,-12,-1,13,6,3,8
-335,0,2,0,0,2,1,2,-2,6,9,6,6,-3,4,0,3,0,4,-5,8,7,-14,16,-1,1
5/37,0,-2,0,1,-3,-5,-3,-2,6,-8,6,-8,8,6,0,1,7,1,12,-4,-4,-7,4,1,8
-67/14,0,2,-2,-5,4,4,5,1,6,-10,-2,-5,-5,1,-8,0,-5,-6,-5,-15,-5,10,5,0,-6
13/14,0,-2,2,-5,0,-7,1,1,-9,5,3,-6,-9,-1,7,-3,6,10,2,0,2,-16,-16,6,14
29/37,0,-2,2,-5,6,-5,-3,1,3,-10,1,-8,3,12,-10,6,-2,-10,4,2,-13,-11,9,-17,-18
-65/21,0,0,0,-5,6,-7,2,1,-8,3,-1,10,-3,-6,-4,9,-7,0,-12,-15,14,12,6,-1,8
-30/11,-1,0,0,3,-2,0,2,1,4,0,8,-8,-6,4,10,-2,1,2,-2,7,2,4,-1,-15,9
-62/15,-1,0,0,0,-5,-5,2,1,6,0,-10,5,2,-10,-8,6,-4,-13,12,6,2,11,-4,-4,8
-31/10,0,-2,0,1,0,-6,-6,-2,-3,2,-10,-2,-6,2,7,-12,-5,-5,-14,12,4,5,-8,6,16
-61/74,0,2,0,-5,-1,6,-3,1,-4,-1,-9,-8,2,1,-6,-10,-4,-13,8,-4,12,13,-3,-13,-9
-58/71,1,2,0,-5,2,6,-4,1,-8,-10,-4,10,8,-6,0,-6,4,1,11,4,-1,12,0,-14,2
-67/70,0,-2,0,-5,0,2,-4,1,6,0,3,2,8,1,10,4,0,6,-5,6,-6,8,6,2,11
-69/73,0,0,-2,-5,0,-6,-1,1,-7,6,-5,-3,0,4,4,-2,13,6,-11,2,-6,-6,-6,-1,-6
91,0,2,0,1,-2,-7,-5,1,-4,-2,-4,-2,8,2,0,-6,-4,8,1,8,-4,-6,-3,0,14
-619/3,0,0,0,1,6,-6,-4,1,-6,4,-8,-6,7,1,1,1,0,-6,-14,5,-8,-8,14,18,8
-620/3,0,0,0,0,2,2,2,1,6,-4,-10,-2,-6,4,0,-4,9,-6,-4,14,2,-1,-5,-6,1
89/5,0,2,0,0,0,2,5,-2,0,-5,-2,-2,7,6,-8,-2,4,8,-8,-9,-6,0,2,-13,3
72/61,0,-3,0,1,-5,-5,2,1,4,-3,-8,-2,6,-1,13,10,-11,-4,2,6,-10,4,-4,18,-14
39/31,0,0,1,1,0,-7,-3,1,6,-4,2,-8,-2,1,-8,-2,-13,-6,4,-2,2,-10,1,-3,8
-4/55,0,-2,0,-5,-2,1,3,1,-4,4,-5,-2,-4,-7,0,-6,0,-5,12,-3,2,11,9,3,-9
-4/219,0,0,2,-5,-3,0,-6,-2,-3,6,-4,2,-4,10,-8,9,2,-1,4,16,-6,4,0,-1,-18
-6/221,1,0,2,1,4,-2,-2,1,-6,3,-1,-1,2,10,1,6,-12,-3,6,-4,-13,-9,-4,6,14
107/40,0,-2,0,1,0,1,5,1,-3,6,-5,10,6,-10,0,-14,-4,1,12,-12,-6,-15,-9,0,8
104/43,0,-2,2,1,2,-7,-3,-2,-9,-3,10,-2,-1,-12,0,-11,8,10,0,-9,-5,-4,-3,6,-14
16/105,0,0,0,-5,6,1,5,-2,-8,-5,-1,-7,-1,7,4,-4,-13,-6,12,4,-8,6,14,-6,10
13/102,0,0,1,-5,0,-7,-2,-2,-4,-8,-4,-2,2,-4,-11,6,-7,-7,5,3,-13,-1,-16,-6,2
17/105,0,0,0,-5,-5,-5,-8,1,-9,0,-10,-6,2,-10,10,3,10,0,-12,7,-14,13,16,-7,-9
-5/129,0,0,0,3,0,-5,-3,1,-8,9,1,-5,1,-12,4,10,-2,13,12,5,6,6,4,10,-6
-11/225,0,0,0,3,0,6,-1,-2,-6,3,10,-2,-7,1,1,-2,0,8,-3,3,-4,1,16,-14,-2
-1/56,0,2,1,-5,6,1,-1,0,-6,6,-9,6,-4,4,-4,-3,-1,-10,-14,3,-2,10,-16,0,7
-4/111,0,0,0,-5,4,-5,-4,-2,-3,-3,8,-8,-6,2,0,-2,11,-6,8,6,2,-15,7,-1,-10
-1/73,0,-2,0,1,-2,-5,-1,-2,-8,-1,-1,8,8,-4,6,-2,-2,-1,12,-15,-6,11,-4,-9,-1
-5/219,0,0,0,0,4,-1,5,1,-3,4,-9,2,7,12,-6,-9,10,-10,4,-5,-6,6,-3,1,-6
-8/223,0,2,1,0,-5,-1,-3,-2,3,-5,-5,6,-5,10,13,-11,-10,5,1,8,-6,-8,4,-4,-4
-1/55,0,-2,0,0,-2,-5,-3,-2,-3,10,-5,10,-6,-4,0,-4,-11,8,16,15,6,-15,0,12,8
23/53,0,2,0,-5,4,2,2,1,-7,6,-7,10,-3,-2,-6,5,4,-11,5,11,-10,-15,12,-1,9
-19/96,0,0,0,1,6,-5,-5,1,-3,3,-10,-2,6,7,8,-2,-7,-4,-10,-15,6,8,10,-13,10
-18/97,-1,0,4,-5,0,2,1,-2,-3,-2,3,5,-9,-7,0,-6,-4,8,14,2,-2,8,-3,6,4
63/73,0,0,4,1,0,1,3,-2,6,10,8,10,-3,9,0,-2,0,8,2,6,-6,-15,12,9,-6
75/23,0,0,0,1,0,2,-3,-2,0,-7,1,6,-4,8,-6,-10,0,8,-8,4,4,-4,0,10,10
74/21,1,0,1,-5,-2,-6,-1,1,-3,-1,-5,-11,6,0,-6,-3,-13,-4,12,-12,-6,4,8,10,2
-70/81,1,0,0,1,6,6,-4,1,-8,-7,3,11,-4,-7,6,-10,-4,-1,-6,-12,2,5,-1,18,1
-71/84,0,0,4,-5,-3,6,2,-2,2,3,2,-8,7,-7,10,-6,-12,-10,5,-12,5,-8,9,-14,-14
-4/21,0,0,2,-5,-3,-6,3,-2,6,6,10,-6,-2,12,7,2,6,0,10,-3,-1,-14,-9,-1,12
49/40,0,2,0,1,4,2,5,1,3,6,-6,-8,-2,-2,10,-4,4,6,5,4,11,-4,-16,-9,-12
92/77,0,2,4,-5,-2,6,2,1,-7,3,-6,-1,-9,7,0,1,-4,-5,-5,-15,12,13,-16,-2,8
46/5,-1,-2,0,-5,4,-5,3,-2,-7,6,3,-11,-6,6,0,1,-2,-6,-5,3,-14,8,0,0,-13
94/11,1,-2,1,1,-2,-5,1,1,-9,-1,8,-7,6,-9,-8,-4,-14,-5,-4,-2,-2,11,11,-14,6
31/4,0,2,2,1,4,4,6,-2,6,6,-10,-2,-6,4,-6,4,0,-5,-8,-12,10,9,-5,-6,-2
12/49,0,0,0,-5,0,-1,5,1,0,-10,3,8,-7,4,12,11,-10,0,2,-12,-7,1,0,-15,-5
7/24,0,0,3,1,0,1,4,1,3,4,1,-2,-7,4,8,6,-4,13,5,-3,-5,-16,3,6,-10
-11/31,0,2,1,0,0,1,5,-2,-3,0,2,-2,-6,-1,-2,-2,-4,-7,-8,-12,-13,6,2,-17,-2
-29/92,0,-2,0,1,-5,2,-3,1,0,-10,-4,-2,-3,12,-6,4,-7,-5,5,-1,-4,8,4,6,-1
-29/93,0,0,-2,3,-2,-5,1,1,-8,-10,2,-5,6,4,-3,6,-10,10,14,-5,2,-14,4,8,-4
67/92,0,-2,2,-5,-2,0,6,-2,0,-2,-9,2,-3,-1,6,0,-11,5,-5,-3,-13,13,6,-1,14
45/43,0,-3,0,3,6,-5,2,1,6,-8,-9,2,-7,-12,-8,-9,8,6,0,0,4,-14,12,1,-4
-3/110,0,0,0,-5,-2,-6,-5,1,-9,6,-4,-2,6,8,-6,-2,0,-1,2,-5,-10,-5,14,-12,1
2/109,1,-2,2,-5,0,1,-1,-2,-3,-5,-10,7,0,6,0,3,-13,6,5,-2,6,-14,1,6,-2
-2/325,-1,2,0,-5,4,-2,3,1,3,3,-10,-6,4,-4,-8,-4,-2,1,-13,3,0,-8,-4,0,-12
-2/3909,-1,0,-2,-5,4,6,-6,1,6,10,-1,-2,0,-2,-6,-2,-4,13,-11,-15,11,-8,3,-10,8
-1/3913,0,-2,-3,-5,-3,-2,5,0,-3,6,-1,5,6,-12,-6,-10,-9,-1,-6,0,10,1,-4,-6,2
-35/24,0,0,0,1,6,4,6,1,3,6,-5,-10,-1,1,-8,-2,0,-8,-2,-3,-7,-16,12,-14,2
73/60,0,0,0,1,0,2,-1,1,-4,6,1,-2,1,-2,4,6,-14,-10,-3,-9,-11,6,6,1,10
23/21,0,0,0,-5,6,4,-1,1,-7,-5,2,-11,-6,4,11,-2,-4,-13,12,-3,2,8,15,9,2
-47/28,0,2,2,-5,4,-1,2,1,-3,-10,-9,-10,8,-4,-8,-14,-4,4,-4,-5,2,8,-4,0,-5
-99/52,0,0,0,1,0,-2,2,1,6,-7,-9,5,8,-9,-8,1,-9,-4,8,4,-7,-9,6,-16,-3
-97/53,0,2,2,1,6,6,5,-2,-9,-7,-4,-11,8,1,0,5,-13,4,4,-9,-1,8,4,6,8
-92/51,0,0,-2,3,-5,2,-2,1,-7,0,-1,-8,12,-4,-8,1,2,-6,4,-9,8,6,12,12,10
-100/49,0,-2,0,-5,-1,1,3,-2,-3,-3,-1,-8,6,-12,0,-2,0,-10,3,-5,-13,-15,-4,0,14
87/74,0,0,0,1,-3,2,-5,1,-4,-10,0,-8,6,-4,0,6,0,2,-11,6,11,-9,-4,10,-10
84/73,0,0,-2,1,-5,-5,-1,-2,-8,2,-6,11,-6,4,-6,3,4,8,-7,12,-6,-6,-3,-8,18
37/102,0,0,4,-5,4,2,-2,1,2,4,3,-11,6,2,1,-14,0,-4,-3,-9,14,-14,-7,0,-12
36/103,0,0,-3,3,0,1,-6,-2,-4,-3,4,2,-1,6,-1,1,13,-1,12,-8,-1,-4,-1,10,14
40/101,0,-2,0,-5,0,-5,5,-2,3,6,-5,5,4,-6,-8,-2,-11,10,3,6,2,4,-4,-6,-7
-46/57,1,0,-2,3,6,-1,5,-2,-7,-5,3,-1,-2,4,-2,-3,8,-10,0,5,12,11,6,-3,14
-41/55,0,2,0,1,-2,-5,5,-2,-8,-2,-4,-2,-4,-10,0,-10,-7,-6,2,6,-2,-5,-16,-6,-1
93/43,0,0,2,1,2,6,3,-2,-3,-5,-10,-10,7,-12,-8,-6,-1,-1,4,5,4,-1,3,0,17
91/83,0,-2,0,1,2,-7,2,-2,6,0,-7,-1,8,2,-6,-4,-2,6,-14,-12,-2,-16,-16,1,11
86/59,1,2,1,3,4,1,5,1,-9,0,1,2,2,-1,-6,-11,10,6,8,0,2,-6,3,6,9
79/63,0,0,-2,-5,-2,-6,-3,-2,2,10,8,10,-9,-10,4,-2,4,-1,-11,-8,11,4,-7,-15,-10
-92/67,0,2,1,-5,4,-6,1,1,-7,6,-7,6,4,-9,-2,-3,0,-1,0,16,2,-9,0,6,-6
-561,0,0,2,1,0,4,-8,1,4,3,-4,-1,0,-2,-7,-9,-4,-10,2,6,12,6,1,-15,12
-3370/3,1,0,0,1,2,6,-1,1,-9,-1,3,7,-1,4,0,-2,-3,-13,4,-5,6,4,17,6,8
-1679/3,0,0,3,-5,4,-5,1,1,-7,4,10,-7,4,7,4,1,-5,8,4,-9,-11,10,6,6,-9
-9/445,0,-3,0,3,4,2,2,1,-9,-7,-6,-6,-7,12,12,-2,-1,8,-14,6,7,13,-3,-8,-18
-7/221,0,2,-2,1,-3,-2,-2,0,3,-1,6,10,-6,-4,-8,-9,2,-13,10,-12,-11,8,2,0,-3
-7/296,0,2,-2,1,4,4,3,1,6,2,4,-8,-7,-4,0,-9,0,0,4,6,-14,13,-13,12,11
-51/41,0,0,2,1,2,6,-8,1,-3,5,-4,-2,6,-1,13,-2,0,8,8,16,-1,-4,12,-7,1
-49/38,0,2,0,1,6,2,-4,-2,-3,4,-2,-7,-4,2,-8,6,6,4,11,16,-5,15,-3,-1,10
-50/39,1,0,0,-5,6,-2,1,-2,-8,-3,8,-8,6,5,-6,-6,-4,8,-11,0,-14,10,1,-6,-3
69/89,0,0,4,-5,-2,4,-3,-2,-7,7,6,-8,-5,1,12,-10,-1,-1,-14,4,-4,8,-3,-8,1
-96/29,0,0,2,1,-1,6,-4,-2,3,-6,8,-8,6,-1,0,-14,-11,-5,4,8,14,4,17,12,-9
-499,0,-2,2,-5,4,-5,5,-2,3,2,-4,-5,-3,-6,-6,-2,-4,-4,4,-13,12,-8,12,9,18
88/87,0,0,1,1,0,-5,-1,1,6,-6,6,-2,-3,4,0,-10,-1,0,-8,-15,4,10,4,6,-6
49/22,0,2,2,1,-2,-5,2,-2,-4,6,-4,2,-3,-12,-10,1,-2,-1,-10,-8,-5,6,4,-14,14
87/46,0,0,-2,1,4,-5,2,1,0,-10,3,-7,-6,1,0,-11,6,1,8,14,-1,-1,8,-16,-2
-52/19,0,-2,2,-5,6,-7,-3,-2,-3,4,-7,10,12,4,3,-2,0,-7,-10,2,0,4,4,-1,14
-56/17,0,-2,3,1,0,6,-2,1,-8,-3,-10,-7,6,-2,12,-2,-2,1,2,-15,-16,5,3,-12,13
-104/41,0,-2,4,1,0,-7,1,1,3,4,-6,10,6,4,-2,-2,-4,-12,11,4,-13,15,-4,-8,-12
1/978,0,0,2,3,6,-1,-6,-2,6,-10,3,10,-3,-3,-4,6,13,4,-6,-15,10,-15,2,-9,-12
-73/81,0,0,2,0,-5,-6,2,1,-3,-5,10,-5,8,-4,4,-9,0,-11,9,0,-11,-16,-16,-6,2
-68/77,0,-2,0,-5,-2,1,-8,1,-8,4,3,10,-4,-2,-1,-10,-4,-4,8,7,14,-9,4,1,-2
-26/45,-1,0,0,3,4,-7,-1,1,-8,-7,2,-1,-6,6,1,6,4,0,4,2,2,2,-16,-12,5
-31/41,0,2,2,3,-2,-5,5,1,-4,-3,-10,-7,6,4,1,9,4,1,12,-6,-13,-10,3,0,-6
-58/83,1,2,1,1,4,-5,6,1,-3,-10,3,-5,-3,2,2,-2,-4,10,2,6,-10,8,-16,-14,11
11/93,0,0,0,1,0,6,6,1,3,-8,2,-7,-6,4,0,-2,11,-3,10,7,4,-15,3,2,17
3/31,0,0,0,0,-3,4,3,1,-3,4,2,10,-6,-9,-6,3,-2,1,-4,16,10,-1,0,-14,2
84/47,0,0,-2,1,2,-5,-3,-2,-3,-3,-9,8,-6,8,3,-2,0,0,-5,-9,-13,12,-3,-6,-3
81/49,0,0,1,-5,-2,6,-6,1,0,7,-1,-5,-6,6,0,1,6,-7,-10,0,4,10,-13,6,1
82/51,-1,0,3,1,4,-1,-2,1,-8,0,2,11,-4,8,0,0,0,-13,8,4,14,-10,5,-7,14
65/94,0,-2,0,3,0,-7,5,-2,-8,4,3,-1,-7,6,3,0,4,4,9,13,-2,-8,2,-10,2
34/47,-1,-2,-2,-5,-3,2,-8,1,3,-10,6,5,-2,6,3,0,0,-2,-4,15,-10,6,0,12,11
-50/29,-1,-2,0,1,4,-5,-1,-2,3,-6,-7,-10,-1,-2,-6,-11,2,13,4,-15,-2,0,-6,18,-6
-103/59,0,2,-2,3,6,0,-6,1,6,9,-2,-10,-2,8,7,-2,10,-5,4,11,12,-4,-5,3,-3
-77/10,0,2,0,1,0,-5,5,-2,-3,4,-1,5,12,12,0,-10,0,4,4,12,-13,8,-9,8,10
-75/13,0,0,0,-5,-5,-2,-5,-2,-9,0,1,-2,10,0,1,-3,-13,13,8,-4,14,10,0,-14,2
-39/7,0,0,-3,-5,4,-7,-4,1,-3,4,-8,-2,-6,-10,0,-6,6,8,11,-15,2,-4,12,-16,17
-17/299,0,-2,2,-5,0,-2,-8,-2,0,4,1,-5,-7,6,-8,-4,7,13,-3,-9,-13,0,-16,-14,-7
-16/299,0,2,0,0,-2,-2,6,-2,0,-3,-2,10,7,12,-6,0,-2,-5,6,-15,-1,11,0,6,-14
-8/149,0,-2,-2,3,2,1,-6,1,-6,-1,-1,6,1,5,-8,-9,0,-4,-6,13,2,15,1,6,8
-17/300,0,0,0,3,0,-1,-8,1,2,6,3,-2,-6,-6,-2,-6,-4,6,4,14,-6,5,-8,18,1
-5/38,0,-2,0,3,6,-5,2,-2,-3,6,8,-3,-4,-6,7,6,0,6,5,-13,7,-15,-15,9,-14
-621,0,0,1,1,2,1,-3,1,-7,-5,1,-2,0,0,6,-3,2,-4,-2,-3,-7,10,-3,0,-6
-617,0,2,-2,1,6,6,6,-2,0,0,3,-8,-9,7,0,3,-4,-12,14,3,5,-16,8,6,13
-77/54,0,0,-3,1,0,6,2,-2,-4,-5,-4,10,0,-10,0,6,0,-4,2,4,-2,-4,-15,6,18
-5/52,0,2,0,3,0,-2,6,0,-8,-2,4,-8,-9,4,-8,-7,-13,-3,12,12,4,1,-3,1,0
-68,0,2,3,1,0,2,-8,1,-3,3,-7,-1,-6,-6,-4,-6,-5,-12,4,4,-9,10,14,-1,-19
-71/3,0,0,3,1,-1,4,3,1,3,6,-4,8,-1,2,8,7,-2,-6,4,-12,-11,-15,-6,6,-3
11/79,0,-2,2,1,0,4,4,-2,6,-3,-4,-2,10,1,10,-2,13,-13,0,8,11,-8,-4,6,14
16/79,0,2,1,0,0,1,2,1,-4,-1,-8,10,-7,-4,-8,4,0,6,-2,-1,2,-8,-11,12,1
13/74,0,-2,-3,-5,-2,-7,2,-2,-8,0,-1,-8,-3,0,0,1,0,10,4,8,-1,-15,-12,10,13
-92/41,0,-2,0,0,4,-6,3,0,-7,-7,-4,2,6,10,-11,6,-4,1,11,3,12,5,-4,-9,-1
-88/41,0,2,3,-5,0,-5,-6,1,-3,-5,4,-2,6,-6,-8,-2,0,2,1,5,7,6,10,-1,-12
108/25,0,0,0,1,-2,-1,2,1,6,-7,-9,-6,-3,4,0,-12,10,-6,2,-8,-5,-7,11,8,2
81/59,0,0,2,1,-5,-6,-3,1,6,2,-10,10,6,4,-8,-10,10,8,8,-5,11,6,0,-10,-14
81/29,0,0,2,-5,6,2,5,-2,6,-6,6,10,-3,7,11,6,-11,8,-2,-12,-11,-14,-16,10,2
-25/2,0,2,0,-5,-3,6,-3,1,-4,-7,3,-1,6,4,7,-2,-7,6,4,16,4,12,8,-14,17
-47,0,2,2,1,0,-5,-3,-2,-4,4,0,11,0,-3,-8,-10,6,10,8,-12,10,-10,4,3,2
18/61,1,-3,0,-5,-2,0,6,-2,-3,-4,-9,-5,-6,-6,-6,6,11,-4,-11,5,4,8,12,-15,-13
92/7,0,-2,4,-5,6,0,4,1,-7,0,-1,6,-3,8,10,-6,-14,-3,-14,4,14,1,-4,0,-18
-498,-1,0,0,1,0,-1,6,1,6,-3,-4,-7,0,-6,11,-11,13,8,4,-8,-1,10,0,-6,-8
1/341,0,-2,0,3,-2,-1,4,1,-8,-2,2,2,-3,-7,-1,-4,11,-7,4,3,-8,-4,-15,-7,14
1/853,0,2,2,1,-1,-5,-5,1,1,-5,-6,-5,-6,-4,-6,-11,10,0,4,2,6,-1,-6,10,2
-2/1709,-1,-2,-2,-5,4,-5,-3,1,-8,4,0,-2,-6,12,3,6,0,5,4,8,14,-14,-13,6,11
1/1708,0,2,-2,-5,-3,-5,5,1,0,3,-8,-1,-6,-4,-7,-2,0,-4,8,-3,10,8,-4,-1,-9
-1/1708,0,-2,2,-5,4,-5,-6,-2,-9,10,1,-1,3,-6,0,-9,-1,-4,-12,8,-9,-15,12,12,6
-3/1712,0,0,4,0,0,-5,-3,1,6,-8,-10,5,-4,4,0,-4,6,-7,-3,0,-14,-8,0,-12,-2
2/1711,-1,-2,3,3,-3,2,5,1,-3,-6,-8,6,-1,4,4,-2,10,-5,-12,-15,-7,-16,3,6,-7
1/428,0,-2,2,0,6,6,-5,1,-3,-2,-5,-6,6,8,11,-10,6,10,-2,7,-13,-6,1,12,-7
1/427,0,2,0,-5,4,-6,-4,-2,-6,-10,-1,10,-4,-7,-8,6,-4,-4,-14,2,-14,8,0,-6,-12
3/1709,0,0,2,3,0,6,-5,1,3,9,-2,10,6,12,8,1,2,-5,8,6,2,5,-12,8,-14
5/6836,0,2,0,3,-5,-5,5,-2,-3,5,1,-7,-9,4,0,1,-4,2,-5,-3,-13,0,-3,-4,-14
4/6837,0,0,2,-5,0,-1,1,1,-6,4,-9,10,6,-12,1,5,-5,13,-2,-12,-10,8,2,-2,13
9/2282,0,-3,-3,-5,-3,-5,5,-2,3,0,2,11,-6,10,1,1,-4,-2,11,-12,12,8,-6,0,6
2/1139,-1,2,3,1,-3,2,-2,-2,0,6,1,-7,-6,-3,1,-6,-10,1,0,-7,-4,2,4,6,13
1/2280,0,0,0,3,-3,-5,-4,-2,6,0,3,6,2,-6,4,-3,-14,13,-10,13,-2,4,3,12,10
77/76,0,-2,0,1,0,6,3,-2,3,6,-8,-7,0,12,8,-2,1,-6,5,-1,4,12,6,3,12
73/77,0,-2,1,-5,-2,-5,-1,1,1,9,-5,-8,10,7,-1,-2,10,10,-7,-12,-11,-16,3,18,8
23/4,0,-2,-3,-5,-2,-1,-1,0,-7,9,-4,-2,6,4,0,3,-5,-5,4,14,4,-6,0,10,-6
92/21,0,0,0,-5,4,-5,-5,1,-7,5,-4,-7,6,12,-3,6,0,10,8,2,7,8,4,10,-5
93/19,0,0,-2,1,-1,-1,-3,-2,-8,4,-10,8,6,1,-8,-4,1,1,11,-6,-13,-9,-4,-6,-7
9/37,0,0,3,0,4,0,2,-2,-4,-5,8,-8,6,4,13,6,-4,1,6,0,-4,13,-16,-12,8
-7/269,0,2,-2,1,-2,-5,-3,1,-3,10,1,-2,-4,9,-6,-6,6,1,6,0,-1,-7,-15,2,8
-1/120,0,0,0,1,-5,-5,3,-2,-3,6,-1,-8,-6,0,6,-12,-4,4,1,12,-4,0,0,-6,9
-8/1089,0,0,2,-5,-2,6,-4,1,-4,3,-4,10,-6,0,-8,6,-11,6,-14,-9,4,13,6,3,-14
-5/544,0,2,0,1,6,-1,-2,-2,-3,0,2,-11,-9,1,-8,-9,6,10,-8,-2,2,-1,4,6,11
-8/71,0,-2,0,1,4,1,2,-2,-9,6,6,-2,-6,-12,-11,6,0,-3,8,4,-6,0,10,-7,-2
97/2,0,-2,0,3,6,1,-5,0,4,-4,-6,-6,4,2,0,-9,0,6,8,4,12,4,0,6,8
-4/109,0,-2,1,1,-3,6,2,1,-6,9,1,10,-6,-1,12,-12,0,-1,-14,-15,-13,8,12,-14,-2
-1/271,0,-2,1,-5,-2,6,4,1,4,-8,-10,-2,-6,4,-10,-2,-4,-1,-11,-5,-6,13,6,-2,-14
-4/547,0,-2,3,3,4,-1,-1,0,6,4,6,-5,-4,1,-7,-10,4,2,1,-12,-13,12,2,18,2
-7/548,0,2,0,1,0,1,5,1,-9,-5,1,8,-6,7,0,-11,0,8,-4,-5,-4,13,6,6,2
-24/53,0,0,2,0,-5,0,2,1,-3,0,-9,-2,-9,-9,-6,5,6,-5,0,6,-1,11,12,-8,-18
641/4,0,-2,1,0,0,2,2,-2,-3,-5,-9,-2,0,10,-11,1,6,-5,-12,7,6,-7,14,-14,2
128/3,0,0,2,3,2,-5,2,-2,1,-2,-1,10,-4,-7,-6,-2,8,2,8,3,-10,-15,14,-10,2
63,0,0,0,1,0,4,6,1,-8,-4,2,2,-7,4,-11,6,6,2,4,4,-5,-16,-7,10,2
108,0,0,-2,3,0,-5,-5,-2,-6,0,0,-10,7,-2,8,-6,9,2,-12,-3,4,-15,-4,8,10
212,0,-2,-3,1,-2,-5,-3,-2,-3,0,-9,11,-9,4,-8,-10,10,1,12,-8,-16,-8,14,12,11
212/3,0,0,1,3,-5,2,2,0,-8,5,10,-7,6,10,-6,-10,-4,8,4,-9,2,0,-3,2,14
53,0,-2,2,-5,0,2,-6,1,3,-3,-1,-5,-6,-4,12,-10,0,1,14,8,-14,-14,-3,3,1
-21/61,0,0,2,1,-1,0,2,1,-8,6,-8,10,-6,-4,3,-14,0,-4,4,3,-14,9,-7,-14,-3
-12/31,0,0,-3,3,2,-5,-3,1,6,2,2,10,-3,-6,0,-3,-4,1,12,11,14,-11,5,1,-5
-86/19,-1,2,4,0,-2,1,-3,-2,6,-8,-6,10,-4,-1,10,-3,-9,8,4,14,-6,-1,0,0,12
-79/16,0,-2,4,1,-3,-5,5,0,6,6,-4,10,0,6,0,-7,-4,1,5,-15,2,4,2,12,14
-63/82,0,-3,0,1,4,6,-3,1,0,4,8,-1,6,2,0,-6,-10,-6,-5,-9,-16,-14,-7,6,2
-20/27,0,0,0,1,4,-6,5,-2,6,10,-5,10,-3,-12,2,5,1,-6,-10,4,-1,-8,12,-1,2
91/82,0,2,0,1,4,-7,5,1,3,-4,3,-5,6,12,-8,7,6,-7,8,-9,-13,-1,1,-1,-5
3/62,0,0,1,-5,-1,6,-3,1,-6,-5,2,-7,1,8,11,6,0,-5,14,-9,-1,5,7,6,10
-59/51,0,0,0,1,-5,6,-2,-2,6,-2,3,-7,-1,-2,0,1,-12,5,12,12,11,9,1,-14,0
-64/53,0,2,-3,-5,6,2,-6,1,0,6,-1,5,-7,7,12,5,-5,13,-6,2,-6,-4,-7,-14,-7
-2474/37,-1,2,-3,1,-2,0,2,1,0,-5,2,-8,-3,7,-7,6,-4,1,12,-15,-5,-12,0,10,-18
-4951/71,0,2,1,-5,-1,-1,-1,1,-4,3,2,-5,-6,4,-6,-10,-7,0,8,4,7,-15,14,-10,-6
-276/5,0,0,0,-5,-1,0,-5,-2,-7,-8,-9,-8,0,2,4,3,-4,6,8,14,-6,-14,0,-1,12
-137/4,0,2,-2,1,4,-5,-3,1,2,-7,-1,-8,-6,-2,2,-11,0,-10,5,3,2,8,-4,6,-9
27/73,0,0,1,1,4,-5,-6,-2,-3,-2,-7,-5,-6,12,8,-14,8,-3,4,-12,-6,8,6,8,10
28/73,0,2,0,1,-3,2,-4,1,3,-1,3,-7,1,8,-10,0,-2,1,-13,0,-6,-16,8,1,-6
-25/11,0,2,0,1,-2,-6,1,1,0,5,-5,-6,0,1,4,6,-10,4,5,14,0,-16,-3,-2,14
-77/101,0,-2,-3,1,0,-5,-4,-2,-8,0,-6,-8,-3,6,0,-4,1,13,-3,0,-5,15,-4,-6,-12
-77/100,0,2,0,1,0,1,-3,1,-4,5,-1,10,-9,8,-8,-14,0,8,8,-12,4,-8,14,-15,2
-77/104,0,-2,-3,1,0,-2,-3,1,3,-2,-2,10,-6,-2,0,0,10,6,12,-9,11,11,-4,18,14
-84/103,0,0,-2,1,-5,-6,4,1,3,-7,-10,6,0,4,3,6,2,5,8,-12,-6,15,8,-7,18
-85/106,0,-2,0,1,-1,1,-8,-2,1,2,3,-2,-6,7,0,5,6,10,8,8,-16,-8,4,-6,13
-5/67,0,2,0,-5,2,-5,2,1,4,6,1,-1,-6,-2,-6,-9,-4,-4,0,3,-1,11,8,-14,-2
-4/33,0,0,-3,1,-2,-5,-3,1,6,0,-4,8,12,4,0,-11,2,4,10,14,2,6,1,-12,14
-23/70,0,2,0,-5,0,4,2,-2,-7,6,2,-2,-3,12,-8,6,-14,-4,4,16,-7,-8,6,12,16
-16/75,0,0,0,0,0,2,2,1,-3,4,-7,-2,-6,8,-2,-11,4,2,8,6,-13,-1,12,-1,17
-18/71,1,-3,2,3,-2,2,5,1,4,-5,-4,-1,-3,2,7,0,2,2,-10,4,7,-7,-3,-6,-18
-23/68,0,-2,2,0,4,2,-2,-2,-7,-10,-1,-5,4,-6,0,-6,6,-10,2,5,-5,11,-11,9,12
35/69,0,0,0,1,0,6,4,-2,0,3,-5,-6,8,10,-6,-11,13,5,5,-3,2,15,4,1,6
33/20,0,0,0,1,0,2,5,-2,1,-4,-4,-7,6,8,-1,0,7,-5,-4,0,-6,-14,4,8,3
11/20,0,2,0,3,0,-1,5,-2,0,-7,1,-3,-3,8,0,-3,13,6,1,-12,4,5,5,-8,18
-23/60,0,0,0,3,-1,0,2,1,-7,5,-9,7,-4,1,-6,-2,-11,-5,-12,-2,-1,-7,11,-13,-14
-25/61,0,-2,0,1,4,1,-5,1,2,4,-7,-5,8,-6,-6,-4,-7,-4,6,9,6,-16,1,-6,-14
88/81,0,0,-3,0,0,6,6,-2,-3,-3,3,10,0,5,-2,1,6,2,-14,16,0,5,4,9,2
23/75,0,0,0,1,4,2,-3,1,-7,6,-4,5,7,4,-4,6,-12,1,16,14,4,-10,6,-10,12
33/70,0,0,0,-5,0,-5,-3,1,6,10,-1,8,4,-4,0,-4,5,13,12,9,11,-8,2,-8,-12
14/11,1,2,1,1,-2,-6,-4,-2,6,-2,-8,-2,-6,-1,0,-3,6,1,4,15,2,-9,4,-6,2
37/42,0,0,0,-5,0,-5,5,-2,6,3,-5,-11,0,-4,4,-10,-11,1,16,-9,-14,8,0,3,0
50,1,-2,0,0,2,4,3,1,0,0,10,10,8,8,-7,11,-5,-4,4,11,4,8,-7,5,2
-31/51,0,0,1,1,4,-5,-2,1,-8,0,-10,10,-6,1,-1,6,-13,-6,3,-13,-4,11,7,5,-6
-33/52,0,0,4,3,0,-2,4,1,2,7,-7,-7,-6,-4,-11,-11,-14,13,-10,-13,12,-12,0,-14,12
-68/53,0,-2,1,-5,-5,2,-8,-2,6,-7,3,-2,6,-10,4,5,-9,-7,1,14,-4,13,4,-10,2
37/14,0,-2,-2,-5,4,4,3,1,-3,9,-9,-11,-4,-6,12,-2,9,8,-14,8,7,-16,10,6,1
-8/1137,0,0,0,1,0,1,-3,1,-3,-10,2,5,-6,1,4,-3,-4,-6,11,4,-1,11,16,-6,2
-14/3419,-1,-2,1,1,4,-2,-1,-2,-9,-3,-9,-8,0,9,6,-2,4,-11,6,-15,11,-8,2,6,-18
-2/163,1,2,4,1,-5,-1,-1,1,-4,4,1,11,-7,2,0,-4,-7,0,6,5,7,1,10,10,2
-1/171,0,0,1,1,0,-6,3,-2,-6,10,-4,-2,0,-6,0,-9,0,-13,4,3,4,5,-10,10,-18
-5/856,0,2,0,0,0,-1,-6,-2,-4,3,3,7,-6,-12,0,-10,9,6,12,0,-2,-8,0,-17,14
-10/97,-1,-2,0,3,4,6,-6,-2,-8,0,-9,-1,0,10,0,9,-3,1,-11,13,7,-4,2,-1,4
-11/97,0,2,-3,-5,0,-1,-4,1,3,-2,-5,2,-7,10,-8,5,8,5,5,-6,-11,-1,-12,-14,4
-22/81,1,0,0,-5,0,2,2,-2,6,2,2,10,-7,-1,-6,1,4,-1,10,10,-5,5,17,2,13
-21/80,0,0,0,1,-3,-1,5,1,-9,5,-10,-2,-1,-4,0,-9,4,4,11,-9,-13,-14,0,-14,-1
-18/77,-1,-3,0,-5,-2,-5,5,0,-3,-2,-5,-1,6,4,6,-2,4,1,8,-12,-7,4,0,0,-6
-17/75,0,0,0,-5,-2,2,-8,-2,-3,0,-9,-7,6,-4,-6,-2,0,8,5,-12,0,2,16,-6,-18
-11/74,0,-2,0,1,0,-6,4,1,3,-5,3,-8,0,-1,0,-6,-11,10,10,8,11,0,1,-6,-6
-1/86,0,2,2,3,2,-5,3,-2,0,4,-5,-2,10,-12,12,6,-12,-7,2,0,0,-4,-8,-6,1
2/175,-1,-2,0,-5,0,-1,2,-2,6,-7,-4,-7,-4,9,0,2,4,-2,-5,8,-5,13,0,1,-12
7/688,0,2,2,1,-2,-6,2,1,6,10,-9,10,-7,-12,-10,1,-4,-13,11,-12,12,-12,3,0,-9
5/347,0,2,0,3,6,0,-3,0,4,-3,6,-2,-3,8,-3,-6,13,-10,8,15,-14,0,-4,-9,14
5/692,0,2,0,1,2,-6,3,-2,4,-4,4,10,12,-12,-6,-4,-2,8,8,-15,7,13,14,-2,2
43/40,0,2,0,3,-2,-5,-1,1,1,-2,-1,10,-9,-1,8,5,10,-1,14,-12,-2,11,12,-6,1
88/79,0,2,-2,1,0,2,-3,1,6,-10,2,-7,-9,-12,-6,3,2,10,8,-5,-10,-8,0,6,5
57/16,0,0,0,-5,4,-6,5,1,-3,0,-8,6,-6,-6,-10,-10,6,-2,-8,-12,1,-16,7,-6,12
-17/321,0,0,-3,3,0,2,-8,1,-8,-4,-8,5,6,4,-6,0,-4,6,8,7,12,5,-16,18,6
-17/324,0,0,2,1,-5,-5,-8,1,-8,3,2,-1,0,10,0,-10,0,6,-12,10,-14,9,16,6,6
-8/155,0,-2,0,1,-2,-5,-3,-2,-3,-4,2,-7,10,10,-2,-6,-1,-1,8,5,2,-15,14,-12,8
-9/158,0,0,0,3,2,0,2,1,-8,-4,-4,-7,-7,8,12,10,6,-2,10,3,-2,-8,-3,0,8
-14/159,-1,0,1,1,2,-5,-4,-2,3,0,3,6,-1,7,0,5,10,4,12,3,2,-6,12,-14,-5
-15/158,0,0,0,-5,6,6,2,-2,-3,10,-9,-2,2,-2,-8,-3,0,2,-8,-15,-2,-8,-10,-14,-12
-32/643,0,2,2,-5,0,6,2,-2,-3,4,-10,-2,-3,8,-8,1,-7,-11,4,4,8,13,4,12,17
-5/92,0,-2,0,1,4,-5,-4,1,0,0,-5,-5,6,6,-4,6,0,8,0,-12,14,-9,-4,10,8
-14/215,-1,-2,0,1,4,4,-3,1,0,2,2,10,2,-12,-6,5,7,-4,4,-12,5,-16,0,6,-1
-11/211,0,2,1,3,0,-5,-3,1,-8,-3,2,8,-6,6,3,-9,-5,2,11,-15,-6,10,0,1,18
-37/645,0,0,0,-5,-5,2,2,1,-3,5,2,-11,-7,-12,8,6,-12,-1,-4,8,-13,-8,-7,1,12
-34/639,1,0,1,-5,6,-1,-8,-2,-6,-3,-1,-8,-7,4,-3,-10,10,1,0,4,-4,-15,-3,6,-1
-38/643,-1,2,2,3,6,4,1,1,-3,-2,-4,6,6,-10,6,-10,-13,-6,4,15,14,-8,6,-3,2
-19/321,0,0,0,-5,4,-5,4,1,-9,-4,10,-2,8,2,4,6,6,-13,-10,-5,2,-6,8,-6,2
-15/319,0,0,0,-5,-2,-1,-3,1,-3,-6,10,-7,-4,6,0,-6,-4,5,-3,14,5,-1,-6,-6,-1
-33/635,0,0,0,1,0,2,2,-2,-9,4,-10,10,6,10,0,-11,-11,1,-11,15,-10,5,-6,0,-2
-38/635,-1,-2,0,-5,0,-6,2,1,-8,5,-1,-1,0,8,-6,-6,2,6,10,-9,2,1,-5,-14,8
-4/91,0,-2,4,-5,2,-2,2,0,0,0,-6,-2,-5,-4,0,-2,6,13,12,0,-5,4,4,-6,14
221/2,0,2,-3,1,2,-7,-8,1,3,0,-6,10,6,10,10,-2,6,-10,-3,12,-16,6,6,-6,13
43/44,0,-2,-2,-5,-2,-6,-5,1,-3,0,-1,-7,4,-1,0,9,4,-10,-5,-15,6,6,-9,3,0
-26/43,1,2,3,1,-3,-7,3,-2,-3,2,3,-2,4,-12,-10,-2,11,-2,-10,0,6,-8,6,0,8
-32/43,0,2,2,3,6,-5,-3,1,-8,-4,10,10,6,-12,-6,-3,-2,-13,-2,0,5,15,12,10,9
-31/40,0,-2,0,-5,4,-5,-4,-2,-3,9,-10,10,-1,-3,-6,-3,-12,10,4,2,12,-4,-4,-12,3
-59/81,0,0,0,0,6,0,-6,-2,-4,-4,1,10,-6,1,11,-6,-12,0,-8,-1,-14,-12,7,10,-14
30/19,1,0,0,1,-5,-5,5,-2,0,-8,-9,5,12,12,6,-6,-14,13,-8,-12,5,12,16,2,2
-4/45,0,0,0,0,4,-5,6,-2,0,6,-9,10,12,-2,4,-2,0,-1,2,3,7,13,-5,-10,-6
-51/83,0,0,2,1,0,-5,-8,1,-8,7,-6,-5,-1,-6,-4,1,-1,1,12,-12,2,11,-16,3,13
-73/32,0,2,0,0,4,1,5,1,-4,-3,-1,-7,12,5,-6,-10,0,1,11,-15,-11,-16,8,6,-2
-82/33,-1,0,4,1,-2,-5,2,1,-3,2,-8,10,-4,5,-4,2,4,10,-12,-9,-1,4,-16,10,7
-21/101,0,0,1,1,2,6,-3,1,-3,9,-5,-6,-6,4,0,3,-4,10,8,-12,-2,-4,0,1,10
-9/34,0,-3,1,1,-1,6,-2,-2,6,-2,-4,-2,0,-6,-4,2,6,2,-2,0,11,8,2,-9,-18
-41/63,0,0,3,-5,6,2,5,1,-8,6,-8,-10,-4,-1,-6,-11,0,-2,-13,0,10,1,10,-8,17
-47/65,0,-2,0,0,-2,-2,-1,1,2,3,-5,-10,10,6,-8,-2,-2,8,9,6,2,4,-16,1,1
-13/33,0,0,2,3,-2,-7,-3,-2,-3,-2,-5,-1,-6,4,7,-6,-14,8,4,0,4,0,-6,-8,-19
-43/65,0,2,0,3,6,-2,2,1,-3,-1,-9,10,-6,-1,-8,-2,-12,4,2,3,-13,-11,0,5,1
-41/65,0,-2,0,-5,0,-2,-3,1,-6,3,2,-2,-4,-1,-11,-3,5,-1,-10,3,6,-6,-3,-6,7
-77/30,0,0,0,1,0,2,5,1,1,10,0,10,-9,-3,-8,-2,8,10,-11,0,10,-14,-7,-6,14
-78/29,1,0,3,1,-2,-7,-6,1,6,-6,-1,-5,0,0,4,6,-4,-7,-6,10,-11,-9,3,10,-2
-22/29,1,2,3,1,0,2,4,-2,0,-6,3,-8,-5,4,-6,-4,4,4,9,-1,-8,-6,-4,-6,16
-33/43,0,0,1,1,0,-5,-6,0,3,-5,-5,10,-5,-12,4,-6,-5,5,6,-12,12,1,0,-2,14
39/44,0,0,4,1,-2,-7,-4,1,-3,7,3,-3,0,-3,1,-2,-2,8,2,9,0,8,12,10,-18
79/88,0,2,-2,-5,-2,-5,5,1,-3,0,-5,-2,6,-6,-4,6,0,-5,-8,4,2,4,6,-13,10
73/87,0,0,1,0,-3,4,5,-2,-3,-6,-2,-2,-1,6,-7,-6,-14,8,2,13,-11,-4,4,-17,-4
202,1,2,0,1,-3,6,5,1,6,0,4,-2,-6,6,8,6,-7,-10,12,-5,14,5,4,-10,8
398/5,-1,2,0,-5,4,6,5,1,2,10,1,10,-6,7,-8,6,6,1,4,-3,-13,-16,-7,6,10
1591/2,0,-2,-2,0,0,-1,2,-2,6,-1,-5,-11,0,-1,4,-2,4,-2,8,11,-1,-4,0,-9,-3
796,0,2,4,-5,-3,1,2,-2,4,9,-8,-5,-6,-2,0,-3,-4,-5,-14,-2,-16,5,6,-6,8
51/781,0,0,4,-5,-2,6,-8,1,6,-10,-2,-7,-6,4,12,-6,-5,-4,1,4,-16,1,-3,-15,5
55/778,0,2,0,1,0,-5,3,1,-3,-10,-1,10,0,10,3,1,4,1,8,6,2,0,-3,18,3
49/783,0,0,2,1,0,6,5,-2,-8,-6,1,10,-7,9,0,6,-4,-4,8,-5,-1,13,0,-2,-6
52/783,0,0,1,-5,-3,-7,4,-2,2,-6,-1,-2,0,-6,13,-2,0,8,-4,15,12,-8,3,-3,5
23/389,0,2,3,-5,-2,1,2,-2,-7,3,-5,-7,-5,4,6,6,-9,10,1,-9,-6,-1,8,-6,6
-22/45,1,0,0,1,0,-5,5,1,-4,-3,-7,-7,2,-9,7,6,0,-1,12,11,11,4,-3,6,-14
-19/45,0,0,0,3,-2,6,-5,1,-9,-8,1,-6,7,-12,-2,10,-14,-1,-3,-13,-1,-8,-4,10,2
-45/89,0,-3,0,-5,6,1,-1,-2,-3,0,10,-10,-6,7,6,0,2,6,12,-9,-14,8,12,-8,11
-47/36,0,0,-3,1,6,6,-6,-2,3,3,3,-5,-3,-10,-8,10,-1,-6,10,-7,7,15,11,-1,-1
-41/35,0,-2,0,-5,4,6,-1,0,6,-1,-9,10,-4,-9,0,6,-14,6,-6,-5,-8,-14,2,6,12
-89/3,0,0,-3,3,4,-5,-1,1,-3,0,-1,-3,6,10,-2,1,9,-4,8,4,6,-8,-16,-13,6
-83/4,0,2,-3,1,-3,0,-4,-2,6,4,10,10,10,4,-6,3,0,2,4,-12,14,8,0,0,1
2/113,1,2,1,1,0,-6,5,-2,-4,0,-4,8,6,8,4,-4,10,-12,-14,0,0,-10,6,-1,-12
-1/113,0,2,-3,1,4,2,2,0,1,10,8,10,0,6,-8,-3,6,8,5,-12,-2,13,8,10,14
-5/228,0,0,0,-5,0,1,-4,-2,4,2,-1,-6,-9,-10,0,1,1,-1,2,-9,5,-1,1,1,9
-7/671,0,2,-2,1,-2,-5,2,1,0,7,-9,-1,-6,12,13,4,6,-4,6,-1,-7,-10,12,-6,-2
-11/673,0,2,3,3,0,-5,-3,0,6,5,0,-7,8,4,10,-14,-2,2,-12,-15,-1,-4,-3,-6,11
-4/675,0,0,0,0,6,-5,5,-2,3,3,-5,-5,-4,4,0,-4,0,0,4,4,-5,5,12,2,8
46/7,1,2,2,-5,4,2,-4,1,-7,3,3,5,-4,-4,4,0,-11,13,-11,-3,-2,-16,16,-14,13
-830,1,2,0,3,2,0,2,1,-8,4,2,-2,-1,6,-11,6,-2,13,-12,3,2,12,0,-8,2
-415/2,0,2,0,1,4,6,2,-2,3,10,-7,5,-6,1,-1,-2,4,1,-13,-15,4,-15,0,8,6
61,0,2,0,-5,2,-1,-1,1,-3,5,1,-11,6,-6,8,6,-2,-13,-14,-12,2,-10,0,18,12
245/3,0,0,0,1,-5,-5,-3,1,-3,3,1,-7,0,-4,11,-9,5,2,4,-1,-11,-15,16,-1,-7
245/6,0,0,0,1,2,-5,-3,1,4,6,0,-5,-3,2,-2,-11,-9,8,8,6,-14,-8,2,-15,-12
242/9,1,0,0,1,0,4,-3,-2,-3,3,-1,-1,-5,10,12,4,7,-12,-8,3,4,-1,-16,-8,17
-61/88,0,-2,2,-5,-2,1,-3,1,-8,-8,6,-6,-3,5,-6,-10,6,-13,-10,-12,7,0,2,18,-1
-25/47,0,2,0,1,6,-5,-6,1,-8,-8,3,-5,-4,-1,3,5,0,2,0,12,2,-8,0,6,5
43/77,0,-2,2,-5,-2,-1,4,1,4,4,2,10,6,-1,-7,-14,6,1,12,3,-1,0,3,9,-14
23/82,0,-2,2,1,0,-1,5,-2,-7,6,3,2,6,2,4,1,0,-13,8,-2,4,-9,12,-4,-10
42/11,-1,0,-2,1,-2,-5,-1,1,6,-5,2,-11,2,-3,-6,0,-11,4,5,-12,-8,10,12,6,8
84/23,0,0,-2,1,4,4,2,1,0,6,-5,-1,8,-1,4,6,-3,10,-14,13,-4,11,-6,-14,13
81/26,0,0,4,-5,-5,-2,-4,-2,0,-7,-8,5,-1,-6,0,11,0,1,5,5,14,6,2,18,-9
8/81,0,0,3,1,-1,6,5,-2,-6,-10,-1,-2,-2,8,-7,-4,-1,1,-8,-2,-16,-1,-11,-9,-13
17/162,0,0,0,3,0,-5,-8,1,-8,4,-4,-7,-6,4,-8,1,-5,-1,10,-9,-11,2,-3,-14,-3
10/81,1,0,0,1,0,6,-5,1,-4,-5,-7,-8,-1,-2,8,6,-4,4,-4,2,14,-5,-16,-1,-2
8/105,0,0,0,-5,4,-5,2,1,-3,2,3,10,-5,-7,12,-2,-4,-7,-4,12,-2,10,2,6,8
5/107,0,2,0,1,-1,-6,4,1,6,6,2,-2,-2,4,-1,-7,-2,-11,2,-8,-6,-16,0,2,5
23/71,0,2,0,1,0,-6,-6,-2,-7,-2,6,-2,-3,6,-8,6,6,-7,4,4,-11,11,2,10,17
26/67,-1,-2,2,3,-3,-7,-3,-2,6,3,1,-6,-6,-10,12,6,0,-7,0,6,-14,10,7,8,-2
22/65,-1,-2,0,-5,0,-2,-3,-2,2,0,-4,2,-6,-6,-6,1,-4,-11,4,8,-5,10,-3,10,13
71/50,0,2,0,0,6,2,2,-2,1,-7,2,2,-6,-1,-6,7,-4,-10,5,-12,4,-16,2,-1,-6
4/71,0,-2,1,-5,-2,-5,1,-2,6,6,-4,10,-7,4,-6,0,-1,1,12,4,-6,12,-8,-14,8
5/36,0,0,0,-5,0,6,5,-2,3,0,2,-3,12,6,-6,-12,2,5,-12,-8,-5,10,-9,2,10
3/68,0,0,4,1,4,2,-2,1,-4,0,4,10,8,8,-6,-11,-1,-3,10,-8,11,8,-10,-12,-6
23/5,0,2,0,1,0,0,-3,1,-7,6,8,-8,12,-3,8,7,7,1,0,-9,-5,0,7,-16,-5
-11/81,0,0,1,1,0,-5,1,-2,-3,-8,10,-7,-1,7,6,6,-4,-2,11,0,10,-9,8,2,-1
44/21,0,0,2,-5,0,6,5,-2,-3,0,-1,-7,1,-2,4,-2,13,-1,-10,3,-5,-6,10,-6,3
91/45,0,0,0,1,-2,-7,3,-2,-3,6,-1,-5,-2,0,0,-3,8,-5,-4,-9,2,-1,3,6,7
-4565,0,2,0,1,0,4,-3,-2,1,-5,1,5,0,-10,0,1,-3,-2,-8,11,14,-4,0,10,14
-4567/2,0,2,1,1,6,4,2,1,-3,6,-9,6,-2,-6,-6,-9,-4,-13,16,-12,-5,1,12,18,-1
-3043/3,0,0,1,3,4,-5,-8,1,-3,7,10,-10,-6,-9,-1,6,2,1,3,-4,-7,12,-15,-10,-12
-3043/2,0,2,0,0,-1,-6,-8,1,6,4,-9,2,6,2,12,6,-12,8,14,3,4,-4,-3,-6,-14
-4563/2,0,0,4,-5,-5,-7,2,1,3,-3,-4,-1,0,-10,0,-10,9,1,-12,15,-4,-8,11,6,-14
-4564/3,0,0,-3,1,-3,-5,2,1,1,-4,-1,-2,2,-2,8,-6,0,13,2,-4,-7,5,-4,10,2
-38/15,-1,0,0,-5,4,6,-6,1,-4,4,-1,-3,-2,1,4,-3,-7,8,6,14,-13,-14,0,-9,13
-38/17,1,-2,0,1,-5,2,-2,1,4,-5,4,10,-6,-6,-8,-14,-4,-3,-2,-4,-1,10,7,3,-2
-125/3,0,0,0,-5,2,-6,5,1,1,-8,1,-7,0,6,0,6,-3,0,10,8,-6,10,6,6,6
-169/3,0,0,0,1,2,-7,-5,-2,-3,0,4,-6,-6,-6,3,-11,-12,2,12,0,-6,-8,12,3,8
92/59,0,2,0,-5,-5,0,2,1,-7,-4,-8,-2,0,4,8,-11,10,-2,-11,13,14,12,10,1,11
-161/4,0,2,0,1,-5,0,5,1,-7,-2,-1,-1,-1,6,-8,-4,6,-11,-3,4,-13,-4,4,-14,-2
-827/5,0,-2,0,-5,-3,2,-3,-2,4,-8,-6,11,2,-2,13,3,-4,-10,-2,3,-10,1,-9,-6,-13
-311,0,2,2,-5,0,2,6,1,3,-5,1,-7,-6,4,-6,9,-4,0,1,0,-2,-5,2,6,-14
-1249/8,0,2,-2,-5,-1,-5,3,-2,6,6,-9,-2,0,-9,-4,3,-4,-13,10,-7,1,6,4,-6,2
-1251/4,0,-3,4,-5,0,-1,-5,1,-3,0,-5,10,-6,10,0,-2,6,8,-4,-5,14,-8,-16,-1,-3
-106/49,-1,-2,4,-5,-2,-5,-6,1,-8,6,2,-7,-6,7,0,-10,-10,-10,-8,11,-6,13,-3,-1,-14
-51/25,0,0,0,3,4,6,-8,0,-3,7,-2,-3,6,-4,1,-12,-9,1,8,-2,-11,-14,7,-6,-19
-10/91,1,-2,0,-5,-3,-2,-3,1,6,-5,-5,-5,6,-2,11,3,-2,-11,-14,-15,5,-6,0,-6,-14
-12/91,0,0,3,-5,4,-2,5,-2,1,-8,6,-2,7,-9,-1,-9,0,13,12,12,4,8,-16,-7,10
61/46,0,2,0,3,-2,-5,5,-2,0,6,-6,-2,-5,-4,-2,-2,0,-13,-10,2,-6,-14,1,10,8
61/48,0,0,3,1,4,2,-3,1,-9,7,-1,-5,-6,4,8,10,-4,-13,8,8,-4,-8,0,-10,-7
-6/979,-1,0,0,1,-2,-5,-3,-2,-9,-4,1,-8,-3,6,0,-14,-11,5,4,2,-1,-12,14,-8,-1
-32/6843,0,0,2,1,-5,-5,-3,1,-3,5,-10,-5,6,4,11,-4,-4,2,4,-9,-10,15,-13,-1,17
-11/2281,0,2,1,-5,0,-1,-6,1,-8,-2,-1,6,-9,8,-8,4,13,-6,-12,5,8,4,-1,-6,-2
19/162,0,0,-3,-5,-5,2,-3,1,-9,-2,4,-8,-1,7,-10,-10,-12,2,-13,15,4,-8,-3,-8,-12
49/26,0,-2,1,1,-3,-2,-3,-2,-3,5,0,-7,0,6,-3,6,6,-5,4,-3,8,10,-15,8,2
47/27,0,0,0,1,4,-5,2,-2,2,7,-9,7,2,-9,-8,1,0,-13,-10,6,-1,6,16,-12,17
14/69,-1,0,4,1,-5,2,2,-2,0,-2,-6,-8,12,2,3,-12,-7,-6,2,-12,-11,10,12,-15,-13
93/94,0,0,-2,3,6,-5,3,1,1,-4,-10,-7,-6,-6,3,-11,13,2,4,9,-10,-7,-3,18,13
44/53,0,2,-3,-5,0,-5,2,1,-8,-8,-6,-8,-1,-1,0,5,-4,2,5,-3,2,-14,-4,12,8
32/33,0,0,1,-5,-2,6,-6,1,-8,-5,4,6,0,-7,-6,10,-13,2,10,0,-2,5,4,10,-13
-458/67,1,2,2,0,-3,-5,3,1,-4,7,-1,10,-5,-4,4,6,-10,-1,0,-12,-5,8,4,-12,8
-113/16,0,2,3,3,2,2,5,1,-8,-7,-1,5,6,-6,6,3,6,5,-4,-12,14,9,-7,4,8
-454/65,1,2,0,-5,-2,-2,-3,1,6,-10,-1,-10,-6,4,-6,-10,5,-7,4,0,-13,10,-3,-3,-1
-149/19,0,2,1,0,-1,6,-6,-2,-4,-5,0,6,-1,12,0,-12,-7,-1,4,-3,6,9,-3,-9,14
-77/12,0,0,1,1,0,6,6,-2,3,-2,-1,-7,-6,4,0,-6,2,-10,2,-15,4,11,-4,-6,-14
-153/25,0,0,0,1,-3,2,-8,-2,0,-7,1,-7,-9,6,8,-6,0,-4,0,-9,10,8,8,-6,-9
-154/23,1,2,0,1,0,-5,2,1,0,4,-9,10,-5,-12,-4,-2,0,-10,4,-3,11,-1,-10,-14,1
43/25,0,2,0,1,4,-1,3,1,6,4,-4,10,-6,-1,1,6,6,4,-8,11,0,12,14,10,-2
-92/101,0,-2,-2,1,0,-1,1,-2,-7,10,-10,-11,-3,5,0,6,-1,10,-14,-12,0,-16,4,-2,-9
-82/97,-1,-2,1,-5,0,-5,-3,1,6,6,-9,11,-4,8,-1,-3,-4,4,12,-6,2,6,4,10,4
-86/97,1,2,-3,1,6,1,1,-2,-3,5,-7,-7,-6,-1,1,-2,10,10,8,-12,-10,-1,-6,-3,4
-43/50,0,2,0,1,-1,0,-4,-2,6,0,2,-6,-6,-1,0,-11,-9,-2,4,-6,-4,4,12,1,17
69/94,0,0,2,1,2,2,-6,-2,-7,3,2,-7,6,-7,3,-12,0,-7,-3,4,-1,0,-13,0,-9
70/97,-1,2,0,1,0,1,2,1,4,6,-6,-3,8,-2,8,-14,-11,-1,-3,14,7,12,2,18,4
-217/8,0,2,2,1,6,6,-4,1,-6,7,-10,5,-3,-9,8,-10,-1,-4,8,-15,-2,8,-6,-4,-12
-107/3,0,0,4,-5,-5,6,-3,1,6,5,4,2,-3,-10,-6,-3,-4,-1,2,14,-1,-4,1,-7,-19
-322/9,-1,0,2,1,4,-1,-6,-2,-7,3,-5,-6,4,-12,12,6,6,10,-14,-15,7,0,6,-4,-7
-325/11,0,2,0,0,-2,-7,-5,1,2,10,-2,-1,-5,4,-4,10,1,1,2,-15,-13,6,0,8,-3
-72/35,0,-3,0,-5,0,-5,-3,1,-8,-5,-9,7,-6,4,12,-14,5,-7,11,-1,4,8,-3,18,17
74/79,-1,-2,4,1,-3,-1,3,1,1,-1,-1,-11,-4,-7,0,-9,6,8,-6,-4,2,-8,2,0,2
76/77,0,-2,0,-5,-2,0,3,1,-8,-2,3,10,-3,-4,6,0,-3,-11,4,-5,6,-4,14,3,6
65/83,0,2,0,-5,0,-7,-1,1,-8,7,-5,7,-3,8,-8,-9,-11,-7,8,-15,-2,15,-16,6,-6
69/80,0,0,0,1,-5,0,-1,-2,-7,6,-5,-6,0,-4,13,-11,-3,0,-6,5,11,-15,12,-2,1
-47/39,0,0,0,-5,4,-2,5,-2,6,-2,-4,-3,3,-6,-8,-2,8,10,16,-4,-11,-16,12,-14,-18
-46/31,-1,-2,2,0,-5,-1,-3,1,-7,-4,2,-7,12,7,0,-2,0,8,-4,15,2,2,4,-13,18
-25/16,0,-2,0,-5,2,-1,-3,1,-4,6,3,-5,-6,7,11,-3,0,-3,12,4,-8,13,-3,6,1
-47/35,0,-2,0,-5,-3,0,-3,-2,-8,-8,-9,-2,-6,-2,-8,-3,-4,1,-8,16,-6,13,1,8,2
-68/75,0,0,0,1,-5,2,-8,-2,0,-2,-8,-1,-9,-7,7,4,7,8,8,5,-10,-4,-7,4,-18
-67/75,0,0,0,1,2,-5,2,-2,6,-5,-6,10,-2,-4,12,10,-4,-6,-5,2,-8,-16,-16,-15,-5
-64,0,-2,0,1,-1,2,-3,1,-3,2,-4,-5,-6,-2,-10,6,-1,-6,10,6,7,-16,12,2,14
-138,-1,0,-3,1,4,-5,5,-2,-7,6,8,-5,7,5,-7,4,0,-7,4,12,-13,-11,-4,-7,-18
-1246,1,-2,1,1,0,0,6,1,-9,4,-7,-8,6,-6,0,-4,0,4,-13,-9,10,0,12,-13,-6
-555,0,0,0,-5,2,-5,-5,1,-4,-2,3,-11,-3,-1,6,6,10,0,3,4,-1,-7,3,12,-18
-4993/11,0,2,-3,3,-2,6,-6,1,0,-10,-4,-2,-6,1,-8,0,-2,-5,2,8,-6,-15,8,18,-8
59/81,0,0,2,1,-5,4,5,1,-8,-3,-1,-5,2,-7,0,-14,-12,1,2,4,-14,-15,9,-15,2
-7/25,0,-2,0,1,4,6,2,1,6,0,-9,-5,3,-2,7,-10,-1,1,4,-7,10,8,5,0,6
-67/6,0,0,3,-5,0,-5,2,-2,6,9,-7,-3,2,-3,0,-11,-4,0,-5,-7,-16,0,-3,10,-12
-47/7,0,2,1,-5,0,2,2,1,-3,3,3,-7,-6,0,-8,6,10,2,-11,0,4,-10,-12,6,12
-19/425,0,2,0,1,-1,-5,-2,1,-3,0,-5,8,0,8,8,-12,8,6,-4,3,-5,0,2,2,14
-25/422,0,2,0,-5,-1,4,2,1,-8,6,0,5,2,6,0,-2,-14,-1,-2,-12,-13,0,1,10,-12
-103/48,0,0,2,-5,6,1,-5,-2,2,3,-1,-1,-6,12,-6,6,6,-8,5,16,-1,12,6,0,0
84/85,0,0,0,1,4,6,-2,-2,3,4,-5,10,4,4,3,-6,10,8,-13,0,-6,-10,-4,12,-14
39/43,0,0,-3,-5,4,-7,-1,1,6,0,3,-7,12,-12,4,0,6,13,9,0,11,-4,3,10,10
-81/2,0,0,-2,-5,0,-5,-6,-2,-8,5,6,-2,12,0,-10,-2,0,8,6,3,6,8,11,6,8
-160/7,0,-2,0,-5,4,-5,3,-2,6,-7,8,-6,-3,-7,-1,-3,0,5,8,9,-6,10,6,10,13
-84,0,0,0,1,-3,6,4,-2,6,5,-5,11,-9,4,4,-9,0,8,4,-1,11,-1,12,-8,-2
-324/11,0,0,0,3,-2,-6,2,1,0,-10,1,-2,-3,4,6,-6,-4,4,12,-7,-2,13,14,10,9
-162/5,-1,0,0,-5,4,-5,2,-2,-3,3,3,-8,6,4,-8,6,5,1,3,6,10,-16,12,-1,-8
-327/11,0,0,3,-5,-2,2,6,-2,6,2,-8,2,2,-4,1,-14,7,5,11,13,7,8,-3,9,-2
-327/10,0,0,0,3,0,-5,2,-2,3,-4,-1,-2,0,-4,11,-3,4,-2,-12,-4,-11,-8,-4,-7,-9
-80/3,0,0,0,1,6,-5,-3,1,0,-5,-7,6,4,4,0,-2,0,10,0,-12,2,4,11,3,-18
-31/53,0,2,-3,0,6,-5,-1,-2,1,-5,-10,-2,0,2,1,5,-11,-10,2,8,0,-6,-15,-6,2
251/2,0,2,0,3,6,0,5,1,-4,-3,8,5,2,-6,-6,1,-3,8,8,3,-5,11,11,-10,-14
1008/17,0,-3,1,1,-2,-5,-2,1,-6,5,-8,-1,12,5,-1,-2,10,-1,-8,3,-2,8,12,18,1
337/6,0,0,0,1,-2,0,-3,1,4,5,-1,10,-7,-4,0,0,0,-1,12,-12,8,4,-5,-14,8
503/10,0,-2,0,1,-2,2,4,1,6,4,1,-2,-6,10,-6,-2,11,10,9,6,-2,-1,-4,6,-2
-100/99,0,0,0,-5,-2,6,2,-2,1,4,-10,5,-1,-9,-6,-4,10,8,-11,-3,-1,-1,10,6,2
-49/50,0,2,0,1,-5,-5,5,-2,-3,-5,8,-5,-1,-10,-6,-12,6,-2,-6,15,-4,-16,-6,18,-2
-50/51,1,0,0,3,4,4,-2,1,-3,5,-9,10,-5,-1,7,-2,-2,-1,12,9,11,-9,6,6,-14
-52/7,0,-2,2,-5,-1,-7,6,-2,-3,-4,-4,-5,6,7,12,-6,0,-2,4,16,-8,-8,-16,6,-13
32/63,0,0,2,-5,-3,2,2,1,6,-10,2,-11,0,-10,4,-3,1,10,-14,6,10,-7,14,-6,2
-19/3421,0,-2,0,1,-2,2,-3,1,3,3,10,-7,-3,-6,-11,1,0,-7,-8,12,-14,8,4,-1,12
-15/3418,0,0,0,3,4,0,-6,-2,-8,4,-6,-6,12,6,-8,-4,0,-5,8,-12,-4,9,12,-3,0
-11/3417,0,0,2,3,0,6,-2,-2,6,-5,-7,10,6,-10,-11,-2,-14,-4,0,5,11,8,-12,10,-13
-50/41,-1,-2,0,0,-1,2,2,1,6,7,-9,-1,6,-4,-8,5,-4,-2,4,-12,-13,13,-12,0,2
-50/43,1,2,0,1,2,6,-6,1,-3,9,2,-8,6,-12,0,-7,7,-8,-12,-4,10,-16,4,10,13
-53/45,0,0,0,0,-1,0,-5,1,3,9,-7,6,-6,4,-7,-10,1,8,2,2,-6,10,10,18,-19
-74,-1,2,2,3,-2,-5,5,1,6,9,10,-11,6,-12,4,-11,4,-3,6,-12,1,-5,15,8,6
-37,0,-2,0,-5,4,0,2,0,-3,0,-7,-11,-5,-4,4,6,6,13,-12,-12,-7,8,14,-1,-2
-38,1,2,-3,-5,2,2,-3,1,6,7,-2,7,3,2,6,-3,-2,-5,-10,-9,4,-4,4,10,9
-27,0,0,-3,0,2,6,1,-2,-9,-7,-10,-5,-6,8,4,-4,-4,8,0,0,2,0,10,-15,17
-51/256,0,0,1,3,4,1,-8,-2,2,4,-9,-2,12,-1,7,1,-12,-4,4,11,8,5,12,-12,-6
-25/128,0,2,0,-5,0,-6,4,1,4,10,8,6,-5,-4,4,-3,10,1,6,-4,2,-10,-4,6,2
-11/64,0,2,2,3,0,4,1,1,-6,5,1,11,-6,-2,-6,0,6,1,4,-9,-13,5,-3,6,1
-23/129,0,0,0,-5,-3,2,-3,0,-7,-2,-1,-7,3,-12,0,0,-14,-10,0,15,5,-14,4,8,-10
-53/266,0,-2,2,-5,-5,0,-5,-2,-8,4,4,-2,-3,12,-6,-10,6,-6,6,-8,2,-15,1,3,14
-50/269,-1,-2,0,1,-5,-6,5,1,-8,4,-5,-3,12,9,10,-2,-9,5,-14,-4,1,13,4,0,-1
-239/5,0,-2,0,-5,4,6,-1,-2,1,4,-1,-8,7,8,-6,-4,8,10,-2,13,6,1,12,1,13
-76,0,-2,1,0,-5,0,-4,1,-6,4,8,6,1,-4,-6,-4,-12,-1,-8,3,-13,-16,0,-10,12
-708/19,0,0,3,-5,4,6,2,-2,-6,6,-4,11,12,12,13,0,-12,1,8,14,-9,4,-15,-6,-5
-706/15,1,0,0,0,4,4,-3,1,6,0,8,-7,-3,8,0,5,1,6,12,3,7,-14,8,-6,10
-59,0,2,0,-5,4,-6,-4,-2,6,0,3,-2,2,2,-6,7,-12,2,10,10,11,-11,-4,-6,-18
-181/5,0,2,0,3,6,-5,-3,-2,-9,4,2,5,0,0,8,-6,-9,1,11,-12,-16,12,16,9,2
5/119,0,2,0,-5,-2,-1,-2,0,3,0,1,5,8,8,11,-11,4,-7,-11,2,11,-12,-9,8,-8
14/235,1,-2,0,1,0,2,4,1,1,-3,10,-2,-5,2,3,-6,6,5,16,8,-4,13,12,-7,-5
7/157,0,2,2,1,2,6,-5,1,0,5,10,-7,12,7,0,-4,-4,-10,2,0,-10,13,-16,1,2
52/47,0,-2,0,1,6,-7,-3,-2,2,3,3,-7,-5,-1,3,10,10,-1,5,-4,-6,13,-12,3,-6
50/49,1,-2,0,-5,6,-5,-4,1,-3,-5,-1,6,0,4,0,-2,-1,1,-13,14,-6,-6,3,-1,12
2261/18,0,0,0,1,-3,-5,-8,1,-8,-5,-2,6,-6,10,-3,0,-12,8,0,-4,-13,-6,6,0,-14
2258/13,1,-2,0,3,4,-2,2,-2,6,6,-6,-7,6,2,7,-2,13,2,4,14,-10,1,14,-14,-7
1124/9,0,0,0,1,6,-5,-3,-2,-3,-2,-7,10,-1,9,4,5,-1,8,-12,-6,7,0,2,-15,7
376/3,0,0,2,-5,0,-5,6,1,6,3,-1,10,6,-4,-8,-4,10,-3,-5,6,0,-11,-5,-6,-1
-714/13,-1,0,-2,1,2,-2,-8,1,3,-5,10,10,-6,-2,0,7,-1,1,-12,-4,-5,0,12,-15,-12
-356/5,0,-2,0,3,0,6,1,0,3,10,-4,-7,-3,-9,-1,1,10,2,-5,0,-2,6,4,-13,-8
-717/11,0,0,2,0,-2,2,-4,1,6,-4,-7,6,4,-1,-11,3,-13,6,-7,-15,-6,10,6,-7,6
-717/14,0,0,-2,-5,-2,4,4,1,-8,9,-9,7,-7,-6,-4,-6,6,-10,12,-15,2,-15,-3,6,-2
77/23,0,2,1,1,0,-1,-1,1,0,0,-6,10,-9,4,1,-2,-4,1,8,0,-13,-16,-4,-4,-6
78/23,1,0,0,-5,-5,-7,-3,-2,0,4,-4,-2,2,4,13,6,-4,10,4,6,-13,2,0,8,0
-733/24,0,0,-2,3,-1,-1,1,-2,-8,3,-7,-2,-3,-4,-6,9,-13,-2,4,-1,7,-10,6,6,2
-727/22,0,-2,2,0,-2,1,5,-2,4,0,-5,-7,12,12,-8,-11,0,-5,4,6,7,13,-3,-8,14
-729/22,0,0,3,1,-2,2,2,1,-6,9,10,-5,1,-1,-11,1,-5,10,-12,5,-4,6,3,12,14
-731/23,0,-2,2,1,2,2,-8,1,0,4,1,10,-1,-1,12,0,4,13,2,6,6,5,-13,12,12
-734/23,-1,-2,2,-5,-2,0,-3,1,0,4,-1,2,-6,-2,7,6,6,-7,4,7,-8,8,14,-6,17
-61/2,0,2,3,0,0,0,6,-2,0,9,4,-7,-1,5,10,-6,4,-13,10,3,11,4,17,-17,11
-245/9,0,0,0,1,4,-6,2,1,2,-4,-8,10,8,7,0,-2,4,-1,-3,8,11,4,-6,3,9
-184/7,0,-2,0,-5,-1,-1,5,1,-7,4,10,-5,3,1,8,-14,4,4,-8,4,-9,-8,-10,5,2
-61,0,-2,2,1,4,-5,1,1,6,-8,2,10,12,-4,-2,-2,6,-13,8,-8,12,0,4,10,17
-46/11,-1,2,2,1,-2,2,-6,0,-7,0,-2,-5,-9,12,-10,-2,2,6,10,-15,-1,-16,3,10,-8
307/24,0,0,3,1,4,-1,2,1,6,3,-9,10,0,7,-7,-3,-14,-13,-3,-13,0,-8,-15,18,14
103/9,0,0,2,1,0,2,-6,-2,4,-4,-1,-3,6,8,2,-3,0,2,11,2,-5,-15,-4,10,14
-55/74,0,2,0,1,0,-5,2,1,1,-7,-4,-8,-6,-6,-6,6,6,8,0,6,-4,10,-3,10,1
-22/177,1,0,2,3,0,6,-4,1,-3,-5,1,-8,-2,6,4,-10,10,13,0,0,-6,-16,-16,-2,-6
-22/71,-1,2,3,1,0,-5,-3,1,1,-4,2,-3,-7,4,-7,-10,1,-2,16,4,0,-1,7,-1,-3
-13/35,0,2,0,-5,6,-7,-3,-2,-4,6,-1,-7,8,8,12,-2,5,4,-5,15,-11,11,12,-10,-4
-66/101,-1,0,2,1,0,-1,5,1,6,4,0,2,3,6,-1,-2,9,8,-12,10,-2,-16,-4,-9,-2
-37/51,0,0,0,1,-5,4,-2,-2,3,-8,-5,-11,6,4,-4,-2,6,-8,0,-7,-9,11,3,-17,-5
-25/98,0,2,0,-5,-2,0,-6,-2,-3,5,-9,-5,-6,1,-3,-4,6,1,-3,8,1,11,3,-8,-7
-29/96,0,0,2,-5,2,0,-6,1,6,-10,3,-10,-5,-4,6,-10,6,2,4,6,5,5,0,12,-19
-31/97,0,-2,0,3,6,2,-3,-2,-8,2,-10,2,4,2,0,-2,-4,-4,16,6,-14,-15,-7,-6,4
-13/48,0,0,1,1,4,-7,-1,1,-3,10,3,-5,-5,-4,1,-2,2,10,-12,13,14,6,-16,6,16
-5/22,0,2,0,1,-2,4,3,-2,-3,0,-10,-7,-3,4,11,9,7,-6,8,4,12,5,-11,6,-2
-19/3960,0,0,0,1,-2,-1,-6,1,-3,-8,-1,10,-6,-4,-6,-4,-9,10,4,11,-8,5,-4,-12,-2
-18/3959,1,-3,-3,1,4,1,-4,-2,-8,6,-6,-8,-6,4,-8,4,6,-5,-11,-9,-1,-7,-3,10,8
82/649,1,2,3,0,-2,-1,3,1,-8,-10,-8,-6,-4,10,0,6,10,13,16,4,-13,8,6,-13,5
87/646,0,0,-2,-5,-3,2,-2,-2,-3,-10,-9,-5,6,-6,0,-2,-14,8,2,8,12,-8,15,0,-6
86/649,-1,-2,2,1,-2,-5,-5,1,6,0,10,-2,-6,-1,-6,-2,10,-1,5,-3,8,-4,-10,-8,6
83/647,0,2,2,1,0,6,5,-2,-4,-4,10,-5,8,4,2,-9,-4,0,-12,-3,1,-1,0,-2,3
81/649,0,0,1,-5,-2,2,-1,1,3,10,6,-2,1,12,-6,7,10,-10,2,2,1,13,0,18,-6
83/13,0,-2,0,0,-2,-2,-4,1,-8,6,-10,-3,-3,-1,4,-2,-1,-6,-13,-12,12,10,0,12,-2
-1/21,0,0,1,-5,-5,-5,-3,1,1,4,-4,10,-9,4,-6,-7,-14,1,5,-4,-16,-16,-11,18,-2
-2/33,-1,0,4,0,-2,-1,-6,1,-3,3,1,-5,-1,-1,-6,6,-5,-3,11,-2,0,10,10,9,9
-99/31,0,0,4,1,0,2,3,1,6,2,2,6,-6,-10,-6,-2,0,-1,14,3,-4,11,4,-12,2
-97/32,0,2,1,1,0,6,-5,-2,6,4,-9,-8,-4,-6,11,-2,-4,1,8,-7,-2,-9,-9,-2,8
-24/7,0,0,3,-5,2,-5,3,1,-3,0,2,5,6,9,4,6,4,10,-10,-4,-6,-14,-13,-2,1
-19/2,0,2,2,0,4,2,3,1,6,-4,6,-7,-1,-12,8,6,-1,-5,1,15,2,-9,1,9,2
2961/26,0,0,0,1,2,-2,-5,1,-8,0,3,-5,-3,-1,-8,-2,0,13,-10,0,-4,5,3,3,2
1777/15,0,0,0,1,4,4,-3,-2,-3,4,3,-2,-1,8,6,6,2,1,-3,9,10,8,4,-14,-6
2221/17,0,-2,0,3,0,-6,-2,0,-8,4,3,-11,-9,-9,6,-12,-14,-5,0,-12,6,1,-10,-8,-12
2218/21,1,0,-2,-5,-3,2,-6,-2,6,7,-1,2,6,-10,1,-10,2,-2,12,9,4,5,0,1,-2
4447/39,0,0,-3,-5,2,-2,-6,0,1,4,-7,-7,-1,-6,8,6,0,6,-14,16,14,13,-3,2,2
247/2,0,-2,0,0,0,-7,-3,1,-4,6,0,-1,12,8,12,-2,10,10,5,-4,11,-5,12,6,2
317/3,0,0,2,3,-2,-6,5,-2,2,0,1,10,10,5,-6,-3,10,-13,-14,-5,2,-14,-16,-1,-3
1271/13,0,-2,2,3,-2,-2,4,-2,0,9,-10,8,-4,-4,7,-14,0,6,-4,4,-7,5,12,4,1
2965/27,0,0,0,3,6,2,3,1,3,4,-9,10,-7,2,0,7,0,-2,0,-1,10,-16,-4,12,8
1481/13,0,-2,-3,3,0,-2,-3,1,2,-10,-5,-7,0,-6,-6,0,4,1,5,-9,6,-4,12,-6,10
106,1,2,4,0,4,0,-3,-2,4,3,-9,-3,-3,4,-8,-10,-4,-7,-4,-15,-11,12,2,-8,-5
2223/17,0,-3,1,1,-1,-7,-2,1,-3,-2,-7,6,2,-2,1,-2,4,5,3,-3,-7,4,6,0,-3
1115/8,0,2,0,1,2,4,2,1,6,-1,-9,5,-6,2,-11,-10,-14,2,-11,-12,-10,10,14,-8,14
4437/35,0,-3,0,-5,-1,6,-8,-2,-9,-10,2,-7,-3,10,-6,-2,-4,-2,-3,2,4,-4,-3,-10,-18
1109/9,0,0,2,-5,-5,6,-3,1,-8,-2,-9,-8,2,10,-8,6,-4,13,11,-12,14,-14,3,12,10
1483/10,0,2,0,1,-1,-5,2,1,6,-5,0,-8,0,9,-8,-4,0,13,4,8,10,-10,3,-12,12
-7020,0,0,0,0,0,-7,4,-2,6,-1,8,-5,8,-9,-10,6,0,-13,8,13,2,10,-1,10,12
-14036,0,2,2,1,0,-5,-5,1,-8,-10,2,-11,0,-4,0,10,4,0,-10,3,-14,4,0,-15,-19
-7012/5,0,2,0,1,6,6,6,1,-9,6,-5,10,6,12,0,6,9,2,0,-6,-2,9,1,18,-7
-3507,0,0,3,1,-1,1,6,1,1,-7,-9,-2,-3,-10,-6,-2,13,4,2,2,-13,-16,3,3,-12
-7018/3,1,0,1,0,0,-5,4,1,-4,-10,-9,-8,6,4,-8,6,0,0,16,-15,7,-8,-16,12,12
-8425/6,0,0,0,-5,-1,0,-3,1,6,-5,-9,-2,-3,-2,0,6,-2,-1,-7,12,10,6,-4,-8,8
-8422/3,-1,0,2,1,4,-5,-4,-2,4,-2,-2,-2,6,4,0,-4,4,-10,-10,13,2,-16,-5,10,-18
-4209/2,0,0,-2,1,-1,-5,6,-2,-7,-1,10,5,-9,0,1,6,9,-13,8,-12,0,5,9,-1,-5
-10526/5,1,-2,0,1,0,-6,-3,1,-4,-4,-5,2,0,-10,-6,3,0,-10,-8,-15,-6,-6,0,-10,-9
-10527/2,0,0,1,-5,0,-5,5,1,-3,-10,-1,-7,-6,-1,-8,6,-7,13,4,15,-1,-15,0,-14,6
-95/46,0,2,0,1,-1,-5,-6,1,0,7,-10,-5,-7,4,2,-10,-14,2,-2,-3,-5,-9,-4,0,-18
83/2,0,2,1,3,-2,-1,3,-2,3,-1,-9,5,12,4,-6,-3,6,-4,10,0,-9,0,0,-12,-14
-170/7,1,2,0,-5,-3,4,-8,-2,6,9,-1,10,-6,12,-11,-10,0,6,-7,6,-6,11,-1,-1,18
-172/5,0,2,0,1,-2,0,2,1,3,-5,-5,-5,2,-1,3,6,0,8,-2,4,4,6,1,8,-12
-201/7,0,0,3,-5,0,2,5,1,4,0,-1,-2,-3,4,0,7,4,2,-5,3,-1,12,-16,-4,8
-1000/51,0,0,0,-5,0,6,-2,1,3,-7,3,6,2,-1,13,-4,0,-7,-10,11,1,1,12,18,-12
-127/5,0,2,0,-5,-5,4,6,1,-6,0,10,-5,8,4,-11,6,0,0,2,4,-11,-7,4,10,14
-59/99,0,0,2,-5,-2,-5,2,1,6,-5,4,-2,-1,-12,0,6,-12,-7,-14,-15,12,0,-3,3,10
-13/25,0,-2,0,1,-2,-7,-4,0,-3,-2,-4,6,-4,2,0,-2,6,-10,4,-12,-2,-15,4,-8,-6
-18/3961,-1,0,-3,-5,-3,4,-2,-2,-3,4,2,-6,0,2,-8,-10,-12,4,3,-1,0,-16,-3,3,14
-38/7919,-1,-2,-3,1,4,6,1,1,3,10,0,7,12,-1,-3,-11,-4,-1,16,-8,-16,-7,-16,8,-9
-12/2641,0,0,3,0,6,6,5,-2,-8,2,-4,-2,12,7,-10,3,-4,6,9,-5,8,-1,12,-14,17
-6/991,-1,0,2,1,4,4,-4,-2,-4,6,6,-5,-6,4,3,9,-14,13,-3,-1,-5,11,2,6,-10
-36/7927,0,-3,3,1,0,6,2,-2,-6,-5,-10,5,2,-9,8,2,-4,5,-13,-4,-1,8,17,-7,13
-38/7927,-1,2,4,1,-3,-5,-5,1,-4,-7,10,-8,8,1,4,-2,0,-2,-6,-12,0,-7,0,3,-12
-106/61,-1,-2,1,-5,0,6,2,1,-9,9,-9,10,-9,-6,-4,-10,4,-4,0,-15,7,-4,-1,18,8
-23/2,0,-2,2,1,4,-5,2,-2,-7,5,-10,10,8,-4,-8,-3,0,-10,-11,-12,-11,13,12,-6,10
-34/3,1,0,-2,-5,4,-6,-8,-2,0,-5,1,8,6,10,4,-10,2,-1,12,7,-1,-16,-13,10,12
-38/97,1,2,4,3,0,4,5,1,-4,-7,6,-2,-2,4,-7,6,4,1,-12,12,-6,13,2,-15,4
102,-1,0,0,-5,-2,4,-8,-2,6,6,-5,-6,6,8,-6,-6,-4,2,-14,-15,-1,-8,12,-10,-12
103,0,2,2,-5,-3,6,4,1,3,4,1,6,12,-6,6,11,4,-10,-5,-9,7,2,1,-17,14
-69/4,0,0,2,1,-1,6,-3,1,-7,3,6,6,-3,9,-6,-6,10,5,12,7,-16,8,4,-8,-6
-77/27,0,0,1,1,0,2,5,-2,-8,-3,-9,-8,7,1,0,-7,0,-8,-14,5,4,-16,0,-7,-10
-20/131,0,-2,0,3,0,-6,-3,-2,-6,-10,6,7,-6,4,4,-2,5,-7,-10,-9,4,-9,6,-17,-12
13/71,0,-2,2,1,4,-7,-1,1,6,4,-4,-2,10,4,-4,-2,4,-3,8,4,7,13,1,-10,-13
12/73,0,0,1,-5,0,-5,3,1,-8,-3,10,-7,7,4,-2,6,-4,10,-12,0,-6,-7,1,-6,-13
367/11,0,-2,-2,1,-2,-5,-3,1,6,6,-1,-6,-1,-4,-8,6,2,-4,2,0,5,-4,10,-6,-3
182/5,-1,2,0,1,6,-7,3,1,6,3,-2,6,6,4,-6,7,0,5,5,-12,-13,5,-3,18,-7
186/7,-1,0,-3,-5,-2,-5,6,-2,-4,10,-10,-5,8,4,10,3,10,-3,-14,-4,-8,-1,0,-1,-12
188/7,0,-2,2,-5,0,6,2,1,-8,-7,10,10,12,4,-8,6,0,1,-2,-3,11,13,14,1,-2
-16/245,0,2,0,-5,-1,-5,2,1,6,4,-9,-2,6,12,0,-9,-9,-7,1,-15,-9,-7,-6,2,-2
-20/247,0,2,0,-5,4,-2,5,-2,3,-10,-1,2,12,4,8,9,-7,8,8,-3,-6,-7,10,-6,7
299/21,0,0,1,-5,0,-7,5,-2,-7,-5,-4,-5,-3,-1,-8,6,5,-7,-13,-3,0,0,12,-13,-12
148/9,0,0,-2,-5,-2,0,1,1,-9,10,-9,-11,12,-1,12,-10,8,8,2,-7,2,-9,-16,-3,-18
733/30,0,0,0,1,4,4,-3,0,-6,-5,3,8,-3,1,-4,-7,-5,5,-2,-15,2,5,-16,10,-2
732/29,0,0,-2,-5,-3,2,-1,0,3,-6,6,8,12,10,3,-6,-9,-13,5,4,-5,-7,2,1,1
73/3,0,0,0,0,2,6,-3,1,-3,-4,-1,-8,-6,-4,10,6,4,-13,-12,-7,-11,-7,12,12,-10
123/5,0,0,0,-5,4,-1,5,-2,-4,9,6,-3,-4,8,1,-2,0,-10,4,8,-4,13,-3,9,17
-80/27,0,0,0,3,2,4,-4,1,-8,4,-1,-2,0,2,-1,0,-4,-10,-12,-9,-2,11,-15,-6,-6
7/66,0,0,0,1,-2,6,2,1,-3,3,-7,10,-6,-10,-6,-2,0,8,6,-4,1,8,-4,5,-5
-127,0,-2,-3,1,4,1,-4,1,3,-10,-4,-2,0,4,8,-11,-5,-13,2,-2,6,6,4,10,8
-169/7,0,-2,-2,-5,-5,-7,2,-2,1,0,-4,-10,-1,-4,-6,-2,0,2,-6,-4,0,10,8,-17,9
-504/17,0,-3,0,1,-3,-5,-2,1,-3,9,-5,-2,12,-1,0,-2,6,-6,-14,-9,7,-8,0,-3,-6
-21/712,0,0,2,1,4,6,-6,1,-8,6,-8,-5,2,-1,0,-10,0,5,12,6,11,-14,-9,-8,-7
-4/143,0,2,-2,0,-2,-2,2,-2,-3,-7,-8,5,6,-12,0,-10,-14,0,2,6,4,-1,17,-14,12
1/73,0,2,-3,-5,0,-5,1,1,2,-7,8,7,8,4,-6,6,-4,-13,4,7,-6,6,-3,5,-2
-2/117,-1,0,1,0,2,-2,4,1,-4,-1,10,-8,-6,-10,-1,1,-2,1,10,-3,-5,-8,4,8,-19
-43/84,0,0,-3,-5,0,-5,-4,1,4,-3,-1,6,12,-1,6,-2,5,-8,-10,-12,-5,-8,-16,-15,2
-43/80,0,2,0,1,-3,4,6,-2,-8,-7,-1,7,-6,-1,10,2,6,-6,2,-5,2,15,-4,-6,7
92/41,0,2,-3,1,2,6,4,1,-7,-1,3,5,6,4,-11,6,1,10,3,-12,2,8,-6,5,14
16/21,0,0,4,-5,2,0,-3,1,-3,-1,8,7,8,7,-7,-4,6,13,2,4,-10,-16,-4,-8,-7
74/87,-1,0,0,1,-2,2,2,1,-4,-6,-4,-11,2,12,0,-10,9,4,-11,-12,-6,-15,12,-1,0
19/94,0,2,2,-5,4,0,-3,1,-8,4,10,-7,-6,4,3,7,2,10,16,6,7,4,8,18,16
11/46,0,-2,0,0,0,-1,-3,1,0,4,-5,-6,0,-6,0,-10,7,-3,8,-9,-9,4,-9,-12,-6
13/46,0,2,2,-5,-5,-7,5,1,0,4,-5,-7,-3,4,1,3,4,-7,6,-12,-4,0,6,12,1
25/93,0,0,0,1,4,-6,4,1,6,0,2,10,1,-2,3,7,4,1,11,8,14,-9,-13,-4,11
6771/47,0,0,3,1,-1,1,2,1,-3,-2,-9,-11,-6,2,3,-9,-9,-13,0,-12,5,0,16,-6,18
6767/51,0,0,2,1,4,-6,-2,1,-3,4,-6,-2,-2,4,-6,-3,-7,1,-5,0,-16,-10,15,-1,5
3385/24,0,0,0,1,-3,-5,-1,1,0,3,-1,-5,-4,8,4,-10,-2,2,4,-1,-13,12,1,9,8
6773/47,0,2,2,-5,6,-7,5,0,3,-5,1,-2,2,2,3,1,0,4,6,-1,10,6,-16,2,3
6769/44,0,-2,2,1,-2,6,-6,1,6,-3,-1,-2,2,-6,-11,-4,4,-11,-11,6,2,-6,-1,6,10
3381/25,0,0,0,1,4,6,-3,-2,-7,5,1,-2,0,4,0,-2,-2,-5,8,-9,-6,-6,8,-14,12
147,0,0,-2,1,-3,-5,5,-2,-3,-7,1,7,-3,-6,12,1,-4,2,3,3,-16,5,-4,-16,2
3385/23,0,-2,0,1,0,6,-5,1,0,4,2,-8,-6,6,0,-6,-12,-8,11,-8,-6,-6,1,6,8
3389/23,0,2,3,-5,-5,2,4,1,0,7,-1,-7,-3,4,6,6,-2,6,8,-12,10,-9,0,-9,2
424/3,0,0,-2,1,-1,6,5,1,3,-4,2,10,8,-2,-11,-10,-4,0,8,16,8,15,0,-15,0
3391/25,0,2,0,1,-5,0,4,-2,-3,6,-4,6,-1,1,0,3,-1,0,2,3,-1,5,14,12,-18
1697/15,0,0,0,3,0,2,-1,1,-3,4,4,-8,-6,6,-11,1,5,-3,-11,13,-1,6,-3,-6,11
1697/13,0,-2,1,-5,4,-2,2,1,1,3,-4,10,-6,7,-1,-6,1,10,-8,4,-6,4,4,-1,-3
85/7,0,2,0,-5,0,2,-8,1,-4,-5,-8,-6,-6,-4,8,11,-4,2,6,-1,-11,10,-4,10,16
-72/61,0,0,-3,0,6,-5,2,0,-3,-4,1,-10,12,-3,-6,-2,8,-4,-8,-12,11,-1,4,10,10
-75/58,0,0,0,0,0,6,3,0,3,-6,3,10,-9,4,12,-6,6,2,14,0,-9,-14,0,12,-8
61/58,0,2,2,1,-1,-5,3,1,3,-6,-1,-2,1,2,0,-2,6,-13,5,-15,7,10,16,-1,18
-281/21,0,0,2,-5,2,6,-6,1,4,-5,-7,-1,-6,10,6,-2,7,-11,6,-12,-6,13,6,1,-14
-25/3,0,0,0,0,6,-1,2,-2,3,4,-6,-8,-3,-4,0,-2,-9,5,-7,-15,-5,0,8,10,-5
-47/5,0,-2,0,1,2,2,5,1,-3,-5,3,6,-9,-4,-8,-11,-13,-2,11,3,0,11,3,6,-7
4/37,0,2,2,1,-5,4,1,1,-4,6,3,-8,12,7,6,5,-4,-2,-2,11,-13,-9,4,2,-8
2/61,1,-2,3,1,-3,-6,1,-2,-8,7,-4,-10,0,0,-6,-10,0,-4,-11,0,12,8,14,8,17
75/47,0,0,0,0,-2,4,5,1,2,0,-9,2,-2,12,3,-2,-4,0,3,14,0,-12,0,-6,2
77/45,0,0,0,1,0,0,1,-2,-3,5,-8,-2,8,-6,13,11,-12,0,-12,9,-5,-10,4,1,2
61/43,0,2,0,-5,4,6,2,1,6,2,10,-8,10,-12,4,-2,6,-13,-14,-6,2,1,5,9,14
-15/203,0,0,0,-5,0,1,5,1,-8,-6,-8,-6,4,-12,-8,-4,-4,-7,4,-3,14,4,3,9,2
-31/408,0,0,3,1,-1,6,-2,1,-3,0,-10,-1,-5,-10,-8,-2,0,1,8,8,2,13,-16,-4,-2
-27/406,0,0,-2,-5,4,-5,2,-2,1,-6,-1,11,-6,7,13,6,-10,-2,-3,10,-10,10,0,-1,2
-31/409,0,-2,0,1,-5,2,2,-2,-4,0,-10,-2,-1,0,11,1,0,-7,14,0,2,4,12,-6,-7
-20/241,0,2,0,-5,0,6,3,1,-8,4,-7,-10,-5,1,0,-2,-2,-1,12,11,6,-1,-13,9,-5
-19/245,0,2,0,-5,-5,1,1,1,3,5,-9,-8,-3,-6,-11,1,-9,-10,-6,-6,-6,1,-9,-10,17
-3/49,0,0,2,-5,2,2,-1,-2,-4,10,-5,-7,2,8,3,-2,0,-1,4,5,2,-14,3,1,14
-87/5,0,0,0,-5,0,-6,2,-2,-3,-10,-9,11,12,-6,8,-2,0,8,4,-5,-6,-9,6,-6,10
-90/7,1,-3,0,-5,2,0,-4,-2,-4,-5,-9,-2,-3,0,8,-2,6,-8,-14,-7,-13,10,12,-12,8
-43/2,0,2,0,3,2,4,-3,-2,-3,6,-7,-10,12,-1,4,-7,1,-1,-8,0,2,0,1,-14,-18
-44/3,0,0,0,-5,0,6,-3,-2,-6,-3,6,-5,12,-7,2,1,4,4,-12,13,14,11,5,8,2
-83/2,0,-2,4,-5,0,-5,4,1,-6,-7,-5,2,6,1,-3,-6,-4,-4,-14,4,10,-7,0,3,-6
-165/4,0,0,0,1,0,2,2,-2,-4,-3,-9,-2,10,5,0,-2,5,4,2,10,4,0,2,-12,-4
-168/11,0,0,-3,1,-2,-6,5,1,4,3,-9,-2,-7,8,0,-14,13,6,10,-4,-6,8,12,6,8
-165/8,0,0,0,3,0,6,1,1,3,-5,-1,-2,-6,-6,0,-2,-9,-3,4,0,-11,4,12,9,8
-167/10,0,2,0,-5,-1,-5,-6,1,0,0,-5,-11,-6,-2,-6,-2,0,4,9,-9,0,11,-3,-13,-14
78/101,-1,0,2,-5,2,-7,1,-2,-3,-10,-6,10,-4,12,-6,1,4,-1,-11,-15,-13,-10,1,10,-3
79/99,0,0,4,1,-2,-5,-6,1,6,0,-1,-2,-5,8,0,3,-14,-7,-14,-15,11,4,3,-9,13
79/97,0,2,3,-5,6,4,-3,-2,6,-4,3,-10,6,9,-8,1,4,4,-10,0,-2,4,0,-1,4
89/39,0,0,2,3,-1,-2,5,-2,3,-4,0,2,-6,-4,-10,-7,2,10,11,3,7,15,-4,-13,-12
-19/271,0,-2,0,1,-1,1,-6,1,-3,4,-1,-7,-6,-4,12,1,0,-10,5,6,7,8,-4,-15,-1
-23/272,0,-2,0,1,-3,2,-2,1,-7,3,-8,-2,-9,-1,0,-2,0,-6,12,6,14,-8,12,18,13
-19/269,0,2,1,3,4,-5,6,1,2,2,-5,-11,-6,-4,1,-3,5,-1,3,0,-6,6,-3,9,8
-22/271,-1,-2,3,-5,0,4,2,-2,-3,0,-9,6,0,4,4,-2,-2,-2,8,6,-13,-1,12,-9,-10
-7/123,0,0,0,1,-1,2,5,-2,6,0,2,-2,6,4,-7,-4,0,-12,8,-12,-1,8,12,-8,-1
-109/61,0,-2,4,1,-1,4,4,1,-3,-5,4,-10,0,-4,6,1,0,-4,2,-3,-8,13,16,6,1
-51/29,0,0,4,-5,6,-1,-8,1,-8,-6,1,10,0,-10,-8,-9,-4,8,4,-4,-7,8,-4,-14,-2
-99/58,0,0,-2,3,0,1,5,1,-3,-6,8,11,12,4,-6,0,7,-2,12,-12,-13,8,-16,-1,-7
-68/33,0,0,1,1,-2,6,-8,1,3,-5,-4,-2,-4,0,0,-2,0,-1,-12,4,7,-14,-3,-6,8
-18/7,1,0,2,-5,6,1,6,-2,0,3,-2,-2,2,-2,-11,-7,0,2,2,9,7,-11,-10,18,2
76/81,0,0,4,-5,0,-5,5,1,4,-8,-10,-3,1,4,12,-11,2,10,8,7,2,11,4,9,-3
1013/16,0,-2,3,1,0,-5,1,-2,-3,-10,3,-11,-4,1,-11,9,1,1,-10,11,-6,4,2,1,14
-52/29,0,2,-3,-5,-1,-7,1,-2,-4,-6,-9,-7,-6,8,-3,-9,6,0,11,-12,-6,-11,-13,9,6
-101/60,0,0,0,0,-3,0,-6,-2,-3,6,-10,-1,12,-9,13,-2,-7,6,1,-15,6,-16,-3,-14,-8
-105/59,0,0,0,1,-3,4,-5,-2,-4,4,-10,10,-6,1,-7,10,10,-8,2,0,8,8,-16,10,-9
-33/20,0,0,0,-5,0,6,-5,1,3,2,3,-2,6,-2,-6,-3,0,8,-6,13,-13,4,-13,-6,11
41/61,0,-2,4,-5,4,-6,3,1,-3,-2,-8,-1,-4,-10,1,-2,-5,-4,-2,4,2,10,-12,9,-14
20/29,0,2,0,1,2,4,-3,1,3,-6,-8,-5,-6,-6,0,6,0,8,10,-4,2,1,14,1,14
-1/105,0,0,0,-5,0,6,5,-2,3,-5,10,-1,6,4,0,-3,-5,6,4,-7,2,-16,6,5,0
-4/103,0,-2,3,1,6,-5,-3,1,6,6,3,-5,-2,4,4,3,6,-6,8,0,10,6,-10,-1,-1
-67/23,0,2,4,-5,6,-5,2,-2,0,4,-1,10,1,2,10,-14,13,13,-5,4,-7,13,-13,1,8
15/83,0,0,0,1,0,1,4,-2,2,-10,-1,2,2,4,4,-2,1,-1,-3,3,-10,-16,-16,3,-10
-200,0,2,0,3,0,-5,-3,1,3,5,8,-7,-6,9,-6,0,-11,-3,12,4,6,5,6,12,14
-50,-1,2,0,1,4,0,4,-2,-9,-5,3,-11,8,-10,0,1,11,-4,-14,-3,12,-15,-10,-9,2
34/29,1,-2,4,1,0,6,-8,-2,-8,-6,-1,-2,-5,8,11,1,-5,6,8,-9,0,13,-9,-12,-13
73/57,0,0,2,3,0,6,5,-2,-3,3,-10,-11,-7,-3,-8,-7,0,-6,14,-8,-11,-15,-16,6,8
-152/3,0,0,0,3,0,2,-5,1,-8,-5,2,10,-5,8,-8,2,2,8,-14,0,-6,0,12,12,-18
-155/3,0,0,0,1,4,-1,2,1,6,4,-10,-5,3,4,7,3,10,-4,6,2,-13,0,0,12,-2
-153,0,0,-2,0,-5,1,-8,1,6,0,-6,-3,-1,-10,-6,-10,-12,8,3,-5,-16,-5,5,2,-3
-11/447,0,0,-3,-5,0,1,-3,1,-3,4,1,-2,0,-12,0,1,-5,-2,-10,4,2,-15,2,-9,9
-23/894,0,0,-2,0,4,6,-3,1,-7,6,8,11,6,-10,-8,-4,6,-13,4,0,6,5,-3,18,2
-17/597,0,0,2,1,0,-5,-8,1,-8,0,-7,-8,7,-12,-6,1,4,1,-7,3,-10,-5,10,-1,17
-53/1791,0,0,2,-5,6,-1,5,1,6,7,3,-1,2,9,-6,-10,0,-6,-10,-8,-13,8,17,12,-19
127/4,0,2,0,1,4,-1,-6,1,-8,10,-2,-8,-6,8,4,-2,-7,2,8,0,4,-6,17,12,-18
172/5,0,-2,0,-5,0,4,2,1,-6,-5,-1,11,-6,-1,0,-2,4,-2,4,0,0,11,2,-12,-6
100/87,0,0,0,3,6,2,3,1,-8,-6,-10,10,6,-7,-4,-2,6,10,-4,-12,0,0,-4,-9,-9
101/88,0,-2,0,1,-2,2,5,-2,-3,3,8,-1,10,1,-6,-3,0,1,10,-15,-13,-11,-5,6,2
33/28,0,0,0,-5,0,2,2,-2,6,-2,-1,-2,-4,9,0,-9,-3,0,-14,-12,7,-1,-3,-6,8
-77/81,0,0,-2,1,0,-1,5,1,3,-5,-5,2,-5,0,-8,-4,-13,-3,16,12,-7,0,16,4,6
88/45,0,0,0,1,0,-6,-3,1,0,7,-2,10,-7,-6,-7,6,0,2,4,4,0,8,-15,-6,-6
88/41,0,-2,3,3,0,-5,5,1,6,-5,0,-7,6,10,2,6,2,-11,-12,13,-5,5,-16,-10,8
-15/47,0,0,0,-5,2,1,-3,-2,6,-2,2,-2,-6,8,3,6,6,-10,5,-9,7,-7,-1,-7,-7
-10525,0,-2,0,3,-1,-5,5,0,-3,-7,0,-7,-6,-4,-7,-9,-11,6,-14,5,7,-10,-3,-6,-13
-21047/4,0,2,3,-5,6,-7,-3,1,3,0,4,-7,-6,4,8,-2,6,8,3,-8,0,-6,7,-3,5
-21044,0,2,4,-5,6,1,-6,1,-3,10,-5,-7,-4,-1,-8,11,0,10,-14,2,-14,-8,6,-14,-12
-281/25,0,2,0,-5,0,-5,4,-2,-3,-4,-8,-2,2,-6,13,1,0,6,4,8,-14,13,9,3,-5
-275/23,0,-2,0,1,0,-5,-3,1,0,-5,0,-2,0,10,-2,6,4,-8,5,3,14,4,-3,8,16
-62/5,1,-2,0,3,-2,4,-3,1,2,-4,-10,-3,-5,-2,0,-4,8,5,12,13,2,8,16,2,-6
-553/45,0,0,0,1,0,2,-1,1,-3,-10,2,-6,-5,10,-6,3,0,-1,5,-12,-10,4,-3,10,12
-188/17,0,-2,0,-5,0,-5,-2,1,-6,-4,-5,10,-6,4,-8,6,2,10,8,0,6,-8,-4,2,12
-182/17,1,-2,1,1,6,-7,-2,1,-3,7,-9,6,-1,8,0,6,-12,6,2,0,-13,15,-3,-8,8
17/57,0,0,4,3,-2,-6,-8,-2,1,-5,-5,7,-3,6,0,-2,-2,-4,-4,0,5,-12,12,-14,10
8/109,0,-2,-3,1,-2,6,-5,1,4,5,4,5,-6,5,-6,-6,6,8,-11,-5,2,-1,4,-6,14
1/90,0,0,0,1,2,6,1,1,3,10,1,10,-5,7,-6,6,7,6,-14,-2,-2,15,9,-6,18
-2/353,-1,-2,0,-5,0,6,-4,1,-8,-5,-5,10,-5,4,-6,-10,-2,-2,8,2,2,-8,1,-8,-2
-3/77,0,0,0,-5,-2,1,5,1,4,0,6,7,-6,1,8,-11,9,-8,6,-15,-2,-4,-4,12,-12
-5/76,0,2,0,-5,4,-1,-1,-2,-9,4,-2,-5,0,-2,-3,10,-12,-11,-14,-8,-6,13,12,-15,13
13/25,0,2,0,-5,0,-7,-3,1,6,-2,3,10,-6,8,10,10,-4,-10,-12,4,14,-12,8,1,-12
82/27,-1,0,0,1,-5,-5,5,1,-3,-5,-9,2,-4,7,4,-7,-4,0,10,8,0,5,-3,-6,12
79/25,0,2,0,-5,0,6,6,-2,-3,-7,1,-2,0,-2,6,6,0,8,4,0,7,4,-3,3,8
67/26,0,-2,2,-5,-2,-2,5,1,3,-8,1,-8,-6,5,-6,-2,8,-10,-5,-12,0,15,-4,6,13
71/28,0,-2,3,-5,6,1,-3,-2,-3,4,-4,-7,-5,-6,0,0,-4,-8,3,-12,10,10,8,-15,14
-57/55,0,0,0,0,-2,6,1,1,-3,3,8,-2,-3,-4,1,-6,-4,6,2,-12,2,-10,2,6,17
-53/55,0,2,0,-5,-2,-5,-3,-2,1,-5,3,-3,-6,6,7,-10,2,-10,-3,-12,-6,-4,-4,12,9
101/38,0,2,0,0,4,1,-3,-2,-9,-5,1,11,12,4,0,6,6,-1,8,10,-2,11,3,-8,8
-35/43,0,2,0,1,-1,2,5,1,0,-5,1,-7,3,-12,0,-4,2,-1,4,3,11,-15,1,3,-5
65/87,0,0,0,3,-5,-7,1,1,6,-6,0,-2,0,-2,-11,-2,-2,-2,8,0,11,0,-15,10,11
71/90,0,0,0,1,0,6,-3,0,-4,3,-4,-5,-6,8,0,-11,1,8,8,-12,7,13,4,-14,8
71/93,0,0,-2,-5,-5,1,5,1,6,6,2,-1,12,-1,0,3,-12,-1,-6,-12,-13,-7,1,-7,3
19/62,0,-2,-3,1,0,4,5,1,-8,-5,2,-7,-6,-6,-8,6,-13,-10,5,-12,-13,8,0,0,-12
-71/386,0,-2,2,1,2,-5,-3,1,-3,-4,6,-2,8,7,0,2,0,8,-14,-12,11,4,0,12,-8
-69/385,0,0,0,-5,-2,-6,2,1,-7,-3,-5,-7,-4,-1,-6,-2,-4,1,10,3,8,8,-16,1,6
-71/385,0,2,0,-5,-2,-1,-4,0,6,-7,4,-2,-3,-7,1,6,-4,8,5,-12,2,-16,3,-15,-18
74/3,-1,0,-2,1,6,1,-6,1,-8,6,-10,-11,-1,-3,6,9,4,-7,-3,2,0,-6,16,-6,-12
740/31,0,-2,0,-5,-3,-5,2,-2,1,6,2,-11,6,-4,0,6,2,10,-4,-4,-10,-8,10,-1,-18
53/3,0,0,2,1,-2,-1,6,1,6,-5,-4,-6,-5,-9,4,-10,6,8,0,4,14,5,-16,6,2
72,0,-3,-2,1,2,6,-3,1,-8,3,1,6,-1,1,0,3,-4,-4,-4,2,1,13,6,18,-7
737/27,0,0,4,-5,0,-1,-3,1,2,2,-7,-8,3,2,0,6,6,10,-5,2,7,12,14,-10,-9
183/7,0,0,1,-5,-5,0,2,1,-3,6,-10,-2,8,4,12,-9,-4,-13,2,13,-6,-14,6,6,8
-31/46,0,-2,2,0,-5,1,-3,1,0,-4,-10,10,-7,-1,-11,0,6,5,-13,-15,-10,-15,12,6,-14
-67/17,0,2,1,0,0,-6,-2,1,-3,-5,2,-7,6,5,13,4,5,10,-5,12,-10,-12,-16,-8,17
-9/199,0,-3,2,-5,-1,2,6,1,0,-3,4,10,-7,-7,-8,6,-4,-10,4,15,10,6,4,2,10
-11/196,0,2,2,-5,0,0,6,-2,-3,3,-6,7,-3,6,0,-14,-10,10,-10,13,-4,-14,12,12,2
-11/956,0,-2,1,1,0,-5,-1,-2,6,4,-9,-2,0,1,8,4,6,6,0,-9,2,-16,6,-6,-14
-3/238,0,0,1,-5,0,-1,-2,-2,4,3,-1,-5,7,-2,-8,-10,2,4,-3,-15,6,-16,6,-7,14
-4/473,0,2,0,1,-2,6,1,1,-3,-4,0,-5,-1,-12,-10,-3,-2,-7,4,10,2,-1,-16,-12,1
-4/477,0,0,-3,3,6,2,-3,-2,-6,6,1,8,3,10,-2,5,-9,-6,12,-4,-1,8,-3,10,5
-5/321,0,0,0,-5,-2,4,5,1,-3,-5,-1,-7,-4,-9,-10,6,0,8,14,0,-11,8,-3,10,-6
-1/159,0,0,0,-5,-1,-5,2,1,1,-7,1,-5,-2,-4,1,5,8,6,10,6,0,8,9,18,12
-3/118,0,0,1,3,-5,2,2,1,-4,9,4,2,-6,-12,0,5,10,10,4,13,14,5,3,-14,18
-16/945,0,0,0,-5,4,-5,6,-2,-3,4,2,2,-2,8,0,6,-4,10,-5,9,-6,-14,4,6,14
-16/949,0,-2,0,3,-1,-2,5,1,-3,-7,-1,-11,-1,4,10,-3,4,-7,-10,5,-6,-16,-4,10,-7
-3/236,0,0,0,-5,2,-5,-1,1,3,0,-1,10,-4,-4,0,-11,10,13,8,15,-2,-16,5,-14,-14
-13/945,0,0,0,-5,-1,-7,2,-2,-3,-10,-9,-5,-6,-1,-6,-2,-10,4,-2,3,-13,-8,16,3,-12
-10/949,-1,-2,0,0,-3,-2,-4,-2,2,2,6,-2,-6,7,0,-6,6,10,6,13,-6,-15,1,-6,-14
-2/119,1,-2,2,-5,-5,6,-2,-2,3,0,10,-7,12,-1,-10,6,6,-5,0,-12,6,4,2,-7,17
-4/317,0,2,0,-5,-1,6,6,-2,6,-7,-9,-6,-3,-9,-11,-14,-4,-11,-12,14,-10,4,4,0,8
-15/289,0,0,0,3,2,-5,-2,0,-3,6,-1,10,0,-12,-6,-10,-4,-11,16,-12,-9,-1,10,-8,-18
-4/73,0,-2,0,0,-5,-6,-5,-2,-4,0,-7,-8,-6,4,0,4,-7,-11,2,-13,-6,12,-12,12,-2
1/56,0,-2,4,-5,-5,2,1,1,3,3,-5,10,-1,-4,0,6,0,5,8,0,7,2,-3,-15,16
-3/56,0,0,-3,-5,0,-1,-3,-2,6,4,4,-1,6,-1,-11,0,0,2,-2,-4,14,11,-15,-10,10
-107/40,0,2,0,0,-1,2,-6,-2,4,3,-9,2,6,8,3,-6,-10,13,4,4,-7,-8,-3,6,-5
-62/43,-1,2,0,0,4,-5,6,1,-3,-5,-10,10,10,-12,8,-6,-13,-6,-11,-1,-6,8,-3,-14,8
-401,0,2,1,-5,2,0,1,-2,-3,-4,-6,-1,8,1,3,-4,6,4,12,6,-8,6,-3,6,-8
-1992,0,0,-2,3,6,2,2,-2,-3,0,1,-1,-6,1,-3,-9,-14,-5,0,6,-5,-1,0,12,18
24/91,0,0,2,-5,0,-2,-3,-2,-4,-4,10,-2,-4,-2,8,10,6,13,12,-1,4,0,0,10,-1
21/88,0,0,2,1,-2,-6,1,1,1,0,-6,-7,-3,-9,4,6,-7,0,12,2,-5,10,16,12,-6
59/862,0,-2,3,3,-5,-5,6,-2,-4,-10,4,10,-6,12,0,6,-12,-2,14,4,-16,-16,1,-14,-9
16/215,0,-2,0,1,6,-6,2,1,6,4,1,-2,-6,-12,-6,-4,-4,4,-2,-12,6,13,-7,18,-7
64/861,0,0,1,-5,-2,-5,6,-2,3,0,-9,7,6,8,0,10,-7,-3,2,-2,-4,6,6,-3,-18
6/109,-1,0,2,-5,4,-1,-3,-2,-4,-3,3,-10,2,-1,-6,-6,0,-5,3,-9,2,8,5,0,5
7/110,0,-2,0,1,-2,6,2,-2,-8,2,0,-6,-1,4,0,-3,-11,4,-5,-1,11,-4,3,-6,8
-22/895,-1,-2,0,0,0,4,5,1,3,7,-8,10,8,6,0,-2,6,-13,-13,13,10,11,1,-14,8
-22/897,1,0,1,1,0,-2,2,1,0,4,3,2,-4,-6,-6,-11,1,13,-14,11,-13,8,0,9,13
-49/1791,0,0,0,1,0,6,-5,-2,-3,6,2,2,-4,4,6,6,-3,-13,4,8,10,10,-4,-6,-18
-48/1793,0,0,2,0,-2,-1,5,1,6,-1,-1,-3,2,8,4,-4,-2,5,10,-3,-10,0,15,-13,-2
-3/149,0,0,2,1,4,-6,2,0,2,0,4,-10,-2,4,-3,1,6,-1,0,14,1,-14,6,-7,-2
-8/299,0,-2,-2,-5,4,-2,-5,-2,0,-5,3,-7,0,-1,0,-10,6,-10,-12,-12,-13,13,-3,-2,8
-10/297,-1,0,0,1,-2,-5,2,1,-3,4,-9,11,12,0,-6,1,-1,2,-12,-9,-6,6,-4,1,2
-103/63,0,0,1,-5,4,-6,1,1,-8,7,-8,-1,0,4,4,1,0,6,2,12,-8,-4,11,-14,6
-109/69,0,0,2,-5,-3,0,-1,1,0,-1,3,10,12,-7,4,-4,-1,0,-2,3,7,-16,-16,-6,11
-105/67,0,0,0,1,4,-6,2,1,6,-1,1,-2,-9,-6,-10,3,11,13,0,0,-2,5,0,2,1
-9/101,0,0,0,-5,-5,1,-4,1,-4,-10,-9,-8,1,12,8,-4,6,-3,-2,-3,8,4,4,-6,2
-6/67,-1,0,3,1,4,2,-5,-2,-8,0,-5,-7,6,-9,-8,-2,-14,0,0,-3,-16,1,-16,1,2
-12/101,0,0,0,3,4,-5,6,-2,4,-3,-1,-5,6,-4,12,5,-7,6,-12,8,-4,10,2,-9,9
37/2,0,-2,4,0,-1,6,-1,1,3,-2,3,-11,-9,4,-8,-2,0,-10,8,5,-2,-14,12,10,8
149/8,0,2,2,1,0,-5,-3,1,6,6,2,2,-3,0,2,0,-13,-4,-13,4,2,5,8,-1,3
-21052,0,-2,-3,-5,-1,-5,5,1,-6,-7,-4,8,-7,-6,-1,6,-9,-12,14,-15,-1,-4,12,2,9
-21053,0,2,-2,3,-5,6,-1,1,-3,4,-9,-11,12,-6,-7,1,0,1,8,-12,8,1,8,-7,-1
-38/91,-1,2,3,-5,-1,-2,2,1,-3,-4,10,10,-6,-6,0,0,-4,-2,11,0,11,-12,-3,-12,7
-15/31,0,0,0,1,-1,2,2,-2,-3,6,2,-2,-7,-12,0,-11,9,4,8,-4,-5,8,-15,10,-8
43/20,0,-2,0,1,2,-5,2,1,-3,0,-9,-8,0,-1,0,-4,-9,-12,-4,-4,4,-10,-16,-8,-6
-13/3415,0,-2,0,1,-3,-7,5,-2,-8,-4,4,-5,6,8,8,-12,4,13,0,14,-13,-9,1,-8,2
1/379,0,2,1,0,0,6,1,1,-8,6,-5,5,0,8,-11,2,-13,2,-12,4,-6,-1,-3,18,2
-3/59,0,0,-2,1,-1,6,-5,1,-8,-8,2,-2,-3,0,-6,-4,10,10,-14,-3,10,-6,12,6,-10
-17/292,0,2,1,-5,6,-5,-8,-2,-3,-4,-9,-3,0,8,-7,3,6,1,-12,-5,-6,-1,-13,-13,-4
-12/293,0,0,0,-5,-2,0,2,1,6,-2,-1,-8,-9,1,-11,-2,4,10,-10,-6,2,13,4,12,14
-13/293,0,2,2,1,2,-7,4,1,2,6,10,6,8,8,-2,10,-11,-8,4,9,7,-1,-4,6,11
55/89,0,-2,0,-5,0,-5,4,-2,-4,9,-7,-5,-7,-1,0,1,-4,-7,-5,6,-13,-4,2,-8,-5
31/57,0,0,-2,3,6,2,-3,-2,3,-1,-10,5,6,-10,0,4,-14,8,-14,4,7,-1,12,10,3
14/31,1,-2,1,1,-3,-5,4,-2,-9,6,2,-5,2,-4,12,10,-4,6,3,-5,4,-16,16,12,-18
89/72,0,0,-3,1,-1,-1,4,-2,-4,-2,3,10,4,4,0,-2,-7,-6,-8,-3,2,10,0,-13,2
-103/33,0,0,2,1,-2,0,4,-2,-3,-2,-9,6,-6,-4,-1,6,-4,10,-4,-4,6,13,-12,12,13
-15/541,0,0,0,3,0,1,2,-2,-6,4,1,-7,-3,12,0,6,2,6,-11,15,-7,10,-16,-6,-14
-18/539,1,-3,0,-5,-2,2,1,-2,1,4,-1,-2,-6,12,-8,-6,-12,10,-14,14,2,-15,4,-14,-2
-4/267,0,0,0,3,2,-5,5,1,-8,0,-8,10,-2,4,0,-6,-7,1,11,12,11,8,15,-8,-2
-9/268,0,-3,-3,1,2,6,5,1,0,6,-4,7,0,-12,-1,11,-1,1,0,3,2,-16,-12,1,-3
-17/541,0,2,0,1,0,-6,-8,1,1,6,2,-7,3,-9,1,-4,6,2,-3,-13,-13,-14,-13,-14,2
-3/178,0,0,1,1,-3,-5,-5,1,1,0,3,10,8,8,12,-9,6,2,4,4,-11,9,3,-8,-14
-47/83,0,-2,0,-5,4,2,5,1,6,3,-1,-2,0,6,-8,-11,-14,-7,0,-1,2,-14,-16,-15,-18
-41/80,0,-2,0,-5,-5,6,5,1,-3,10,-9,-11,-4,-7,1,-10,-4,-1,-12,-4,2,11,6,12,13
-44/79,0,2,2,1,0,-5,-3,-2,4,7,3,-1,-6,4,0,-3,6,-7,-12,14,-2,-8,17,-7,-5
-43/79,0,-2,-2,3,2,-1,-1,-2,-8,0,1,-2,4,-1,12,-11,0,10,-12,-15,-9,-8,-16,18,9
53/48,0,0,0,3,4,1,2,-2,-3,6,-7,-7,-1,4,12,-10,6,-2,-5,0,7,-1,6,-6,13
103/100,0,2,0,1,-3,2,-3,-2,6,0,-4,-1,6,6,0,-2,-5,-3,-6,0,-16,8,-7,-6,10
-57/97,0,0,1,0,-5,2,-3,1,3,5,-5,-8,-4,6,0,-10,2,8,12,0,-11,-12,-16,6,4
-55/97,0,-2,0,1,0,-6,5,0,1,0,-7,5,10,4,1,0,6,8,-10,-4,6,-8,12,-14,4
37,0,2,-3,1,-3,4,2,1,4,-5,6,-11,0,4,6,-4,-3,1,4,-3,-8,5,-15,-12,10
-401/6,0,0,1,1,-5,-1,-3,1,2,-2,-8,8,-7,-12,-6,1,-2,-7,4,13,-10,8,12,-12,-18
-197/2,0,-2,2,3,2,6,6,1,-3,5,1,-1,-5,4,11,-12,9,-12,-12,-12,0,-11,3,9,2
52/51,0,0,0,-5,0,-7,-2,1,-3,-4,0,-7,-6,7,1,-2,8,8,-3,15,2,-10,7,-17,-14
107/105,0,0,0,-5,4,1,-3,1,6,3,-9,10,10,-1,8,0,0,4,-14,-9,-11,-1,6,6,-9
108/103,0,0,0,1,4,-1,-5,1,4,3,8,-2,-1,-10,-8,6,7,-11,10,14,11,5,4,-6,11
-29/23,0,-2,0,3,-3,2,5,-2,0,-10,1,-5,0,4,7,-2,11,5,9,-12,5,-8,-4,1,13
-29/24,0,0,1,1,-1,-5,-3,-2,-8,-10,-9,-7,12,4,0,-3,6,-10,4,5,11,8,2,0,10
-45/7,0,0,0,-5,-2,2,-3,1,6,-4,-4,-7,-6,-12,0,-2,-2,-4,5,-12,-6,8,4,8,5
-43/9,0,0,-3,3,4,2,3,-2,6,0,-5,-11,-6,-1,6,9,2,2,8,-5,-5,-1,6,8,14
-41/12,0,0,3,3,-2,0,5,-2,6,0,-7,-8,-4,-10,-8,-3,-9,-8,-8,9,2,-15,4,6,10
68/15,0,0,0,-5,2,-5,-8,1,-8,7,10,10,10,8,8,-3,-11,-2,2,0,4,6,12,-1,10
-55/64,0,-2,0,0,0,1,4,-2,3,6,10,-11,-3,0,0,1,0,2,4,-3,-6,-9,-3,6,-14
-57/62,0,0,2,0,2,-6,4,1,6,6,2,2,8,4,-6,6,7,-13,8,14,-1,-14,3,10,-12
-57/40,0,0,0,-5,2,-5,3,1,-8,-5,-10,10,6,-10,-6,-4,5,0,-14,-5,2,5,6,18,8
81/95,0,0,0,0,6,-5,2,-2,0,0,-7,-7,-7,4,1,3,-7,-6,-10,14,-6,-12,6,-16,8
-3/377,0,0,0,3,6,-2,3,0,-3,-6,10,2,2,-3,0,-4,4,-2,-12,13,-4,11,17,-12,13
-1/375,0,0,0,-5,6,6,3,1,-3,6,1,-7,-3,-6,2,5,-14,-1,-4,-15,-13,-1,2,-17,-6
-5/379,0,2,0,1,6,-5,3,1,6,-5,8,-7,6,-4,8,-10,-4,-1,-12,8,2,8,-9,-14,3
-9/1871,0,0,4,1,-1,-1,-3,1,-9,4,-6,2,-6,-4,2,6,6,8,2,-5,0,6,-10,-7,-7
-10/1871,1,2,0,1,-5,2,1,0,-6,0,4,5,4,1,3,-10,-9,4,-12,8,2,-10,15,-6,13
-8/1869,0,0,3,-5,0,6,-3,-2,4,6,6,-2,0,5,12,9,-4,-6,-2,10,-11,-6,-7,-8,10
-10/1873,-1,-2,0,0,-3,1,-3,1,-4,-2,-10,-1,7,-3,-6,-4,7,-3,3,-12,2,-16,2,3,-2
-1/75,0,0,0,-5,2,-1,6,0,-9,-5,10,7,1,-1,12,0,-9,13,8,8,-7,-11,12,-12,2
-302,1,2,-3,1,2,2,-3,1,-4,-5,-1,-1,7,10,-6,6,0,-5,12,8,-5,-10,12,12,14
-605/3,0,0,0,1,0,0,-3,0,-3,4,-5,-2,-6,10,4,6,-1,-8,2,-15,-16,4,1,6,-12
-305/3,0,0,0,0,-5,4,-5,1,-8,-3,3,-10,0,-1,-6,-9,-11,-13,-3,-12,-14,-9,15,-8,-2
-92/7,0,2,1,-5,-5,4,3,-2,-7,7,-5,-2,-7,-10,0,-6,-4,13,8,-12,-10,-10,-3,2,17
-95/4,0,2,0,1,-5,6,-5,1,-3,-1,0,-8,-9,6,-6,6,-5,-8,6,4,-2,4,16,4,5
55/48,0,0,0,0,0,-1,-1,1,-6,0,4,-2,-7,7,-6,6,-1,8,4,-9,2,12,12,3,-8
83/38,0,2,0,1,6,-5,-3,-2,0,-4,3,-7,0,6,-6,-6,2,8,12,3,-2,8,0,3,13
103/95,0,-2,0,3,6,1,6,-2,-9,-7,-5,-5,-4,8,6,-12,0,5,-12,6,-13,-4,3,-14,9
109/92,0,-2,0,-5,0,-5,4,1,0,4,0,-8,2,7,-11,-6,0,4,4,-15,4,-8,6,-6,-7
-45/52,0,0,0,1,-3,-2,-5,1,0,6,-1,-10,-7,4,-6,-2,6,-1,10,7,12,13,-8,-7,8
-44/51,0,0,4,1,0,-5,-2,0,-3,-1,-10,10,-6,8,0,-9,10,2,14,14,-13,-14,0,10,-2
-88/103,0,-2,1,1,0,2,2,1,-3,0,4,10,-4,-4,13,7,6,-13,-4,-2,-7,-8,3,-12,2
-46/51,-1,0,1,-5,2,6,-2,-2,-7,3,2,10,6,2,-8,-4,-5,1,16,0,2,4,-12,12,8
-87/106,0,0,-3,-5,0,0,-3,1,6,-10,1,-5,-7,9,0,5,6,0,-4,-9,-6,9,6,3,3
-84/107,0,0,0,1,2,4,1,1,-4,3,-7,-2,-5,-3,-6,-9,-4,8,0,-9,6,-16,6,2,10
-11/14,0,-2,2,-5,0,0,5,1,4,6,-4,5,6,4,-11,1,-1,-5,11,5,-10,8,-12,18,8
-67/86,0,2,2,-5,2,1,4,1,-3,0,-1,-5,-6,-12,-4,-10,-11,8,-5,3,-13,6,-10,-1,9
-91/90,0,0,0,1,-3,-7,-4,-2,3,-10,-1,6,-5,12,7,10,0,-11,5,5,-1,8,-5,-6,-2
-92/89,0,-2,-2,-5,4,6,5,1,-7,-5,1,-2,-7,-2,6,4,0,-10,10,-1,0,-8,-16,-8,-2
-97/86,0,2,-3,-5,6,-1,2,1,-4,10,-5,-3,0,-12,-6,-12,10,10,2,4,2,-11,2,-15,8
-48/43,0,0,2,0,-3,2,-5,-2,-6,0,-9,6,-6,-12,-8,-4,5,-5,-12,3,7,-8,2,-14,17
-71/62,0,-2,2,0,-3,0,-4,0,-4,-2,2,-7,-7,4,0,-6,-2,8,-12,-12,-11,10,-1,1,2
-33/32,0,0,4,-5,0,2,-3,1,0,-10,-4,2,-1,10,0,7,0,-7,-11,11,14,15,6,-10,10
-93/35,0,0,0,-5,-2,6,-4,1,-8,0,-10,-6,-5,-6,-6,-2,-13,-11,-4,0,11,1,0,-6,2
-300,0,0,0,0,0,6,-5,1,-4,3,1,5,4,-6,-3,6,-1,-1,-14,5,-13,8,1,-3,13
-608,0,2,2,0,0,1,-3,1,-3,4,3,-2,-9,4,-7,6,2,2,-6,-15,0,2,10,8,7
-606/5,1,0,0,1,-1,2,-3,1,-8,-10,-5,-8,10,-4,2,-10,4,13,14,-15,-2,10,-16,-9,-14
95/9,0,0,0,1,-1,6,2,1,6,-5,-1,11,1,-6,0,-10,6,-6,0,11,-2,13,8,-8,14
47/71,0,2,3,-5,4,2,-1,1,1,-5,10,-7,-2,4,-8,-3,4,-5,-6,4,-1,-1,0,-14,-8
-76/85,0,-2,0,0,4,-5,-2,1,-3,0,-7,-7,-7,4,0,-2,-4,8,12,6,-4,1,4,8,7
47/36,0,0,0,-5,-5,-6,5,1,-6,6,-4,11,-9,0,-8,-2,0,-5,-14,16,-5,4,12,-4,-2
-49/71,0,2,4,1,6,6,6,1,6,2,-4,-8,-6,4,-6,0,-5,-4,4,4,2,8,17,12,2
-48/73,0,0,1,-5,-5,6,-3,1,3,7,-8,10,-3,8,6,-10,4,-8,-14,-9,-6,-14,6,3,10
-43/13,0,-2,2,0,2,-2,5,1,6,3,3,-6,3,-1,3,5,13,1,2,-12,-7,10,-1,18,-14
-44/7,0,2,-2,-5,0,1,4,-2,-4,-7,2,7,2,-4,1,-10,0,-1,-12,0,-11,-5,-3,-12,2
-60/89,0,0,0,1,2,-5,-6,-2,-4,0,0,5,8,1,-8,6,6,13,-2,0,-13,6,-16,-8,-18
-29/41,0,-2,4,0,2,-5,-3,-2,-3,-10,-7,10,6,-10,0,-6,0,4,-7,-4,10,11,-3,-1,2
-29/42,0,0,0,-5,0,6,1,-2,-3,-10,3,-7,-6,1,1,1,-13,13,-5,2,-13,-11,-4,1,9
-1/77,0,2,-3,-5,-2,2,5,1,-4,5,-6,-8,-2,0,0,-9,-11,-10,8,14,-4,1,-3,-1,-14
-2/459,1,0,-2,3,0,-6,-2,1,6,-5,-8,11,10,4,1,-10,2,-10,-13,-2,-4,5,6,-12,-6
-3/460,0,0,0,-5,4,0,2,1,0,-5,-9,-5,0,6,12,-9,-11,-4,12,-1,-2,-6,17,-14,-2
-2/231,1,0,-2,-5,-2,-5,-1,1,-8,-7,-1,-2,-7,8,-8,-2,-12,-2,-8,4,12,-14,-15,-8,3
1/229,0,2,1,3,4,-5,5,0,-4,3,-9,-5,-6,4,8,-2,-12,-13,-8,15,2,-15,8,-3,12
33,0,0,-2,-5,0,6,3,-2,6,-2,-6,5,-2,4,-2,-11,13,-2,12,-9,-11,13,-10,-6,14
101,0,-2,2,3,-1,2,3,1,-3,3,-1,11,-3,9,0,1,-12,6,-10,14,0,-7,-4,10,-2
167/2,0,2,4,3,-5,6,1,-2,-8,4,6,-6,-7,-10,1,-14,-1,1,4,-7,-6,5,-4,-9,6
-55/43,0,-2,0,0,0,-1,-4,1,-8,2,-4,-10,-3,-12,4,-11,4,-11,12,15,11,0,0,-3,-7
-605/2,0,-2,0,1,0,1,6,-2,6,-7,1,-8,-6,4,-7,6,6,-2,4,-4,10,-14,7,6,10
-303,0,0,-2,-5,4,-1,2,0,-9,4,2,-6,6,-2,-4,-3,-4,2,-12,0,11,6,8,3,-12
-203/4,0,2,3,1,4,4,-3,-2,-3,-10,10,2,12,10,-6,6,8,-13,12,9,-6,-16,-3,-1,2
-207,0,0,3,3,-1,2,2,1,-7,-2,1,-2,-9,12,0,-7,-4,1,-14,0,12,-9,-4,-8,-8
-250/3,1,0,0,3,-5,6,-3,1,-3,2,-1,-2,7,-6,-8,-7,-11,5,8,-15,11,-7,-8,1,12
-245,0,2,0,1,0,0,-1,1,6,4,3,2,-6,-1,6,2,-5,0,5,-15,-6,6,-6,-2,12
-103/2,0,2,0,0,0,6,-3,1,2,0,-9,-8,10,-1,11,6,-3,6,-2,5,-13,9,-16,-15,9
-73,0,-2,0,-5,-3,-5,6,-2,-9,3,-1,8,8,-1,0,-11,6,-10,-14,-13,-11,5,10,-1,-5
-3/14,0,0,-3,-5,6,2,4,1,6,-4,-6,10,8,4,-10,-6,6,-7,-6,-2,-9,13,-6,2,3
-17/54,0,0,0,-5,2,4,-8,1,6,-8,6,7,-6,-6,7,3,10,-1,-8,2,-6,11,1,18,-3
43/10,0,2,0,-5,-5,1,-5,-2,6,9,-9,-2,-2,-1,6,0,6,2,12,5,-13,13,-11,18,-18
86/17,-1,2,-2,3,4,0,-2,-2,-3,-5,4,6,-3,-1,0,-4,6,-5,2,-15,4,-4,6,-15,18
86/19,1,-2,1,1,0,2,-4,-2,-3,5,-4,-11,-1,-1,0,-6,0,-1,12,10,-16,-4,4,3,3
-6/77,1,0,-2,-5,-2,-6,2,-2,-3,-10,3,6,-3,9,0,5,0,1,14,-8,4,-16,11,6,-7
-45/32,0,-3,0,0,-5,6,2,-2,6,3,8,-7,-6,12,-7,-10,2,4,-12,16,-4,5,-11,2,-18
-89/58,0,2,2,0,4,-1,2,1,2,-6,1,-1,-7,-6,6,-2,-14,-4,-6,8,5,-14,12,-13,-12
-123,0,0,0,3,0,6,-3,-2,-3,6,2,-7,-4,-4,-6,3,-1,0,12,3,12,8,-3,12,7
-182,1,2,3,1,4,-7,2,1,6,0,-10,-2,2,4,12,-4,-1,10,11,-15,-8,10,-9,0,0
-362/3,1,0,4,3,-3,-5,-3,1,6,-4,-2,-2,6,4,0,1,-7,-10,-8,-9,-16,10,-16,-6,-3
-181/3,0,0,-3,-5,-1,-1,-6,-2,-3,-5,3,2,6,4,-6,6,-4,-5,-10,-1,-8,-4,-16,-9,-10
-13/92,0,2,0,0,4,-7,2,-2,0,0,-9,2,-1,2,-10,-3,-14,4,4,6,-6,8,-12,12,2
-11/1163,0,-2,2,3,0,-1,-3,1,6,-4,-5,-10,-7,8,0,-2,0,1,-3,-3,2,1,6,-10,10
-4/389,0,2,2,1,6,-5,-6,1,6,3,10,6,6,-2,0,1,0,1,9,11,12,12,-4,-12,-1
-1/130,0,-2,0,-5,2,-2,2,-2,-8,-7,-5,6,0,10,-10,-9,-1,8,-14,0,-7,-16,12,-10,2
-952,0,-2,-3,1,4,2,-8,-2,4,-4,-5,-5,8,4,-6,-6,-4,13,14,12,-13,4,-13,0,11
-3811,0,-2,2,-5,2,4,2,1,3,-5,-6,-11,-7,8,-6,-7,-12,10,10,16,-13,-14,0,-1,-10
-1907/2,0,-2,2,1,0,0,1,1,-3,-10,1,11,10,-7,4,-2,-1,1,0,3,-7,-9,11,-12,1
-1906/3,1,0,-3,-5,6,-6,2,-2,-3,6,-9,-1,-9,0,0,3,0,-13,9,-15,2,-8,11,0,3
-545,0,2,0,0,4,2,3,1,3,-4,-9,-5,-4,-7,11,-6,6,-13,-8,16,-10,-14,4,9,10
-1272,0,0,2,1,-3,0,2,0,-6,-2,1,5,12,-6,0,-10,-13,-1,12,0,14,6,10,10,14
-1270,1,-2,0,-5,2,-5,2,-2,6,-4,2,-7,-6,4,-8,-6,2,-4,10,-12,8,6,-3,1,13
-950/3,-1,0,0,3,2,-5,6,1,-3,-5,-1,-8,6,-1,0,3,6,1,4,0,4,0,-3,-14,2
-1/64,0,-2,0,1,2,2,-3,1,4,-3,0,2,6,4,7,-10,-4,-11,12,-12,-13,-14,-1,2,2
38/67,1,-2,2,1,4,-6,-3,1,0,4,-1,-2,-2,-2,-11,-11,9,2,0,15,-4,-12,-3,10,17
37/66,0,0,3,3,-2,4,1,1,-8,4,8,-11,-1,-3,0,-9,0,-3,-12,-3,10,-8,1,-13,1
-7/184,0,-2,0,1,2,1,-3,-2,0,-5,10,10,-6,10,6,-10,4,-12,16,14,8,10,-16,-4,13
43/47,0,-2,1,3,4,6,-6,1,-4,-2,-2,-2,-6,-1,3,-4,-2,-2,16,4,-4,10,6,9,17
-5/123,0,0,0,-5,-2,2,2,-2,6,7,-5,-2,6,12,-3,-12,4,-13,4,12,-13,-9,3,-10,10
-91/108,0,0,-3,1,4,-7,3,1,-3,6,-9,10,-6,4,0,-12,-11,1,4,-12,12,8,0,10,-18
-2/105,-1,0,0,-5,4,4,2,1,4,4,-5,-7,8,-6,1,-6,2,-11,2,6,-6,5,14,10,-5
-6/103,-1,0,-3,3,-3,-6,5,1,1,-2,10,-5,-4,6,-6,-6,-12,4,12,3,-1,15,-3,2,8
-27/25,0,0,0,1,-1,2,2,1,-8,3,-1,-6,0,1,-3,6,4,10,8,-9,6,1,3,10,12
-76/9,0,0,0,-5,4,-6,4,1,1,-1,-9,-2,4,-4,4,4,4,-7,4,-15,4,-14,10,2,8
15/61,0,0,0,3,0,-6,-1,1,-3,-4,4,5,-1,12,-6,-3,-3,-4,5,-12,-2,-6,7,6,8
21/62,0,0,-2,1,-2,-6,2,1,-4,-1,2,2,-6,-1,8,2,0,-5,-5,-9,-4,-7,12,8,-14
59/84,0,0,2,-5,6,6,-4,1,3,3,-8,-2,8,6,-6,3,-12,-7,-14,-8,12,4,0,6,-12
59/83,0,2,-3,-5,0,-5,-3,-2,-9,6,-1,5,-6,4,-11,-11,-12,-4,12,-8,2,-1,-16,-8,-7
27/44,0,0,-2,3,-2,-5,4,-2,-8,-2,-1,-7,8,2,-6,11,0,2,6,-8,11,5,-13,9,14
31/41,0,-2,0,-5,0,-1,-6,1,-8,-4,-10,-2,6,-4,1,1,-1,10,-11,6,2,1,2,3,8
-5/41,0,-2,0,-5,0,-5,-4,-2,-3,-7,0,-2,6,0,10,-6,6,-1,2,10,-6,-8,10,1,14
49/16,0,2,2,1,-5,6,-6,1,-6,2,-5,-5,12,4,12,5,-4,-7,1,2,4,-14,8,3,9
93/35,0,0,0,-5,0,-6,-3,-2,6,4,-10,-7,-6,-1,-1,-2,13,2,-6,-4,0,-10,-4,-14,2
-370/7,1,-2,0,-5,6,2,2,1,-8,4,10,-11,0,2,0,-6,8,1,-6,-12,-6,-14,-4,-6,-6
-184/3,0,0,-2,-5,-5,-5,4,1,-7,4,3,-7,-9,-3,0,-2,-3,-11,16,-4,-7,5,-16,-6,-3
13/70,0,2,0,-5,2,-7,5,0,-3,-10,-8,-1,6,-6,0,9,2,-2,-2,-1,-14,-14,12,6,-12
15/73,0,0,0,-5,6,2,2,-2,-8,4,2,-7,-6,-2,12,-2,0,2,-5,2,-6,5,-16,-12,-2
89/779,0,2,0,1,4,0,-1,-2,-3,3,1,2,6,6,-8,-9,-4,5,2,0,4,8,-16,-13,13
92/781,0,-2,3,1,-2,2,-1,1,-7,-5,-5,5,-6,8,0,-3,-11,-2,4,4,-1,-14,1,18,8
43/390,0,0,0,3,-1,-2,-3,-2,-8,10,3,-8,-5,-1,10,3,0,-7,-12,8,0,-8,0,10,17
29/257,0,2,-2,3,6,6,-5,0,-3,-10,8,-8,6,-7,-8,1,0,-5,0,-15,10,5,-3,6,10
15/127,0,0,0,0,0,-5,-3,-2,3,-2,-5,-1,-6,-7,6,-2,2,-5,-14,-8,-14,8,4,-4,5
17/127,0,-2,4,3,-5,1,-8,-2,3,7,4,-2,0,-1,-3,4,-11,6,2,-9,10,0,-16,1,13
44/387,0,0,-3,0,0,6,-5,1,1,4,-5,-7,-9,-12,-1,6,-2,-1,8,8,-13,-9,12,-6,1
46/387,1,0,-2,1,-5,0,2,1,-7,6,2,-1,-9,-12,0,3,-14,13,2,-12,2,-10,-4,6,-3
5/66,0,0,0,-5,-2,-5,-5,1,2,-8,-5,-8,-2,-9,0,-11,-13,10,-6,-8,-6,-9,8,-14,2
10/67,-1,2,0,1,6,-5,1,0,6,3,-6,-7,0,-1,-8,-2,6,-8,0,-9,-6,-6,6,-7,-2
93/89,0,0,-3,1,4,6,-6,-2,-3,5,-10,-2,6,12,11,9,11,-11,4,-4,14,13,3,-8,5
-53/46,0,2,3,1,-5,4,2,-2,0,-7,-9,11,-6,7,12,-10,-1,10,2,3,-1,-1,3,-10,-2
-52/47,0,2,2,-5,-5,-7,-3,1,-8,10,-1,-2,-6,6,3,-2,-12,-13,5,0,-13,-6,3,-12,8
8/91,0,-2,0,-5,6,-2,1,-2,-3,-7,-9,10,10,-10,1,1,-11,-7,12,2,-6,12,11,6,-1
-125,0,2,0,0,4,-5,5,1,-3,7,1,5,-9,-1,-11,-12,0,-6,2,-4,7,13,4,3,-10
73/22,0,2,2,3,-2,4,4,1,-9,-7,4,-2,0,-6,8,-2,4,-13,-2,4,-11,8,1,0,2
142/45,-1,0,0,3,6,0,3,1,-9,-1,10,11,2,7,0,-9,-4,10,1,-12,7,13,2,-8,8
1/5620,0,2,0,1,6,2,6,-2,-8,-3,2,-7,-6,4,0,-2,6,-5,8,4,1,15,6,10,-6
2/5619,-1,0,-2,1,6,-5,-3,-2,-4,-5,-1,10,-6,-4,-3,-6,-7,-1,4,-4,1,8,-7,8,-10
-3/2810,0,0,0,1,2,-5,-3,-2,-3,4,-1,-7,-9,-6,12,11,10,-7,5,-12,11,10,2,12,8
-34/77,-1,2,-2,-5,-2,-5,-8,1,-3,6,6,8,2,10,4,1,4,-11,-3,-3,0,-4,0,6,-10
-34/79,1,-2,1,-5,4,-5,-8,-2,-3,-8,-4,-2,6,7,-6,-3,6,10,14,-12,-2,-8,-7,-9,18
-8/27,0,0,4,0,4,-5,-5,1,-8,-2,-6,5,-3,-2,-6,-4,-11,-4,-13,15,-13,9,9,3,2
-17/53,0,-2,0,0,-2,-1,-8,1,4,6,-9,6,-7,4,12,5,0,2,8,-12,-6,13,3,-6,-6
-1/694,0,-2,4,1,6,-5,-5,-2,-8,6,10,5,-6,8,-10,4,-4,1,14,15,-6,-10,8,-8,-8
5/2084,0,2,0,0,-5,4,-4,1,6,-4,-1,-7,-1,7,-6,3,6,4,-4,-4,2,11,12,1,-19
2/2087,-1,2,4,1,-2,-5,-3,1,-3,-1,-7,-5,6,6,4,6,-4,-2,-13,3,14,2,-3,-14,13
7/2082,0,0,2,1,2,2,2,-2,4,2,-1,-10,-7,-2,-8,-14,9,-7,2,6,-1,-11,11,6,-14
5/4163,0,2,0,0,-5,-6,-5,1,0,9,-10,-5,-6,4,-6,-6,0,2,10,-12,-10,15,-16,-2,-2
1/1041,0,0,0,3,0,2,-3,-2,0,3,10,-2,-6,0,-6,-2,-14,-1,-10,-12,4,-4,-4,-3,-3
-1/1042,0,-2,-2,0,-3,-6,-1,-2,-3,6,-9,-1,-6,6,0,1,5,5,4,-12,11,10,15,-10,13
3/2086,0,0,-3,-5,-1,6,-3,1,-6,9,-8,-11,-3,-4,-6,6,-7,-1,12,-12,-6,1,6,10,14
-8/151,0,2,2,-5,6,6,-3,1,6,-10,-6,-7,-4,2,-6,-3,8,-1,-14,6,-1,8,-16,-12,-2
-16/61,0,-2,1,0,-5,-5,6,1,6,3,4,-11,8,1,11,-6,-4,-4,8,14,4,15,14,-15,2
78/41,-1,0,-2,1,4,-7,3,-2,1,0,-1,8,6,-1,1,2,10,8,-11,15,-16,0,10,12,-5
73/37,0,2,1,-5,6,-1,-3,-2,-4,7,2,-8,-2,4,-6,0,0,8,0,6,-11,-9,-4,-17,-5
89/782,0,2,0,0,-5,6,-2,-2,0,-1,-9,-2,6,4,8,-6,-2,-5,4,-3,14,-14,3,-13,-1
89/778,0,-2,0,-5,4,2,3,1,6,-5,-5,-2,-3,4,0,-3,-4,8,-14,4,0,-6,-1,-13,-1
11/97,0,-2,0,3,0,-5,-3,1,-6,-2,-9,5,-9,-6,-6,-10,-11,2,5,6,5,-5,3,2,4
45/388,0,-3,0,0,-3,2,-6,1,6,-5,-4,-2,-1,4,8,0,0,-1,-14,8,7,8,3,-14,4
23/195,0,0,0,-5,4,-2,2,1,-7,-5,6,-1,10,-6,4,6,6,8,8,11,6,-8,6,-12,6
37/49,0,2,0,-5,-2,-5,1,1,-4,-5,-8,-11,6,10,-8,-14,-14,2,1,-12,-10,13,-3,10,-9
-24/61,0,0,0,-5,4,-6,4,-2,-8,0,-2,7,-9,-1,12,11,-4,-4,11,-9,-13,-8,6,-9,14
-13/31,0,-2,0,-5,-5,-7,-1,-2,3,-5,2,5,-4,-10,8,1,-9,4,-12,3,7,-16,2,2,-14
7/53,0,-2,1,1,-1,6,6,-2,-3,4,-9,-8,-5,2,6,5,0,-8,12,2,6,10,16,0,-14
-4/1469,0,2,2,-5,-2,-2,2,1,-3,-5,1,-10,-3,0,-11,-2,7,-3,-12,15,-7,-12,-16,-10,-10
-44/53,0,-2,0,3,0,-5,6,-2,-4,5,-4,-7,10,6,-8,5,10,-11,5,-12,2,4,0,-1,8
-14/2931,-1,0,4,1,2,0,5,0,-8,6,2,2,4,-2,1,3,-4,-11,4,-12,12,0,-4,-14,-1
-10/2931,1,0,0,-5,0,6,4,-2,-4,-3,-1,-2,6,-6,-11,-10,4,-6,0,-15,6,-14,4,18,11
-11/2938,0,2,2,1,0,-2,5,-2,-8,-7,6,-5,-2,4,0,1,-2,-1,3,-3,8,6,-8,9,-7
-1/267,0,0,-2,1,4,4,1,1,6,-3,-9,5,-9,-10,3,-4,0,1,12,-6,-10,8,2,-8,-1
40,0,2,0,-5,4,2,-5,1,-8,4,-5,-2,12,4,10,-10,7,6,0,15,5,1,-16,-7,8
85,0,2,0,0,0,6,-8,1,-6,-1,1,10,3,10,-6,-11,-13,13,0,0,12,5,12,0,-12
-79/18,0,0,-2,3,2,-5,-5,-2,6,2,10,-5,-9,-2,10,6,6,0,2,-15,4,4,0,5,8
-11/92,0,-2,2,3,0,0,-3,-2,0,0,3,-7,3,5,-3,11,0,-7,4,4,14,11,-3,-15,-3
15/37,0,0,0,-5,-5,6,2,1,2,7,10,-8,0,-10,3,10,-2,8,12,-8,7,6,12,-6,-5
-32/21,0,0,-2,-5,6,-1,-4,-2,-6,-2,-4,10,-6,8,0,-3,10,13,1,10,10,5,6,6,-14
-47/34,0,2,2,-5,0,6,-2,-2,6,-5,-5,-6,-5,-4,-8,-9,-12,-13,0,5,4,11,4,0,-6
-19/79,0,-2,2,0,4,6,-5,1,-3,-4,-1,10,6,9,-8,-6,-2,1,11,12,7,-8,-9,-15,2
-23/79,0,2,0,1,4,1,4,1,-7,0,-9,-7,0,5,0,1,9,-11,4,0,2,-8,0,1,2
-13/86,0,2,2,-5,-5,-7,-3,1,2,9,-2,10,-9,-12,-11,-6,-7,-10,1,-3,1,-10,2,12,-7
2/1407,-1,0,0,-5,0,-5,-3,1,1,-2,-9,10,-6,8,-6,-9,-13,4,0,-12,2,8,4,0,-2
2/1405,1,-2,0,1,-2,0,5,-2,-3,-10,-7,6,-4,-4,6,-14,-4,10,4,-9,-13,-6,-8,10,-1
-1/700,0,-2,0,-5,-2,6,5,-2,-6,6,3,-7,0,-4,11,-10,-3,-5,-10,-12,14,15,-3,-1,-2
2/469,1,-2,-2,-5,4,0,1,1,-3,-5,4,-1,8,8,0,5,0,10,0,3,-16,1,-16,-1,0
1/935,0,-2,0,1,-2,6,-2,1,-4,-2,-7,2,-6,-3,0,-2,-4,-6,-11,0,10,5,12,0,17
-5/702,0,0,0,0,0,-2,3,1,-3,-2,1,-2,12,9,-2,2,-5,8,3,-9,-13,-1,-15,6,-2
1/702,0,0,0,-5,4,-2,1,1,6,-4,-1,7,-2,4,-11,-6,9,2,2,0,-1,8,0,1,-18
-4/561,0,0,0,3,-2,4,-2,-2,-4,-5,-5,-11,0,-2,0,-7,-4,-11,-12,-15,-13,12,-7,0,-3
-1/563,0,2,-3,1,4,1,-3,-2,6,-5,6,5,2,-9,2,6,10,13,-6,-4,-6,6,12,0,12
3/283,0,0,0,0,6,6,-3,1,3,-5,-2,2,-4,8,-7,10,4,2,-13,-12,4,4,3,10,17
1/1121,0,-2,4,0,6,-1,3,-2,-9,-8,-7,11,3,1,4,2,10,13,4,0,-4,-14,12,3,-5
1/1124,0,-2,1,1,2,4,-4,-2,-3,-2,-10,-2,-4,-10,-6,6,-1,-12,-8,4,10,-7,-4,-15,-4
1/564,0,0,2,1,-3,-5,-5,-2,6,0,-9,5,-5,-1,3,-2,0,-8,-8,8,11,15,4,3,17
87/91,0,0,3,-5,4,-2,-5,1,-3,-10,3,-5,0,-1,-6,-4,8,-1,-8,-2,-2,12,-4,-9,-14
-3/583,0,0,2,1,-2,-5,-3,-2,4,0,4,-7,0,8,13,5,-4,8,4,0,-8,6,-16,1,9
-2/585,-1,0,0,3,6,-2,1,-2,-3,-5,4,-3,-1,4,-3,0,-12,-3,8,11,-6,-1,4,18,-1
-4/585,0,0,0,1,0,-2,2,0,6,-4,2,11,-7,1,7,-6,0,-1,-12,6,6,-15,12,18,-1
-4/1171,0,-2,2,-5,0,-1,-6,1,6,-8,-5,-1,2,5,2,-2,0,-11,8,-12,12,5,-4,-1,-3
-1/167,0,2,-2,0,4,6,-5,1,-9,-2,10,6,0,-1,6,-11,4,-10,-12,-4,-16,8,12,-10,11
-1/586,0,-2,2,-5,4,6,-6,-2,6,-3,-8,-1,-6,6,13,-3,-11,6,11,6,-7,9,-10,6,-5
1/582,0,0,3,0,6,-5,-3,1,6,6,-1,10,-5,9,1,0,6,1,5,3,-7,-9,11,-10,4
1/1169,0,-2,1,-5,-3,6,-3,1,-8,9,-2,-3,-7,2,8,6,6,0,4,8,-16,-1,9,-1,2
-3/1168,0,0,1,3,-3,-5,-3,1,-9,-2,-1,-2,1,-6,1,-2,-11,-11,5,-5,-6,8,4,-10,-7
-17/401,0,-2,-2,1,-5,0,-8,0,-9,6,-2,-7,-1,12,4,-11,-13,-5,-14,3,14,-16,12,12,17
-13/397,0,-2,4,3,0,-7,6,1,-8,-3,-4,-2,-6,10,-8,-4,0,4,5,-13,0,13,-10,1,-9
-4/197,0,2,3,3,-3,4,2,-2,-3,7,-7,-8,12,2,4,-2,-4,-7,12,-3,5,-14,1,-3,-1
97/37,0,2,4,3,4,2,-3,-2,6,2,3,-8,0,5,-8,-4,11,1,4,-15,4,-15,-3,-15,8
-50/3,1,0,0,1,0,-5,-5,1,4,6,-10,-2,-6,-12,-8,-3,5,13,16,6,-7,15,17,-10,-13
-64/27,0,0,3,0,4,2,2,-2,3,5,4,7,4,-1,3,-2,-2,-1,8,3,0,-1,5,-10,0
-8/329,0,-2,-3,-5,0,4,-1,1,1,-4,3,10,-2,-12,3,-11,-9,-11,-2,0,2,-16,-3,-12,-7
-2/79,1,2,-3,1,6,4,-5,1,-3,6,-5,10,4,12,0,-14,0,-1,12,8,4,-8,-4,6,0
1/161,0,-2,0,-5,0,-5,5,-2,0,7,-9,-7,0,-3,10,-2,-9,-11,-4,-2,-10,-14,-10,12,2
1665/23,0,0,0,3,-3,-5,2,-2,0,-1,-5,-11,10,6,0,-10,6,-8,8,16,-6,-10,-4,-6,16
1663/24,0,0,-3,1,-5,6,-6,1,3,-1,6,-2,-4,10,0,-2,6,-5,12,3,4,11,12,-4,-3
51,0,0,2,1,4,6,-8,-2,-3,6,-1,2,10,12,-1,-6,-4,8,5,-15,-13,-6,2,10,-3
313/4,0,2,-2,3,-3,2,-5,-2,-3,9,-2,-3,0,10,-6,0,0,2,16,6,7,-4,-3,-3,0
311/5,0,2,0,1,4,-5,4,1,3,10,-7,-2,0,4,1,1,-11,-4,-11,-7,-11,8,8,1,-2
207/2,0,0,0,1,6,-6,-1,1,-7,-7,-9,10,-6,-3,-2,-10,-11,5,10,-12,-10,-8,3,1,3
69,0,0,1,1,-2,-5,4,1,-7,4,2,-3,4,-1,3,6,0,13,-12,-13,6,-15,6,-14,-10
41/49,0,-2,2,-5,2,-5,2,1,2,-10,-10,-7,-4,-7,0,1,9,-8,-14,8,4,4,17,8,-12
-4/467,0,2,0,1,0,-5,-3,-2,2,-10,-4,-3,10,9,0,-9,0,1,-12,9,-14,-8,2,-1,10
-4/469,0,-2,2,-5,-5,-1,2,-2,-4,-4,1,-7,-6,-6,-1,-2,-2,-6,0,-12,11,-8,0,-6,8
-5/936,0,0,0,1,2,-2,6,1,0,5,-7,10,-4,-2,1,-3,1,-5,-5,13,11,11,0,-3,12
-1/313,0,-2,-3,-5,-1,6,6,1,6,-4,1,10,-1,-4,-7,-11,-11,8,-11,3,-16,-14,-1,1,2
-79/64,0,-2,2,-5,-5,2,1,1,6,4,2,-5,-3,1,0,1,-2,0,11,0,-11,4,3,3,17
73/27,0,0,1,-5,0,-5,-4,1,-3,6,-5,2,0,-4,0,-10,0,10,-12,6,-11,-8,14,6,1
-5/197,0,-2,0,1,4,-5,-3,1,1,-2,-1,-2,6,-6,0,6,4,-13,0,-1,4,-12,-16,-12,2
-6/199,-1,0,4,-5,4,-5,-3,1,6,4,-8,2,-6,4,-6,6,0,1,10,-15,-16,4,12,-1,-12
-249,0,0,2,3,-3,4,-5,-2,0,-5,1,-5,-6,4,-2,6,-10,-13,11,-15,-2,9,0,6,11
-996,0,0,1,-5,4,-5,1,-2,-6,3,-9,-2,-4,-10,-6,-9,0,2,2,-13,10,6,0,18,7
-499/4,0,-2,1,3,6,0,1,-2,-9,9,2,2,-4,9,0,4,1,1,4,-15,-8,-14,3,18,18
-499/2,0,2,0,1,0,-5,2,-2,-3,-8,-1,-6,-6,6,6,6,6,2,8,-8,11,12,4,-15,-14
4/99,0,0,4,-5,-2,6,-1,0,-8,10,3,-8,-3,4,-3,9,4,1,2,-12,-2,8,2,-6,10
3/98,0,0,0,-5,0,-6,6,0,1,-3,-9,2,0,7,0,1,-5,8,-4,-12,-6,4,-7,-6,12
13/30,0,0,0,3,-2,-7,4,1,-3,9,10,2,10,10,4,-12,-13,4,8,-4,-6,-10,-3,-9,17
-4/89,0,2,2,1,4,0,3,-2,-3,-1,2,-2,-6,-1,-3,7,-4,4,-8,5,-4,1,2,-8,5
-21/85,0,0,0,1,4,2,-2,1,-8,-2,-1,-7,-3,8,-6,-3,4,-8,-3,-12,-14,15,3,18,16
52/97,0,2,0,-5,4,-7,-1,-2,-3,4,-9,-6,-9,-10,-2,-10,-1,-2,12,-1,-5,11,-7,10,4
57/97,0,0,4,1,6,1,-4,1,-6,-8,-1,-7,-6,-1,11,6,-9,-1,-11,4,4,-15,10,0,4
1/54,0,0,1,3,6,6,-5,1,-8,6,-9,-11,-3,-1,-6,-3,-4,4,-5,6,12,-14,1,18,-5
-4/145,0,-2,0,1,0,4,-4,1,2,-6,10,2,-1,-9,-8,-4,-3,1,1,-6,-6,10,-3,8,8
2/143,-1,2,2,3,-2,-2,-1,1,-3,0,-5,10,0,4,2,-11,0,-5,-12,-1,4,8,4,-6,-18
-9/431,0,0,0,3,-5,0,1,-2,-3,-3,3,-3,2,5,10,6,-4,13,-12,5,-2,15,14,-3,-2
-4/215,0,2,0,1,-2,-5,6,1,3,3,-6,11,6,-12,11,-12,5,8,4,-13,-16,13,2,10,12
-96/193,0,0,2,-5,2,-1,4,1,-4,-1,-10,-7,6,4,6,3,0,-1,-8,3,-2,-1,0,0,8
-86/195,-1,0,0,1,-2,-2,-6,-2,3,-10,10,-2,6,-1,0,-4,2,-5,-14,-5,14,11,12,10,10
-46/97,1,-2,3,-5,-5,2,3,1,-7,6,-10,6,0,12,-11,-9,4,-11,-14,-15,-13,-16,10,18,4
14/53,-1,2,0,1,-3,2,1,1,6,5,-9,-11,6,-4,-6,5,-3,-3,4,-2,-13,8,-16,12,-12
-49/106,0,-2,4,1,-3,-5,-4,1,6,-7,2,-3,0,-1,8,5,11,-7,8,-4,11,-4,12,-9,17
87/31,0,0,0,0,2,6,2,1,6,-10,2,-8,6,-4,0,-4,4,-7,-14,8,4,6,2,4,-18
89/31,0,-2,1,-5,4,2,-1,1,4,4,2,-5,4,-9,-6,6,-1,-13,0,6,-2,15,-1,-13,14
-11/26,0,-2,2,1,0,-2,6,1,0,2,-9,8,-9,12,12,-9,-1,10,-11,-6,-13,13,-16,3,2
-95/64,0,2,0,3,0,-5,5,1,-9,-10,1,-6,3,-6,7,-3,7,-1,-10,0,-2,15,2,18,9
-57/622,0,0,1,0,4,-1,-3,1,1,0,10,-11,0,4,-3,-4,0,2,-11,3,4,-10,3,2,8
-31/311,0,2,1,1,0,-5,-3,0,3,6,-10,-6,-6,2,4,0,-10,-1,-12,10,14,-7,4,-15,-2
-21/2,0,0,0,1,2,-1,5,1,-3,-2,-5,-2,10,7,1,6,0,-11,5,6,10,-15,3,12,-18
-4/69,0,0,2,-5,2,6,-3,1,0,-8,-9,5,0,1,1,5,10,8,8,-1,-16,-10,-4,6,-18
-15/134,0,0,0,1,0,-6,3,1,-8,-2,-1,-7,12,4,-3,6,-4,10,0,-12,14,8,8,1,8
-7/92,0,2,1,1,-5,-6,3,1,0,4,2,2,4,-4,-6,-2,6,2,4,-9,2,8,-16,2,-14
-7/47,0,2,1,1,4,-5,-5,-2,-6,-1,8,-2,-2,4,3,6,10,4,-11,-3,4,-8,-13,8,10
-13/97,0,-2,4,1,-5,-7,-5,-2,6,3,-1,-6,12,5,-6,-2,-1,-10,2,-15,-10,-9,2,12,4
7/195,0,0,0,1,4,-2,2,1,-3,10,10,-10,4,-10,2,-4,-4,4,-3,2,7,6,3,-16,-6
17/389,0,2,2,1,4,-1,-8,1,-8,0,2,-10,-9,6,0,-6,-10,10,2,7,2,-16,12,-17,-7
19/392,0,-2,3,-5,0,1,-6,1,-9,0,10,-5,-3,8,4,-9,-14,-4,12,-5,-6,-11,10,3,-19
5/98,0,2,0,-5,2,2,2,1,-4,4,2,10,6,-1,1,-10,4,1,8,-3,8,10,-4,5,-12
-19/90,0,0,0,-5,4,-6,2,1,-8,9,-9,-2,0,-4,10,-2,0,-2,-4,-8,-4,12,2,-12,-7
-7/24,0,0,3,1,-1,2,3,-2,-6,9,2,6,-9,1,-2,-10,6,-3,-5,11,7,-16,-12,0,2
-43/88,0,-2,2,-5,-2,2,2,-2,-3,6,-8,2,0,-1,-6,-4,10,-5,-2,-8,-13,-1,-3,4,14
-46/89,1,2,0,1,0,2,2,-2,-7,-4,-9,6,-1,10,0,-4,-13,0,11,6,2,12,1,-8,-6
62/23,1,2,1,3,4,2,3,1,0,0,-10,-7,-2,2,0,-7,-1,13,4,-12,-5,6,14,3,2
-5/976,0,2,0,3,0,-5,-4,1,3,6,1,-10,6,8,6,9,6,-4,5,8,11,-16,2,18,-4
-2/977,-1,-2,1,3,-5,6,-3,-2,0,-8,-9,11,-6,-10,11,1,-5,5,1,-3,10,-4,-5,-6,-10
-8921/60,0,0,0,0,0,4,-3,-2,-3,7,3,-3,6,-7,-4,6,-4,-2,12,14,-4,-14,2,-10,-14
-8919/59,0,0,2,1,2,4,2,1,3,9,-4,-5,-6,9,0,-10,10,1,12,-15,2,1,-7,2,-14
-4463/27,0,0,4,-5,4,-1,5,1,-8,9,1,-1,2,1,8,-2,10,1,4,4,-13,-14,5,-1,-14
-8928/53,0,-3,1,0,0,1,1,1,2,-4,-10,-10,0,-10,-11,5,-4,6,8,-8,12,-16,1,-12,1
-4462/29,1,2,-2,-5,6,6,2,1,-7,-6,1,-8,0,6,8,-6,-11,1,-14,12,-1,-4,14,6,8
-1116/7,0,-3,-3,-5,-3,-5,-3,-2,6,-1,-10,-2,4,12,-8,-2,-13,2,-12,4,-13,10,16,6,-14
-1118/7,-1,2,2,-5,6,-7,2,-2,-8,-4,-9,-7,6,-1,-6,-9,-4,10,10,-9,0,11,12,18,13
-1116/5,0,0,0,-5,6,1,-3,0,-6,5,-10,-2,-1,4,10,6,0,-2,0,12,-11,-7,0,-15,-19
-4463/32,0,-2,0,1,0,-5,-3,1,-3,4,2,-8,0,8,-7,-6,-4,8,-4,-1,-4,10,-16,-16,12
-2233/15,0,0,0,1,0,-5,2,1,2,-10,-6,-7,0,-1,0,-6,-11,4,10,-15,-13,10,-16,2,7
-8932/61,0,-2,0,1,0,2,4,1,-3,-10,-10,-8,-4,9,4,-4,0,-4,4,-4,-5,6,0,-1,10
-8935/57,0,0,0,-5,-3,6,-3,-2,-4,5,-1,-7,0,8,0,-11,-4,1,4,5,-5,-6,12,8,-14
-8925/64,0,0,0,1,-1,6,-8,-2,4,-4,8,5,-6,2,8,-2,4,10,-13,-12,-10,8,14,-6,2
-8923/62,0,2,4,-5,2,-6,5,1,-3,-3,2,-5,-4,-1,1,-2,-11,-3,4,6,4,-8,12,0,17
-4461/29,0,0,0,-5,4,-5,5,1,0,-6,-1,6,0,4,12,9,-4,-1,5,8,5,4,-16,18,-9
-154,-1,-2,4,1,0,0,3,-2,3,7,2,-1,10,-6,1,-7,8,1,-3,14,-13,-1,9,-10,8
-66577/3,0,0,0,1,-1,1,-3,1,6,-5,-1,-7,6,-4,0,11,-9,10,2,6,4,13,-4,10,1
-66575,0,2,0,1,0,4,2,0,6,0,-9,-7,8,-9,-8,1,-11,1,5,16,-16,-7,0,-12,-1
-66566/3,-1,0,2,1,-1,4,-6,1,4,-4,-4,7,1,7,7,3,-11,-13,12,-1,-5,-16,0,0,-10
-16647/2,0,0,2,3,0,1,5,1,4,3,-10,-7,6,4,11,-10,-7,-5,0,3,4,10,-4,-6,8
71/102,0,0,-3,1,0,2,-2,1,4,-8,2,-7,-7,5,-7,-9,-14,8,8,-12,-4,-9,-16,-15,1
55/103,0,2,0,-5,0,2,-3,-2,-3,-1,-8,10,4,-1,-6,6,6,4,-11,-15,11,8,-6,-14,-14
-36/305,0,0,0,-5,-5,6,-6,1,-8,6,2,5,-9,5,0,-3,-1,-4,16,-12,-4,-10,8,-6,2
-31/309,0,0,0,-5,-1,-6,4,1,-3,-4,-10,-7,-3,1,-6,-2,-2,8,12,14,-2,12,2,10,17
-61/618,0,0,-3,0,0,-5,-3,-2,-3,3,0,-5,-9,9,0,-10,-2,-13,-10,-4,-10,-12,1,-6,8
-4567/3,0,0,0,1,-2,1,-6,1,3,-4,2,10,-7,4,1,11,-4,-5,-12,13,4,-5,2,5,13
-9134/9,1,0,1,-5,-1,0,1,1,-3,9,0,-2,-6,-2,10,-6,0,-13,-4,-1,1,-15,-4,10,-5
-58/617,-1,2,2,-5,0,6,-6,1,-8,-10,-5,10,-6,10,12,6,10,-3,8,3,2,10,0,-14,-3
-57/617,0,0,1,1,0,2,-4,1,-4,4,10,2,-2,-2,8,1,-9,6,-4,-15,-13,9,-10,12,-6
-1303,0,-2,-2,1,2,2,-5,1,6,-7,1,6,8,6,1,-9,-1,-7,4,-6,0,1,-4,-14,3
-9127/12,0,0,1,3,-2,2,2,0,6,7,8,8,2,-6,7,-4,-9,8,-2,11,12,15,2,-6,-7
-9131/9,0,0,0,1,2,4,-3,-2,-7,2,-5,-2,2,2,6,6,-1,-11,4,-5,4,-9,14,6,-9
-4567/6,0,0,3,3,4,-5,4,1,-8,-5,10,-7,-1,4,-10,-2,-2,-10,-10,-12,-2,8,-8,2,-1
-571,0,-2,1,3,-5,2,1,1,0,0,10,-2,3,12,10,0,0,-7,-12,-12,-1,-10,10,-1,10
-1143,0,-3,3,-5,-5,2,-3,1,3,-5,-10,-8,-6,-6,13,-4,-3,10,4,-12,-11,8,12,-17,12
-1142/5,1,-2,0,-5,4,1,-3,-2,-4,0,2,8,-3,8,-11,-4,-4,6,14,4,0,-15,-6,3,-12
-284,0,2,0,3,-1,0,2,0,-3,-4,-9,-8,3,-6,0,-12,-9,-5,5,-12,-13,-10,6,18,-6
-85/76,0,-2,0,0,0,2,-8,-2,-3,9,-5,10,12,6,0,7,-1,4,8,5,6,0,-4,18,-3
-3685/3,0,0,0,1,0,4,1,-2,2,0,-1,-2,-4,4,0,-4,-5,5,-5,15,-8,-1,6,6,1
-15/38,0,0,0,1,0,0,-4,-2,-4,-5,-1,-7,-6,10,-2,-3,-13,5,11,4,-5,-12,-4,-1,2
-39/70,0,0,0,-5,-3,-7,-5,1,3,-2,1,-5,-3,-9,-11,-11,0,10,-10,-15,-1,-8,0,6,6
18/43,-1,-3,2,-5,-3,4,-6,1,-8,6,8,-2,8,-12,11,-4,-2,0,5,-9,11,12,9,6,-2
-1479,0,0,4,-5,2,1,-8,-2,-6,-10,-5,8,-6,-1,0,-7,-2,-1,-6,10,-2,-7,14,12,8
-1483/3,0,0,2,-5,0,-5,-1,1,0,-10,3,7,6,-10,0,6,-7,10,-11,11,-6,5,0,-13,6
1810158,-1,0,-2,1,0,6,5,1,1,6,6,10,6,6,-8,-6,-4,-3,11,4,4,6,17,-1,-3
-5/436,0,2,0,0,-3,1,5,1,-3,-3,-9,5,-6,6,-6,-14,2,13,9,-15,-10,-8,-7,5,-7
-2/109,-1,2,-2,3,-1,2,1,1,6,0,-9,8,1,-1,-7,6,13,-2,5,8,-6,10,2,1,-6
-7/438,0,0,0,1,0,-5,-5,1,-6,-5,6,-3,10,-1,1,-4,-1,10,1,6,-6,-7,-3,-6,-2
68/55,0,-2,0,1,-2,2,-8,1,-3,4,-1,-8,12,4,13,-12,-12,-1,-4,-12,-14,-16,4,-6,12
68/57,0,0,1,-5,-5,4,-8,-2,6,3,-5,5,0,7,-6,6,-7,-3,8,8,11,1,0,6,8
19/35,0,-2,0,-5,-3,-5,-6,1,-3,-5,-4,-7,-1,10,-6,-6,2,-4,-14,-9,-7,11,8,-6,8
82/57,1,0,2,-5,0,-6,-3,-2,-4,-4,-9,-6,-4,-12,-6,7,0,-2,-12,5,-6,8,-3,3,12
-41/73,0,2,-2,-5,-1,1,-6,0,3,-4,4,-8,-4,1,10,6,10,-8,-2,-2,-6,-11,8,-12,-6
25/16,0,2,0,1,4,-5,-4,-2,-8,6,10,11,12,9,0,-6,-1,13,4,0,-13,10,6,0,17
39/23,0,0,3,1,2,-7,5,1,0,-5,1,-2,8,-1,-11,-14,0,8,8,-7,11,-6,4,-1,-18
-19/363,0,0,-3,-5,-2,-6,5,1,-3,7,-5,-2,10,10,1,10,-9,2,0,12,2,-14,6,-13,-14
-20/51,0,0,0,-5,4,6,-2,1,-9,6,1,-7,-9,-10,-8,6,-4,2,0,2,-2,-6,17,-12,-10
-84/85,0,0,0,1,2,2,-2,1,1,9,-9,2,0,-2,0,-14,-12,-1,0,4,-16,-6,4,-1,-6
-42/43,1,0,4,1,0,-1,4,-2,4,-8,3,-6,6,-12,1,3,0,1,8,-3,-5,9,-8,10,-9
-30/17,1,0,0,-5,2,6,-2,1,-3,-5,3,-7,8,8,2,-2,-13,-1,-7,15,4,-8,-3,-15,12
4223,0,-2,-3,1,6,4,1,1,4,-10,2,-2,-4,4,10,3,0,10,-12,-12,11,15,-16,-7,1
13/42,0,0,2,-5,6,-7,-3,1,4,4,-10,-5,0,6,-6,7,10,2,4,-1,7,10,3,-6,-14
101/11,0,2,0,1,-2,-5,2,1,-3,-2,3,2,-9,-6,3,-2,-11,-3,-11,-15,0,0,3,-15,11
-604,0,-2,4,-5,-5,6,-3,1,-8,-4,4,-7,-1,-2,0,-11,6,1,4,-15,-14,13,12,8,2
1061/24,0,0,2,1,0,-1,4,-2,-8,3,1,10,-7,10,0,6,10,10,-3,14,-1,-14,1,0,-5
352/9,0,0,2,0,0,1,1,1,3,2,0,6,-4,4,1,-2,-13,5,-10,-9,-2,-1,-4,-14,-1
1063/24,0,0,-3,1,0,-5,5,1,-3,-7,3,-2,-6,8,7,2,-4,-8,10,4,12,-4,2,10,-6
1062/25,-1,0,0,3,-1,-5,4,1,6,10,-5,-8,-1,2,-7,-12,-12,10,3,-15,7,13,-11,-17,-6
2/137,1,2,4,-5,4,-5,-6,-2,-8,6,-2,-7,1,7,0,-10,6,1,5,8,-5,-9,-16,-15,-14
-2/67,1,2,1,3,0,6,-6,1,-3,5,3,-3,-7,-4,8,-3,4,-11,0,7,0,11,12,-10,-2
179/3,0,0,3,1,-5,6,2,1,2,0,-1,6,-6,12,0,6,7,-10,8,7,0,11,1,-6,8
357/8,0,0,1,1,-1,-5,-8,1,-3,-5,-6,-2,-3,8,-6,-6,0,1,14,-3,1,-16,-8,9,-2
103/49,0,2,-2,-5,-2,-1,-3,1,-9,-3,-10,-11,-6,-4,0,-2,-9,-1,8,3,-2,-16,-3,-10,0
99/49,0,-3,2,-5,0,-6,-1,1,6,-10,-8,7,-6,4,-4,-3,-2,8,16,-15,-9,0,-7,-2,-2
101/48,0,0,-3,-5,2,-5,-5,1,-6,4,-9,2,8,10,0,-3,8,-4,4,-9,-2,-16,-16,12,-10
105/46,0,0,0,1,-2,0,-3,1,0,9,2,-11,12,6,0,-6,0,-12,-6,-8,2,-1,2,-12,3
-33/16,0,0,-3,0,0,0,3,-2,6,6,-9,-6,12,-4,-8,1,11,-6,2,6,-10,13,-8,10,-2
-3/160,0,0,0,3,4,-1,-6,1,-8,2,10,-7,-1,7,13,11,-2,13,-10,14,-9,11,-4,8,-2
60/13,0,0,0,3,0,-2,-6,1,-8,-10,2,-5,-2,-2,2,-2,-5,10,5,-3,1,8,17,-14,-18
25/4,0,2,0,0,0,1,-6,-2,1,0,-1,-10,0,-6,-6,1,-2,-7,5,-12,2,4,2,-4,-14
73/10,0,2,0,0,-3,-6,-4,-2,-3,4,-4,10,-5,10,-8,-6,-7,-4,-7,-4,-11,6,12,12,-7
28/31,0,2,0,1,0,1,-6,1,-3,3,2,-7,-4,-12,4,6,4,-13,-10,-12,4,5,-4,-1,3
55/37,0,2,0,3,0,-5,1,1,-4,-2,-10,-8,-6,-2,-6,-11,10,-1,-10,4,-8,-8,16,-1,13
-77/269,0,-2,2,1,0,1,2,1,3,2,8,5,-7,-10,-8,7,-3,10,9,2,-13,-5,1,6,1
-73/271,0,-2,-3,-5,6,-5,2,1,6,9,-9,-10,-7,-6,0,-11,10,2,8,3,-11,8,-3,6,-12
-68/273,0,0,2,-5,-5,-2,-8,1,-3,-2,2,10,12,2,-6,6,-10,2,0,-9,14,8,17,10,-14
150845,0,-2,0,1,-1,-6,-3,1,3,4,1,5,1,-6,3,9,2,1,16,-15,2,-9,12,6,-7
452537,0,-2,-3,0,0,6,2,-2,1,0,1,11,6,2,0,-4,0,-7,11,5,-4,8,2,18,-2
905083,0,2,-2,-5,-2,2,2,1,6,6,2,2,6,-10,-1,-6,8,4,-3,-6,-1,15,2,3,8
452539,0,2,2,3,6,-1,3,1,4,2,2,6,-7,8,0,-2,11,2,4,8,12,12,2,10,-14
-31/413,0,2,0,-5,-3,-6,-3,-2,6,-5,-10,8,-6,-6,0,-6,10,13,8,-4,-4,-15,3,-15,13
-27/409,0,0,-2,-5,-2,0,1,-2,6,7,3,-2,0,-9,-8,-4,-4,10,2,-15,0,-16,14,-14,-3
-32/411,0,0,0,1,-2,-1,6,-2,-8,4,-9,6,8,-1,1,-2,6,2,4,15,12,-7,-3,-14,18
-14/207,-1,0,-3,1,4,2,4,-2,0,4,-1,5,-3,5,-8,-10,-9,4,8,15,11,10,-4,-1,-2
-11/204,0,0,0,3,0,-6,-2,1,-9,-10,-1,-2,-1,-6,8,6,2,10,-12,-4,2,-14,14,3,2
-11/203,0,-2,0,-5,0,2,5,1,-4,-6,3,-7,7,-1,10,5,-1,-2,16,4,7,-7,-9,0,-12
-7/936,0,0,0,1,-3,-2,-1,-2,-3,10,-10,5,-6,2,6,4,8,-11,4,4,12,6,-3,2,2
-2/469,-1,2,2,-5,2,4,-1,-2,6,-5,0,-1,8,-2,4,-10,7,1,0,3,-6,-10,-3,-12,-12
-41/74,0,-2,0,1,6,6,-3,-2,-3,0,-7,-8,-4,8,-8,1,-4,2,2,-8,-7,2,2,12,14
34/3,-1,0,2,1,-3,6,-8,1,-9,0,2,7,6,4,-6,6,-9,-7,4,-15,7,-8,4,2,3
53/4,0,-2,3,0,4,2,-4,1,-9,-4,-8,-8,3,0,0,-10,2,5,-12,-15,10,13,12,1,14
107/8,0,2,1,1,-5,0,1,-2,-4,-5,-7,10,-9,12,-11,2,4,-5,-4,15,-4,4,0,-14,-9
-7/53,0,2,4,1,0,-6,2,1,-4,9,10,-7,0,4,-6,5,-9,-7,-10,8,-6,-14,0,-15,8
40/89,0,-2,0,0,4,-6,-1,1,6,7,-8,-2,0,10,8,9,-2,-7,-7,-3,-10,-1,3,-8,8
2/20523,-1,0,1,-5,-2,-6,-4,-2,-4,5,-6,-1,8,-10,0,10,-13,1,-12,7,8,-6,0,-6,1
6/20525,-1,0,0,1,4,2,4,1,-6,-3,-6,6,2,-4,1,6,6,-8,2,2,-8,1,2,-15,8
3/20525,0,0,0,3,0,-5,-4,1,6,-5,2,5,4,5,-10,-14,1,5,4,7,-2,-16,12,-10,-12
13/82098,0,0,4,3,4,-7,-5,1,-4,4,1,11,-4,4,-2,5,13,1,14,-12,-4,2,16,-3,-6
17/82108,0,-2,1,1,4,-2,-8,1,-8,-10,-8,5,-6,4,-10,6,1,-7,12,8,1,-6,0,-6,-2
5/20526,0,0,0,1,-2,-5,-3,1,1,-2,-5,-7,0,1,-6,6,11,8,10,-3,11,6,-7,4,-14
2/11729,1,2,0,-5,0,-5,5,-2,-8,-10,3,-8,4,-6,-3,2,9,-11,-10,-12,11,-16,1,10,-5
1/7464,0,0,2,-5,-1,6,4,1,6,-5,-1,10,12,12,-4,7,-2,2,-4,-12,6,0,6,-12,-6
1/11732,0,-2,3,-5,-1,4,-4,-2,1,7,-1,-7,-9,-4,1,-2,-4,-6,3,-6,-16,0,-7,5,-6
2/11731,-1,-2,2,-5,4,1,-6,1,6,-2,-2,8,6,-9,6,-10,-4,1,12,13,-14,4,4,0,-2
-9/76,0,-3,0,1,0,4,4,-2,6,3,6,2,-7,12,-8,1,-2,-11,4,5,-13,-16,-4,-1,11
44/19,0,-2,2,1,0,1,2,-2,1,9,8,2,-9,5,13,-11,0,6,-13,-3,-4,6,14,-3,-8
-5/24,0,0,0,3,-2,-1,-4,1,6,4,-1,2,-7,-2,6,-6,-7,1,-11,8,2,15,-4,10,8
21/100,0,0,0,1,6,4,5,1,-8,6,3,-7,6,1,-6,-4,0,13,8,-15,-2,0,17,-13,-6
88/13,0,2,2,3,0,-2,6,-2,-3,0,-6,-2,8,4,8,3,0,-10,3,-9,-4,8,-16,2,9
-98/3,1,0,2,1,-3,0,1,1,-8,-4,10,6,-7,-3,-10,-6,-10,13,-8,0,-5,-11,-16,-12,-2
86/41,-1,2,4,-5,0,-5,2,1,-3,-5,-8,-2,6,-1,0,-4,2,10,2,-15,0,6,-16,-9,8
-4/407,0,2,2,3,-2,6,-3,1,-8,-2,1,-8,2,-6,-8,7,7,-10,4,-5,-4,4,-4,18,-7
-5/814,0,2,0,0,-2,2,5,1,6,-5,3,-8,0,8,-11,3,-7,-5,12,-1,2,15,8,0,-14
-1/116,0,2,2,-5,0,2,-5,1,-4,-6,-10,-7,1,-4,13,-4,-14,8,-12,-15,14,-10,2,-3,-3
-86/87,-1,0,-2,-5,0,0,-3,1,6,-6,-10,-5,8,-1,11,-6,0,1,4,-15,2,4,1,4,2
105/11,0,0,0,1,-2,-6,-3,-2,-4,0,10,5,-6,4,2,-10,-9,-13,0,13,14,9,12,5,17
108/11,0,0,2,1,-2,4,3,1,4,2,2,-6,12,4,0,-7,-12,10,-11,5,-2,-4,-16,-15,8
-15/206,0,0,0,1,4,2,4,1,-3,-3,2,-1,7,8,0,6,-14,2,-11,4,-4,-8,10,6,6
-11/206,0,-2,1,0,0,6,2,-2,3,-4,2,-2,-4,-4,4,1,6,8,4,-9,2,-14,-1,-8,13
77/27,0,0,2,1,0,6,-5,1,6,-4,-10,5,2,-7,3,1,7,-7,4,13,-10,-16,15,-14,2
51/5,0,0,0,1,0,-5,-8,-2,-3,4,-10,-7,-7,-10,-3,6,6,5,4,6,-2,4,12,10,5
-7/26,0,2,3,1,-5,-2,2,1,-3,-5,-1,-8,-5,12,-11,-2,-2,-10,-14,-12,-11,10,16,-13,-1
-74555/2,0,-2,0,0,4,-7,6,-2,-8,-7,-10,-11,-6,-4,0,6,7,13,10,-9,11,8,3,-16,10
91/8,0,-2,0,1,6,-7,2,1,-4,6,1,-5,0,-4,-3,6,6,-10,10,9,2,-4,11,12,-7
44/5,0,2,0,1,0,2,-6,1,6,5,0,-1,-6,-1,6,-4,6,-5,-2,16,-10,13,-4,1,8
3/1877,0,0,2,3,-1,4,5,1,-3,-2,-6,5,0,-6,-8,6,0,-7,10,16,-5,-1,-13,-3,-2
-1/471,0,0,1,3,2,-5,1,1,6,-2,-5,2,-7,-2,-8,10,0,6,12,-15,14,-14,-16,1,-6
-41/4,0,2,4,1,0,-6,5,1,3,-8,-9,7,-4,-2,0,1,0,-1,0,2,-13,-8,12,10,-18
-757/3,0,0,4,1,0,6,2,0,-6,0,6,-5,12,4,8,1,8,5,4,-12,2,10,12,-6,7
-751/6,0,0,1,1,4,6,-3,-2,-3,6,-10,6,8,7,-6,-2,-12,8,8,3,-11,10,2,-12,-12
-753/4,0,0,3,1,4,2,2,1,-3,6,-8,-1,0,8,-6,-4,13,-2,4,6,0,-15,-16,10,-6
-758/7,-1,2,4,-5,0,-5,4,-2,6,4,-4,-2,3,4,-4,6,10,-1,-11,5,6,-10,12,2,-6
-75239,0,2,0,-5,-5,-5,2,0,-8,4,-4,-5,0,7,-6,4,6,4,-12,-3,4,-16,-4,12,14
-75239/2,0,-2,3,1,2,-1,-1,-2,-4,-5,1,-6,-9,2,-1,-4,0,-3,12,-6,12,2,2,18,1
-75238/3,-1,0,1,-5,0,0,1,-2,2,-2,1,-5,12,-1,-7,-2,10,5,12,-15,2,-15,-4,9,3
-25081,0,-2,1,1,6,-1,5,1,1,-2,-4,-2,-1,12,0,1,0,8,2,8,-2,-4,0,-8,11
-37619/3,0,0,0,1,-3,2,6,-2,-8,-1,-5,-6,6,4,0,-2,-4,1,-10,-15,-13,-1,2,-9,-18
-37618/3,1,0,1,1,0,2,4,-2,3,-5,-9,-5,-3,12,0,-14,1,2,-8,12,-6,-16,6,-14,14
-9404,0,2,4,-5,-5,-5,2,0,-8,0,-1,-1,7,-1,-6,-4,-11,8,-12,-15,-1,-16,-3,-6,-12
-18810,-1,0,0,1,0,2,-4,1,0,4,2,5,8,0,6,-7,-9,-7,-14,3,4,6,3,-16,8
94/21,-1,0,2,-5,4,0,5,1,-4,10,3,-2,-3,2,-8,9,2,-10,-12,-3,-16,-6,-13,0,18
49/10,0,2,0,1,2,2,-1,-2,-8,-7,-1,-5,8,6,11,6,4,-4,8,10,14,-16,-7,0,-14
89/80,0,2,0,-5,-3,6,-5,1,2,-5,8,-2,-6,8,0,3,0,6,-8,-1,8,-12,-16,-13,-19
11/57,0,0,-3,-5,0,2,3,-2,-3,-10,-10,-3,-3,-4,1,6,-12,1,11,5,-1,12,-16,-17,-6
13/57,0,0,2,1,-5,-7,2,-2,-4,4,4,-2,-4,-1,12,6,8,5,-14,4,2,-16,4,-16,17
-3/52,0,0,0,1,-5,-2,2,1,3,6,-1,-7,0,-7,6,1,-4,2,-13,-9,7,5,0,3,-2
-7/136,0,-2,0,1,-5,2,-2,1,-3,-2,-6,-5,-1,10,8,-6,6,8,-12,4,-13,1,0,8,13
-3/68,0,0,1,-5,-3,6,-2,-2,-8,7,0,-5,8,-10,4,4,0,-6,-11,2,-4,-15,-7,10,8
4223/4,0,-2,-3,-5,0,-6,-5,1,-3,3,-7,6,-4,-1,4,10,-4,8,-10,0,-5,4,4,-13,-2
4223/6,0,0,-2,-5,0,-5,-3,1,6,5,-9,10,-4,1,-6,-10,6,1,12,8,-4,5,3,-6,-3
2114/3,-1,0,0,1,0,6,-6,1,3,0,-6,2,0,12,-11,-6,-11,-12,9,12,1,-11,5,-1,-6
-134206,1,-2,1,-5,4,-6,-4,-2,-4,-4,-2,-6,4,4,-4,6,0,0,-6,5,-6,-16,2,6,11
-268409/2,0,-2,-2,3,-5,2,-6,1,1,6,1,10,8,4,-1,6,-5,4,-12,-3,11,-15,6,-1,8
-268413,0,0,-3,1,0,4,-8,1,-4,4,4,-7,-6,-10,-1,-11,-3,-3,4,9,-13,-15,15,10,18
-134207/2,0,-2,2,1,-1,-1,-3,-2,-4,-5,-9,5,-3,-2,0,4,11,-1,-11,-4,-14,11,12,0,-10
-268417/3,0,0,0,-5,0,4,-1,1,-3,-5,-10,-1,-6,-4,-8,-2,-9,4,-6,-15,4,-10,3,-14,14
-268418,-1,2,3,-5,-3,-6,6,-2,-3,-4,3,-2,8,12,-8,-2,-4,1,5,-9,-8,2,-6,6,-5
-178943,0,2,3,-5,4,0,3,1,-4,4,-1,2,-7,1,-2,-6,6,4,-7,-7,-14,6,2,-6,2
-81/58,0,0,3,-5,2,-6,2,-2,-4,-6,-4,-8,-4,1,8,-7,6,-1,2,-15,-14,-8,-7,-7,-7
97/82,0,2,4,-5,-3,-5,-3,-2,3,-1,-7,2,6,12,-6,9,10,-12,-12,5,2,5,6,-12,8
94/81,-1,0,1,1,4,2,-6,1,0,2,10,-11,-4,8,-8,-2,-11,-5,12,0,7,1,4,12,-14
32/47,0,2,4,-5,4,-5,-4,1,-3,-4,-6,10,-3,12,3,-4,-7,-4,8,-6,-4,8,4,-6,10
-43/44,0,2,2,3,-2,6,5,1,6,4,3,-2,0,-1,-10,1,-1,-10,5,8,-6,-14,-3,-12,-12
-17/84,0,0,-3,-5,4,-5,-8,1,-3,-2,-9,10,-6,6,0,6,-14,2,4,15,-11,5,3,-9,12
-7/41,0,2,-3,1,2,1,3,1,2,-8,-8,2,6,-4,6,-7,-4,6,10,-15,-10,-16,-3,0,-12
-7340,0,2,0,3,0,-5,-3,-2,-4,-8,2,5,12,-1,8,-2,10,2,-12,0,-11,11,8,0,-2
-756/5,0,0,0,1,4,2,6,1,-9,-5,1,-5,12,4,-6,6,-14,-3,5,3,4,-8,6,6,-2
-760/7,0,-2,0,-5,-2,2,-3,1,-3,-3,3,10,8,4,11,-7,0,-8,-14,4,2,13,10,6,-6
-89/70,0,2,0,-5,0,1,5,1,-8,-3,4,10,-5,-10,6,-3,1,13,8,-3,-2,-4,3,-13,2
29/78,0,0,3,0,4,-2,-3,1,-6,-10,-9,6,3,5,0,6,6,8,-13,4,4,8,-13,12,-5
61/85,0,2,0,-5,0,-5,-2,-2,3,9,-10,-5,-3,-4,-6,-10,-5,-13,-11,11,1,-16,6,-3,12
58/83,-1,-2,2,-5,2,-1,2,-2,4,-10,10,11,-6,4,-8,10,10,2,-8,-12,4,-8,-16,6,-14
62/85,-1,-2,0,1,4,6,-2,1,-3,-1,-10,-7,-9,0,8,-2,6,6,4,-9,-16,-16,3,1,10
-2265/2,0,0,0,-5,2,-5,5,-2,2,9,1,5,-5,8,11,9,0,-8,0,-15,1,6,7,-14,-4
-1511,0,2,2,0,4,2,-6,1,3,-8,-1,-1,1,4,10,-4,8,10,-12,-15,2,-15,3,0,-3
-1813,0,-2,-3,1,-1,6,-5,-2,0,3,4,-11,8,-10,4,6,6,-6,4,-9,12,-1,5,-3,-6
-9062,1,2,0,3,-1,6,3,0,-7,6,-8,-2,12,7,6,-3,-12,-1,4,15,-5,-8,0,-1,-18
75/31,0,0,0,-5,-5,0,-4,-2,6,2,2,-1,0,-1,4,0,-5,6,4,6,-16,13,-4,12,1
-710/13,1,2,0,3,0,-2,3,-2,6,3,-5,-2,12,4,-6,-2,0,-6,12,-12,4,6,4,-3,8
-711/13,0,-3,2,-5,-1,-2,6,-2,-3,10,-2,-7,12,7,8,-3,10,-4,-12,-5,-5,4,-16,10,-12
-240/7,0,0,0,-5,4,2,1,0,-3,5,1,-2,-5,8,12,-6,-5,6,11,-4,-13,-15,-4,3,6
-237/7,0,0,2,-5,4,6,2,1,-4,7,6,-5,0,10,10,-14,-12,10,-7,-4,7,4,0,-8,-14
-141/5,0,0,0,-5,4,1,3,1,0,-3,-5,-1,12,-9,-8,1,0,-7,-8,-4,-16,8,2,4,-6
-234/5,-1,-3,0,-5,2,-7,5,-2,-3,-5,-5,-2,0,-2,11,-6,-12,2,-3,-8,-13,-16,0,-8,-10
-238/5,1,2,0,1,-2,6,-8,-2,-8,6,-6,-5,-6,-1,6,6,10,-4,8,3,5,-16,12,6,-6
71/76,0,-2,4,1,2,2,5,-2,-4,-5,-7,-2,-5,1,-10,6,-7,-5,6,-12,4,-15,0,10,-10
-13/911,0,2,2,0,-5,-7,2,-2,0,4,8,-6,0,-10,0,-14,-4,-10,8,6,-11,-14,6,0,-10
-6/455,-1,0,0,-5,-3,-2,-1,1,-3,7,-9,5,-3,1,-6,-12,-12,-7,-3,-12,14,6,-6,9,2
35/41,0,2,0,1,-2,4,2,1,-6,6,10,10,6,-1,4,6,-2,-3,-13,-1,4,-16,5,6,-2
67/82,0,2,4,-5,0,6,-5,1,4,-2,-1,10,6,4,8,1,-13,-1,-5,3,4,4,-3,12,10
-44/859,0,2,2,0,0,-5,2,1,2,-2,-4,10,-7,-6,10,-6,-4,6,4,0,-10,15,-7,-6,-7
-11/214,0,2,2,1,0,-1,-3,-2,-3,0,-1,-1,-6,7,12,4,-14,-7,-14,-5,2,0,-3,-8,-18
-16/285,0,0,0,0,4,1,-3,-2,3,0,10,-7,6,-6,-4,-2,-3,13,10,5,8,4,-4,6,6
-21/20,0,0,0,1,4,2,-1,-2,3,-5,4,5,-6,-7,12,-2,-2,2,2,9,2,-1,-4,-9,13
-47/99,0,0,-2,1,-2,6,-1,1,-3,9,10,10,-1,10,-8,-4,0,-2,2,-5,-16,-8,2,-2,-2
-67/35,0,2,0,-5,4,6,4,1,0,9,-1,-2,-6,10,-2,6,-1,-10,-5,4,6,8,-8,-15,-8
-93/59,0,0,-3,-5,4,-1,3,0,3,2,-10,-2,-4,-1,-1,-9,10,10,8,-12,2,-15,-1,10,-12
-96/59,0,0,4,3,0,1,2,1,-3,7,2,7,-7,4,8,-4,10,-3,-8,-12,-4,5,-6,-1,-9
-197/18,0,0,4,-5,0,2,1,-2,-8,10,-1,-11,-6,-6,0,-2,6,1,-12,-12,-13,10,6,-7,-6
-979/79,0,-2,1,-5,0,-1,-3,-2,-3,10,10,-8,-6,-6,-8,11,-4,-2,-8,-12,10,-8,-3,-13,5
-985/83,0,2,0,-5,6,4,-3,-2,-4,6,-8,10,12,-1,1,6,6,-10,0,5,0,8,-16,-6,8
-490/41,-1,2,0,1,-1,0,5,-2,2,6,-9,10,6,6,11,-11,0,0,1,15,-1,8,-9,10,14
-27/50,0,0,0,0,-5,6,-1,1,-4,6,1,-2,-6,4,-6,10,5,13,-12,0,-6,-11,3,-1,-14
-52/99,0,0,0,-5,-2,-7,-5,1,-3,6,3,6,8,-3,-8,-3,7,-4,9,14,-6,-15,0,-6,7
-93/94,0,0,2,-5,-5,-5,4,-2,3,-3,-10,-8,2,-1,3,4,-13,-11,11,-9,11,-8,-9,-8,-1
54/7,1,0,-2,-5,-2,-5,5,1,3,4,-8,10,0,4,2,-6,13,0,-2,8,-10,-4,-9,-6,-14
-1/1344,0,0,4,-5,4,-5,3,1,-6,-8,-1,-2,8,-3,12,-2,-5,8,4,-4,-2,8,3,6,-6
-3/1345,0,0,0,-5,6,-6,1,1,2,-4,1,2,7,-9,-6,6,-11,0,14,5,-6,11,12,-15,18
-5/1347,0,0,0,3,6,2,2,1,1,9,-2,-8,0,9,-6,9,-14,0,16,9,2,-14,0,-3,7
-7/9420,0,0,0,1,-5,-5,2,1,-8,9,-7,6,0,-12,4,-2,-2,-10,-14,6,2,-1,-3,6,-7
-1/589,0,-2,0,1,0,1,2,-2,6,4,2,-7,-4,-4,-6,-2,0,10,1,-4,-1,5,3,12,18
-3/2357,0,0,4,-5,6,-1,-4,1,2,-2,-4,10,1,4,1,-6,0,10,4,-2,-5,-10,14,0,-6
-51/23,0,0,0,1,-3,-5,-8,-2,0,2,10,8,0,4,-6,9,-13,-10,1,-15,-14,12,2,-1,10
-53/3,0,0,1,0,0,-5,2,-2,-3,0,3,10,0,7,0,-10,-2,-5,-13,0,-2,8,10,10,2
-101/2,0,-2,-3,1,6,-5,-4,1,3,6,-9,-2,-1,-7,4,6,-4,2,4,8,-4,5,0,-7,-14
-46/77,1,2,0,-5,-2,6,-1,-2,-7,6,1,-10,-6,1,7,6,6,-11,-2,13,-11,-8,-7,9,0
-40/27,0,0,0,-5,-2,6,-3,-2,-3,7,1,-8,-6,0,4,-4,6,0,12,14,-13,-4,12,8,-18
-9/104,0,0,1,1,4,-2,-3,1,-3,-5,-6,5,0,8,13,-2,-4,4,2,-9,10,11,8,9,-3
-78/5,1,0,0,-5,-1,-7,5,-2,1,-2,3,2,8,-10,3,1,1,-5,4,-4,1,8,11,6,13
-77/6,0,0,-2,1,0,4,1,-2,4,0,-9,10,0,1,-8,-6,6,8,-12,-8,4,-14,11,0,-3
-53/27,0,0,0,-5,4,6,-1,-2,0,-5,-8,-7,-5,-4,12,-10,13,-4,10,-7,8,12,6,18,-6
37/63,0,0,1,-5,2,2,-3,-2,-3,3,6,-11,-1,-1,0,10,-12,-10,-12,3,11,0,-16,0,17
-28/53,0,2,1,1,-2,4,2,-2,-9,2,1,2,6,1,7,5,4,8,-12,-15,-5,-1,9,-12,-4
-59/103,0,2,-2,-5,6,6,-4,-2,-8,0,-1,-8,-6,4,-10,-6,-12,10,-12,-4,-2,-10,2,3,7
-15/911,0,0,0,1,-1,4,1,1,-8,-4,-1,-7,-6,-4,0,-2,-4,-10,10,3,-4,6,6,10,2
983/97,0,-2,2,-5,0,2,-3,-2,6,7,-8,-2,-4,-10,-10,-6,-11,1,-14,-6,8,15,2,6,4
987/97,0,0,4,1,4,0,-1,1,6,5,-1,-7,-2,6,-8,-2,6,2,14,-12,-7,5,8,-6,4
17/43,0,-2,1,3,4,2,-8,-2,6,-3,-10,-7,-4,-12,-11,1,0,10,-12,6,-13,8,4,10,-3
9/34,0,0,2,-5,0,-6,-2,1,-3,-2,3,-10,4,10,0,-11,-2,-11,0,4,0,-16,1,5,18
11/36,0,0,2,-5,0,-5,2,1,-3,3,-9,2,1,1,-8,6,-4,2,-8,3,-13,8,-16,18,12
-190/9,1,0,0,3,4,0,5,1,3,-3,3,-7,-4,-2,12,-4,-4,1,5,12,7,-10,-4,-16,2
35/7866,0,0,0,1,-1,-1,-1,-2,0,-4,0,-5,-6,-6,-6,-14,-11,1,-12,-9,-10,6,1,-3,2
8/1969,0,-2,3,-5,-2,2,2,-2,-8,6,4,8,6,1,0,-3,-1,-8,9,3,6,8,0,2,-7
2/393,1,0,2,1,-2,-5,4,1,-3,4,6,-2,-3,1,0,6,0,1,4,-2,-6,8,14,1,-5
17/3934,0,-2,0,-5,-3,6,-8,-2,-8,6,0,5,-6,4,-3,11,-2,-1,8,0,-6,6,-16,0,-18
17/3933,0,0,1,-5,-5,-5,-8,-2,0,0,10,-2,6,10,4,6,1,-1,-5,-12,-5,8,-8,-6,-14
1/246,0,0,4,0,-2,6,5,1,-3,-1,0,-2,6,-4,-10,-2,4,4,10,8,2,5,-8,18,2
2/437,1,2,4,3,-2,2,2,-2,0,4,3,-2,0,12,-6,-2,4,-10,-2,15,-6,-8,0,-2,-2
1/131,0,-2,4,3,6,2,-1,1,-3,-7,-5,10,-5,-2,8,6,-5,8,-11,-1,14,11,-4,3,8
1/315,0,0,0,-5,0,-1,-6,-2,-3,6,-7,10,-7,4,4,-3,5,0,-3,5,-2,8,4,-10,-1
3/784,0,0,2,-5,-5,-5,-1,1,-3,5,-8,10,-6,-3,0,3,-2,-11,-12,2,6,12,2,-15,12
53/64,0,-2,0,-5,-5,6,-3,-2,-8,-2,3,-6,0,1,0,-10,-10,8,-13,-9,-4,11,16,-8,13
29/30,0,0,0,-5,4,-5,2,-2,4,-10,-6,-2,6,7,6,-2,4,-5,-12,-4,-4,-6,6,-6,2
-33/106,0,0,3,1,0,1,-3,1,-9,-5,2,2,-6,-2,6,5,-4,-3,-14,3,1,-15,5,8,12
-13/407,0,2,0,0,-2,-7,-3,1,-3,4,-1,-8,-6,1,8,9,6,-8,5,8,2,-4,9,-6,-2
73/4,0,2,-3,1,6,0,2,1,-3,4,-9,-7,6,1,-10,-7,13,-5,-14,7,-11,11,4,0,14
69/7,0,0,2,-5,-1,-5,2,1,-7,3,2,-1,-5,8,-10,-2,0,-11,-10,8,11,10,-16,10,-1
101/62,0,2,-3,-5,4,2,2,1,6,-10,2,10,-6,4,1,-4,-14,6,8,0,4,-14,17,-14,2
-15/79,0,0,0,3,0,4,5,-2,6,7,-8,-10,-6,-3,2,-4,-14,-4,-2,6,14,-8,3,0,-7
-89/847,0,2,0,-5,-2,2,1,1,-3,3,10,10,12,6,12,3,0,-13,0,-9,-16,-7,0,-13,10
-42/425,-1,0,0,1,4,-5,-2,-2,-3,10,0,-5,-4,-6,-4,-9,-13,-5,11,12,-13,10,8,10,13
-46/425,1,2,0,1,2,-5,-2,-2,-7,6,3,10,0,6,-8,9,4,-5,8,-6,10,4,9,1,-2
-16/141,0,0,1,-5,0,-5,1,-2,6,-2,1,-10,-1,-1,3,1,0,5,-5,13,-6,11,-16,18,-14
-41/425,0,-2,0,3,-1,6,-2,1,-3,6,-1,-2,-4,5,-7,0,-9,8,-4,-15,-14,4,16,10,0
-41/426,0,0,2,1,6,-5,-1,1,6,4,-5,6,-4,8,4,-10,-11,2,-10,4,2,8,12,-14,-18
-28/5,0,2,0,1,-5,2,-3,1,-4,-4,-9,-11,-3,10,13,-7,0,4,3,-3,7,4,17,-6,-7
-60/13,0,0,0,-5,-2,-2,5,-2,2,4,-2,-2,6,4,-8,6,11,2,5,11,-16,5,6,2,17
-55/13,0,-2,0,1,0,-2,4,1,-8,-1,-1,-5,12,4,-7,6,8,8,4,-12,-6,-10,3,-6,-13
95/16,0,-2,0,1,0,2,1,1,-6,6,-10,7,-4,-7,-7,-6,-7,2,8,-3,-6,0,-7,-3,0
31/13,0,2,-3,-5,6,-2,2,-2,-3,-10,-10,-6,2,4,12,-3,6,-12,5,-4,-13,-6,-11,0,-14
-49/60,0,0,0,1,6,0,-3,1,6,3,-5,-7,-3,6,0,1,0,-10,2,-13,2,1,3,-8,9
45,0,-3,0,3,-5,-6,5,-2,-4,4,-1,-2,-5,4,0,-2,6,-7,12,-9,-1,-4,4,6,18
358/7,1,2,1,-5,-3,2,2,1,-3,-10,-4,-6,6,4,-11,3,11,2,-12,-15,1,5,-7,-10,1
112,0,2,-3,1,-1,-5,-1,-2,-4,-2,10,8,-4,-1,-6,-10,0,8,12,-15,-10,13,8,-14,-6
56,0,-2,4,1,-5,-5,2,1,6,-1,-7,-5,2,-1,6,1,6,-13,4,8,14,-15,10,-3,-18
3/2294,0,0,-3,1,2,6,2,-2,3,4,2,-8,-3,-1,-11,-11,1,8,4,5,10,0,-3,18,10
1/430,0,2,0,-5,-5,2,1,1,-3,2,1,6,-9,-12,-6,10,0,2,-8,-3,7,-8,6,-7,8
5/1719,0,0,0,3,0,-6,5,1,-8,-8,2,-7,-6,4,-6,-2,1,1,4,-12,2,13,-4,-12,-6
3/1148,0,0,0,-5,0,-5,-5,-2,6,6,3,-2,6,-1,-4,-2,-10,-2,12,-3,5,-4,-6,1,11
4/2293,0,2,2,0,-2,-6,5,1,2,-7,-9,5,7,12,6,-4,-4,8,-5,-12,-9,0,1,-1,2
1/290,0,-2,0,-5,-2,2,4,1,-3,-6,8,-1,-6,-3,12,6,-4,-13,-11,10,-7,-16,-16,18,8
5/1161,0,0,0,1,6,4,4,1,-3,-4,2,-2,0,-12,-7,0,-3,-2,8,-4,-6,15,-16,12,2
2/289,1,-2,3,0,0,-5,-2,-2,-3,-1,-7,-2,-6,8,0,-2,0,8,-12,2,4,-16,16,-10,8
10/1159,-1,2,0,1,0,-5,-4,-2,-9,3,6,10,0,4,0,-2,6,-4,-10,8,-6,-9,12,-8,-14
6/581,-1,0,2,-5,0,-5,-6,1,-3,-4,2,5,-5,-12,0,11,0,-13,0,3,-6,-6,-16,-12,14
-77/17,0,-2,1,1,0,2,-2,-2,-3,-2,-8,10,-7,-2,2,3,-4,-6,-13,-12,-6,13,14,-6,-5
-79/17,0,2,0,-5,4,1,-2,-2,-8,0,1,-6,-6,12,0,-2,-3,-10,11,-1,14,4,10,-14,-3
-16/33,0,0,-3,0,-2,6,3,-2,-8,-2,1,-8,-7,-10,0,-9,-10,6,-12,-12,2,-4,16,-10,8
-14/905,1,-2,0,1,6,-5,2,1,0,-5,-1,-10,8,-10,-6,-4,-7,8,-4,8,-13,-1,-4,-8,11
-29/70,0,2,0,-5,-5,0,5,1,-8,-10,-1,6,12,-1,7,6,-4,8,-14,6,14,-6,14,-9,10
-24/71,0,0,4,-5,-3,-1,-4,0,3,4,10,-2,8,-10,-8,-12,6,-8,-14,4,12,-16,12,18,18
-28/73,0,-2,2,1,4,1,-3,-2,-6,-7,-1,-6,0,-2,0,1,6,6,0,-4,-6,6,4,-10,-12
1082/81,1,0,-2,0,-5,2,-1,1,6,9,-1,5,6,4,-6,11,-7,-3,-4,16,8,9,-16,1,-14
1078/79,1,2,3,1,0,6,-3,-2,6,5,4,8,0,-6,11,6,0,4,-10,-6,-13,-8,2,-9,14
271/18,0,0,-2,3,-5,2,3,-2,-3,6,3,10,-1,2,4,6,-4,10,4,3,0,5,1,6,11
179/12,0,0,2,-5,-2,1,2,-2,-3,-1,-6,10,8,4,7,-4,0,-11,-10,13,7,-10,-3,-1,6
1075/73,0,2,0,1,0,-6,5,1,6,-2,4,6,12,-1,0,-2,6,-12,-10,3,-6,6,-12,-7,-2
1075/74,0,-2,0,0,-5,2,6,1,6,4,-7,-8,-5,-1,12,-2,0,-6,-3,-4,-14,-7,-6,0,-8
1077/77,0,0,2,-5,-2,0,6,-2,3,-5,4,2,1,4,-7,-2,-5,-2,-10,-1,-7,-8,-4,-6,-13
359/25,0,-2,0,-5,2,-5,-3,1,3,3,-4,-8,6,6,4,6,6,1,2,4,2,12,2,-15,16
1076/77,0,2,0,-5,-2,1,-1,1,6,7,10,8,-9,-10,8,3,10,-7,-10,-12,4,-16,-4,1,-12
1077/79,0,0,0,3,4,4,3,-2,6,3,-5,5,10,-12,0,3,6,-1,8,-3,-13,-8,-4,-17,12
-154/3,1,0,3,1,0,-5,5,1,6,-8,-8,6,-6,-4,-6,-4,-4,8,4,6,2,-8,-6,-17,-5
34/75,-1,0,0,-5,4,-6,-8,1,-8,-7,-5,-10,-6,-10,-6,6,0,-1,4,0,-2,6,-3,-14,-10
17/39,0,0,2,1,-5,-2,-8,-2,4,6,6,11,-6,7,8,1,1,2,-11,-2,-7,-4,-3,-8,-12
-39/17,0,0,-2,0,6,-7,-2,-2,6,-2,-5,2,-6,1,12,-11,6,8,12,0,-13,11,2,-14,-10
-76/39,0,0,0,1,-1,-2,6,1,-3,-2,6,7,-6,-10,-2,5,-4,-1,-12,6,0,6,8,-6,8
33/59,0,0,-3,-5,0,2,-6,-2,-4,-2,-1,-7,-5,4,-6,-11,10,10,4,-2,-2,4,15,6,-7
19/42,0,0,3,-5,4,0,-3,1,-3,-8,-9,2,-3,0,-6,-11,4,0,0,4,7,10,6,10,0
68/121,0,-2,-2,1,-2,-5,-8,-2,-9,-7,-4,6,-9,-1,12,-3,5,-12,-5,-12,8,4,-4,1,10
-92/3,0,0,0,1,2,-5,-4,0,-7,-5,-8,-1,-3,-2,13,-10,0,-2,-7,-12,-4,-7,16,-9,-14
-95/3,0,0,0,0,4,1,-3,1,-4,6,-1,-6,2,4,-11,-2,-4,-1,3,4,-2,10,-11,-6,14
85/31,0,2,0,-5,4,-5,-8,1,6,0,2,6,-6,-6,-6,5,-3,-3,12,-5,-2,-15,-9,-12,-5
91/31,0,2,0,1,-3,-7,5,1,-4,-7,2,-6,-5,-3,6,-11,2,0,2,-15,-4,15,12,0,1
23/7,0,-2,2,-5,0,6,-3,1,-7,-3,-8,6,2,5,4,-4,-3,5,-12,5,-1,6,2,-1,-1
-20/17,0,-2,0,-5,-3,-5,-2,-2,3,0,-4,8,0,-7,13,-4,-3,1,-10,4,-5,15,-10,2,8
-25/69,0,0,0,-5,6,2,-4,1,0,5,1,-2,-3,-1,2,-3,10,4,4,-7,2,8,-9,12,2
248/27,0,0,1,-5,6,2,4,1,-6,0,-10,11,0,-4,0,3,0,2,-10,-6,-14,-15,-3,0,10
247/23,0,-2,2,0,4,-7,-1,1,0,-5,-10,-7,6,8,0,6,-2,13,-12,8,-5,-16,4,3,-9
983/98,0,2,4,-5,4,1,2,-2,-4,-4,1,-11,2,8,-8,1,0,-3,-2,-3,-13,5,12,-7,-2
982/97,-1,2,4,-5,-3,6,5,1,-8,-5,-9,-7,-3,9,8,-2,0,8,-11,3,-6,5,12,-3,4
-21/38,0,0,-2,1,0,-5,3,-2,-8,-5,-4,-5,-9,6,-6,0,0,-1,0,8,-4,-10,4,-16,10
97/4,0,2,3,-5,4,-5,2,-2,3,-5,2,-2,-6,6,0,-9,0,-1,-12,12,11,5,4,0,8
93/7,0,0,1,-5,4,-5,-5,1,6,-4,-10,-2,6,-6,4,3,-4,-8,2,-12,-2,0,-15,-15,-3
47/3,0,0,1,-5,-5,6,-1,-2,6,-4,-9,-6,-7,6,-8,-6,-2,-11,4,4,5,8,7,18,-13
-17/81,0,0,3,0,-3,1,-8,1,1,-1,-10,-11,-6,-12,0,-10,0,8,-14,-7,-6,6,-7,1,8
-35/29,0,-2,0,1,2,2,1,1,-8,-6,-6,-7,6,0,-6,-2,-9,-5,12,-5,-1,-15,4,-17,9
2484/7,0,0,-3,-5,2,0,-1,1,-7,4,-5,-1,12,-6,-8,0,-4,-2,-4,-8,14,-5,17,-12,2
2483/10,0,-2,0,-5,-2,-7,6,-2,-6,-2,-1,-6,-1,1,-6,-2,-14,2,-10,0,2,8,0,-17,-1
2487/11,0,0,2,-5,-2,4,-6,1,-8,-7,-9,-1,-5,9,0,6,13,10,11,15,2,8,4,-7,-12
2496/7,0,0,2,-5,-2,-7,-6,0,-3,0,-1,10,-1,12,0,-2,-9,13,-8,-9,-13,0,6,-15,-5
2495/9,0,0,0,-5,-5,2,-4,-2,4,9,3,-5,0,0,6,-10,-11,6,-4,13,14,-8,12,-6,9
416,0,-2,0,3,0,-7,-3,-2,6,10,-9,-7,1,1,10,-2,5,-4,-7,-12,-13,10,11,-8,2
1249/6,0,0,1,-5,-5,4,1,1,-3,10,8,-2,10,1,0,-7,2,-2,4,6,4,5,10,6,-14
1244/7,0,-2,2,-5,0,-5,5,1,-4,-5,-5,6,-7,-6,-10,-6,-13,2,8,8,-5,6,7,-1,1
1244/5,0,2,0,0,0,6,-3,-2,-3,4,2,-8,-1,12,-8,-7,0,-6,4,11,-4,4,-10,3,-6
19/100,0,2,0,1,0,-5,3,1,3,-8,4,-2,-6,1,7,1,10,13,-10,-12,-6,6,4,-15,7
22/97,-1,2,2,1,0,-5,3,-2,-3,-5,-8,-7,0,4,0,-2,-4,-13,-12,11,-6,-12,6,2,4
175/16,0,2,0,1,-1,0,6,1,-8,7,-5,-8,-3,-10,-6,-3,6,8,9,12,-5,5,0,18,-7
177/16,0,0,-2,0,0,6,-1,-2,-3,-7,-9,10,-4,10,8,4,-12,1,-12,-15,-2,8,-15,5,-12
148/13,0,2,4,1,0,-2,2,-2,-4,-1,-5,-11,-3,-6,-6,-2,-7,2,-12,3,-2,-14,2,-4,14
181/18,0,0,2,-5,4,-5,5,1,-9,-7,-4,-2,7,-2,0,5,13,-1,5,0,11,-10,-5,8,10
-96/95,0,0,0,-5,-1,0,-3,-2,4,-5,-1,-1,12,-6,0,6,-7,8,-10,6,11,6,1,-4,-13
-95/92,0,-2,0,3,-5,-1,4,1,0,10,-6,-2,-1,4,-8,1,-11,-12,5,13,10,-4,16,-6,10
-17/46,0,2,-3,0,0,-5,-8,1,0,0,3,-1,0,1,0,6,-12,-12,11,3,-5,10,-5,10,1
-50/33,-1,0,0,-5,-2,-5,3,-2,6,-7,6,-1,0,2,0,6,-9,2,12,8,14,-10,11,-6,2
-51/32,0,0,3,3,4,4,-8,1,6,-5,3,-7,-2,-9,0,6,-11,-1,-10,-9,7,-8,11,1,-18
67/4,0,2,-3,0,-2,6,-3,1,3,-3,-5,2,0,-4,12,-4,-2,10,-5,-8,4,-16,-11,-9,-3
-28/59,0,2,-2,1,-3,-1,2,1,1,4,1,6,3,4,-3,5,10,10,4,15,-13,13,14,-6,13
-18/55,1,0,0,-5,-2,6,-3,1,-8,-4,2,7,4,4,-2,-2,0,-5,-14,-8,-16,-14,16,10,11
-15/56,0,0,0,-5,4,-6,2,1,6,6,10,10,12,-2,8,1,4,-5,2,2,2,8,12,-14,-14
4/91,0,2,1,-5,4,-2,6,1,-9,4,-4,-7,-6,-6,-10,6,-3,1,4,-4,2,-14,-4,0,-1
1/89,0,-2,2,3,-5,-6,-3,-2,-3,6,1,-2,1,1,0,6,-2,13,-11,12,-7,-14,-3,-8,0
22/19,1,2,0,3,0,-5,5,-2,2,0,-2,10,12,-6,-11,6,-13,10,-3,-6,-9,-16,2,10,11
879/2,0,0,0,1,4,-5,-5,1,4,3,-8,2,8,12,10,6,6,1,11,-12,-10,-5,3,-9,12
441,0,0,0,1,-5,6,3,1,0,-4,2,-10,-1,7,-6,6,2,10,-4,-2,-8,10,3,0,1
83/148,0,-2,4,1,6,2,2,-2,2,-10,-4,-8,2,2,13,-2,0,1,-2,-1,-9,1,0,6,-7
78/149,-1,0,-2,-5,-1,-7,-5,1,-3,-4,10,-8,3,5,0,-10,0,8,-12,2,10,5,16,10,2
27/49,0,0,-3,-5,-5,-5,6,1,-3,-8,8,-6,-4,-1,6,-11,-11,13,-12,-1,-13,11,-5,6,0
-23/76,0,2,0,1,-5,-5,6,-2,-7,10,-5,10,-6,-2,-10,0,6,4,9,9,-6,-9,2,-6,2
-16/37,0,-2,3,1,4,-5,-5,1,1,-1,10,-8,-5,-6,7,-3,9,-5,-4,4,-6,11,4,-17,1
-32/5,0,-2,0,1,0,-5,2,1,1,4,6,8,10,7,-7,3,-4,6,2,3,-5,-4,12,0,-2
-31/6,0,0,1,3,-3,2,-4,-2,4,3,-10,8,-4,4,1,-2,4,-1,8,5,-6,-14,-4,-14,10
95/4,0,-2,0,0,6,2,5,1,6,-7,4,5,-3,-1,-8,-4,11,-7,2,0,14,-1,0,0,-13
9/77,0,-3,2,-5,-2,-5,4,1,0,-7,-9,-2,-1,10,12,9,-14,5,4,-3,2,8,-16,-6,-12
21/16,0,0,4,1,-1,6,-3,1,-4,3,3,7,8,-1,-11,-6,4,6,-4,14,2,4,6,6,-3
-3/430,0,0,0,1,0,2,-3,-2,3,-10,-2,-11,1,-12,1,-4,-4,0,5,-4,2,12,-10,6,-14
-5/861,0,0,0,-5,-1,6,5,1,3,6,-1,10,6,4,-11,2,-12,13,-10,-15,0,8,-16,-12,-12
56/79,0,-2,2,1,2,-5,-6,1,-3,6,-9,2,-5,6,6,7,-5,1,-13,6,-13,-8,6,-6,8
-3554/3,1,0,3,3,4,6,5,1,-9,3,-1,-11,-6,2,12,0,-11,-2,4,-6,-7,-14,2,0,17
-3556/3,0,0,-3,1,6,0,3,1,-8,2,3,10,-1,4,0,6,0,0,-12,-13,-6,4,1,18,10
-889,0,-2,0,1,-1,-5,6,1,6,10,1,7,0,-7,-1,0,-2,4,-2,-12,7,15,-4,-6,-2
-3554/5,-1,-2,0,1,-1,6,-1,1,-6,7,-9,10,-3,10,1,6,11,-1,14,8,-5,8,0,8,-6
-7/151,0,-2,3,1,2,-5,6,-2,-8,2,-7,-5,10,1,-1,-12,6,2,-4,-2,2,0,4,3,-14
-11/147,0,0,-3,-5,0,6,3,1,-3,0,-9,10,8,4,12,-4,6,2,-14,10,11,0,-3,18,-2
-19/296,0,2,0,0,0,0,1,1,4,0,-1,-8,-9,8,4,-4,7,-11,0,8,4,-16,6,-4,6
-7/69,0,0,-2,1,4,-5,-1,0,0,-7,1,-1,10,12,0,3,-7,-8,-12,-15,-14,-15,-4,-1,8
-1/108,0,0,2,1,2,1,2,1,6,4,-6,-7,-1,-2,4,-4,4,-3,-2,16,-11,-8,-16,-17,17
-1/326,0,2,1,-5,-2,6,5,1,-8,-2,-4,-5,12,-12,-11,-11,0,1,8,-12,2,6,-3,3,17
-3/325,0,0,0,1,4,-2,1,1,-4,3,6,-2,-6,8,0,-2,0,-1,2,-12,-14,4,4,-14,10
-3/650,0,0,0,3,0,-2,6,1,3,6,3,-2,12,12,-6,-6,6,4,4,-9,-5,6,-4,6,8
-7/390,0,0,0,1,-2,-2,1,1,3,-3,-1,-7,0,-12,0,6,1,-3,-6,0,10,13,-5,-8,18
8/585,0,0,0,1,-3,-2,-5,-2,6,3,-4,-7,-6,4,0,-14,6,8,2,4,-13,-11,12,-3,6
3/167,0,0,2,-5,4,-5,3,1,1,-5,-1,-1,-6,12,4,9,2,-8,-14,8,7,-14,0,-10,2
17/1166,0,2,-3,1,-2,6,-8,1,4,-1,-9,-10,7,-12,11,5,5,-1,0,5,0,-8,-4,-10,-12
-4948/41,0,2,-2,1,-2,-1,6,-2,-9,9,-9,-2,6,1,4,-10,0,6,-2,12,-7,13,12,-6,16
-1648/13,0,-2,1,3,-5,-2,-3,1,-3,4,-6,10,-6,-9,0,2,8,10,12,-7,-13,6,12,-8,-6
-4942/43,-1,-2,4,1,-2,-6,-1,-2,-4,-3,8,-2,-4,-12,6,-6,-11,-6,2,-8,7,-12,-3,18,1
-825/8,0,0,0,0,0,-1,4,1,-3,-7,8,-1,6,10,13,3,-3,-8,4,14,-5,-4,17,-12,14
-1649/12,0,0,-3,1,-5,4,-8,-2,4,10,0,2,-4,12,-11,-4,-11,-2,-8,-6,-10,-10,-16,10,8
-275/2,0,-2,0,1,0,6,1,1,1,6,-6,6,1,-1,-6,1,0,-2,-12,15,-1,-14,-5,0,8
-1235/7,0,2,0,-5,0,-7,-3,1,-3,10,-1,6,-1,-7,0,6,11,13,8,6,-14,11,-15,0,8
-413/3,0,0,1,1,0,2,-3,1,6,-5,2,6,12,4,11,-2,-12,2,-12,8,2,6,10,-12,-5
-621/5,0,0,0,1,6,4,2,1,-7,6,6,-7,-9,-2,0,1,2,-2,4,-9,-13,0,1,-6,-1
-7/274,0,-2,3,1,4,-6,2,-2,-3,-3,-1,10,10,-1,-8,-9,-1,10,-3,3,-1,11,5,-9,14
-11/267,0,0,2,3,0,-5,-4,1,4,5,10,-1,-3,4,0,4,-4,8,12,13,-14,-16,-6,-8,1
-16/271,0,-2,1,0,-3,-5,3,1,-8,10,-6,10,-6,-12,4,-3,7,-8,-14,-12,-10,10,-15,0,9
35/81,0,0,0,1,2,1,-3,-2,-3,0,1,-2,1,-10,11,1,-11,-6,-5,-15,4,-8,-4,1,-6
-63,0,-3,-3,1,-2,0,2,-2,2,-3,1,10,-3,1,-11,6,-2,5,11,-12,-4,8,1,-15,-14
-77/103,0,2,0,1,0,6,-3,-2,-6,-8,-1,-2,10,-2,0,6,-4,-10,4,3,10,13,1,-9,-3
67/27,0,0,4,3,0,0,2,1,3,10,-1,-10,-5,4,-8,6,4,8,-5,4,-5,-10,-4,18,11
30,-1,0,0,1,0,-5,-3,-2,3,4,1,-6,-4,6,-10,-4,-14,8,-12,14,7,-9,12,-6,-6
5/784,0,-2,0,-5,0,4,5,0,4,-4,-10,-1,-6,-2,-11,-2,10,13,4,-12,14,-6,4,-4,10
2/391,-1,-2,-2,-5,-3,0,-2,-2,0,-2,-5,5,2,-2,0,6,6,-3,-8,12,-1,12,-4,-3,14
2/111,-1,0,3,-5,-1,-5,-3,1,3,-5,2,-8,-3,-10,0,-9,-7,-8,-11,-9,4,-5,4,-10,-18
28/2341,0,2,-2,1,0,0,-3,-2,-4,4,-7,-7,-9,-4,0,10,-12,2,6,-4,2,-15,-5,12,-2
28/2339,0,-2,0,1,-3,4,-3,-2,-9,5,-6,-7,-6,-9,12,-14,-4,-10,0,-12,-13,6,-4,-7,-19
15/1172,0,0,0,-5,0,2,-6,-2,6,2,-9,-2,6,-6,-8,6,10,8,4,14,2,10,-3,-6,-18
4/293,0,-2,2,3,6,-5,4,-2,3,4,10,10,4,8,-4,-6,6,-11,-14,-9,-6,-4,0,-3,10
-55/3909,0,0,0,-5,0,-5,-3,-2,-3,3,1,11,12,10,-8,-2,6,-4,0,12,10,-16,4,0,1
-9/652,0,-3,-2,-5,0,0,1,1,-9,-10,-1,6,-2,7,0,6,6,-7,-10,2,-2,4,-7,-16,1
-28/1955,0,2,0,1,-1,2,-2,-2,0,-5,8,-2,12,4,-8,-10,-13,-4,8,4,-14,13,0,-9,-5
-54/3911,-1,0,0,1,-1,2,2,1,-3,0,-1,-2,-6,2,-1,6,10,10,-12,0,7,8,0,-15,-10
-51/28,0,0,-2,-5,0,6,-8,-2,-4,6,8,10,7,-12,4,3,0,-8,-8,-3,11,0,5,-6,-1
-9/71,0,0,4,-5,4,-5,2,-2,3,-4,1,-2,-6,6,-3,-4,-14,-12,3,4,-6,10,-7,6,10
-12/73,0,0,4,3,-2,-5,4,1,-4,-4,-9,-8,2,5,8,6,6,0,8,4,-6,0,2,-14,5
31/65,0,-2,0,-5,-1,-2,4,-2,-8,0,-10,10,3,-10,4,9,-11,-5,0,5,7,4,6,-6,-1
41/64,0,-2,1,1,4,4,5,-2,-3,-7,-5,10,-4,-1,11,-4,-1,8,5,5,-7,6,0,-6,-8
69/55,0,0,0,0,-2,2,-3,-2,-7,-4,1,-5,-7,4,-6,6,10,-10,12,13,2,11,-4,-14,14
71/55,0,-2,0,1,-2,0,2,1,-3,6,3,-1,6,12,-7,10,6,-7,-11,-12,-13,-14,4,10,-1
-5331,0,0,1,3,-3,6,1,1,-3,-4,2,-10,12,-6,-6,-9,-4,1,-10,4,-6,-4,-4,6,-2
-5335/2,0,2,0,3,0,-5,-1,1,1,6,-1,-2,-6,4,-6,10,-7,2,-2,3,-13,-14,12,0,8
-2666/3,1,0,2,-5,2,-5,4,-2,-6,7,-10,-11,0,-1,4,-4,6,1,-13,-1,-7,13,12,18,5
-5325,0,0,0,1,6,-5,-3,-2,3,4,2,-2,-6,8,-2,6,4,1,-14,-12,-6,1,-5,8,-7
-1774,1,-2,2,-5,0,6,5,1,-4,-3,-2,10,-4,-9,-8,6,-2,-13,-14,2,-13,4,12,6,-10
61/41,0,-2,4,1,0,4,3,-2,-4,6,3,-1,6,5,-3,6,-4,-13,4,-12,2,9,-13,-17,2
31/33,0,0,3,1,-2,2,2,1,6,6,-10,-7,8,2,0,6,-4,-10,-4,13,12,-15,17,-6,-14
61/562,0,2,2,1,2,1,-1,1,-3,-3,1,2,-6,-4,10,-10,-2,-13,-12,-12,-6,-7,2,-9,-2
58/561,1,0,2,1,-2,1,-2,1,-3,-10,-5,-7,-6,1,-8,9,6,-2,-4,10,-6,12,4,6,-12
4/35,0,-2,0,-5,-1,6,-3,1,6,7,2,6,0,8,-11,1,9,6,8,4,2,4,-4,-14,2
85/22,0,2,0,0,-2,-5,-8,-2,3,0,-7,-5,-7,-2,12,-10,2,8,3,8,-6,-15,0,-1,17
89/22,0,-2,-3,-5,-2,6,5,-2,-8,-5,-4,7,8,-4,11,-2,-2,1,12,-6,11,-7,6,-13,-14
43/12,0,0,2,3,6,-1,2,1,-8,-4,2,-5,-9,-1,-11,6,-4,1,8,-9,14,-16,12,10,17
41/12,0,0,3,-5,0,4,-6,1,-3,4,6,-7,-4,8,0,0,2,-7,2,-9,2,-12,6,0,-2
20/69,0,0,0,0,-2,-5,2,1,0,6,-7,5,-4,-7,-6,1,-2,-2,-3,-12,10,-7,14,-9,-18
7/67,0,2,4,1,4,2,-1,-2,6,-2,-1,7,-6,4,0,-2,8,-7,0,13,0,5,-9,10,12
-23/54,0,0,0,0,-5,-5,5,-2,-7,9,1,-2,-6,4,6,-4,7,5,-12,-12,-2,8,6,-1,-8
-26/53,-1,-2,-2,-5,-1,-7,-3,1,-6,4,-9,-2,8,-4,-6,5,-12,-10,4,-9,-10,0,2,1,-12
7/40,0,2,0,1,-5,6,-3,-2,6,-1,10,11,-3,-12,-8,6,7,-11,-12,-15,-13,-10,2,-12,2
35/17,0,2,0,1,-3,6,-2,-2,-8,3,-9,2,-1,4,-6,-2,11,-11,8,-7,-1,8,14,-14,11
-2/55,1,2,0,1,-2,-5,-3,0,6,7,10,-8,0,8,-6,0,-14,2,4,13,-13,13,4,-1,10
-37/60,0,0,0,3,0,2,5,-2,-4,-2,3,-11,-1,-1,-6,-2,6,1,-10,5,-4,-15,-16,9,8
-35/59,0,-2,0,1,4,-5,-6,-2,-3,2,-1,11,-6,-2,2,1,10,-3,4,-12,-10,-10,-16,-1,-19
-34/57,-1,0,0,0,4,2,-8,-2,-4,-4,-9,10,3,8,12,6,-7,-7,9,2,-16,15,14,-7,-1
42/31,-1,0,3,1,-5,4,2,-2,3,0,2,-6,-5,-6,-6,-2,2,-5,-3,9,1,4,-11,-1,-7
-19/70,0,-2,0,-5,0,-5,3,1,0,-2,8,2,-6,4,-6,-6,11,2,5,3,-2,10,2,-6,-3
-19/11,0,2,4,-5,-2,1,-5,1,-3,6,10,-2,-7,-4,0,-11,11,4,-3,-3,-13,12,4,10,-2
87/34,0,0,3,-5,6,-6,-2,1,6,-10,-4,-2,-1,-10,-6,-3,0,8,0,4,7,-15,2,12,14
43/17,0,-2,1,-5,0,2,-2,-2,1,2,-1,5,-6,-1,0,-3,4,-10,4,-12,4,-8,3,-10,7
58/81,1,0,3,-5,0,0,5,1,-3,-10,-8,-2,-3,4,4,4,1,-1,8,8,11,-15,16,8,-12
-25/468,0,0,0,-5,4,-2,4,1,-8,4,-6,-5,0,2,0,-2,-2,2,8,-3,7,-8,-5,-15,-6
-5/94,0,2,0,3,-5,6,1,1,-3,7,-9,-7,3,4,3,-6,-12,5,2,2,-10,4,1,-9,-14
-20/469,0,2,0,-5,4,-6,5,1,6,-2,-9,2,6,2,4,6,-10,-1,0,-3,-13,-1,14,-17,-9
-5/117,0,0,0,1,-3,-2,5,-2,-3,-3,-1,-6,0,-1,4,-2,4,10,8,-4,4,-15,10,3,-5
-13/233,0,2,2,-5,6,-7,-5,1,3,4,-5,-5,-6,8,-10,0,-12,6,5,-8,2,-8,4,3,-2
-9/232,0,-3,0,-5,-1,4,-1,1,3,-6,10,-7,0,4,-7,-12,-7,10,-14,6,-11,-6,-4,-6,-8
-28/55,0,-2,0,1,-2,-5,-1,-2,6,3,-10,-5,-9,-12,4,-2,0,2,-3,5,14,9,11,0,14
-31/57,0,0,2,-5,-5,6,-4,-2,-6,-7,-10,-8,6,8,7,-11,6,-5,4,-1,-2,-5,-16,-15,11
81/65,0,0,0,1,4,-2,1,-2,-4,-3,-9,-6,-4,4,0,2,-4,-1,6,3,1,-4,-15,-6,5
-53/38,0,-2,1,0,4,2,-3,-2,-8,6,10,-2,-5,4,13,-10,-7,-6,0,-12,11,4,2,8,11
-55/38,0,2,0,-5,0,1,3,-2,0,10,2,-5,8,7,-6,-2,6,13,8,-12,12,-16,1,1,-1
-55/37,0,-2,0,-5,0,-5,-1,-2,-3,-2,-9,-8,-3,4,-3,2,-4,-2,3,-1,-7,-7,0,-12,-5
-47/4,0,2,3,-5,-1,4,4,1,-8,10,-9,-5,-3,10,-8,6,5,8,-4,0,-2,-14,15,12,12
97/5,0,-2,0,-5,-3,-1,3,1,-3,-7,2,-8,3,7,4,-4,-4,-13,8,0,14,-6,4,12,8
69/59,0,0,0,1,0,-5,5,1,-7,4,-1,-7,-6,8,0,-6,10,-8,4,10,14,1,6,-8,13
66/59,-1,0,1,0,0,0,-3,-2,-8,-5,-5,-2,-1,12,-3,-9,10,6,2,14,-8,0,-4,-14,-14
27/4,0,0,0,-5,-3,2,5,1,-3,3,1,-5,-6,-3,-8,2,-4,-8,9,-5,-11,11,6,1,-1
-890/61,-1,2,0,-5,-1,-5,-3,1,6,5,-1,-2,-6,2,0,6,10,-4,-14,-3,11,9,6,-13,-8
-890/59,1,-2,0,1,-2,2,6,-2,-4,0,-4,-5,4,-4,-8,1,10,6,-14,-2,-16,-5,-13,-13,12
-223/15,0,0,0,0,-1,6,4,-2,6,-10,3,-3,-9,12,-3,-10,0,8,10,16,-5,-7,14,-12,10
-1/202,0,-2,-3,0,0,4,-4,-2,4,4,-4,10,-6,-4,4,6,13,10,4,4,-2,-8,-3,10,0
-4/405,0,0,0,-5,-1,4,1,1,-8,-2,-4,10,8,4,-8,1,-14,-7,4,-12,-13,1,-12,6,-14
4/409,0,2,4,1,-1,-5,-3,1,-3,4,3,10,0,12,10,6,4,-12,-8,6,-14,5,2,6,-3
65/3,0,0,0,3,4,-7,3,1,4,-5,2,-10,6,-10,12,-14,-2,-10,2,-13,2,-16,-16,-10,0
53/2,0,2,2,1,6,6,4,-2,-3,-5,3,-2,1,2,-7,-10,6,-8,6,0,-5,11,0,-14,2
41/67,0,-2,-3,-5,0,2,-1,1,4,4,-6,-5,-4,-4,-8,-4,-12,-6,0,2,-2,-15,5,18,8
38/71,1,2,2,3,-5,0,1,1,-9,2,10,-8,-5,1,-3,6,-4,10,-12,4,-2,-16,3,6,14
81/11,0,0,4,0,-2,-5,6,1,-4,10,-9,-8,7,1,-2,6,-2,13,4,14,11,13,12,0,-2
61/2,0,-2,3,1,-2,4,2,1,-9,4,0,-8,10,4,0,-14,0,-13,-11,3,-10,-8,6,18,-14
89/13,0,-2,2,1,2,-2,3,0,-8,-10,-1,-8,10,6,-6,-3,-7,4,-8,8,-5,-4,3,-13,-9
98/11,-1,2,3,1,-2,1,6,1,3,4,1,-5,0,2,-4,-11,-7,-11,8,6,11,0,-4,-8,1
3/293,0,0,4,-5,-1,-6,2,-2,3,4,-4,7,12,2,-6,-6,2,-2,-12,-12,-8,13,2,18,2
3/296,0,0,3,-5,0,6,5,1,-4,6,-6,-8,-6,12,0,3,5,-11,-5,-3,6,9,-4,-7,8
-103/95,0,2,0,-5,-5,2,2,-2,0,-1,-9,10,-1,-2,-6,3,-7,-10,4,-6,-13,11,3,2,12
-100/97,0,-2,0,1,2,-5,2,-2,-8,3,6,5,-9,6,0,6,6,-13,11,-3,-13,-6,-4,-14,4
-100/93,0,0,0,1,-1,0,-3,1,-3,6,2,-7,-6,-2,12,-10,6,4,-8,-5,10,11,-16,0,-2
-3/281,0,0,-3,-5,4,4,5,1,0,10,-1,-2,12,-2,-7,-4,-2,-5,-12,2,7,0,-13,2,-7
91/61,0,2,4,1,2,-7,-3,1,-8,4,-6,-6,2,-6,-10,6,6,-4,4,-13,4,0,12,8,-2
89/65,0,2,0,1,6,-2,-1,1,6,0,-5,5,-7,-4,-6,1,4,8,4,-12,-6,9,-8,-13,8
-23/87,0,0,4,-5,-5,-1,2,-2,-7,-6,-5,-2,6,4,4,-14,10,-7,-10,4,11,11,14,-3,0
-92/97,0,2,2,0,-1,0,5,-2,-7,3,-1,5,0,-10,13,-9,0,-4,2,0,2,-9,8,-6,4
-92/95,0,-2,0,-5,-5,1,4,-2,-7,5,4,-2,2,7,4,6,6,4,-14,-12,-1,-10,1,6,12
-95/94,0,2,0,0,0,1,2,1,6,5,-4,5,6,9,3,-4,-9,-5,-14,7,-13,-11,-3,-12,-1
-23/300,0,0,0,1,4,1,4,0,-7,-10,-2,-7,-6,1,0,6,0,1,6,4,2,15,-7,0,10
-24/299,0,0,1,-5,6,-2,4,0,0,6,-5,6,-9,-12,-3,6,0,-13,5,-15,-6,-11,14,-6,9
-25/297,0,0,0,0,-2,-6,3,1,-3,9,-8,-8,-6,-6,8,-12,-7,4,3,13,10,13,12,-17,0
26/41,1,2,0,1,2,-7,5,1,0,6,0,-7,6,6,-6,6,-4,-6,4,-3,2,-8,3,6,12
53/78,0,0,2,-5,0,-2,1,-2,3,6,-9,-8,-6,12,-3,-10,11,-7,-14,9,6,4,4,12,-8
51/79,0,0,1,0,0,6,-8,-2,1,3,3,-7,-3,2,12,-14,10,13,4,-9,-1,-8,-3,18,-5
11/61,0,-2,2,-5,0,6,-3,-2,-3,2,-1,10,-3,10,-11,6,10,-4,-10,0,-16,-1,4,-8,9
11/141,0,0,4,-5,0,2,-4,1,-9,3,-4,-7,-6,-1,3,2,-2,8,-14,-5,2,-1,10,4,8
68/35,0,2,0,-5,-5,-1,-8,1,-8,0,8,-2,6,-1,4,6,0,-10,5,0,-5,-11,8,9,-9
72/37,0,-3,4,0,4,1,1,1,-3,0,3,-8,2,12,0,-9,6,-6,12,-7,-6,11,-9,-15,-12
16/89,0,-2,1,1,4,-5,-3,-2,6,-5,-9,-1,-6,5,0,-10,-4,6,11,-12,-16,-8,-3,-8,-14
10/91,-1,2,0,-5,4,-2,-3,-2,-3,-5,-9,10,-2,4,0,6,6,2,8,7,-11,-10,4,-8,2
5/91,0,-2,0,-5,0,-2,5,-2,6,2,-9,-7,0,-6,8,-3,-2,8,10,-3,-14,11,17,0,-4
-1/1723,0,-2,0,1,-2,4,2,1,1,-5,3,10,12,-7,-7,-6,-1,-13,6,8,10,-14,16,2,-18
-5/1724,0,-2,0,0,0,2,-4,0,-3,9,3,-7,-6,12,-11,-11,6,8,11,8,-13,5,15,4,-8
-3/3446,0,0,3,1,6,2,-3,1,6,-10,10,6,-3,8,0,11,6,1,5,4,-1,-14,-16,-15,-12
-4/1723,0,-2,0,3,-5,-5,2,-2,6,3,8,-6,0,-1,-8,-2,0,10,-4,-5,-14,-1,-7,10,3
-1/1724,0,2,2,3,-3,-5,6,1,-3,7,-9,-2,6,-9,3,6,11,-10,-12,-15,7,-4,-1,-15,2
-2/863,1,-2,4,1,-3,2,-4,-2,-9,0,10,-1,12,7,3,-2,-4,-12,-14,-9,-2,-14,10,-6,2
-2/1727,1,-2,1,0,-2,2,-1,0,-4,-10,-1,-1,6,-12,-6,6,6,10,0,4,-8,13,12,-6,8
3/1721,0,0,3,-5,4,4,2,1,-3,0,6,-1,-6,10,8,-6,0,-10,11,6,-6,5,-4,6,-1
-25/58,0,-2,0,-5,6,4,5,-2,-9,-6,-1,11,0,2,4,1,-7,-10,0,0,10,-11,11,2,2
-5/12,0,0,0,1,2,-5,4,-2,-3,-7,-4,-2,3,-3,-6,-14,0,2,-14,-15,7,13,6,-3,8
-23/59,0,-2,2,-5,0,-6,6,-2,-7,-4,10,-8,-6,-12,4,-7,10,-10,16,6,-4,6,4,-14,17
-193/7,0,-2,2,-5,4,-5,-3,1,6,-10,1,-7,-1,4,12,-11,8,10,-2,4,4,-1,-3,-6,-18
-97/3,0,0,2,-5,0,4,-3,1,2,4,-5,-2,-5,-4,-8,1,0,-10,9,-2,-13,6,2,0,8
4/311,0,-2,2,1,4,-1,5,1,6,3,-10,-7,-9,4,12,9,-11,-5,12,-1,-2,-16,-9,-10,2
2/155,-1,2,0,1,-1,4,4,-2,-3,-4,2,-3,-6,-4,-6,-4,6,13,-12,3,2,0,12,0,-9
1/625,0,2,0,-5,4,2,-3,1,2,7,-7,-7,0,9,6,-10,10,-8,-11,3,2,-4,-12,6,13
5/1244,0,2,0,0,4,0,-3,1,4,-5,-5,-10,2,2,0,-11,0,6,5,-4,10,15,-16,3,14
15/47,0,0,0,3,4,2,-4,1,-3,-2,1,-7,2,-10,3,-10,-4,5,5,15,2,0,6,6,-9
34/107,-1,-2,-3,3,4,6,-8,1,-3,6,-4,-5,3,-6,-8,-12,-4,10,5,-12,-16,0,4,-10,-2
29/107,0,2,-2,-5,4,2,3,1,-3,-10,-1,10,-1,7,-8,6,-4,0,4,-1,-8,-8,12,-3,-2
254/3,1,0,3,3,-3,4,5,1,6,-5,-6,5,-4,-1,3,-2,4,-3,0,-12,-7,-10,3,12,8
251/3,0,0,2,1,-2,2,-1,-2,3,4,2,-7,-4,-12,0,5,4,1,-4,-5,4,6,10,12,10
-87/689,0,0,2,1,0,-2,-3,-2,6,-10,1,-6,6,10,-4,5,-7,-1,8,4,10,-6,-3,0,8
-43/22,0,-2,4,1,-2,2,2,-2,-4,-7,-1,-6,7,-1,1,-2,9,-5,-6,15,-13,8,1,-7,8
-17/13,0,2,0,3,0,-2,-8,1,0,0,-9,-6,-6,4,-8,-3,10,0,2,15,-10,-8,-15,-6,17
-43/42,0,0,4,-5,4,1,4,-2,-3,3,-9,-2,-9,-1,-6,6,4,-3,-8,-7,-7,10,16,9,-19
-91/86,0,2,1,1,4,-7,5,1,-9,-2,-9,2,6,-12,-3,-2,0,-4,-10,-6,-16,11,-4,-8,17
-94/267,-1,0,3,-5,0,6,6,0,-3,2,-9,-5,-6,1,-8,-10,6,2,-13,-12,10,12,-6,-8,0
-3/64,0,0,-3,-5,4,1,2,1,-9,3,-1,-8,-9,-4,-2,3,8,0,12,-15,0,8,4,-15,1
-5/127,0,2,0,1,-5,-6,-1,1,-3,-10,10,10,8,0,0,-2,4,0,-4,-12,-2,0,-16,9,-6
-65/59,0,-2,0,-5,-2,-7,5,1,6,6,2,6,7,-1,3,-6,10,2,4,-15,11,-8,1,-8,8
-60/61,0,0,0,1,-5,0,5,1,-9,0,-4,-5,-6,7,0,3,-4,-4,-3,0,-9,-15,6,3,-14
104/31,0,-2,2,1,-2,-7,2,1,-3,2,2,-3,1,4,0,6,-14,2,-8,15,-16,10,-16,9,10
-2525/96,0,0,0,1,-1,0,-1,1,3,5,4,-2,10,2,-10,-2,-3,-2,0,-15,11,8,-4,-17,12
-2525/97,0,2,0,-5,-2,-6,6,0,-3,2,3,6,2,2,4,-2,-5,6,-14,-12,14,11,4,-3,4
-8/69,0,0,3,0,-5,4,-4,1,0,2,-8,-7,-4,10,0,-4,-9,0,4,12,-13,-8,6,-6,2
-5/71,0,-2,0,1,6,2,-3,0,-3,9,-9,2,-3,1,6,-6,0,8,-2,4,-10,8,-1,2,14
-1/294829,0,-2,4,1,-2,-6,-4,-2,-8,-1,-9,-2,12,4,-8,6,9,-10,-12,16,6,8,2,9,-5
1/294830,0,-2,0,1,4,-1,3,-2,-3,7,-1,-2,12,4,-8,7,-7,6,4,2,7,1,4,-3,-1
-5/442247,0,-2,0,1,-1,-2,1,-2,2,0,-9,-2,-1,-4,6,-3,10,-8,-14,14,-10,8,0,-17,8
-83/96,0,0,0,3,-1,6,5,1,6,2,-2,-2,-6,-3,-3,1,4,1,12,0,8,-8,0,-9,18
-33/29,0,0,-3,1,0,0,-1,-2,2,-6,2,10,0,6,0,6,0,-8,8,13,6,5,-11,-8,2
-96/89,0,0,0,1,-2,-1,-1,1,-3,10,-2,8,-9,7,-6,-3,4,10,8,12,-10,-7,-9,-8,0
49/43,0,2,3,1,2,-1,-3,1,-4,-10,8,10,-5,-12,0,-9,1,-5,5,13,7,-10,2,-12,17
81/10,0,0,0,1,4,6,2,-2,-3,4,-5,-10,-5,8,0,-10,-14,2,2,2,7,8,-10,-8,3
77/10,0,-2,0,1,0,-1,-5,1,6,0,8,-8,6,-12,-7,5,9,4,12,6,2,-16,-3,-12,-14
-101/49,0,2,2,-5,-3,6,-3,1,-4,-5,3,10,0,-10,4,0,6,-3,-10,8,11,5,-4,0,-10
-100/47,0,2,0,0,4,6,-3,-2,-3,-5,8,11,-6,-6,3,0,2,-10,-4,13,7,6,9,-14,10
-27/88,0,0,4,1,-2,-1,-3,1,-3,-7,-2,-1,6,12,0,6,-1,0,4,7,14,-16,0,0,12
-355/13,0,-2,0,-5,-3,-2,-3,1,-3,-3,10,-8,6,-10,0,6,11,1,4,-12,12,-16,17,10,-7
4/623,0,-2,-3,-5,6,-1,2,1,6,0,-1,-11,12,6,-11,6,0,-1,-13,8,7,-10,-3,-8,-14
5/626,0,2,0,-5,2,-1,-3,-2,-3,-7,6,5,-3,4,-11,-4,2,-1,-12,13,-2,-6,-15,18,11
2/207,-1,0,0,-5,6,4,6,1,0,6,6,11,-6,-9,4,6,6,-13,12,-9,12,10,-11,-12,-6
5/623,0,2,0,-5,4,-5,-6,-2,4,3,3,-6,6,4,4,2,0,-7,-14,4,-13,-4,10,-8,-1
-13/57,0,0,0,0,6,-7,6,-2,-8,9,0,-5,-6,-3,0,6,-11,-10,10,0,-13,-16,-4,18,-18
43/55,0,2,0,1,-2,2,5,-2,-3,-4,4,-7,1,-1,0,1,6,-5,-12,5,10,-4,-15,-12,-19
-78/43,-1,0,1,1,-5,-7,2,-2,-8,4,-5,-11,-7,-12,-6,6,10,-7,8,-3,2,5,3,-1,6
26/103,-1,-2,2,0,-5,-7,-4,1,-8,-1,0,-1,-1,10,-3,10,-14,-4,-11,16,6,-9,-4,-7,-10
23/99,0,0,0,1,-2,4,5,0,-7,3,-5,-3,-1,9,8,-2,4,0,2,-12,-2,6,-12,1,-2
-8/57,0,0,4,1,4,2,-1,-2,-6,-5,-1,10,6,0,-6,-6,6,2,-12,-15,-8,-6,4,12,2
-23/173,0,-2,1,0,-3,-5,5,-2,-7,2,-4,-2,-7,4,0,-10,-5,-7,10,4,-8,4,10,-16,2
71/231,0,0,0,-5,-2,4,-6,-2,6,4,-7,-8,-9,5,0,-10,13,6,0,-12,12,-8,10,6,17
63/232,0,0,2,1,0,2,5,-2,-4,-6,-4,-5,6,1,-4,-2,4,-2,8,3,2,-4,-7,-1,14
63/235,0,0,0,1,-1,4,-3,1,6,0,10,10,-9,-6,3,-3,-2,-12,-14,3,-1,-14,-15,-15,10
64/233,0,-2,-2,-5,6,2,5,1,2,-4,-10,2,-6,4,-6,-6,0,-2,-12,-5,2,-16,-11,-7,-19
32/117,0,0,4,-5,-2,-2,4,-2,-6,5,-1,-6,-7,-1,-10,-2,10,6,8,-9,11,-5,-16,-1,12
19/78,0,0,-3,-5,0,-2,1,1,-4,3,2,2,7,10,6,-7,0,1,8,16,-11,-14,14,10,8
77/53,0,2,2,1,0,6,-3,-2,3,-7,10,-2,3,-12,12,5,6,5,16,-9,-1,6,-7,-6,7
-70/43,-1,-2,0,1,-3,0,-3,1,6,-3,-1,10,1,-12,0,9,6,4,2,9,-13,15,-4,-8,-13
-65/44,0,-2,0,1,-2,-7,-6,1,-8,6,-9,5,-2,8,12,3,-12,-4,-11,5,5,1,3,2,17
97/91,0,2,2,-5,-2,-2,-6,1,6,-5,-4,-10,-4,7,-8,6,10,-4,0,-15,4,-4,-4,6,8
-101/90,0,0,0,3,6,2,1,1,-6,-4,-9,5,0,8,6,1,-9,2,5,-9,-8,-7,-10,6,-18
-4/3717,0,0,0,-5,-3,-5,6,1,-8,-4,-1,-2,-6,-10,-8,9,10,10,8,-12,-11,8,0,12,12
-6/3721,1,0,2,1,0,4,2,1,-3,0,-7,-2,-6,-3,7,-6,2,-4,12,-12,-8,-4,4,-12,2
-29/231,0,0,0,-5,-2,2,-4,-2,-8,-10,-5,-2,8,-6,11,6,0,-5,4,15,0,0,16,10,17
-85/693,0,0,0,-5,-2,-5,-8,1,6,0,3,11,-1,-1,7,-2,6,-2,0,3,4,-14,-16,-3,-8
126,-1,-3,2,1,4,-1,1,1,3,10,-6,-2,3,4,13,2,1,-13,-14,5,-14,1,-3,-12,-19
-61/48,0,0,3,-5,-3,6,-4,-2,0,0,3,10,3,2,-2,-2,10,-13,2,-2,-2,-9,16,-17,-2
46/43,1,2,-2,-5,0,-5,1,-2,-7,-3,-5,-7,2,-12,-8,-10,0,-4,4,0,-5,1,0,-9,7
-30,1,0,0,-5,-2,-1,-3,1,-6,0,2,10,-1,-1,0,-4,-4,4,4,-15,-2,-8,-3,1,8
-77/613,0,2,4,1,0,6,-3,1,-3,-5,3,-2,-6,-10,13,-2,-14,-2,4,-9,-14,-15,-16,-12,-12
-79/611,0,2,0,1,4,-2,5,1,-3,-2,-9,11,-4,-3,3,6,4,1,-12,-15,-5,4,0,-17,-18
-27/205,0,0,0,-5,-3,-1,1,1,6,4,1,-5,6,8,-6,3,0,-8,-3,14,0,13,-13,-9,-5
-81/617,0,0,3,3,4,-6,5,-2,-8,-5,-9,-5,12,1,4,4,6,10,4,4,8,5,12,-16,14
-61/28,0,-2,0,-5,6,0,-3,1,-4,5,1,-2,-1,2,0,-4,-2,-13,-4,-6,-5,-1,3,-6,-19
-95/98,0,-2,0,-5,4,-5,5,1,3,2,3,10,-6,-4,-6,-2,9,1,4,6,5,-1,6,1,10
69/49,0,0,4,-5,4,1,-3,1,-7,-7,-5,-2,-3,4,7,-6,4,6,8,4,2,-14,0,6,-3
67/49,0,2,-2,-5,0,-5,-4,-2,3,0,-6,-2,-3,-1,4,-4,-9,8,-5,15,-2,-10,1,-8,10
58/47,-1,-2,2,1,-5,-5,5,-2,1,-10,1,-6,0,-10,3,6,4,-8,2,-15,7,6,0,2,16
62/49,-1,-2,0,-5,0,2,2,1,-3,-4,-10,7,-6,-3,-11,-9,2,-1,11,16,5,-4,8,-7,-18
-1/487,0,-2,0,-5,4,0,2,-2,-8,-4,2,-1,-2,10,7,-4,-2,10,4,-12,-13,5,0,-6,-13
1/324,0,0,1,-5,0,6,4,0,1,-4,-1,-8,10,9,0,10,6,-7,8,13,-5,-12,3,2,2
1/488,0,-2,0,3,-2,0,-1,-2,4,2,-9,-5,10,1,1,6,0,-4,6,4,6,-4,-3,1,1
-3/491,0,0,2,-5,0,2,-1,0,4,4,-9,5,3,8,4,-6,0,0,2,7,-11,5,4,-6,-13
6/1495,1,0,0,-5,4,-2,5,1,0,-2,1,-6,0,12,-6,-3,0,5,-10,-3,6,8,4,1,-12
17/3739,0,-2,2,3,4,6,-8,-2,-9,-4,-9,11,-6,-1,-6,6,2,-7,2,8,-11,13,-4,-8,-14
9/1870,0,0,0,1,-2,0,-2,-2,-8,4,-10,-1,-7,-4,13,6,-4,-6,-12,-4,8,12,-5,6,1
15/32,0,0,0,1,4,-1,4,-2,-8,-4,0,-10,-6,-1,-8,-9,4,-2,9,13,7,-7,8,-12,1
347,0,-2,-2,-5,2,-1,1,1,6,0,6,2,-3,10,-6,6,0,-10,-8,4,-2,6,14,1,-18
695,0,-2,0,1,-1,-6,5,-2,-3,0,-9,6,-9,8,6,-10,-10,13,8,8,-10,-16,3,18,-6
1043/4,0,-2,2,1,4,-5,-1,1,6,6,-5,10,6,6,8,10,0,10,-12,14,7,-1,0,-1,14
1039,0,2,2,3,4,6,-6,-2,0,-3,4,-2,-6,8,12,-11,-11,2,-10,-9,-2,-6,-3,-8,-10
1043/3,0,0,4,1,-2,2,-6,1,6,3,8,11,1,-6,-7,0,13,2,-14,15,-6,-14,7,10,-10
-5/163,0,2,0,0,0,1,-3,-2,-3,4,3,-8,-6,5,11,0,-4,-1,5,-12,-6,8,3,-6,-10
-15/487,0,0,0,-5,2,-5,5,-2,6,-5,3,-5,3,4,-8,-2,4,-2,2,-3,0,10,-4,6,-3
-19/487,0,-2,0,-5,-5,6,-5,1,-3,-5,-5,-2,-6,-7,0,-2,-12,-10,8,13,-5,8,8,18,2
-7/243,0,0,2,1,-3,-5,-6,1,-8,-7,-1,-8,6,-9,12,-9,4,8,12,15,7,-6,14,6,18
-10/487,1,-2,0,0,-3,6,-3,1,-3,0,-1,5,-7,6,-11,0,0,-2,-14,2,-2,-14,-3,6,8
-13/488,0,2,1,3,4,-7,-5,1,6,7,-8,2,-3,4,0,7,-7,-4,1,-9,-1,8,-4,12,2
-1/246,0,0,1,1,0,2,-6,0,6,-7,4,-7,6,-6,0,-2,0,8,-11,2,2,8,-4,-8,-10
-5/246,0,0,0,1,4,-5,-1,1,0,10,10,2,6,-1,-6,6,-4,6,8,-1,11,-4,3,0,0
-2/201,-1,0,-3,0,-2,-5,6,1,6,4,-10,5,12,4,0,-7,-1,-1,0,10,-13,-7,4,0,-10
-1/50,0,2,0,1,0,6,4,-2,-8,4,-9,-2,8,-4,-11,6,-10,-4,11,0,-2,-9,-16,-1,-1
8/63,0,0,0,-5,-5,-1,6,-2,4,3,-1,-1,-3,4,-8,-9,-2,-13,8,-8,-2,12,3,18,-14
-73/43,0,-2,2,-5,4,4,1,1,-3,4,3,-1,6,-12,-10,-6,8,-5,-14,3,-11,6,3,8,2
-73/41,0,2,-2,3,2,-1,-4,0,6,-4,-6,-6,6,9,4,-4,10,2,4,3,-11,-1,-7,1,3
-14/1768983,-1,0,2,1,0,-5,3,-2,-8,2,-1,-5,8,-12,0,1,0,13,4,-2,12,-8,6,6,8
-12/1768985,0,0,0,1,2,-5,6,1,4,-3,10,2,-6,4,-8,11,0,13,5,12,-8,-15,-16,10,12
-14/1768985,1,-2,0,1,4,-1,2,1,-3,0,8,-8,-6,4,8,-4,-9,-1,4,-12,-2,-4,-3,1,1
53/66,0,0,-2,1,-2,2,3,1,-3,5,-8,6,-4,8,-10,-10,6,4,-7,-9,-2,0,1,10,-1
-4/117,0,0,0,1,-5,-2,-6,1,-8,-2,-5,-11,4,1,-6,6,6,13,5,4,-14,-15,-16,-12,-6
-37/711,0,0,-2,3,-5,-6,4,1,3,9,3,-11,-6,-1,-2,2,10,2,11,-12,-11,-8,3,-12,-18
-19/356,0,2,2,-5,0,-5,-6,1,-3,2,2,-8,-2,4,-6,-4,-1,13,5,0,-10,-4,-3,-8,8
-10/143,1,2,0,1,-2,-2,4,1,-8,-4,6,10,6,6,-8,7,10,-1,5,-12,-5,12,6,-10,-2
858/5,1,0,0,-5,0,-7,2,1,2,6,-4,-1,-3,5,10,-6,-14,13,5,-1,0,-10,6,0,9
857/7,0,-2,2,-5,-2,4,4,-2,4,2,-7,-7,-6,-6,-6,-10,-2,-3,8,-3,-10,11,1,-17,8
213/4,0,0,-2,1,-5,4,5,0,-3,-5,1,10,-7,8,-6,-10,11,8,10,-12,4,6,0,18,-19
854/9,-1,0,4,1,-1,2,-3,1,6,-3,-9,-7,-7,7,-6,3,9,-13,3,13,7,-6,-3,0,-3
860/11,0,2,0,-5,-2,6,-3,1,-3,6,10,-2,7,-1,0,-4,-10,-13,4,-9,-1,6,6,-15,-9
853/9,0,0,2,3,0,4,-5,1,-3,4,10,6,-1,-1,12,-4,5,-1,8,-12,-10,11,2,18,-8
500/7,0,-2,0,-5,4,6,4,1,-3,4,-5,-2,-9,-4,7,-4,6,-12,-7,-15,2,-16,-4,0,-6
37/57,0,0,0,1,-1,2,-4,-2,6,0,-5,-11,10,-6,-8,-6,-9,1,10,2,2,-4,6,9,2
41/59,0,2,1,1,-1,-5,2,-2,1,-5,2,-2,-4,8,0,-6,10,-2,8,9,8,6,-4,12,-18
20/31,0,-2,0,1,-5,-5,3,1,4,10,2,-7,-9,2,1,6,13,6,-14,-15,-8,13,4,8,-12
-258/5,-1,0,0,3,6,1,-3,-2,-4,-10,-4,-2,-6,-1,-2,0,-9,-1,-12,0,-7,15,6,-4,16
-130/3,1,0,0,0,0,-7,-6,0,6,-4,-4,-1,6,-7,-6,-2,-2,8,-2,12,-2,-1,9,-1,14
-394/13,-1,-2,-3,1,-5,-2,2,1,-8,0,0,8,-6,8,-8,-2,4,4,-3,-12,7,6,-3,6,-6
-394/11,1,2,4,3,-2,0,-4,1,2,0,-4,10,0,9,-8,-9,-5,-5,11,-12,-6,15,-12,-12,17
-386/13,-1,2,2,0,4,-2,2,0,3,-4,10,10,-6,-4,8,9,0,-11,-13,0,-6,8,14,-4,-6
-193/6,0,0,-2,-5,6,-1,3,1,6,0,-10,10,-7,-6,0,0,-7,-7,-2,-4,-14,-14,-15,3,-2
-9791/4,0,2,4,-5,0,-6,-3,1,-9,10,-5,-7,-7,-7,-6,-4,6,8,3,5,-5,10,-7,-2,2
-4894,1,-2,4,1,-5,6,-6,1,-3,6,-10,11,7,12,0,-3,5,2,-11,3,-13,-1,0,-6,1
-9788/5,0,-2,0,0,4,-5,5,-2,6,-8,-1,5,0,1,0,-2,-4,4,-4,-1,0,-8,2,-6,-2
-9788/3,0,0,1,-5,0,-1,1,1,3,-3,-9,10,-1,5,-6,1,-2,-4,8,-4,-6,-15,12,-8,12
-19571,0,2,1,0,0,6,-3,1,6,-2,-8,10,0,4,0,-2,-7,-2,6,6,-16,10,-12,6,6
-4892/3,0,0,0,-5,-5,1,1,1,6,5,-6,-7,2,-9,-10,-4,2,-8,-11,15,4,0,3,-6,18
-4895/2,0,-2,0,1,0,1,-4,-2,6,5,8,10,-2,-4,4,6,0,-5,8,-1,-6,-4,11,-13,16
4/161,0,-2,2,-5,6,-6,-4,-2,0,6,3,-1,7,2,11,-6,4,-8,8,-5,-4,-8,6,-8,14
101/942,0,0,2,1,4,-6,6,1,4,4,3,-5,-7,8,-6,-6,-4,1,2,-12,6,-8,-8,12,18
99/944,0,0,4,1,0,2,5,1,3,-5,-9,10,-6,9,1,-10,10,-13,4,6,4,-1,6,-1,-12
32/311,0,2,-3,1,4,6,2,-2,6,-2,2,-8,2,1,10,1,-2,-1,4,9,-10,-4,6,2,12
34/311,-1,-2,1,1,-3,-5,-8,-2,-4,5,3,-7,-9,-12,11,-11,0,4,6,6,7,4,12,-1,-10
-2/37,-1,2,1,1,4,2,2,1,-3,6,1,-8,12,1,11,2,-4,-13,2,-6,6,-8,-6,-10,3
-195/7,0,0,0,-5,-1,-7,5,1,-3,-8,3,-7,-3,4,-8,6,0,8,8,-9,-16,5,-9,-14,18
-52/75,0,0,0,-5,-3,-7,6,-2,-4,3,-9,-7,6,-10,0,1,2,-1,-13,-1,-6,6,6,1,8
-53/75,0,0,0,1,6,-1,1,1,6,-7,0,-2,-1,4,-10,-10,0,6,8,15,-4,13,-12,18,-14
-80/93,0,0,0,1,2,6,1,1,1,-4,2,-7,-4,8,-2,-6,-11,6,12,-7,6,-1,1,-14,8
15/163,0,0,0,-5,0,-5,-1,-2,-9,-2,-4,8,7,2,6,6,-1,-7,11,-3,2,-16,-16,-9,-8
41/495,0,0,0,-5,-2,0,6,-2,-3,-4,-8,-3,-4,-3,-6,6,-14,10,4,-2,-13,-4,-3,-3,-7
78/991,1,0,-2,1,-5,-7,-6,-2,-6,-2,0,10,-6,-3,-6,-3,8,-12,11,-9,-2,10,11,10,8
17/248,0,2,1,0,-5,-5,-8,-2,-3,0,2,-7,-4,4,0,0,-13,-4,-5,-3,2,15,3,-8,-18
3/41,0,0,-2,-5,6,-5,5,0,0,6,-1,-5,6,4,0,5,9,-1,-10,6,-11,0,-16,5,10
22/113,-1,-2,1,0,0,2,-6,1,1,-5,-4,10,1,-1,-11,1,-9,-7,4,-1,4,4,4,-12,13
57/88,0,0,2,1,-2,6,-6,1,-8,0,2,-8,-4,8,8,1,6,-11,-12,3,-11,15,-4,-14,16
54/25,-1,0,0,3,4,4,5,1,0,4,-1,2,-6,4,0,6,-4,1,4,3,-13,8,-4,-1,-7
109/43,0,2,0,-5,-5,4,2,1,6,3,-1,-8,-3,-12,-6,-7,0,8,8,-12,0,-6,4,0,14
14/111,1,0,1,1,-2,0,5,1,6,5,10,-8,-2,-1,1,-10,6,10,-2,-5,-13,8,-4,-6,8
34/223,-1,2,-2,0,-3,-5,-8,1,-3,6,4,-10,-1,9,12,-11,-9,-2,-12,-6,-1,-8,-15,12,-13
10/61,1,2,0,1,0,-5,4,1,-6,9,-8,-7,12,5,0,1,4,-4,-12,-8,7,-4,1,6,9
19/122,0,-2,0,-5,0,-1,6,1,2,-5,6,-3,-7,7,-8,-2,9,-4,11,-15,2,13,15,12,-14
265/18,0,0,0,-5,0,2,-1,0,-6,-8,-9,-7,-6,-2,-2,-10,0,-7,12,3,4,-16,8,6,-9
267/17,0,0,2,-5,2,-5,-2,1,-3,3,1,10,0,-2,-8,11,7,-3,4,-8,-14,8,4,-13,-7
799/49,0,2,2,-5,0,4,-8,-2,-8,-3,-1,-2,2,4,-8,0,4,8,11,6,2,10,-4,-14,12
801/50,0,0,0,3,4,-1,5,1,-4,-4,3,7,-9,-4,13,-6,-4,-1,-8,2,4,-6,2,-13,5
1598/99,1,0,0,1,-2,-5,-8,-2,6,6,-1,-2,-6,2,-8,-2,-3,4,-10,0,-10,13,6,3,6
1600/99,0,0,0,-5,-2,-5,2,0,-3,-1,-4,11,-4,-1,-6,-2,7,-2,4,-9,0,0,-12,-14,-5
1/350,0,-2,0,-5,4,6,6,1,4,6,2,-11,4,-10,6,-7,4,-10,2,0,14,11,12,-6,-9
6/697,-1,0,-3,-5,4,-5,-2,1,4,-4,10,7,6,9,7,-2,-3,-10,-12,3,-11,-15,-3,3,1
2/465,1,0,0,3,0,-5,-5,1,-3,-7,2,5,1,-9,6,-2,-7,-7,12,-15,6,-8,10,6,-19
11/1396,0,-2,0,1,0,2,2,1,-3,10,3,-5,7,8,-11,-11,-13,-10,4,9,-13,13,6,-8,9
55/9754,0,2,0,1,0,-5,3,1,-6,7,-9,-8,-6,1,0,-3,4,10,-3,0,-13,-8,15,0,-7
19/3251,0,-2,1,-5,4,-6,-4,1,3,4,3,10,-6,4,4,-14,-4,6,-14,4,-16,-1,3,18,18
2/45,1,0,0,3,-1,-1,5,-2,-8,4,-5,-6,12,-6,-8,5,-12,8,8,-5,10,-6,6,6,-3
-3/158,0,0,2,0,-1,-5,-3,1,-3,-7,1,5,12,5,-2,1,-7,-1,8,3,-4,-8,-16,-16,-10
-9/395,0,0,0,-5,0,-6,-6,-2,-3,3,-5,-5,-6,9,4,1,-14,1,-12,-13,-6,-8,7,12,-3
-17/233,0,-2,2,1,0,-5,-8,1,6,-5,-4,-7,-5,7,13,-11,6,-8,4,-12,-6,2,2,6,0
-19/229,0,-2,2,1,-3,-1,-3,1,-9,4,2,6,-6,-7,7,-6,2,-1,0,-3,-14,-10,12,6,-12
-492/5,0,0,0,0,4,1,1,1,1,-4,2,-7,-4,-2,12,11,-2,-3,-2,2,-11,13,2,6,11
-489/5,0,0,0,3,6,2,5,0,6,-3,-1,-6,-6,-7,-6,-10,-4,5,4,14,6,-16,-1,6,-18
-493/4,0,-2,-2,0,2,2,-8,1,-3,-10,-2,-10,10,4,12,-6,0,10,-14,2,-6,-16,4,6,-14
-491/6,0,0,2,0,0,6,-5,-2,4,10,6,5,-9,4,4,-11,-10,8,-12,2,-5,-16,14,-2,8
-59/66,0,0,2,1,-2,-6,-3,1,1,-10,-2,-8,0,-6,1,-10,-12,1,-14,15,-6,-4,2,-14,-14
-983/92,0,-2,2,-5,6,-5,5,-2,0,-10,-1,-2,0,-6,0,4,-9,2,8,-1,-5,0,3,-16,2
-494/47,-1,-2,-3,1,-3,-7,-3,1,1,-5,-10,-3,0,2,3,7,-4,-3,0,0,6,8,14,-1,14
-981/94,0,-3,2,1,4,4,-1,1,0,0,3,-8,-1,-6,3,6,6,5,14,13,10,-10,-4,3,17
-985/93,0,0,0,0,-5,-5,5,1,0,-4,2,-6,7,-10,0,-3,6,0,2,16,14,-16,3,4,2
-34/73,-1,-2,2,-5,-2,6,-8,1,-8,3,3,-10,-7,-3,-8,1,4,-3,-4,5,-6,-10,1,1,-6
-35/72,0,0,0,1,4,-5,-3,1,-9,-5,3,7,-3,0,-6,-10,-1,-10,6,7,4,-5,10,-14,-14
17/344,0,2,3,3,-1,-5,-8,1,2,5,4,-2,-3,-12,0,3,6,2,-10,4,2,4,4,6,-14
31/689,0,-2,1,0,2,-2,5,-2,-3,-5,-10,10,8,12,2,5,-7,-7,5,8,-13,-1,0,6,7
13/233,0,-2,0,3,-5,-7,5,-2,1,9,-9,10,12,2,0,1,10,-5,-5,-12,2,-15,-16,-12,1
8/229,0,-2,0,3,4,2,4,1,-3,6,3,-2,-6,-10,-10,1,2,10,-10,7,7,8,3,-3,12
-265/14,0,2,0,-5,4,-5,-4,1,-3,-5,2,2,6,8,-6,-10,0,1,-4,-9,0,-7,-5,10,-12
-131/6,0,0,1,-5,-1,0,5,-2,-3,-5,-10,-7,7,-7,-2,-10,-4,1,-10,-12,-10,5,1,-15,9
-1/74,0,2,2,-5,-3,2,2,-2,-3,0,10,-8,-5,-6,10,-7,-2,10,11,-9,1,8,-15,6,-18
-28/39,0,0,-3,1,6,-2,-3,-2,0,5,3,5,-6,8,-6,-6,-7,1,12,4,-4,-15,0,-12,0
79/83,0,-2,0,-5,-3,-5,2,-2,0,-7,-1,-2,-6,12,-6,-3,-5,-5,5,-7,-4,4,-16,18,-19
101/14,0,2,2,-5,0,2,-5,-2,-4,4,-5,-1,6,-2,-8,-9,5,1,-8,4,-13,-14,-4,-9,2
300/41,0,0,0,0,6,6,-3,1,-3,-2,1,8,6,-2,0,6,5,-1,0,-12,-4,8,-4,-1,-12
152/23,0,2,1,1,0,2,2,1,0,2,3,-2,4,-6,0,-6,6,-8,-13,8,-7,-6,0,-6,1
151/20,0,-2,0,3,4,1,2,1,3,0,6,10,7,-7,-8,6,7,4,5,12,-2,-6,1,10,-14
-71/7,0,2,-2,-5,-3,2,-6,-2,-8,2,3,10,6,-3,4,-7,-4,10,2,-12,14,8,0,10,8
-74/9,-1,0,2,-5,-3,6,2,1,6,-3,-5,-11,10,6,0,-11,0,-1,-10,-9,-13,-1,11,18,-5
89/77,0,2,3,-5,-2,0,-3,-2,4,2,-1,-2,2,-7,8,6,2,-6,-10,4,-6,-1,12,-13,-5
98,1,-2,-3,1,6,6,-3,-2,2,4,-5,-11,6,-12,-1,-2,0,1,5,-4,-11,-4,14,6,8
52/67,0,2,4,1,0,-7,3,1,-4,0,-4,-5,-7,4,-8,-12,-11,1,0,-1,5,-7,0,-6,2
511/2,0,-2,3,1,0,0,-4,1,4,0,1,-2,-4,-10,0,6,9,-10,4,6,-11,-14,6,-6,-2
255,0,0,0,3,-1,-5,-8,1,6,2,2,5,8,4,4,6,0,-4,-10,12,-7,0,4,6,12
763/2,0,-2,1,1,-1,4,3,-2,6,3,-7,-6,-2,8,-3,-4,6,-1,3,0,-14,4,-3,-12,11
571,0,2,4,-5,6,6,-1,0,-9,7,-9,-5,-6,-12,0,1,7,-8,-14,4,7,0,-16,-12,14
27/125,0,0,0,0,-3,-5,-3,1,-3,5,-9,-1,-3,-1,1,9,-10,-1,-11,7,7,6,16,-14,12
23/122,0,2,2,3,-5,0,-6,-2,-7,0,-10,6,-6,4,-4,6,-5,-4,4,-9,6,-16,-4,-6,2
13/60,0,0,0,-5,4,-7,-4,-2,-9,0,-5,10,-6,8,2,6,-4,-3,-2,0,1,-8,0,0,11
23/123,0,0,2,-5,2,-6,-1,-2,-7,-3,-1,-2,6,-9,0,-2,7,-5,11,-8,1,-8,-16,8,-18
93/482,0,0,1,-5,-2,0,1,1,-4,10,-10,-5,3,-3,-6,6,10,-2,-12,-12,2,-10,6,2,13
6235/8,0,-2,0,-5,0,2,-3,-2,2,-10,4,10,7,-1,0,-2,4,0,-10,6,2,-4,4,12,-1
2077/2,0,-2,2,1,6,-5,-1,-2,-3,0,-10,-2,-3,7,0,-7,4,10,-5,13,-14,-6,11,8,8
53/15,0,0,0,-5,4,6,3,0,6,3,10,-1,8,9,-6,-10,10,10,10,4,12,13,-16,10,-7
-31026,-1,0,1,-5,4,-5,3,0,-3,-2,-5,-2,-1,4,0,-11,1,-5,-6,2,1,10,-3,9,-18
-93076/3,0,0,-2,0,-1,2,5,1,-8,-3,4,-6,-9,6,-4,-3,0,-3,0,-12,4,-16,6,6,2
-93073/2,0,2,2,3,6,2,4,1,0,2,1,-6,-3,7,0,-10,4,1,-6,12,-16,-9,0,12,-7
34/87,-1,0,3,1,6,4,-8,-2,3,-6,0,2,2,5,3,-3,6,1,-6,-5,-13,2,-7,18,-6
37/86,0,-2,2,0,0,1,2,-2,-3,0,-1,-11,12,-12,1,-9,6,-5,2,-12,-4,6,-16,0,3
167/6,0,0,3,0,-3,-5,-3,1,-3,2,-6,-10,12,6,4,3,0,8,-4,13,5,-4,-3,-10,17
84/29,0,0,4,1,-5,0,1,1,4,-6,-1,-2,-3,4,7,-4,11,-1,4,-13,-4,6,-7,-1,14
-86/5,1,-2,0,0,4,2,-1,-2,-3,-4,-1,-2,8,-1,7,-14,-14,-13,5,-12,12,10,-3,12,-3
21/55,0,0,0,1,-2,6,4,1,6,6,-4,-3,-7,5,13,-4,0,-1,8,10,0,4,1,0,-13
13/27,0,0,1,0,4,-7,2,1,-3,-5,-1,-3,-7,-6,0,-4,-12,-1,8,-5,11,15,4,-4,8
-1/867,0,0,-2,0,2,2,-2,-2,6,10,2,-6,-3,-4,-6,-2,8,10,-14,0,-13,1,0,18,-2
-1/868,0,-2,3,-5,-5,-1,3,1,0,6,2,10,0,8,13,-2,0,13,12,-15,2,0,-4,0,2
3/869,0,0,-3,3,-2,-5,-1,-2,0,-8,3,-1,7,1,0,-6,13,-10,-12,6,-4,-8,1,-12,-7
1/145,0,2,0,3,2,6,-6,1,6,-6,3,-8,4,6,-8,-12,10,13,-14,-12,1,5,-11,-15,-14
-5/579,0,0,0,1,-3,1,6,-2,-6,-4,4,2,12,-9,-11,1,-4,-2,10,0,-16,-16,-13,6,-14
-3/577,0,0,0,1,2,0,2,1,6,4,-1,-2,12,8,0,-2,-4,-4,3,-9,-5,-15,-7,0,8
-843/23,0,0,2,1,-3,-5,-3,-2,0,10,-2,-5,12,4,0,-2,0,-1,2,3,7,-14,0,-6,8
-67/3,0,0,0,0,4,-5,-5,-2,-6,-8,10,11,-6,6,6,5,-7,5,-5,6,-13,-1,-10,-12,-7
51/89,0,0,2,1,4,6,-8,0,2,4,-9,5,-3,-6,-6,11,-4,-13,3,0,10,6,-7,-8,-6
-15/91,0,0,0,-5,2,-2,-5,1,-3,-10,1,-5,-6,4,12,-3,0,8,-8,-4,7,-14,-7,-12,-3
-71/11,0,-2,2,-5,-2,1,-4,1,0,-5,-6,10,-6,-6,13,6,-11,-10,1,-12,5,-6,6,12,8
-142/25,1,-2,0,3,-3,6,6,1,-8,0,3,10,-6,2,-6,-10,-7,-3,-11,-12,11,9,0,-8,10
-69/19,0,0,1,3,-5,-5,-3,-2,-7,-2,-4,-5,-6,-10,-11,1,-11,1,-7,14,-2,6,1,-1,-18
-67/18,0,0,4,1,-2,2,4,-2,6,3,-4,5,0,-1,0,-9,0,-11,-5,13,0,12,8,-1,-14
37/4,0,2,2,-5,-5,-6,2,-2,-3,-7,8,-11,12,4,0,-6,-12,0,4,-4,2,-15,12,-1,-12
-22/163,-1,-2,4,3,0,-5,-3,-2,1,-7,-5,8,-7,-12,-8,4,0,-13,9,15,-8,4,-1,4,-2
-7/55,0,-2,0,1,-2,0,5,-2,1,-5,2,2,6,10,12,-4,-10,-7,-6,6,-1,-16,2,1,-2
336,0,0,0,1,2,4,-3,-2,4,-5,-9,-2,6,6,0,6,2,4,12,0,8,-11,-6,-14,18
673/5,0,-2,0,3,4,0,-6,-2,-3,6,1,-1,4,4,-7,6,0,1,-7,-3,-6,2,-1,-13,-12
17/15,0,0,0,3,4,0,-8,-2,6,-4,-4,10,2,-1,0,-10,11,-12,11,-15,11,11,3,-10,-18
45/37,0,-3,0,-5,-2,2,5,1,6,-7,1,-8,12,-7,11,-2,4,-5,-12,14,-2,-10,-16,-7,-7
90/73,1,0,0,1,4,-5,4,1,3,-4,3,-2,-1,10,0,-2,6,8,8,-9,-6,-8,0,5,-10
-83/95,0,-2,0,1,4,0,1,-2,-8,6,-5,2,-7,1,7,-9,0,-1,2,-15,2,15,0,-6,-14
79/28,0,2,3,-5,-3,6,4,-2,6,-5,0,-7,6,-9,0,-3,-13,-1,-3,-15,10,4,7,6,-14
-1345/46,0,-2,0,-5,-3,2,2,-2,0,9,-2,-2,-6,-3,-3,6,9,-10,3,-12,-10,2,-5,-14,1
-225/8,0,0,0,1,0,-6,-3,-2,-3,3,1,-3,-6,12,1,-7,0,-2,-11,-12,-2,-4,0,18,-2
-201/8,0,0,2,1,-5,-1,5,0,6,6,-6,6,12,5,-11,6,6,13,-5,-3,2,5,4,18,-8
-203/8,0,-2,2,1,0,6,5,1,1,-10,-7,10,-1,1,-1,4,2,6,4,3,-13,2,0,-17,10
13/72,0,0,1,3,-3,-7,3,-2,1,5,1,-8,-1,-3,10,-4,0,6,5,4,7,-10,8,-7,-6
-498/11,1,0,3,-5,-2,0,5,-2,3,-10,-4,-7,-2,1,12,-2,5,-10,0,-1,-6,-5,0,12,-9
98/103,-1,-2,0,1,0,-6,-3,-2,3,-5,4,-10,8,-1,6,-6,-2,1,4,2,-1,5,-7,-3,-2
48/53,0,0,0,-5,0,-1,1,-2,-4,-7,-5,-2,-5,-2,-6,5,-4,0,-10,-3,14,-6,14,-16,2
4/785,0,-2,0,-5,-5,-6,1,-2,-3,-7,10,-5,4,8,10,6,13,8,16,2,-5,-16,-5,-2,2
-1/1307,0,2,3,-5,2,4,-4,1,2,3,6,-2,-2,2,0,1,-4,8,8,3,7,10,-6,9,-5
-1/53,0,2,-2,-5,2,6,-3,1,-3,-4,2,-6,-6,6,8,5,0,-5,1,12,0,-16,4,0,14
-21/89,0,0,0,1,-5,-5,3,-2,3,-2,-9,-1,-6,-10,0,1,-7,-7,4,-1,-13,-15,6,-8,2
76/79,0,2,1,3,4,4,-1,1,-8,-4,1,-6,-7,-1,4,9,-4,-4,5,-9,-8,-8,-4,10,-12
-3/19,0,0,0,-5,-5,-6,1,-2,6,0,-1,-1,-7,2,13,-9,0,-3,4,15,6,-1,0,3,-18
-35/79,0,2,0,1,6,-5,2,0,6,-5,10,-6,-9,2,-6,6,-4,-2,8,15,-2,-8,7,10,-7
-495/4,0,-3,0,-5,0,1,-3,-2,-4,3,-1,-2,-4,8,-3,-9,11,-3,-13,7,-6,-8,-7,-14,12
37/27,0,0,4,-5,-2,4,-6,-2,-3,-2,-1,-11,-6,4,-8,4,6,-2,5,12,12,8,6,0,-8
77/51,0,0,0,1,0,2,-2,-2,-4,-10,-2,-11,6,9,-11,1,-12,4,-8,-3,-11,-4,-16,-8,-10
17/7155,0,0,0,3,6,-6,-8,1,-4,4,1,-7,-3,-6,10,5,9,-7,-14,14,-2,12,11,18,14
11/7155,0,0,0,-5,0,2,2,0,-8,-3,-2,2,-7,12,2,5,6,-13,11,-4,0,0,6,2,8
13/7149,0,0,-3,3,0,-7,-4,-2,4,-8,8,-10,6,4,-8,6,0,-8,4,3,12,-14,16,2,14
-5/53,0,-2,0,-5,0,-5,-5,1,-9,4,-10,10,3,8,0,5,-5,-12,14,8,-2,-8,-3,2,11
-193/4,0,-2,-2,1,-3,6,1,1,-3,-5,6,6,3,2,1,6,-2,6,-12,3,-2,10,-3,10,8
-4/137,0,2,-2,1,0,-5,-3,1,0,6,-1,-10,-4,8,2,-7,4,10,4,-2,-6,-4,0,-12,-19
-9/227,0,0,-2,-5,4,-5,1,1,-8,-2,-9,10,0,-4,0,6,0,6,16,-9,-13,13,3,-6,6
-59/22,0,2,2,-5,-2,-5,6,1,-3,-2,1,7,-4,7,-6,3,-12,-4,-12,6,-10,5,6,-16,10
16/3,0,0,-2,3,0,2,5,1,-3,6,-9,-6,-3,5,0,-4,-7,-1,4,6,-2,-14,-10,9,17
99/23,0,0,0,-5,0,-6,-3,0,0,-1,2,-7,2,1,6,-6,6,0,3,6,-2,6,-13,4,3
95/97,0,-2,0,3,-1,-5,5,1,-9,-3,4,-2,6,-10,-11,5,-4,-7,-14,-12,-6,15,6,-14,4
94/99,1,0,4,3,-2,0,2,-2,-4,5,-9,5,6,4,-8,-11,8,2,-2,-12,-6,-14,-15,6,2
80/29,0,2,0,3,-1,-5,4,1,-8,-6,-1,11,-9,-4,12,-11,-7,6,-8,-2,-10,-9,12,-16,8
80/33,0,0,0,1,-2,-5,2,-2,6,7,-5,-2,-1,6,2,-6,4,10,-12,-15,-6,-6,14,-10,6
-20/71,0,-2,0,0,4,2,3,1,-3,2,0,-5,0,6,0,1,0,5,-6,4,-4,8,3,10,1
67/102,0,0,4,0,-3,6,-2,1,-3,-10,-10,-7,-4,1,-4,-4,-4,6,-5,-12,7,-6,2,10,14
31/51,0,0,4,-5,2,-5,-2,-2,-4,-5,-10,2,12,4,-6,-9,13,-5,11,-1,-2,6,9,-9,-14
29/50,0,2,0,0,-2,-5,2,1,-3,-10,-9,-7,7,-2,0,6,8,10,0,-1,5,8,3,-12,-8
-1/43,0,-2,3,1,-5,1,5,1,6,-7,10,-1,6,-12,-8,6,0,-6,-7,-9,14,10,2,-8,-5
39/29,0,0,0,-5,-3,-7,3,1,6,-6,-9,-7,-9,12,6,-7,7,4,-5,4,4,-8,-7,18,-14
79/57,0,0,-2,1,-5,-5,3,-2,-8,-5,-5,-6,4,8,3,-11,9,4,-4,15,2,4,-4,-8,-6
58/19,-1,2,3,1,6,2,6,-2,-4,-10,-8,-2,6,4,-6,6,-9,-3,4,-3,-14,13,6,9,5
-83/56,0,-2,3,-5,4,0,2,-2,-8,-1,10,-5,-4,6,-6,6,1,2,4,-2,-13,-1,0,-1,8
-86/55,-1,2,0,1,-2,-6,-3,1,-6,3,1,-11,-4,-1,2,6,-4,0,4,-9,7,-16,15,-10,2
-56/87,0,0,-3,1,-5,2,-5,-2,6,-6,1,11,-6,6,-6,6,6,4,1,-9,6,13,6,10,-2
-89/50,0,-2,0,1,0,6,-3,-2,6,6,1,5,-7,-6,-2,0,8,-6,4,-5,2,-16,-3,-13,17
-89/53,0,-2,-3,-5,2,0,5,1,3,-5,3,-1,0,-1,10,5,4,8,-14,2,7,-8,-7,-13,13
44/37,0,-2,-3,0,0,-5,-4,-2,-3,7,-4,-8,-4,8,12,-4,6,-10,10,8,2,-10,-4,6,-3
97/67,0,2,0,-5,0,1,2,1,-3,3,2,10,12,-1,-4,1,9,1,0,6,6,11,2,-14,8
64/31,0,2,1,-5,-5,-5,1,1,6,5,2,2,10,4,-6,-4,8,1,16,-15,10,8,6,10,5
3/26,0,0,2,1,0,-2,-5,-2,-3,0,10,-6,6,9,4,7,6,6,3,0,-2,-8,6,18,7
-4047/137,0,0,1,-5,0,-5,3,1,-4,-7,-9,-2,-5,4,1,-4,8,-5,-8,-12,-7,10,0,6,7
-676/23,0,2,0,-5,2,-7,6,1,0,4,2,-1,-2,12,0,3,6,-5,-8,8,6,-15,-7,10,-7
-1349/46,0,2,4,-5,-1,-6,-3,1,0,2,2,-1,8,4,-2,-9,-4,-2,-3,-12,-6,13,2,5,-9
-14/95,-1,-2,0,1,0,1,-6,-2,-8,7,-2,-11,12,12,-2,-3,6,-8,12,6,11,4,0,2,-6
-13/94,0,-2,-3,-5,4,-7,-3,-2,-3,2,10,-5,6,-10,3,-11,5,8,-12,5,-2,15,8,-6,-10
61/13,0,2,-2,1,-2,-2,-5,1,6,-1,10,7,-1,12,-10,4,2,-13,8,-9,8,-15,-3,1,11
540/13,0,0,0,1,2,-2,4,1,-3,-5,2,5,10,-4,6,5,-3,-13,9,-9,2,8,-3,-1,5
539/9,0,0,4,1,0,-5,1,1,-9,-10,-1,11,4,-10,8,-3,-14,4,12,0,10,8,2,5,14
536/11,0,2,2,0,-2,-5,1,1,-3,-2,-4,-2,-5,4,12,-3,-4,-5,-5,-8,11,-11,17,-4,-8
86/49,-1,-2,2,-5,-3,-6,-3,-2,-8,9,-1,8,12,-1,-6,-7,-11,-5,8,13,-10,-9,-12,1,2
86/47,1,2,0,1,-2,2,-3,1,-8,-5,8,-5,4,-1,3,4,-12,-11,4,15,-7,-7,-4,-12,-7
-2/135,1,0,0,1,-2,2,-6,1,-6,-4,-4,-2,-3,-7,-11,-2,6,6,8,-15,5,6,-9,-16,-3
49/65,0,-2,0,1,2,-2,6,1,-3,6,6,10,-6,-12,0,-3,0,-6,2,-15,-8,15,6,18,2
47/65,0,2,0,1,0,-2,1,-2,-8,6,-9,-2,-1,12,-8,-4,6,-1,-3,12,-13,-8,12,-10,17
17/295,0,-2,0,3,0,6,-8,1,-3,6,3,-7,-6,4,0,2,10,2,0,-12,7,0,5,18,-14
13/147,0,0,1,-5,2,-7,6,1,0,0,1,-11,-2,2,4,4,13,-10,12,-15,-1,5,-3,2,-3
29/291,0,0,1,1,0,4,-5,1,-3,-10,-5,-7,-6,-4,0,1,-3,-4,-3,4,8,0,-3,3,4
13/146,0,-2,2,0,0,-7,2,0,-6,9,-6,-8,-6,8,-8,0,-9,5,-10,-3,-6,-4,4,-16,16
-59/56,0,-2,0,-5,4,-5,6,1,-3,6,0,-6,-9,-12,-10,-6,-12,13,3,8,-2,5,4,1,11
-27/82,0,0,2,3,6,1,-4,1,-3,-5,-7,6,6,-3,8,4,6,8,8,12,-13,-8,2,3,-2
-28/89,0,2,-3,1,4,2,-1,-2,-8,6,2,-2,0,2,-6,-9,5,0,-14,14,-14,6,2,-8,1
112/47,0,-2,4,1,0,2,-5,1,-4,5,2,2,-6,7,3,0,-14,1,3,3,4,15,-3,0,-9
52/31,0,2,2,0,4,-7,5,-2,6,-8,2,-5,3,-4,13,1,-11,1,8,8,-8,-4,12,-9,-6
47/42,0,0,0,-5,-3,6,-3,-2,-8,-5,-2,10,1,-3,-8,-3,-7,-11,-12,15,-2,-16,17,-9,18
-43/77,0,2,0,-5,-2,-5,3,-2,-3,9,-2,6,6,-1,0,-6,-14,13,4,0,8,-10,2,10,-6
-38/81,1,0,0,0,4,-1,4,1,-6,4,-4,-2,-6,10,0,6,11,1,4,8,4,-14,12,0,2
-33/95,0,0,0,-5,0,-5,6,-2,1,3,1,-7,-4,-4,8,1,6,13,8,2,4,13,-4,-9,1
77/47,0,2,0,1,0,-5,-6,-2,6,6,1,-8,1,6,3,-6,2,2,12,8,14,-5,-3,-10,-5
-859/35,0,2,0,-5,4,2,-3,-2,3,-8,1,-8,0,8,12,-11,0,4,10,0,-1,5,12,12,-5
-857/39,0,0,-3,0,-1,-2,-6,-2,4,10,-9,-10,-9,-4,11,0,0,10,12,6,-16,10,-13,-7,-4
-854/37,1,2,-2,1,-5,4,-1,1,6,-7,1,-8,-4,10,-3,9,6,-13,1,-6,8,6,-10,-10,10
-852/37,0,0,1,0,4,2,2,1,6,-3,-9,-8,6,-1,4,-10,2,-1,8,-12,4,4,2,9,1
-53/2,0,-2,0,-5,-5,-6,3,1,6,-5,-1,6,0,4,0,-10,5,-13,2,13,-4,6,14,6,2
-847/32,0,2,1,1,0,-5,1,1,-8,-1,-8,2,3,5,3,-7,10,2,5,6,10,10,-4,-15,10
-853/32,0,2,4,1,2,1,-1,1,6,-2,0,-6,-1,9,1,6,0,-5,2,-15,-8,1,-10,12,10
-213/8,0,0,2,-5,4,2,4,1,-3,-4,4,-2,12,7,-6,-11,-7,-10,-12,-12,6,-16,14,1,-14
76/73,0,2,-3,1,-2,1,2,1,-9,6,-8,6,4,-7,0,-2,6,2,-14,9,-6,1,15,-15,-2
-69/83,0,0,3,1,4,6,-4,0,-7,10,1,-2,0,1,4,1,0,-3,8,10,2,8,-16,-3,-14
1/141,0,0,0,0,4,-6,1,1,6,6,3,-2,6,-6,3,11,0,-7,3,-8,-1,-6,-16,10,14
17/2632,0,-2,4,-5,-1,-5,-8,1,0,10,0,5,-6,8,3,-6,0,1,8,-6,-4,11,-6,-6,12
58/7893,1,0,4,-5,2,1,5,1,-8,-10,-8,10,-3,-4,-8,0,-5,8,12,-12,-6,-16,-4,-8,-6
59/7891,0,-2,1,-5,-5,-2,2,-2,6,10,-4,-2,-4,-9,0,0,-12,-4,-4,4,-6,10,-11,-6,-6
-38/29,1,-2,2,-5,-3,-1,5,1,-3,-6,10,2,10,9,0,-10,-7,-1,12,5,8,-4,5,2,-10
-1/181,0,-2,1,0,-1,2,2,-2,6,-2,-7,-6,-6,-10,-6,0,4,4,9,8,-11,2,17,1,-6
-34/49,-1,-2,2,-5,-1,6,-8,1,0,6,-5,-6,1,1,-10,-3,10,13,-10,-12,8,11,11,-14,-19
-99/59,0,-3,2,1,0,2,5,-2,-8,-5,-6,2,2,-6,-6,6,10,-10,11,15,-2,0,10,-6,12
68/45,0,0,0,-5,-1,6,-8,-2,-3,-8,-9,11,-6,5,1,6,6,-4,10,0,-13,-7,-8,0,17
74/45,1,0,0,1,0,-5,3,1,6,4,1,-11,-9,4,4,-14,-1,-5,4,3,-1,8,-10,1,13
19/4,0,2,0,3,-1,-5,-4,1,-4,-5,-4,2,2,4,10,6,9,-11,2,-1,12,-8,-9,0,-19
-9/277,0,-3,-2,3,-5,2,2,-2,4,2,-1,10,-6,4,-10,-2,-14,-2,4,0,-4,-10,10,-17,2
-47/1935,0,0,0,3,-2,-5,-1,-2,-3,-3,-7,2,-4,-12,-8,0,4,1,5,6,-5,-16,-16,-6,-9
-46/1935,-1,0,0,0,-1,2,-3,1,-7,9,6,-5,6,-12,12,-2,0,4,4,6,-2,6,17,0,-13
92/61,0,-2,-2,3,0,1,3,1,-7,0,2,-5,12,1,4,-6,-10,-4,2,3,-6,-9,3,-4,10
23/16,0,-2,2,0,0,6,5,1,-7,-2,0,10,-5,12,3,6,-12,8,-7,-12,11,15,-12,-3,-18
3/379,0,0,3,3,4,-5,-3,1,-8,4,-9,-7,-4,2,2,9,0,-10,-10,13,10,-8,-4,6,-2
8/1137,0,0,2,-5,-1,2,-3,-2,6,4,-2,2,3,-7,-6,6,-14,-3,4,-12,0,6,0,3,2
1/95,0,-2,0,1,0,2,6,-2,6,4,4,-6,-3,0,2,-10,2,-1,-8,4,-4,-5,0,8,-13
50/9093,1,0,0,-5,-3,-5,-4,1,1,3,-5,-2,12,0,0,-4,-12,1,8,-8,-8,4,6,-6,-14
-25/83,0,2,0,-5,4,-5,-3,-2,-3,0,10,2,6,4,0,6,-13,-1,12,4,14,-14,-16,8,-5
-100677,0,0,-3,-5,2,-5,2,1,-8,4,3,-11,-3,1,0,-4,-11,8,1,2,-5,-16,12,-14,-5
-50336,0,2,2,0,0,-7,4,-2,3,-5,-1,-2,-6,-6,2,-2,-5,-4,3,4,14,11,4,-12,-6
37/11,0,-2,2,-5,-2,2,-3,1,6,-4,-5,-11,-7,-10,-3,5,6,-11,-2,5,-4,5,3,-8,12
-13/568,0,-2,2,0,2,-7,2,1,-3,-10,-1,7,8,-9,13,-3,-14,2,5,4,-13,15,11,-12,14
-13/567,0,0,0,-5,4,-7,6,-2,-6,4,-6,10,0,-10,-6,-10,6,-5,-12,4,4,8,-16,-8,-7
-26/997,-1,2,2,3,-5,-7,-1,-2,4,-3,2,10,-9,1,-6,-2,-12,-8,8,-2,-10,4,3,10,-7
-25/996,0,0,0,-5,4,-5,-5,1,-8,-5,8,5,2,8,8,3,6,10,0,16,2,10,-16,6,3
-16/1069,0,-2,0,0,-2,6,-3,1,-3,-2,2,-8,-7,-6,0,6,8,8,4,6,10,-4,0,-4,-10
-8/533,0,-2,1,1,4,-2,-1,-2,-8,2,-5,-10,6,4,0,-3,-2,4,8,5,-16,-10,-3,-17,-6
-16/1061,0,2,1,3,6,4,2,1,6,4,3,2,-5,4,-3,-4,6,6,4,12,-5,10,8,8,6
-80/49,0,2,0,-5,2,-5,-5,-2,0,-2,1,10,-1,-6,0,2,1,-1,-11,16,-5,-15,-12,0,-14
34/21,1,0,1,-5,6,2,-8,-2,2,5,-5,-2,0,-6,-8,6,-2,8,10,3,6,4,-3,6,9
-79/39,0,0,2,3,4,-2,-3,1,6,-3,-7,-5,-3,4,-1,6,0,-5,-3,-3,14,4,14,-14,-14
727/2,0,-2,2,3,2,-6,5,1,3,4,2,-8,2,-2,7,3,0,6,-6,0,4,-14,-16,-1,-5
145,0,2,0,-5,-1,0,-4,1,3,-10,-8,-10,-7,8,-1,-2,10,-5,12,4,1,11,3,-3,-13
363,0,0,0,1,0,6,-5,1,6,6,-1,-6,0,-10,1,-2,11,-6,16,-12,-6,1,3,-3,-7
242/3,-1,0,2,1,0,6,1,-2,0,9,-4,-5,7,4,-6,6,-2,6,-5,-4,-7,13,-3,10,-6
180,0,-3,0,-5,-3,4,-1,1,-9,-4,-7,-3,6,12,8,4,5,-6,-2,9,14,-7,-3,0,18
-15/449,0,0,0,1,-1,-1,-1,-2,-6,4,1,-10,4,-4,0,6,0,-7,5,-1,-13,-16,12,10,-12
-16/453,0,0,2,0,-2,-5,2,1,-4,-5,-1,11,-2,-6,-8,3,10,8,12,0,-11,-16,12,-6,5
3/34,0,0,2,-5,-2,0,-2,1,-8,-10,2,7,2,-7,0,-9,7,-1,8,-13,0,10,3,-1,-2
-5/534,0,0,0,0,-5,-5,-4,-2,-4,-7,8,10,-5,-1,-6,0,0,2,-5,0,2,10,-3,-8,-9
23/541,0,-2,2,0,2,4,5,-2,-7,-10,-9,8,6,-4,-8,-2,-1,-11,0,-4,-6,6,-3,-1,-6
23/151,0,-2,-3,-5,4,4,2,1,-7,0,-6,-7,-6,10,0,6,-11,-1,8,12,-5,-14,-6,3,-2
3/17,0,0,2,0,2,-5,-2,1,3,6,-6,6,-6,7,8,-9,-2,-12,-8,6,14,8,6,10,6
79/29,0,-2,2,1,4,-1,-3,1,-8,-6,2,-8,-1,-2,10,4,0,-10,2,-3,-2,4,16,8,18
77/29,0,2,0,1,0,-5,2,1,-3,-6,-1,-3,-6,8,8,0,8,8,-14,-8,-14,-4,-15,6,14
99/29,0,0,4,0,0,6,-3,1,-3,-6,-4,-7,-7,-3,-6,6,-4,-13,12,16,-5,1,9,-6,-14
-15/647,0,0,0,1,-1,-5,-6,1,6,-5,-9,-6,-4,-7,-6,6,-3,-12,4,6,-10,8,-11,12,1
-7/325,0,-2,0,1,0,-2,2,1,-3,2,-1,-11,6,1,6,0,6,-5,-14,-15,-13,-14,11,18,0
2/83,-1,2,1,-5,-3,1,3,-2,6,3,6,6,-7,7,1,1,4,-4,2,10,8,1,-16,1,18
4/31,0,2,2,1,0,-6,-1,-2,1,-7,2,-11,6,-7,-6,1,-12,13,8,6,-4,10,2,3,9
-41/99,0,0,0,0,-2,1,-3,1,0,0,10,-7,-4,4,4,4,10,-5,-4,6,-5,6,5,-1,2
40/21,0,0,0,-5,-3,-5,-1,0,-8,-3,-9,-5,-9,-4,-11,0,-14,0,4,8,2,-10,-16,2,-2
42/1081,1,0,3,1,-2,-5,5,-2,0,-1,-5,5,-1,8,3,-6,-2,1,-13,-9,-13,6,2,-16,12
49/1087,0,2,0,1,-2,4,-6,-2,1,-10,-5,-7,6,-2,-11,-2,10,8,-4,-8,-8,12,-3,-15,-7
8/181,0,-2,3,1,2,-5,-1,1,-3,-8,8,6,0,4,11,6,-2,-8,3,8,6,-4,-16,-15,-9
70/51,1,0,0,1,6,-5,-2,0,4,3,10,-2,-9,-2,0,6,4,-12,11,-9,7,5,0,6,2
71/49,0,-2,1,-5,-5,4,1,-2,-6,-4,4,-7,-6,-10,-8,-9,-10,-4,4,-12,-10,-1,14,0,18
6/1177,-1,0,2,1,-2,6,-1,-2,-3,3,-7,-2,6,4,-7,-3,6,2,-2,0,-11,-4,-12,0,-14
8/1177,0,-2,1,0,-2,1,-6,-2,6,0,1,-7,0,-2,-1,2,-7,10,-4,3,7,8,-16,-6,6
55/17,0,-2,0,1,0,-5,-2,0,6,6,4,-7,0,-1,12,11,-9,10,11,-9,-1,15,5,-6,13
39/7,0,0,0,-5,-3,-7,-3,-2,-4,-10,1,-3,-4,0,11,-6,-14,-5,4,7,-5,-1,-3,18,12
-3435/2,0,0,0,0,-3,-5,-3,1,-9,-5,3,-2,6,0,0,-7,8,-5,-8,3,-6,-14,-9,6,-14
-6869,0,2,4,-5,2,-5,3,1,6,-2,-9,10,-3,7,10,4,0,13,-12,-3,-16,-1,1,-4,11
-3433,0,-2,2,-5,6,6,4,1,-8,-10,-1,-2,-1,8,0,0,0,-3,5,-6,-6,4,-3,-12,9
-1715/2,0,-2,0,1,2,6,4,-2,-3,-1,-9,-8,-3,0,-8,6,6,-1,-3,14,-2,-6,-3,6,-1
79/457,0,2,-2,0,-3,6,2,-2,1,-8,-7,2,6,6,-8,-14,-4,2,4,0,-13,4,1,-17,2
-29/901,0,2,4,-5,4,-1,-2,-2,6,-10,2,-8,-4,-10,8,5,-12,-4,4,-5,-16,10,-15,12,17
-32/299,0,-2,3,1,2,-2,1,-2,0,3,8,2,-1,8,0,-10,-4,-1,14,-15,-13,-14,4,-9,-1
-28/299,0,2,2,1,0,-2,-3,-2,0,9,3,-2,6,-7,-4,4,0,2,4,7,6,-16,3,6,18
-90/893,-1,0,0,1,6,1,1,-2,3,6,0,-5,10,4,3,-6,13,-12,-12,4,1,8,14,1,17
-92/895,0,2,0,0,6,6,-3,-2,-7,2,1,-2,-3,4,2,-11,-4,1,8,5,1,12,-4,9,-8
37/101,0,-2,-3,3,-1,-5,2,-2,-4,9,-2,-11,-4,5,-8,-3,-11,-11,2,-9,7,-9,3,12,-12
19/43,0,2,-2,-5,-2,-5,-3,1,-3,7,1,-10,-4,-12,0,-2,-4,1,-12,10,-2,13,0,-8,6
41/87,0,0,3,1,-2,-6,6,1,-3,-6,10,-1,-4,-2,0,10,6,6,-14,6,-1,-16,3,-10,-2
-59/52,0,2,-2,1,4,-2,-4,1,-8,-4,-5,8,-6,10,0,-10,-12,-12,-6,-9,4,-8,3,6,9
23/98,0,2,2,-5,6,6,1,-2,-7,10,8,-2,-5,2,0,6,9,-1,5,0,-6,-7,-11,-1,6
-55/46,0,-2,0,1,0,6,5,1,0,6,8,6,-4,-3,-6,-4,-11,13,2,14,4,13,16,-15,2
-4/77,0,2,-3,-5,-2,-5,-4,1,3,-5,-1,10,8,-4,-7,-2,-13,-2,3,16,1,0,10,-6,2
-71/24,0,0,4,1,-2,1,-6,0,-8,7,10,2,8,-4,-8,-2,-4,2,12,-12,-10,-14,-4,-14,-14
-71/22,0,2,3,1,-2,-5,-3,1,6,-4,2,-7,12,6,-11,-14,-3,0,-8,-12,-14,-6,-4,-8,-7
-71/21,0,0,1,-5,4,-1,6,1,-3,-1,-10,-5,-7,-1,11,-4,-5,-1,10,-12,11,11,6,-9,-10
-29/107,0,-2,2,3,2,6,4,1,6,-10,-5,6,-4,9,12,-10,1,1,12,4,-13,-9,2,-6,1
-25/99,0,0,0,3,-2,-5,2,1,-8,10,2,7,0,12,-8,-6,-4,-6,-4,-4,-13,-14,-3,3,17
-100/17,0,2,0,-5,0,2,-2,1,-3,-10,4,-2,-1,2,11,-2,1,8,-12,-2,-6,-7,12,-6,-9
-44/191,0,-2,0,1,0,4,-5,-2,-4,2,4,-2,8,4,2,-2,0,2,-8,-1,12,8,-3,-10,2
-87/383,0,0,0,-5,4,-5,-3,1,6,-10,-5,7,7,7,2,-10,6,-11,-14,15,14,12,12,-6,-14
32/4263,0,0,2,-5,0,6,-4,-2,0,-6,-6,-8,8,5,-6,-10,0,-7,2,-1,-4,8,-16,-6,-2
17/2131,0,-2,3,0,0,-1,-8,1,6,-3,-7,2,-3,0,-1,6,0,-4,2,-4,6,6,-9,5,9
31/4259,0,-2,2,0,6,6,5,1,6,3,-10,-2,-7,4,-6,6,10,-11,-14,15,-4,0,-16,2,-7
30/4259,1,0,0,3,-3,6,-4,-2,-9,6,10,2,0,9,8,-6,-4,2,-10,-15,-1,11,-6,-4,-19
32/4261,0,-2,-3,-5,0,4,-5,-2,-3,9,-1,-6,3,12,0,0,0,-2,-12,-9,12,-4,5,9,10
15/2129,0,0,0,0,0,-5,-3,1,6,2,-1,-5,-5,6,-6,-4,5,6,4,8,14,8,2,-6,9
10/1421,1,-2,0,-5,4,-1,4,-2,-8,-6,-4,10,-1,2,-6,0,-2,-3,-4,-8,6,-15,11,-3,14
31/4261,0,2,4,1,4,6,-4,-2,-3,0,-10,7,-6,4,2,-14,6,-3,-2,-15,-10,-8,10,-12,-3
-34/67,1,-2,-3,1,6,-1,-8,1,-8,6,10,2,-6,4,-7,6,7,4,0,0,7,8,16,3,-18
86/73,-1,-2,3,3,2,2,1,-2,6,-1,-5,-7,-5,-1,0,0,8,-6,-14,2,-6,-6,-3,10,1
41/39,0,0,1,-5,4,-2,5,-2,0,6,-5,10,-4,-2,0,6,-1,5,2,-9,-2,-16,-7,-6,10
26/23,-1,2,-3,1,-3,-7,-1,1,0,6,-1,2,0,10,-8,-6,-2,2,-4,-9,-2,-14,12,-8,11
29/27,0,0,0,1,0,1,-3,1,-3,-10,4,5,-5,-6,-6,-7,6,-3,12,14,-14,-1,-16,12,10
75/77,0,0,0,-5,-2,1,2,1,6,6,-5,-7,7,-4,-4,-4,-14,-7,-12,-7,-8,0,8,-1,-10
-4/61,0,-2,0,1,-2,2,2,1,1,-10,-10,-1,6,4,10,-4,6,-4,5,2,0,4,-3,10,0
-3/62,0,0,4,3,0,2,-4,-2,3,0,2,-6,0,2,0,-3,4,-6,-7,-12,7,8,9,-13,14
-1243741/2,0,2,2,1,0,-5,5,1,-3,7,-5,10,-6,-6,4,-7,0,0,9,5,-14,-8,0,-8,18
-2487483/2,0,0,4,0,-5,2,-3,1,6,-2,-7,-3,-6,-12,-6,3,1,6,3,2,6,-1,-8,9,-3
-621871,0,-2,1,1,-2,2,-5,1,-8,-4,-1,-7,-6,4,-2,-2,0,13,5,-3,-5,-4,6,18,-1
47/26,0,2,-2,0,0,-2,-4,1,6,2,3,2,6,4,-8,0,-1,1,8,-8,1,-4,2,-8,-2
22/13,-1,2,1,1,0,-2,2,1,3,-3,4,5,6,2,-6,6,-4,-6,-8,6,-6,4,-16,6,2
29/1158,0,0,0,-5,2,1,-5,1,6,-10,-4,-1,-9,-10,6,1,-2,10,8,-5,6,4,-8,1,3
34/1159,-1,2,2,-5,-2,-5,-8,-2,4,-3,-1,-7,-6,-1,8,-11,6,-4,-6,8,-14,-8,-13,-8,-2
33/1159,0,0,-3,3,0,2,5,-2,-9,-2,-9,-8,3,2,-8,6,9,-4,-4,-4,-1,-11,6,18,7
28/1161,0,0,-3,1,-5,6,-4,-2,-3,0,-6,10,12,-12,0,-7,-12,10,4,-3,6,-6,-8,-3,6
5/92,0,2,0,-5,-3,-5,-3,-2,0,4,-9,11,12,12,0,-9,0,-2,-13,6,-2,-8,12,18,8
85/3912,0,0,0,1,0,-6,-8,1,6,7,-5,-5,-6,-6,-8,6,1,-5,12,-1,-13,-1,-3,-6,17
87/3914,0,0,-2,3,2,-1,-4,-2,-6,-10,2,-2,-3,-6,13,10,-7,-1,-4,-4,-7,-8,4,-6,14
11/51,0,0,0,1,0,0,-2,-2,-6,6,1,2,-6,-3,-6,4,4,-1,4,4,-7,8,2,6,-12
-35/2,0,-2,0,1,6,0,-3,-2,-8,-8,-4,8,3,-1,12,10,6,13,5,-3,6,-7,-4,0,-1
10/109,1,2,0,1,-5,0,3,-2,2,4,-1,-3,-1,8,13,4,6,6,3,12,-14,-14,-16,6,-7
21/220,0,0,0,1,-2,-5,-3,-2,4,7,2,-2,7,6,-6,-6,-1,-8,-10,4,7,-7,2,6,0
5/109,0,-2,0,3,2,2,-3,1,-8,7,1,-5,7,-9,-11,-4,4,-1,0,-1,-5,11,16,12,-12
7/109,0,2,-3,1,-3,-5,4,-2,6,0,-1,-2,6,-10,1,2,-4,1,4,-4,-4,-4,8,-1,-3
37/5,0,-2,0,1,-2,2,-3,1,1,3,-9,-11,8,8,0,6,-9,-3,-14,11,2,12,-4,4,-12
182/23,1,2,2,1,2,-7,-6,-2,0,-10,4,-11,12,8,-8,-3,-9,1,-4,-5,2,-15,-13,9,-19
181/23,0,-2,-2,3,4,-1,3,1,0,2,-1,-3,2,-4,8,-10,-4,-7,4,-7,-13,0,3,6,13
83/54,0,0,0,-5,4,-1,2,1,-9,4,-5,-1,-3,12,13,-4,0,-5,0,13,0,-16,0,6,-3
86/51,1,0,0,0,2,-5,-2,-2,6,-2,-9,-7,6,-1,0,6,6,6,10,-4,-5,15,-13,12,-6
-9/140,0,0,0,-5,-2,1,-6,1,3,-2,-9,-2,7,8,6,2,-4,8,-12,15,-10,1,0,-15,-2
-56/843,0,0,-2,1,-2,0,-3,-2,3,4,2,10,0,8,-7,6,-2,0,-12,3,2,-15,12,-16,8
-28/421,0,-2,3,1,0,2,1,1,-9,-7,-9,6,-1,2,8,-2,-13,2,-6,-12,-7,-5,2,-1,3
47/25,0,-2,0,3,-5,-5,-3,-2,1,10,10,-6,2,4,-8,-14,-12,-6,4,8,14,2,-8,6,-14
3/74,0,0,-2,1,6,-1,-4,1,-9,-7,-1,-8,2,-9,0,-6,6,-10,-3,2,-8,6,-8,-14,-4
-33/92,0,0,2,1,0,-6,2,-2,0,-4,-6,6,8,8,10,-2,4,-13,4,-15,-1,1,-4,9,16
-89/102,0,0,3,-5,4,6,-2,1,-8,-2,-4,2,-6,0,-10,10,-12,8,-12,12,-6,-16,4,-13,12
-27/89,0,0,3,3,2,6,-5,-2,-3,4,1,10,-7,5,-6,-2,4,-5,-7,-12,12,10,-15,-8,-1
-14/45,1,0,0,1,0,0,-3,-2,4,10,1,2,-6,-10,0,-3,0,-7,8,0,-8,-4,-11,18,-2
11/489,0,0,1,3,0,1,-1,-2,-8,3,-7,-1,10,-2,-6,-4,0,-4,1,2,-7,5,-3,12,-18
-47/270,0,0,0,-5,4,6,5,1,0,-1,10,2,10,-7,-8,-11,-12,13,-3,-12,-7,5,0,-17,-14
-104/93,0,0,-2,-5,6,-7,-3,-2,3,-7,2,2,-9,-2,4,6,9,5,4,-12,4,-8,10,10,16
-98/89,-1,-2,3,1,-5,2,4,-2,6,0,-5,-6,0,-3,-3,0,7,-1,4,-12,-8,5,4,-8,-12
-51/46,0,0,1,3,-1,0,-8,1,0,-8,-5,-5,-9,-1,-1,-4,-4,6,-8,8,-4,15,-13,12,8
103/99,0,0,-2,-5,-2,-5,5,1,6,4,3,10,0,-2,-10,6,0,8,-12,0,-4,-4,4,-12,12
-162/25,-1,0,0,-5,-5,-6,4,-2,3,-8,-9,-3,-6,4,-2,-6,-11,4,5,8,0,-16,-16,-2,2
-331/47,0,2,0,0,4,-1,-6,1,4,0,-1,-2,6,-7,3,-9,5,6,0,-8,-10,-7,-3,-13,9
-334/45,1,0,0,3,4,-5,3,1,1,3,4,5,-3,2,-4,-6,0,5,10,0,-10,1,-1,6,8
-37/5,0,2,0,0,0,1,-3,1,3,10,-5,-11,8,2,4,-3,2,-6,8,-3,-13,1,0,0,0
17/65,0,2,0,-5,4,-2,-8,-2,-3,3,4,-1,12,5,8,11,0,-4,8,13,-6,12,0,3,-3
17/64,0,-2,2,3,0,-1,-8,1,-3,-1,-2,10,2,4,2,6,10,4,-4,8,-5,-4,6,-13,6
-35/277,0,2,0,1,6,2,-1,1,3,-2,-6,5,-3,-7,0,6,-4,2,12,3,-13,4,0,2,-3
-37/269,0,2,0,-5,0,-6,4,-2,6,0,-9,-11,-6,0,8,-14,7,6,-12,-12,2,4,-16,-15,9
-35/271,0,2,0,1,2,4,4,1,3,4,4,-1,2,4,-11,1,4,-2,12,14,10,6,-8,-16,16
-5/91,0,2,0,-5,-1,-2,-6,1,-3,-4,10,-6,-5,10,-2,6,6,-2,-11,8,-14,13,6,3,-7
-1/94,0,-2,4,1,0,-5,5,0,3,-2,1,-11,-6,8,3,-2,-4,13,-6,-3,-16,10,14,-14,1
4/849,0,0,4,1,-1,2,-3,1,-8,6,-8,6,0,2,0,-14,-4,-3,-8,-6,4,-16,3,-1,-6
-1/424,0,-2,2,-5,0,-5,4,-2,-6,-5,-4,10,-6,-10,-8,5,6,2,10,7,-6,-8,14,-8,6
-1/1692,0,0,-2,-5,2,-6,5,1,3,-8,3,2,7,4,3,-10,2,-10,4,0,0,9,-5,-9,-5
-105/61,0,0,0,1,6,2,5,-2,-6,2,3,-6,-6,6,-11,2,-11,-4,5,-6,2,-4,11,-15,10
-30/83,-1,0,0,1,2,6,5,1,3,6,3,-7,-1,-4,0,0,-4,1,0,-9,-13,-10,-16,-8,-6
-29/82,0,2,2,-5,-2,-1,-3,-2,-9,-10,-4,8,6,-6,3,0,11,-3,2,-12,-1,4,8,12,14
-32/9,0,0,0,-5,4,-5,-3,-2,-4,3,-2,-2,-6,-4,-2,2,5,-2,4,8,-8,-10,0,-6,11
30/7,1,0,0,-5,0,-5,2,-2,-3,-2,-1,7,6,6,7,-2,-4,13,12,5,2,13,-4,-8,-2
45/82,0,-3,0,1,0,-5,-6,-2,3,7,1,8,6,8,-6,6,-4,1,10,-4,-9,-16,6,8,9
89/64,0,-2,2,-5,4,0,3,-2,-9,10,-4,-2,-1,4,-6,-4,4,-4,8,9,-2,0,4,-13,0
-83/74,0,-2,-2,1,-1,4,-5,-2,3,6,6,-8,-5,-9,-10,-2,6,-5,-5,6,-5,-8,0,3,2
-19/88,0,-2,-3,-5,-2,0,2,1,-4,10,1,5,-1,-12,7,-14,-4,-10,5,-12,11,13,14,8,-18
-77/92,0,-2,1,1,0,2,-5,-2,0,-7,0,-1,12,1,-6,-11,-3,1,3,8,6,9,10,6,-1
-88/91,0,-2,3,-5,0,-2,-3,-2,-9,6,-9,-10,0,5,0,2,6,-12,-12,-12,7,-4,6,6,2
427/5,0,-2,0,1,-3,2,2,-2,-8,10,3,-8,4,12,-3,6,-5,-13,-4,-4,2,11,12,-14,13
215/3,0,0,0,-5,-1,4,5,1,6,-2,-1,-5,-6,-1,6,-3,0,4,-13,-7,12,-4,-13,3,-6
215/2,0,2,0,1,-2,2,2,-2,0,-4,1,-2,-6,-1,6,6,0,10,2,2,-6,5,3,10,9
217/3,0,0,2,1,6,1,-1,1,3,-3,-10,5,-5,9,0,-4,13,-7,4,6,4,10,-12,-10,8
-53/6,0,0,-3,-5,-3,0,5,-2,6,-2,8,-7,-9,2,-8,-10,0,-10,-3,4,-5,-8,2,6,-7
-83/13,0,2,2,1,0,-2,-3,-2,2,6,-9,-2,-7,6,6,-2,0,-5,0,-8,2,2,0,-1,-6
-415/42,0,0,0,-5,-3,-1,2,1,2,-4,-9,-6,-5,7,0,-14,-14,-1,-12,6,8,6,0,6,-14
-419/42,0,0,3,-5,2,6,2,-2,3,0,2,-2,8,-9,-6,-2,-12,1,8,10,7,-7,1,4,-12
100/17,0,-2,0,3,-1,6,-2,-2,4,4,0,-3,-4,8,0,10,-4,4,8,8,-16,-8,11,3,6
-121,0,-2,1,-5,0,-1,5,1,-8,-3,3,11,-7,12,4,-6,6,10,3,-3,-11,5,4,2,8
99/14,0,0,0,-5,0,-5,4,-2,1,-4,-9,-2,10,-1,0,-4,6,0,5,-1,-2,2,5,6,-18
-91/16,0,-2,1,1,2,-7,-5,1,-3,6,-10,6,-7,4,6,-2,6,-5,-12,0,-13,-4,4,10,12
-87/17,0,0,2,1,-1,2,-2,1,-8,-10,-10,-2,-3,2,0,-6,7,-11,-10,-9,-2,10,-16,3,0
37/69,0,0,-3,-5,4,-6,2,-2,0,-4,1,-11,0,-1,-6,0,6,-6,8,-4,7,-11,2,-3,-6
-3/58,0,0,2,1,6,-6,-6,1,-8,-6,-2,-2,-5,-6,-1,6,5,10,12,-9,8,-9,12,-14,-6
-17/351,0,0,-2,-5,2,-2,-8,1,-3,-2,-1,-10,7,8,-6,-4,6,-12,12,3,6,-1,6,-9,13
-41/448,0,2,-2,-5,6,-5,-3,-2,-3,-5,8,7,-4,0,-1,-2,-14,8,14,8,-6,8,4,-1,-12
-43/449,0,2,3,1,4,-5,-5,-2,2,0,-2,-2,-6,-1,7,-9,0,-5,-4,6,-5,12,-7,-3,2
-26/79,1,2,4,0,0,-7,-1,1,6,-2,-2,-2,-5,8,-6,0,7,-1,2,11,-14,-8,6,-3,6
-61/2965,0,-2,0,-5,6,-5,4,1,-9,-5,-1,-5,-4,4,4,-6,-4,-13,1,-3,-4,-8,-4,-6,-2
-61/2966,0,2,1,1,4,0,2,-2,-3,-2,3,5,-7,-6,-11,-14,6,-13,12,15,-7,12,12,0,2
-1/76,0,-2,1,0,-5,6,-6,-2,-3,-5,3,10,-9,-1,1,-4,0,-13,8,0,4,-14,9,10,10
-19/742,0,-2,3,-5,4,6,-5,1,-6,-2,-7,-7,7,-4,-11,5,6,1,5,-6,-6,-14,-15,-14,-10
-7/370,0,-2,0,1,6,2,-5,-2,6,4,10,-8,-3,12,6,9,0,-3,0,13,2,-8,12,6,8
-3088,0,-2,-3,1,-2,-6,-5,1,-8,6,3,-7,4,12,8,-2,0,-5,-14,7,-13,13,3,0,-6
-3091/3,0,0,2,0,0,2,4,1,-4,-2,3,10,-7,8,-6,0,6,-1,-11,-5,-5,-8,2,-17,-10
-1030,1,-2,0,1,-3,2,1,1,-3,3,-2,-1,-5,4,-1,-4,-4,8,2,-15,-13,-16,6,-12,10
-1544/3,0,0,0,0,2,2,4,-2,-4,-5,-6,-6,8,6,-6,-11,-11,10,4,0,-1,-6,17,-14,6
-1543/3,0,0,1,1,6,2,1,1,3,-1,1,-5,-6,8,1,-6,6,0,2,14,7,-6,4,6,12
-5/221,0,-2,0,-5,2,-2,-2,-2,-8,4,-1,-2,-2,6,0,-4,-1,6,4,15,14,8,14,-6,-6
-11/445,0,2,0,1,0,-5,-6,0,-3,-2,1,2,-5,2,0,-6,-9,-8,8,-7,2,-10,12,-8,-14
-7/222,0,0,1,1,-1,-6,-1,-2,-8,0,3,-8,-7,10,-6,7,-14,1,-11,-2,2,10,3,-17,-5
-5/223,0,2,0,-5,-1,-5,-5,0,0,6,-7,-3,-7,4,4,-2,-14,8,8,-15,-2,5,16,6,2
-7/442,0,-2,1,1,-1,-2,-2,-2,-8,0,3,-7,-3,10,-8,-11,-14,6,-14,12,-14,-8,12,-14,-14
16/83,0,-2,0,-5,6,4,-4,1,3,-2,8,-5,6,4,6,11,7,8,12,6,7,-1,-16,0,-12
5/2241,0,0,0,-5,-1,2,-3,-2,1,-8,-10,10,7,-6,-11,6,-1,8,4,13,12,6,-16,-8,5
3/2801,0,0,2,3,-1,6,6,-2,0,6,-1,-6,6,-2,13,1,6,-11,-12,-5,-13,13,7,-12,-5
-361,0,-2,2,3,-1,1,-3,1,3,4,3,-7,6,-1,-6,6,0,-1,-12,4,-6,-9,16,-6,-18
-44/63,0,0,-3,-5,0,-1,-6,1,-3,-8,10,-8,-9,9,6,-6,0,-7,12,-15,6,-1,12,6,-6
-41/62,0,-2,3,1,-1,-5,-3,-2,-9,-8,2,-7,-4,-4,-6,3,4,-11,-14,0,-2,10,-16,6,3
-46/55,-1,-2,0,-5,-2,0,2,1,-7,-2,3,10,7,-9,12,-4,2,6,8,4,4,-16,-8,-12,2
-25/26,0,2,0,1,-1,-2,4,-2,3,-10,-5,-7,-4,-1,6,11,-12,1,3,15,-13,4,14,-14,3
-51/52,0,0,-3,-5,2,-2,-8,-2,-8,2,-6,-8,-6,1,-6,-6,2,4,9,5,-13,5,0,10,-18
-25/64,0,-2,0,3,4,6,-6,-2,-3,7,3,-2,-1,8,10,6,-1,5,14,-12,6,13,4,-6,14
-1401279/2,0,0,-3,0,0,0,1,-2,-8,6,2,10,-4,0,1,7,-11,1,3,-12,-13,-6,2,-10,8
-1401277/3,0,0,0,1,0,0,5,-2,3,4,-9,-2,-9,12,0,-11,-5,-1,-10,-12,-4,-10,-6,-9,8
-29/12,0,0,-2,-5,-3,1,3,1,3,-10,-9,10,-6,4,0,-6,-4,-5,-14,-15,0,-8,14,-8,-18
-57/23,0,0,0,3,0,-6,3,1,0,-3,3,-8,10,2,4,-2,-11,10,8,11,2,8,12,-10,1
-89/68,0,-2,0,1,4,-5,-2,1,-4,2,3,-2,12,-10,0,-10,-11,-8,12,0,-6,5,-12,-13,-4
-91/67,0,-2,0,1,0,-7,-5,1,3,-4,10,10,-6,-2,-4,2,-2,-13,0,3,-8,0,-4,-10,-6
85/18,0,0,0,1,0,-5,-8,-2,2,4,3,-2,-9,12,0,6,1,-10,12,8,-11,-14,-15,-14,-1
89/20,0,2,0,1,4,-1,1,-2,-3,5,6,-5,0,-2,-6,-4,-9,8,3,-12,7,1,1,-13,10
-1/112,0,-2,0,-5,4,-5,2,-2,6,6,-9,7,2,4,1,-2,0,0,-11,-9,-13,9,1,-16,-8
62/47,1,2,4,-5,2,4,-1,1,-6,-8,-10,-2,-3,4,3,-2,4,13,-14,-4,-13,-16,6,-3,13
-19/320,0,2,0,1,-2,-1,6,1,-8,10,-9,-5,4,10,0,6,-3,-2,4,-9,0,-16,-7,3,-1
60/71,0,0,0,-5,-5,2,2,-2,3,-10,8,-2,-7,-3,-4,4,4,1,8,4,-2,-10,-16,-3,6
24/2291,0,0,2,-5,0,-5,5,1,-3,-6,1,6,4,4,0,-6,13,-2,2,3,-14,-8,-15,2,-5
23/2287,0,-2,1,1,6,1,6,1,-7,4,1,10,-7,-10,0,3,-9,-2,-3,-5,-6,-10,-4,3,-6
14/1143,1,0,-3,1,0,6,6,-2,-8,-4,3,-2,-4,-1,-4,-14,4,-8,4,-1,-5,4,-3,-9,-1
29/2288,0,2,-2,1,-2,-2,-3,1,3,-10,-8,2,-7,12,4,-3,-7,-6,5,-12,-6,4,-3,-1,-10
71/6864,0,0,2,1,-2,-2,6,1,4,-4,0,-1,8,4,-8,3,-11,-1,0,-12,1,15,-15,12,11
68/6865,0,-2,0,0,-1,1,-8,1,6,-4,-9,5,-7,2,0,6,-4,-2,3,5,-6,6,17,1,-3
37/3430,0,2,0,-5,0,2,6,-2,-4,4,-1,-11,-6,6,4,7,6,8,10,4,-7,-8,6,-6,16
-9/878,0,0,-2,-5,6,-5,-1,1,-3,-5,-9,-8,7,8,4,-7,10,1,4,-4,-7,8,2,-14,10
-16/1757,0,2,-3,-5,0,-5,2,-2,3,4,-1,-3,-4,-6,4,-6,13,-10,9,-12,10,-1,-5,10,-2
-17/1759,0,2,-3,1,2,6,-8,-2,3,6,6,8,0,9,0,1,8,-11,4,-15,-13,0,10,-2,17
-19/1759,0,-2,2,0,0,-5,-3,1,-3,0,-1,-8,2,4,8,-2,-5,13,-8,11,-10,-16,-6,-3,14
-5/586,0,2,0,1,-1,-5,-1,1,6,-2,3,10,3,10,11,6,6,6,8,-15,14,-4,12,1,6
-11/1754,0,-2,0,1,0,4,-6,-2,6,6,-1,-5,-3,-4,10,3,6,-6,-13,-1,-2,2,12,-12,6
-13/1759,0,-2,3,-5,-1,-7,-4,1,-8,10,-8,-5,-3,-7,0,-14,2,-3,8,16,6,5,-16,4,8
-15/1757,0,0,0,-5,4,6,-5,-2,2,2,8,-6,2,0,0,6,-12,2,4,-5,-13,-11,-4,6,-5
16/473,0,-2,2,-5,-2,4,-5,-2,-8,-4,-6,6,-6,-12,0,-6,6,-5,11,16,-10,-16,4,-15,-1
17/473,0,2,1,1,-2,-6,-8,0,-9,-10,6,-2,6,-12,6,10,-7,8,4,8,-1,-1,-11,18,2
2063/25,0,-2,0,3,-1,-5,2,1,6,0,1,-5,-6,-12,0,-6,0,2,12,4,-13,6,14,-2,8
1/1695,0,0,0,0,-5,-5,-1,1,-3,0,3,-2,3,-12,-11,0,-9,10,9,4,-7,10,12,12,10
7/1697,0,-2,4,1,2,2,-4,-2,-8,3,3,-1,3,0,8,9,-4,10,-2,-8,-1,-16,-7,-1,18
-9/46,0,-3,4,3,-5,-5,6,1,0,-5,10,7,-1,4,6,-10,-3,2,-3,-5,0,-15,-16,-7,6
-10/47,1,2,0,-5,-3,0,5,0,-3,6,3,7,-6,-10,3,-4,-5,1,-10,14,11,8,2,0,2
-11/52,0,2,3,0,0,-2,-5,1,6,-8,-4,-5,12,4,-4,-9,0,13,-12,16,-6,-15,-16,0,-4
-5/17,0,-2,0,3,-5,0,-2,1,-4,-1,2,-6,-3,-4,-6,-12,-12,10,-3,5,-6,4,8,-4,14
-57/71,0,0,-2,1,-3,2,5,1,2,0,-10,-5,0,8,-6,1,0,1,-5,4,-13,-4,-9,6,13
-53/73,0,2,2,0,4,-5,2,1,0,10,-4,-5,2,-7,0,-10,-4,-5,-3,13,-6,-7,16,6,-14
-68/23,0,-2,2,0,0,2,-8,1,0,0,-2,2,-7,-12,-8,-2,-11,-1,-12,-15,-13,0,3,10,6
-76/99,0,0,2,0,-2,2,2,1,-4,9,-1,-1,10,-7,1,-4,6,5,8,-7,14,-6,-3,10,9
103/85,0,2,0,-5,2,4,-2,-2,-3,0,-1,-1,-9,-1,-8,-6,-4,-6,-12,8,-10,-1,10,2,-13
99/85,0,-3,0,0,0,1,-2,-2,-4,2,2,-7,-2,6,0,6,6,-1,-4,-1,-5,-15,-3,3,-6
-61/40,0,-2,0,1,4,-5,-3,-2,4,-4,2,6,6,-4,4,4,6,-13,4,-3,-16,15,5,10,-6
-53/54,0,0,3,1,0,-6,2,1,6,-4,-9,5,-6,10,-4,-10,-10,2,-14,-12,2,15,12,-8,8
104/89,0,2,0,-5,4,-7,-4,1,-9,2,-5,10,8,-4,0,11,-9,-13,5,-12,-2,8,4,-8,-8
-25/28,0,-2,0,-5,4,6,1,1,6,-2,-4,10,-3,8,-11,-3,6,-2,-14,-4,-11,-8,-3,8,-6
-23/28,0,2,2,-5,0,-5,4,1,-7,2,10,-5,0,-1,0,2,10,-6,-14,3,-6,0,-3,0,1
-241/5,0,2,0,-5,0,-1,-3,1,3,-2,-1,10,-6,-12,-6,-4,4,2,-14,-3,-2,-16,0,-14,-7
-53/87,0,0,4,0,0,2,3,1,2,-6,-1,10,-6,4,0,-10,-2,-1,-14,-8,2,-8,6,-14,-6
-27/103,0,0,0,3,4,2,1,1,6,4,10,-2,4,-4,0,10,9,-13,5,8,7,5,4,12,17
-26/87,1,0,0,3,-3,-7,-3,1,-9,-6,-7,6,3,-6,0,1,-3,0,-14,6,6,-15,-1,-10,2
688/11,0,-2,-2,-5,-2,6,-1,1,0,2,-5,10,-4,-1,0,-10,-7,-8,4,-13,-7,-4,-8,-17,-10
-83/30,0,0,0,-5,-1,0,-3,1,-8,-2,-8,5,2,-1,-6,0,-9,-3,-6,8,4,8,0,6,14
-500/3,0,0,0,1,-1,4,-4,-2,6,-5,-5,-1,-1,5,6,6,-14,-8,-8,-8,0,5,2,2,8
-499/6,0,0,4,1,-2,2,3,1,-3,0,0,-10,-2,-4,-7,-2,-7,-10,-6,-9,-13,4,6,1,-6
-13/292,0,-2,0,3,4,-7,1,1,-3,-5,1,-1,-7,7,0,-2,-12,10,11,6,-6,-4,12,-8,-8
-14/293,1,-2,0,1,0,4,2,-2,6,-4,1,-2,6,5,-7,-4,0,-7,12,14,-4,15,17,6,-14
96,0,0,4,-5,0,-5,5,0,0,0,3,-7,-6,-4,4,6,-3,4,-10,6,12,-4,5,-3,8
289,0,2,2,1,-2,1,-8,1,-3,0,1,-6,-7,12,0,-10,0,-7,4,3,-13,0,-16,-2,-14
432,0,0,3,-5,-2,1,1,-2,6,-8,-4,-7,-7,4,6,6,0,-1,-12,0,-10,5,-12,-1,17
-1/324,0,0,2,3,-1,2,3,1,3,2,3,5,-1,7,11,-2,-2,10,-14,5,2,-15,12,0,2
-15/4858,0,0,0,-5,-5,6,-3,1,-4,0,3,10,-4,9,-8,-2,-14,-1,4,-15,2,-9,-16,-6,18
-35/12,0,0,0,1,0,-1,1,1,-4,3,1,-1,12,9,2,6,-2,1,8,4,2,-9,-6,-14,14
-86/91,-1,2,1,-5,0,-2,2,1,-8,6,3,-2,-5,-1,1,-12,0,-4,-12,-4,-5,5,10,0,-14
-54/73,1,0,0,3,0,1,-3,1,-8,-5,3,-2,1,0,-11,-2,-4,4,-8,0,-6,4,4,1,2
-1/47,0,2,2,-5,4,-5,-3,1,-4,-5,-4,10,-3,-9,3,10,4,-3,9,4,-4,8,12,3,14
-13/240,0,0,0,-5,-5,-7,-6,-2,-3,-7,-8,2,8,2,-6,10,2,-10,-11,-5,-2,-7,3,-4,17
-25/478,0,-2,0,-5,2,-5,-3,-2,-3,0,1,5,-3,4,-6,6,6,-2,-13,8,-1,-14,4,-12,9
-45/956,0,-3,0,0,-5,2,-1,1,-6,4,-5,2,1,-6,12,-14,-9,-3,5,-3,-6,2,-3,-8,-5
-12/239,0,0,2,1,-3,-5,2,-2,4,3,-1,-2,-1,8,0,6,-2,-7,2,3,11,6,2,0,18
-25/477,0,0,0,3,-1,1,-4,1,6,6,4,-10,-4,-1,-10,5,-1,8,-11,3,-5,0,-12,0,13
43/145,0,2,0,3,4,0,4,1,-6,-6,-5,6,2,-1,-8,-2,-14,-7,-3,9,7,10,-16,0,10
11/37,0,-2,2,1,0,2,5,1,-3,-4,2,-8,4,5,1,-6,-4,-6,5,-15,2,4,-3,0,10
287,0,-2,-3,1,-5,2,5,1,3,-8,-1,-6,-4,1,12,-9,-4,1,11,4,10,8,6,6,-1
-31/99,0,0,4,-5,-2,2,3,1,1,-3,-10,10,3,5,3,0,-12,-13,-12,12,6,-9,-4,6,14
-32/97,0,2,1,-5,4,6,2,-2,1,7,1,-10,-6,-6,12,-11,-12,-2,9,-3,12,11,3,0,4
-17/9712,0,2,2,1,2,-1,-8,-2,-3,-2,-5,-10,4,-4,2,-3,-9,0,16,-15,-2,8,3,0,2
-19/9711,0,0,4,0,-3,-2,-3,1,6,-5,8,-7,10,9,-6,7,0,8,2,11,2,-15,-16,-3,-2
-8/33,0,0,1,-5,-2,2,-3,-2,-3,-1,-9,10,-6,-6,8,-9,8,-1,5,-5,8,-1,-16,10,-12
70/3,1,0,0,1,4,-6,6,-2,6,-2,-9,10,0,4,8,1,-4,-5,12,-9,1,-16,2,3,13
73/5,0,-2,0,1,0,6,4,-2,6,5,-9,-7,-1,-4,-8,-14,-5,-7,16,2,-11,-1,-16,12,-14
57/29,0,0,-2,0,4,-6,-4,1,-8,-6,10,-5,7,10,0,-2,6,-5,-12,-12,-6,-6,4,10,0
172/3,0,0,1,1,2,2,6,-2,-9,0,4,-2,-4,-1,-4,-9,0,1,-14,-8,-11,6,12,-6,-2
689/12,0,0,-2,1,4,-7,2,1,-8,-8,-4,-2,0,-6,-10,-10,8,10,4,13,2,-8,15,5,-7
691/8,0,-2,0,-5,0,2,6,1,-8,5,-5,-2,-4,4,4,-10,-1,-2,12,12,-4,5,-4,3,2
687/5,0,0,0,3,-5,2,5,1,0,-2,2,-5,-9,-6,1,6,-4,-7,9,9,11,10,7,-6,12
-30/89,1,0,0,0,-2,0,4,1,6,3,1,6,6,4,12,6,4,5,5,3,11,-16,-16,-8,2
-217/12,0,0,2,1,-2,-1,-5,1,-8,2,-10,-7,12,8,0,-14,-11,-3,4,-9,2,13,-3,8,-9
-502/3,-1,0,0,3,4,-6,2,-2,-3,-8,-4,-6,-3,-10,12,-2,9,-11,4,3,-8,-4,16,-12,9
-499/3,0,0,2,-5,2,6,5,-2,6,-1,1,-1,6,4,12,6,-5,1,9,16,-6,0,-8,-14,-2
-126,1,0,1,1,2,-5,-1,-2,1,3,-4,-7,-6,10,-6,-11,-4,-8,10,13,-14,-10,-16,-1,-3
-503/5,0,-2,0,3,4,-6,5,1,-9,-1,3,-2,1,4,-11,6,2,-6,8,4,7,-12,12,-10,-9
-21/64,0,0,0,1,4,-5,4,1,6,4,-5,-6,6,10,-6,-2,-4,-12,2,4,-13,13,7,-7,-4
49/31,0,2,1,1,-2,0,6,1,-3,10,2,6,8,8,0,-7,-4,1,-10,-12,0,8,2,1,17
-15/37,0,0,0,3,6,2,6,1,-8,0,-9,-8,-6,0,0,-2,6,-12,-10,-12,-2,5,3,0,8
-17/41,0,-2,0,3,-1,4,-8,-2,6,4,-1,-2,6,6,-8,11,-3,-2,-10,5,-14,-16,12,4,0
-10/293,-1,2,0,3,0,-6,-5,-2,-8,4,8,-6,-6,-12,-3,-9,4,-4,3,0,-5,-16,-11,0,8
-9/296,0,0,4,1,0,1,-5,-2,-8,9,-7,-8,12,-10,-6,-6,-5,10,4,-4,-5,15,2,-16,10
-89/30,0,0,0,0,-3,6,4,1,3,-1,-9,10,2,6,-6,2,4,-13,-14,12,-14,4,-10,-13,1
81/52,0,0,2,1,2,-2,-3,1,6,4,-9,6,7,4,-6,-2,0,-7,10,4,-2,-16,-9,-15,10
37/82,0,2,0,1,-2,-6,3,-2,-8,10,-1,-11,6,1,10,3,-7,2,8,5,6,-6,14,-14,-2
-58/31,1,-2,3,-5,4,-5,-3,-2,6,-10,2,-7,-6,-12,-2,1,7,1,4,3,2,5,6,-6,8
-55/31,0,-2,0,-5,0,0,1,1,-9,4,2,-2,7,-6,-8,6,-12,5,-11,8,-4,12,-4,-12,-7
75/61,0,0,0,0,4,-5,3,-2,-3,-2,10,-2,-6,4,4,6,1,-4,4,8,12,4,2,6,14
-47/57,0,0,1,1,-3,2,6,-2,6,-10,-4,10,2,-12,-8,6,0,-1,8,-12,8,-15,2,-14,6
8/93,0,0,4,-5,2,-5,4,1,6,4,2,-5,-6,4,8,-11,2,-1,9,0,2,-8,12,0,-14
9/91,0,0,1,-5,-2,-2,-1,1,4,-3,3,-1,-6,-10,0,6,0,1,-14,12,-8,-14,-3,-14,2
-7045/2,0,2,0,1,-2,6,2,1,6,4,-9,10,-3,-4,-4,-6,-4,-1,-6,4,-4,13,2,-15,11
-89/92,0,-2,-2,1,0,0,2,-2,0,-5,-9,-6,4,8,0,1,-12,-1,2,-5,-8,-14,2,-13,3
-89/91,0,2,4,-5,4,-2,2,1,-4,3,-4,-5,-7,12,8,5,-4,-13,-13,4,2,-6,1,-13,-1
-731/7,0,2,2,-5,-3,6,-8,1,0,-3,-2,5,-6,-1,-7,7,6,4,8,-12,-5,6,3,-13,-13
-39/128,0,0,-3,-5,4,-7,1,1,-4,-2,-4,2,6,-3,-7,-2,-2,13,0,-3,-5,8,12,-9,-12
39/149,0,0,0,1,-5,-7,2,1,4,-5,-5,10,-7,-6,-8,0,-13,-2,5,7,-1,-7,2,-17,-2
-1/235,0,-2,0,-5,0,6,-5,1,-3,3,3,-2,2,9,3,-4,0,8,8,6,-6,1,4,0,16
-5/234,0,0,0,3,-1,-2,2,1,-6,-5,2,-2,-6,4,12,9,-4,4,-3,-12,4,13,-4,0,0
-65/101,0,-2,0,-5,2,-7,2,1,-8,3,10,-7,6,-4,-11,5,-12,1,11,-4,14,-16,11,0,8
-64/97,0,-2,0,0,6,4,-5,1,-3,4,0,-1,-3,4,4,5,0,-1,-3,4,2,-10,3,-10,4
7/82,0,2,2,1,0,-5,-4,-2,-4,4,-5,-11,6,4,11,-10,1,2,4,8,-2,10,-4,-9,14
12/79,0,0,2,1,2,6,5,1,-3,9,-1,-3,0,1,-6,6,-11,-5,12,-3,-13,-8,16,-12,-1
-463,0,-2,-3,1,6,-5,-3,1,-4,4,-6,10,-4,-4,0,-2,11,2,8,-12,4,10,-1,-14,2
-918/5,1,0,0,-5,6,2,-8,-2,-3,-7,-8,-1,-6,4,-8,-2,-7,-11,11,2,4,5,12,-6,13
-921/7,0,0,-2,-5,-1,-5,-6,1,-3,4,10,11,8,-2,-6,-3,-3,8,-8,-15,-6,-8,-5,-1,-6
3/139,0,0,0,-5,-1,-1,4,-2,-8,3,-7,-8,0,-3,3,6,-7,-12,-7,-8,-4,-1,14,2,-6
4/143,0,-2,2,1,-2,-2,2,1,6,-1,1,2,-2,12,4,5,6,1,6,12,12,-5,6,-6,3
33/196,0,0,-3,-5,0,6,5,1,-4,4,-7,-2,10,-3,4,1,0,4,-3,0,-2,-8,3,-1,1
-90/47,1,0,0,3,-2,-5,2,1,6,-3,6,-6,7,10,3,-3,-3,-4,4,-4,-2,9,-13,3,-2
21/265,0,0,0,1,6,6,2,-2,-9,-1,-1,-7,0,10,-6,5,-7,10,6,15,14,-14,6,12,-12
22/265,-1,2,0,1,0,6,-4,1,-8,7,-7,-5,12,4,0,5,-11,-2,8,6,-4,-15,0,9,-19
3/53,0,0,2,1,-3,1,-1,1,3,4,1,-2,-1,-3,-8,5,-4,1,-6,14,5,4,-3,-12,14
-4/883,0,-2,-3,3,2,-5,-3,1,-4,6,-1,5,-1,-1,-6,0,-2,-5,-11,-12,11,10,0,-15,10
-1/294,0,0,4,-5,-3,-5,-1,1,4,6,-6,-5,0,4,-6,6,0,-4,0,6,-7,0,0,-3,-2
1/879,0,0,1,1,6,-5,-1,1,4,9,8,-8,6,5,4,0,9,-8,2,11,0,-14,0,-17,-2
-20/81,0,0,0,1,2,0,2,1,2,9,3,10,6,-1,-11,-9,-12,0,4,-13,14,-15,10,0,-9
45/152,0,0,0,1,4,-5,-5,-2,6,2,4,10,0,6,1,-2,0,10,-5,15,8,-10,3,6,-10
50/151,-1,-2,0,1,0,1,-4,-2,6,-10,3,6,-3,-7,12,9,0,-3,4,-9,-4,11,12,2,13
57/80,0,0,0,-5,0,-1,-4,1,-3,-2,-4,-6,-2,-12,12,6,2,-5,8,14,-1,-8,-4,3,-13
78/89,-1,0,0,3,-5,-7,5,1,-4,10,-9,-7,-6,-1,3,-9,-4,-10,-10,8,11,6,5,-8,2
-1082/91,1,2,-3,-5,2,-2,4,-2,-3,-4,-1,-1,12,4,-11,-7,-4,1,-14,-12,7,0,10,-15,-3
-1081/91,0,-2,2,-5,6,-2,-3,1,-7,-1,-4,-6,-6,8,-8,0,6,-1,10,8,-2,8,3,-12,8
-179/15,0,0,0,3,-1,-5,-3,1,6,3,8,-6,12,7,4,-12,-4,-7,-11,6,2,10,12,-7,8
-179/14,0,-2,2,-5,6,1,2,-2,6,10,4,10,0,8,-1,-2,-12,-1,-14,2,-2,11,2,8,8
-2026/3,1,0,-2,1,-2,-5,3,1,3,4,8,-2,6,2,8,-6,-4,10,-14,-5,11,-1,-13,-3,17
1/490,0,2,0,-5,-1,1,5,-2,6,3,-5,5,6,4,10,-6,8,4,5,-8,-16,-5,3,0,2
-59/46,0,2,4,0,0,6,2,-2,0,-5,-7,2,12,4,-8,6,-12,13,8,0,-1,-16,-10,6,2
-494/93,1,0,2,-5,0,-7,-6,1,1,-3,2,10,-1,4,-8,-6,2,-8,3,5,-6,10,-12,-13,2
92/19,0,-2,3,3,2,4,6,-2,-7,3,-9,7,-9,-9,6,6,0,1,4,-15,-16,4,3,0,12
94/19,1,2,2,1,0,6,-3,-2,3,-5,10,-2,-2,-7,-8,-2,-11,-5,-8,-12,0,15,-3,8,-18
-103/23,0,2,2,0,4,-5,2,-2,0,6,-5,-5,6,10,-6,-4,0,8,3,-7,-4,-8,-4,10,2
44/59,0,2,0,3,0,2,2,-2,4,6,6,10,-9,6,-6,-2,10,-7,16,8,0,-10,9,0,3
46/55,1,2,0,3,-2,4,2,1,-7,-2,-1,-5,2,7,0,-4,0,-2,8,0,-10,6,-4,10,2
-1/462,0,0,0,-5,-2,4,5,-2,3,6,-8,10,7,-1,12,1,4,-12,3,-13,-8,13,12,12,-18
40/61,0,2,0,0,-2,1,-3,-2,6,2,-1,2,-7,8,0,-7,-1,-4,4,6,7,5,2,-10,11
73/63,0,0,4,-5,4,-1,3,1,3,5,3,11,0,1,-11,-6,13,1,-12,8,-11,-9,-4,10,8
72/65,0,0,0,0,4,-2,-1,1,-3,-7,-2,6,3,9,-1,-10,6,6,5,14,2,1,-11,-12,2
69/65,0,0,0,3,0,-2,5,-2,-7,3,1,-2,6,4,-6,3,2,2,4,-12,-8,-6,10,18,-2
-95,0,2,0,3,-3,-1,1,1,-4,0,-4,-5,4,5,-8,-9,8,-1,-4,-9,-13,-16,7,-7,10
-17/40,0,2,0,-5,4,-1,-8,0,-4,0,-5,-5,-6,4,0,-6,6,-13,0,10,-5,-4,4,-4,10
-1/97,0,-2,2,0,2,0,1,1,-3,-8,1,-2,-4,-3,-11,-10,6,-8,-10,14,-8,-8,-16,10,4
-89/66,0,0,4,3,-2,0,-6,-2,-4,6,2,-7,3,-2,0,-6,-2,4,-11,-9,8,-4,14,-13,14
-6313/3,0,0,1,-5,-3,-6,5,-2,0,5,-1,-2,-6,-6,-8,-6,-12,8,-6,-1,-8,10,3,0,13
-6313,0,-2,-3,0,-5,-5,5,-2,1,0,3,2,-6,12,13,7,-12,4,8,0,-10,11,-16,6,-10
-6309,0,0,0,-5,4,-1,5,1,-6,9,0,10,-6,-12,0,-6,6,4,4,-8,14,10,12,-13,-1
-6313/4,0,-2,2,1,-2,4,1,-2,-8,-3,-9,-7,-1,4,-6,-2,-12,-5,3,-3,2,-10,0,0,-14
85/19,0,2,0,3,-5,6,-8,-2,-9,-4,3,-7,-9,4,4,-10,-1,1,10,-12,-5,6,-5,-3,-6
-88/95,0,2,0,1,0,-5,5,-2,-3,-10,10,-11,8,4,12,6,-5,10,5,8,6,-9,6,8,17
-89/95,0,-2,0,-5,-2,6,2,-2,-3,6,-6,-1,-1,-7,12,-4,11,1,11,-4,-4,-15,4,-13,-1
76/15,0,0,0,1,0,6,-3,1,6,6,3,-5,6,7,-6,-6,11,10,-7,-12,8,-16,-16,10,11
44/27,0,0,-2,-5,0,-5,4,1,3,6,-1,-2,8,12,-4,-3,4,4,11,-8,-14,11,-12,10,-6
-1/149,0,2,2,3,0,0,-3,-2,6,6,-9,7,-1,9,0,6,0,-1,-8,-8,4,5,-13,4,-10
-43/58,0,-2,1,3,-3,-5,-5,-2,2,-6,3,-2,-3,-1,-4,-6,-4,0,2,-9,-6,11,14,-13,12
27/110,0,0,0,-5,-2,4,2,-2,-3,10,10,-5,6,7,1,2,6,13,1,8,-2,-9,11,-17,-7
82/333,1,0,1,3,0,6,5,1,-4,10,-9,-8,-4,8,0,10,10,10,4,-15,-13,8,12,-9,13
-44/83,0,-2,3,1,0,6,2,-2,6,4,1,-6,-6,1,-1,1,1,5,-7,8,-2,5,-16,-12,-7
-45/83,0,-3,0,3,0,-5,2,1,-3,-2,-1,-3,0,9,1,-2,10,8,6,0,-7,-16,-16,-1,-5
67/17,0,-2,2,1,-1,6,-2,-2,6,0,-2,-2,6,4,-6,-11,6,2,-5,6,14,-15,-3,18,12
69/19,0,0,2,-5,6,-5,-4,-2,-7,-2,-6,11,-5,0,-11,0,4,0,14,-15,6,11,-3,-10,17
-32/79,0,2,2,-5,2,6,5,1,2,-2,-1,8,-6,1,-8,-9,6,-1,2,6,6,-8,-3,-1,13
-32/81,0,0,2,1,-2,4,-3,1,-3,6,-9,-1,8,9,-6,-2,-1,4,-5,-5,6,-16,-3,6,10
79/72,0,0,3,0,-3,0,1,1,3,4,3,-5,-4,-2,6,1,6,-1,4,-12,-10,4,2,-14,-5
-9/1636,0,-3,4,0,-2,4,-6,1,-4,0,10,-7,-2,-6,2,-10,0,-5,4,-12,-6,10,-16,-9,-18
331/8,0,-2,3,1,4,-5,4,0,0,4,-1,-7,7,-10,-8,1,0,-10,12,-12,11,6,3,-17,-12
164/5,0,2,0,1,-1,6,-4,-2,-9,-1,-1,10,-4,8,8,-3,-2,-7,8,-9,11,-4,3,8,14
143/4,0,-2,2,1,0,-7,-5,1,3,3,-4,-2,-6,-4,-8,-6,-2,8,11,-3,-2,8,14,-16,-2
415/2,0,-2,0,0,-3,-6,6,1,1,3,6,-8,2,-7,-6,-9,0,0,0,14,-11,-12,0,-6,13
343/11,0,-2,0,1,-2,-5,-3,-2,0,-10,3,10,6,-3,0,3,4,-1,11,-4,-6,2,11,8,8
344/11,0,2,1,1,-2,2,2,-2,6,-8,-1,8,0,-1,-6,0,-12,5,3,-8,-4,-14,6,-3,-1
344/9,0,0,0,-5,-3,-5,-3,1,-3,-4,-8,-6,6,-1,-2,11,6,-7,12,5,2,1,8,-16,5
348/13,0,0,4,1,0,-2,5,1,6,-10,-1,-8,-1,4,1,-2,-1,13,12,4,-10,-4,-3,18,-14
-37/6,0,0,-3,1,-2,-1,-3,1,-3,-10,1,-11,4,-6,-2,-6,-4,-13,-4,8,11,11,-7,12,-7
-99281/2,0,-2,-2,1,0,-7,-3,1,-3,6,6,-3,-1,10,-6,7,1,-3,0,-12,-7,10,-1,-6,-7
-7047/2,0,0,2,0,-1,-6,-3,0,3,-10,-9,-5,2,0,0,-3,-10,-7,-14,0,-2,6,-6,-10,-7
-14093/2,0,-2,0,1,6,-6,-8,1,-8,6,6,10,7,2,-6,6,6,0,-11,-3,-6,2,-7,1,18
95/71,0,2,0,-5,0,-5,-4,1,-3,3,-1,-6,10,12,4,2,5,6,2,4,11,-7,12,1,-6
99/73,0,-3,0,-5,0,2,-3,1,-9,-3,-5,-8,-4,10,4,11,6,-12,4,0,-6,-8,14,12,8
-55/68,0,2,0,3,0,6,-2,-2,-3,0,-9,-2,-6,9,3,-2,0,-1,-8,12,0,-5,0,6,-2
-4/57,0,0,2,3,0,6,2,-2,6,-2,2,-7,10,-12,6,0,-2,10,-10,-15,-2,13,-4,9,-3
-610,-1,-2,0,1,2,2,-6,-2,3,0,1,-5,-6,6,2,-4,0,-13,6,6,-6,-7,16,-10,-10
5884/715,0,2,0,-5,-2,-2,-6,1,-8,0,-4,-10,6,6,-6,-6,8,-7,5,5,-7,-8,12,-6,13
1963/237,0,0,1,-5,6,-7,-4,-2,3,-2,4,-5,0,-1,-6,-12,6,-10,10,6,-7,-8,-15,-6,-8
5884/713,0,-2,3,3,2,-1,5,-2,0,6,2,2,8,-2,0,6,4,-5,-10,-12,11,-4,1,-13,10
256/31,0,2,2,1,-3,6,5,1,-3,-5,2,-5,12,-10,-11,-6,13,13,12,3,-14,10,2,-17,10
41/76,0,-2,0,0,-2,6,2,-2,-9,7,-1,10,-4,-1,-11,-9,-4,-10,-8,4,-10,12,4,6,6
19/39,0,0,4,3,4,-2,2,1,-8,0,-1,-6,-1,-4,-6,6,-2,13,0,-6,-16,-4,15,-12,-14
-1/3767,0,2,-2,1,-1,-1,2,1,4,10,-4,-5,-2,4,4,5,-10,-8,-8,8,10,-4,-5,0,14
-9/18835,0,-3,0,0,0,4,-4,1,-6,-10,0,2,-7,5,0,-12,6,-1,1,6,2,8,-3,1,2
-1/9417,0,0,-2,3,6,-5,4,-2,-6,4,-5,6,-3,-12,7,-2,0,1,4,-15,-6,-1,-4,-1,0
-5/18831,0,0,0,1,4,1,4,-2,-4,3,-2,-2,3,8,-6,1,-4,13,-2,4,10,-14,-4,1,2
-80/231,0,0,0,-5,-2,-5,-4,1,1,6,3,-11,-3,4,4,1,6,-7,2,-15,14,11,6,-2,13
-82/231,1,0,2,-5,-2,2,-6,-2,6,-3,3,-3,-4,7,0,6,7,-4,12,-4,-2,1,2,0,-5
76/55,0,2,0,0,-2,-5,-6,1,3,2,-4,5,2,6,-2,-6,7,6,5,4,12,-12,2,3,5
75/53,0,0,0,3,-5,2,6,1,4,3,-6,10,0,1,0,5,-7,-3,2,5,-13,9,4,9,5
-99280,0,-2,0,0,2,2,-8,-2,3,4,-9,-6,-7,8,-11,6,-7,6,-7,-12,-11,-8,7,6,-13
-95/32,0,-2,0,1,4,-5,2,1,-3,6,-4,-5,1,-10,3,-6,-2,6,-12,-4,-1,12,10,18,14
77/82,0,-2,0,1,0,1,2,1,-3,-7,-2,-2,6,-1,0,0,-4,13,5,6,-6,0,4,9,13
8894/61,-1,-2,1,-5,-5,-6,-6,-2,-8,-8,3,-5,1,4,-11,0,6,-4,-7,0,-16,-16,10,-14,-7
4447/31,0,2,-3,3,-3,-5,-3,1,-3,-4,2,-2,0,4,0,1,-1,-10,9,-12,7,9,3,6,-8
887/5,0,2,0,0,0,4,-3,-2,-8,6,1,-7,-6,-7,-6,6,-12,4,-12,6,2,-6,-4,9,12
886/7,1,2,-3,-5,-3,-5,-1,1,-3,2,2,-2,0,8,-8,5,-7,-8,4,-2,2,8,-3,10,-12
-197/119,0,-2,-3,-5,4,6,-2,-2,4,-7,-9,-2,-9,0,0,1,0,2,5,-12,-4,0,3,-14,13
-974970,-1,0,0,-5,-3,-5,2,1,-7,10,3,-2,10,-12,0,6,4,-12,-7,-1,-4,-16,3,2,-9
-1949941/3,0,0,2,1,2,4,-4,1,-3,4,2,10,6,-2,8,7,5,-13,2,2,-7,-14,6,0,5
-1949939/3,0,0,-3,3,-2,1,-3,1,6,6,10,-11,-9,4,-8,-4,-4,10,-12,-12,2,5,2,-8,-12
-17/63,0,0,0,-5,-1,0,-8,-2,-4,3,-1,-2,6,4,-6,1,7,-8,4,-5,7,5,2,-1,5
34/9,1,0,2,3,4,4,-8,1,4,6,-8,-8,-7,10,6,-2,-14,-6,-12,14,-14,-1,5,-4,-14
25/73,0,2,0,1,-1,-5,2,-2,1,0,-1,-8,6,12,4,1,4,-6,6,-7,-6,4,4,6,12
30/71,1,0,0,1,2,-5,-1,-2,-3,0,-2,11,-6,-2,1,-4,-4,-5,-12,4,-13,8,4,10,13
97/61,0,2,0,-5,4,-5,-3,-2,6,9,-9,-2,-1,10,0,-11,0,-4,-6,15,-6,8,4,-1,8
77/65,0,2,0,1,0,-2,2,1,-8,4,-5,-8,-7,-4,-2,-6,5,-13,-6,-8,-7,-9,-4,6,10
79/65,0,-2,0,0,0,-2,-6,-2,-3,5,4,-7,-6,1,0,-9,8,4,-14,-6,-2,4,0,-15,2
-77/61,0,2,3,1,0,1,5,-2,-3,9,0,5,-1,-2,-6,11,-5,-4,1,6,0,8,4,2,12
-75/62,0,0,0,-5,4,6,-3,1,4,5,2,-10,-6,6,-8,-2,0,2,8,-9,5,-8,2,18,-6
49/89,0,-2,0,1,4,-5,-3,-2,-4,10,3,5,-9,4,6,7,0,-6,-10,5,4,-16,4,-8,14
44/87,0,0,-3,3,0,0,2,1,-3,-6,3,6,-6,-6,1,2,0,-6,-10,8,4,-4,17,12,-6
-165,0,0,0,3,0,-5,2,1,-9,0,-8,-7,12,8,0,7,6,6,-5,-7,-2,13,11,-10,-19
-657,0,-3,3,0,-2,-6,-5,1,6,10,-7,-7,12,12,2,-11,-4,10,3,8,-11,-8,0,12,2
-12/17,0,0,2,3,0,2,-2,1,6,4,1,-2,12,-6,-6,6,0,6,11,13,10,-15,-3,8,-12
-13/303,0,0,1,-5,4,-7,-1,-2,4,0,-2,2,-6,9,-8,-3,-5,1,-5,-3,-7,0,6,10,-6
-51/1213,0,0,-3,1,4,2,-8,-2,-4,4,-9,10,3,1,6,-3,-11,10,5,-4,-10,0,12,3,8
97/45,0,0,0,1,0,2,5,-2,6,-8,10,2,-6,2,3,4,-9,13,5,-8,-14,-10,-6,-1,8
94/43,1,2,-2,3,4,-5,4,1,3,6,-9,-6,1,-12,-8,-11,-9,-10,1,3,-13,13,-1,-3,-18
97/44,0,-2,0,3,-2,-1,-3,-2,-3,7,8,6,-6,7,-8,-3,-7,-5,-11,-12,-6,-1,6,-4,8
-39/94,0,0,1,0,6,-7,1,0,-3,4,1,10,-9,-2,3,6,11,-5,8,16,6,-15,-6,-13,-2
23/90,0,0,0,-5,2,1,-3,-2,-7,-1,-9,10,6,4,12,-3,10,-1,12,-12,5,11,2,-14,13
-11/62,0,-2,-2,-5,0,-5,3,-2,6,3,2,-8,-3,-1,10,-10,6,-4,-10,-4,-16,4,-13,-3,-10
49/30,0,0,0,1,-1,-1,-4,0,3,7,-9,-6,3,-1,3,-2,0,13,14,12,-2,8,2,-16,3
101/60,0,0,0,1,4,4,5,1,-4,6,-9,-1,-6,7,-6,-9,-12,-5,-12,7,-2,-16,1,6,-2
-989/7,0,2,-3,-5,0,4,-6,1,-7,-5,-9,-8,-1,-1,10,1,-2,-2,5,-3,-7,13,11,-10,-2
-141,0,0,2,1,-1,0,6,-2,-4,-2,-1,10,2,12,-8,6,-11,-10,6,2,-9,-4,-4,-12,1
-6049/4,0,-2,1,-5,-2,6,2,-2,-7,5,1,2,2,-4,-6,-6,0,6,-8,-9,-10,-16,-13,-14,-1
-297/4,0,0,3,0,0,6,5,1,1,7,3,-7,-6,-6,-6,-2,-4,2,-12,11,-2,-8,7,-12,2
-2350,1,-2,0,1,-3,1,-3,1,-9,0,6,10,4,9,-8,-3,0,1,-6,-12,-4,-11,3,3,2
-205/402,0,0,0,-5,0,2,2,-2,-9,6,10,-8,-4,9,-8,-2,-12,-8,0,-9,0,-10,0,-14,8
-209/403,0,2,-2,1,0,-2,4,1,-9,-7,2,-1,-3,4,0,-3,-11,-8,-14,0,-2,4,12,2,8
-205/401,0,2,0,1,-2,-5,2,1,4,-5,-7,-6,-4,-1,4,-6,6,1,11,4,-1,-14,0,9,-19
-46/3959,-1,2,4,1,-1,6,-5,-2,-7,-3,3,-8,-9,10,-10,3,6,6,4,-4,-16,-9,4,-6,-5
-83/7916,0,-2,-3,1,4,-5,5,0,6,-2,0,5,0,4,0,-14,13,-10,8,-12,-4,15,0,-12,13
-40/3957,0,0,0,0,2,-5,-1,-2,2,-5,-4,-7,-7,10,12,-2,9,-1,9,-9,2,-1,2,18,10
-19/80,0,2,0,3,-5,2,2,1,-3,4,3,-2,-4,-3,0,-3,-14,0,-7,-12,-10,-14,12,10,-2
-199/15,0,0,0,-5,0,4,-5,-2,-4,-5,-9,-8,6,0,10,-3,-14,-5,0,8,4,6,3,-1,-2
-89/36,0,0,2,1,4,-5,5,1,6,-5,2,-2,7,-4,-6,0,11,1,0,-15,-7,-16,6,-13,10
30/83,1,0,0,-5,4,-6,-6,-2,1,6,-4,-6,-4,4,10,-3,6,6,-13,9,-8,1,-16,-6,-2
16/43,0,2,-3,1,2,-5,5,-2,6,-8,-1,-2,6,-12,-6,10,4,-2,2,15,-14,-10,3,8,2
23/38,0,2,4,3,0,1,-1,-2,-7,0,-8,5,1,-1,1,-6,10,0,8,3,2,10,8,-8,17
-64/95,0,2,0,-5,4,2,2,-2,-8,0,1,-8,-6,-12,-10,-3,-9,8,-5,-3,-2,4,-7,8,-2
-4443/4,0,0,-2,-5,-2,-5,1,1,-4,9,-9,11,0,-6,-3,6,-7,-2,12,2,-10,-16,6,-10,-19
-4445/3,0,0,0,1,4,-1,2,-2,-8,6,-9,5,6,4,-6,2,-4,-5,4,-9,2,13,-16,18,-18
-101/29,0,-2,4,-5,2,2,-1,-2,6,-6,-10,-2,-6,-2,-7,-6,-7,2,8,-3,-10,-6,-4,6,8
-785/469,0,2,0,-5,-5,-5,5,0,-3,-5,-9,10,0,6,-2,0,4,1,0,-12,-4,8,-5,-8,2
-783/466,0,0,-3,1,4,-5,6,-2,-9,-10,1,-6,-6,-9,-6,-4,-12,0,6,-15,-7,4,-3,-9,-1
-34/89,-1,2,1,3,6,-5,-8,1,-9,-5,-2,-2,-6,10,-6,-6,-5,8,-14,0,-6,5,4,-8,-14
-40/7943,0,2,0,1,-3,-2,1,-2,6,2,3,-6,7,-9,3,3,0,-4,-2,7,-2,-4,0,-14,18
-11/1986,0,0,1,1,0,-5,5,1,-3,6,1,-8,-4,-1,-7,-2,13,-5,8,-15,7,8,7,-8,-12
-20/3971,0,-2,0,-5,-2,2,5,-2,4,10,-1,5,-6,-1,10,-7,6,-6,5,12,2,-16,0,-14,-3
-72/97,0,0,1,1,-2,2,5,1,0,4,-9,-2,4,-1,0,6,-1,5,12,14,-13,4,3,1,4
-913/2,0,2,4,1,0,-5,5,1,-3,6,-2,-1,2,4,6,7,6,10,-2,3,-4,-8,0,-6,-14
-914/3,1,0,-3,0,4,1,1,1,6,-3,-9,-5,0,-4,10,-2,0,2,10,4,-7,-8,-8,-10,-3
-911/4,0,2,0,-5,2,1,-5,1,6,-8,-4,-7,6,-2,11,-10,8,10,9,4,2,-15,-4,-8,2
-13/2489,0,2,-2,1,-2,-7,2,-2,6,7,-6,-3,6,4,-10,-11,-9,-8,-14,11,6,-14,5,12,-3
-5/711,0,0,0,-5,-3,4,-3,1,4,3,10,-8,7,7,0,9,0,8,2,3,-2,-8,-9,-8,-6
38/29,-1,2,-2,3,4,-5,-5,1,4,-6,3,5,-1,7,-8,7,-12,-13,4,13,-1,-9,-5,-14,8
-2/891,1,0,2,1,-2,-1,1,0,6,6,-1,-11,-4,-10,2,-11,0,-13,8,15,10,4,0,-6,2
-4/895,0,-2,0,-5,6,0,6,-2,6,4,2,-5,-3,-2,0,3,10,-10,12,-12,6,-6,0,-8,13
17/31,0,-2,3,0,0,-6,-8,-2,-3,2,2,-6,0,4,-6,-2,-9,8,8,10,4,-7,12,9,-2
32/57,0,0,2,-5,4,-1,5,-2,-3,-8,6,-7,-7,4,3,6,-4,1,4,-3,-6,-15,6,-9,-18
35/58,0,-2,0,1,0,-5,2,1,-3,-6,1,2,-1,12,-11,9,-12,1,12,-15,2,-6,-6,0,10
-7/86,0,2,0,1,0,-5,-1,1,-3,6,2,-2,-4,-12,-8,1,-5,1,-2,13,4,8,-3,-14,-4
-1/15,0,0,0,1,0,-6,-4,1,-8,-1,-6,-3,-4,4,0,9,-2,-13,-8,0,14,10,17,-7,-8
41/4,0,-2,1,-5,-1,6,-5,1,-6,5,10,8,-4,8,3,11,-7,-13,-13,8,-13,-9,3,6,18
74/51,-1,0,1,1,0,-5,-2,-2,-3,-4,-9,-11,8,4,-8,6,10,-6,-10,-6,-5,-16,12,-4,5
19/89,0,-2,4,0,0,2,-4,1,-3,-3,3,-2,8,6,-6,-6,-4,1,-3,3,4,6,-12,-8,-14
-349/33,0,0,-2,3,-2,-5,-4,1,6,6,-9,-8,-6,-2,-6,3,0,-10,16,15,-13,8,12,10,-7
-31/25,0,-2,0,0,0,-5,5,-2,-9,6,-10,10,6,7,-8,1,-1,-4,-3,14,-5,4,4,-10,13
-7/71,0,2,-2,1,-2,2,-4,1,6,-3,-9,11,2,-9,-2,-11,-12,-10,8,4,5,-8,6,9,-2
-2/75,1,0,0,0,-5,-5,1,1,-3,-4,2,6,-6,12,4,-10,6,4,4,-15,1,1,2,10,1
69/17,0,0,3,1,2,2,-2,-2,-7,4,0,-6,-2,10,10,6,-9,-8,10,11,-6,0,6,2,17
85/48,0,0,0,1,-1,-5,-8,1,6,-4,-5,8,-6,-6,-6,3,5,4,-14,-3,-2,-12,4,-12,-5
89/49,0,-2,0,-5,0,-5,5,1,-4,5,8,6,1,-2,0,-2,6,6,-5,6,4,4,12,-13,-2
23/12,0,0,1,1,-5,1,-4,-2,-7,3,-1,-2,-3,2,0,-10,6,8,-12,6,-13,-16,-16,-9,-7
13/54,0,0,-2,-5,0,-7,-1,1,-6,-2,1,-5,-6,4,3,5,-2,-2,4,-15,-6,-15,17,-10,8
-32/3,0,0,4,0,-3,4,6,1,-4,0,1,2,3,-6,12,9,11,8,-10,4,-10,8,-12,8,0
-1/2355322,0,-2,2,-5,4,-5,2,-2,-3,-6,1,-2,-2,1,0,-4,0,0,4,8,-2,-1,-3,1,9
1/1177661,0,-2,0,-5,-5,2,-5,-2,-4,-6,4,-2,6,7,1,-3,6,5,-10,-15,-10,-12,-9,10,14
-73/49,0,-2,-3,-5,-2,6,5,1,4,0,-1,-10,0,4,1,-7,-7,10,12,4,-11,-16,8,3,-13
-73/51,0,0,0,1,6,-5,-2,1,-3,-1,2,-2,-6,8,0,6,-10,-4,-14,-12,-11,13,4,-14,-19
-71/48,0,0,-3,0,4,-5,4,-2,-4,10,-7,10,6,10,0,1,4,1,-4,-12,-13,11,2,-3,18
-42/55,1,0,0,1,-2,6,5,1,-8,3,6,-5,-6,-6,-10,-11,7,8,4,-9,-13,-10,-3,0,8
92/43,0,-2,1,0,4,2,2,-2,-7,3,10,-2,-6,-12,-8,0,11,-8,8,-4,-2,-16,4,-6,18
76/65,0,-2,0,3,-5,-2,2,1,0,6,0,-2,10,1,-8,-10,0,-10,-10,-5,2,-6,2,-14,-14
-54/19,-1,0,2,1,4,-5,1,-2,6,-5,-1,-2,-5,-1,-8,-2,6,-2,-12,12,-16,13,12,6,-18
-30050,-1,2,0,0,-1,-6,-5,1,3,2,-1,-1,3,8,-10,-3,7,-5,12,5,10,-8,-11,-14,8
-60104/3,0,0,3,-5,0,6,2,1,2,3,3,10,4,-9,-7,6,6,10,-12,-5,-5,-5,-11,6,0
-87/197,0,0,1,-5,6,0,-1,1,3,-10,-5,10,6,-12,12,-2,0,-2,-4,2,-10,8,1,18,-3
-88/193,0,-2,2,1,0,-5,-3,1,-8,5,-1,2,12,-1,4,5,-12,6,12,-9,7,0,6,6,13
-29/323,0,-2,0,1,-5,-5,-2,-2,-8,-10,-2,2,-6,7,0,-4,0,-13,10,10,-13,-4,-16,-14,-9
38/33,-1,0,0,1,-2,4,-3,1,-3,-3,10,-7,7,-2,-1,-2,0,-5,-8,-8,-4,-10,0,0,-12
-53/30,0,0,0,-5,-2,1,-4,1,-4,-4,-1,-10,6,-7,0,-10,6,-7,4,6,-11,4,11,8,8
-67/90,0,0,0,-5,4,0,1,1,-4,-8,3,-8,-9,4,12,-12,0,-13,-5,-5,-10,5,3,-2,1
-66/89,-1,0,4,-5,0,6,-4,-2,-4,-2,2,-2,-6,8,13,9,6,2,-11,8,-9,8,6,-8,-2
-73/93,0,0,2,1,-2,-1,-1,1,-9,-5,2,10,-6,12,-4,-4,0,1,-12,-1,-11,-8,11,6,14
-72/95,0,-3,0,3,4,-5,2,-2,-4,7,-9,5,7,6,3,4,6,-5,2,-12,-4,8,-16,6,17
-51/47,0,0,2,0,4,-5,-8,-2,6,-7,-1,-1,-6,-2,3,-3,0,13,4,-5,-5,4,4,-6,-14
-103/94,0,-2,0,3,-2,-1,5,1,2,-4,-8,-6,-4,-7,3,5,-4,10,4,-7,7,-9,2,8,10
-17/82,0,2,1,-5,-5,6,-8,-2,0,6,1,-2,6,9,0,-2,0,-1,3,4,-5,1,-12,-6,-18
2425/12,0,0,0,1,4,-6,-3,0,-4,4,-4,2,12,2,-6,4,-14,10,-10,3,4,-7,-3,-1,8
2426/11,-1,2,0,0,-2,-1,5,1,-3,6,3,-8,2,1,-8,-4,4,10,4,0,4,-4,8,-7,1
74,1,-2,1,-5,0,-1,-5,-2,-3,4,3,-11,-2,12,-6,4,-11,13,2,4,-16,-1,0,-6,-9
-5/151,0,2,0,-5,0,2,5,1,1,-2,-5,5,0,4,0,7,0,-3,-3,-15,1,-6,-4,-1,1
-7/148,0,-2,0,1,-2,-1,5,1,-4,-5,2,-8,3,4,-8,-2,6,-10,12,-1,-11,-15,2,-1,17
39/19,0,0,4,-5,0,-7,5,-2,-9,0,-1,-8,2,-10,0,6,-14,2,-6,-4,-5,12,-15,6,-13
103/2,0,-2,2,1,-1,-6,-4,1,-8,-5,-5,5,-1,6,0,-2,6,-5,0,13,2,-6,10,-3,12
-10/137,-1,2,0,0,0,-6,1,-2,6,2,-10,10,-1,12,-4,-2,-11,6,11,-1,-16,-14,6,10,-5
63/95,0,-3,0,1,0,-6,-3,-2,-8,-8,4,-2,6,8,-11,6,-10,6,11,-9,2,8,3,12,-7
64/95,0,-2,0,1,2,1,2,-2,2,-5,2,5,0,12,0,0,2,-1,5,11,14,-1,-10,-12,1
47/16,0,-2,2,1,4,6,-3,1,-3,-5,2,5,7,7,-8,1,-14,-8,-2,-12,8,-7,12,3,-5
94/25,-1,2,0,1,-1,2,3,-2,-3,7,-5,5,-4,4,-8,6,-7,0,8,-15,10,-16,2,6,-1
47/13,0,-2,1,1,4,-2,4,1,-6,-5,6,-2,8,4,-8,-10,9,13,4,8,-6,-9,10,18,16
4/87,0,0,2,1,4,6,-6,1,-3,-6,-1,-1,8,-1,-2,11,-7,-2,-13,-3,14,1,11,-6,10
-97/30,0,0,0,-5,-2,-5,2,1,-9,3,-10,6,6,0,8,1,-12,-4,4,-3,-2,6,-16,1,8
-93/32,0,0,2,3,4,-5,-3,1,-3,-1,-10,2,-3,7,0,0,0,0,-6,-4,-1,5,4,10,-12
-79/28,0,-2,3,-5,4,-6,3,1,-8,0,4,-2,6,7,11,6,13,-13,9,8,-9,4,9,-7,2
-19/7,0,-2,-2,-5,-1,2,1,1,-8,-10,0,6,8,7,-1,2,-9,1,4,-7,-10,-6,2,-13,-2
-7/345,0,0,0,1,-5,6,-6,1,0,-5,6,-2,-7,-10,-4,-2,10,2,8,3,-6,12,-4,-6,-14
-11/345,0,0,0,-5,0,-5,-3,1,0,2,-5,5,8,-9,8,-2,0,2,11,4,4,-6,-7,-6,-14
126325/3,0,0,0,0,-3,2,2,-2,-8,10,-10,11,2,4,-8,-2,-2,5,-3,6,-7,-8,-8,2,2
126319/2,0,-2,-2,1,-2,6,-3,-2,-3,-5,-4,-5,12,-7,-6,6,-12,0,-8,3,-13,8,6,-17,12
-14/69,1,0,1,1,6,1,2,1,0,-2,-4,-7,6,8,0,3,0,-3,6,6,5,13,11,10,5
-147/16,0,0,-2,1,0,1,5,-2,-8,-10,4,10,-3,9,-3,-2,-12,-3,-6,4,-6,10,-11,-1,-5
-225/23,0,0,0,3,2,2,2,1,0,2,2,-11,-2,-2,-6,-12,-2,8,5,-3,-6,13,3,-3,18
18/79,-1,-3,2,1,0,-5,2,1,3,-4,3,10,0,-2,-6,6,-1,10,-14,8,-8,-8,-15,-1,8
1666,1,2,0,1,4,0,-8,-2,6,9,1,8,7,-9,0,-4,-14,-10,-8,-9,7,11,4,0,-7
-1/102,0,0,-3,-5,4,6,-2,1,-6,-1,-2,5,-7,12,0,-10,0,-6,2,13,-9,2,6,2,-6
46/9,-1,0,1,1,6,-5,1,-2,-7,-10,3,8,0,1,-4,-9,-4,-7,8,4,-13,-8,-4,8,9
71/33,0,0,-3,3,-2,6,2,0,4,-2,-1,-5,0,1,12,-3,-1,-13,-14,-12,0,-1,12,10,-6
46/991,1,2,4,0,-1,4,3,1,-7,6,4,-7,-4,1,-6,6,4,0,-14,-9,2,1,-4,9,1
13/248,0,-2,4,1,-3,-7,2,-2,6,0,2,-5,0,10,2,1,4,-10,4,-9,-13,6,-5,6,8
-73/29,0,2,0,-5,6,-6,4,1,3,-6,-8,5,-4,-3,-6,-2,2,13,-2,0,-11,-7,6,1,-3
-73/30,0,0,0,1,2,4,2,1,2,3,3,-2,-4,10,-6,6,-9,13,0,0,-11,8,-4,10,9
231,0,0,4,1,0,2,-1,-2,-3,0,-1,-7,7,8,-6,3,-1,-3,-12,-3,12,6,-6,3,10
59/3,0,0,2,0,4,4,2,-2,1,10,1,-3,1,5,-1,-6,-12,6,2,6,8,10,1,6,1
-63/59,0,0,3,1,0,-5,1,1,0,-3,-8,-5,-6,12,-10,6,10,10,12,16,-6,-16,5,10,14
-15/53,0,0,0,-5,-1,4,4,1,3,5,3,-1,8,4,0,5,-4,6,8,-5,6,-9,-4,-15,-19
-3971/47,0,-2,3,0,0,-1,5,1,6,9,-7,-2,-6,8,3,6,-9,-3,4,8,-7,6,-4,12,-1
-41/24,0,0,0,-5,4,2,3,-2,-3,3,-4,-1,-4,-6,-8,-2,6,-4,-10,3,4,-1,-4,0,8
31/88,0,2,-3,1,-2,6,3,0,-8,-7,-10,2,-6,4,1,5,6,4,-13,0,-6,10,10,-16,-7
-71/70,0,2,0,-5,4,-5,1,1,-8,4,-9,11,2,5,2,-2,-11,4,4,-12,4,4,3,-6,-7
-71/72,0,0,3,3,-5,2,6,-2,3,-8,-9,-2,3,4,-11,5,9,-10,4,-12,-6,5,-3,12,-6
98/23,-1,2,2,1,6,0,2,1,0,5,3,-6,-1,12,8,-2,0,-7,3,3,-7,0,3,10,-18
284/3,0,0,2,1,-2,-5,-3,1,6,-1,3,5,12,1,13,-10,6,-12,4,-12,2,8,-9,1,-6
-1/101,0,2,1,1,4,-1,4,-2,-3,-7,-9,2,4,4,4,-11,0,10,8,15,-1,-10,2,-12,-5
69/70,0,0,0,-5,0,-6,-4,-2,-7,9,-4,6,6,-10,-7,6,-7,6,5,-1,4,-4,-10,-1,10
-50/67,1,2,0,-5,4,2,3,-2,6,-5,-8,5,-6,1,0,-14,-4,5,0,-7,2,-8,-8,12,-14
241/3,0,0,-2,0,4,4,4,-2,-9,5,-1,-1,-6,1,4,-2,2,0,-8,-9,14,-8,-4,-1,-13
68/13,0,-2,0,1,-5,-2,-8,-2,3,5,1,-6,12,6,0,1,-3,13,5,9,-10,11,-4,-8,2
26/95,-1,2,0,3,6,-7,-5,-2,-3,-2,-9,-2,-7,-2,-4,1,6,8,2,6,-6,-6,-3,12,-8
-19/14,0,2,1,-5,-5,6,6,1,-4,0,1,5,6,-7,4,6,6,-5,3,-12,14,13,12,-8,12
-31/866,0,2,2,-5,-2,2,2,-2,-3,6,-10,-6,-7,4,-3,5,-12,-2,12,4,-11,-16,3,-8,12
-37/870,0,0,0,1,4,4,3,-2,-3,-6,-4,-11,-6,6,4,2,-14,10,4,4,-10,8,16,-6,-14
-37/867,0,0,2,1,-1,-6,-2,1,6,6,6,-11,4,8,-6,0,-7,8,4,6,6,-14,12,6,-9
3/92,0,0,2,3,0,1,5,1,0,-10,-4,-1,-4,-2,3,-6,-4,1,-12,-12,-6,-10,-4,-6,-14
14/555,1,0,0,1,4,1,-4,-2,-4,-10,4,-8,2,-6,-6,-4,10,1,-5,14,-13,11,-4,-8,2
1/43,0,2,3,0,6,2,-6,1,-3,-1,-9,-1,12,-12,-6,-4,-9,-3,14,9,-2,5,10,1,13
1667/2,0,2,4,-5,-2,-5,-4,-2,-8,6,3,8,-3,4,7,0,-3,-2,4,-4,-10,-1,4,6,-5
9/68,0,-3,0,1,6,1,-2,1,4,-1,8,-2,-6,8,1,6,0,-2,2,-12,14,6,-3,2,-14
627/14,0,0,3,-5,0,1,6,1,3,6,4,-2,-5,7,0,1,9,-5,0,-5,4,6,2,-10,-5
625/17,0,-2,0,3,4,2,-2,0,3,-10,-2,-2,3,-7,1,6,11,4,4,3,0,-14,2,3,7
1878/43,1,0,4,1,-2,-5,3,-2,6,3,8,-2,0,-12,-8,1,1,8,-4,13,-11,1,0,-7,8
1882/45,1,0,0,1,-5,-6,5,-2,0,-1,6,-8,12,4,-8,6,-4,5,0,-2,0,-4,-3,-15,-7
-953/12,0,0,4,-5,-3,-5,1,-2,-8,10,3,-5,1,10,-8,-2,-14,8,-2,-9,4,13,12,-8,-6
-478/7,-1,-2,4,-5,-3,-6,1,1,0,-1,2,10,-7,6,11,-3,6,-7,4,16,-7,-7,0,-17,8
-317/4,0,2,0,3,2,0,-1,-2,3,6,6,-8,0,-3,-7,-10,-12,-6,4,-9,12,15,3,-14,11
-5/156,0,0,0,0,-2,-2,-3,-2,-3,-10,-9,-8,6,10,-11,-4,0,10,8,6,-7,8,-4,-14,11
269/8,0,2,3,3,-1,-6,-5,-2,6,4,-1,6,6,-3,-11,-2,2,4,2,6,2,-1,-13,12,17
403/12,0,0,1,-5,4,-7,4,-2,-3,6,-10,-8,0,6,8,-6,11,5,16,12,2,12,12,2,-9
-73/78,0,0,2,-5,-3,-2,-3,-2,-4,0,-5,-6,6,-10,-11,-2,-2,6,-5,8,-11,6,-16,-9,-2
-75/79,0,0,0,0,-5,1,-3,-2,0,9,3,-7,6,1,12,-2,-9,1,2,-15,4,-8,-16,-1,-12
-91/41,0,2,1,1,-5,-7,-3,-2,-3,3,-7,-2,6,0,0,0,2,10,4,-7,6,6,-3,-15,-18
-2/2313,-1,0,4,-5,-2,0,5,1,4,0,-9,5,-3,2,0,6,9,1,4,3,4,4,-3,0,16
3/2312,0,0,1,-5,4,-5,-2,1,2,-2,-9,-1,0,-1,-11,6,-9,8,8,-7,7,-9,3,4,11
-11/270,0,0,0,1,0,-5,2,1,-8,-7,0,7,8,-6,0,3,-5,10,16,13,-8,4,4,-15,10
-9/269,0,0,2,-5,4,6,2,1,-8,-5,-10,-7,12,8,-4,-9,0,-1,-8,6,4,-4,9,-7,-1
-196/5,0,2,0,1,4,-5,2,-2,-6,9,-4,-7,10,8,0,-3,1,8,12,-6,-5,2,-16,-14,10
-64/73,0,-2,3,1,4,-5,5,1,3,-5,-4,11,-9,4,-8,6,-10,-2,-10,-15,-6,5,2,6,6
-65/76,0,2,0,1,6,-7,5,-2,-8,-1,-6,5,-5,7,2,-9,-7,10,-12,-1,2,-16,-10,-8,-14
-44/779,0,-2,2,1,0,-5,-4,-2,3,4,-1,-2,6,-6,0,6,6,8,4,3,11,-1,15,0,2
-5/23,0,-2,0,0,2,-6,-6,-2,0,-2,-1,-2,-9,7,4,10,2,-5,4,2,2,-4,0,-14,-2
-26/97,-1,2,2,-5,-1,-7,6,1,0,0,-5,5,-6,-4,0,11,9,-5,-14,-8,-9,-14,10,8,4
11/47,0,2,0,-5,0,1,-1,1,3,0,-1,11,-5,6,3,9,6,-5,-12,9,-13,-6,12,-7,-2
-10/31,1,-2,0,1,4,4,-4,1,-6,-3,2,2,-6,12,-10,-2,-4,2,11,-3,4,4,16,-12,-18
71/10,0,-2,0,-5,2,4,-6,1,4,10,-10,5,3,4,10,-4,-4,10,-10,-12,-1,-16,1,-1,2
144/23,0,-3,2,1,-5,-5,1,-2,0,-4,-9,-3,-2,-4,0,-2,-2,-12,8,-12,-10,-11,-4,-17,8
-57/392,0,0,1,-5,2,-5,5,1,1,-7,-1,2,10,1,0,2,2,-2,4,-9,11,-4,-3,1,-7
-60/391,0,0,0,-5,-5,-5,-2,-2,0,-2,-5,10,-6,7,-6,11,-4,-8,2,3,-8,-16,-13,10,-14
-53/24,0,0,2,0,-5,6,1,1,-6,0,3,-11,6,-3,-6,-10,-11,2,-6,5,-1,-9,4,0,11
-109/48,0,0,2,-5,-2,4,-3,-2,-8,-5,1,-2,-7,-1,13,6,-13,0,-12,0,-2,-15,-11,-3,-5
-108/47,0,0,0,-5,0,-6,-1,-2,3,2,2,-8,2,8,3,6,11,0,-14,15,7,13,0,10,-7
29/73,0,-2,-3,-5,-5,0,3,-2,-3,-10,-4,-2,2,7,0,2,7,8,5,11,-6,-10,4,-15,10
29/68,0,2,2,3,0,2,-2,-2,-8,-10,1,2,-5,-3,-4,10,-11,-7,-10,0,-10,-1,-5,2,8
29/65,0,2,0,-5,-3,-2,-3,1,6,-10,-1,-2,6,9,-8,-6,-1,1,11,6,14,-14,0,0,-9
-45/14,0,-3,0,-5,4,6,5,1,-3,5,1,-5,-4,-4,-6,1,0,-11,-14,10,-13,8,3,12,8
-88/25,0,-2,0,1,0,2,-5,-2,6,6,-7,-3,7,0,-1,1,-4,10,-10,3,11,11,-10,2,0
2/1513,1,-2,1,1,-3,1,-2,1,6,-5,1,10,6,7,-8,-9,2,-2,-12,4,-13,11,-5,-8,-9
1/3025,0,2,0,0,-2,1,3,1,6,9,10,-8,8,1,0,-10,0,-7,-3,9,-5,10,15,-9,-18
102/73,-1,0,1,1,-1,1,-8,1,4,4,-4,-7,6,-12,3,4,2,-7,-14,-15,-6,-1,2,0,8
-31/997,0,-2,0,1,4,4,-3,1,-4,9,-10,-10,7,1,7,3,-11,-7,-10,-3,-4,-9,12,-14,-5
-31/998,0,2,2,0,-2,-6,-3,-2,-8,-3,-10,-1,-4,6,4,-2,0,6,-7,-8,-14,-10,3,9,10
-13/428,0,2,1,0,-1,-7,1,1,0,-4,-4,-2,-6,7,-6,6,0,-3,12,6,-10,0,12,6,17
-47/1498,0,2,0,-5,-3,-6,-6,-2,-3,-2,8,-7,0,-10,-8,6,0,-13,-8,0,-16,8,15,8,6
591235/2,0,-2,0,-5,0,-5,-3,1,6,-4,8,-1,4,-7,7,6,6,-10,-3,13,-6,12,5,6,-7
591230/3,1,0,0,0,0,2,1,1,-3,-5,-1,11,-6,-2,6,-7,6,1,8,8,-16,-7,0,-6,-12
-10/241,-1,-2,0,1,6,-6,-3,1,-4,6,-4,-2,-7,-10,8,-6,6,-3,4,6,2,5,4,-15,2
-9/242,0,0,-3,3,-2,6,-6,-2,-3,-7,8,-1,-2,-7,8,-7,2,4,-4,8,-11,-10,-4,12,11
16/61,0,2,4,1,6,-1,2,1,-8,6,0,10,8,4,0,-6,1,-4,2,-15,12,4,-15,10,2
15/58,0,0,0,-5,4,-1,1,1,3,-6,-10,-1,6,-6,-6,1,4,-13,-12,-7,1,9,-3,10,2
-447/8,0,0,0,0,2,2,-1,-2,-6,9,1,-3,12,-7,0,6,7,6,14,-12,-13,13,-11,-2,-19
-18/985,-1,0,0,1,0,-6,4,1,-6,-10,2,5,2,-1,6,-6,0,5,4,-1,-7,-8,3,-12,-12
-17/985,0,2,0,-5,6,2,-8,1,6,-5,-4,-7,-3,9,13,6,-3,10,5,4,14,-8,-16,10,17
9/298,0,0,-2,-5,0,-5,4,1,4,-5,2,5,-6,4,-6,-12,5,8,2,15,-10,12,2,1,-19
17/589,0,-2,2,3,-5,2,-8,-2,-6,-10,2,-5,2,4,-6,7,-12,-1,-14,9,-4,-15,16,6,17
74/23,-1,2,0,1,0,2,4,1,0,6,-1,-11,-6,6,10,7,0,1,2,-15,-2,-4,-11,-14,8
-58/9,-1,0,0,1,4,-5,2,1,4,-10,-4,-5,-4,2,-1,-4,-10,2,12,-9,10,10,9,4,-10
-290/41,-1,-2,0,3,4,4,6,-2,1,-10,-6,-7,6,8,0,-11,5,-7,8,-4,-6,-8,12,-14,7
-1/3957,0,0,3,3,-3,-5,-3,1,-4,7,8,-5,-9,10,-4,1,4,-5,4,-2,14,-4,-16,-10,-14
2/3959,-1,2,2,-5,0,-5,3,-2,-6,-2,8,-8,8,9,1,-11,-1,-11,12,11,-1,4,-7,-16,2
4/3957,0,0,-2,1,2,-6,3,1,0,6,-7,6,6,-1,6,1,0,8,12,-5,-4,-8,4,-12,-6
-83/18,0,0,1,1,4,6,-6,-2,1,-8,-10,10,6,-10,0,6,-4,1,-7,16,5,-8,0,-6,-9
151/71,0,-2,4,-5,2,2,2,1,6,-2,3,7,-1,-4,4,6,-4,-1,4,4,14,-8,4,0,-4
147/74,0,0,2,1,2,6,3,1,3,4,-1,-8,-6,4,-8,9,6,10,4,-12,-16,0,4,-17,8
-9/97,0,-3,2,1,6,-5,6,1,1,-7,-8,6,-3,8,0,-3,-4,-2,6,-4,2,12,8,-13,4
-4/99,0,0,1,3,-2,-6,1,1,2,3,-1,-7,-9,10,-6,1,0,10,8,-8,14,-16,3,3,-14
41/13,0,-2,3,0,-3,-2,5,1,1,0,-9,-1,-4,1,8,1,4,-11,8,6,-14,-8,-9,-13,14
33/65,0,0,0,1,0,-2,-5,1,-3,9,3,-2,0,1,0,6,10,-12,-14,14,-9,6,9,-14,10
-502/11,-1,2,3,-5,-2,-5,-1,0,-3,6,-1,-7,-6,-1,-6,6,1,10,-11,0,14,-4,12,10,-10
-499/9,0,0,2,1,-1,4,2,-2,3,0,1,6,-7,8,4,-2,6,1,11,5,4,5,14,-7,8
-501/8,0,0,2,3,-1,-5,3,-2,-3,0,3,-5,-5,-6,4,11,0,1,4,-15,14,10,10,-15,-14
13/118,0,2,0,0,-2,-7,-3,1,1,0,3,5,-7,5,-4,-11,10,5,-6,-9,12,-14,-16,2,-1
26/235,-1,-2,0,3,-5,-7,2,0,-9,0,-4,10,6,4,3,-6,13,4,8,-4,-1,11,10,0,12
-71/20,0,-2,0,0,0,2,3,1,-6,-3,-4,10,-3,4,-6,-3,8,8,0,-12,2,-10,-9,-10,10
-73/19,0,-2,-2,-5,2,1,-5,-2,-3,4,10,10,0,-12,7,-6,-2,-1,2,-15,-11,6,-4,4,10
97/15,0,0,0,1,4,1,5,1,6,7,1,-8,-6,4,11,6,0,-7,-12,-12,7,-4,9,10,8
-33/146,0,0,0,-5,0,0,6,1,-6,-2,-1,6,-5,-10,-11,-2,6,-7,-7,-9,-6,-1,4,1,-1
-97/438,0,0,4,1,6,-5,2,-2,6,4,1,-5,-9,-1,0,0,-11,8,2,-4,-6,1,0,-1,8
23/81,0,0,-2,-5,-2,6,1,1,-7,4,3,6,-6,-1,-6,-11,0,1,5,0,12,-6,12,18,-3
-81/56,0,0,1,-5,4,-1,5,1,6,-8,-4,5,-1,8,-6,-4,10,-13,4,-7,-5,6,0,10,2
-2/1231,1,2,-2,1,-1,6,1,-2,-9,4,-1,-7,-9,2,12,-2,-11,-8,5,4,8,2,9,10,-2
-4/1231,0,-2,0,-5,-3,2,2,0,-3,6,-4,10,0,7,4,-3,-14,-3,-12,14,2,-16,-4,-10,16
8/59,0,2,-3,-5,-1,1,4,1,-3,-5,10,-10,-6,-2,13,3,10,-8,4,16,11,1,-8,1,-7
59,0,-2,2,3,-3,6,-3,1,-3,4,-4,-7,-6,8,-8,-10,-12,5,-14,14,-4,15,0,1,9
9/235,0,0,0,-5,4,-1,2,1,3,5,4,-3,-4,4,3,-7,-5,0,0,16,6,8,8,0,-12
-23/84,0,0,2,-5,-2,6,-5,1,-7,-1,6,-1,8,4,0,6,-4,0,2,-15,-13,12,12,-16,0
-51/82,0,0,3,0,-2,2,-8,0,1,4,1,2,6,4,-11,-9,-13,-2,-3,-9,-2,-1,2,6,-2
53/91,0,-2,-2,-5,-2,-2,-5,0,-6,-4,-1,2,2,4,0,-10,13,10,-4,4,-6,10,-12,-14,-7
53/94,0,-2,-3,1,4,-1,-3,1,-3,7,-1,5,-6,-12,3,-10,-11,-1,-11,-4,11,13,-1,0,2
46/75,1,0,0,-5,6,0,-4,-2,-7,4,-7,-7,-1,12,12,-2,-7,5,4,-9,12,13,14,-4,11
-14047/4,0,-2,3,-5,0,-5,2,1,-3,3,1,-1,-5,-4,0,-4,-4,-4,4,8,-6,-16,-16,-15,1
-7025/2,0,-2,0,-5,-1,-5,5,1,6,4,6,-2,-3,6,0,0,6,-13,-4,-1,0,-16,14,3,2
89/40,0,-2,0,0,0,4,6,1,1,4,3,-2,-3,10,0,-6,6,-10,1,12,2,-11,-11,-13,-6
97/79,0,2,3,3,6,-6,5,-2,1,-4,-9,-8,-5,1,0,6,-2,2,-5,-3,-6,-8,6,-8,8
19/473,0,-2,2,3,-2,-1,2,1,-3,6,-1,-6,12,-12,3,-3,0,-2,2,0,-7,-14,0,3,3
14/471,1,0,2,1,-3,-1,-3,1,6,-7,1,-1,0,-10,8,-11,6,1,2,4,6,-16,2,-14,8
97/10,0,2,0,1,-1,4,-3,1,1,4,10,-1,-7,-7,12,-3,-4,6,10,-15,-2,-6,-4,18,8
97/8,0,-2,2,1,0,-5,-1,1,-3,2,4,2,-9,-3,-6,-11,9,4,-10,-3,-8,-7,-4,-6,8
-47/75,0,0,0,1,4,6,2,1,-9,4,-7,11,-5,8,-8,-12,6,10,-5,0,-1,6,-15,-12,14
-55/67,0,-2,0,1,0,-5,-3,1,-6,10,-1,6,-1,8,6,-3,-14,10,0,6,-13,-7,12,0,11
21/61,0,0,0,1,0,4,2,-2,2,6,1,-11,12,4,0,-6,7,-4,-12,3,-14,-6,-10,-6,-18
24/739,0,0,0,1,-5,2,2,-2,6,10,-1,10,-3,10,6,-2,6,2,-8,15,2,10,16,1,-5
80/41,0,2,0,-5,6,2,-4,-2,3,-8,-1,-7,6,10,-6,-9,0,-8,12,-3,14,12,4,10,0
1/159,0,0,2,3,0,-1,2,-2,3,-1,-1,11,6,4,1,5,-11,-2,-14,-6,-1,0,7,-17,17
2/201,1,0,0,1,0,-1,2,-2,-3,0,-9,2,6,-4,7,1,4,8,0,14,-13,-8,6,-15,2
-96/77,0,0,0,-5,-2,-5,6,1,3,-1,6,-2,-1,-4,0,-6,0,0,2,5,0,-16,-3,-17,2
-97/79,0,-2,3,-5,-5,6,-6,1,3,2,10,-7,-6,4,11,-3,6,5,5,11,6,-8,4,18,8
-6281/2,0,-2,-2,1,0,6,-3,1,-4,-4,6,5,0,4,13,5,6,10,2,3,4,15,-8,8,0
-6281,0,2,1,-5,0,4,-4,1,-8,-5,3,-7,-2,4,0,-4,-4,2,-14,9,-13,12,2,-12,-5
29/39,0,0,0,1,-2,-2,3,-2,-3,-10,1,5,1,-4,8,-11,-9,8,-10,14,-13,10,2,8,-13
-207/61,0,0,0,1,-3,1,5,-2,-7,-10,-8,5,-5,-4,4,7,4,-4,12,12,1,-6,3,-6,-6
-206/57,1,0,2,-5,4,1,5,-2,-8,5,-10,5,2,8,0,6,4,-5,-10,-15,2,-1,0,10,-7
-90/43,1,-3,0,0,-1,2,1,0,3,-4,-1,-7,0,-12,-8,10,-4,-1,-10,14,-8,8,2,-8,-14
74/11,-1,2,2,0,-2,0,3,1,-3,-5,10,-11,3,4,7,-4,-2,6,8,-15,-14,-8,12,18,11
29/71,0,2,1,0,0,6,-3,-2,-8,-10,8,-2,6,8,7,-12,10,-1,1,4,2,4,14,-6,-2
-21/26,0,0,1,1,-2,-2,-4,1,-6,6,-4,-8,7,0,2,6,4,2,-12,0,-13,-16,-11,-6,-12
61/20,0,-2,0,1,0,-5,-4,1,6,3,8,-5,-6,12,-6,-9,4,-13,6,-15,11,11,3,-1,10
94/13,-1,2,0,-5,-2,-2,-6,1,-3,-4,3,-6,2,4,-8,1,0,4,12,15,6,5,1,-15,1
65/73,0,-2,0,3,-2,-7,-3,-2,-4,3,-1,-7,-1,4,-4,6,-4,2,-11,-12,-6,10,-1,0,13
22/25,-1,2,0,1,0,-5,1,-2,3,0,8,6,-6,4,-8,1,2,-8,8,0,-11,-8,16,-17,9
-13/56,0,2,0,-5,0,-7,5,-2,-3,0,-4,10,12,10,6,-2,-12,-1,4,-12,4,-1,4,-6,2
-49/85,0,-2,0,1,0,-6,-2,-2,3,10,1,-7,-1,-4,-8,2,-14,4,12,-9,-13,-5,-12,6,-1
-59/6413,0,-2,3,-5,-2,-5,5,1,-3,6,2,6,-1,-1,-2,5,-12,-1,4,8,12,2,6,6,-9
-28/3207,0,0,4,1,6,6,3,-2,3,-5,-4,11,1,6,12,11,-4,-3,0,-9,2,-8,9,5,-2
-3/38,0,0,1,1,2,1,6,-2,-3,3,-10,-10,-6,6,-11,-11,-7,13,2,4,-6,0,6,-1,2
-4/41,0,2,4,-5,4,4,2,1,6,3,3,7,6,4,13,6,13,-10,-6,9,2,8,-3,-1,-6
49/1859,0,-2,0,1,-2,-2,5,1,-3,-8,-9,2,-3,6,-3,0,0,13,-4,12,10,9,-6,6,9
5/186,0,0,0,3,2,4,6,-2,4,-1,2,-2,-6,7,0,6,0,-8,-11,-12,2,-16,2,12,-2
67/7,0,2,4,-5,0,-5,6,1,-8,6,-1,7,-2,7,0,-6,0,-1,-5,15,-14,11,3,9,1
-99/8,0,-3,-2,1,0,6,5,1,6,9,2,-7,3,-10,0,-12,-1,2,4,-9,2,5,-16,-1,-5
-6/157,1,0,2,-5,0,6,1,-2,-3,3,-4,-11,-5,4,-3,1,0,-10,-8,8,10,5,10,-10,-19
-11/71,0,-2,2,3,0,-1,-6,1,2,-5,4,-5,-6,4,0,2,6,-1,-7,4,14,6,-16,12,-14
101/22,0,-2,-2,3,-2,-5,-1,1,4,-1,6,10,12,6,7,9,0,13,-12,8,2,0,3,2,-5
-11/273,0,0,3,-5,0,-2,-5,1,-9,4,2,5,-2,2,-6,-2,-14,-3,4,2,-10,5,0,-10,14
-1/25,0,-2,0,-5,4,2,-6,-2,3,6,-9,-10,-6,-12,-6,3,13,-7,10,-4,4,-14,-16,-14,-1
-915/94,0,0,0,3,4,6,-5,-2,4,-4,0,-5,6,4,3,6,6,-13,3,14,6,0,12,-6,-18
-914/95,1,-2,0,1,-2,6,2,-2,6,0,-1,-10,-6,4,-4,-10,-5,-1,8,-4,-13,-6,-4,0,-10
-95/79,0,2,0,-5,-1,-1,-3,1,6,4,-5,10,-6,-9,3,-2,0,10,8,-12,-1,-8,0,12,2
-31/75,0,0,0,-5,6,-6,5,1,4,-4,-10,-1,-7,4,8,-3,-10,1,4,-8,7,9,-1,12,9
-21/443,0,0,2,1,-3,-5,-3,1,6,4,-1,-2,-6,2,12,-10,-7,-2,1,8,-11,5,1,12,5
9/100,0,0,0,0,0,2,-3,-2,0,2,10,-5,12,8,0,-2,-4,-10,-2,-2,0,-8,-4,-8,12
6/103,1,0,0,-5,4,6,-5,1,3,-2,-9,11,-6,-1,13,-6,10,4,4,-12,8,-11,1,0,8
62/21,-1,0,-2,-5,-3,4,1,1,-3,3,-10,-5,-6,2,0,6,-7,10,-10,14,6,0,12,18,2
-20/1843,0,2,0,-5,-3,4,-6,-2,-3,-4,3,-11,10,-9,0,-4,0,-11,-13,5,-6,-14,-10,9,4
-3/263,0,0,1,0,-2,6,-5,0,6,9,6,11,-5,12,-6,6,-4,-3,-7,-12,-13,4,-6,-14,9
1/147,0,0,-2,-5,-2,2,2,1,6,6,-9,7,-6,-12,-6,-9,6,-8,5,-4,-16,4,6,-6,14
1/445,0,2,0,1,0,-1,-5,1,-8,5,8,8,-3,1,-6,1,-12,-6,14,-2,7,-8,4,-8,-4
39/73,0,0,3,1,-3,-7,4,1,0,7,3,6,2,4,0,7,0,-10,0,5,-6,13,2,-10,9
79/147,0,0,3,-5,2,2,4,-2,-9,-2,-7,-3,-6,4,0,6,0,8,4,14,11,4,3,-1,-12
29/4,0,-2,2,1,6,-5,2,1,-3,-10,0,6,-6,-6,11,7,6,1,1,6,11,12,-4,-6,-4
-28/9,0,0,-2,1,-2,6,6,1,6,9,-8,8,1,8,0,-2,0,13,-2,-5,-9,-10,-3,-1,8
41/35,0,2,0,-5,-3,-6,1,1,-3,-7,10,6,-4,7,-8,3,6,1,-4,-5,-13,4,1,1,3
19/240,0,0,0,1,4,2,4,1,6,-4,8,7,-1,6,13,1,9,2,0,-4,7,15,-13,0,17
12/121,0,0,-2,1,-2,1,-5,1,6,3,-9,-5,0,4,6,-9,6,-10,-12,15,-2,5,-13,-3,5
43/486,0,0,0,-5,4,-6,-5,1,-4,-1,-5,-5,0,-1,-6,1,2,-1,4,13,-1,-16,3,0,2
-14/67,-1,2,-2,1,0,-6,2,-2,3,0,-1,10,-1,10,-1,0,-4,6,0,-15,-13,9,1,-6,14
-1330/3,1,0,0,1,-3,1,-1,1,-3,4,2,10,0,-6,7,6,11,-13,3,14,6,-8,2,18,-9
-1327/5,0,2,0,1,-2,-5,-1,1,2,9,-9,8,-6,2,-4,6,4,-5,5,-9,12,-4,-7,12,18
-7963/34,0,-2,3,-5,-5,-5,-2,-2,6,3,-1,-2,0,4,-11,-4,0,13,8,-15,-2,13,2,6,-18
-1593/7,0,0,2,-5,4,6,-3,-2,-3,0,4,-2,-5,-12,0,-2,-12,0,4,15,-2,-10,3,-17,8
57/46,0,0,2,1,-5,2,-4,1,0,-5,1,-1,-5,-10,6,9,2,-7,4,-6,11,12,0,-12,-6
-922/83,1,2,0,-5,-3,-5,-6,1,-3,9,-2,-7,12,6,-8,7,-2,13,12,0,-4,10,-16,9,1
-462/41,1,0,3,1,0,1,-6,-2,-3,-4,-1,2,6,8,-10,0,4,-6,-14,-1,6,-14,17,4,-2
-61/2517,0,0,2,-5,-2,6,1,1,6,6,-9,10,8,12,13,6,4,-13,-2,-1,-13,-16,-7,-7,-3
-62/2515,-1,2,0,-5,6,6,5,1,-8,6,-10,-7,-3,4,0,1,10,13,-12,11,0,-8,-13,-6,8
-56/2521,0,2,2,1,4,-5,3,-2,-9,0,-9,10,-4,-4,-8,-4,13,-1,4,14,-7,-14,-10,-6,-18
-29/1260,0,0,0,-5,0,1,5,-2,-3,-10,-4,-8,6,7,0,-6,0,13,16,-9,-4,12,-5,-8,-19
-102/49,1,0,0,-5,2,-5,-8,1,1,0,0,-5,-6,-1,-6,0,6,-7,16,-12,-4,8,0,-3,-9
-101/50,0,-2,0,-5,4,-5,3,1,-3,0,3,-2,-9,-1,-3,6,4,-3,-12,12,-5,13,-4,-17,13
84/19,0,0,0,1,4,2,-3,-2,6,0,-2,-7,7,-6,0,6,-4,5,8,8,-10,10,-1,-12,-2
-99/49,0,0,1,-5,0,6,1,-2,-3,4,1,8,3,2,0,-6,6,-12,-4,15,10,12,1,12,-1
-24/43,0,0,3,-5,-1,6,2,1,6,3,-4,5,-4,-12,12,5,-9,-10,12,-5,7,12,-9,-1,2
38/25,-1,-2,0,1,0,2,-4,1,-9,-4,-10,-2,0,-6,0,6,4,1,5,-12,2,10,6,-6,18
-37/732,0,0,2,3,-2,6,2,1,-3,5,4,-11,0,-4,0,10,-2,-4,-14,-12,-4,0,-3,-3,-5
-92/31,0,2,3,1,-1,-5,-3,1,-7,-5,2,-2,-6,-2,0,10,-3,0,-3,0,7,-16,6,6,-10
109/2914,0,2,4,1,-5,-1,4,1,4,3,2,6,8,4,3,11,-11,10,4,-5,-10,-8,6,3,12
-39/88,0,0,-2,1,-2,-7,-3,-2,0,3,-1,-2,-6,4,-10,-9,0,-1,-2,0,12,-7,-4,-9,-10
49/37,0,2,0,1,-3,-5,2,1,-3,-5,3,-8,-9,10,0,-10,-4,4,-7,13,-11,-6,3,9,9
69/61,0,0,1,-5,2,6,6,-2,-7,2,-2,2,7,7,-6,-6,4,-4,-11,-4,0,-1,0,6,-9
56/11,0,2,4,1,-2,4,-6,1,-8,9,-1,-3,6,4,-6,-12,0,0,4,-3,-11,-4,-16,-12,-6
451/87,0,0,-3,0,0,2,-3,-2,3,-6,1,6,-4,8,-6,1,-14,-2,-2,0,2,11,15,-12,-2
-11/80,0,-2,0,0,0,2,-4,1,-4,3,-1,6,7,4,-11,-2,-11,-12,-14,5,2,5,0,-1,1
