35/34,0,-2,0,1,-1,-6,-2,1,-4,6,-1,10,-5,4,11,-10,0,-2,10,-12,-4,-14,2,-3,12
32/33,0,0,1,-5,-2,6,-6,1,-8,-5,4,6,0,-7,-6,10,-13,2,10,0,-2,5,4,10,-13
9/8,0,-3,-3,1,0,-6,3,-2,0,-5,-5,-2,0,7,0,4,-4,13,-12,-8,-13,10,-3,6,14
19/17,0,-2,3,-5,4,-5,-2,1,-6,-2,1,-8,-6,5,-4,-6,-11,1,2,3,11,-15,4,4,-2
71/70,0,-2,0,-5,-3,-1,-1,1,6,-10,-5,-5,-6,4,-8,-4,4,4,-2,-12,-11,15,12,8,-4
37/34,0,2,3,-5,-3,1,-2,1,6,3,-6,-11,-3,9,-6,0,2,6,2,-8,-1,-7,-9,6,12
35/32,0,2,0,1,0,-5,-3,-2,-3,-7,-10,-6,4,-9,-3,6,-14,-5,4,-12,0,-16,-16,8,-10
17/14,0,2,2,-5,-1,-5,-8,1,-6,-3,1,-7,10,6,-6,-7,6,-5,8,-4,6,0,12,-6,2
-10/3,1,0,0,1,-3,2,-3,-2,1,4,2,-7,-3,7,0,-11,-11,-6,11,0,7,-8,12,-3,-19
-29/27,0,0,-3,0,-2,2,-4,-2,6,-10,0,2,-6,-1,13,1,-4,-6,4,-15,-14,4,12,-2,-2
-67/50,0,2,0,3,0,2,3,1,1,-5,3,6,-4,9,6,-10,-14,-13,-5,-3,-6,8,16,6,8
-31/26,0,2,1,-5,2,-2,-5,0,-3,7,-10,5,0,-6,0,10,-4,8,-11,6,6,-10,12,2,-7
-3/5,0,0,0,-5,2,0,-3,-2,0,4,10,6,-3,12,6,6,8,-11,14,12,11,6,-3,9,-14
-6/5,1,0,0,3,-5,-5,-4,-2,6,6,-5,-2,-9,8,-6,2,-10,-4,-4,4,0,-1,1,-12,-12
-16/15,0,0,0,-5,4,-5,-3,1,6,-8,2,-1,-4,-10,-8,-10,-1,-5,9,-15,-11,-11,10,-15,18
-28/27,0,0,0,1,-5,4,-3,1,-6,3,2,-7,-7,5,8,11,8,13,-14,8,10,5,-4,12,-5
-25/26,0,2,0,1,-1,-2,4,-2,3,-10,-5,-7,-4,-1,6,11,-12,1,3,15,-13,4,14,-14,3
-11/8,0,-2,-2,3,0,2,2,0,-3,-3,10,-1,-6,-1,0,-2,4,-7,2,2,10,-16,15,-14,6
-29/26,0,-2,4,-5,-5,-2,-1,1,-8,-10,3,-1,8,2,-4,-7,-12,-11,14,-3,-6,-14,12,-1,-2
-17/19,0,2,3,-5,-1,-5,-8,-2,6,6,-10,-2,6,0,6,-2,-2,6,8,6,10,-8,6,-8,14
2/25,1,-2,0,-5,0,4,-3,-2,-3,3,1,-1,-6,-10,0,-12,0,-3,5,-3,-8,11,1,2,6
2/49,1,-2,-3,-5,4,-5,3,-2,-6,5,2,-1,-1,1,2,-4,-4,-2,8,-1,11,10,4,-7,-2
-2/13,-1,2,4,1,6,-2,-4,-2,4,4,2,-10,3,1,0,6,0,6,-4,-12,14,-6,12,-15,8
-5/22,0,2,0,1,-2,4,3,-2,-3,0,-10,-7,-3,4,11,9,7,-6,8,4,12,5,-11,6,-2
-6/43,-1,0,-2,0,2,-5,2,-2,6,-5,0,7,-6,-12,0,6,0,2,-14,8,8,11,-11,6,0
-3/43,0,0,1,-5,-2,-1,5,-2,-3,-4,1,10,-3,-12,0,1,-13,8,2,8,2,13,-16,0,-18
-1/15,0,0,0,1,0,-6,-4,1,-8,-1,-6,-3,-4,4,0,9,-2,-13,-8,0,14,10,17,-7,-8
-14/95,-1,-2,0,1,0,1,-6,-2,-8,7,-2,-11,12,12,-2,-3,6,-8,12,6,11,4,0,2,-6
-11/98,0,-2,3,-5,0,-5,1,1,6,0,-10,6,-9,-6,6,6,13,-5,-8,-3,-14,-4,6,12,14
-2/9,-1,0,-2,1,-5,6,-3,1,6,5,8,-2,-6,4,12,1,-13,-12,4,5,-5,-8,15,-14,14
-11/48,0,0,3,-5,0,-6,5,1,2,-2,3,7,6,9,0,-12,0,1,9,3,-14,-14,-3,9,2
-7/48,0,0,0,1,-5,-5,-3,1,6,0,4,5,12,4,10,0,4,13,0,6,-6,-4,-7,-6,-18
-1/48,0,0,0,0,0,2,-5,-2,3,5,-1,-5,0,-6,-8,-11,-4,2,6,-12,-10,-6,12,-1,10
-9/7,0,-3,0,-5,4,-5,-5,1,6,6,3,-8,4,7,8,6,-12,8,4,3,7,-12,-3,18,-3
11/27,0,0,3,3,0,4,-3,1,-4,0,-5,-5,6,4,-10,-9,-9,-5,2,8,10,-15,-4,-3,-2
-36/7,0,-3,0,-5,0,-6,1,-2,6,0,8,-5,-4,-6,-6,6,-3,-5,-7,3,-6,1,3,-6,-5
-39/7,0,0,-3,-5,4,-7,-4,1,-3,4,-8,-2,-6,-10,0,-6,6,8,11,-15,2,-4,12,-16,17
-33/5,0,0,0,1,0,-1,1,0,-8,-4,3,5,-6,4,-11,-14,-7,8,-3,7,-13,8,10,1,7
-32/3,0,0,4,0,-3,4,6,1,-4,0,1,2,3,-6,12,9,11,8,-10,4,-10,8,-12,8,0
2/21,1,0,-3,-5,0,2,-4,0,-4,6,6,5,-5,-3,-6,6,-9,-5,-12,-4,11,-8,-3,12,-9
1/21,0,0,4,-5,6,-5,-3,-2,3,-10,3,-6,-7,-2,6,1,6,10,5,0,-6,-8,-6,-8,10
25/24,0,0,0,1,4,6,-5,1,6,-3,1,10,0,-4,-7,6,13,1,8,12,-6,-8,14,0,9
16/53,0,-2,-2,-5,-2,1,-3,1,-4,7,3,8,2,-10,1,5,-7,5,0,6,-2,-16,2,-14,-14
19/52,0,2,-2,-5,-5,-2,-6,1,3,0,-9,-2,-9,-1,13,-12,-9,2,-12,-8,-1,10,6,5,2
1/38,0,-2,0,-5,0,6,-3,-2,-4,9,-5,8,0,-6,-4,9,-14,1,-12,2,-11,0,0,-15,6
1/37,0,2,-3,-5,-2,-6,-5,1,-3,4,-9,-8,10,8,8,6,1,-2,-10,-7,-13,1,15,6,12
-1/38,0,2,-3,1,-1,2,-3,-2,-8,4,-1,7,-6,-1,0,1,6,13,4,8,4,12,-4,-3,-9
-17/94,0,2,3,1,6,1,-8,-2,-8,10,-1,8,-7,-7,3,11,-4,-10,-2,-12,2,-4,4,5,-18
-19/94,0,-2,1,3,2,4,-3,1,6,-10,3,-8,-5,10,3,-10,0,1,-4,-12,-1,-1,4,-17,7
-1/5,0,2,0,-5,-1,-5,-1,1,-3,2,6,-7,6,-6,0,4,-4,5,0,0,-1,-16,-10,-14,-6
-25/94,0,-2,0,0,4,-1,4,1,-4,9,6,-2,2,-1,3,-11,13,8,2,-1,8,-6,-3,-6,8
-8/9,0,0,0,3,-3,0,4,1,-8,-5,6,-3,-1,1,4,-7,6,-2,-7,6,2,4,4,6,1
-8/7,0,2,4,-5,-1,2,5,-2,1,5,-8,-7,-3,2,11,-2,2,2,0,13,-13,5,-5,-12,-12
-29/30,0,0,0,3,2,-1,2,1,-3,-10,-4,-7,6,-9,4,-9,0,-6,4,0,-2,13,-1,0,0
-11/4,0,2,0,1,0,6,-1,1,-8,3,-5,-7,4,12,6,-4,6,1,-7,-2,-5,-4,-4,0,17
28/17,0,-2,2,1,-5,6,-2,1,-8,-5,-4,-1,-2,-9,0,-9,0,10,12,-8,-7,-16,-5,12,1
35/23,0,2,0,1,-1,2,2,1,0,0,0,-5,-6,4,-8,6,7,-11,11,5,-13,-15,12,-8,-10
29/23,0,2,-3,-5,4,6,-6,1,0,-10,-1,11,4,2,0,-9,-5,-10,-3,4,-11,-16,0,6,6
89/57,0,0,0,-5,2,2,6,-2,2,-1,2,-5,3,5,0,10,4,-12,4,3,1,-8,-5,-13,2
30/19,1,0,0,1,-5,-5,5,-2,0,-8,-9,5,12,12,6,-6,-14,13,-8,-12,5,12,16,2,2
88/63,0,0,2,-5,0,-5,-3,1,-6,-4,-9,6,-5,-1,-3,-4,6,-3,12,-5,4,-9,3,-10,18
44/31,0,-2,1,3,0,2,-3,-2,-8,6,2,-2,-6,-4,6,-6,9,-1,-5,0,-13,-10,-7,-6,-1
14/11,1,2,1,1,-2,-6,-4,-2,6,-2,-8,-2,-6,-1,0,-3,6,1,4,15,2,-9,4,-6,2
43/32,0,-2,1,1,-5,-5,-3,1,-3,-3,3,-2,-6,-1,0,1,-4,-10,5,-12,-2,5,0,-15,1
93/58,0,0,4,0,0,-1,-5,-2,6,-6,-10,-2,8,-9,0,6,-7,8,-8,12,12,0,3,-12,8
9/38,0,-3,3,3,-3,-5,5,-2,-9,4,10,-7,-6,0,-8,6,1,-4,-12,-9,11,6,-10,-15,-2
11/37,0,-2,2,1,0,2,5,1,-3,-4,2,-8,4,5,1,-6,-4,-6,5,-15,2,4,-3,0,10
5/39,0,0,0,3,6,-2,4,1,-9,6,-1,-2,-6,12,0,-9,4,-6,2,12,-13,-15,-16,1,-2
4/39,0,0,0,0,0,-2,5,1,2,-5,4,10,-9,10,0,-4,-4,-8,11,0,7,6,14,0,8
-5/6,0,0,0,-5,-5,2,-6,1,-8,-2,-7,-6,1,6,0,6,11,-4,2,-5,7,-6,5,-17,-4
-46/45,1,0,0,0,0,2,-6,-2,-7,-5,1,-7,8,4,0,3,-3,2,4,15,-4,5,-3,-12,-18
-15/17,0,0,0,1,-2,-6,-2,-2,4,2,-8,-5,6,-9,-8,-6,-4,4,2,8,12,12,-6,2,-14
13/11,0,-2,-2,-5,-2,-7,6,1,-4,-5,-10,10,-1,4,8,-10,2,6,4,-4,-6,6,16,-6,-7
32/21,0,0,2,-5,-5,-5,-3,1,3,-2,3,6,2,-2,12,0,-12,-3,-12,14,-9,6,4,-13,8
33/23,0,0,4,1,0,0,2,-2,0,0,1,-3,-6,-2,0,3,6,-11,5,-4,7,-7,-5,6,-14
43/21,0,0,-2,-5,-5,6,5,1,-3,7,-5,-3,-5,-1,7,11,-4,8,0,-6,7,11,4,8,2
41/23,0,2,2,3,0,-5,-3,1,0,-1,-1,-2,-4,-1,-8,-9,-14,-5,16,-9,4,4,15,2,14
-21/29,0,0,2,1,0,-6,5,1,6,-6,-9,6,-6,1,6,-12,-12,10,-13,7,-7,0,2,-1,-6
-13/30,0,0,0,-5,0,-7,3,1,6,4,-9,5,-1,-6,0,3,13,4,2,5,-13,0,12,5,12
-25,0,-2,0,3,0,2,-4,-2,-8,-2,6,-8,6,-6,3,6,0,-11,2,-6,4,-8,-3,0,-7
-19/30,0,0,0,0,6,-5,-4,1,-8,10,10,-2,-9,-6,-4,-10,-2,8,8,-12,-2,0,-7,-14,2
-19/31,0,-2,2,3,-3,-5,6,1,1,-4,2,-10,1,-2,4,-4,0,-5,4,8,7,-14,6,-17,-9
-18/29,-1,-3,-2,3,6,6,1,1,-4,-6,-5,-6,-7,-9,2,-2,-11,5,11,-15,-2,6,-4,0,18
5/17,0,2,0,-5,6,4,-2,-2,-8,-7,-2,-7,-7,-6,8,3,10,1,8,-4,6,-8,16,-1,14
1/15,0,0,0,0,-2,6,-3,-2,-4,-7,-4,-2,-1,1,3,1,6,-8,2,3,-10,-14,6,6,-2
-2/11,1,-2,3,3,-2,2,-5,1,0,9,-4,-7,-1,6,1,1,-4,-8,-8,-9,-11,11,12,-1,13
11/47,0,2,0,-5,0,1,-1,1,3,0,-1,11,-5,6,3,9,6,-5,-12,9,-13,-6,12,-7,-2
16/51,0,0,0,0,4,2,-2,-2,-8,-4,2,-2,-6,4,-1,-2,6,4,4,8,-4,-7,4,-14,-8
12/55,0,0,0,1,-2,-5,2,-2,-3,-2,4,10,-5,-6,0,-10,6,5,4,-4,4,12,8,-1,-10
13/51,0,0,0,3,4,-7,-2,0,-8,2,-9,-6,-4,8,-6,2,-5,-6,-6,-8,-5,-14,16,0,17
-5/3,0,0,0,3,-1,6,-3,-2,2,-5,10,5,-6,2,8,6,0,-7,-12,3,-6,-6,3,10,2
-8/13,0,2,2,0,4,-2,-6,-2,6,6,-4,-7,-6,-4,-7,-11,-4,8,8,5,-9,-16,-4,18,-9
-11/25,0,2,0,1,0,4,2,-2,2,10,2,-8,-3,10,-8,-2,11,2,4,-9,-14,13,10,0,2
-4/7,0,-2,2,-5,-5,-5,2,-2,2,4,-9,-5,-6,0,-2,9,-5,1,2,15,11,-7,-1,10,-3
-10/13,-1,-2,0,3,2,-2,5,1,-3,-8,-10,-7,2,1,8,-10,-9,6,8,-9,2,-14,9,12,17
-13/33,0,0,2,3,-2,-7,-3,-2,-3,-2,-5,-1,-6,4,7,-6,-14,8,4,0,4,0,-6,-8,-19
25/31,0,2,0,1,-3,-5,2,-2,2,-1,2,10,-6,1,11,-3,6,-4,9,15,2,10,6,2,0
7/9,0,0,-3,1,-1,-5,2,1,3,-2,10,-7,-3,-3,12,6,10,0,4,8,-2,6,10,-12,-9
62/83,1,2,2,0,-2,0,2,-2,3,0,-10,10,12,12,4,1,-3,2,-10,-4,4,10,-16,-14,-3
73/15,0,0,0,3,6,-5,-5,1,3,4,-5,-3,-3,4,-6,3,6,13,-10,9,-11,1,2,-15,3
23/5,0,2,0,1,0,0,-3,1,-7,6,8,-8,12,-3,8,7,7,1,0,-9,-5,0,7,-16,-5
17/4,0,-2,-3,1,4,2,-8,1,6,-8,3,-3,0,9,-11,-2,0,-4,4,3,-4,2,-4,-14,-14
23/34,0,-2,-2,-5,-5,4,-2,1,-7,6,10,-2,7,8,-6,-6,-4,13,-2,-9,-14,-16,-3,8,-7
28/29,0,-2,3,1,-3,-5,-3,1,-4,-6,8,-2,6,-2,-6,6,5,-8,5,16,11,8,2,0,10
13/16,0,2,3,3,4,-7,-3,1,6,0,-9,-2,-4,-4,8,-10,0,-6,-4,16,-13,-6,4,-15,10
12/5,0,0,0,0,0,-5,3,-2,3,3,-8,-3,0,7,10,5,-13,-7,4,-9,-2,-9,12,-12,-4
-19/13,0,-2,-3,-5,4,-2,-4,1,6,5,-1,11,6,-4,1,-4,0,-8,-7,12,7,8,10,12,14
-17/15,0,0,0,-5,-3,4,-8,1,-3,-3,3,2,-6,-3,4,5,-5,8,3,-9,-10,-4,2,-1,17
-7/6,0,0,2,1,0,2,-3,1,6,2,-10,-2,-2,-4,-6,6,0,-1,-3,-1,0,-6,0,-4,-6
-13/14,0,2,-2,-5,-2,-7,-1,-2,0,-8,10,10,-7,-3,0,6,-3,2,5,4,2,8,2,-14,14
-19/14,0,2,1,-5,-5,6,6,1,-4,0,1,5,6,-7,4,6,6,-5,3,-12,14,13,12,-8,12
-33/28,0,0,2,-5,0,1,2,1,-8,-2,3,-5,-6,7,-8,-2,6,10,8,-9,2,4,-9,0,-6
-54/53,1,0,3,-5,4,4,1,1,1,-4,6,6,6,1,-6,5,11,-8,5,4,-4,4,-1,0,-12
-56/53,0,-2,-3,1,2,-1,-5,-2,-3,-5,-1,-2,8,10,3,5,-4,8,11,-5,-7,-15,-4,10,2
-17/14,0,-2,-2,-5,0,-1,-8,-2,3,-4,2,-8,-1,12,-3,1,5,8,-14,0,-6,12,-4,-3,2
-13/15,0,0,0,0,4,-7,5,1,-6,5,-9,-7,12,4,-6,-6,0,-7,-14,-3,-6,15,12,10,-2
-29/34,0,2,1,0,-3,4,-2,1,1,-10,3,-7,10,12,-8,-3,-10,-3,2,2,-13,-9,3,-3,10
-10/11,1,2,0,0,-2,-5,-3,1,-4,6,4,2,-6,10,-3,6,-12,-10,6,10,6,8,-9,1,1
-13/12,0,0,2,3,0,-7,-5,-2,-4,4,8,10,6,0,-8,4,0,-13,4,-12,-9,-4,1,-6,-6
-11/15,0,0,0,3,0,2,2,-2,6,6,-1,-5,-7,2,10,-10,-11,-3,-14,12,7,6,6,-14,-3
-20/17,0,-2,0,-5,-3,-5,-2,-2,3,0,-4,8,0,-7,13,-4,-3,1,-10,4,-5,15,-10,2,8
-26/17,-1,-2,-2,3,-2,-7,-2,-2,1,6,-2,-2,6,-6,-1,-2,-1,-11,-12,-5,4,6,-4,6,-18
-31/49,0,-2,4,-5,4,-6,1,-2,-3,-8,-10,-5,8,4,-6,4,11,6,8,-12,-14,-9,-4,3,6
-32/49,0,2,3,-5,0,0,3,1,-4,10,3,-7,0,4,-11,6,-11,-5,-4,3,4,15,-16,18,14
-2/37,-1,2,1,1,4,2,2,1,-3,6,1,-8,12,1,11,2,-4,-13,2,-6,6,-8,-6,-10,3
1/39,0,0,2,1,-1,-2,1,0,-3,5,-10,-5,6,-9,0,-12,6,-11,2,-15,2,-7,3,-1,-12
-3/77,0,0,0,-5,-2,1,5,1,4,0,6,7,-6,1,8,-11,9,-8,6,-15,-2,-4,-4,12,-12
-32/21,0,0,-2,-5,6,-1,-4,-2,-6,-2,-4,10,-6,8,0,-3,10,13,1,10,10,5,6,6,-14
55/42,0,0,0,-5,0,2,-4,1,-3,-7,-5,10,-6,12,0,1,2,4,4,4,-4,-7,2,12,8
55/41,0,-2,0,0,0,-5,2,1,1,6,-8,5,6,4,-10,-2,13,1,8,-8,6,-16,10,-12,-2
-83/53,0,-2,2,1,-2,-5,4,1,-8,-4,1,10,-6,-3,0,5,6,6,-2,-7,-8,9,0,-6,-12
-81/49,0,0,4,-5,0,2,5,-2,-9,0,3,-2,-5,12,-10,9,-14,-8,4,4,0,-14,4,-14,-2
-87/55,0,0,0,3,-2,2,-3,1,-8,-10,-1,2,7,-4,-8,3,0,-7,1,2,-2,-14,9,12,-5
-22/13,1,-2,4,0,0,-2,2,-2,-6,-4,0,-8,-2,4,4,-3,-2,-5,2,12,-7,-14,-3,10,-6
-20/13,0,2,0,1,-5,-2,2,1,6,2,-1,10,-4,9,-11,-2,5,-11,4,-12,0,-4,-4,8,13
-38/29,1,-2,2,-5,-3,-1,5,1,-3,-6,10,2,10,9,0,-10,-7,-1,12,5,8,-4,5,2,-10
-42/25,-1,0,0,1,0,1,3,1,6,-2,2,-7,-6,12,11,6,-4,-7,12,12,-4,6,-16,6,-3
-10/7,1,-2,0,-5,0,-6,4,1,-3,4,3,-7,-7,-6,-8,-2,0,10,4,6,7,10,14,-10,0
-10/9,-1,0,0,1,4,-1,2,0,0,6,1,-2,6,-6,0,1,6,4,5,0,-6,-9,4,9,11
2/39,-1,0,3,-5,-3,-2,2,1,-8,-4,-1,8,12,8,-6,-3,0,-4,-12,-15,7,4,6,-14,-7
7/39,0,0,0,1,-2,-2,5,-2,-4,0,-4,-7,-6,4,12,-4,-4,13,4,-1,-7,-6,8,-14,6
-17/29,0,-2,0,-5,4,1,-8,1,-3,-6,-2,-5,-9,6,8,-2,0,-7,-12,3,12,4,-3,-12,8
-18/25,-1,0,0,1,4,-5,-6,1,4,3,3,-7,0,-6,-6,0,6,4,-3,3,2,-14,6,3,8
-15/23,0,0,0,3,4,-5,-5,0,0,-5,-4,-7,0,4,-10,-2,-7,2,12,-1,-16,5,2,-14,0
-17/21,0,0,-3,-5,2,-6,-8,0,-4,9,3,-2,-9,5,-6,-11,-2,-1,4,-9,2,0,14,12,2
1/13,0,2,0,1,2,-2,-3,-2,-6,0,3,-7,-3,-4,-3,-6,-5,2,5,-5,-1,6,1,10,-6
12/41,0,0,3,1,4,-6,-4,1,-6,4,-9,-2,6,4,0,0,0,-11,8,8,2,-14,0,-2,3
9/85,0,0,0,1,0,-5,-2,0,6,10,-9,-2,3,5,-8,-2,0,13,-10,15,6,-4,14,6,-7
12/85,0,0,0,-5,4,4,-2,-2,6,2,-1,-6,-5,12,-10,9,4,4,5,-5,-16,0,4,-12,8
17/86,0,2,-2,-5,0,6,-8,1,-3,-5,-6,5,0,-12,8,-4,4,13,8,-15,4,8,0,-10,-10
-46/29,1,2,2,3,2,0,3,-2,-7,-6,1,-2,-6,5,1,-10,13,8,0,-3,0,8,0,-14,-7
-7/5,0,2,0,1,-2,-1,-6,-2,-8,4,3,-1,2,4,-6,1,0,-5,-8,-4,2,10,-6,-1,11
-21/19,0,0,0,1,4,1,5,-2,3,-4,-7,-3,-6,-6,0,-10,-2,4,3,15,-1,13,9,0,-2
-91/53,0,2,2,1,4,-7,2,1,6,-3,8,6,-4,8,-8,5,-7,-10,0,13,-5,4,4,-8,13
-89/53,0,-2,-3,-5,2,0,5,1,3,-5,3,-1,0,-1,10,5,4,8,-14,2,7,-8,-7,-13,13
-86/53,1,-2,0,3,6,-5,-3,1,4,2,-9,11,0,-1,0,5,0,4,-10,-5,-13,-14,-4,-12,-5
-83/57,0,0,4,0,0,6,-5,-2,-3,-2,-4,-1,2,5,1,3,6,-11,8,-5,0,13,0,18,1
-83/54,0,0,-3,3,2,-5,6,1,0,0,-1,-1,-7,-12,-6,-4,0,8,-13,5,11,-16,0,-13,-19
-19/12,0,0,0,1,-2,-6,2,1,6,-2,2,-7,-5,4,-6,7,8,8,11,8,-6,-5,-10,1,3
-13/22,0,-2,4,0,-2,-7,5,1,-3,-4,-4,-6,-6,-6,10,11,6,2,-4,3,-5,-16,10,-1,8
-29/45,0,0,0,1,-3,-6,-6,1,2,-10,-5,8,3,8,-6,11,7,5,-3,8,2,-4,2,18,17
-29/46,0,2,2,-5,-1,6,3,-2,0,-10,-9,-2,0,-10,-3,6,0,1,-6,12,-14,-10,9,-7,-1
-26/33,-1,0,2,1,-2,-7,-4,1,6,-5,10,-7,-3,4,3,-6,0,10,8,8,-13,-1,8,-13,-6
-9/10,0,-3,0,-5,0,1,5,0,2,-7,-9,-7,-5,-12,13,-3,4,-12,-2,4,7,11,-4,-17,8
-25/34,0,-2,0,-5,0,-5,-2,-2,0,-3,-6,5,0,-2,4,-11,0,-10,-14,-12,-4,-1,3,-14,-12
-8/21,0,0,0,-5,0,6,5,1,0,4,2,-5,6,8,3,-10,0,-10,8,4,-2,-4,2,3,8
-19/52,0,-2,2,3,6,-2,5,1,-6,-5,-5,-5,-7,-6,-6,3,2,-11,4,2,7,5,-3,-9,2
-15/34,0,0,0,0,4,1,-2,1,3,-8,-9,-2,6,8,-8,-6,-11,-3,4,-8,11,-14,12,1,13
-47/101,0,-2,2,3,-3,6,-3,1,-3,6,-4,8,-5,4,-8,2,0,6,0,-2,2,-8,12,10,12
-18/53,-1,-3,1,1,0,-5,-3,-2,0,0,-6,-7,-3,0,0,5,5,-3,-12,2,-5,8,-9,6,-1
-4/41,0,2,4,-5,4,4,2,1,6,3,3,7,6,4,13,6,13,-10,-6,9,2,8,-3,-1,-6
-1/40,0,-2,0,-5,-2,6,2,1,0,0,-2,-8,-6,1,-6,-6,2,10,-4,5,-2,-7,10,6,-4
23/36,0,0,3,1,-3,2,2,-2,-7,-3,8,2,6,4,-6,6,4,1,-5,-6,2,8,3,-10,-3
22/41,-1,-2,2,1,0,4,-3,0,4,-8,-9,-11,6,-9,-8,9,-7,-1,-14,12,-1,-4,4,-12,-7
-17/49,0,2,2,-5,-5,2,-8,-2,6,-10,10,2,3,4,-6,-2,-4,1,-13,12,2,-4,-4,-1,2
-9/23,0,0,2,1,-1,1,1,1,0,4,-5,6,12,4,-6,1,-11,-4,8,-12,-11,-14,-11,6,12
-19/46,0,-2,0,-5,4,2,2,1,0,-2,2,10,-4,12,11,-11,4,-1,-5,-9,-6,-8,2,-8,-18
27/38,0,0,1,1,-5,6,5,-2,3,5,-9,11,8,1,0,-4,-12,6,8,6,-4,-10,-3,9,2
-18/35,1,-3,0,-5,-1,4,3,1,6,-8,3,-7,3,-1,0,-3,6,-8,2,7,12,-1,-16,-6,13
-19/35,0,2,0,-5,4,-5,5,1,6,0,3,-6,10,4,-3,-14,0,-4,-12,9,-8,6,16,0,-12
-18/31,1,0,-2,0,0,6,-5,1,-3,7,2,-2,10,1,0,-6,-4,2,-10,12,-5,-9,0,18,13
-53/91,0,2,2,-5,0,-2,5,1,3,2,3,5,7,-2,4,-10,-13,-7,-6,-12,-16,5,3,6,-2
102/37,-1,0,4,1,0,2,-8,1,0,7,8,-8,-5,-1,-6,-10,9,-4,-3,-12,-13,-8,2,-2,8
100/37,0,2,0,0,-2,0,2,-2,-8,-1,-9,-8,6,-12,6,9,13,1,11,2,-2,12,-5,0,2
47/16,0,-2,2,1,4,6,-3,1,-3,-5,2,5,7,7,-8,1,-14,-8,-2,-12,8,-7,12,3,-5
43/17,0,-2,1,-5,0,2,-2,-2,1,2,-1,5,-6,-1,0,-3,4,-10,4,-12,4,-8,3,-10,7
17/6,0,0,3,-5,-5,-5,-8,1,-4,-1,-1,-7,0,-4,-8,7,0,13,-7,0,2,8,6,6,10
45/17,0,0,0,0,-1,-5,-2,1,0,-10,1,10,-3,4,3,0,-1,-6,-2,-5,-8,-7,7,12,0
-4/9,0,0,1,-5,-1,2,-4,1,-4,-4,3,-5,-5,4,4,6,0,2,2,-15,-7,-10,-4,-14,2
16/7,0,2,0,-5,4,-6,6,1,-4,2,-1,-10,-6,4,6,-2,-11,-4,5,8,8,-8,3,8,-6
23/9,0,0,-2,0,4,-5,6,-2,-7,0,6,-5,-9,-10,1,-11,-2,-4,-3,12,4,-8,2,-1,-5
24/17,0,0,-2,0,-3,-6,-2,-2,-9,-1,4,-2,12,4,-6,6,-5,-1,-10,-15,-4,-11,12,1,-9
49/37,0,2,0,1,-3,-5,2,1,-3,-5,3,-8,-9,10,0,-10,-4,4,-7,13,-11,-6,3,9,9
46/35,1,-2,0,-5,-5,-5,6,-2,-7,-1,-9,2,1,2,-1,4,5,-6,14,11,-4,-14,-13,3,-14
3/5,0,0,0,1,4,4,-3,1,-9,-10,-9,-2,-6,6,4,6,-11,2,-7,6,-4,-16,-9,12,8
-83/49,0,2,-2,-5,-5,-6,3,1,-8,-4,-10,11,-6,-2,-3,-12,-13,5,14,6,-2,5,0,18,2
-81/47,0,0,0,1,2,4,3,-2,3,10,-2,-2,-9,-12,3,-10,-4,-7,-14,14,14,-5,2,-1,0
-13/9,0,0,3,-5,-5,-7,-3,-2,-9,-4,-6,-2,0,-9,6,6,-4,-1,8,9,-2,-14,-12,10,-9
-38/25,1,2,0,0,-1,6,-3,1,0,-3,-9,-10,4,-1,12,6,-11,6,-5,6,-5,5,-1,1,-18
10,1,2,0,3,6,2,-1,-2,6,10,1,-5,10,-4,4,6,0,-2,-3,-8,-4,-12,10,-13,-7
33/14,0,0,-2,-5,0,6,-5,0,0,0,-5,-2,-6,6,-8,-2,-11,5,2,-7,-4,-14,1,0,10
-1/18,0,0,3,-5,-2,-5,3,0,4,-5,3,10,6,12,1,11,-11,-3,4,6,-6,-8,2,-6,17
-5/23,0,-2,0,0,2,-6,-6,-2,0,-2,-1,-2,-9,7,4,10,2,-5,4,2,2,-4,0,-14,-2
-23/11,0,-2,3,3,-2,-5,4,-2,-7,3,3,-2,-3,4,-6,-9,-14,-1,11,8,-13,-4,5,6,11
-45/22,0,0,0,-5,-2,-5,-3,1,-4,2,-5,-2,-1,-3,-10,6,4,8,12,-4,2,15,8,0,8
-13/7,0,-2,0,-5,2,-7,2,1,6,2,2,2,-5,6,0,3,-11,-2,-2,14,6,-10,10,-14,0
-20/11,0,-2,0,1,-2,2,-4,1,-8,3,2,-2,4,-4,7,1,-7,1,14,-12,-10,-8,2,-14,-6
-9/5,0,0,0,0,4,-6,2,1,1,-2,1,10,-1,0,0,-4,0,2,8,5,14,-10,6,-1,10
-29/33,0,0,-3,-5,-2,6,6,1,0,-10,2,6,-3,4,8,2,-7,2,-8,15,4,1,3,6,-12
20/13,0,-2,0,0,6,-2,6,-2,-8,-4,1,-6,-1,7,-11,-4,6,2,-14,6,4,11,0,-12,-5
31/12,0,0,0,1,0,-5,-3,0,-6,-4,-10,10,1,10,-10,9,-3,6,-11,0,-11,4,2,-13,2
11/5,0,2,0,-5,0,2,-4,1,-6,-5,-9,-2,0,7,0,-12,-14,8,-10,14,2,0,12,6,-3
19/10,0,2,0,-5,-2,4,1,1,6,0,-5,10,1,-9,-11,-2,-2,13,-11,13,-14,6,12,-15,-1
17/10,0,-2,0,0,4,1,-8,1,0,6,3,6,-6,-4,0,9,-4,-11,-6,16,7,-8,10,0,-10
17/9,0,0,0,-5,0,6,-8,1,3,-10,-9,-1,-1,8,0,-6,-11,1,-10,4,-4,5,6,-10,18
7/2,0,-2,0,1,0,2,6,-2,-3,-10,10,-7,-3,-4,-6,-4,13,8,4,-15,5,4,4,10,1
-1/75,0,0,0,-5,2,-1,6,0,-9,-5,10,7,1,-1,12,0,-9,13,8,8,-7,-11,12,-12,2
-2/79,1,2,-3,1,6,4,-5,1,-3,6,-5,10,4,12,0,-14,0,-1,12,8,4,-8,-4,6,0
-4/81,0,0,0,1,6,1,4,-2,-3,7,-8,-5,-5,-6,3,-3,-4,5,4,8,-7,-7,12,6,8
-13/34,0,-2,3,1,0,-7,-2,1,-8,0,6,6,0,7,2,-4,-4,-1,-12,8,0,9,14,-12,-1
21/4,0,0,1,1,0,0,4,-2,3,-1,-9,5,-5,8,0,-2,-1,8,-11,16,7,8,3,18,-5
22,-1,2,-2,0,0,-1,2,-2,-4,6,-1,-7,-7,-2,3,-9,6,-8,-11,3,2,-7,4,-2,2
60/11,0,0,0,0,-2,-1,1,1,6,4,-4,6,-9,-4,8,-2,-4,-4,2,-8,-7,12,5,12,3
5/11,0,2,0,3,-2,-5,-6,1,-3,4,1,-11,-3,4,6,-2,-4,1,4,4,2,-7,-3,-14,7
19/77,0,-2,-2,-5,-2,6,-3,1,3,4,-2,-1,-4,-6,0,1,-12,-1,-11,-2,12,-9,3,1,14
20/81,0,0,0,-5,4,4,6,1,-8,4,10,-11,12,-3,-11,-2,-7,10,12,-1,-10,-12,-16,3,6
3/10,0,0,0,0,0,6,-6,1,-8,0,-1,-8,-4,-3,12,1,0,1,2,11,-16,2,1,0,-7
17/72,0,0,0,-5,-5,-5,-8,-2,-8,-3,3,-5,0,12,-6,-4,-12,-8,9,-4,14,-8,4,-9,11
14/73,-1,-2,3,1,-1,-5,-3,1,-3,0,-8,5,3,-9,-6,-10,0,-7,-3,6,-6,2,-6,6,-18
3/14,0,0,0,-5,-5,1,3,-2,-3,2,-4,-11,8,5,0,-14,-2,-8,-4,8,10,-6,-4,-14,12
17/69,0,0,3,-5,-1,2,-8,-2,0,7,-4,-8,-6,10,4,-9,-4,2,2,-4,11,-7,-4,2,14
3/80,0,0,0,0,-5,-5,-3,1,-8,-5,-9,-5,-3,8,-10,-10,-7,13,4,-12,-5,-16,12,1,-9
7/80,0,-2,0,1,2,2,-6,1,-3,0,-5,-3,-6,-4,0,-2,-1,-2,5,8,-16,11,-3,8,10
7/81,0,0,-2,1,6,4,5,1,4,2,-6,8,-3,4,13,-10,5,6,-10,3,-4,4,6,6,11
-41/42,0,0,0,-5,-3,-5,2,1,-6,-5,4,2,-4,-2,-6,-4,-4,-2,2,-3,-10,6,11,-1,13
-37/41,0,2,3,1,4,2,-6,-2,1,0,10,-11,6,4,8,-12,-7,-4,11,-9,-13,13,0,-6,-10
-25/47,0,2,0,1,6,-5,-6,1,-8,-8,3,-5,-4,-1,3,5,0,2,0,12,2,-8,0,6,5
-52/95,0,2,0,0,-1,-7,2,-2,-8,-5,-5,-1,0,10,-8,-10,-4,-11,-2,-4,2,-15,2,-1,16
29/48,0,0,-3,1,6,-1,-3,0,-8,-10,-5,-1,10,1,-3,-4,-4,6,-12,-12,-16,-7,12,-1,2
56/93,0,0,2,1,0,0,1,-2,6,3,2,8,6,12,-6,0,0,-6,-11,13,-7,-1,6,-17,18
11/20,0,2,0,3,0,-1,5,-2,0,-7,1,-3,-3,8,0,-3,13,6,1,-12,4,5,5,-8,18
59/100,0,-2,0,-5,-3,-5,-3,1,-6,0,-10,6,-6,4,4,0,-12,-4,5,-15,-1,-16,2,-15,1
-23/19,0,2,-2,0,-3,6,2,-2,-7,4,-1,-6,-4,6,-4,-6,4,2,-13,-8,-4,-8,-4,12,-5
-47/35,0,-2,0,-5,-3,0,-3,-2,-8,-8,-9,-2,-6,-2,-8,-3,-4,1,-8,16,-6,13,1,8,2
-89/65,0,-2,0,0,-5,-2,1,1,-3,-5,-1,2,-9,4,-3,11,-1,-12,12,4,-13,-6,-4,-13,-5
-86/63,-1,0,2,-5,-2,-5,1,-2,-4,-4,2,-6,-1,-1,-8,-6,1,6,2,-12,-10,8,-11,-8,7
-31/21,0,0,2,-5,0,2,2,-2,0,6,-10,-3,6,-10,-7,-6,-2,-7,0,8,-13,-8,-4,-3,-7
-49/32,0,2,3,1,4,6,3,1,-3,5,-9,-3,10,0,0,2,6,13,2,0,6,4,2,12,2
-49/33,0,0,-2,1,-2,-6,5,1,6,-3,-1,-2,-6,6,-6,4,6,-6,5,-7,11,5,-11,10,-7
-7/23,0,2,0,1,-3,4,-3,-2,0,-4,-4,-5,-4,0,8,-6,-4,-1,5,-6,7,-12,-3,5,-2
-11/93,0,0,-3,-5,0,2,2,1,1,5,2,-2,12,1,7,10,-5,13,-11,-15,-11,8,3,0,-18
-14/93,1,0,0,1,2,-6,5,-2,-3,-5,2,-7,-5,-2,8,11,0,-4,5,-15,-13,8,-6,2,1
-16/93,0,0,0,1,6,-5,5,1,3,6,2,-2,1,-4,-11,6,5,8,8,9,-2,5,14,0,-2
-8/97,0,2,0,0,-3,1,2,1,-8,-4,-4,11,0,7,1,1,4,-12,5,-4,4,-10,-1,-9,4
61/13,0,2,-2,1,-2,-2,-5,1,6,-1,10,7,-1,12,-10,4,2,-13,8,-9,8,-15,-3,1,11
-9/11,0,0,4,3,-2,4,-1,-2,6,6,-6,-5,-4,8,-8,-14,-13,8,-10,6,-10,6,12,18,8
19/3,0,0,-3,-5,6,0,6,1,4,4,-9,-1,6,6,3,-10,-13,2,5,14,-2,15,12,-6,7
33/4,0,0,0,3,0,-5,-3,-2,4,4,4,7,-9,-10,4,1,8,-12,8,15,-5,13,8,18,-2
17/2,0,2,4,-5,-2,0,-8,1,-4,2,-2,11,-4,6,13,-3,-4,-7,2,0,-1,-16,-7,3,-12
23/3,0,0,0,3,-3,6,-6,-2,-7,-1,10,-7,0,-2,8,6,-4,6,-12,5,-7,-9,-7,12,8
-40/97,0,-2,0,-5,0,0,-3,1,-3,-2,-8,-11,-1,-12,-6,6,-14,4,4,-12,-6,5,15,-6,4
-43/99,0,0,3,1,-2,-6,2,-2,3,2,-4,-5,-3,-1,-3,-2,-12,-7,5,2,-4,-6,-13,-16,-18
3/17,0,0,2,0,2,-5,-2,1,3,6,-6,6,-6,7,8,-9,-2,-12,-8,6,14,8,6,10,6
7/37,0,2,0,1,6,1,-3,1,1,3,-9,-8,-4,-4,-1,3,6,-3,-12,0,11,6,-7,-8,2
-38/9,1,0,3,1,0,1,-4,1,2,0,-9,-8,-6,5,2,-4,6,-4,12,-15,12,11,2,1,-12
-13/2,0,2,4,-5,6,-7,-6,-2,-3,-5,-5,-8,-6,9,0,2,8,13,-13,6,7,13,-1,-12,11
-37/6,0,0,-3,1,-2,-1,-3,1,-3,-10,1,-11,4,-6,-2,-6,-4,-13,-4,8,11,11,-7,12,-7
15/22,0,0,0,0,-2,-6,2,1,6,-7,10,7,10,6,6,-11,6,-1,-11,0,-6,13,9,1,-6
-22/9,1,0,2,3,0,6,1,1,6,-2,2,2,-3,12,-6,-2,-5,-7,-4,-3,7,15,-3,0,8
55/12,0,0,0,-5,0,2,-5,-2,6,6,-6,-7,6,-6,13,10,0,8,4,-6,4,-7,-3,10,18
50/13,1,-2,0,1,-2,-2,-3,-2,6,6,3,8,-9,2,10,0,6,10,2,8,7,8,2,-12,7
-4/43,0,-2,-2,3,-3,6,-4,-2,-3,-5,1,-11,-9,-12,2,-9,-11,8,4,-12,-9,5,-4,-15,17
54/7,1,0,-2,-5,-2,-5,5,1,3,4,-8,10,0,4,2,-6,13,0,-2,8,-10,-4,-9,-6,-14
4/45,0,0,0,1,-3,-5,2,1,-9,6,10,-5,-6,4,0,-4,-7,-2,-8,-12,-5,-6,5,-17,-12
-3/26,0,0,-2,-5,-1,-2,5,1,-4,4,-9,10,-2,7,-6,-10,-4,-5,-10,3,14,4,-1,-8,16
-83/55,0,2,0,1,-2,6,-4,-2,-3,-10,3,10,-6,7,11,-6,4,13,-2,5,-11,11,0,-15,-2
-85/58,0,-2,0,3,-5,2,-8,-2,4,-6,-4,-2,-5,1,-6,3,-13,13,-12,10,7,5,1,-12,10
-41/30,0,0,0,-5,6,-6,-5,-2,0,-5,1,11,-4,1,11,-9,-11,-5,4,2,5,4,-4,12,8
-92/61,0,2,2,-5,-2,2,4,1,-7,-5,1,11,6,-7,-6,-3,-4,-4,6,3,-7,-8,3,-1,-5
-44/31,0,2,2,-5,0,6,-4,1,2,6,2,-3,-4,-6,-6,-6,0,8,5,4,-13,1,1,-3,14
-93/64,0,0,0,-5,0,0,-6,-2,4,0,-10,10,-6,-7,0,-10,4,8,5,-12,-4,-7,-4,5,14
-8/5,0,-2,0,-5,4,2,6,1,-8,10,8,-6,2,8,0,10,6,4,8,-15,-1,-9,14,12,3
1/40,0,2,0,3,0,2,2,-2,-9,-5,2,-7,12,-7,4,-14,-9,1,-6,13,14,0,2,-14,-7
-4/45,0,0,0,0,4,-5,6,-2,0,6,-9,10,12,-2,4,-2,0,-1,2,3,7,13,-5,-10,-6
-1/9,0,0,0,3,2,2,5,1,-3,4,-2,-8,8,-10,-4,7,-4,-1,8,4,-13,8,14,6,2
18/31,-1,-3,2,1,-1,2,5,-2,6,0,2,-10,-1,4,10,-14,6,-11,12,6,-4,-8,4,-16,6
-23/33,0,0,1,0,-2,-6,-5,1,-7,4,-10,-2,6,-2,12,-2,4,-5,-2,3,-2,1,1,0,-18
-25/29,0,2,0,3,0,-1,2,-2,-3,-6,-4,-2,7,7,-1,6,-5,1,3,8,-5,1,12,-15,-18
4/69,0,0,0,3,4,2,-3,-2,0,5,-5,2,1,4,1,-10,-12,4,-12,-13,1,1,0,-14,18
1/17,0,-2,2,-5,-1,2,-2,1,-9,-5,3,-11,-4,4,0,-2,0,6,11,-6,-2,-10,-13,-1,8
-1/42,0,0,-2,-5,2,-5,-6,-2,2,7,-1,-7,12,-6,11,6,0,-7,-14,-12,-11,1,-16,-6,-6
-1/43,0,-2,3,1,-5,1,5,1,6,-7,10,-1,6,-12,-8,6,0,-6,-7,-9,14,10,2,-8,-5
6/41,-1,0,0,0,0,1,-3,1,6,6,-9,-7,6,4,-8,-4,0,6,-12,0,4,-1,7,10,-18
-35/6,0,0,0,1,4,-5,2,-2,-8,0,-1,-7,-6,6,4,1,6,-7,4,0,-2,-14,-3,6,2
-65/12,0,0,0,0,-5,-7,-3,1,6,-8,1,-5,-9,5,3,0,-4,-11,4,7,-11,9,-3,0,6
-33/4,0,0,-3,-5,0,-5,-3,1,-3,0,0,8,-7,0,-6,-7,-11,8,2,-9,-4,-6,16,-17,-6
-13,0,-2,-3,0,0,-7,-3,1,6,4,10,-11,4,6,1,-10,-10,-3,-10,-1,7,11,-5,-1,-8
-19/25,0,-2,0,-5,-5,-6,-3,1,6,-5,-4,-2,-6,-1,-7,1,-3,-1,0,-15,-13,-9,0,-6,-6
29,0,-2,1,0,4,1,6,-2,2,-10,-4,6,-4,1,-3,6,-4,1,-10,6,-1,-15,8,1,-19
13/17,0,-2,2,1,-3,-7,-2,-2,-8,4,10,-5,6,8,0,9,-4,8,8,14,4,2,0,6,6
10/11,-1,-2,0,1,-2,-5,-3,-2,-8,6,0,10,0,4,-6,-2,-7,5,2,14,-2,5,-3,6,18
-48/29,0,0,0,0,-5,2,-3,1,-3,-6,-2,-1,-5,7,1,-6,-3,10,12,0,7,-10,8,18,8
-49/30,0,0,0,1,0,-5,-3,1,-6,0,10,10,-6,-6,0,-2,-1,1,-7,6,7,0,3,18,12
-43/101,0,2,3,1,2,2,-4,1,6,0,-1,-2,2,-1,8,-6,4,8,3,8,4,8,-4,9,13
-3/11,0,0,0,0,-2,-5,-4,-2,2,-4,3,-6,0,12,-1,3,0,-2,0,-9,-1,8,4,-10,6
-29/13,0,2,2,0,-1,-2,2,1,-9,-10,-2,-8,2,7,12,6,-7,6,-4,7,7,8,0,-14,2
-25/14,0,2,0,-5,6,2,2,1,-3,0,-9,-7,-9,-9,-6,-6,0,-11,10,5,-16,-8,-3,-6,10
-34/7,1,-2,0,-5,-2,2,-8,1,-3,7,-10,10,-6,-9,3,-11,6,8,-12,8,-5,-15,0,0,-5
20/47,0,2,0,-5,-2,-1,6,-2,-4,3,-5,10,-6,2,3,-11,0,10,4,-5,2,-15,-4,-17,10
-67/16,0,-2,0,-5,-1,-5,3,1,-8,2,-8,-8,-3,4,1,3,-4,1,-5,-3,2,-14,11,2,-18
-65/16,0,2,0,1,0,-7,2,1,2,-4,-7,2,-3,-1,10,-2,0,-2,2,-4,-8,-8,-3,0,10
13/10,0,2,0,1,0,-7,2,-2,-4,10,1,-2,-4,4,12,-6,0,-3,10,-15,-10,8,-4,10,10
-35/41,0,-2,0,1,0,0,6,0,3,3,3,-5,6,-3,0,-2,-4,-6,0,4,0,-16,-5,-13,10
-41/43,0,2,0,0,0,-6,2,-2,2,-3,-7,-11,-4,-12,3,2,-2,4,4,12,-11,-15,-4,2,-5
-34/43,1,-2,-3,0,-5,4,-8,1,-9,10,1,-5,-3,-12,13,-2,0,1,2,-4,11,-14,2,-15,-6
-23/37,0,2,4,1,0,-5,5,1,-7,-5,-1,-8,6,7,0,6,0,8,10,-9,2,8,-4,6,10
-22/35,-1,2,0,-5,0,6,6,0,6,-4,1,10,-1,6,0,5,-2,1,-12,0,-10,1,16,-3,-6
-20/31,0,2,0,-5,6,-1,4,-2,-3,3,2,-6,-7,8,1,-2,-13,-5,10,7,-13,11,-16,-6,-6
67/77,0,-2,4,-5,-2,4,5,-2,-8,-7,-8,-5,3,-1,13,-7,0,13,-5,16,4,5,-3,-1,2
35/39,0,0,0,1,-3,-2,1,1,6,-10,4,7,3,4,0,-10,-4,6,-2,-8,11,4,6,-15,-5
23/26,0,2,-3,1,-2,-2,6,1,-7,-7,-1,-2,-3,1,0,9,4,-8,2,8,-2,-12,4,6,-18
107/11,0,2,-3,-5,-2,-5,-6,1,-6,6,-8,-2,1,-2,8,6,4,1,16,12,12,-14,-8,12,18
105/11,0,0,0,1,-2,-6,-3,-2,-4,0,10,5,-6,4,2,-10,-9,-13,0,13,14,9,12,5,17
5/37,0,-2,0,1,-3,-5,-3,-2,6,-8,6,-8,8,6,0,1,7,1,12,-4,-4,-7,4,1,8
6/73,-1,0,-2,1,-3,-5,-3,-2,-3,-5,-5,-1,0,-1,10,1,-4,4,12,4,-6,8,-3,-6,-5
6/71,1,0,0,1,6,2,-6,-2,-8,-2,3,6,-2,5,-8,6,-14,2,-14,4,-13,-4,4,1,1
-20/7,0,2,0,-5,4,6,-6,1,3,6,6,10,3,5,-8,-3,-14,10,12,-1,-4,6,15,10,10
-17/6,0,0,3,3,6,-5,-8,-2,-3,-7,1,-6,-5,4,12,-10,0,-3,14,13,-13,-16,17,10,-5
-34/13,-1,-2,3,1,4,-2,-8,1,6,9,-9,5,10,-1,2,-4,-9,-10,0,0,-8,10,0,1,-7
-8/3,0,0,2,1,-5,-6,2,-2,-3,6,10,-7,-1,-1,1,-3,-7,8,2,-3,2,8,-4,0,13
-97/21,0,0,3,-5,0,-1,2,1,4,2,10,10,-1,-2,4,6,0,8,4,4,-13,13,2,3,8
-97/18,0,0,4,1,4,-5,2,1,-3,6,8,-7,1,4,8,-2,-9,5,-12,9,12,8,-16,-14,8
-37/19,0,-2,0,0,4,-1,1,-2,-3,-3,4,-11,-1,-9,-7,0,-13,1,-8,4,4,-8,-10,-4,17
-27/11,0,0,3,1,-2,6,-3,0,6,4,6,10,-6,8,0,0,0,1,16,12,8,10,-16,-12,-5
-44/43,0,2,2,-5,0,0,2,-2,3,4,8,-2,-3,-12,7,-3,-4,10,3,-9,-2,-12,3,1,8
-42/43,1,0,4,1,0,-1,4,-2,4,-8,3,-6,6,-12,1,3,0,1,8,-3,-5,9,-8,10,-9
-49/46,0,-2,4,1,-2,-6,2,0,0,0,-5,10,2,-2,4,9,-9,-3,-3,3,2,8,3,-12,2
-46/43,-1,-2,2,3,-1,-5,-1,1,-7,-4,-1,-2,-6,-12,-6,7,-7,-4,-12,-4,7,-10,16,-6,16
41/26,0,2,0,-5,-1,-2,2,-2,2,-2,-4,-2,-4,4,0,-10,6,6,4,-7,-4,8,1,-8,1
43/26,0,-2,3,3,0,-2,4,-2,-4,-4,1,5,-3,-1,0,2,-4,-13,-12,14,-2,-15,-4,3,-4
41/30,0,0,0,3,-5,6,5,1,-9,-5,-8,-5,-4,4,0,6,8,6,-14,-8,-11,-1,-6,12,-5
13/19,0,2,0,-5,-2,-7,5,-2,4,3,8,2,-6,-12,-6,-4,0,-11,-12,8,-16,4,-16,0,-6
-15/29,0,0,0,1,-5,-5,2,1,-3,-6,1,-7,8,-2,10,7,-14,-2,3,-6,-13,2,2,12,1
-20/29,0,-2,0,0,4,0,-3,-2,1,-6,1,-2,-4,-1,3,-2,7,-12,-11,0,2,-10,0,-6,14
-18/73,-1,0,2,0,6,2,-1,1,3,6,-10,10,-7,12,0,-3,-12,1,-11,0,-6,-16,-1,6,-2
-24/67,0,0,2,0,0,2,1,1,1,6,-1,2,-6,10,-6,4,6,-8,0,0,-6,0,-3,-15,9
-22/67,-1,-2,2,-5,0,0,2,-2,3,-2,-1,-5,0,-6,1,-10,6,1,0,-15,0,-16,0,-6,12
-21/74,0,0,4,1,4,0,2,0,-3,6,6,-8,-6,5,0,0,0,-4,-11,-12,-5,-11,12,-12,2
-20/43,0,2,0,0,0,-5,5,1,-4,4,10,-7,-1,-12,12,-6,6,4,-8,-3,-11,-1,-4,4,18
-23/47,0,-2,0,0,4,0,-1,1,-7,10,4,-1,3,2,3,1,6,1,4,-13,-2,0,3,-15,-4
-22/45,1,0,0,1,0,-5,5,1,-4,-3,-7,-7,2,-9,7,6,0,-1,12,11,11,4,-3,6,-14
6/91,1,0,0,-5,-1,-2,4,1,-8,4,-4,5,4,2,0,6,-13,-10,-14,11,0,1,-7,3,8
5/92,0,2,0,-5,-3,-5,-3,-2,0,4,-9,11,12,12,0,-9,0,-2,-13,6,-2,-8,12,18,8
1/31,0,2,4,-5,4,-5,5,1,-8,6,2,-1,-5,-4,0,0,7,2,3,5,-11,-6,1,-14,-7
5/91,0,-2,0,-5,0,-2,5,-2,6,2,-9,-7,0,-6,8,-3,-2,8,10,-3,-14,11,17,0,-4
-97/20,0,2,0,1,6,2,-3,-2,-8,3,6,-10,-4,-10,0,3,6,2,-12,8,0,11,0,3,8
17/39,0,0,2,1,-5,-2,-8,-2,4,6,6,11,-6,7,8,1,1,2,-11,-2,-7,-4,-3,-8,-12
23/45,0,0,0,3,-5,-6,3,1,-7,-2,-9,2,6,4,-8,6,-9,-2,-12,-15,-6,-16,16,0,6
25/44,0,-2,0,1,-2,-5,5,0,-4,0,-8,-6,-7,-4,0,10,0,8,4,8,-5,9,10,-9,-6
17/44,0,2,3,-5,-2,-6,-8,1,-8,-4,10,10,-2,-6,4,-14,-5,0,10,-1,12,-1,-16,12,-6
-9/2,0,0,-2,1,-5,0,-3,1,3,10,3,2,6,-6,11,-9,-7,4,-10,-15,-7,8,-15,-7,17
-25/3,0,0,0,0,6,-1,2,-2,3,4,-6,-8,-3,-4,0,-2,-9,5,-7,-15,-5,0,8,10,-5
-24/7,0,0,3,-5,2,-5,3,1,-3,0,2,5,6,9,4,6,4,10,-10,-4,-6,-14,-13,-2,1
-56/13,0,2,0,1,4,-2,2,-2,-3,-10,1,11,-7,10,0,0,-4,-7,8,16,4,-11,12,-14,14
-56/17,0,-2,3,1,0,6,-2,1,-8,-3,-10,-7,6,-2,12,-2,-2,1,2,-15,-16,5,3,-12,13
-23/5,0,-2,0,0,-1,4,-4,-2,-7,6,-1,-7,6,-1,-2,-10,0,10,-2,9,-4,12,9,18,8
24/43,0,0,3,3,0,-6,2,0,-3,10,-6,-8,-6,-12,0,-10,2,-10,4,-5,-2,0,-3,-4,2
49/76,0,2,1,1,2,-5,-3,-2,3,3,10,-1,7,12,-4,-2,0,-3,8,-12,-13,-12,-4,10,-6
50/69,1,0,0,1,-1,-6,3,0,0,2,4,11,-3,6,0,-4,4,-7,8,-6,4,-1,1,3,10
19/42,0,0,3,-5,4,0,-3,1,-3,-8,-9,2,-3,0,-6,-11,4,0,0,4,7,10,6,10,0
26/41,1,2,0,1,2,-7,5,1,0,6,0,-7,6,6,-6,6,-4,-6,4,-3,2,-8,3,6,12
49/19,0,2,4,1,-1,-6,3,-2,-3,-1,-1,-11,-7,-9,4,11,-11,-1,-14,6,-6,1,-8,-15,6
45/19,0,-3,0,1,4,2,2,-2,2,10,-10,-5,-1,-4,6,7,-2,5,8,7,7,-4,-16,-15,14
-19/37,0,-2,0,0,0,1,2,1,-4,2,-6,-8,2,-3,-11,-2,-7,-3,8,-5,4,10,-16,5,14
34/61,1,2,1,-5,-1,4,-8,1,-3,0,-4,5,-6,8,0,-2,-7,-4,-4,6,-13,8,4,-3,16
34/59,-1,-2,2,1,-2,1,-8,-2,-3,-4,1,-2,-1,1,-8,1,10,-3,-2,13,-13,-7,8,-1,14
-17/25,0,2,0,0,0,-5,-8,-2,-8,-8,-1,5,-3,-9,4,6,-14,1,-12,3,0,13,-11,-13,11
47/81,0,0,-3,3,0,6,4,-2,6,-8,-5,-8,0,-4,-8,-6,-3,-10,4,15,2,-16,-4,18,13
44/79,0,-2,0,0,0,-5,-3,1,-3,0,10,-1,12,-4,11,6,-14,10,4,-15,14,-8,6,-14,8
-27/10,0,0,0,-5,4,-1,3,-2,6,-4,10,8,7,-10,4,-2,-11,6,11,-9,-5,10,6,-10,-6
-23/7,0,2,0,-5,-2,-6,-3,-2,-7,-4,1,10,7,4,6,-2,6,-10,-14,-4,0,-14,10,-4,13
-29/6,0,0,0,0,0,-6,5,-2,-4,-10,-8,2,-7,12,-7,-14,4,-1,5,6,14,-10,15,-13,3
-27/7,0,0,2,-5,-3,4,4,-2,2,0,-5,-8,-7,4,0,-12,-4,4,2,-4,-2,-9,-3,0,-7
-28/11,0,2,0,1,-2,2,3,-2,6,-5,-1,-2,-1,-6,12,3,10,-5,-10,0,4,-4,2,0,-3
-19/3,0,0,0,3,-5,4,2,1,-3,9,-10,-1,12,12,0,6,13,10,5,-15,-4,-11,6,3,16
-39/4,0,0,2,1,-3,-7,2,-2,-9,-5,-4,10,12,-6,4,-4,4,-11,2,-12,-1,-12,17,2,2
-31/38,0,2,0,1,4,-5,2,-2,-3,5,-10,-1,-3,-9,10,1,-4,-13,10,13,0,1,16,-9,2
-36/35,0,0,0,-5,-3,-1,5,1,-4,2,-1,10,1,-1,-7,-6,-9,1,-12,2,4,-14,-7,-8,6
-31/6,0,0,1,3,-3,2,-4,-2,4,3,-10,8,-4,4,1,-2,4,-1,8,5,-6,-14,-4,-14,10
-6/41,1,0,2,1,-1,2,-3,-2,-3,3,10,-2,6,10,2,-2,-1,1,4,-4,12,4,9,9,9
-10/29,-1,2,0,-5,0,2,-6,1,2,-6,-5,6,0,-1,7,-6,-1,-1,-12,6,4,8,12,8,12
-13/42,0,0,0,-5,-5,-7,-4,-2,-3,0,-9,11,4,-1,-8,-10,-4,-11,-12,-13,2,-14,3,-14,10
-28/83,0,2,2,1,6,2,2,1,-8,6,-5,8,0,4,0,-2,0,10,8,-9,-6,13,-16,0,10
-23/83,0,-2,1,1,0,4,2,-2,-7,9,-2,10,-6,-2,13,-3,-9,4,14,12,-9,-10,-16,9,-1
-23/16,0,2,-2,1,-1,2,-5,-2,-7,-2,4,-11,0,-12,0,-3,-7,-2,14,4,-10,4,3,-15,-3
-17/8,0,-2,2,-5,-1,-6,-8,1,6,4,-7,-2,3,-7,8,-2,-1,-11,5,-5,-6,9,8,6,-7
78/47,1,0,1,3,-3,-7,-5,1,-3,3,2,-6,0,-2,3,-10,8,8,-12,11,-13,8,-9,-14,18
74/45,1,0,0,1,0,-5,3,1,6,4,1,-11,-9,4,4,-14,-1,-5,4,3,-1,8,-10,1,13
77/39,0,0,3,1,0,-2,6,0,1,0,-4,-7,2,-1,-6,4,4,-1,-7,3,7,-1,12,18,9
7/76,0,2,3,1,-3,1,2,-2,-3,-7,4,-7,-2,4,0,-6,9,-2,4,0,-13,2,12,6,-2
9/79,0,0,4,0,6,-1,1,-2,-8,-5,6,-11,-6,7,6,-3,10,4,5,-8,-10,-8,12,-17,-13
10/73,1,2,0,0,-2,4,-6,-2,4,7,0,11,6,1,-1,-2,-13,-4,1,3,-6,-6,12,12,8
11/71,0,2,0,-5,0,-5,5,-2,-8,-5,0,-2,12,2,3,-11,-2,-13,14,4,-2,-16,4,12,2
-5/37,0,2,0,0,4,-1,-3,1,-8,5,-7,-8,8,12,-8,11,0,6,4,0,-5,0,6,-8,-10
3/41,0,0,-2,-5,6,-5,5,0,0,6,-1,-5,6,4,0,5,9,-1,-10,6,-11,0,-16,5,10
10/83,-1,-2,0,-5,0,0,6,1,0,-5,1,-10,10,7,-3,6,-7,1,2,-5,-16,8,-16,10,-18
8/81,0,0,3,1,-1,6,5,-2,-6,-10,-1,-2,-2,8,-7,-4,-1,1,-8,-2,-16,-1,-11,-9,-13
7/48,0,0,2,1,6,-5,-4,-2,-3,-5,0,-8,-6,-4,0,1,0,1,-2,-6,10,11,-10,0,18
3/46,0,0,3,1,4,-6,-3,-2,0,6,-7,-7,-6,-6,0,-2,10,5,11,-15,-13,4,10,0,-12
6/49,-1,0,1,-5,6,4,2,1,6,0,-8,-5,-1,-6,-7,-2,8,8,-11,-9,-4,-16,12,18,0
41/80,0,2,0,1,6,2,-6,1,6,3,-10,10,-4,1,1,6,6,-2,8,0,-13,-4,-3,9,-5
19/40,0,2,0,0,0,-6,-5,1,-6,6,-5,-1,-7,12,-1,-4,4,2,-4,8,10,11,14,1,-2
45/77,0,0,0,-5,-2,6,2,-2,-4,10,3,-2,8,4,0,-3,-4,0,4,2,-16,-4,12,10,2
-32/73,0,2,0,0,0,-1,2,-2,-3,2,-1,-3,12,-10,12,10,8,8,-14,5,-6,-14,-3,0,13
-30/71,-1,0,0,-5,4,-5,1,1,6,7,2,-5,12,4,1,6,10,-6,4,4,2,-16,-13,18,-1
-1/64,0,-2,0,1,2,2,-3,1,4,-3,0,2,6,4,7,-10,-4,-11,12,-12,-13,-14,-1,2,2
34/43,-1,2,0,1,6,0,-8,-2,0,3,-1,10,-6,-12,-6,-2,-1,10,6,0,-10,10,-16,-3,-12
32/39,0,0,0,0,0,-2,2,-2,6,0,-10,-5,6,6,-6,6,6,-12,0,-8,14,-16,-15,12,2
-7/29,0,2,2,1,6,0,5,1,6,-6,10,-11,-5,-2,-7,6,-14,2,2,10,4,12,3,12,17
-9/29,0,0,1,-5,4,2,6,0,6,-6,-1,-2,-1,8,-8,9,0,1,-12,8,-1,10,-3,-16,-14
23/33,0,0,4,1,-2,6,5,-2,-7,9,-9,-7,-2,4,-8,6,-11,-6,4,3,14,12,2,-6,18
-16/61,0,-2,1,0,-5,-5,6,1,6,3,4,-11,8,1,11,-6,-4,-4,8,14,4,15,14,-15,2
-8/31,0,2,3,1,-3,2,2,1,-4,-2,2,2,8,9,-8,6,0,-7,-12,-4,0,11,-4,-7,14
-23/56,0,-2,2,-5,6,-5,-4,1,-7,-8,-5,-6,-3,7,1,6,-4,1,4,-5,5,0,0,-6,-2
-6/35,-1,0,0,-5,0,-5,5,1,3,0,-1,-2,-6,4,-8,6,-11,-10,4,10,-6,-8,12,-13,2
-32/35,0,-2,0,-5,2,-5,-6,-2,-3,3,1,-5,-3,-1,1,6,-2,-11,12,-12,-13,-6,10,-7,-12
85/31,0,2,0,-5,4,-5,-8,1,6,0,2,6,-6,-6,-6,5,-3,-3,12,-5,-2,-15,-9,-12,-5
85/28,0,2,0,-5,4,2,-8,0,-8,-7,-9,10,6,1,0,-2,6,-1,8,7,-5,-6,4,-12,3
-13/28,0,-2,1,-5,4,-7,2,-2,6,9,-7,-7,-6,-2,-6,10,0,-12,12,-12,12,-14,-13,6,12
41/14,0,2,1,-5,6,0,-4,-2,-8,-4,-1,-3,-4,-4,1,-4,-12,10,-2,-12,-1,-6,16,-2,-1
81/25,0,0,0,0,4,2,-3,1,2,4,-6,-2,-6,-6,0,0,2,13,-11,2,12,11,-7,9,10
81/23,0,0,-2,1,-3,6,2,1,0,4,8,10,6,7,-4,-2,-12,8,4,8,-10,6,4,8,7
47/15,0,0,0,-5,0,-5,-6,1,-4,6,1,10,6,-4,-8,6,-9,-13,4,-15,-13,1,-4,8,-19
28/11,0,-2,-3,1,-2,6,4,1,-3,0,3,-5,10,-1,0,6,-12,-6,12,13,0,-14,-16,4,-19
28/9,0,0,2,1,0,-6,2,0,-8,4,1,7,0,2,-8,10,9,1,0,-5,10,1,-16,-10,-12
86/33,-1,0,2,1,-2,1,3,-2,0,6,3,-10,6,-1,8,-3,13,-2,-10,4,-10,-5,0,-17,-2
-31/35,0,2,0,-5,-5,4,2,1,3,3,-10,-10,-6,4,-10,-10,0,-1,1,0,-1,8,1,-2,5
-28/33,0,0,2,1,-2,-1,5,-2,3,6,8,10,-3,4,4,0,-4,10,4,-12,-13,15,3,6,3
-32/33,0,0,4,1,-2,2,5,-2,2,0,0,-2,-5,1,6,-2,13,-11,-11,-4,7,10,-16,-15,5
-50/71,1,-2,0,1,-5,-1,-5,-2,-8,3,-1,6,-6,-9,0,10,6,-13,4,4,-11,4,-4,18,-8
-47/74,0,-2,-2,-5,-5,0,6,-2,-3,-5,-5,-8,-1,1,-8,-4,0,-3,-11,-12,10,-4,-11,8,8
-50/69,-1,0,0,0,0,6,4,1,0,-4,0,-5,-9,12,4,-4,-1,-1,2,6,0,-5,2,0,-5
-24/31,0,0,4,1,-5,1,-3,-2,-4,-5,2,-8,0,4,0,-4,-4,13,5,6,0,1,3,-14,11
-27/34,0,0,-2,1,2,-5,-2,1,6,-5,-1,-7,-9,10,-11,9,0,10,3,-3,5,-16,-5,10,11
-5/38,0,-2,0,3,6,-5,2,-2,-3,6,8,-3,-4,-6,7,6,0,6,5,-13,7,-15,-15,9,-14
-7/44,0,2,-2,1,-2,-1,4,1,-3,6,-5,7,6,-10,-6,6,2,-13,2,3,-10,8,8,-17,-14
-4/23,0,2,0,-5,4,2,2,1,0,7,4,-3,2,-1,-6,-2,-10,1,-14,0,-8,-4,6,12,11
-13/41,0,2,3,1,0,-7,2,1,-8,4,-1,-1,6,7,4,-11,6,-8,-10,-4,11,5,3,1,2
49/15,0,0,0,1,-3,-5,4,1,4,4,-9,5,1,4,0,6,0,-3,-4,-12,-1,-7,-4,0,3
-8/33,0,0,1,-5,-2,2,-3,-2,-3,-1,-9,10,-6,-6,8,-9,8,-1,5,-5,8,-1,-16,10,-12
-23/35,0,-2,0,-5,4,-1,5,-2,-7,4,-6,-6,-6,-10,0,6,2,-8,2,-6,2,-8,0,12,1
79/25,0,2,0,-5,0,6,6,-2,-3,-7,1,-2,0,-2,6,6,0,8,4,0,7,4,-3,3,8
17/8,0,2,1,3,0,6,-8,-2,-3,9,6,-5,-6,1,-6,-9,0,2,2,-5,-16,-6,16,1,-9
-73/78,0,0,2,-5,-3,-2,-3,-2,-4,0,-5,-6,6,-10,-11,-2,-2,6,-5,8,-11,6,-16,-9,-2
-73/76,0,-2,0,3,4,-5,-1,-2,2,-2,-4,-5,-3,10,-6,3,-1,-3,2,8,-11,-7,14,-6,-12
-68/71,0,-2,2,1,-3,-6,-8,1,1,-8,-1,6,-5,8,12,6,-14,-10,4,4,14,-16,0,-4,-2
-71/69,0,0,0,0,-1,-5,2,1,0,-5,3,6,0,-9,-11,-11,-10,10,8,-12,-7,-16,17,-17,14
-39/37,0,0,2,-5,-3,-7,-3,0,1,-4,-5,-8,6,7,-6,3,-12,0,10,-9,10,-16,-4,-14,0
-79/71,0,2,2,-5,-3,0,-6,1,6,3,-5,2,0,7,-10,6,0,2,-11,4,-8,4,-8,-9,9
-21/23,0,0,-3,1,-5,6,2,1,0,-10,-1,-7,6,1,-8,-10,10,-2,-12,6,14,-9,14,18,2
-67/71,0,2,-3,3,-1,-5,-5,1,-3,-4,-9,-5,12,-10,0,-9,0,-11,-5,4,-13,11,16,12,13
-69/70,0,0,0,-5,-1,6,-3,1,-7,4,3,-2,6,8,0,-10,-12,-2,2,-13,12,-9,-7,-10,-5
-28/15,0,0,0,1,-3,6,2,-2,-3,-7,-7,-2,6,-6,-8,-4,4,8,5,7,-8,8,0,-13,-5
-63/83,0,0,2,1,2,1,-5,-2,3,2,-4,-6,-3,8,4,-3,9,-4,-14,-7,-16,-1,-16,12,1
-68/79,0,2,-2,0,6,2,-8,1,3,2,-9,-5,8,-2,8,-4,-4,-5,-4,-4,-1,-8,-12,9,-14
13/35,0,-2,0,-5,-5,-7,-3,1,-8,6,3,-8,8,-10,-8,-2,6,8,5,-9,5,-4,-16,-17,-7
-25/33,0,0,0,1,-2,0,-3,1,-3,4,3,-10,-9,0,13,1,10,8,4,-8,0,8,-4,-12,10
-25/31,0,-2,0,0,4,-5,2,1,-8,-7,2,6,2,4,0,6,5,-4,-3,-9,-13,5,12,10,2
-50/61,-1,2,0,-5,6,-6,6,1,1,6,10,8,-6,4,-10,9,0,-4,14,3,-13,6,-16,1,-1
-27/29,0,0,-3,0,-3,-5,-6,-2,3,-6,-4,-2,-2,2,0,4,-1,6,8,15,11,15,-4,0,3
-38/11,-1,-2,2,0,-2,-6,6,1,3,6,-5,-5,-5,4,-6,-9,0,-7,-13,4,-2,-8,6,-12,6
-25/4,0,-2,0,1,-1,2,5,1,3,4,8,-2,-5,-1,-3,9,-4,-1,2,-9,12,-14,10,-1,11
3/32,0,0,1,1,0,6,1,1,6,4,3,6,0,12,0,-3,-4,2,8,-5,4,1,4,-17,13
-17/33,0,0,2,-5,-2,-5,-8,-2,-9,5,2,-3,-6,-4,-6,-4,6,-10,-10,-3,2,13,12,18,6
-37/69,0,0,0,1,2,6,2,1,0,2,-1,-11,1,6,6,-3,-14,-5,8,5,2,15,10,-6,-2
-6/11,-1,0,1,1,-2,1,4,1,1,10,-1,5,-2,-10,-6,-6,-3,-1,-5,-12,10,10,0,10,17
-31/90,0,0,0,3,-5,-5,-3,-2,0,0,-10,-2,8,10,-6,-2,4,2,-10,-9,-2,-15,-3,-16,12
-13/45,0,0,0,-5,0,-7,2,1,-3,4,10,-2,-9,9,-10,1,6,-6,16,7,4,-6,1,10,8
-17/46,0,2,-3,0,0,-5,-8,1,0,0,3,-1,0,1,0,6,-12,-12,11,3,-5,10,-5,10,1
-23/86,0,-2,3,1,2,0,5,-2,-7,2,-8,-3,6,-12,0,-2,-2,1,-13,-5,7,-14,1,12,3
-19/90,0,0,0,-5,4,-6,2,1,-8,9,-9,-2,0,-4,10,-2,0,-2,-4,-8,-4,12,2,-12,-7
-7/30,0,0,0,1,2,-5,-5,1,-4,6,2,8,2,2,0,-6,6,10,-12,15,2,-9,16,12,12
-52/69,0,0,2,3,-5,-7,3,1,0,3,-4,-2,-5,-2,11,6,-12,13,-12,15,-1,10,-7,-3,-12
-41/12,0,0,3,3,-2,0,5,-2,6,0,-7,-8,-4,-10,-8,-3,-9,-8,-8,9,2,-15,4,6,10
-14/3,-1,0,-3,1,6,-5,4,1,-8,-4,4,-7,8,0,7,5,-11,-11,0,3,8,-16,2,2,-2
-45/64,0,0,0,-5,2,-6,1,1,-3,6,-2,5,2,-1,0,2,-5,-1,8,-9,-9,-16,-16,-4,10
-43/66,0,0,0,1,-2,-1,-3,-2,-4,7,-4,-5,-5,-1,4,5,-11,6,-12,-3,2,-14,3,-6,-10
29/71,0,2,1,0,0,6,-3,-2,-8,-10,8,-2,6,8,7,-12,10,-1,1,4,2,4,14,-6,-2
27/71,0,0,-3,1,-5,4,-4,1,6,4,3,-6,-6,0,0,6,-7,-5,9,4,12,10,12,4,8
31/73,0,2,-2,0,2,6,-3,1,6,-2,-10,-1,-2,5,-7,3,6,6,-14,-15,-6,-14,-8,-12,-18
11/23,0,2,3,1,0,-5,3,-2,0,5,10,5,-4,-10,0,0,-2,-1,4,3,-4,0,2,-6,-6
-2/41,-1,-2,2,1,0,6,1,1,-3,-3,6,10,6,-6,-11,10,-10,0,5,3,-7,8,-6,-15,1
1/43,0,2,3,0,6,2,-6,1,-3,-1,-9,-1,12,-12,-6,-4,-9,-3,14,9,-2,5,10,1,13
-71/54,0,0,2,-5,4,2,3,-2,-8,-2,-5,6,-5,-6,4,-3,-13,-7,9,-12,2,5,0,-6,8
-23/18,0,0,2,3,-2,4,5,1,-7,10,-4,-7,-6,-4,0,-4,-2,-11,-6,11,6,1,3,10,-6
-77/57,0,0,2,1,0,-5,1,-2,-6,3,3,6,6,8,0,7,11,-13,12,-15,-2,4,-5,-6,-13
-59/14,0,-2,1,-5,2,-6,2,1,0,-7,-4,-7,4,2,-4,-2,-12,4,-8,-5,-16,2,0,3,-7
-58/11,1,2,-2,3,-2,1,-3,1,-3,-10,6,-7,8,-1,-8,-2,-4,6,3,-4,-13,-4,-16,8,-6
-58/13,-1,-2,2,1,-3,-2,-5,1,-3,-10,8,-11,-6,-2,4,2,-5,-10,12,2,-4,-10,-3,0,12
-61/14,0,2,2,-5,0,-5,-4,1,-8,-4,-1,-6,-7,7,-8,9,-12,-13,-3,-3,-14,-15,6,0,-6
-62/11,-1,-2,-2,1,-2,-5,3,-2,-3,-8,-10,-6,0,-4,4,-14,0,-4,4,-6,-16,15,-12,10,0
-37/17,0,2,2,-5,-2,6,-2,1,6,7,-9,-11,-3,-1,-11,6,-11,-1,14,-1,2,8,1,-10,-7
-69/77,0,0,2,-5,-2,-5,5,-2,-7,-2,-1,2,-7,-2,10,6,4,8,0,-12,-16,-1,-3,10,11
-68/77,0,-2,0,-5,-2,1,-8,1,-8,4,3,10,-4,-2,-1,-10,-4,-4,8,7,14,-9,4,1,-2
-61/77,0,2,3,-5,-2,-1,2,1,-3,0,-4,6,-5,4,1,-3,-4,-13,-7,-12,-8,-8,-4,2,10
26/35,-1,2,0,-5,-1,-7,-4,1,2,3,-1,-11,2,1,6,6,0,0,-6,3,-6,-16,-11,-1,-14
-17/13,0,2,0,3,0,-2,-8,1,0,0,-9,-6,-6,4,-8,-3,10,0,2,15,-10,-8,-15,-6,17
35/33,0,0,0,1,-2,-5,3,1,-3,4,-6,-5,-1,-6,0,-6,0,10,-11,-4,-5,8,0,12,-2
25/22,0,2,0,-5,-2,2,2,1,-8,9,3,5,3,8,-8,6,-11,-2,-14,8,-2,10,1,9,-2
23/22,0,-2,2,1,-2,-5,-3,-2,-7,-4,-7,5,-4,10,-11,6,0,4,8,2,0,-4,-1,-12,3
23/21,0,0,0,-5,6,4,-1,1,-7,-5,2,-11,-6,4,11,-2,-4,-13,12,-3,2,8,15,9,2
26/25,1,-2,0,3,4,-7,3,-2,-3,-5,6,-8,-3,-9,-2,6,10,-5,6,5,-10,-11,17,-16,8
71/69,0,0,2,1,0,-5,2,-2,0,-5,10,-2,-5,7,-11,4,-4,2,-12,-12,-8,-8,6,-10,14
19/25,0,2,0,3,6,6,-3,1,-8,-5,-6,-7,0,6,0,-7,6,-7,-2,-9,-13,-4,-4,8,-14
-14/25,1,2,0,1,6,2,5,1,-6,-10,1,-3,1,-3,3,-2,9,-6,12,6,-5,8,3,3,12
-21/52,0,0,0,1,4,-2,-3,1,6,-10,1,-1,0,-12,-8,4,5,1,2,-15,-16,6,-16,8,14
-3/16,0,0,2,1,2,6,2,0,3,-1,-7,-5,4,0,-6,-4,13,-8,11,3,4,-8,2,18,11
-16/59,0,2,2,-5,4,6,5,-2,-4,9,-9,-1,-1,10,-10,-3,10,13,-12,6,2,-8,10,10,-14
-15/62,0,0,0,0,-5,-5,5,1,1,-10,2,6,-1,-4,-8,6,-1,-1,10,-12,-13,0,12,5,11
47/65,0,2,0,1,0,-2,1,-2,-8,6,-9,-2,-1,12,-8,-4,6,-1,-3,12,-13,-8,12,-10,17
-76/75,0,0,0,3,4,-5,5,1,6,4,10,6,-6,10,-1,-9,0,5,1,0,4,-4,2,-14,-9
78/59,1,0,2,-5,-2,-7,2,0,2,7,-5,-2,-6,8,-10,5,10,-8,2,6,2,-1,0,-6,5
75/61,0,0,0,0,4,-5,3,-2,-3,-2,10,-2,-6,4,4,6,1,-4,4,8,12,4,2,6,14
76/61,0,2,0,-5,0,6,5,1,6,-4,8,-10,-6,4,8,3,-4,-4,-12,-15,-4,11,6,-13,-3
72/59,0,0,-2,3,4,2,-4,-2,6,3,2,-5,-5,-1,12,0,10,2,-8,4,-6,13,16,10,-14
38/27,1,0,1,-5,-5,6,2,1,-8,10,6,10,8,10,-11,-4,-4,13,4,5,6,-8,3,-17,-12
43/28,0,2,4,-5,0,0,1,1,0,6,-9,-11,3,-1,4,-9,-5,-13,-3,-8,-11,-12,14,-10,-12
37/27,0,0,4,-5,-2,4,-6,-2,-3,-2,-1,-11,-6,4,-8,4,6,-2,5,12,12,8,6,0,-8
42/25,1,0,0,1,-2,2,4,-2,-8,-2,-2,-2,2,-12,0,-2,-14,-1,4,6,-5,-14,2,1,-18
37/28,0,2,1,-5,0,6,-3,1,1,0,-4,-11,0,4,-7,9,-1,8,2,0,7,11,-4,-14,-2
34/25,1,2,0,-5,-3,-5,-8,1,-8,-4,0,-6,3,-2,0,1,4,10,4,-12,-13,-10,-3,-14,-2
47/35,0,2,0,-5,4,4,-3,1,6,5,-10,-3,12,8,-8,6,-14,13,2,-7,-16,-6,-7,-12,0
-5/7,0,2,0,-5,-3,1,-4,1,-9,7,8,-1,-1,6,12,-9,13,13,16,11,-6,9,2,10,-18
23/10,0,-2,0,3,6,2,-3,1,-7,4,-2,-1,-1,-2,0,11,-1,-7,2,0,10,4,-16,1,0
47/96,0,0,3,0,6,6,6,1,2,-7,-9,-11,-6,4,-8,6,6,13,-11,8,14,4,10,-7,2
10/19,-1,2,0,1,-3,-6,2,-2,-3,0,-7,-7,-9,-3,-7,-12,4,-5,-11,-12,11,6,-4,-12,-7
50/97,1,-2,0,1,0,-5,1,1,6,-4,-4,10,-6,7,2,6,-4,5,1,0,6,6,2,-4,4
27/47,0,0,0,-5,0,-5,-5,-2,0,4,1,7,6,-3,3,-9,-12,-1,-12,-12,-1,-6,1,-15,-14
11/19,0,-2,1,-5,0,-5,2,-2,-8,-2,3,-7,6,6,-6,1,-4,8,9,16,-10,11,-3,-10,12
53/98,0,2,0,-5,-1,0,-3,1,-3,-10,1,10,-1,12,0,-10,0,2,11,16,-2,-10,-16,0,1
22/29,-1,-2,3,0,0,1,3,1,-9,-6,-1,-7,-6,1,-1,-4,-11,4,-3,4,-7,13,-3,-3,7
19/28,0,2,-3,-5,4,1,5,1,-3,10,-10,10,6,-10,-8,1,0,1,-13,14,-1,4,3,3,11
16/47,0,-2,2,1,0,0,-3,1,-6,-5,2,-7,-4,-1,3,-3,-4,2,4,16,-9,12,-4,3,0
17/45,0,0,0,0,2,-5,-8,1,2,0,1,-5,0,6,-6,-2,5,6,5,4,-13,12,-4,12,-5
18/41,1,0,-3,3,4,-1,2,1,-3,4,-1,5,6,5,0,-2,4,-12,4,12,-6,-6,8,-6,-7
9/31,0,0,2,3,-5,6,2,1,0,3,2,-2,-5,-4,4,-6,4,6,4,-13,-9,-8,17,1,13
15/28,0,0,0,-5,0,2,-5,1,-8,3,-9,5,-7,10,11,6,9,0,-2,-13,4,4,4,1,-2
43,0,2,3,0,6,-5,-4,1,-4,3,3,-1,-7,-1,-6,6,-4,1,-12,2,-2,4,-3,4,2
91/8,0,-2,0,1,6,-7,2,1,-4,6,1,-5,0,-4,-3,6,6,-10,10,9,2,-4,11,12,-7
77/2,0,2,2,1,0,-6,-3,-2,0,-3,1,-7,-6,-6,-6,0,11,13,-4,4,-13,8,16,-7,-9
77,0,-2,0,1,0,6,-4,0,6,3,0,-2,-5,5,-10,-10,0,10,-3,0,-6,-7,-16,6,-14
70/31,1,2,0,1,0,2,2,1,-8,-4,2,10,-3,6,0,-2,10,6,-4,13,-6,-16,2,-17,-1
71/32,0,2,2,1,2,2,1,1,-3,3,-5,-2,-3,-6,0,-4,0,-1,2,-12,-6,15,10,-8,-5
67/35,0,-2,0,-5,2,-6,3,-2,-9,4,-5,-7,2,4,8,-9,0,-10,-5,-12,-6,-15,-4,-3,-2
41/28,0,-2,-2,-5,4,2,-3,-2,-4,-5,2,-5,-4,10,-10,-2,6,13,5,12,-13,13,-16,10,-14
-34/37,-1,-2,3,-5,0,-5,-8,1,4,5,0,-8,-4,4,0,-9,8,1,11,2,-9,-10,3,-1,13
-19/17,0,2,3,3,2,-5,-2,1,3,-2,-1,-7,2,4,0,-6,4,13,-8,-12,-4,8,-16,0,-6
-39/38,0,0,-2,0,-5,-7,2,-2,6,6,-8,6,0,-4,4,-2,4,8,-5,-4,-6,4,2,6,8
41/99,0,0,2,1,-2,2,-4,1,-9,4,3,-8,-4,1,-6,-11,-4,8,-6,12,-4,5,-5,-10,-10
27/35,0,0,0,-5,0,1,-1,-2,6,3,1,-2,6,4,-2,-2,-2,1,0,-4,-2,6,14,6,-14
28/37,0,2,1,1,4,6,5,-2,6,-10,0,-8,-3,0,-11,-6,-4,-1,10,3,14,0,0,6,14
88/23,0,-2,4,1,0,2,-4,-2,0,-3,-1,7,0,6,-8,6,-5,-2,8,-8,-6,10,-4,-16,12
91/27,0,0,-2,1,4,-7,-3,1,-8,-1,4,10,-6,4,-4,-4,4,4,14,0,-11,0,7,-6,14
82/27,-1,0,0,1,-5,-5,5,1,-3,-5,-9,2,-4,7,4,-7,-4,0,10,8,0,5,-3,-6,12
32/17,0,2,4,1,0,-5,-2,-2,6,6,3,-6,7,-12,-8,-7,-4,-1,-14,0,11,-14,16,-14,10
63/34,0,0,3,1,0,1,-2,1,1,4,-8,-5,8,-10,12,3,-14,6,-14,6,-6,10,-3,-7,8
34/15,-1,0,0,1,-2,-5,-8,0,-3,10,-7,-7,-6,12,-6,-2,0,2,4,6,12,-16,4,-15,0
-25/9,0,0,0,-5,4,1,4,1,6,2,3,2,6,4,8,10,-14,-13,-13,4,-2,5,7,-8,8
-25/36,0,0,0,3,6,-5,-3,-2,4,9,-9,-7,-6,-2,0,6,-3,10,9,-3,4,-4,16,-14,10
-25/37,0,-2,0,-5,-1,-6,2,1,-3,6,2,-8,0,4,-4,-6,-11,1,-8,6,12,-12,-4,-6,-12
-28/39,0,0,-3,1,6,-2,-3,-2,0,5,3,5,-6,8,-6,-6,-7,1,12,4,-4,-15,0,-12,0
-23/34,0,2,2,1,6,0,-2,0,-7,6,-9,-7,2,-10,6,-14,1,1,4,-15,-14,-16,1,-12,-2
-63/79,0,-3,2,1,4,0,-6,-2,-9,-8,-1,-2,12,4,0,2,-4,-1,12,2,10,-8,-16,-6,1
-45/43,0,0,0,-5,-5,-5,6,-2,-3,5,-10,10,-9,-12,0,-2,-11,-2,-13,4,-10,10,-3,-6,-7
46/71,1,-2,2,-5,4,6,-3,1,-7,-5,3,-10,-9,-6,0,-11,0,1,12,4,4,-10,10,-12,2
49/74,0,-2,2,1,-1,-5,5,1,-9,2,8,-8,12,8,8,2,0,-1,2,15,0,5,5,-15,-5
-40/47,0,2,0,1,4,-5,-1,1,2,4,-9,5,-9,4,3,6,8,1,-12,-12,4,10,6,-4,9
-44/37,0,2,0,1,0,-1,-3,1,6,0,3,-8,-1,-10,-8,6,-2,5,-11,-3,-13,-6,12,-7,12
-22/21,1,0,3,-5,0,6,2,1,3,10,-9,-1,-6,-6,6,-14,-4,6,4,15,-13,-10,-16,-14,9
-44/45,0,0,0,-5,0,2,-3,-2,-8,3,10,10,-4,8,3,-11,-1,6,-12,6,12,6,2,-6,-3
-43/42,0,0,4,-5,4,1,4,-2,-3,3,-9,-2,-9,-1,-6,6,4,-3,-8,-7,-7,10,16,9,-19
-50/47,1,-2,0,-5,0,2,-3,1,-9,2,-2,-3,-3,4,3,-4,-14,-5,-5,-12,7,10,4,-14,8
-49/45,0,0,0,1,2,6,5,1,-8,-4,3,-2,-9,4,2,-4,13,-7,-10,-3,-14,12,6,1,-18
-103/89,0,2,-3,1,4,-6,-3,-2,-9,0,10,-2,-6,1,-10,-2,-14,1,-12,0,11,-4,12,-8,-2
-105/86,0,0,0,1,-2,-5,2,1,2,-10,0,-5,6,-12,11,-2,-12,13,8,-12,-14,-8,6,9,17
-103/86,0,2,0,0,-1,-5,3,-2,-8,4,-4,10,-6,-12,0,6,0,-7,5,-15,-8,-14,2,0,-18
-51/47,0,0,2,0,4,-5,-8,-2,6,-7,-1,-1,-6,-2,3,-3,0,13,4,-5,-5,4,4,-6,-14
-68/39,0,0,0,-5,4,-2,-8,1,-3,0,2,-2,-3,-6,13,2,10,1,-8,-5,-13,-8,-16,-14,-13
-67/41,0,2,0,-5,-3,6,2,-2,6,0,0,10,6,-12,11,6,0,1,-5,-9,4,-14,2,-12,-1
-67/39,0,0,-2,1,0,-2,1,1,-8,-7,3,-7,0,-4,-4,-3,-12,6,-5,0,-2,10,12,0,1
-71/38,0,-2,-2,1,6,-6,6,-2,2,-4,3,-2,10,4,1,-11,11,-10,-7,-12,4,10,-13,-1,-6
-65/36,0,0,0,-5,-3,-7,-1,1,6,0,10,-6,0,4,0,-3,9,-1,-12,10,2,4,-4,-8,17
-54/7,-1,0,2,-5,0,-1,-6,-2,1,9,1,-11,-5,1,-8,-3,-13,10,4,2,14,-14,-3,-8,8
-57/7,0,0,1,-5,2,1,-3,1,-3,-2,-1,10,0,-2,-8,9,0,6,12,-1,8,5,-7,-6,2
-80/13,0,2,0,3,-3,-2,2,-2,6,-4,2,-6,-6,-6,-10,-6,6,-8,4,2,4,5,5,-1,12
-41/6,0,0,2,1,2,-5,-3,1,-4,-1,10,-11,-4,1,2,-6,5,-3,-2,3,-2,15,0,-17,-9
1/50,0,-2,0,0,-1,-6,3,1,2,-10,10,-7,8,4,-11,-3,-4,-4,4,-4,6,-8,2,-4,14
2/93,1,0,2,0,4,2,-3,1,6,10,2,-8,-4,12,0,6,0,-10,5,4,2,-9,-7,6,-13
1/91,0,2,0,-5,-3,-2,2,-2,-4,6,0,-11,8,-1,-11,9,-12,5,-7,-9,6,13,12,6,-6
71/14,0,2,2,-5,0,-6,3,0,6,5,-7,10,6,4,-8,-10,-4,1,-10,-12,-5,-7,17,18,0
48/7,0,0,2,-5,6,-5,-6,1,-4,4,-4,-6,-6,-1,-6,-9,9,-2,4,-4,-4,0,-16,6,-14
11/2,0,2,3,1,0,6,2,1,-8,7,-8,-11,7,2,-3,-11,10,-11,-4,-15,14,-4,8,5,0
-35/39,0,0,0,1,4,-2,-1,-2,-3,4,0,8,-6,-2,3,6,-10,-5,0,-12,-4,-8,-3,10,10
-39/41,0,0,4,-5,-1,-7,-4,1,-8,-2,-2,10,6,-2,-10,6,6,-1,-14,-15,5,-14,-16,-15,17
-36/41,0,0,1,0,-5,-5,1,-2,-8,-8,0,-6,6,-6,12,1,-2,10,-11,-1,-13,10,6,-14,2
-68/75,0,0,0,1,-5,2,-8,-2,0,-2,-8,-1,-9,-7,7,4,7,8,8,5,-10,-4,-7,4,-18
-65/73,0,2,0,-5,0,-7,-3,1,-3,6,3,-6,-4,2,0,6,1,-11,12,4,-6,2,6,4,-1
-74/75,1,0,0,1,-3,1,-3,-2,-8,4,3,-11,-3,4,0,-10,-4,2,-12,-4,-7,-14,12,6,12
-71/74,0,-2,4,-5,0,-5,-3,-2,6,4,2,-8,-6,12,4,-4,-9,6,2,-12,-13,-9,16,-12,-14
-11/96,0,0,2,1,0,1,3,1,-8,-7,8,10,6,1,-6,6,-14,-7,-6,-9,-5,-1,-7,-15,10
-14/97,1,2,0,1,4,0,-3,1,3,4,3,8,10,6,7,-2,7,-5,11,4,14,-14,12,1,4
-13/90,0,0,0,1,6,-7,5,-2,6,6,-7,-7,-3,1,-6,-10,-9,1,-7,-3,-11,5,10,-1,-12
-15/94,0,0,0,1,-2,-5,-3,1,0,-7,4,11,8,-4,3,1,1,0,-14,-1,-6,8,0,-12,-12
-5/31,0,2,0,3,0,6,-3,-2,6,-5,2,10,12,-1,-6,1,-11,8,-12,13,-2,-10,-16,10,2
58/23,-1,-2,4,0,-2,4,-3,1,0,-10,4,-2,2,-4,0,-2,2,1,8,5,-16,-9,-1,6,17
59/25,0,-2,0,1,4,-6,4,-2,6,6,4,6,-5,1,-6,-6,-12,-6,-11,0,-5,-16,15,-12,-18
61/26,0,-2,0,0,4,-2,2,1,-3,0,-7,10,7,-1,-6,-4,-5,-13,-12,13,2,-8,-7,-7,12
31/11,0,-2,4,1,-2,-5,-4,1,3,4,-10,5,-6,4,6,-6,10,2,8,-7,-7,-12,-10,8,14
54/29,-1,0,2,-5,-2,-5,-3,-2,-3,-6,-10,-2,6,4,0,-9,0,2,2,3,2,1,12,-17,11
-49/90,0,0,0,1,-2,2,2,1,-3,5,6,11,12,4,-8,5,-10,1,-13,-6,-4,-14,-4,-7,-6
-47/13,0,2,4,-5,-3,-2,3,-2,3,-5,-7,-7,8,10,-8,6,0,-3,-14,-15,-13,-4,-16,-16,7
-51/4,0,0,4,3,-5,2,-8,-2,-6,0,-9,-2,-6,-2,-8,-2,-2,-2,11,3,14,11,-3,12,-2
55/74,0,-2,0,-5,0,-1,6,0,3,-1,-6,-8,-4,10,6,6,-4,-5,-13,12,-2,5,-16,-15,17
-15/19,0,0,0,-5,4,-5,4,-2,-8,4,-5,10,10,-4,11,-6,0,-8,4,14,-14,-11,10,-14,14
-80/81,0,0,0,0,-1,-5,2,-2,-3,2,8,-2,-9,8,0,-3,-5,-8,5,4,-5,12,-16,-13,-12
19/11,0,-2,1,3,-2,2,5,1,6,6,-9,-3,-9,4,12,4,-5,4,8,-12,2,0,8,-15,10
19/13,0,2,0,1,-3,-2,-3,1,-3,-8,3,-5,-2,-6,1,-4,4,-7,14,6,-5,5,2,-2,14
65/31,0,-2,0,3,2,-7,4,-2,3,-10,2,-7,-6,5,10,-6,6,13,-12,6,0,-16,0,-14,-5
66/25,1,0,0,1,0,6,-3,-2,6,-1,-1,10,-6,-4,0,10,4,-10,10,0,10,-15,-11,-10,13
33/13,0,0,0,1,0,-2,-3,1,-4,6,-2,-1,-6,1,0,-2,6,4,0,-12,-11,12,12,-14,-7
-4/59,0,2,1,0,6,-5,-3,-2,-3,-2,-1,-7,-6,-9,-11,6,10,2,-10,-12,14,8,-3,10,8
-1/19,0,-2,4,-5,-3,0,-3,-2,2,5,-9,6,4,4,-8,-2,-9,10,2,8,12,-8,6,-17,-3
1/63,0,0,0,-5,4,-6,-1,1,-9,-4,2,-5,4,7,-7,6,-11,4,4,0,-13,-1,8,1,-14
1/62,0,-2,-3,1,0,-5,2,1,-3,6,2,-2,-7,5,3,-10,-1,10,0,4,-14,-6,-11,-3,17
-8/57,0,0,4,1,4,2,-1,-2,-6,-5,-1,10,6,0,-6,-6,6,2,-12,-15,-8,-6,4,12,2
-5/59,0,-2,0,3,4,1,-1,-2,1,-3,3,-7,-7,4,-6,6,10,-2,2,14,-5,-11,0,8,11
98/101,1,2,-3,1,4,0,-3,-2,-6,6,-1,-2,3,-6,8,-2,6,-11,-6,-12,5,4,-5,-14,8
17/26,0,2,2,1,4,-2,-8,1,-8,-2,-5,-7,-6,10,-6,3,6,-5,-10,-1,-2,13,2,-1,-14
-15/31,0,0,0,1,-1,2,2,-2,-3,6,2,-2,-7,-12,0,-11,9,4,8,-4,-5,8,-15,10,-8
-17/30,0,0,0,1,-1,6,-8,-2,4,-5,8,10,8,-2,2,-11,-7,8,1,13,-13,-14,12,-12,6
-16/29,0,2,4,-5,-3,6,-1,1,-3,-6,-1,10,2,4,-6,3,-4,4,12,-12,-6,6,7,-10,2
10/21,1,0,0,-5,-5,4,5,1,6,-4,1,-8,6,1,-6,1,-3,-2,4,0,-13,-14,-16,-10,-14
32/47,0,2,4,-5,4,-5,-4,1,-3,-4,-6,10,-3,12,3,-4,-7,-4,8,-6,-4,8,4,-6,10
53/68,0,2,4,-5,6,-1,-2,-2,-6,3,-1,-7,-6,4,0,-10,0,2,14,0,-6,9,12,9,18
50/67,-1,-2,0,1,2,6,4,1,-8,-5,1,2,-3,4,-4,-6,-2,-10,0,16,-5,4,-4,-2,2
23/11,0,2,3,-5,-2,-5,3,1,-7,10,10,6,-6,-4,13,-2,6,-7,4,-2,2,11,-5,-7,3
-6/23,-1,0,2,-5,4,0,3,1,0,4,-2,10,-6,-3,-8,-11,0,13,-8,13,-6,-6,-4,-10,2
-11/87,0,0,-2,0,0,-6,2,1,-6,-6,2,10,1,-9,-6,1,10,10,-12,-4,-10,-16,-4,5,-10
-31/47,0,2,0,-5,0,2,6,1,-3,4,-10,-2,-4,10,3,-2,-3,13,8,3,-6,11,-12,2,1
-5/11,0,-2,0,-5,-2,-1,5,-2,6,-10,-1,10,-9,1,-6,-2,-2,0,-12,0,2,-8,1,-7,16
-3/70,0,0,0,-5,-1,0,1,-2,-4,6,10,-5,-1,-10,12,-2,0,-11,4,4,-16,-14,5,0,0
-1/36,0,0,2,1,4,-1,-3,-2,3,-2,6,8,-2,4,-10,-2,0,-8,3,-13,-13,5,-3,3,6
-42/47,1,0,2,1,0,4,-6,1,0,-5,-5,10,-3,7,3,9,13,-5,-2,5,6,4,14,-6,2
-41/50,0,-2,0,0,2,2,1,-2,3,4,6,-1,-4,12,4,-6,6,1,-12,6,4,-4,-13,-6,-12
9/37,0,0,3,0,4,0,2,-2,-4,-5,8,-8,6,4,13,6,-4,1,6,0,-4,13,-16,-12,8
3/34,0,0,2,-5,-2,0,-2,1,-8,-10,2,7,2,-7,0,-9,7,-1,8,-13,0,10,3,-1,-2
-1/72,0,0,2,3,0,4,-3,1,-3,-7,3,-5,0,4,-6,-2,11,-4,0,-8,-16,-9,0,-1,13
5/71,0,2,0,-5,-5,1,-3,1,4,4,-10,5,-9,-7,4,-3,-7,4,0,4,14,-15,6,0,10
39,0,0,2,-5,2,-7,2,0,-6,10,-1,10,-9,-3,8,-2,0,-7,-4,-15,-10,12,4,-9,2
69/26,0,0,1,-5,0,-2,-6,1,-7,-4,3,-11,6,-6,6,4,-14,-1,5,-5,14,-9,-4,12,-2
5/8,0,2,0,-5,-1,6,1,-2,-3,-8,-1,5,6,-4,-10,7,1,-12,2,-9,0,8,17,12,10
74/101,1,2,1,1,-3,2,5,1,-8,-8,8,-11,-3,-4,-8,6,-4,-4,-7,-12,7,5,4,-1,8
71/105,0,0,0,-5,6,-6,4,1,-3,-5,-2,-5,-6,-4,-6,-3,9,-5,14,-12,-6,2,0,-13,12
65/97,0,-2,0,-5,2,-7,-3,1,-3,0,-2,6,-6,4,12,-12,-7,8,-8,9,4,-14,-3,-12,4
70/99,1,0,0,1,-2,6,2,1,6,4,-1,-7,12,-12,8,6,-10,-4,8,9,14,4,-16,-3,6
-47/107,0,-2,1,0,-5,-6,5,1,-8,-7,-8,-2,7,12,-8,-10,-11,-13,-10,-7,4,8,-3,-14,-12
-23/52,0,2,2,-5,-3,-2,5,1,-7,0,-2,5,-3,8,-2,-4,-3,-4,8,-12,2,-1,-6,1,6
-52/9,0,0,-2,1,-3,-7,5,1,3,7,-1,5,-6,10,0,-10,10,10,1,-8,-13,-16,0,-17,-12
67/9,0,0,0,1,4,-6,5,1,6,4,-10,-6,-6,-6,0,-2,-14,-5,-5,-15,4,8,6,0,-19
68/7,0,-2,1,-5,4,-6,-8,-2,-3,-10,1,-2,-9,-2,-7,-10,10,10,3,14,-6,10,6,-12,-14
-45/29,0,-3,0,-5,-2,4,-4,1,0,-6,2,8,-6,4,-4,-3,-9,8,-3,6,11,13,-5,-14,13
-92/59,0,-2,-3,1,6,4,2,-2,-7,-3,1,-5,-5,2,-6,2,10,-1,12,5,-2,0,-16,6,-14
-89/61,0,2,2,1,0,-6,2,-2,4,0,-9,-8,-6,8,0,-9,4,-4,4,13,4,-1,6,-13,14
41/15,0,0,0,1,-1,2,2,1,-3,-3,3,-7,-4,4,6,-2,-10,-10,-10,-13,-16,-14,8,12,-13
43/14,0,-2,-3,-5,4,-5,2,1,6,4,1,10,1,-1,10,-9,2,8,-13,-13,4,-11,15,-4,-7
29/61,0,-2,2,3,-2,-1,-3,1,-3,-10,-6,-8,-3,-1,8,11,4,-4,5,-12,0,6,10,3,18
25/61,0,2,0,-5,2,2,5,-2,-8,-10,6,10,8,10,13,-4,-12,-4,2,-9,-6,-16,-7,8,10
28/59,0,-2,2,1,4,-5,6,-2,3,0,2,-2,-6,5,-6,-10,10,2,-12,-9,-6,10,0,-8,6
-100/53,0,2,0,3,2,-5,4,1,1,7,10,-2,-3,4,-8,5,6,1,2,-9,-9,8,3,18,-1
-95/51,0,0,0,-5,6,-5,-2,1,0,-8,3,-2,-1,9,-6,4,0,6,8,-1,-16,-8,-16,0,9
-39/5,0,0,0,1,-5,-7,3,1,2,-1,8,10,6,-6,7,-10,6,2,11,-12,-7,-14,-4,-13,-1
-75/16,0,0,0,0,4,2,1,1,4,-5,-5,-6,3,-2,4,-2,4,-8,12,8,7,-11,-4,10,13
-74/13,-1,2,0,-5,4,-2,-1,1,1,4,3,-11,-4,5,-11,-2,-7,0,5,9,0,-8,4,-17,0
-37/8,0,2,0,-5,4,2,-5,1,0,0,2,-11,12,4,1,-6,-4,-5,-10,3,-6,8,0,10,-18
-35/9,0,0,0,1,-5,6,5,-2,4,0,3,6,4,4,0,-6,-12,8,12,12,2,1,-10,6,2
-73/15,0,0,0,-5,-5,-1,5,1,1,0,-1,-2,-6,-2,8,-12,5,-3,3,-9,-11,-10,10,-3,12
-69/16,0,0,0,-5,2,1,4,1,-7,-5,8,6,-4,-10,0,0,-4,8,8,13,-2,8,1,12,16
-38/21,1,0,-2,-5,4,-5,3,1,-9,-5,1,10,1,4,1,-2,0,-13,-6,-9,10,-4,-3,-6,5
-38/23,-1,-2,1,1,2,-5,2,1,0,4,-4,-2,-3,-9,-3,-4,-12,10,-3,-4,-13,4,1,12,10
-11/21,0,0,2,-5,0,2,-1,1,-8,-4,-4,-2,-3,-2,-8,-6,-11,10,8,4,6,11,4,1,-5
-17/40,0,2,0,-5,4,-1,-8,0,-4,0,-5,-5,-6,4,0,-6,6,-13,0,10,-5,-4,4,-4,10
-18/43,1,0,1,3,4,0,5,1,2,6,-1,-10,8,-12,0,-4,-4,10,5,15,-4,1,7,10,1
-87/56,0,0,-3,-5,-5,2,2,-2,1,-10,1,10,0,4,12,-10,-4,-12,-7,8,-4,-4,-16,9,13
1/26,0,-2,2,3,-2,-2,-6,-2,6,3,6,-5,-4,2,-6,-6,-7,-12,-2,-15,-4,-16,-3,-10,-18
-11/20,0,-2,0,-5,0,-5,-6,1,-9,-1,2,-2,-7,-10,-10,6,-13,-2,-12,4,-11,8,-5,-6,-18
35/9,0,0,0,1,6,2,-6,1,-3,7,-4,-2,0,1,-10,-6,-7,4,4,6,12,12,-7,-7,2
-53/55,0,2,0,-5,-2,-5,-3,-2,1,-5,3,-3,-6,6,7,-10,2,-10,-3,-12,-6,-4,-4,12,9
-27/28,0,0,0,-5,-5,-6,-3,1,-3,-1,-5,-2,12,-10,0,-3,0,-5,12,-9,-4,1,12,12,-3
-51/53,0,0,-2,3,0,2,-8,1,-9,4,4,10,1,-4,-6,5,-4,10,0,0,4,-5,10,-7,12
-46/55,-1,-2,0,-5,-2,0,2,1,-7,-2,3,10,7,-9,12,-4,2,6,8,4,4,-16,-8,-12,2
-17/20,0,-2,0,3,-2,-5,-8,1,-8,-10,1,8,-3,4,0,-4,1,8,-5,-12,-7,10,-16,2,-2
-49/62,0,2,-3,1,-3,6,5,-2,3,-3,2,8,6,7,-7,-10,8,5,4,-3,-2,-8,12,8,-14
53/58,0,-2,0,1,-2,4,-1,1,4,-6,1,7,6,9,8,-10,4,-5,2,8,4,-5,2,0,16
-4/39,0,0,2,1,-2,-2,-5,1,-8,-5,0,6,-7,-6,-8,-4,6,-7,3,13,-1,-14,0,2,-14
2/99,-1,0,-3,1,-2,2,2,-2,-4,-4,-8,-1,-6,4,-6,-4,5,-7,4,3,-1,-14,12,6,8
-3/41,0,0,2,3,-5,-5,-6,1,-9,6,-5,11,6,1,-8,-10,0,-7,3,-12,4,-7,4,-9,-5
-7/86,0,2,0,1,0,-5,-1,1,-3,6,2,-2,-4,-12,-8,1,-5,1,-2,13,4,8,-3,-14,-4
-11/86,0,-2,1,-5,0,2,-5,1,-8,4,6,5,4,-12,11,-3,2,2,-3,12,-5,10,-4,10,8
68/11,0,2,0,3,-2,-5,-8,0,6,6,-5,5,-5,-7,11,-9,13,-7,-14,-9,2,8,0,6,-6
67/17,0,-2,2,1,-1,6,-2,-2,6,0,-2,-2,6,4,-6,-11,6,2,-5,6,14,-15,-3,18,12
32/93,0,0,1,1,-1,1,-3,-2,-3,6,2,11,-4,1,-6,-9,0,10,-13,3,7,-8,-3,-17,-10
35/99,0,0,0,1,-2,-6,5,1,-3,6,3,-1,-1,-4,0,1,8,2,4,3,7,-10,16,10,13
34/101,1,-2,2,1,2,-6,-8,1,4,3,3,-8,8,12,0,-2,6,-2,12,-15,6,15,6,6,-12
13/48,0,0,4,0,2,-7,1,-2,6,3,10,10,0,4,1,6,-9,0,1,5,-2,-16,12,1,7
-29/8,0,-2,-3,1,2,4,1,-2,-3,-10,-1,8,-7,5,8,1,0,-13,2,16,14,4,6,-1,-12
-65/17,0,-2,0,-5,-1,-7,-2,1,3,5,-4,-1,-6,0,4,6,-7,-4,10,4,-5,11,4,1,10
-17/4,0,2,0,0,-3,6,-8,-2,-3,5,10,-2,1,7,-11,10,7,-4,-2,-12,11,10,-3,6,8
-27/38,0,0,4,-5,6,2,-5,-2,1,-8,-5,-5,8,-7,-7,-4,10,-2,-14,-6,-2,0,-9,10,-6
-29/37,0,2,-2,3,-5,-5,-3,-2,-6,-10,-8,-8,-6,-12,0,-2,6,-10,-12,8,2,15,7,-10,17
-12/29,0,0,-2,1,-2,-1,3,-2,-8,-6,6,-7,-6,8,13,-2,-12,13,8,-15,7,8,0,6,6
-9/20,0,0,0,1,6,-5,2,-2,-8,4,-4,-1,-6,-4,-11,-12,-4,-1,5,6,-6,4,9,6,-12
-26/61,-1,2,2,1,-2,-7,5,-2,-3,4,-9,10,-1,-9,0,6,-10,-4,-2,-15,-5,-4,16,6,-2
11/30,0,0,0,1,0,-6,-1,0,6,4,-1,-7,12,-10,-6,1,6,-7,5,-13,-7,-16,-4,-6,6
51/86,0,0,0,0,-1,-5,-8,-2,-8,6,6,-3,2,-12,0,6,-11,13,12,-6,-7,4,-12,18,-2
-5/49,0,2,0,-5,6,-6,5,-2,2,6,-4,-2,6,6,0,1,-14,-11,11,-12,-13,11,2,9,-9
32/105,0,0,0,-5,0,-6,2,-2,2,-4,-9,10,12,-1,4,4,0,8,-11,15,-16,-1,15,0,-2
37/101,0,-2,-3,3,-1,-5,2,-2,-4,9,-2,-11,-4,5,-8,-3,-11,-11,2,-9,7,-9,3,12,-12
10/33,1,0,0,1,-2,6,1,-2,-3,-5,-5,-5,8,10,12,-4,6,-13,-3,6,-4,-4,-10,3,-6
33/103,0,0,0,0,0,-6,3,1,-8,6,-7,-5,6,8,-6,6,6,6,0,-3,12,6,4,0,0
35/104,0,2,0,1,4,-2,-4,1,-3,3,6,-3,0,4,-6,10,10,-2,-3,-4,7,13,3,-14,-12
-31/68,0,2,-2,-5,-5,6,-2,-2,6,2,-10,7,-1,7,-7,-7,9,13,-5,-12,4,-12,0,-15,-5
-30/67,-1,0,0,3,-2,4,-3,1,-3,4,-7,7,-7,12,3,5,-9,-13,0,2,-9,8,-10,-16,8
-15/37,0,0,0,3,6,2,6,1,-8,0,-9,-8,-6,0,0,-2,6,-12,-10,-12,-2,5,3,0,8
-14/33,1,0,2,1,-2,4,2,1,-8,4,-2,-7,-6,-4,2,-10,-2,4,16,-12,-6,-15,-5,12,3
-34/39,1,0,1,1,0,-2,-8,1,6,3,10,-7,-6,6,-11,6,-4,-8,8,-15,-16,5,16,6,-5
-29/31,0,2,0,1,0,0,-3,1,-3,-10,2,10,-9,-4,10,-4,-1,-5,8,9,-13,-7,3,6,12
-15/16,0,0,0,3,0,-5,5,1,1,3,2,-1,-6,5,4,10,-4,2,8,-15,-2,-1,-4,-12,-14
26/5,1,2,0,0,-2,-7,6,1,-9,4,1,-7,-6,12,-8,-4,-7,-12,-12,0,0,10,-8,-14,17
17/23,0,2,1,-5,2,1,-8,1,0,-7,-7,-8,2,4,1,-11,-9,10,-14,-8,14,11,3,-15,-1
-47/27,0,0,2,-5,2,-5,2,1,-8,0,-10,8,-6,7,-8,0,0,-8,12,-12,0,-16,8,10,-18
38/69,-1,0,0,-5,0,1,-3,1,0,3,2,-7,6,-6,12,10,-4,-11,11,0,2,-6,2,-3,12
8/19,0,-2,3,3,-5,2,-3,-2,-8,-4,-1,-5,-7,-7,10,-10,-4,0,12,-12,4,8,3,-6,-14
34/75,-1,0,0,-5,4,-6,-8,1,-8,-7,-5,-10,-6,-10,-6,6,0,-1,4,0,-2,6,-3,-14,-10
45/13,0,-3,0,-5,2,-2,-1,1,3,0,-9,-8,0,4,0,-11,1,2,2,-13,-2,10,8,-10,-1
46/15,1,0,0,-5,2,2,5,-2,-7,-4,2,-2,-6,-1,0,-6,0,0,-8,3,14,-10,1,6,-6
23/6,0,0,-2,-5,-1,-6,4,-2,-7,0,-5,-5,-6,7,-6,1,0,10,8,4,-5,-4,-16,9,8
-21/11,0,0,2,1,-2,-5,6,1,-9,-4,0,-7,0,4,0,-2,2,-3,-14,-5,-4,-9,3,6,-3
-31/19,0,-2,2,-5,-2,2,-1,-2,6,-4,-10,-8,-9,8,-2,6,-7,13,5,-9,14,-16,-16,9,-19
-10/99,1,0,0,-5,-2,0,-4,-2,-3,-2,10,10,-6,1,0,10,4,-10,-10,6,-10,12,6,-9,8
-5/96,0,0,0,1,0,6,5,-2,-6,6,10,-7,7,8,0,-2,0,4,5,0,2,4,4,10,-12
-2/33,-1,0,4,0,-2,-1,-6,1,-3,3,1,-5,-1,-1,-6,6,-5,-3,11,-2,0,10,10,9,9
-1/27,0,0,-3,0,-1,6,2,-2,-8,6,-1,2,3,6,10,-6,-12,-1,-6,-3,2,11,-3,-3,-14
2/57,1,0,0,1,-5,1,-5,-2,-9,-1,3,2,-5,4,11,-2,4,8,0,-8,7,4,2,5,2
-2/107,1,-2,2,1,0,-5,2,-2,2,-8,-1,-5,-5,-1,0,-6,10,1,-3,6,7,-1,-4,6,-6
1/106,0,2,4,0,0,6,-3,-2,-3,-8,3,-7,-6,7,-1,5,-1,-10,2,-13,-2,-4,-6,-1,0
-5/101,0,-2,0,3,-2,-6,2,1,6,10,3,-5,-6,-7,12,-3,10,8,9,14,-13,5,1,-3,6
-11/26,0,-2,2,1,0,-2,6,1,0,2,-9,8,-9,12,12,-9,-1,10,-11,-6,-13,13,-16,3,2
-58/99,1,0,-2,-5,-2,-1,-3,-2,6,-10,3,10,12,-2,-4,-2,-9,1,-14,4,7,-5,6,10,-3
43/10,0,2,0,-5,-5,1,-5,-2,6,9,-9,-2,-2,-1,6,0,6,2,12,5,-13,13,-11,18,-18
83/17,0,2,1,1,-5,4,-2,1,-3,10,-1,-1,-4,9,-6,6,-5,8,-11,5,-13,-15,0,-1,2
31/47,0,-2,-3,1,-2,6,2,-2,6,9,-10,6,-6,4,3,-2,6,1,2,-12,6,-4,3,10,17
36/73,0,0,3,-5,-1,4,2,-2,-3,3,1,8,0,2,12,-4,-9,-5,8,-3,-6,6,5,6,2
-89/94,0,2,1,3,0,-5,-4,-2,-3,-5,-10,11,0,2,3,1,6,10,1,-4,14,0,0,-13,13
95/94,0,-2,0,1,-2,2,2,1,-3,-8,-6,2,6,7,3,-4,2,8,8,-15,-13,15,6,8,14
91/92,0,-2,-3,1,0,-7,-3,-2,0,-3,-6,-2,-6,12,0,2,-13,0,2,8,4,11,8,-8,8
-43/84,0,0,-3,-5,0,-5,-4,1,4,-3,-1,6,12,-1,6,-2,5,-8,-10,-12,-5,-8,-16,-15,2
92/95,0,2,0,1,6,2,3,-2,-7,-8,0,-7,7,9,0,-3,-2,4,-12,4,8,-6,-7,6,-3
23/24,0,0,0,3,2,-5,-3,1,-7,6,1,-2,-4,6,-8,0,2,8,-10,-13,-6,2,4,0,-12
79/54,0,0,2,1,0,6,5,1,3,-7,-7,-7,6,9,-6,-4,-2,2,-12,-1,-13,4,0,-10,-2
-89/76,0,2,0,-5,-5,6,-3,-2,3,4,10,10,6,-3,-6,-11,-13,8,-4,-15,6,-15,6,-13,8
-49/36,0,0,0,1,-1,6,4,1,-8,6,0,-8,-6,8,1,-10,6,2,-10,0,-11,-10,-4,10,13
-44/35,0,-2,0,-5,0,4,1,1,0,-5,-1,-7,12,2,-6,-4,-4,-6,6,-4,-9,0,-16,-17,-2
-47/37,0,2,1,0,-1,-5,1,1,6,-4,10,-8,-7,9,-8,1,-3,4,2,13,-5,-16,1,-6,-4
-32/25,0,2,0,1,-3,-6,-3,0,3,-5,-9,-2,-7,4,4,-2,0,6,2,-9,-11,2,9,6,2
1/95,0,-2,0,1,0,2,6,-2,6,4,4,-6,-3,0,2,-10,2,-1,-8,4,-4,-5,0,8,-13
7/93,0,0,1,1,0,2,2,1,3,-4,2,2,2,-6,10,6,-1,2,10,-8,-6,1,15,-10,7
1/96,0,0,4,3,4,-5,2,0,2,9,-8,-3,3,-1,-8,-4,1,8,4,5,-2,-10,1,10,8
-38/55,-1,2,0,3,-2,-1,3,1,2,5,2,10,8,-1,0,-12,0,2,-14,6,-10,-1,3,4,-5
106/41,1,-2,0,1,4,2,2,-2,3,-2,1,-2,6,4,0,-10,7,13,-12,-1,14,0,-15,0,-12
7/3,0,0,1,1,2,4,-3,1,6,-5,1,11,6,12,-6,2,6,1,-3,15,-13,10,12,-14,8
102/43,1,0,2,-5,0,-6,-8,1,1,0,-2,-2,10,-12,0,-9,0,4,-2,12,-2,-16,0,-1,1
103/40,0,2,0,0,6,6,2,1,6,-5,-1,-7,6,1,8,1,0,5,4,-2,6,-16,-4,-1,-12
53/21,0,0,3,-5,-1,-5,-4,-2,6,-8,-10,7,-3,1,0,-10,-7,-10,2,-5,11,-1,14,10,12
-29/9,0,0,1,3,0,-5,-1,0,3,-10,-1,-2,2,6,4,-6,8,8,-10,0,-1,9,4,-6,18
-96/23,0,0,-3,0,-2,-6,4,-2,0,4,3,-6,-3,-2,-1,-3,-12,2,9,-1,1,6,0,5,-18
-95/24,0,0,0,0,-1,0,4,1,-4,3,10,10,6,2,0,-6,2,13,-3,-8,-16,0,4,-2,-10
-89/21,0,0,0,-5,-5,2,3,-2,6,6,3,-1,0,-4,0,4,0,-10,4,-5,14,6,0,-13,-12
-46/11,-1,2,2,1,-2,2,-6,0,-7,0,-2,-5,-9,12,-10,-2,2,6,10,-15,-1,-16,3,10,-8
-41/9,0,0,2,-5,-3,6,2,1,-8,-10,1,-5,-4,2,13,3,-2,-1,2,-4,-7,6,12,9,-7
57/46,0,0,2,1,-5,2,-4,1,0,-5,1,-1,-5,-10,6,9,2,-7,4,-6,11,12,0,-12,-6
59/43,0,-2,0,3,4,-5,3,1,3,-1,1,-5,8,-12,0,6,-12,8,12,-15,-2,-1,-9,6,-3
65/42,0,0,0,-5,2,-7,-5,1,-3,-4,-1,10,-3,8,1,-4,-7,-5,5,-8,-1,4,8,10,-9
-23/10,0,2,0,-5,-5,6,-3,-2,-7,-10,2,-1,10,4,10,1,0,10,-8,3,-9,-14,4,-8,-12
37/103,0,2,1,1,-5,0,2,-2,6,6,-9,-11,-2,6,0,-4,-4,1,2,14,0,0,4,6,-9
19/53,0,-2,-3,3,4,-6,4,1,2,-7,-1,-7,-6,-9,7,5,-10,8,3,3,-4,-8,-7,-12,-6
39/101,0,0,2,1,-2,-7,6,1,1,0,2,-7,2,4,11,-10,6,-2,12,-15,-6,-8,-3,-12,-14
41/100,0,-2,0,3,0,-6,2,1,6,0,-4,-2,-4,-4,-8,-6,0,5,8,-3,2,-4,0,10,12
11/26,0,2,0,-5,0,-2,2,-2,-9,-4,-10,7,-7,-12,-8,-2,0,-7,10,6,-13,10,10,-12,-14
-29/65,0,-2,0,3,4,-2,-3,-2,-3,-10,3,-3,12,7,2,-6,4,13,3,-12,-2,-4,16,3,-7
-31/65,0,2,0,1,0,-2,3,1,6,-5,-10,-11,-6,0,-6,1,4,8,-2,-4,-1,-14,12,-8,-2
-18,-1,0,3,3,-3,-5,3,0,-3,4,-9,-5,2,-4,-3,-3,2,1,-2,8,-2,-10,-6,-14,-14
-40/3,0,0,0,3,4,-5,5,1,6,-4,-4,7,-6,-6,-6,-9,-13,8,2,-12,0,6,-4,0,10
-86/65,1,-2,0,1,0,-2,-5,-2,6,-2,1,2,-3,-1,6,-4,-7,-1,-12,9,-1,1,-3,10,14
-83/62,0,-2,0,1,4,-6,5,-2,6,4,2,-5,-9,8,0,-11,-4,-7,-12,6,-2,-15,0,-14,10
-51/28,0,0,-2,-5,0,6,-8,-2,-4,6,8,10,7,-12,4,3,0,-8,-8,-3,11,0,5,-6,-1
-55/31,0,-2,0,-5,0,0,1,1,-9,4,2,-2,7,-6,-8,6,-12,5,-11,8,-4,12,-4,-12,-7
-23/13,0,2,1,1,4,-2,-1,-2,-7,-2,3,-2,-6,7,-6,-2,-14,-6,1,-15,7,15,17,3,2
-50/27,1,0,0,0,-5,0,6,1,-4,-2,-4,-2,0,6,-4,-10,-1,-5,0,8,-7,-1,1,2,17
-52/45,0,0,0,1,-2,-7,2,-2,2,-2,-1,-8,4,-6,-4,-11,-4,-10,12,-1,-2,-16,16,-6,8
-49/43,0,-2,3,1,4,-5,-3,-2,-3,4,-1,6,0,-12,-8,6,-4,6,5,5,-2,-6,-16,3,1
69/41,0,0,2,0,6,0,2,1,-7,9,1,-2,6,6,-8,-12,4,13,-5,3,2,10,-4,-15,5
-42/31,1,0,3,1,6,0,2,1,1,-5,2,10,0,-4,13,-4,-9,8,9,-9,-16,-8,-6,-10,-4
-88/61,0,-2,2,1,0,-1,5,1,3,3,-9,-2,-6,-10,1,6,-11,-4,4,16,14,1,-6,12,-5
-90/61,-1,-3,0,3,4,1,-3,1,-8,0,-4,-11,6,4,0,-6,-14,-4,8,13,8,-5,6,9,-3
-47/67,0,2,2,-5,0,-1,-3,0,1,-1,3,-8,6,8,-8,6,-9,1,0,4,-14,8,12,6,2
-11/17,0,-2,2,0,0,6,-2,1,-8,9,3,-3,8,-12,-6,6,2,-1,5,0,-10,-1,-3,-6,18
-6/85,1,0,0,0,-1,2,-2,1,4,5,-2,5,-9,-4,13,-4,10,-2,-11,14,-7,8,16,0,5
29/30,0,0,0,-5,4,-5,2,-2,4,-10,-6,-2,6,7,6,-2,4,-5,-12,-4,-4,-6,6,-6,2
41/47,0,2,2,-5,6,2,5,-2,6,7,-1,-6,-4,8,3,-6,-9,-7,10,3,-5,8,14,-1,-12
85/93,0,0,0,-5,2,2,-8,1,-6,3,2,-7,-5,-4,6,-9,-4,10,12,8,-4,-8,-7,-9,12
91/93,0,0,-3,1,4,-7,2,1,-4,7,2,-10,-6,-1,-7,1,0,-11,4,14,-5,10,12,6,2
89/93,0,0,-3,1,0,6,-4,-2,-4,10,2,-6,2,-4,12,-6,-10,-7,8,-6,7,-6,-9,-13,10
-85/92,0,2,0,1,0,-6,-8,-2,0,-5,1,-7,-6,-10,11,-2,0,13,-3,16,2,15,15,18,-7
-88/93,0,0,2,-5,0,-5,-5,1,0,-3,2,-7,-2,-12,0,3,-10,1,-12,6,-2,-5,4,12,2
-88/91,0,-2,3,-5,0,-2,-3,-2,-9,6,-9,-10,0,5,0,2,6,-12,-12,-12,7,-4,6,6,2
15/11,0,0,0,1,-2,6,-5,-2,-6,-2,2,6,6,-6,-6,-9,-2,6,2,8,-13,11,-4,-16,10
-41/4,0,2,4,1,0,-6,5,1,3,-8,-9,7,-4,-2,0,1,0,-1,0,2,-13,-8,12,10,-18
-19/2,0,2,2,0,4,2,3,1,6,-4,6,-7,-1,-12,8,6,-1,-5,1,15,2,-9,1,9,2
-41/33,0,0,-3,3,-2,-1,1,1,1,-8,-9,8,-4,-6,1,6,6,13,8,14,-2,-10,4,5,-8
-37/35,0,2,0,-5,0,-6,2,1,6,-10,-1,-11,0,-4,0,-7,6,-1,8,4,0,-4,-13,-14,7
-14/19,-1,2,1,1,-5,0,-1,-2,-3,9,-9,-7,2,4,-8,6,-2,2,5,4,7,-4,-3,6,6
31/6,0,0,2,-5,4,1,-3,1,-3,10,-10,7,-6,-2,1,-2,-11,-13,-14,-4,-16,6,12,6,14
41/8,0,2,0,1,-5,2,2,-2,6,4,-5,-5,-4,-9,7,-2,-12,6,-3,0,6,-16,3,-7,-14
41/10,0,-2,0,1,-2,-5,3,1,3,6,2,-6,-4,-6,6,2,0,5,5,-12,10,-6,8,-10,-7
-59/35,0,-2,0,-5,0,-5,-4,-2,-4,-3,-2,10,3,4,2,6,-12,10,4,-9,2,-8,4,-9,-9
47/27,0,0,0,1,4,-5,2,-2,2,7,-9,7,2,-9,-8,1,0,-13,-10,6,-1,6,16,-12,17
52/5,0,-2,0,1,2,-7,1,1,-3,6,-4,-2,0,-10,2,4,0,2,-11,8,-11,8,2,0,13
102/11,1,0,3,0,-2,2,-8,-2,-8,-2,-4,-5,0,8,12,6,-1,1,-8,-7,6,11,8,-6,7
104/11,0,2,2,-5,-2,-7,5,1,-4,7,2,5,-7,1,-6,1,-4,-2,-2,4,-7,6,-12,-16,-4
-62/21,1,0,2,-5,4,0,-1,-2,6,6,-10,11,12,4,12,-2,-12,1,3,-15,-6,-10,11,-17,-14
-21/17,0,0,-3,1,-1,4,-2,0,-3,0,8,2,1,-10,-6,-7,-14,-10,4,8,2,-7,6,6,14
15/23,0,0,0,-5,-3,-5,5,1,0,-5,-6,-6,1,-4,0,-4,0,5,4,4,-6,8,3,6,-12
-29/36,0,0,0,1,4,2,5,1,-9,-10,10,6,-6,-2,-8,3,-5,6,2,4,-13,-16,-3,18,18
-28/37,0,-2,4,1,-3,2,-6,1,-8,4,4,-8,-9,-10,-11,-3,6,-7,-14,3,-2,12,16,-14,14
11/16,0,-2,4,1,0,-5,-5,1,-3,-5,-1,-2,-3,-2,-2,-14,6,4,-12,0,7,10,-15,-4,-1
19/36,0,0,1,-5,6,4,4,1,-3,4,1,10,-4,7,0,-6,6,-1,4,9,4,-6,6,3,-18
2/5,1,2,0,1,4,1,2,1,-3,-5,10,-6,6,4,-6,-9,-12,1,-10,2,2,-10,-12,-6,-5
26/19,-1,-2,1,0,2,-7,-3,-2,-3,0,3,-2,10,0,0,1,-1,-4,11,-15,-4,0,16,-10,-2
51/38,0,0,0,3,0,2,-8,-2,6,-2,-7,2,-3,8,4,-2,4,-10,4,4,14,-4,2,-9,-5
58/13,1,2,0,-5,4,-2,5,-2,6,-10,-1,10,-5,8,6,-11,11,-10,4,-8,-2,1,12,2,9
-101/18,0,0,3,0,2,4,4,1,3,-2,3,-2,-3,6,0,-3,-3,-7,3,3,-10,-15,12,1,14
-103/21,0,0,3,-5,-3,-5,-3,1,-8,-7,2,10,12,5,1,-6,-13,5,-13,10,7,5,0,1,-10
-13/5,0,2,0,3,-3,-7,5,1,6,0,4,11,-7,-4,-6,6,-2,8,5,15,12,-15,-3,-6,2
-48/17,0,0,4,-5,-2,2,-2,1,6,-2,1,-3,-7,-4,7,3,0,8,2,-12,-14,12,14,-8,8
-43/44,0,2,2,3,-2,6,5,1,6,4,3,-2,0,-1,-10,1,-1,-10,5,8,-6,-14,-3,-12,-12
-41/45,0,0,0,-5,-2,-5,-3,1,6,0,8,10,-4,-6,0,-2,-12,10,12,-7,-13,8,9,-3,-2
-19/22,0,-2,-3,1,-2,-5,2,1,-9,4,-5,-2,-6,2,0,6,0,13,9,5,-1,-14,-4,-1,-6
-11/12,0,0,-2,1,0,4,-4,-2,-3,4,3,5,2,-6,-7,-4,6,0,-13,3,-16,-10,4,10,13
37/53,0,-2,1,-5,0,4,-1,1,6,10,-1,-11,0,12,8,5,-4,-5,4,4,-2,-10,-11,2,10
35/51,0,0,0,1,4,-5,-2,-2,3,-3,-7,-2,-3,10,0,10,5,-1,-12,13,2,-14,-3,12,-18
-58/105,-1,0,0,-5,4,6,-4,-2,-3,-10,-8,-7,7,-4,-8,-7,11,8,-12,-2,7,8,1,-1,-7
-59/105,0,0,0,-5,-2,-6,2,1,-4,-5,-1,-5,-6,9,-11,-10,-12,2,-4,4,-9,-4,6,-10,-19
28/75,0,0,0,1,0,-5,-3,-2,-4,-5,-9,-6,0,-6,2,-3,-10,2,4,6,11,13,6,-6,-14
32/75,0,0,0,-5,2,4,1,1,-3,6,3,-3,0,-6,0,-10,-2,-4,11,-12,-5,6,-11,-6,-2
38/71,1,2,2,3,-5,0,1,1,-9,2,10,-8,-5,1,-3,6,-4,10,-12,4,-2,-16,3,6,14
14/37,-1,-2,-2,1,0,-6,3,1,-3,0,1,-8,-6,-12,-6,3,0,4,11,-9,0,4,-3,-13,12
30/71,1,0,0,1,2,-5,-1,-2,-3,0,-2,11,-6,-2,1,-4,-4,-5,-12,4,-13,8,4,10,13
-29/15,0,0,0,1,-5,-5,-5,1,6,-10,-9,-2,8,8,4,-2,-2,0,2,-4,-8,-15,-5,6,10
-59/33,0,0,0,-5,-2,6,-3,1,-3,6,8,-11,-2,-10,0,1,-12,13,5,0,6,-16,14,6,-12
-33/13,0,0,2,-5,0,-2,-3,1,-3,6,2,-1,-4,-7,-10,-4,-2,4,-2,4,4,1,2,6,-9
-29/12,0,0,-2,-5,-3,1,3,1,3,-10,-9,10,-6,4,0,-6,-4,-5,-14,-15,0,-8,14,-8,-18
-14/5,1,-2,0,1,2,-5,-3,0,3,5,-1,-8,-4,1,-11,6,11,-1,1,5,-6,6,8,8,17
102/41,-1,0,-2,3,6,6,-8,1,-8,2,-10,10,6,6,-10,6,-14,10,-13,6,-6,5,4,6,-1
98/45,1,0,0,1,6,6,6,-2,-8,-5,2,-2,-5,-4,0,-3,0,10,4,6,-11,8,-4,6,-10
-2/15,1,0,0,-5,4,6,4,-2,2,-2,-10,11,-3,4,-7,-2,-4,13,-2,-9,10,8,4,6,7
-5/91,0,2,0,-5,-1,-2,-6,1,-3,-4,10,-6,-5,10,-2,6,6,-2,-11,8,-14,13,6,3,-7
-3/19,0,0,0,-5,-5,-6,1,-2,6,0,-1,-1,-7,2,13,-9,0,-3,4,15,6,-1,0,3,-18
41/43,0,-2,-3,1,-2,6,2,1,-8,-4,6,10,-4,-12,0,-11,-4,4,-10,6,5,-8,-8,-14,10
-21/38,0,0,-2,1,0,-5,3,-2,-8,-5,-4,-5,-9,6,-6,0,0,-1,0,8,-4,-10,4,-16,10
-38/75,-1,0,0,-5,0,-5,2,1,-3,-5,-5,7,2,1,4,-11,4,1,-8,15,-2,-8,-9,6,10
-41/76,0,2,2,1,0,2,2,-2,0,0,8,6,-4,-6,-11,6,1,-10,2,0,4,1,-16,-13,13
-41/79,0,2,4,-5,4,4,-3,1,1,4,-1,2,-4,-12,6,6,-1,4,-8,-4,-2,-8,3,-10,8
-19/21,0,0,0,-5,0,-1,-3,1,-8,-4,-5,-7,3,4,0,6,-14,2,5,13,-1,-16,0,-6,8
4/47,0,-2,3,-5,4,6,3,-2,0,-8,-1,-6,4,-6,3,6,0,-7,0,14,14,-15,14,12,13
-101/83,0,-2,2,3,4,4,-3,-2,-3,-10,2,-10,-7,2,3,10,-4,1,5,-9,-6,-9,-16,0,2
-98/85,-1,2,0,1,4,6,-2,1,4,7,-1,10,-7,-12,6,-10,2,10,-12,-12,-6,-12,12,-14,-10
-48/41,0,0,-2,1,4,0,5,-2,-3,-2,-1,-7,6,0,-6,-14,-12,-7,2,14,-10,1,5,-6,-8
-97/81,0,0,0,1,2,4,2,-2,-3,0,-8,10,2,7,10,-10,11,2,-14,15,-13,-8,0,-6,8
-94/83,-1,2,3,3,6,0,-3,-2,-3,0,-4,-1,-4,-6,-8,-9,0,1,-5,12,0,8,-16,18,3
-70/19,-1,-2,0,1,4,2,3,-2,2,6,3,-2,-2,7,-4,-2,-10,-8,4,-2,-6,9,-16,-6,-5
-42/11,1,0,2,1,-2,-5,1,-2,-3,-5,1,10,7,-1,6,-3,8,4,5,3,-7,5,6,-14,-12
-41/14,0,-2,4,-5,-5,4,-3,1,6,-3,8,-2,-4,4,1,6,10,-7,4,4,8,-10,0,12,-2
-81/11,0,0,1,1,-2,-5,2,-2,-3,3,10,5,2,4,8,3,6,1,-14,10,-4,11,-3,2,-7
-79/10,0,-2,0,-5,-1,-1,-3,-2,-4,-3,-1,10,-4,2,0,6,6,2,-4,8,11,4,-12,-6,-2
-7/93,0,0,2,1,-2,1,2,-2,-6,2,2,5,-6,10,0,-2,4,-11,-14,-12,6,12,0,1,16
-5/92,0,-2,0,1,4,-5,-4,1,0,0,-5,-5,6,6,-4,6,0,8,0,-12,14,-9,-4,10,8
-9/92,0,0,-3,-5,2,-5,-5,-2,0,-2,-5,10,-5,4,0,0,0,1,-4,14,2,-8,12,-12,-2
-12/89,0,0,2,1,6,-6,2,1,0,2,3,2,10,-3,10,-3,10,-6,-5,16,-2,-1,-16,-8,2
8/77,0,2,1,-5,-2,-5,3,1,-3,-4,0,-2,2,1,0,6,0,4,-12,6,-13,4,16,1,10
4/77,0,-2,0,-5,-2,-1,-3,1,1,-5,1,2,8,4,0,10,13,-1,-10,-7,-16,-7,2,1,-6
-12/37,0,0,1,0,0,-6,-3,1,-3,9,-4,-8,3,4,4,-2,6,4,-10,4,0,5,-3,12,2
-1/25,0,-2,0,-5,4,2,-6,-2,3,6,-9,-10,-6,-12,-6,3,13,-7,10,-4,4,-14,-16,-14,-1
-46/15,-1,0,0,3,4,1,-5,1,-7,-3,1,6,0,-6,3,-14,0,10,2,-12,-2,0,-3,1,-2
-47/11,0,-2,-3,-5,-2,-5,2,-2,6,4,2,2,-2,2,-8,-3,4,1,-7,8,7,10,4,6,-1
-49/12,0,0,-3,1,2,2,2,-2,-8,-5,-1,7,0,8,8,6,-5,10,-14,-12,-13,8,6,-6,-2
-85/66,0,0,0,1,-2,-6,-8,1,-3,6,-6,-1,0,9,0,-9,-14,-3,0,-4,-11,4,2,12,-5
-10/21,-1,0,0,-5,6,0,-5,-2,-3,2,2,5,12,4,-1,11,6,-1,-12,-4,-8,6,-3,-17,11
-19/39,0,0,1,-5,2,-2,2,1,2,4,8,-7,-4,4,4,6,6,-3,-13,6,-6,11,0,-1,10
-67/30,0,0,0,-5,-3,-6,-3,1,-4,7,-5,7,12,-4,-6,-6,-4,5,-5,9,8,-10,-16,-6,8
-71/27,0,0,0,0,6,6,5,-2,3,0,1,5,6,5,4,6,0,1,-3,-12,6,-6,-6,-8,-4
43/7,0,2,1,-5,-2,-5,5,-2,-6,-7,0,-7,-6,-1,-2,-2,8,2,-10,6,2,1,-4,2,8
83/14,0,2,-2,-5,-1,-5,6,-2,-3,-5,8,6,3,4,-11,-10,10,-10,-2,-5,-7,5,0,2,8
32/43,0,-2,1,-5,-5,-5,-3,-2,-4,2,-9,-6,6,-12,8,6,6,-1,4,13,-11,4,6,-12,12
28/43,0,2,4,1,4,6,2,-2,2,-7,1,-2,-6,-12,10,6,-4,5,-3,-8,-10,-14,0,10,2
31/44,0,-2,1,-5,-2,2,5,1,-9,-2,-10,-2,-3,12,0,-4,0,-7,-10,10,7,8,8,0,2
-1/91,0,-2,2,-5,4,-2,2,1,-3,6,4,10,8,-6,-11,1,10,2,14,-15,-6,10,3,6,-2
1/87,0,0,-3,-5,6,1,-4,-2,-3,-6,-5,-7,-2,-6,4,-2,0,-12,9,15,-6,-12,2,6,-19
-2/91,1,2,2,-5,-2,-2,5,-2,6,3,2,2,-6,5,13,-2,-9,-13,-4,6,-13,6,3,-9,1
-1/30,0,0,0,3,-3,1,-3,1,-3,0,2,-5,2,-4,0,-4,6,2,-10,15,-2,8,8,-12,11
4/33,0,0,0,-5,-2,-5,-3,-2,-3,4,-6,7,6,5,10,4,0,4,-14,-15,-13,-16,-7,8,14
25/6,0,0,0,3,2,0,1,0,6,0,1,6,-1,4,-8,5,-14,0,6,13,-13,-8,-4,8,-12
29/6,0,0,2,1,-2,6,-6,1,-3,-10,1,10,-9,-12,0,-6,-1,-2,5,-12,-2,0,0,6,12
90/17,1,-3,0,1,-3,1,-2,1,6,6,-4,2,0,1,0,-10,7,8,8,3,-16,4,0,-1,10
101/15,0,0,0,3,2,-5,-4,1,-9,0,0,-11,-5,-6,1,-3,-5,-5,4,-1,-13,-6,2,18,1
100/19,0,2,0,1,4,-5,3,-2,-8,3,-6,-2,-4,10,-10,-9,10,2,4,13,-7,-6,-3,-10,-3
-95/56,0,-2,0,-5,-3,6,5,1,6,-2,-8,-3,12,-3,-4,-2,6,-10,12,14,-13,10,-6,-4,1
-23/14,0,-2,3,-5,4,1,-6,1,-7,-5,-5,8,0,-1,-8,-10,-9,0,5,0,11,-1,-4,-10,14
67/58,0,2,1,1,-3,-1,6,-2,-9,-6,-1,-8,6,-10,0,-10,-4,5,-5,0,2,-8,-16,18,1
66/61,1,0,4,1,0,1,-1,-2,-3,6,-9,-8,8,-6,0,1,13,-4,4,7,-2,-8,16,6,-14
64/61,0,2,1,3,4,2,2,1,-3,-7,-4,-2,-5,4,-6,6,-4,-4,-10,3,6,-10,-6,-6,-5
65/58,0,-2,0,0,4,-7,-6,1,-3,-6,2,2,12,4,0,5,0,-10,-12,3,-14,12,-3,6,2
26/23,-1,2,-3,1,-3,-7,-1,1,0,6,-1,2,0,10,-8,-6,-2,2,-4,-9,-2,-14,12,-8,11
33/28,0,0,0,-5,0,2,2,-2,6,-2,-1,-2,-4,9,0,-9,-3,0,-14,-12,7,-1,-3,-6,8
92/15,0,0,0,0,-5,6,2,1,-7,10,-6,-5,4,4,-7,-2,-14,5,1,0,0,4,-9,6,-2
-58/17,-1,2,2,-5,4,-5,-2,-2,6,-10,-9,2,12,-9,-6,-12,0,-12,-5,14,2,-8,2,10,8
-53/20,0,-2,0,-5,6,4,2,1,6,6,-6,2,-3,8,-8,-10,0,1,-14,-12,-16,8,-3,-4,-3
55/18,0,0,0,-5,0,4,-3,1,1,-3,-1,8,-3,9,6,-10,-13,-11,2,6,1,8,-7,-17,-6
55/16,0,2,0,3,0,2,-3,-2,6,-1,8,-2,1,4,-8,2,4,1,5,-8,-13,11,12,6,-6
-19/78,0,0,0,1,-2,-2,-1,1,-8,6,-2,5,2,4,4,1,4,13,-3,-7,5,-4,-15,-15,8
7/19,0,2,2,1,4,6,6,-2,0,-5,-6,2,8,1,-6,-2,0,-2,0,-12,-13,-4,-11,1,-1
23/44,0,2,2,0,-2,0,-3,-2,-7,-5,-4,6,0,1,-6,4,-13,13,4,-4,14,-8,0,4,-18
-61/68,0,2,-3,1,0,2,-2,-2,-3,7,-9,-8,-3,-6,-6,1,-13,-13,8,0,14,-16,-4,-16,-10
-61/70,0,-2,0,-5,-3,-6,6,-2,6,6,-10,-1,-4,7,0,0,-4,-13,-12,-12,6,-7,-3,-6,-1
-64/73,0,-2,3,1,4,-5,5,1,3,-5,-4,11,-9,4,-8,6,-10,-2,-10,-15,-6,5,2,6,6
-20/23,0,-2,0,-5,-1,4,-3,-2,0,9,10,-8,-2,-6,10,3,0,-5,4,14,2,5,-4,3,-6
45/74,0,0,0,1,4,-5,3,1,-3,4,-9,-8,6,8,-2,-10,5,2,5,-2,-1,-8,-16,-12,17
41/73,0,-2,2,1,0,2,5,1,-6,-3,0,5,-4,4,0,6,-12,-7,0,8,-6,15,16,3,8
26/53,1,2,2,3,0,-7,-3,-2,3,-10,-10,-10,8,4,4,5,10,5,-2,9,11,8,12,-10,8
-14/15,-1,0,0,1,-1,-6,1,-2,-9,4,-4,-8,10,-2,0,-2,5,-13,10,-3,-10,-8,7,-8,0
-10/33,-1,0,0,-5,-2,-6,-1,1,-4,-5,-9,-2,8,-6,0,-2,-14,-8,8,12,-2,11,-7,-12,-12
1/19,0,2,1,3,4,4,-4,-2,-8,-8,10,10,0,5,12,-2,2,-7,6,-2,4,8,-1,18,12
-1/37,0,-2,0,3,0,6,5,0,6,-10,-5,-8,-1,-10,-2,6,-4,6,4,16,-6,-10,0,10,3
-14/69,1,0,1,1,6,1,2,1,0,-2,-4,-7,6,8,0,3,0,-3,6,6,5,13,11,10,5
-8/85,0,2,0,1,6,2,-2,1,3,-2,2,-1,-1,12,-6,5,-11,-11,2,15,4,8,-11,0,14
-12/85,0,0,0,1,-3,0,-2,1,-3,-4,8,-7,0,-12,0,1,-1,8,2,-5,1,-7,-16,3,8
-5/87,0,0,0,3,4,4,-5,-2,-3,-6,6,10,12,4,0,6,8,4,4,4,2,-15,0,0,5
80,0,-2,0,3,-2,0,6,1,3,6,10,-1,-9,4,-2,-2,-2,-10,3,13,-6,0,16,1,-4
-40/77,0,2,0,-5,-2,2,2,-2,6,-2,10,7,6,-7,-10,6,-12,6,4,-4,-5,-11,3,-6,10
-22/39,-1,0,0,-5,0,-2,3,1,-3,0,-5,2,-1,2,-6,7,0,10,4,0,4,5,-4,6,-8
-16/41,0,2,1,1,0,-5,2,0,-8,-10,8,5,6,12,1,3,-14,13,-3,-8,-8,8,1,-6,2
-39/76,0,0,0,-5,2,-7,-1,-2,-3,6,-9,7,0,5,4,-6,6,8,0,-12,7,6,-3,3,-12
-54/47,-1,0,3,1,-3,1,2,-2,-3,-8,4,10,8,12,3,10,0,8,4,8,-6,-15,-3,-17,17
-53/47,0,-2,2,1,0,-5,-4,-2,-6,-10,10,-6,-9,-10,3,-10,-4,1,8,-4,2,-10,5,5,12
-25/23,0,2,0,-5,0,-5,-1,1,0,0,2,-2,-1,-12,-7,-2,6,-3,4,-1,-8,1,-1,-15,8
-25/22,0,-2,0,3,-2,1,6,-2,6,4,-1,2,-6,-10,2,-3,8,-1,10,-2,14,2,-7,10,1
64/13,0,2,2,1,6,-2,4,1,1,-2,-2,-7,0,4,0,10,-14,-10,-12,4,-11,10,10,0,-9
63/11,0,-3,-2,1,-2,2,5,1,1,4,8,7,-7,4,4,-2,-1,-7,1,9,6,-15,2,-6,-3
-67/34,0,-2,-3,-5,6,1,-2,1,-9,-2,10,-5,-2,-6,-11,-4,-9,8,-5,-3,14,-5,1,3,11
-16/45,0,0,0,-5,2,-6,2,-2,-6,0,-8,6,0,6,-6,-6,0,10,11,-4,0,13,3,2,-2
-4/11,0,2,0,1,-2,0,6,-2,6,-8,-7,-2,-7,2,0,6,4,-3,1,3,-16,-10,12,-14,-14
-57/103,0,0,4,-5,4,-5,5,1,-4,7,4,-2,8,2,0,3,-4,-5,11,6,-14,1,-4,8,2
31/9,0,0,2,-5,-5,0,5,-2,2,-8,-10,-11,6,-1,10,-2,0,-6,4,-15,8,10,0,4,-2
17/5,0,2,0,1,6,-6,-8,-2,6,6,-1,5,4,-12,0,-2,10,6,9,-6,-4,8,1,-9,-2
13/25,0,2,0,-5,0,-7,-3,1,6,-2,3,10,-6,8,10,10,-4,-10,-12,4,14,-12,8,1,-12
-75/38,0,0,0,3,4,2,5,-2,6,4,2,7,6,9,-8,-7,6,8,16,-15,12,8,3,1,12
-74/39,1,0,2,1,2,-2,-4,1,0,10,-1,-11,0,4,0,6,6,-11,-14,-5,-13,-15,5,-15,11
-71/39,0,0,0,-5,-5,-2,-3,1,-4,3,-9,-7,2,8,-7,-10,-11,1,3,-12,7,-16,4,-1,14
-3/25,0,0,0,0,6,1,-5,1,6,-5,4,-6,0,-10,0,-6,7,-13,1,-15,-7,-7,-3,-3,-1
-1/51,0,0,1,3,-2,2,-2,1,-3,-2,8,6,-5,8,-6,-2,-3,0,4,-9,-4,-16,5,-15,10
91/87,0,0,3,1,0,-7,2,-2,4,-6,-8,10,10,2,1,-6,0,8,16,3,-2,-4,12,-9,8
-53/46,0,2,3,1,-5,4,2,-2,0,-7,-9,11,-6,7,12,-10,-1,10,2,3,-1,-1,3,-10,-2
-58/47,1,2,0,0,6,-1,-5,1,3,-10,-1,-7,-5,8,3,-2,-1,-7,5,-9,2,11,16,10,7
-43/48,0,0,2,0,-2,2,2,1,-3,9,1,5,-4,-1,-1,-6,-1,13,-10,12,0,-14,-5,0,14
-30/23,-1,0,0,1,-2,2,6,1,0,-4,-9,10,-4,1,1,-3,-5,-13,-11,-9,-4,4,-4,-14,-5
-17/12,0,0,2,-5,4,-5,-8,1,1,4,-9,2,-7,4,-4,1,13,13,6,15,-1,6,8,6,2
-100/79,0,-2,0,1,4,-5,5,-2,-3,-1,4,-2,1,4,-6,1,-1,13,-7,16,-7,-8,-4,-13,-2
-33/26,0,0,2,1,0,-2,-6,-2,1,4,10,-2,0,8,-6,5,0,-3,-8,6,4,-11,-3,6,8
-45,0,0,0,-5,6,6,-5,1,-3,9,8,6,0,-2,4,6,-14,10,-11,15,0,-9,6,6,1
-40/9,0,0,0,0,0,2,2,1,-6,-7,1,-8,8,1,12,-2,0,1,10,-15,0,-8,-3,6,7
-79/18,0,0,-2,3,2,-5,-5,-2,6,2,10,-5,-9,-2,10,6,6,0,2,-15,4,4,0,5,8
-51/43,0,0,3,-5,4,2,-8,1,-8,6,10,-5,-5,-12,2,4,-4,13,2,11,7,-14,6,12,7
-35/29,0,-2,0,1,2,2,1,1,-8,-6,-6,-7,6,0,-6,-2,-9,-5,12,-5,-1,-15,4,-17,9
-107/86,0,-2,0,1,-3,4,6,-2,4,7,-6,-7,-5,-12,-11,6,-9,2,-8,15,-8,4,1,6,18
-95/87,0,0,0,0,4,2,6,1,-9,-6,-8,-11,-7,5,-6,-7,-12,0,-8,-12,2,-7,16,3,-6
-97/86,0,2,-3,-5,6,-1,2,1,-4,10,-5,-3,0,-12,-6,-12,10,10,2,4,2,-11,2,-15,8
-97/84,0,0,2,-5,4,6,6,-2,-3,9,-4,-1,0,2,12,-6,-11,-6,-7,-13,-2,13,6,12,8
-35/59,0,-2,0,1,4,-5,-6,-2,-3,2,-1,11,-6,-2,2,1,10,-3,4,-12,-10,-10,-16,-1,-19
34/47,-1,-2,-2,-5,-3,2,-8,1,3,-10,6,5,-2,6,3,0,0,-2,-4,15,-10,6,0,12,11
37/12,0,0,2,1,-3,0,-3,-2,-3,7,4,-11,0,8,0,-12,1,5,5,13,-13,15,10,12,8
37/11,0,-2,2,-5,-2,2,-3,1,6,-4,-5,-11,-7,-10,-3,5,6,-11,-2,5,-4,5,3,-8,12
74/27,-1,0,-3,3,2,-1,-3,-2,3,0,-4,-11,-3,4,2,6,0,-1,-14,-12,2,-10,-8,-9,7
71/27,0,0,-3,1,-5,-6,-6,1,1,-5,-8,-8,-2,4,-6,3,0,10,8,-12,-2,9,-4,1,-7
74/25,1,-2,0,0,6,-5,2,1,4,-2,-4,-11,12,9,-6,-2,-11,-10,12,8,-10,-16,-4,9,-14
74/29,1,2,4,-5,0,1,-4,1,-4,-6,-7,-11,4,8,3,3,-4,10,-8,3,10,-14,-3,12,17
71/22,0,-2,3,0,-2,-5,-3,-2,-8,2,1,-2,6,-1,-11,-6,6,1,2,-12,-14,-10,0,18,-9
-41/31,0,2,2,-5,-3,2,-3,-2,-3,2,2,10,-4,8,-3,-6,6,6,10,-4,14,8,-11,-6,3
-30/19,-1,0,0,0,6,-5,-6,-2,-9,5,10,2,6,-12,-6,-14,6,1,2,-9,-11,1,8,0,2
-99/58,0,0,-2,3,0,1,5,1,-3,-6,8,11,12,4,-6,0,7,-2,12,-12,-13,8,-16,-1,-7
-33/19,0,0,3,1,0,2,-4,-2,4,-5,-9,-2,-7,-3,0,-3,-1,6,-12,-1,-1,5,0,-8,-14
79/32,0,-2,-2,-5,0,4,2,1,-9,6,8,7,-6,7,2,-10,1,5,-14,-3,12,4,3,18,0
-13/55,0,-2,0,1,-2,-7,4,1,-9,3,-2,2,-7,0,-11,2,0,1,-10,16,7,-4,4,3,-14
-18/55,1,0,0,-5,-2,6,-3,1,-8,-4,2,7,4,4,-2,-2,0,-5,-14,-8,-16,-14,16,10,11
-7/25,0,-2,0,1,4,6,2,1,6,0,-9,-5,3,-2,7,-10,-1,1,4,-7,10,8,5,0,6
-18/7,1,0,2,-5,6,1,6,-2,0,3,-2,-2,2,-2,-11,-7,0,2,2,9,7,-11,-10,18,2
-55/23,0,2,0,-5,0,2,2,-2,0,3,3,5,-3,6,-11,1,-4,-3,0,-9,12,-15,-16,18,17
-71/25,0,2,0,-5,-1,-6,-5,1,-4,-2,8,-7,-9,6,-11,0,-12,13,-12,-12,-8,6,-15,0,8
-69/26,0,0,4,3,-1,-2,5,0,-7,2,-1,10,12,10,4,-11,6,-13,-5,-5,-2,-8,-3,9,-6
-43/12,0,0,0,-5,-5,-5,6,-2,2,2,1,10,-3,-1,-11,-2,-2,10,-12,15,-10,-16,3,9,1
-46/13,1,-2,-2,-5,6,-2,2,-2,-7,0,6,-2,4,-1,-3,-2,0,8,3,0,-6,12,4,-8,14
-89/83,0,-2,2,-5,0,1,-6,1,-3,6,3,5,-3,-6,-6,2,-4,10,2,-12,-1,5,-16,-13,-3
-90/79,1,-3,0,-5,6,2,5,1,4,-2,-6,-5,-4,-10,12,4,-7,-13,4,12,-13,-8,-4,6,-12
30/73,-1,0,0,3,0,6,-5,1,-9,-7,-1,10,-3,-6,-8,6,0,-2,-4,-2,-6,-1,16,-1,6
28/69,0,0,-3,1,-1,6,5,1,0,0,-10,-11,-6,7,0,-3,-5,8,-7,-4,-16,6,-16,-1,8
-12/41,0,0,3,-5,-3,6,-3,1,3,0,-5,-10,6,-4,4,-3,7,2,8,2,2,6,-4,12,12
-109/90,0,0,0,-5,2,-5,-6,1,-4,-5,-9,2,-6,2,8,-4,4,10,11,-13,-13,4,1,-14,7
-103/93,0,0,1,0,0,6,-6,1,1,6,2,-5,0,8,6,0,8,-2,12,3,4,11,-16,2,2
-33/91,0,0,-3,-5,0,-2,2,-2,6,0,2,-7,10,4,7,-12,0,-1,2,13,-4,-4,2,10,0
-21/44,0,0,0,1,-2,2,2,1,-4,4,-9,-10,-3,-2,0,2,-7,5,8,8,-6,-16,-3,3,10
-37/86,0,2,-2,1,-1,2,2,1,6,-5,1,-11,-6,-12,1,-2,5,6,-8,6,11,5,-3,3,12
5/16,0,-2,0,1,-5,-6,6,-2,-9,9,1,6,6,10,-6,11,6,-1,4,-1,11,8,8,-8,8
28/95,0,-2,0,1,-3,6,-3,-2,-8,-10,-1,2,12,2,0,3,10,13,12,4,2,-10,12,0,18
64/23,0,-2,3,-5,0,-1,2,1,0,0,1,-1,-6,-7,1,0,-9,13,-10,-6,-11,5,10,-15,-6
65/22,0,-2,0,1,-2,-7,-3,1,0,0,1,-2,6,-6,-6,-3,-9,-7,8,-9,-16,-8,12,-3,-2
66/19,-1,0,2,1,0,4,3,-2,6,-4,1,-2,-6,12,2,-4,0,-10,2,6,2,-8,6,12,-19
29/11,0,2,2,1,-2,-5,5,-2,3,-10,-4,-1,6,6,-8,1,1,2,-13,3,6,-4,-7,9,-12
68/19,0,-2,-2,0,-2,6,-8,-2,2,0,0,-7,2,4,7,-6,6,-2,6,15,14,-4,10,0,-5
27/13,0,0,1,0,0,-2,-5,1,6,4,-1,-7,12,-12,-11,-6,0,-10,12,4,-6,4,12,5,-7
56/25,0,-2,0,1,-3,-1,1,-2,-3,6,2,-7,-6,8,12,-6,7,5,4,12,0,5,3,6,-7
-47/17,0,-2,2,3,4,4,-2,-2,0,4,1,-5,-1,4,-8,-2,-7,13,3,-15,12,-14,0,-10,-2
-57/53,0,0,4,-5,-5,-5,2,1,-3,2,-9,-2,7,4,8,5,0,8,16,-2,-2,11,12,6,1
-58/51,1,0,2,1,0,-6,-2,1,-6,-10,-7,-2,0,-4,6,6,6,6,-8,-8,6,-4,0,-9,6
-107/38,0,-2,0,-5,4,1,2,-2,-4,4,-4,-8,-7,6,-6,1,-11,2,8,0,10,-4,-16,-12,12
-25/11,0,2,0,1,-2,-6,1,1,0,5,-5,-6,0,1,4,6,-10,4,5,14,0,-16,-3,-2,14
3/11,0,0,-3,1,-2,-5,-3,1,-8,-3,-1,10,-5,-12,-6,-12,-9,6,-2,-15,7,-15,6,1,13
29/97,0,-2,3,1,-1,6,4,1,-3,-10,0,11,8,6,0,-6,0,-2,-12,8,-4,5,-3,-12,4
5/19,0,-2,0,0,-1,1,5,-2,-6,3,-4,-5,-3,-2,0,6,6,-10,-12,12,-2,10,15,8,17
29/105,0,0,0,-5,-2,1,-3,0,0,-10,-5,2,4,4,-8,-10,-7,-1,4,8,10,6,-16,10,8
27/104,0,0,0,0,-5,-2,2,-2,6,-4,-7,-8,-6,1,0,5,-11,1,-2,-6,2,12,-4,-4,-9
5/18,0,0,0,3,4,2,2,-2,-4,-10,-6,11,-9,-6,-3,-3,6,13,11,8,-14,6,2,2,-18
27/106,0,0,2,1,4,6,5,1,-4,-4,-1,10,0,-4,8,5,-12,2,12,-4,14,0,9,-6,12
31/103,0,2,0,1,4,-5,2,-2,3,4,-10,-5,12,-6,10,-2,0,13,4,0,2,-7,-3,12,14
11/34,0,-2,1,3,0,1,-2,1,-3,-5,-1,-2,6,4,4,-7,11,8,-11,15,-2,-7,-4,-14,16
7/27,0,0,0,1,0,6,3,1,-9,4,6,-2,6,-1,4,-2,11,5,-14,3,7,8,3,3,-19
-54/85,1,0,0,1,4,-1,-2,-2,3,-1,1,-7,2,7,12,1,0,13,-11,-4,-7,-8,10,-16,1
-58/81,-1,0,3,3,-1,4,-5,1,-4,-10,1,-10,-6,10,6,-11,-4,-7,8,-15,0,8,8,-6,8
-31/42,0,0,3,-5,6,6,5,1,6,4,-10,-5,10,12,0,-6,7,1,8,8,-16,8,2,10,-12
-55/82,0,-2,0,3,0,-1,1,-2,-8,4,-5,10,6,10,13,-2,-4,-1,-12,3,-13,-14,-8,0,17
-50/51,1,0,0,3,4,4,-2,1,-3,5,-9,10,-5,-1,7,-2,-2,-1,12,9,11,-9,6,6,-14
-45/52,0,0,0,1,-3,-2,-5,1,0,6,-1,-10,-7,4,-6,-2,6,-1,10,7,12,13,-8,-7,8
-49/52,0,-2,0,1,0,-2,-6,1,3,9,-1,2,3,7,6,-6,0,-10,-4,6,-13,-9,2,9,18
-51/50,0,0,0,-5,0,-6,-8,-2,-6,10,3,-5,6,2,-10,6,6,-10,10,2,-14,-15,-16,8,2
-97/99,0,0,-2,0,-2,-1,-3,1,-9,-2,-1,-2,6,-10,6,6,-2,-3,8,4,8,11,2,-8,8
-94/103,-1,-2,0,-5,-3,1,-3,1,0,-4,3,-2,-6,4,-8,-6,6,-5,5,-3,-13,-15,-5,6,5
-93/101,0,0,3,-5,-2,-5,-3,-2,-3,-5,-10,10,12,7,-6,6,-2,-3,8,12,-6,-8,-4,1,8
-92/103,0,2,0,-5,6,2,-1,-2,-7,4,-4,-6,12,6,-8,5,-14,1,9,0,-2,-1,9,2,-7
-31/33,0,0,3,-5,-2,1,2,-2,-3,3,-10,-2,8,8,11,3,1,5,-6,5,2,-8,6,3,10
-95/98,0,-2,0,-5,4,-5,5,1,3,2,3,10,-6,-4,-6,-2,9,1,4,6,5,-1,6,1,10
-43/14,0,2,0,-5,-3,-1,2,0,-3,0,-1,2,0,-1,0,-2,0,-2,0,-1,12,15,0,-1,-9
-15/44,0,0,0,3,-2,2,1,-2,-9,0,6,-5,-5,7,12,-4,0,4,4,15,-6,-8,-16,-6,-3
-11/36,0,0,1,3,0,-5,2,1,6,6,-10,10,0,4,2,6,-2,5,2,-12,2,5,12,-8,9
-16/35,0,2,0,-5,-2,-5,4,1,4,6,-9,-2,-4,4,0,1,7,-2,-10,-9,4,-6,-4,-12,14
26/83,-1,2,-2,1,0,-7,-3,0,-3,-5,4,10,7,4,11,-3,4,6,-3,0,2,10,-16,12,0
27/82,0,0,0,-5,-5,2,-3,-2,6,-5,6,-2,6,-1,-2,-11,-14,-2,2,6,-8,4,10,0,10
-11/31,0,2,1,0,0,1,5,-2,-3,0,2,-2,-6,-1,-2,-2,-4,-7,-8,-12,-13,6,2,-17,-2
-16/65,0,2,0,1,4,-2,5,-2,0,-4,-5,-5,0,7,4,-12,-7,-8,10,11,-13,8,8,-8,5
-7/33,0,0,4,1,-2,6,1,1,-4,7,3,10,1,2,-8,1,6,-1,-7,-4,-13,-1,-1,9,-18
-17/65,0,-2,0,1,2,-2,-8,1,6,10,0,-1,-6,4,-2,1,0,-4,2,0,-16,0,-4,-12,12
-13/66,0,0,3,-5,-2,-7,5,-2,1,-7,-1,-10,-4,4,-3,0,-11,8,3,-15,-2,0,0,0,2
-10/69,-1,0,0,3,-3,-5,1,1,0,6,3,10,7,-10,-6,-10,4,10,-6,3,-10,0,12,6,6
-17/72,0,0,2,1,6,-5,-8,1,6,-4,-1,11,-6,6,4,-2,10,-13,-3,5,-2,8,-16,-6,3
-16/69,0,0,0,1,-1,-1,4,1,0,-5,3,10,-6,-4,-8,0,6,5,-14,-12,-6,-8,5,18,-18
-9/38,0,0,3,-5,4,-1,-6,-2,0,0,3,-6,3,-10,2,6,-4,-4,8,-15,-10,5,-7,10,-8
93/13,0,0,0,-5,0,-2,5,-2,-6,-2,-10,-5,-5,2,-6,0,0,6,-12,6,4,-1,7,-17,10
94/11,1,-2,1,1,-2,-5,1,1,-9,-1,8,-7,6,-9,-8,-4,-14,-5,-4,-2,-2,11,11,-14,6
77/37,0,-2,4,1,0,6,2,1,-8,-4,10,-8,8,1,0,-2,-13,6,-11,12,-13,-8,8,12,1
41/37,0,-2,3,3,-1,6,-3,1,-8,4,3,-8,-4,1,4,-2,13,-4,4,-15,7,6,-15,3,-12
53/85,0,-2,0,-5,0,0,-2,1,-4,-5,-5,-7,-5,4,-6,-10,10,-11,-10,3,-6,-7,0,6,17
26/43,-1,-2,3,-5,4,-7,4,1,-4,-4,-4,6,0,-12,0,6,-5,-1,4,4,-6,-9,4,3,-12
-599,0,2,2,3,2,6,-3,1,-4,10,-8,-6,6,10,-8,-4,-5,-4,11,15,-13,13,-6,-10,-4
-600,0,0,0,1,4,4,6,1,-8,0,-1,6,2,4,7,3,9,-2,10,-15,2,-10,-4,-14,-14
-300,0,0,0,0,0,6,-5,1,-4,3,1,5,4,-6,-3,6,-1,-1,-14,5,-13,8,1,-3,13
-99,0,0,2,1,0,-5,2,1,-6,-5,-7,-8,-3,6,-8,9,0,-5,-14,2,-6,15,-9,6,-14
-599/2,0,-2,0,-5,-2,-6,5,-2,3,-4,-9,-2,6,1,12,-2,-7,-11,-12,8,-1,-15,0,10,8
50/71,-1,2,0,0,6,-5,5,1,6,6,-5,-2,-4,7,12,-2,-14,-1,-2,4,4,-14,-6,-8,-2
-15/83,0,0,0,0,-2,2,3,1,-8,4,8,5,7,2,-6,-4,-4,-7,8,0,4,8,-16,0,8
-17/82,0,2,1,-5,-5,6,-8,-2,0,6,1,-2,6,9,0,-2,0,-1,3,4,-5,1,-12,-6,-18
-16/81,0,0,2,3,4,6,-3,1,4,6,-1,-2,6,1,0,9,0,-3,0,-15,-6,6,-3,0,8
-19/81,0,0,2,-5,0,4,-4,1,6,-5,1,6,-3,8,1,-7,0,-8,3,0,-11,-9,2,-16,-4
-94/93,1,0,2,1,-5,-5,4,1,-8,2,2,-10,6,2,-8,1,-7,-7,-14,8,2,-10,3,-1,-7
-95/96,0,0,0,1,2,6,-3,1,-3,-5,-1,-1,-7,-12,0,3,0,1,-5,8,-14,6,3,5,-14
-86/99,-1,0,0,-5,-2,6,-5,-2,4,-5,-9,8,-9,-1,7,-3,0,-6,-14,-1,-7,-6,2,0,0
-50/3,1,0,0,1,0,-5,-5,1,4,6,-10,-2,-6,-12,-8,-3,5,13,16,6,-7,15,17,-10,-13
-38,1,2,-3,-5,2,2,-3,1,6,7,-2,7,3,2,6,-3,-2,-5,-10,-9,4,-4,4,10,9
-33/43,0,0,1,1,0,-5,-6,0,3,-5,-5,10,-5,-12,4,-6,-5,5,6,-12,12,1,0,-2,14
37/57,0,0,0,1,-1,2,-4,-2,6,0,-5,-11,10,-6,-8,-6,-9,1,10,2,2,-4,6,9,2
-13/25,0,-2,0,1,-2,-7,-4,0,-3,-2,-4,6,-4,2,0,-2,6,-10,4,-12,-2,-15,4,-8,-6
-8/17,0,-2,2,1,2,4,-2,1,-3,7,-5,-6,-6,4,0,0,5,-7,-14,-1,7,10,-7,-13,-3
-11/27,0,0,3,-5,0,0,-3,0,-8,7,-9,11,-2,-2,0,-2,2,8,-8,-3,-9,-8,-3,-15,-1
-43/35,0,2,0,-5,2,2,-3,1,2,-5,-4,-2,-6,-1,-11,-4,0,-13,5,-2,-14,6,5,3,-1
-43/32,0,2,2,-5,6,-5,-3,1,6,-4,10,-5,2,-1,12,11,-14,5,5,4,14,10,4,-3,-2
-63/62,0,0,2,1,-1,-5,-6,-2,-3,-4,2,5,-6,12,-8,1,-4,5,4,6,6,6,0,-14,-2
-12/13,0,0,2,-5,4,-2,2,1,-3,-5,3,-5,-6,4,0,1,9,-1,-12,-8,8,13,3,0,-18
23/41,0,2,2,-5,4,-5,-3,-2,-7,3,-2,-2,6,-4,-1,6,-2,13,-8,14,-13,5,-15,2,-2
57/85,0,0,0,0,-2,2,-2,1,-3,6,-1,-7,-3,1,0,2,11,-2,-14,-8,12,-8,-5,-17,-3
25/42,0,0,0,-5,-3,-5,4,-2,3,6,-1,-2,6,-6,-8,6,-2,8,4,8,-13,-12,-7,6,16
6/47,1,0,-3,-5,-1,-5,1,-2,2,10,3,-2,-6,1,3,0,-4,-6,6,8,0,-8,6,-12,-1
1/16,0,2,0,-5,0,-1,3,1,-3,7,-6,10,-6,6,-7,6,0,-10,4,15,-7,-5,3,-9,14
70/23,1,-2,0,1,-3,6,-5,1,0,-1,1,-3,4,-6,2,-11,-2,-4,4,-3,2,-14,0,12,-3
35/11,0,2,0,1,-2,0,2,-2,-4,3,6,-7,-2,7,-11,6,-14,-10,-8,6,-2,4,10,-1,0
20/3,0,0,0,1,-2,4,4,-2,-4,-8,8,-5,-3,8,-6,6,-10,-1,-10,5,-2,13,3,-6,2
68/21,0,0,-2,-5,0,0,-8,1,1,-4,10,-2,0,-10,2,-2,-4,2,5,-8,-10,11,2,-9,14
22/7,1,2,4,-5,0,-5,-3,-2,-3,0,3,-5,8,4,-10,1,-1,8,5,-12,4,5,14,12,-7
29/93,0,0,2,-5,0,-5,-1,-2,2,-10,2,-2,6,-2,-6,6,-4,0,-7,-5,2,-4,0,-6,-7
44,0,-2,1,1,0,-5,-1,1,-8,6,-9,10,3,-6,0,-2,4,-3,2,0,8,5,-13,6,17
-59/73,0,2,2,1,-5,-5,6,-2,4,-1,-1,-7,-7,12,8,-7,-12,8,-2,0,-6,-8,-4,-1,3
-23/17,0,-2,4,-5,0,-5,-2,1,-7,3,-9,-2,-4,1,-6,6,6,13,2,6,-11,6,-9,10,2
-45/32,0,-3,0,0,-5,6,2,-2,6,3,8,-7,-6,12,-7,-10,2,4,-12,16,-4,5,-11,2,-18
-35/11,0,-2,0,1,-2,4,2,1,-3,10,-7,-2,6,-9,-11,-2,-4,-10,2,12,7,-1,2,-10,-12
-39/8,0,0,2,3,-1,-7,-1,-2,-8,-4,1,-7,-1,-2,2,-3,-4,6,4,12,-4,-5,8,-4,-4
-43/10,0,-2,0,1,6,2,5,1,-8,4,-5,6,6,-1,-6,-3,-3,10,4,-4,-8,-6,-6,-16,18
-82/17,-1,2,1,3,-5,6,-2,-2,2,-7,-4,-6,-4,1,6,6,6,-10,2,0,-13,5,-13,-16,11
-27/74,0,0,0,1,0,2,-3,1,-3,4,-8,-8,-4,-1,-8,6,0,5,2,0,2,5,0,-4,-18
-27/79,0,0,-3,-5,-2,6,-3,-2,6,6,-9,10,8,-4,-10,-3,-3,1,3,-15,-7,-8,6,1,2
22/9,-1,0,-2,-5,0,2,-1,-2,-3,-2,1,5,-9,-12,8,-4,11,10,-6,-12,-2,-11,-9,3,-5
4/17,0,-2,-3,1,0,2,-2,-2,3,3,-9,-7,-3,1,-7,7,2,-4,5,12,10,-15,10,-6,2
3/19,0,0,-3,1,6,6,-1,-2,-3,7,1,-1,-9,8,-6,6,-7,13,-2,-9,-6,4,4,0,-3
-77/41,0,-2,2,1,0,6,-5,1,-4,-2,-1,11,6,-6,12,-6,0,13,4,-4,2,-8,7,-2,13
69/35,0,0,0,-5,4,6,4,1,-7,-8,-7,-2,8,1,12,-7,0,-13,-2,12,2,10,3,10,-18
-75,0,0,0,1,-1,1,-1,0,-8,-5,10,7,-9,7,11,-2,-4,2,-14,6,-6,-1,-3,-17,2
-100,0,-2,0,-5,6,-5,-6,-2,-3,4,-2,10,2,1,0,-10,0,-8,-10,12,2,-14,3,9,9
-61/19,0,-2,4,1,-1,-5,6,-2,-8,0,10,2,0,4,-8,7,5,-13,8,-12,-5,10,2,3,-6
-31/10,0,-2,0,1,0,-6,-6,-2,-3,2,-10,-2,-6,2,7,-12,-5,-5,-14,12,4,5,-8,6,16
-12/11,0,0,-2,-5,-2,-6,-6,-2,-3,7,-9,-7,6,4,-11,-4,-11,-2,-4,-4,-5,8,-3,-3,2
13/28,0,2,4,-5,-3,-7,6,1,-8,4,6,-2,12,4,-3,-2,-9,8,-11,4,4,6,4,-13,9
13/27,0,0,1,0,4,-7,2,1,-3,-5,-1,-3,-7,-6,0,-4,-12,-1,8,-5,11,15,4,-4,8
17/46,0,-2,0,1,-2,-5,-8,-2,0,4,-4,-1,4,4,-10,6,10,8,4,3,7,13,5,2,-2
5/22,0,-2,0,-5,-2,0,4,1,6,7,-9,-8,-6,-4,0,1,0,-5,8,-12,4,10,-6,-14,-8
31/7,0,2,-2,-5,2,2,-6,1,3,0,-10,-2,-7,1,-6,0,-2,-3,-7,-9,-10,12,-16,12,12
-13/21,0,0,-2,-5,-1,-7,4,-2,6,-1,1,-2,2,-1,-8,0,4,-4,6,6,-2,5,3,0,-2
-26/45,-1,0,0,3,4,-7,-1,1,-8,-7,2,-1,-6,6,1,6,4,0,4,2,2,2,-16,-12,5
27/29,0,0,0,1,4,-1,5,1,-6,-6,-6,6,6,4,3,-11,4,1,-14,-9,0,-11,4,6,12
85/74,0,-2,0,1,-5,-5,-8,1,-8,-10,-1,-8,2,-6,-11,0,6,8,6,0,12,-1,15,-10,-3
79/77,0,-2,0,-5,-2,6,2,-2,3,-3,-4,2,-6,-3,0,-11,-4,13,16,6,-10,4,10,18,-6
11/50,0,2,0,-5,0,2,-5,1,-4,-3,3,6,-3,4,-6,-2,-7,0,5,4,-5,-6,-8,0,-7
-28/5,0,2,0,1,-5,2,-3,1,-4,-4,-9,-11,-3,10,13,-7,0,4,3,-3,7,4,17,-6,-7
29/42,0,0,-3,-5,-1,2,-1,1,6,-10,-4,-6,-4,-7,1,9,13,1,5,-8,-13,15,-3,-10,12
5/13,0,-2,0,1,0,-2,2,1,3,4,-4,2,0,8,-1,-11,-14,-7,4,5,11,-8,-16,-15,2
-35/66,0,0,0,1,-2,-5,-4,-2,0,0,1,-7,2,5,1,-12,-1,-12,-14,6,-9,12,14,-8,-14
-7/31,0,-2,2,1,0,-1,-3,0,6,4,2,-3,0,4,0,-9,-11,2,-12,-15,2,11,10,-8,-5
-23/2,0,-2,2,1,4,-5,2,-2,-7,5,-10,10,8,-4,-8,-3,0,-10,-11,-12,-11,13,12,-6,10
-21/2,0,0,0,1,2,-1,5,1,-3,-2,-5,-2,10,7,1,6,0,-11,5,6,10,-15,3,12,-18
4/311,0,-2,2,1,4,-1,5,1,6,3,-10,-7,-9,4,12,9,-11,-5,12,-1,-2,-16,-9,-10,2
13/621,0,0,2,-5,4,-7,-4,0,0,-10,-9,-2,8,-12,12,-6,0,6,-11,3,10,5,12,-12,1
1/51,0,0,2,-5,0,6,-2,-2,4,-2,-1,-2,0,2,-8,-4,6,1,-2,-15,-5,6,-5,-3,-5
-1/39,0,0,0,-5,0,-2,-1,1,6,-8,-9,10,12,7,12,3,5,2,-8,8,-13,0,-12,-4,8
10/311,-1,-2,0,0,4,1,-6,1,-4,-4,1,10,-6,-6,0,-2,1,-8,-14,4,11,-7,-3,-14,5
10/313,1,2,0,1,-1,2,3,1,0,-5,-2,10,0,12,0,-6,0,2,-12,-12,-13,-8,-6,-6,7
5/158,0,2,0,3,-3,-1,4,1,2,4,3,-5,1,9,8,1,-3,5,10,-1,-2,-8,6,-2,-5
5/159,0,0,0,0,-5,-6,5,-2,-3,3,-5,-11,12,-10,-3,5,5,1,-13,-4,11,-5,2,-12,18
-1/160,0,-2,0,0,0,1,6,-2,-3,-1,6,-2,-1,-6,-8,0,0,13,0,6,10,12,-3,-8,8
-3/1243,0,0,1,0,-2,4,1,1,-4,-5,1,-2,6,4,4,-11,-14,1,-3,4,4,-9,-3,-6,-2
1/620,0,-2,0,1,-2,1,5,1,-4,-5,2,-8,-2,-12,0,6,-2,0,11,8,-6,10,3,1,6
-1/1241,0,2,2,3,2,0,-2,-2,-3,-4,1,-11,7,-10,-8,0,-4,1,2,-7,-6,10,2,6,-14
-1/619,0,-2,4,1,4,-5,6,1,1,-8,2,2,10,2,0,-2,-2,-1,-2,-9,-11,6,-4,12,3
3/620,0,0,0,1,0,-1,5,1,-4,-3,2,-8,-6,-10,-11,-4,4,1,-8,15,-10,15,1,-9,-10
2/1243,-1,-2,2,-5,-2,2,4,1,6,3,3,11,-6,8,-6,-2,-14,10,-8,12,-16,-9,12,1,2
-5/274,0,2,0,1,4,-5,-5,1,4,9,2,-8,0,4,-10,-4,0,-2,2,7,-14,0,-10,10,14
5/47,0,2,0,0,0,6,2,1,-3,-10,1,-5,0,-12,3,6,0,-13,4,8,-13,12,-3,0,-19
3/16,0,0,-2,-5,4,2,2,1,-6,-7,6,-2,0,-10,6,-4,-13,-13,4,-12,12,-16,-16,10,-14
9/47,0,-3,-2,1,-2,-6,-6,0,-3,6,10,-8,-7,-1,3,-2,-14,-13,5,0,-14,-4,3,2,14
-75/43,0,0,0,1,0,-5,2,1,6,-4,8,-1,-3,-12,0,-12,0,0,12,-12,-10,8,-10,5,-1
8/25,0,-2,0,1,6,-5,4,-2,0,-1,-5,-11,6,4,0,-4,-9,-12,10,0,12,6,16,10,2
-13/84,0,0,3,-5,2,-7,-3,1,-6,3,-4,-3,-6,7,12,1,6,6,8,-8,-7,-15,-5,-3,8
-4/29,0,2,1,3,-5,1,5,-2,3,-6,-6,-5,-6,12,-8,10,1,-5,14,-4,-14,11,16,6,8
-5/44,0,-2,0,0,-2,6,-3,1,4,3,-6,-1,-6,4,-2,-4,-1,1,-12,-3,4,-9,-16,-13,3
-5/43,0,2,0,1,4,0,1,1,-8,10,-4,-6,-6,-12,1,-2,6,13,10,16,2,10,12,-6,18
69/91,0,0,2,-5,-5,-2,2,1,-7,10,3,-6,0,12,-8,-10,6,-7,16,6,-5,-6,12,6,10
22/31,1,2,-3,-5,0,6,-3,1,-4,4,2,-2,1,5,0,0,-1,-3,0,4,6,8,-16,18,-2
69/89,0,0,4,-5,-2,4,-3,-2,-7,7,6,-8,-5,1,12,-10,-1,-1,-14,4,-4,8,-3,-8,1
31/40,0,2,0,1,2,-5,-3,1,4,4,-10,6,10,-1,6,6,-7,-7,-2,-8,2,-1,0,3,11
63/83,0,-3,0,1,4,2,5,1,-6,-4,3,10,-7,-2,6,6,0,-4,4,16,1,4,-16,12,17
61/83,0,-2,2,1,-5,6,6,1,2,0,-4,-2,6,4,-7,-2,4,-13,10,-5,0,8,-16,0,-6
-27/16,0,0,2,-5,6,-5,-1,1,-8,4,-1,5,1,-6,1,1,-2,2,-5,8,12,-8,4,8,1
-52/31,0,-2,-2,1,-3,-7,-5,1,-3,5,2,-2,-6,4,-6,0,4,6,-14,-15,-7,-9,11,5,2
-46/33,1,0,0,1,-2,6,6,-2,-7,5,-1,-6,6,-3,4,11,-4,1,8,-12,14,0,-4,6,2
16/111,0,0,4,-5,4,-6,5,0,-9,7,-7,-8,7,1,-8,-3,8,-12,-12,2,4,1,6,2,-6
22/107,1,-2,4,-5,0,1,4,1,-8,-2,6,10,-6,10,-6,-9,6,-1,1,0,4,-15,-16,-1,-3
7/60,0,0,0,1,0,-1,2,1,1,-10,3,10,8,12,-6,-3,0,-12,4,-15,4,-1,-3,12,2
9/62,0,-3,3,-5,2,2,1,-2,6,-3,2,11,-6,2,4,-3,5,-1,8,-8,-10,-10,8,1,14
10/61,1,2,0,1,0,-5,4,1,-6,9,-8,-7,12,5,0,1,4,-4,-12,-8,7,-4,1,6,9
79/69,0,0,0,-5,0,2,5,1,0,2,-4,7,6,12,4,1,-2,-3,8,6,4,4,-4,6,2
1/623,0,-2,-3,-5,0,6,2,-2,1,-1,-8,-1,-5,-2,-1,-14,0,2,9,-15,2,8,12,-8,7
9/1241,0,-3,1,0,-5,-5,-2,-2,4,9,-5,-1,-6,4,0,-6,0,-3,8,4,-6,-14,12,-1,-12
3/1243,0,0,4,1,-2,0,-1,-2,-8,0,2,-7,6,-4,-6,2,6,13,8,0,-10,-4,-16,-9,-6
12/1241,0,0,3,1,4,0,-2,1,3,-1,3,-2,6,-2,1,-3,4,6,10,4,-6,-6,16,10,-14
11/1241,0,2,4,1,0,-5,-2,1,1,5,3,-3,-6,5,-6,-2,10,2,8,15,-6,12,-4,-14,-18
14/1241,-1,2,1,1,-3,4,-2,1,-3,-5,-1,-10,-6,-12,0,-2,0,-5,-10,9,-6,-11,6,8,-5
13/1244,0,-2,0,-5,-1,-7,-1,1,6,6,3,10,-9,-4,0,10,-4,5,2,8,-14,12,-5,-12,13
4/111,0,0,2,3,-3,-5,-3,1,-4,-4,-1,-8,0,4,-7,-9,-5,-3,-14,-12,2,-12,9,-4,2
2/413,1,2,1,-5,-3,-5,2,-2,-8,0,-7,-7,4,-4,0,1,10,4,2,-12,-13,5,12,5,6
2/249,1,0,-3,-5,4,2,5,0,3,-3,-6,-7,4,4,-6,-11,2,1,-7,12,-10,11,-16,6,-2
1/125,0,-2,0,1,-2,-5,2,-2,3,9,2,-2,12,-9,0,-2,-7,2,8,6,-16,9,12,0,1
12/619,0,0,-3,-5,-3,-5,-4,1,-8,6,10,-2,3,-1,0,6,10,-10,5,12,-13,13,-13,-12,-6
5/311,0,2,0,-5,0,-5,4,-2,6,5,-5,-7,-3,-2,-6,-9,6,-4,-11,-3,-2,8,-7,6,8
5/624,0,0,0,-5,-1,-2,3,-2,-8,10,-5,7,0,-4,-1,-14,-4,-8,3,-9,2,-15,3,-8,17
4/103,0,2,3,-5,-5,-1,-3,-2,-3,6,10,10,6,1,6,-12,-4,-5,8,13,-9,11,-7,-10,14
1/69,0,0,1,1,-3,2,4,1,0,-5,-5,-7,-7,2,-6,6,4,-5,-10,-15,-4,6,-16,-7,18
-3/127,0,0,0,-5,4,2,-5,-2,-8,-4,1,-5,-4,1,0,-3,0,-11,-3,-4,-6,-1,1,-1,-19
6/619,1,0,1,1,-1,-5,-3,1,-4,-10,-7,6,-7,-1,0,10,-4,-5,-14,-3,6,15,4,4,-19
9/623,0,-3,-2,-5,2,-5,1,1,-6,4,3,-2,0,-4,0,3,-9,-8,2,3,11,8,-4,-8,-12
8/621,0,0,-3,3,2,-6,3,1,0,7,-1,7,2,-7,-3,1,-7,8,6,-15,-5,13,-7,0,8
-47/12,0,0,1,1,0,-5,-5,1,-8,9,-5,-6,6,-7,-8,-2,0,-7,1,-1,-5,-15,0,10,-12
4/309,0,0,4,-5,-3,1,1,1,-3,-5,-9,-1,-4,-2,0,6,0,10,-4,4,10,-7,6,12,10
5/313,0,-2,0,0,-5,-5,-3,1,6,-2,3,-7,0,-1,13,0,6,-12,8,-9,4,-6,0,-6,-8
30/47,1,0,0,1,6,6,4,1,3,0,-4,-2,-6,1,3,1,10,13,-12,0,-2,-1,5,10,-14
-71/62,0,-2,2,0,-3,0,-4,0,-4,-2,2,-7,-7,4,0,-6,-2,8,-12,-12,-11,10,-1,1,2
-35/32,0,-2,0,1,-1,-5,-4,1,4,-1,-9,10,0,7,-6,-4,6,-6,12,-8,4,6,-3,-6,8
11/619,0,-2,1,1,0,1,-3,0,2,-2,-1,-5,0,12,11,6,-3,13,-12,4,-2,11,0,0,10
7/621,0,0,2,1,0,0,2,1,0,5,2,10,6,1,-6,-6,4,-7,11,2,11,-8,2,2,6
-71/67,0,2,-3,-5,2,2,2,-2,-3,-4,1,2,-7,-4,-6,6,2,-7,0,-12,4,0,1,18,-2
-71/66,0,0,1,1,-2,6,-1,1,-6,-7,-8,-3,-9,-4,0,3,-4,5,11,-12,-2,-16,-3,1,-3
-31/27,0,0,-2,3,4,-5,-6,1,-8,4,-10,6,-1,-4,-6,-2,-11,4,-2,10,14,13,2,6,-5
-34/25,-1,-2,0,1,4,-5,-8,-2,2,2,4,-7,-6,8,10,-7,0,-7,11,-8,2,-6,1,6,-8
-71/53,0,-2,3,-5,0,6,1,-2,-8,7,2,-2,-6,1,-6,5,-2,2,-10,-12,-13,2,3,6,8
6/25,-1,0,0,-5,-1,6,2,0,-8,9,1,10,2,-7,-1,-6,-4,-2,11,15,7,8,12,18,8
-1/73,0,-2,0,1,-2,-5,-1,-2,-8,-1,-1,8,8,-4,6,-2,-2,-1,12,-15,-6,11,-4,-9,-1
11/73,0,-2,3,1,0,1,-4,1,-4,6,2,2,-6,-10,-8,-3,4,1,3,-15,-6,-8,3,-1,17
-48/23,0,0,1,-5,4,1,-4,-2,0,-5,6,2,-4,7,4,-2,-2,1,-6,2,-7,10,12,2,10
-19/11,0,2,4,-5,-2,1,-5,1,-3,6,10,-2,-7,-4,0,-11,11,4,-3,-3,-13,12,4,10,-2
-78/49,1,0,2,-5,-1,-7,2,1,-4,0,6,-8,12,6,-6,1,-2,1,-2,-8,-13,8,10,3,-18
-75/46,0,0,0,-5,-5,-6,5,1,0,0,-9,-8,7,-6,0,1,13,-1,-14,4,6,6,17,-9,-6
5/36,0,0,0,-5,0,6,5,-2,3,0,2,-3,12,6,-6,-12,2,5,-12,-8,-5,10,-9,2,10
21/82,0,0,2,1,-1,0,-1,-2,4,3,0,6,6,2,4,3,-12,10,2,-5,-13,11,3,-12,11
11/39,0,0,1,0,0,-2,-4,-2,-3,-2,-9,-11,2,12,0,1,-13,8,-12,-12,6,-8,3,-6,3
23/81,0,0,-2,-5,-2,6,1,1,-7,4,3,6,-6,-1,-6,-11,0,1,5,0,12,-6,12,18,-3
18/79,-1,-3,2,1,0,-5,2,1,3,-4,3,10,0,-2,-6,6,-1,10,-14,8,-8,-8,-15,-1,8
37/73,0,2,1,3,6,1,-3,-2,-3,4,-5,-11,-6,-6,-6,-2,9,5,-6,5,-6,11,7,-12,-3
37/71,0,-2,-2,1,-2,-5,4,1,3,3,3,-11,-3,4,-6,-7,1,-8,4,4,-4,8,-16,-15,13
13/23,0,-2,4,3,-1,-7,2,1,0,6,1,10,-6,1,0,3,6,1,14,13,-1,-1,14,0,-5
-41/97,0,2,-2,1,-3,-5,5,1,-3,6,-9,-3,-4,12,4,-12,6,-3,4,16,4,10,0,6,4
-39/98,0,0,3,-5,2,-7,2,1,-3,6,8,-2,-5,1,4,-6,4,0,-10,9,-13,0,-3,12,-6
72/109,0,-3,-2,-5,4,-5,2,1,3,-1,-1,8,-4,2,-2,-10,-4,10,0,2,-13,-9,-16,2,14
73/108,0,0,4,0,-1,0,5,-2,2,0,-5,-7,-6,-6,3,6,0,8,-12,6,-11,-8,3,0,14
-19/27,0,0,2,-5,4,6,-1,1,-3,-3,-4,10,6,4,-6,-3,-4,-10,-4,0,-13,10,-5,0,12
-53/84,0,0,-2,-5,4,0,-6,-2,-8,-5,1,-6,0,2,4,-10,-4,-5,4,8,4,10,12,0,10
-25/39,0,0,0,1,4,-2,6,-2,-4,-5,-2,-1,-2,-6,6,-6,6,-2,-12,4,-5,8,10,6,-10
2/7,-1,-2,0,-5,4,-5,-1,-2,-4,0,10,-3,-6,12,0,-4,0,-1,-10,-15,14,5,-4,-10,2
6/935,1,0,0,-5,-2,6,-2,-2,-3,-4,-9,-2,-4,-10,-6,-9,0,1,8,7,-4,15,6,10,2
1/312,0,0,-3,1,-2,-2,2,1,-6,-2,4,10,2,-1,7,-2,0,4,-12,-9,0,15,8,0,10
1/267,0,0,2,0,-3,0,-1,0,-3,-4,10,2,-7,0,0,-2,7,13,4,6,4,-15,12,-8,-2
4/157,0,2,-2,1,4,-5,4,1,-4,10,-6,-2,-6,4,-8,-6,-4,6,8,3,-6,4,-4,-1,-2
-1/158,0,2,2,-5,0,-6,-1,-2,6,7,1,10,-9,4,7,-3,2,-8,14,-15,11,-8,12,-14,13
1/156,0,0,4,-5,2,-2,-5,1,-3,-5,2,2,-6,12,3,-3,-14,-1,-11,3,2,12,-3,6,-9
-1/622,0,-2,2,0,0,6,2,1,-4,7,0,-5,0,9,0,3,10,-1,2,-6,4,-14,12,-6,-4
-599/5,0,-2,0,1,6,-5,-5,-2,-3,-7,-4,-1,-5,6,10,6,0,8,-12,-12,-13,-8,5,-1,-6
-599/4,0,2,1,1,4,1,3,-2,-8,-5,-9,2,-5,4,-7,-6,-12,6,12,-8,-13,13,-15,6,8
71/24,0,0,1,-5,0,2,5,1,6,0,3,5,8,4,2,-2,-14,-11,4,-12,11,4,4,-6,-6
73/26,0,-2,-3,1,6,-2,-1,1,-3,-3,-10,11,-6,8,2,5,-2,8,4,-5,-11,0,4,18,-18
40/89,0,-2,0,0,4,-6,-1,1,6,7,-8,-2,0,10,8,9,-2,-7,-7,-3,-10,-1,3,-8,8
39/88,0,0,2,0,-2,-7,-3,1,-9,10,8,-5,0,-2,0,6,7,-2,4,3,2,-8,4,5,2
43/88,0,2,0,1,-2,1,2,1,6,3,1,10,-6,-1,13,-4,-4,6,0,-12,-6,4,1,0,14
45/86,0,0,0,-5,4,-5,5,-2,0,9,-4,10,-6,-12,-8,-9,2,10,8,4,-2,-15,14,-6,8
-51,0,0,1,-5,-3,2,-8,1,6,6,3,5,-1,6,-6,-6,1,-2,5,8,2,13,1,-12,12
-48,0,0,0,0,4,-5,2,1,-8,10,-1,2,-3,4,-8,-7,-9,13,11,16,-11,6,-1,2,5
2/467,-1,2,4,1,4,4,-3,-2,-4,7,2,-2,-5,-7,-6,4,10,-6,4,0,-5,10,-3,-10,2
5/934,0,-2,0,-5,2,-5,6,1,6,-2,-5,-2,-5,-3,0,5,-4,-10,-2,4,4,6,1,6,-5
-1/465,0,0,0,1,4,-1,2,1,-3,0,2,10,-6,2,11,-2,-7,13,-14,8,2,5,-16,-7,-14
-5/347,0,-2,0,-5,-5,4,-4,1,-3,-4,-7,-10,-6,2,-6,-6,-13,-10,-14,-9,-14,-10,-8,5,-1
1/345,0,0,0,-5,-2,0,1,-2,0,3,-1,-10,-4,-6,-7,-6,-4,1,-3,6,11,-9,1,-17,-5
-1/55,0,-2,0,0,-2,-5,-3,-2,-3,10,-5,10,-6,-4,0,-4,-11,8,16,15,6,-15,0,12,8
1/55,0,2,0,1,-2,-1,-3,1,6,3,-1,6,3,-6,12,-2,4,-2,-4,-15,-6,-8,16,12,-6
2/59,-1,2,2,3,2,-5,-3,0,-3,-7,-1,11,8,2,-6,6,10,0,4,14,-5,6,-4,-7,-3
31/48,0,0,-2,-5,4,0,4,1,0,2,-10,5,-7,-9,-11,-3,-12,8,5,-5,-5,8,1,0,6
-54/19,-1,0,2,1,4,-5,1,-2,6,-5,-1,-2,-5,-1,-8,-2,6,-2,-12,12,-16,13,12,6,-18
-47/25,0,2,0,-5,6,-5,-4,1,3,3,-9,10,7,2,-8,-6,-7,-5,-12,-3,-10,10,-4,1,10
65/92,0,2,0,1,0,-7,-6,-2,0,9,-4,10,0,-6,-6,-4,10,13,5,8,-10,-5,-16,-10,-8
32/51,0,0,3,1,-2,6,-2,0,3,-5,-1,-10,-5,-1,-6,-4,-2,-1,8,-15,-1,5,12,0,7
87/31,0,0,0,0,2,6,2,1,6,-10,2,-8,6,-4,0,-4,4,-7,-14,8,4,6,2,4,-18
89/29,0,2,0,-5,0,-5,-5,-2,3,-6,-6,-8,0,4,-3,-2,4,-8,-3,14,-16,-16,14,-13,-4
81/29,0,0,2,-5,6,2,5,-2,6,-6,6,10,-3,7,11,6,-11,8,-2,-12,-11,-14,-16,10,2
79/33,0,0,0,1,-2,0,-5,-2,-3,-1,-2,-2,7,2,-6,-14,-9,-13,-12,-5,5,4,1,-12,17
28/41,0,-2,-2,1,0,2,-3,-2,-4,-5,-5,10,6,1,7,-11,4,-5,-14,-3,-5,-4,2,-10,-13
41/85,0,-2,0,1,-5,-5,-2,-2,0,2,-1,-10,-4,4,13,1,6,-4,8,-12,2,-11,3,10,10
14/29,-1,2,0,1,-1,-1,-3,1,6,-6,-2,2,-2,10,0,1,-9,-4,-2,-9,-8,8,12,12,0
16/43,0,2,-3,1,2,-5,5,-2,6,-8,-1,-2,6,-12,-6,10,4,-2,2,15,-14,-10,3,8,2
-68/13,0,2,2,-5,6,-2,-8,1,-6,-8,-8,-7,6,12,4,9,6,1,-5,-9,11,6,-6,1,2
-61/42,0,0,2,-5,-2,2,2,1,-8,-7,8,-5,12,-6,-11,2,-14,-13,3,6,14,-8,-13,-8,-8
-24,0,0,2,-5,0,0,-1,-2,-4,-4,2,10,-6,-10,0,6,10,1,-12,-9,0,10,0,1,8
-19,0,-2,4,1,-2,6,5,1,0,10,3,10,-7,0,0,-12,7,-10,3,0,-2,-14,-4,-12,-5
79/106,0,2,2,1,4,6,1,1,0,-3,10,7,-6,-10,1,5,0,1,9,5,5,4,6,2,-14
74/105,1,0,0,-5,4,-1,-6,1,3,-5,2,-11,-6,-2,7,-11,-7,-2,2,-13,-5,-16,3,-12,-12
77/109,0,-2,2,1,0,-5,5,1,4,-10,1,-2,2,4,4,6,6,2,3,-9,-13,10,-5,9,2
41/53,0,2,-2,-5,4,0,6,1,-9,6,1,-6,-4,-6,-8,5,5,-2,4,-12,7,5,-4,18,2
40/57,0,0,0,-5,0,-5,4,-2,1,-10,1,10,2,4,-1,6,0,8,4,-1,14,-8,-4,-1,8
-9/28,0,-3,-2,-5,-3,0,-1,1,1,0,3,8,-9,6,0,7,4,6,4,-1,8,8,10,2,-7
-5/618,0,0,0,0,-2,1,-6,1,-8,6,10,-11,-6,4,12,-3,8,8,-11,6,-13,5,6,-6,-5
-1/206,0,2,1,1,-3,6,-3,-2,-3,3,8,10,12,0,1,10,-2,1,0,-12,-1,-6,10,12,8
-3/154,0,0,3,-5,-2,-5,2,1,3,3,3,10,-4,-10,0,6,-1,5,-12,8,2,-14,2,9,-3
-8/157,0,2,4,1,-5,-5,5,1,6,0,-9,-3,-9,-12,0,-14,-12,-1,2,-12,-4,-14,8,0,7
68/31,0,-2,2,-5,6,4,-8,1,-4,-4,2,8,7,1,-11,4,4,10,3,-7,-2,6,-15,10,12
21/10,0,0,0,1,-5,-6,2,1,-3,-4,1,-6,-9,9,-6,6,1,-8,-2,3,4,-12,2,10,17
67/29,0,-2,-3,-5,0,-5,1,0,-3,-6,-9,-11,8,1,0,1,-4,-8,-5,-4,7,8,7,-6,-5
73/29,0,-2,-3,3,-5,6,3,-2,-6,-6,1,2,-1,-1,6,6,-9,1,4,-4,-11,-8,12,-10,12
-263/2,0,-2,4,-5,2,-5,-3,-2,6,0,-1,6,-6,-10,-2,-3,6,-5,-5,-6,-13,11,-4,0,-18
-176,0,2,1,1,0,-6,5,-2,6,-1,1,-7,-4,-3,-8,3,0,8,8,-3,-2,-10,-16,0,11
-526/3,-1,0,-2,1,0,4,-5,1,-3,-10,-8,-7,6,7,0,3,2,6,3,0,10,4,14,-15,-3
-36/71,0,0,2,1,2,6,2,-2,-3,-3,-9,-8,-9,7,3,-6,6,-2,-8,4,-4,5,0,0,3
-33/74,0,0,-2,-5,0,-5,2,-2,-8,6,-5,-8,12,6,-1,-10,6,4,1,-5,5,-8,0,6,-14
-17/36,0,0,2,-5,0,2,-8,1,0,10,-5,-2,4,2,10,-3,-9,13,8,-3,14,8,7,0,-2
21/2,0,0,-3,1,4,-5,-6,0,-4,-2,-9,6,-1,-9,1,-4,7,2,2,-6,-6,8,12,12,9
55/6,0,0,0,0,0,6,6,1,-3,3,-10,-2,6,4,0,6,0,0,8,-3,-13,4,2,-10,-14
-1/497,0,2,2,-5,4,-5,-3,1,6,6,1,-6,6,5,10,-2,13,-1,2,4,-6,2,11,6,8
-2/499,1,2,0,1,4,2,5,-2,-4,3,-1,-8,-4,4,0,-10,0,-8,-8,-8,2,-4,-16,-3,18
-57/82,0,0,1,-5,-3,0,-6,1,6,2,-1,-5,6,-4,10,10,-11,1,5,15,-4,-14,3,1,13
-56/79,0,2,0,1,4,-1,5,-2,-4,6,-10,10,-6,12,4,-10,11,13,0,-12,2,-8,-3,1,-12
1/249,0,0,1,1,0,6,2,-2,-8,-5,2,10,-6,-10,6,6,-5,-10,2,-1,14,13,-16,-6,-6
1/499,0,2,1,-5,-2,-5,2,1,-3,-4,-8,6,1,2,1,1,10,-4,4,7,11,-4,11,18,-6
1/1000,0,2,0,1,6,6,5,1,-8,-1,-10,8,-6,-1,-3,-3,0,6,0,10,-5,11,2,-8,3
-4/503,0,2,3,-5,4,2,2,1,-3,-5,-9,-7,-7,4,0,6,-7,10,-14,16,-8,11,6,3,14
-2/469,-1,2,2,-5,2,4,-1,-2,6,-5,0,-1,8,-2,4,-10,7,1,0,3,-6,-10,-3,-12,-12
3/466,0,0,-2,1,0,-5,5,1,1,4,3,-7,-2,-6,7,3,-4,2,4,-7,14,-8,-13,10,-18
-37/47,0,2,1,0,2,2,2,-2,-3,-4,10,-11,4,1,3,-3,1,8,-12,15,-16,-14,3,3,-12
-79/96,0,0,2,0,0,-5,3,1,-3,-5,0,-7,8,2,-11,-2,-7,-8,8,4,-6,4,4,1,-14
-41/48,0,0,-2,1,0,6,-3,-2,4,6,-1,-2,-4,4,12,-10,0,-11,3,-9,-11,5,1,-6,-12
-83/98,0,-2,1,-5,2,1,-3,1,-3,5,-6,-3,2,7,-6,6,-4,1,6,-15,-13,-14,0,-8,-18
-104/21,0,0,2,-5,4,-7,-3,1,2,9,-4,-7,-6,-10,-1,6,7,-1,12,-15,-13,15,12,10,-2
-96/17,0,0,-3,3,2,0,-2,-2,-6,-5,-4,11,-5,8,3,-6,-11,2,0,-4,-11,8,15,18,8
-97/14,0,2,0,-5,0,6,-3,1,-8,7,-9,8,0,4,-10,0,-9,2,-14,14,5,-12,12,10,8
-93/17,0,0,4,-5,-5,-6,-2,1,0,6,-10,-7,8,6,0,9,6,8,-12,8,-5,-4,-3,-8,2
-91/17,0,2,0,1,4,-7,-2,-2,-9,10,-1,7,7,-4,8,-14,6,-1,4,4,-1,-15,-7,0,12
90/13,1,0,0,0,-5,-2,2,1,4,-1,-9,-11,-4,4,0,-9,6,-5,-12,6,4,6,-3,10,-10
16/3,0,0,-2,3,0,2,5,1,-3,6,-9,-6,-3,5,0,-4,-7,-1,4,6,-2,-14,-10,9,17
-40/23,0,2,0,0,-3,-1,3,1,0,-8,-5,-11,6,4,-2,3,-4,-1,2,-5,7,-6,10,6,-2
-79/48,0,0,0,1,4,2,5,-2,6,-4,1,10,-6,-4,-6,-4,0,1,4,14,7,4,0,2,12
-2/149,-1,-2,0,1,4,-5,-4,-2,0,3,-8,6,-7,6,-6,-11,-4,6,-2,8,4,4,2,-12,-3
1/149,0,-2,1,-5,-1,4,-3,1,-8,6,-5,8,-4,7,12,-4,7,-7,2,-12,0,8,4,0,2
-1/149,0,2,2,3,0,0,-3,-2,6,6,-9,7,-1,9,0,6,0,-1,-8,-8,4,5,-13,4,-10
2/223,-1,-2,1,-5,0,2,4,-2,-8,5,-8,10,8,7,8,-7,0,-6,-14,-4,-8,-4,2,6,-14
-4/375,0,0,0,1,4,0,-3,1,2,-7,-5,2,0,1,-1,0,6,2,8,0,-13,8,-4,-3,-2
1/375,0,0,0,1,-5,-6,4,1,6,3,-8,-2,-9,-4,-8,-10,6,8,-6,-9,2,4,10,18,-12
-8/2249,0,-2,-2,3,4,-2,6,-2,-4,3,-5,8,2,-4,0,-2,2,10,16,14,0,-4,12,1,2
-5/2248,0,2,0,1,4,-5,2,1,-4,3,-8,-2,-4,-3,-10,9,11,-3,4,-2,0,2,2,-14,14
1/160,0,2,0,1,-1,2,2,1,-4,-7,-7,-10,10,-4,12,-3,0,1,-2,12,-6,1,6,-6,-14
-1/749,0,2,2,-5,6,-5,3,-2,3,-4,6,-8,7,12,-11,-3,8,1,-4,8,12,12,4,10,11
-1/1500,0,0,0,3,0,-5,-3,0,-3,4,10,-11,-4,-1,-8,6,13,-8,0,4,-2,0,6,10,2
-73,0,-2,0,-5,-3,-5,6,-2,-9,3,-1,8,8,-1,0,-11,6,-10,-14,-13,-11,5,10,-1,-5
-81/5,0,0,0,1,0,0,5,1,-6,6,-8,-1,-2,-6,-8,-7,-9,-8,1,-13,-1,1,-12,12,11
92/71,0,2,0,0,-2,4,-3,1,-7,4,-2,-1,-6,5,-6,-9,-4,-6,5,4,2,13,1,-6,14
28/25,0,2,0,1,-1,4,6,-2,4,6,4,-5,-4,12,-7,0,-1,1,2,-3,14,-14,3,-7,-12
91/69,0,0,2,1,-5,-7,-5,1,0,5,-9,-8,-3,-4,4,10,-11,-10,-8,-12,-7,-1,-1,1,12
93/76,0,0,3,-5,2,6,4,-2,6,10,-10,-6,-6,4,1,-12,-2,0,2,-9,-2,-16,14,18,-3
93/77,0,0,2,-5,-2,4,3,-2,-8,4,-10,-1,1,-1,0,-4,-11,2,5,-15,-9,13,3,1,2
1/625,0,2,0,-5,4,2,-3,1,2,7,-7,-7,0,9,6,-10,10,-8,-11,3,2,-4,-12,6,13
-2/627,1,0,1,3,-2,-5,4,-2,-3,4,-9,8,-3,0,0,0,-4,2,-4,10,-10,-10,-4,6,-18
4/627,0,0,0,0,-2,2,5,-2,-6,-8,-5,6,-6,4,-8,6,-4,-4,4,-9,10,-16,8,-6,-12
4/625,0,2,0,1,0,-5,3,-2,-3,6,2,7,6,-6,0,6,9,-7,2,8,7,-7,0,0,12
-74/63,1,0,0,-5,6,4,-3,-2,-4,7,10,-11,-3,6,1,-3,-9,13,8,-4,2,-8,9,0,-2
-82/61,-1,-2,0,1,-5,2,-6,1,-6,0,-1,-8,-4,2,0,1,0,-4,-5,4,6,11,6,-2,8
-79/60,0,0,0,3,-3,-5,6,1,-9,-2,-2,-2,-9,12,-8,3,0,6,0,-9,-13,4,6,8,-7
13/69,0,0,0,0,0,-7,-3,1,0,-5,-2,11,12,-2,0,-10,0,0,0,6,2,-8,2,18,12
13/47,0,-2,1,-5,0,-7,4,1,-3,-5,-9,-2,8,-7,3,6,0,2,4,-9,-7,11,-4,-14,-18
1/1159,0,2,2,1,-2,6,-5,-2,6,0,-9,-10,2,8,0,-3,-14,-4,9,-12,-13,-16,-8,6,-6
1/583,0,2,-2,-5,-2,-6,1,-2,-8,10,-5,-8,8,4,12,5,-12,-1,-3,3,1,-15,-4,6,8
4/577,0,2,0,1,-2,-6,-3,1,6,-10,1,-2,2,2,3,6,-11,4,-4,-9,11,11,12,0,-18
-3/1163,0,0,1,-5,-5,-6,-6,1,-8,0,-7,-5,6,4,-8,-3,-2,-7,8,4,-4,-8,16,6,12
-9/4643,0,0,-3,1,-1,0,-3,1,-8,-8,10,10,-5,4,-6,6,-14,8,5,-1,0,1,-1,9,-18
-7/2322,0,0,1,1,-3,-5,4,-2,3,4,1,-7,-5,-12,-8,-10,0,-3,2,-12,-8,11,4,6,-12
-4/385,0,-2,0,-5,-2,-6,6,-2,-6,3,-1,-2,10,4,4,-4,-7,-5,5,-9,-1,-10,0,6,13
-2/387,1,0,1,1,6,-5,-4,1,1,2,-10,2,8,-12,1,-11,-5,-6,0,-15,-14,-11,4,4,10
-1/464,0,2,0,3,4,2,-1,-2,-8,-6,2,-11,-7,0,-6,-6,-3,6,-13,8,11,-14,4,-17,10
-2/465,-1,0,0,-5,-2,-5,5,1,6,-1,2,2,0,7,-6,10,0,10,-10,15,-2,4,-16,1,-3
-62/9,1,0,3,-5,0,-1,6,-2,3,-4,-10,2,6,-6,8,0,0,-1,10,2,-13,5,12,3,2
-67/10,0,-2,0,0,-5,-5,6,1,4,-7,0,-10,-7,-9,0,1,-9,-11,-5,2,-4,-4,0,6,12
-62/5,1,-2,0,3,-2,4,-3,1,2,-4,-10,-3,-5,-2,0,-4,8,5,12,13,2,8,16,2,-6
-62/7,-1,2,2,-5,6,-6,-3,1,-3,4,-10,10,-6,7,-6,6,1,4,-4,0,12,8,0,3,-12
1/581,0,-2,4,-5,4,1,-5,-2,0,4,-9,-5,1,4,0,-4,-4,-5,10,-5,4,-16,-16,-6,8
1/387,0,0,-3,-5,2,-5,-3,-2,-8,5,-4,-11,6,-12,-10,6,0,10,-8,8,-4,-15,16,-14,8
-11/54,0,0,0,1,0,2,-6,-2,-3,10,-9,-3,0,10,13,6,-14,-10,8,13,-10,-6,8,2,-14
-3/1001,0,0,-2,-5,-2,-2,-1,-2,-8,2,1,-2,-5,-9,-10,-2,-9,-13,5,14,7,-8,-3,10,2
-3/1000,0,0,0,3,-2,1,4,-2,2,-4,10,-10,4,12,0,6,0,8,-7,-15,7,5,1,-12,-19
-9/997,0,-3,2,-5,4,6,-1,1,-9,6,1,5,-3,9,13,-6,-9,-6,-12,-12,4,2,0,6,-2
-4/499,0,-2,1,-5,6,6,2,-2,-8,0,-5,-2,-6,1,-8,1,-3,-3,-2,-13,0,-16,-11,-14,-10
88/3,0,0,4,1,0,6,4,1,4,10,10,-2,-7,9,0,7,9,-1,2,8,-9,-16,3,1,9
13/59,0,-2,3,1,2,-7,-3,1,-3,9,6,-7,3,-4,12,-9,10,13,9,-12,2,12,-11,5,-10
-19/7,0,-2,-2,-5,-1,2,1,1,-8,-10,0,6,8,7,-1,2,-9,1,4,-7,-10,-6,2,-13,-2
-68/19,0,2,2,1,0,-6,-8,-2,-8,4,4,-8,-6,-4,0,-6,-4,8,2,-9,-2,11,2,-15,8
-77/18,0,0,0,1,0,-5,-3,0,-4,6,-7,-1,-9,-2,8,-12,4,-2,-14,-9,-5,5,-4,-8,3
-76/21,0,0,1,-5,6,2,5,1,-3,-3,-1,2,-6,1,0,10,-2,13,9,-12,-5,-9,-4,4,8
-81/23,0,0,2,-5,4,2,6,-2,0,0,-1,-5,6,-9,0,6,-7,-5,-2,-2,11,-16,8,-12,16
-74/27,1,0,0,-5,4,-5,-3,1,-6,-5,3,-11,-6,-4,-8,-9,4,-13,-12,4,2,1,-4,5,16
-39/11,0,0,2,1,-2,-7,5,1,-3,6,10,-7,-4,8,12,-3,0,2,12,-12,12,0,-6,6,8
-78/23,-1,0,2,3,6,-7,-3,1,0,9,-6,-3,-6,5,-6,-2,6,2,-14,-6,2,10,-4,-6,2
-33/20,0,0,0,-5,0,6,-5,1,3,2,3,-2,6,-2,-6,-3,0,8,-6,13,-13,4,-13,-6,11
-52/29,0,2,-3,-5,-1,-7,1,-2,-4,-6,-9,-7,-6,8,-3,-9,6,0,11,-12,-6,-11,-13,9,6
-266/3,1,0,2,1,-2,4,-6,1,3,-5,-7,-5,-9,-1,0,-3,9,13,5,0,-11,4,4,-6,8
-527/6,0,0,-2,1,-1,2,-8,1,6,-2,-10,-2,-6,5,8,-2,7,13,-14,3,2,-8,15,-1,-14
-4/747,0,0,3,1,-3,-5,-3,1,6,9,-5,-5,-5,-9,-3,-2,6,10,3,-3,-6,8,-16,-6,-12
-2/1123,1,2,2,-5,0,2,5,1,1,6,-9,-10,-6,5,-6,4,4,-6,2,3,10,-6,6,-1,18
-17/47,0,-2,2,-5,0,-6,-8,1,2,7,-4,10,-5,7,3,7,-13,-5,5,-15,-2,-16,9,10,3
-5/12,0,0,0,1,2,-5,4,-2,-3,-7,-4,-2,3,-3,-6,-14,0,2,-14,-15,7,13,6,-3,8
-22,1,-2,2,1,0,-5,6,1,-3,6,-5,-2,-3,8,0,-2,-3,-7,12,-12,-13,-8,0,12,2
-67/2,0,2,1,-5,4,6,-4,-2,-3,10,-9,-7,4,12,6,1,-2,-6,-5,-1,-8,5,-3,10,-6
-264/7,0,0,-3,-5,0,-5,-5,-2,-3,-5,3,-1,2,-10,-11,-6,-2,10,-8,4,-6,-9,6,0,-9
1/78,0,0,2,0,-5,-2,6,-2,6,4,-6,-6,10,8,0,6,2,6,-14,-12,8,8,-10,-17,-3
1/311,0,-2,0,-5,-3,6,1,-2,6,-10,2,-2,-6,-1,1,-3,0,8,14,11,4,-16,-11,-6,-14
2/121,1,-2,-3,0,-2,6,4,-2,6,-5,-1,-2,12,-9,8,-2,7,5,-4,5,-13,-8,-1,-9,-10
2/251,-1,2,0,-5,6,6,-3,-2,-4,2,3,-7,6,-12,12,-3,1,-1,-14,-2,-7,-9,11,10,2
5/497,0,2,0,-5,0,-6,2,1,6,2,-5,6,-6,4,-6,-10,6,-3,6,4,2,11,-16,-8,-12
-1/82,0,-2,3,-5,-1,1,-5,-2,3,-4,8,5,6,7,-1,6,2,1,-8,-1,-13,4,11,10,-2
-4/495,0,0,0,1,-2,-1,5,1,-3,-1,-10,-2,7,6,1,1,-10,1,-4,-1,-2,-14,8,0,10
-3/112,0,0,4,-5,-3,4,5,-2,-3,-5,-1,-10,-5,7,8,-4,-14,1,-8,-12,0,4,12,0,-6
5/219,0,0,0,1,2,-5,-5,-2,6,9,10,5,2,-12,13,-2,-12,5,11,-5,-6,-16,6,-10,2
4/447,0,0,3,3,6,-6,5,1,-3,10,8,2,12,1,-6,-2,-14,-10,-8,-12,-6,6,12,0,-12
1/75,0,0,0,3,4,-5,2,1,0,-5,3,8,0,-3,-8,1,0,-3,2,-3,-8,15,3,8,2
4/89,0,-2,0,-5,-3,4,4,1,4,-7,1,-7,-3,6,-6,-10,1,4,2,13,-2,-10,10,-8,-13
1/45,0,0,0,-5,-5,4,2,-2,-4,7,-1,2,-1,-2,0,-11,-2,-10,10,14,-1,13,-4,0,-10
5/447,0,0,0,1,4,2,4,-2,1,-1,-4,2,8,-6,4,-2,-4,-1,8,6,-11,-10,-6,0,-14
4/449,0,-2,4,-5,0,-5,2,-2,6,0,1,5,-9,8,7,-3,-10,-7,0,4,-6,-16,2,-6,2
-1/227,0,2,-3,1,-2,0,2,0,6,-4,3,-7,0,-4,12,9,-10,6,0,3,7,-14,12,-14,2
-7/1502,0,2,2,1,0,6,-3,1,-4,-4,0,6,-5,12,-6,-11,-5,-13,4,-15,12,13,2,-6,10
-1/187,0,-2,0,-5,-2,-5,-2,-2,-3,7,1,10,6,4,2,6,0,-2,1,-15,-5,-8,-11,6,-18
-5/291,0,0,0,-5,6,6,-5,1,-3,-3,-4,8,8,-2,0,6,6,-8,4,11,-9,8,-16,10,4
-5/289,0,2,0,0,-1,6,-2,-2,1,-4,0,-1,-6,-1,12,-6,-5,-1,-10,-8,10,1,3,6,-3
-3/1162,0,0,4,-5,0,0,-3,1,-8,9,6,-7,8,4,10,-2,0,0,-10,3,-8,11,-16,9,2
1/2327,0,-2,0,-5,-1,-2,-3,-2,2,-2,4,-7,-5,-1,4,4,-7,8,4,-15,-13,10,-4,10,8
-3/2323,0,0,2,3,-3,-5,-4,-2,0,0,8,-2,8,4,0,6,-12,-11,-8,6,11,-10,0,1,8
-1/580,0,-2,0,0,-3,-5,-3,-2,-3,-6,2,-10,-3,4,0,6,4,5,-14,4,-2,11,11,1,5
-4/2321,0,2,2,1,-2,-5,-4,1,6,-2,2,-6,-1,-1,12,6,-4,-10,4,15,-4,8,8,10,-18
3/932,0,0,1,3,6,-1,3,-2,2,-5,8,10,0,4,-3,3,4,-12,12,-12,-2,-8,4,-12,2
17/1865,0,2,0,0,-5,-5,-8,1,-4,-10,-1,10,-9,-10,4,9,0,-6,-14,12,2,0,-3,6,-18
12/1867,0,0,0,0,4,-5,-3,-2,-8,0,0,6,6,9,0,-3,-5,8,4,-15,14,8,0,-7,5
13/1861,0,2,-2,0,-5,-7,-3,1,-3,7,-9,10,-4,-10,-3,-9,-7,4,-14,-12,-6,11,-16,12,-2
13/1864,0,2,2,3,4,-7,6,1,-3,-1,3,-6,-6,-2,-6,-2,6,-13,4,0,0,11,1,-6,-1
1/186,0,0,0,1,6,2,3,-2,1,-5,2,8,4,4,0,-6,-10,2,-8,-3,14,-16,16,9,0
4/467,0,-2,-3,-5,-2,-1,-4,1,-8,4,-6,-2,-1,7,-10,6,-9,0,8,-9,-14,-7,1,-4,14
11/1867,0,-2,-2,-5,0,1,-6,1,-4,4,6,-2,12,10,4,-4,-11,-6,-5,-1,-13,-6,0,-9,1
1/124,0,2,1,3,-3,0,1,1,6,4,2,-7,-6,-6,7,1,0,4,8,6,-5,13,-16,10,11
7/1863,0,0,2,1,6,-5,3,-2,0,4,1,6,-4,-2,-10,-12,-1,-2,5,9,-1,-1,-7,-4,17
2/311,-1,2,3,3,0,4,2,-2,0,6,-6,-5,-3,-1,-4,-4,-3,2,-4,6,2,1,1,0,-3
3/236,0,0,-3,1,4,-5,1,-2,1,-5,1,-11,-6,4,-7,2,10,1,-12,-15,14,-16,-5,6,-6
1/235,0,2,0,1,-2,2,5,-2,4,10,10,-7,7,7,3,-4,4,-1,-12,12,-7,12,-16,2,7
6/1243,1,0,2,-5,-2,-5,2,1,2,9,-6,10,8,4,0,-10,-9,-3,0,10,-8,10,16,-6,-2
5/1243,0,-2,0,3,-2,6,5,-2,-3,-4,3,-8,0,12,0,-6,6,6,12,-8,-10,4,4,10,9
3/623,0,0,0,-5,-1,2,-3,1,-3,2,2,10,7,4,-8,0,-4,-10,4,3,-1,4,4,-8,10
1/118,0,2,3,1,4,2,3,1,6,6,-5,-5,6,-3,4,-2,10,-2,-2,-12,-1,-7,12,4,10
1/2496,0,0,4,1,6,-2,5,-2,6,6,-6,-11,6,-2,11,-11,8,5,11,4,-6,5,-3,12,-3
7/1248,0,0,2,1,0,-2,4,1,-3,6,-4,-2,-4,8,-11,-10,10,-1,4,15,-16,5,12,10,-10
1/416,0,-2,0,-5,4,-2,5,1,1,5,3,5,-9,10,4,-11,-1,-4,1,6,-5,-8,11,0,1
3/416,0,0,-2,0,-3,-2,5,1,-3,0,-5,-7,12,4,1,1,0,-2,-4,-3,-2,-9,0,-14,9
-1/207,0,0,3,-5,2,2,5,-2,0,6,-4,-2,6,2,-8,-11,6,-2,12,10,-10,-15,12,0,-12
-82/95,1,2,0,-5,-3,6,-6,-2,3,-8,-8,-5,-4,-4,-8,1,0,0,4,9,14,-8,0,-1,-3
-86/95,-1,-2,0,3,4,4,2,-2,6,4,10,-5,1,-1,-6,1,-14,-10,0,15,-5,5,3,6,2
-175/3,0,0,0,1,-3,4,-3,1,-8,3,-1,-6,10,10,4,-4,7,-5,5,-5,-10,1,16,-6,7
-89,0,2,0,1,6,0,-3,1,-8,-1,-10,-7,-3,4,12,6,-4,-2,12,8,2,-15,-16,-13,8
-59,0,2,0,-5,4,-6,-4,-2,6,0,3,-2,2,2,-6,7,-12,2,10,10,11,-11,-4,-6,-18
-3/200,0,0,0,0,-3,0,2,-2,3,4,-6,-7,-6,-1,-6,-10,4,8,10,-9,-6,-1,-12,10,-13
-2/201,-1,0,-3,0,-2,-5,6,1,6,4,-10,5,12,4,0,-7,-1,-1,0,10,-13,-7,4,0,-10
1/205,0,2,0,-5,0,-5,4,-2,3,6,10,10,6,6,0,-3,0,2,-14,0,10,5,3,-6,1
1/202,0,2,0,1,-2,0,-3,1,-3,0,-6,-11,0,4,6,-4,-13,-7,12,-1,7,4,12,-15,-12
-61/13,0,-2,2,-5,0,-2,5,-2,-3,-7,3,8,-4,6,0,-11,0,-13,8,-15,-1,8,-16,6,3
-86/39,-1,0,2,3,-3,-2,-1,1,-3,5,-4,-1,-7,-1,-8,-2,6,-2,-13,13,4,-10,2,10,3
-89/41,0,-2,4,-5,-3,2,2,1,0,-3,10,-11,6,1,0,1,2,8,8,6,-8,10,9,-13,18
-15/2993,0,0,0,-5,4,-5,-6,1,6,-5,-8,10,6,7,2,6,6,-10,-11,-3,-6,13,16,-14,8
-13/2993,0,2,2,1,0,-7,-3,1,3,6,3,-1,6,8,-1,-2,0,5,16,0,-6,-4,-3,-6,14
-1/998,0,2,0,-5,-3,-1,1,-2,-3,-5,-5,8,-6,-10,0,-10,6,-11,3,8,-13,-9,4,-17,18
-1/584,0,2,0,1,6,2,2,1,-3,6,-7,2,-5,-12,0,0,0,-12,6,-15,-6,13,-8,-1,-13
-3/292,0,0,0,-5,4,-6,3,1,3,9,-9,-5,-3,1,-8,7,0,-10,8,0,-6,-12,-16,-3,9
1/293,0,-2,3,1,0,0,-3,1,-9,10,-1,-8,-9,8,-10,3,-4,-1,-14,-12,-16,2,-12,-10,5
38/5,-1,2,0,1,-5,-5,5,1,-8,-2,-1,-2,-3,10,0,11,-4,10,4,7,-16,10,0,18,-18
40,0,2,0,-5,4,2,-5,1,-8,4,-5,-2,12,4,10,-10,7,6,0,15,5,1,-16,-7,8
3/664,0,0,0,-5,0,1,2,1,-4,0,-5,-2,7,8,-8,-6,6,-6,12,8,-5,1,-16,5,-6
7/664,0,2,0,1,6,6,1,1,-3,-5,-1,-2,1,1,6,-10,2,0,-3,16,-16,-8,-16,-6,14
-815/2,0,-2,0,1,4,0,-4,0,6,9,3,10,2,-6,8,6,10,-4,16,5,-10,12,6,-15,-19
-814/5,1,2,0,0,0,2,2,1,1,-5,8,-11,-3,6,0,6,-13,13,8,7,2,10,-3,-6,17
-221,0,2,1,3,6,-7,-8,-2,-3,4,-9,8,6,4,8,-2,-11,-5,-3,4,-6,8,-4,0,17
-662,1,2,0,3,0,2,4,-2,-3,-4,-1,-8,0,-1,-6,-2,-10,-1,10,-7,10,-8,12,5,-7
-164,0,2,0,-5,-5,-5,-5,-2,-4,10,-1,-2,-4,12,-8,1,-4,-10,4,-12,-2,6,12,-17,-6
77/51,0,0,0,1,0,2,-2,-2,-4,-10,-2,-11,6,9,-11,1,-12,4,-8,-3,-11,-4,-16,-8,-10
-1/65,0,2,0,3,-5,-2,-5,-2,2,-2,1,5,-4,-2,1,-9,9,-2,-10,10,2,-4,12,-15,9
-2/131,1,-2,-2,0,-1,4,2,0,-4,-2,-9,10,10,10,11,3,0,-12,5,15,-9,-16,6,18,-12
-2/67,1,2,1,3,0,6,-6,1,-3,5,3,-3,-7,-4,8,-3,4,-11,0,7,0,11,12,-10,-2
-1/33,0,0,2,-5,-2,4,4,1,-6,6,0,-6,-5,-1,6,6,-7,13,-12,2,14,9,2,-15,2
-12/4487,0,0,1,-5,-5,6,6,1,-8,4,8,-2,0,-4,-6,3,-2,10,8,-5,14,-14,-4,12,-2
-8/4489,0,2,2,3,-2,4,-4,1,-8,4,-1,-11,6,4,-11,-2,6,-12,0,-15,-5,-8,-5,5,2
-8/2243,0,-2,1,1,0,2,-3,-2,3,-4,10,11,4,2,0,0,-4,6,4,-3,2,11,-11,-14,-1
7/417,0,0,4,1,-3,6,2,1,6,-1,4,-10,-6,8,-6,0,-10,-10,4,-2,4,1,4,-2,-18
6/415,1,0,0,3,0,6,-3,-2,2,7,4,-5,-3,5,7,6,5,8,8,-12,-6,2,-16,-14,10
-7/1496,0,2,-2,1,-2,-6,-2,1,-6,5,3,-7,-6,-3,-8,1,0,-11,4,-4,11,13,6,-16,-12
-4/1495,0,-2,0,1,-3,-2,-3,-2,0,6,-9,-2,-4,4,6,6,-4,1,10,-8,2,12,-11,6,-19
1/774,0,0,1,1,-2,0,-6,1,-4,4,1,-8,6,-12,-6,-7,-7,10,-10,-8,-9,-1,-16,-3,-13
-4/1547,0,2,3,-5,-5,-2,-2,1,3,-5,-1,11,-3,-1,2,6,-11,-8,2,3,-2,-16,0,0,9
-3/3097,0,0,2,1,4,6,3,-2,-3,6,2,10,-9,4,4,6,4,-8,0,-12,-6,-8,-1,8,11
-1/3098,0,2,0,-5,-2,1,-3,1,6,-4,4,2,6,8,-8,-9,6,2,-2,-15,2,-6,-3,-1,-2
-1/3100,0,-2,0,0,2,0,2,1,4,10,2,2,-6,-9,-8,-6,10,-4,4,4,2,-8,1,6,8
-3/221,0,0,3,0,0,-2,-2,-2,6,-3,2,-2,4,8,0,-3,6,13,-12,0,4,-16,15,0,2
20/11,0,2,0,-5,-2,1,-3,-2,2,6,1,-7,0,4,0,11,0,13,-7,-9,4,4,1,6,-14
59/88,0,-2,3,1,-2,0,2,1,4,4,-9,-6,3,12,0,-3,-12,6,8,13,-10,5,4,-6,-6
59/87,0,0,3,0,4,-5,-3,-2,6,-6,4,5,6,8,12,-9,-12,10,3,-4,1,5,-16,8,13
-55/78,0,0,0,0,0,-2,2,0,-4,3,-1,2,-3,1,-8,3,0,2,-6,8,11,10,17,-8,8
-29/40,0,2,0,-5,6,2,5,-2,-3,-10,-1,-2,-4,0,-11,6,6,13,12,-9,12,10,8,0,-10
1/266,0,-2,0,-5,2,4,2,-2,-6,-4,10,-5,-9,2,0,-3,-2,2,12,6,11,-9,-13,-9,-1
2/1865,1,2,0,3,-3,-1,2,-2,-3,-8,10,-5,0,2,-7,-11,8,10,-8,14,0,-15,6,6,1
-38/73,1,2,1,1,-3,-5,-5,1,6,4,-5,8,0,-10,1,-2,-9,8,5,0,-6,15,-15,-16,11
-33/70,0,0,0,-5,0,-1,-4,1,-3,3,1,7,0,4,11,-4,6,1,4,-9,0,-9,12,18,0
7/388,0,2,2,1,2,1,-4,1,-3,-1,-1,5,8,8,0,6,-1,1,12,5,-1,8,12,3,4
7/389,0,-2,0,1,6,-6,2,1,6,5,0,2,0,-4,-6,4,6,-13,5,3,-5,-6,16,10,-6
2/139,-1,-2,3,-5,4,-6,6,-2,6,3,-9,-2,-5,-1,-8,-4,-9,-11,-10,16,-2,-15,0,2,10
-1/102,0,0,-3,-5,4,6,-2,1,-6,-1,-2,5,-7,12,0,-10,0,-6,2,13,-9,2,6,2,-6
2/829,1,-2,0,3,2,-5,-3,1,6,-3,1,-5,2,-10,3,-2,7,-6,5,4,-1,4,-16,-12,2
1/415,0,2,0,-5,4,6,2,1,-3,9,-9,2,-2,4,0,7,-14,-1,5,-1,6,-1,-16,-12,11
7/829,0,2,-2,1,6,0,5,1,3,-8,3,6,-3,4,-10,6,6,1,12,-6,4,-6,-4,12,-14
1/169,0,2,1,0,-2,-2,3,1,-8,2,-1,-6,-2,-7,-8,6,6,13,5,11,-2,15,-4,6,-1
2/621,1,0,-3,1,4,-5,-3,1,0,-4,-6,-7,-6,-4,11,-2,-2,-7,8,4,-6,11,16,-9,-7
-1/415,0,-2,0,3,-3,2,6,-2,-4,4,10,5,6,1,12,-10,-4,-13,-5,4,-2,4,-16,3,-14
1/315,0,0,0,-5,0,-1,-6,-2,-3,6,-7,10,-7,4,4,-3,5,0,-3,5,-2,8,4,-10,-1
-61,0,-2,2,1,4,-5,1,1,6,-8,2,10,12,-4,-2,-2,6,-13,8,-8,12,0,4,10,17
-305/2,0,-2,0,-5,4,2,-4,1,-4,6,10,2,8,-2,-8,-11,-1,-13,8,6,7,-4,-8,-12,-14
-307/3,0,0,4,-5,-3,-6,5,1,-3,-2,2,-2,-9,-2,0,-2,-2,6,-10,13,10,-16,4,0,-18
-614/7,-1,2,-3,-5,4,6,1,-2,-3,7,1,10,1,1,1,1,4,1,10,-12,2,15,12,-17,10
-37/25,0,-2,0,3,2,4,-5,1,-6,-7,2,-11,10,-7,-6,9,2,6,16,-12,-2,-14,4,0,-4
-79/46,0,-2,2,3,6,4,-4,1,0,0,3,-7,-6,12,13,-12,6,-4,-8,0,2,4,8,-6,-3
-73/48,0,0,1,3,-5,0,-3,1,-8,4,3,11,0,4,0,-14,6,-2,8,-12,-11,-12,0,-6,5
-83/43,0,2,1,0,2,0,-3,-2,-4,0,6,-2,6,-12,6,1,-9,13,5,-15,0,5,0,0,-3
-80/39,0,0,0,0,4,-2,4,1,6,0,-8,-10,12,4,4,3,6,-3,-11,9,-6,0,1,12,-12
-79/39,0,0,2,3,4,-2,-3,1,6,-3,-7,-5,-3,4,-1,6,0,-5,-3,-3,14,4,14,-14,-14
-76/37,0,-2,0,-5,-2,6,2,1,3,-4,-1,-8,-3,2,0,6,2,-12,2,0,-10,-1,-7,-2,1
-1/44,0,2,4,3,-2,-5,2,-2,1,-1,10,-2,0,10,-11,-10,6,6,-14,11,10,-8,3,0,10
-2/65,-1,-2,0,1,-1,-2,6,-2,1,-5,-1,6,-6,-3,-4,-2,0,8,12,-12,-2,-9,-15,-1,14
-88/67,0,-2,0,1,0,-5,2,-2,-8,4,2,10,6,-4,12,-10,0,4,0,3,-10,-14,8,6,-9
-88/69,0,0,-3,-5,0,-5,2,1,0,0,-1,-7,8,4,-6,4,5,-4,5,0,2,13,12,-7,-7
-29/23,0,-2,0,3,-3,2,5,-2,0,-10,1,-5,0,4,7,-2,11,5,9,-12,5,-8,-4,1,13
-83/68,0,-2,1,3,0,6,-2,1,4,-5,3,-7,3,8,12,-6,-7,-5,5,12,-13,-6,0,-1,2
-3/1124,0,0,2,0,-3,-6,1,1,-3,-5,10,10,-5,8,0,3,4,-5,-13,-3,2,6,17,-10,-3
3/1553,0,0,2,-5,4,6,-4,-2,2,-7,2,-10,-3,6,0,-4,-7,-4,-14,-9,-11,8,3,1,12
5/1551,0,0,0,3,-2,4,2,1,1,3,-5,5,-1,8,3,6,10,4,-10,0,-14,-14,0,12,8
-4/2325,0,0,0,3,6,0,4,-2,-8,-4,2,10,-6,-1,1,1,9,1,-13,13,-6,-6,-11,-14,13
-5/2323,0,2,0,-5,-2,4,5,1,0,-5,10,5,2,4,-6,-4,7,0,8,-3,11,12,2,-9,8
-3/110,0,0,0,-5,-2,-6,-5,1,-9,6,-4,-2,6,8,-6,-2,0,-1,2,-5,-10,-5,14,-12,1
12/1861,0,0,2,1,2,-6,-1,-2,-8,3,3,-6,-1,-6,1,-6,0,13,4,-2,0,-15,3,4,14
4/931,0,2,2,-5,6,6,3,-2,-3,4,-10,10,0,4,4,-2,-11,-1,2,7,-5,-8,0,-12,-14
1/1032,0,0,3,-5,4,-5,-1,1,-3,-5,2,-7,1,-12,0,6,6,5,-4,2,2,8,12,3,17
-2/1031,1,-2,-2,1,0,-6,-5,-2,1,-10,1,-6,0,4,13,-9,-2,2,-5,-6,-5,12,4,1,-18
-6/1555,-1,0,0,0,-3,-1,6,1,-6,3,-5,-1,-7,-10,3,-3,-7,5,9,-5,-1,8,6,-12,-14
1/1554,0,0,1,-5,-3,0,2,-2,-6,-5,-1,-8,10,-10,-11,-2,5,6,5,0,-6,-16,-4,-1,5
-1/449,0,2,2,1,2,4,6,-2,-8,-7,-6,-7,12,4,6,3,0,-11,9,-3,-14,-4,0,-2,13
-1/167,0,2,-2,0,4,6,-5,1,-9,-2,10,6,0,-1,6,-11,4,-10,-12,-4,-16,8,12,-10,11
-2/165,-1,0,0,3,-2,6,2,-2,3,-8,6,2,-9,12,-6,-3,0,8,-12,4,2,10,12,-3,-14
-1/1499,0,2,2,1,4,1,5,-2,-8,9,-1,6,6,-10,11,9,10,-12,10,0,-13,1,-10,-12,10
-7/1495,0,-2,0,1,4,-2,1,-2,0,-4,1,10,8,2,12,10,-4,2,-11,13,-1,9,-4,9,2
-3/158,0,0,2,0,-1,-5,-3,1,-3,-7,1,5,12,5,-2,1,-7,-1,8,3,-4,-8,-16,-16,-10
-2/321,-1,0,0,1,6,6,4,0,6,0,-4,-1,-6,6,-8,6,11,8,3,-6,-4,1,-3,-3,-8
-1/640,0,-2,0,1,4,-5,2,1,2,3,8,-5,-6,-1,1,5,-10,2,4,-8,-2,-15,4,12,-12
-2/1279,1,2,-3,0,-2,2,-3,1,-3,0,1,2,10,12,0,-4,6,10,-11,-13,12,8,4,9,2
-11/34,0,2,4,-5,0,2,-2,-2,-4,0,8,-5,6,-4,6,1,-5,-5,12,-15,6,0,0,6,7
-85/29,0,2,0,1,-1,0,-8,0,-3,-6,-9,-1,-1,10,0,3,0,10,11,-12,7,-8,-16,-7,-9
-85/28,0,-2,0,-5,2,1,-8,1,2,-1,10,-6,6,4,4,-2,-3,8,8,-15,-4,13,-16,10,11
-61/81,0,0,1,-5,-3,2,5,-2,-6,6,10,5,6,4,-10,-4,6,-13,-3,2,-10,4,6,2,2
-1/204,0,0,4,1,0,2,-2,1,6,0,3,6,-6,-1,0,2,-12,1,-11,-12,-10,-6,-4,1,-19
-1231/5,0,2,0,3,0,-6,-6,1,-6,0,-1,6,6,1,0,-10,-3,-2,-6,0,-13,-8,4,3,14
-205,0,-2,0,-5,-3,1,3,1,6,-1,3,-2,-4,-4,-10,9,-9,-7,4,-12,11,-10,-13,-15,14
1/744,0,0,1,-5,0,-1,-3,-2,-8,-8,2,-6,-9,-4,0,-2,2,-13,3,16,-6,-6,-8,0,12
7/741,0,0,0,1,6,-2,3,-2,2,-3,-1,10,6,2,0,1,-2,0,8,14,-10,-4,0,12,-6
2/247,-1,-2,0,0,4,-2,-3,-2,-3,-2,-4,-1,-7,6,-6,7,10,-5,-14,-6,-6,8,12,1,2
1/773,0,-2,-3,-5,-3,4,5,-2,-3,-8,0,-7,-3,10,6,0,0,-5,-10,0,-2,-6,-3,12,-2
1/533,0,-2,-2,0,0,-2,2,0,2,-5,-9,-2,6,4,-7,6,-14,-10,-11,-1,-4,4,12,-9,-14
1/177,0,0,0,-5,-5,-5,2,1,-3,10,-2,5,-3,-1,0,1,10,-2,14,-13,-11,8,0,-9,-12
18/3721,1,-3,-2,0,2,-6,-3,-2,-3,-7,10,-7,-1,-12,8,-2,0,-4,-10,14,2,-7,-3,12,-1
13/3725,0,-2,0,1,4,-7,5,-2,6,4,0,10,8,-6,12,-3,11,-10,-12,13,-2,-9,0,-9,1
12/3727,0,0,4,-5,4,2,2,1,1,-3,0,-2,-6,-10,0,-3,-4,2,-10,-9,-8,10,-16,-3,3
10/3729,1,0,0,1,-2,-5,-3,1,3,-2,-1,-2,-5,6,-10,-12,-5,2,8,5,10,8,3,9,-6
13/3726,0,0,0,3,-2,-7,-1,1,0,5,-4,-5,-7,4,2,-10,1,-1,12,-2,-14,0,-12,-6,-18
-1/309,0,0,0,1,6,-1,5,1,-6,5,2,-2,0,8,10,-10,-2,-2,-2,-4,7,-9,-6,-6,17
-43/24,0,0,3,1,2,0,-5,1,-8,-8,0,-7,-6,-1,-6,-6,7,10,12,4,14,-4,3,-9,2
2/619,-1,-2,-2,3,0,2,-1,-2,-4,-4,-4,-7,12,4,-8,1,-2,8,2,6,12,-6,-1,6,11
3/311,0,0,-3,0,-5,2,-3,-2,2,-2,3,-2,-5,-3,8,-2,-13,4,8,-12,-6,6,7,-7,-12
2/309,1,0,2,1,-1,-5,6,1,4,2,-4,-2,2,7,8,1,-7,4,-5,-3,-1,10,4,-8,0
5/1863,0,0,0,-5,-3,4,-4,1,0,0,3,2,-9,7,-6,7,-4,2,-2,-4,-5,-4,4,-17,8
8/3729,0,0,0,3,-2,-1,1,-2,6,0,-7,7,0,7,-8,-10,7,10,2,6,4,1,16,6,-2
-30/89,1,0,0,0,-2,0,4,1,6,3,1,6,6,4,12,6,4,5,5,3,11,-16,-16,-8,2
-27/94,0,0,2,-5,-5,-5,2,1,-8,0,-10,-5,6,4,3,6,-4,8,4,3,7,-10,-16,10,-5
-25/96,0,0,0,1,-5,-5,1,-2,3,2,-6,2,-9,-10,7,6,-11,13,3,-8,-8,-4,12,-8,-2
-7/26,0,2,3,1,-5,-2,2,1,-3,-5,-1,-8,-5,12,-11,-2,-2,-10,-14,-12,-11,10,16,-13,-1
27/4,0,0,0,-5,-3,2,5,1,-3,3,1,-5,-6,-3,-8,2,-4,-8,9,-5,-11,11,6,1,-1
-74/15,1,0,0,3,0,0,2,1,-3,-8,-2,-11,1,-6,0,1,4,-7,11,0,14,-14,-9,-6,8
-25/6,0,0,0,-5,4,4,-1,1,-3,7,2,10,-4,10,-6,-10,6,1,2,5,-13,4,-6,-12,0
-91/2,0,2,2,1,-3,-7,2,1,1,-1,2,-5,6,-10,0,-12,-4,-1,2,-12,2,6,-11,-9,12
1/41,0,-2,0,1,4,6,2,-2,-3,-5,-4,-6,6,8,8,-9,-11,-5,0,15,2,12,-16,-1,7
-2/1121,-1,-2,0,-5,-1,-5,-6,-2,6,-4,3,-7,0,7,0,5,10,-7,8,9,0,8,-11,-8,-14
-7/2246,0,2,-2,1,-1,4,2,-2,-8,-3,0,-8,-3,4,-6,11,-4,-7,0,4,7,-9,-6,1,14
-9/4489,0,-3,1,1,-1,2,-3,1,-3,4,8,11,-6,4,-3,-4,0,-2,0,3,-4,-1,-3,12,-2
-1/641,0,2,2,-5,4,1,1,1,6,3,-4,-2,-1,7,0,4,-3,5,4,-15,-7,8,-6,-6,6
-5/4638,0,0,0,-5,-3,-6,-3,-2,-3,-5,3,10,12,12,-11,6,-9,6,-11,2,-6,11,-4,6,-18
-5/4642,0,2,0,1,-2,-5,6,1,3,-5,-1,-6,-5,0,6,1,6,-4,-14,-12,2,10,-5,6,6
-4/4643,0,2,-2,-5,4,4,5,-2,-3,-10,-5,-2,6,-1,-6,-11,13,1,0,-8,-14,4,12,1,-2
-2/4641,-1,0,2,-5,-1,-2,-2,-2,-3,-1,-1,5,10,9,-6,9,4,13,8,-5,-16,-14,-4,-15,16
25/17,0,-2,0,1,2,1,-2,1,-3,10,-9,-2,4,-1,0,6,6,-5,12,0,-14,-9,2,1,-6
4/313,0,2,-2,-5,-2,-5,2,-2,-4,0,-1,-7,-6,1,-6,-2,13,4,-8,5,0,8,3,-15,-5
1/207,0,0,3,1,4,6,-5,1,0,6,3,-3,12,8,12,4,-2,6,4,14,11,8,-16,4,-6
5/413,0,2,0,-5,6,6,4,1,6,0,4,10,-4,-4,0,-2,10,-13,4,13,-1,6,4,-6,2
13/1865,0,-2,0,1,-3,-7,5,-2,6,-3,0,-6,2,-4,-6,-6,-2,8,12,8,4,-16,-4,8,-12
1/233,0,-2,-2,-5,2,6,-1,1,6,4,-6,11,-7,-12,0,1,0,-4,2,-9,-6,15,3,12,-12
13/3727,0,2,1,1,6,-7,3,-2,-3,-8,-2,-3,-9,-3,7,9,0,1,4,-9,-13,-16,7,8,2
19/3725,0,-2,0,-5,0,6,4,1,0,-8,1,-7,-1,1,-3,-4,-1,-11,-4,-15,2,-1,2,12,-14
17/3728,0,2,2,1,4,1,-8,1,-4,0,6,-1,6,4,0,-6,8,-1,-12,-12,-4,11,4,2,-7
-4/1247,0,2,3,3,6,-5,2,1,-3,-6,-9,-10,-9,-12,1,-3,-4,-11,-6,6,4,-15,-16,0,2
1/624,0,0,1,0,4,-2,-1,1,6,-7,-1,-7,8,4,-3,-9,13,-3,5,0,14,-15,10,-6,8
4/1245,0,0,0,3,-1,1,4,1,-3,-1,2,-1,3,-2,8,-2,7,-1,11,14,-16,-14,-16,0,-5
4/1243,0,2,2,0,-2,6,-6,-2,0,0,-1,-2,0,10,0,10,0,10,-2,-12,-13,-14,-16,-16,14
45/2,0,0,0,-5,2,1,2,-2,3,-5,2,-8,-7,-6,-8,-6,0,1,4,-1,-4,-1,-4,12,7
4/1551,0,0,1,0,-2,2,4,-2,-3,0,-10,10,-6,6,3,-4,2,-2,-10,3,2,11,12,18,-1
3/1550,0,0,0,0,0,2,4,1,6,-1,2,11,2,1,0,1,-13,-1,12,8,14,6,14,3,2
-1/2324,0,2,2,-5,4,-1,1,-2,-4,6,2,-5,-3,8,-6,2,2,-2,5,-2,-10,9,-16,1,8
-1/78,0,0,-2,1,6,-2,2,1,-3,9,-4,-7,-1,2,-7,3,-9,1,8,-8,-1,0,-7,-10,12
-2/235,1,2,0,3,4,4,6,1,6,0,-2,-10,-4,6,3,1,-2,8,4,-1,7,0,9,-9,1
-3/229,0,0,3,-5,4,4,-5,1,-8,4,1,2,-6,4,-8,-2,-4,-10,5,3,-6,-9,-11,12,10
1/231,0,0,4,-5,-2,-5,6,-2,-3,0,-1,5,-4,6,-6,-2,-4,10,4,12,-10,6,2,3,12
2/111,-1,0,3,-5,-1,-5,-3,1,3,-5,2,-8,-3,-10,0,-9,-7,-8,-11,-9,4,-5,4,-10,-18
1/219,0,0,1,-5,6,-6,-3,1,6,7,4,-8,3,7,0,-6,0,-7,-12,10,-6,-8,8,-1,13
-10/2323,1,-2,0,3,2,-1,-3,-2,0,4,-5,6,-4,4,0,9,-2,5,4,7,12,-8,10,9,10
-1/1161,0,0,2,0,0,1,-1,1,6,0,3,6,-7,-12,6,-11,2,8,10,-4,7,-15,11,-2,1
1/2320,0,2,0,-5,6,4,5,-2,-3,-6,6,-5,-6,8,0,-9,2,4,10,-3,-6,-9,3,8,0
-2/2321,-1,-2,0,3,-2,-1,-3,1,-3,-1,4,-2,-5,4,-4,-7,0,6,16,4,-9,10,10,-1,2
-1/2320,0,-2,0,1,-5,0,-6,1,6,-6,-7,11,-4,-2,7,-2,-9,8,-14,-12,-7,-8,2,-6,-12
-2/4639,1,2,3,0,0,2,4,1,-4,-7,3,-2,0,4,-6,-12,-4,6,8,4,11,15,0,-1,-4
-1/4640,0,2,0,0,2,2,4,-2,0,-6,-4,-3,0,7,-3,6,6,-2,4,-4,-5,-8,12,-12,14
-4/4641,0,0,4,-5,-3,-2,-2,-2,6,-2,-4,-7,6,6,-11,-2,6,-3,4,-12,-4,8,6,18,1
-1/666,0,0,2,1,0,-5,5,1,-3,4,-6,-8,-5,4,0,-4,0,-10,-14,-3,-13,13,4,-8,-6
-1/333,0,0,2,-5,4,-5,2,-2,6,-7,-10,-8,6,-1,-6,9,6,1,-10,12,-5,-6,12,18,-6
-11/2989,0,2,2,-5,0,4,5,-2,3,0,1,-1,0,8,-6,-6,13,-4,10,-15,7,6,6,0,14
-7/2993,0,2,2,1,-3,0,-1,1,-3,2,4,10,6,12,1,-10,2,-3,-2,-15,-6,6,-6,10,5
-18/8975,1,-3,0,3,4,6,4,-2,-3,6,-9,-2,6,1,6,0,0,13,8,-15,-6,-8,2,-17,-3
-20/8973,0,0,0,1,-2,0,4,1,-3,-5,3,-10,-6,-1,12,0,-2,-6,11,4,-5,-16,0,12,-12
-21/8978,0,0,3,1,2,6,5,1,2,0,-7,10,12,12,-4,0,-4,-3,0,0,7,-14,-16,-13,-12
31,0,2,4,3,0,-5,2,1,6,-7,-10,-1,-1,12,-11,-2,-9,4,5,-15,-2,6,3,18,-1
-97/39,0,0,0,1,-3,-2,4,-2,0,0,0,10,4,6,-6,1,-2,-1,8,16,-9,15,6,5,8
-671/4,0,2,2,1,0,4,5,1,-4,0,-9,-2,0,9,13,-2,-12,-13,4,4,-11,-12,12,6,10
-668/5,0,-2,0,-5,4,6,3,-2,-3,2,-5,10,-6,-1,0,3,1,2,-10,-15,2,-15,6,1,-3
2/131,-1,2,2,1,0,0,2,1,-8,-2,10,2,-1,-6,0,-12,2,8,2,-9,10,-16,4,-8,8
-667,0,-2,-2,-5,-3,-1,-3,-2,-7,-10,0,7,-4,8,-6,-9,2,-13,10,2,-5,5,16,6,0
-665,0,2,0,1,2,4,5,1,6,-7,8,8,8,1,10,-10,-4,1,-4,-9,-13,10,12,0,-18
-1841/13,0,2,3,1,0,-2,2,1,3,3,3,-3,0,4,-7,11,9,10,3,5,-4,-6,-4,6,-6
-919/3,0,0,0,-5,0,2,5,1,6,5,-1,10,6,4,0,7,2,-10,5,6,-4,15,-16,6,-7
-919/5,0,2,0,0,-5,-6,-1,-2,4,-2,-9,-5,0,-7,0,9,4,-3,2,-2,11,-15,1,10,5
-613/3,0,0,1,0,-5,-5,5,-2,6,-10,1,-6,4,-4,-6,6,6,0,11,8,-10,15,-12,-6,2
-613/2,0,2,4,-5,4,6,-3,-2,0,-1,10,-2,-6,8,-8,-6,0,1,-6,4,2,-8,-9,-8,14
-53/4,0,2,3,1,2,1,-3,0,0,2,1,5,-6,-10,3,-10,-9,2,4,15,-9,10,6,6,10
-55/7,0,-2,0,-5,0,6,2,-2,6,-5,2,-2,-9,1,11,-4,11,-1,0,8,-1,4,-6,4,14
-53/5,0,-2,0,1,4,-5,2,1,-8,4,-1,-5,-6,-2,-6,-10,-4,4,-12,-9,-6,10,4,2,8
-51/10,0,0,0,-5,4,-5,-8,1,3,0,-4,-1,12,-4,6,-11,0,10,8,-1,2,11,-3,18,-5
11/56,0,2,4,-5,0,-6,-4,1,6,0,-2,-7,-9,0,-6,-2,6,-2,4,12,-10,12,-3,1,8
-80/37,0,2,0,1,-1,2,-3,1,4,3,-4,-8,6,10,-6,-7,11,-3,8,4,-4,-10,2,-12,13
-25/13,0,-2,0,-5,-3,-2,-6,0,4,6,1,10,-6,12,-6,7,0,-7,-10,13,-2,6,12,0,-2
-42/19,1,0,3,1,-2,-6,-3,-2,-4,10,10,11,4,5,0,1,6,10,4,13,-2,-15,-4,12,8
2901/22,0,0,-2,3,-2,-6,-4,-2,-4,-2,-4,7,-9,4,10,10,-4,-8,2,0,-1,8,12,12,-2
1453/10,0,2,0,1,6,2,5,1,-3,0,3,8,10,-12,6,-12,6,-1,0,8,-13,10,16,-7,-6
1453/12,0,0,1,-5,-5,1,6,1,6,6,1,10,-7,-4,-11,1,1,0,8,8,14,4,4,-6,-6
101/35,0,2,0,-5,-5,-5,3,-2,6,-5,-6,-2,-1,-4,11,-3,-4,-11,12,-5,7,12,10,-14,2
100/33,0,0,0,1,-2,-5,-6,1,6,-2,10,-8,6,4,1,1,-3,6,12,-15,14,-16,-16,-6,1
-17/79,0,2,0,1,0,-1,-8,-2,-9,9,1,-8,-2,2,0,-12,1,10,6,-5,-13,-8,-4,0,7
-8/41,0,-2,-3,0,6,-1,5,-2,-4,0,-2,6,6,-1,0,3,0,1,9,3,-2,10,-3,8,-18
-19/83,0,2,3,-5,2,-5,4,1,-4,-5,-5,10,-7,6,12,-10,2,13,10,8,-14,-16,-16,6,17
-71/33,0,0,0,-5,-2,2,2,1,-3,-2,3,11,-6,4,-8,-6,4,-8,10,-12,11,-4,2,2,2
-68/33,0,0,1,1,-2,6,-8,1,3,-5,-4,-2,-4,0,0,-2,0,-1,-12,4,7,-14,-3,-6,8
-24/11,0,0,0,0,-2,6,-3,-2,6,4,-9,10,8,4,13,1,-14,-11,-3,2,-2,-5,-4,-17,14
-4/207,0,0,2,1,-1,-5,-1,1,0,0,10,-7,-9,-2,-6,-9,-4,-2,2,-7,0,5,-3,6,10
-8/11,0,-2,-2,-5,-2,-5,1,0,-6,2,10,-1,3,7,-8,-11,0,-1,3,9,-4,13,-15,0,12
-17/26,0,-2,-2,-5,-3,-2,-8,-2,6,-2,-1,-2,2,-6,-8,-12,-4,-6,4,4,6,-6,12,-12,11
90,1,0,0,1,-1,6,2,-2,-8,5,-4,-5,6,-1,-6,-4,-9,1,5,3,-2,10,0,-6,-14
-66/35,1,0,0,-5,0,2,-6,-2,2,-10,1,5,-1,-10,-3,-2,-4,4,5,-12,8,-4,0,-1,-13
-79/37,0,-2,-2,1,4,6,-6,-2,-9,4,1,-8,-4,-4,3,1,-7,10,-10,12,2,4,4,-16,-9
-4/569,0,2,2,-5,4,2,-3,1,-6,5,-7,-2,8,5,-6,-4,5,5,10,6,-4,15,-4,-6,-2
-17/1709,0,-2,-3,-5,-3,-5,-8,-2,4,2,10,-11,-5,-4,-8,-3,-4,-3,12,6,-13,15,-4,6,13
85,0,2,0,0,0,6,-8,1,-6,-1,1,10,3,10,-6,-11,-13,13,0,0,12,5,12,0,-12
-17/1143,0,0,4,1,2,-5,-8,-2,-3,4,3,-3,4,-9,4,-11,0,1,-2,8,11,-8,-3,-6,2
-6/571,-1,0,2,1,2,-6,-3,-2,-3,7,-8,-3,-7,8,-4,-2,-5,-2,4,-13,-13,4,-9,18,-18
-1/76,0,-2,1,0,-5,6,-6,-2,-3,-5,3,10,-9,-1,1,-4,0,-13,8,0,4,-14,9,10,10
-3/190,0,0,0,-5,6,4,3,-2,3,-1,2,6,-2,8,3,6,10,-6,-2,-15,-13,-10,3,-2,-2
-27,0,0,-3,0,2,6,1,-2,-9,-7,-10,-5,-6,8,4,-4,-4,8,0,0,2,0,10,-15,17
-29/2,0,-2,-3,3,-1,-5,5,-2,-4,-10,2,-8,1,8,6,0,-11,10,11,-3,2,8,2,-6,-14
-33/2,0,0,4,0,0,1,-4,1,6,-1,1,10,-5,2,0,6,-4,10,-14,3,-14,-8,-4,10,-2
-3682/17,-1,2,1,1,2,-1,-2,-2,6,-5,0,-7,0,-4,-6,-9,11,4,-8,-12,0,12,-3,8,2
-1840/9,0,0,0,-5,4,-5,-4,-2,-7,-4,4,-10,0,-6,0,-4,-7,4,11,-7,-6,-16,-7,-14,1
-3680/13,0,2,0,-5,0,-2,-6,1,-7,-1,0,-6,7,12,0,-2,-2,-11,4,-12,-8,12,-12,2,-14
-1841/8,0,-2,-3,1,4,6,-1,1,-4,7,-1,-2,12,-6,-8,-3,2,-7,4,-9,-6,-16,-7,10,8
-3673/16,0,-2,-2,0,0,0,4,1,-4,-8,2,-8,-3,9,-4,0,-4,-5,5,11,-10,8,-1,4,10
-3676/17,0,2,-2,1,4,-5,-2,-2,3,-8,10,-2,0,-10,-11,-6,-4,-6,-5,15,4,5,2,-3,0
-119,0,2,4,1,-1,4,-8,-2,-9,-8,-5,6,-5,-4,3,-10,4,-5,8,16,2,12,8,1,2
-362/3,1,0,4,3,-3,-5,-3,1,6,-4,-2,-2,6,4,0,1,-7,-10,-8,-9,-16,10,-16,-6,-3
-53/31,0,2,-3,0,6,-5,6,-2,6,-5,2,-2,-3,12,-6,-10,6,10,3,6,-8,-1,15,0,-1
-50/33,-1,0,0,-5,-2,-5,3,-2,6,-7,6,-1,0,2,0,6,-9,2,12,8,14,-10,11,-6,2
-102/61,1,0,3,1,4,-6,-8,-2,3,-3,-5,-2,12,1,-2,-2,1,-4,-14,6,-1,-10,-6,-13,10
-103/60,0,0,0,-5,0,-5,5,-2,4,0,-5,-5,-6,10,0,6,-11,-10,14,-12,-7,1,-8,12,-19
-10/77,-1,2,0,-5,-2,2,2,1,-6,4,-1,-7,-7,-4,-11,-14,4,8,4,3,14,-5,3,18,5
501/2,0,0,0,1,-2,2,-3,-2,-3,-2,10,-5,6,-7,8,0,4,1,5,-1,10,-14,-3,10,8
503/5,0,2,0,-5,2,6,-6,-2,0,-7,-1,-10,0,-4,-11,-4,0,-5,-3,-1,-1,-15,11,1,6
503,0,-2,2,1,0,-1,-1,1,-4,10,2,-7,-1,6,-2,-4,-9,-2,-10,0,-13,-15,2,-16,11
-47/58,0,2,0,0,6,1,2,-2,-8,-6,-10,5,-1,4,-8,-11,-4,-11,-14,8,-13,5,-8,-10,-3
18,1,-3,3,-5,4,-5,4,1,6,-10,10,10,-6,-6,-6,6,0,6,0,-3,-4,0,-4,6,11
5/49,0,-2,0,-5,-5,6,-5,1,-8,6,-6,-7,6,12,-4,0,-4,2,4,4,2,6,10,10,-7
21/20,0,0,0,1,2,1,1,1,-6,-5,0,2,12,1,0,10,6,5,-8,-9,12,-5,-8,5,6
46/43,1,2,-2,-5,0,-5,1,-2,-7,-3,-5,-7,2,-12,-8,-10,0,-4,4,0,-5,1,0,-9,7
-63/73,0,-3,1,1,-1,2,4,1,-3,3,-1,2,-9,7,-7,-4,-7,-2,5,12,-6,8,-16,12,2
-41/101,0,-2,2,-5,4,-5,1,1,-8,-3,-1,-6,-4,10,0,-10,-4,4,8,2,2,0,12,6,-18
1/68,0,-2,3,3,2,-1,-2,-2,-4,5,-9,-1,-6,12,6,1,-10,4,12,-9,-1,4,17,18,-7
-175,0,-2,0,1,-5,6,6,1,-3,0,3,-5,-4,4,1,-4,-2,13,4,9,8,-1,0,3,10
-7347/40,0,0,0,1,0,4,-3,-2,-8,6,-10,-6,6,-2,-3,-2,-12,-2,11,-12,-13,4,11,-6,10
-1/561,0,0,2,1,-2,-6,-2,-2,-3,-8,1,-1,-3,8,-11,1,6,-1,10,-12,-2,-15,16,-3,10
-9/4487,0,0,3,-5,0,0,-4,1,3,-5,-5,-7,6,12,12,-2,6,2,4,-9,11,-4,6,8,-12
1449/5,0,0,0,1,2,-1,5,0,-7,2,8,-5,-1,-4,0,1,-12,-6,-6,8,2,5,0,-8,-12
1452/5,0,0,0,1,0,6,5,-2,-9,-5,1,-11,4,-2,-8,3,0,-8,2,-12,-1,5,-3,1,-14
162,1,0,-3,0,0,-6,-4,-2,-3,-5,2,2,-9,4,0,1,4,6,16,8,-5,-1,-11,-4,1
-1/932,0,2,3,1,-3,2,-5,1,-8,6,0,-2,2,4,12,1,4,1,4,4,-2,-5,6,-6,6
-1/467,0,2,-2,-5,-1,2,-6,1,-3,3,0,-2,2,-10,-11,6,6,10,-10,-9,-9,-9,1,6,-18
-1/1867,0,-2,-2,-5,-3,-5,-5,1,-8,0,-1,10,0,12,-3,-9,6,6,8,-4,-11,-9,12,6,-2
2033/2,0,2,1,-5,6,-1,2,1,-6,4,-5,7,-6,-4,12,3,-4,-2,12,-1,-2,-15,3,-15,-14
674/3,-1,0,-2,3,-5,-5,5,-2,6,-5,10,-2,1,0,0,1,2,10,-2,14,7,-10,3,-8,2
674,1,-2,1,1,-2,4,5,1,3,6,1,-2,-6,1,-11,-6,-7,-5,11,-15,-2,8,10,10,8
23/12,0,0,1,1,-5,1,-4,-2,-7,3,-1,-2,-3,2,0,-10,6,8,-12,6,-13,-16,-16,-9,-7
513/8,0,0,0,1,4,-5,5,1,-8,-5,6,-8,-6,2,0,-2,-12,4,-4,-1,-2,-1,-10,3,1
514/7,-1,2,0,-5,0,2,2,-2,3,5,2,-5,8,-12,1,6,4,-13,5,2,-5,-4,3,10,11
511/6,0,0,4,1,6,-5,2,1,-4,5,10,-2,10,6,-8,1,-11,10,2,15,-11,13,-3,10,-10
103,0,2,2,-5,-3,6,4,1,3,4,1,6,12,-6,6,11,4,-10,-5,-9,7,2,1,-17,14
-22/19,-1,-2,-3,-5,0,-5,-5,-2,-8,-5,2,-6,-6,-1,-11,6,13,2,8,6,10,-16,12,2,3
-60/37,0,0,0,-5,4,-5,2,-2,-4,6,-8,-8,2,-4,12,6,-4,-2,-12,-15,10,2,4,-17,8
-65/6,0,0,0,1,-1,-7,-4,1,-6,2,0,-7,0,-4,0,-6,4,6,12,2,4,10,0,6,17
13/50,0,-2,0,1,-3,-7,-3,1,-3,-7,8,8,1,12,4,-2,-4,-5,8,6,0,-5,-6,1,-3
14/51,1,0,2,1,-1,6,-2,1,1,-1,1,8,7,5,-6,1,-4,-5,-12,-12,11,12,-9,6,-2
27/100,0,0,0,3,4,1,6,-2,1,4,-9,10,-7,2,0,-9,2,-8,3,-9,-16,-15,3,10,-5
25/97,0,2,0,3,-3,0,6,-2,-3,-5,-1,-7,-4,-7,-8,10,-2,0,-8,-15,-6,-16,-9,-10,4
17/52,0,-2,4,0,0,-2,-8,1,-4,-7,-1,10,8,8,0,3,4,10,3,6,2,-10,-3,-15,13
9/35,0,-3,0,-5,6,2,-4,1,6,4,1,2,-3,9,7,-4,0,2,8,8,-10,-7,2,-6,-1
25/101,0,-2,0,1,4,-1,-4,0,-3,-5,2,-5,-6,8,0,1,-2,-12,4,-5,5,10,4,12,-14
22/19,1,2,0,3,0,-5,5,-2,2,0,-2,10,12,-6,-11,6,-13,10,-3,-6,-9,-16,2,10,11
37/40,0,2,0,1,6,4,-4,1,-3,-4,3,-11,-5,4,-6,6,-13,-11,5,-12,7,-1,0,18,2
42/41,1,0,-3,1,0,-5,-5,-2,6,-10,-4,6,6,-2,10,-4,-3,-13,11,-4,-13,13,12,6,-7
-7/2320,0,-2,0,1,4,2,2,1,6,-6,-1,-8,-9,-4,-10,-7,7,-1,12,6,-9,12,-4,-4,-2
-2/2323,1,2,2,1,6,6,-5,-2,0,0,2,-6,1,-2,8,0,6,13,-14,-12,-2,-1,12,-14,-5
-25/21,0,0,0,-5,-2,-5,5,1,-3,3,10,11,8,8,4,3,-2,-12,-12,7,8,15,3,6,18
-77/59,0,-2,-2,1,0,0,4,1,6,10,-5,-2,-9,-7,0,-6,10,13,0,7,14,6,3,3,-2
267/7,0,0,4,-5,-1,2,-4,-2,6,-4,4,-2,3,-9,-6,-4,-2,5,11,8,-4,13,-7,-13,1
263/8,0,2,0,-5,-3,0,4,1,3,6,-4,-5,-6,-4,-6,5,-2,-2,-8,-12,14,-8,-4,6,18
260/9,0,0,0,-5,-1,-7,-1,1,3,4,-1,5,-6,2,-6,-4,-12,-13,-7,-3,-8,-8,1,8,-7
265/7,0,2,0,-5,0,2,3,1,-3,9,-4,-7,8,-6,7,-10,-2,-5,9,-7,-2,-1,3,-1,-5
-10/117,-1,0,0,-5,0,-2,2,-2,6,3,-4,5,-4,12,4,6,0,2,0,2,12,13,8,6,-13
-19/235,0,-2,0,-5,0,6,6,1,6,9,3,11,-9,2,3,5,0,-11,-10,5,0,-8,3,1,-5
-220,0,-2,0,-5,0,2,4,1,6,-5,-4,10,7,4,-6,-2,6,13,3,-12,1,-4,8,0,7
181,0,2,4,1,4,6,5,-2,-4,6,-9,5,-6,4,10,-9,6,5,-3,-15,4,-8,14,3,-8
2897/15,0,0,0,1,-5,6,2,1,-8,2,3,10,10,0,4,2,-12,2,-3,-3,-5,13,2,0,-2
580/3,0,0,0,1,6,6,6,1,-8,-10,-4,5,-7,8,0,0,-11,8,4,12,12,4,-8,6,-1
145/3,0,0,0,-5,0,-5,2,1,6,-10,2,7,12,5,0,5,11,6,4,2,4,-7,-4,9,-6
73,0,2,-3,3,4,-5,2,1,0,6,3,7,8,6,-4,2,-14,5,8,-1,-11,6,-16,-4,8
415/4,0,2,0,-5,-1,1,-5,1,2,-3,3,10,8,8,0,-9,-14,-6,8,-2,0,-5,0,-12,-1
412,0,2,-3,1,4,-1,-3,-2,-8,-4,-5,-2,-7,-4,0,1,4,-1,-3,-4,-6,-4,16,-3,-5
-204,0,0,4,1,4,-5,-8,1,-8,0,-9,10,-6,7,-11,6,-4,6,-11,13,2,13,4,10,-9
-818/3,1,0,1,-5,2,-1,2,1,3,-1,-9,10,4,-7,0,6,-12,5,0,-15,10,-4,-6,-10,18
-815/3,0,0,0,1,4,2,-5,-2,1,0,-4,-8,-4,9,-4,-9,-4,13,-12,7,6,0,2,2,-8
-1223/4,0,2,0,-5,4,1,-3,-2,-4,-4,3,10,-6,-4,-6,0,6,-7,-2,6,-6,-9,8,10,-6
-1228/5,0,2,0,-5,-2,-5,-5,1,1,-1,-8,-1,6,8,-6,-4,-14,4,2,-8,2,-8,1,2,16
-612,0,0,0,-5,-3,6,-8,1,-3,-8,-1,-2,3,4,-8,-10,-3,5,-8,-4,-1,-11,12,10,8
-79,0,-2,4,-5,0,6,-5,1,-3,-5,-1,-3,3,8,-6,-2,0,1,2,4,-10,4,-6,-13,11
-28/59,0,2,-2,1,-3,-1,2,1,1,4,1,6,3,4,-3,5,10,10,4,15,-13,13,14,-6,13
-14/237,1,0,2,1,4,-5,2,1,-8,5,-8,-8,-6,9,10,-2,6,2,3,6,14,-8,14,3,-19
47/3,0,0,1,-5,-5,6,-1,-2,6,-4,-9,-6,-7,6,-8,-6,-2,-11,4,4,5,8,7,18,-13
44/3,0,0,-3,3,0,-6,-4,1,3,-4,-7,11,-6,1,-8,11,-1,4,4,0,-10,-4,-5,-6,2
50,1,-2,0,0,2,4,3,1,0,0,10,10,8,8,-7,11,-5,-4,4,11,4,8,-7,5,2
-7/8,0,2,4,1,2,-5,2,-2,6,10,3,10,0,-1,12,3,-11,-8,-12,-12,-5,4,2,6,-8
-18/19,1,0,2,1,2,2,-3,-2,-6,-2,8,8,-6,4,-1,5,10,-3,-14,0,0,2,12,-6,18
-38/39,-1,0,-2,0,-5,-2,-5,1,1,-7,3,10,-3,12,10,-11,-2,4,-10,11,11,-16,-6,8,-2
16,0,2,0,1,4,1,3,1,-6,4,4,-5,6,8,-11,6,6,10,5,13,-5,8,-3,-1,-6
48,0,0,-3,1,-3,-1,2,-2,6,3,8,10,-9,2,2,1,0,-3,3,-7,4,-16,6,10,-13
93/5,0,0,0,1,-5,1,2,-2,4,6,-10,2,0,-4,0,6,-1,1,-12,-9,-6,11,12,18,-18
98/9,1,0,-2,1,2,-5,-4,-2,-6,-1,-10,-2,6,6,6,-7,-12,8,4,4,6,10,3,-6,0
-92/91,0,2,0,-5,2,-2,-3,1,-7,-4,0,-8,6,8,-6,-2,0,10,8,9,-8,-4,12,4,-4
-37/5,0,2,0,0,0,1,-3,1,3,10,-5,-11,8,2,4,-3,2,-6,8,-3,-13,1,0,0,0
-9,0,-3,0,-5,-1,-5,-3,-2,4,7,-1,-6,8,5,-6,-2,-5,-7,-8,0,2,-8,0,1,13
-36/53,0,0,0,-5,4,1,3,1,6,9,-10,10,-6,2,0,5,4,4,6,-1,-2,8,2,-6,-10
-37/56,0,2,-3,-5,4,6,-3,1,-8,-2,2,-11,3,-6,3,-4,-4,-3,-2,-12,-13,-14,6,6,8
-35/52,0,2,0,1,0,-2,3,-2,-8,4,10,-5,6,4,10,-3,4,4,-3,8,10,6,12,2,-9
-71/8,0,-2,0,1,0,-1,-5,-2,-8,-7,-9,-2,0,-6,0,-9,2,10,12,-12,-2,0,-3,-14,3
-10/679,1,-2,0,-5,4,2,-1,1,-8,-2,-2,-7,0,-4,-1,-3,0,10,5,8,2,8,2,3,4
-5/678,0,0,0,-5,-3,-5,5,1,6,-10,-5,-2,-3,-2,-6,-2,0,13,-8,6,-10,-14,-3,-17,-12
-39/712,0,0,2,1,-1,-7,5,1,-6,5,-1,-2,-7,-10,0,-6,4,-1,5,13,-5,1,-16,-8,-9
57,0,0,3,0,-1,-5,-5,1,3,0,-9,-7,6,-7,4,-14,6,-8,9,-4,2,-8,3,2,-12
9/293,0,-3,0,-5,2,-5,5,-2,6,5,-7,-10,-7,9,-6,-10,-7,-7,-6,2,7,-14,-5,-12,1
-1391,0,2,2,1,2,-7,2,1,1,4,-10,-2,3,7,11,-10,-7,5,5,6,6,6,1,-6,-1
-923,0,2,0,0,-5,-7,6,1,-4,-4,2,10,6,1,0,-2,-2,1,8,-12,10,8,-16,-3,2
-309,0,0,0,1,6,1,2,-2,-3,10,2,-11,-3,6,4,10,6,-8,4,-6,14,11,2,0,-14
-927/2,0,0,1,1,-3,4,-3,1,6,6,8,7,6,12,-10,-10,-4,0,-4,-13,0,8,-4,-15,17
-925/2,0,2,0,3,4,6,2,-2,-3,4,10,-11,8,-9,-11,1,0,-13,0,-8,12,-6,-16,0,7
-26/29,-1,-2,4,1,-5,-7,6,1,3,-6,-9,-1,8,12,-6,-11,0,-6,-12,12,2,-12,4,-9,13
-251/5,0,-2,0,3,4,6,5,-2,-3,-7,10,-7,12,-4,0,-10,6,-5,9,-15,-5,6,3,-1,8
-245/2,0,-2,0,1,-3,2,2,0,0,-5,8,10,12,7,-8,6,-7,8,12,5,7,4,12,10,6
-53,0,2,-2,3,-1,6,5,1,-6,-4,-5,-2,-4,4,0,-10,4,13,-7,-3,-14,4,12,-6,17
93,0,0,3,1,4,0,-3,-2,-3,-4,-10,-5,-1,8,-8,-10,0,10,4,3,-14,-10,10,6,-1
-6/679,-1,0,0,-5,-1,4,-5,1,3,3,-6,-6,-6,9,10,6,-4,-7,2,-6,-1,-16,3,-4,4
-5/681,0,0,0,0,4,6,6,1,-8,10,-5,-8,6,-1,4,7,6,8,-12,-9,2,11,8,-15,12
-1/34,0,-2,0,0,6,-5,-2,1,6,2,1,-7,1,0,-3,-2,-13,-7,8,-7,2,13,0,12,-14
-8/689,0,-2,2,1,-1,-2,4,1,6,-8,-8,11,-6,6,-8,5,-4,2,4,-12,-4,-6,0,-12,-18
-5/688,0,2,0,0,-5,-5,-1,-2,4,-8,-7,-7,0,-12,8,-7,-11,10,4,-12,-2,11,-4,2,12
1/53,0,-2,2,1,4,2,-4,-2,6,2,-2,10,-3,-1,-6,5,9,8,-12,6,11,-16,8,3,10
-3/53,0,0,1,0,4,2,1,1,-6,-10,-8,-5,10,-1,0,5,-14,13,-4,10,-11,-8,-4,-1,-1
-7/342,0,0,1,1,-3,-5,2,-2,6,-4,-2,-6,6,-4,13,-10,10,13,4,0,-1,10,0,6,17
-11/687,0,0,-2,3,0,6,-3,1,-9,-1,-10,-2,-6,7,0,-11,8,4,5,3,-6,-16,1,6,6
2/65,1,2,0,0,0,-2,2,1,3,0,3,-2,-3,-1,0,10,-1,4,4,-9,-4,-4,14,-12,14
-239,0,2,0,1,-2,-5,3,1,4,6,-5,-7,-9,-10,-6,-4,6,-1,-10,-9,-14,-7,10,10,1
-20/53,0,-2,0,1,6,-6,1,1,3,-2,4,-2,-6,-2,0,5,8,-2,12,13,-16,-4,10,5,7
-62/49,1,2,-3,-5,-2,6,2,-2,6,2,-10,8,2,-1,-11,6,0,-13,4,-7,-11,-14,4,6,17
-61/48,0,0,3,-5,-3,6,-4,-2,0,0,3,10,3,2,-2,-2,10,-13,2,-2,-2,-9,16,-17,-2
-15/116,0,0,0,-5,-2,0,2,1,6,-6,-4,-10,6,8,4,-2,-3,-2,-8,-9,-8,5,1,-9,14
95/3,0,0,0,1,2,2,-4,1,-3,6,3,10,-6,10,-11,-2,6,-7,-10,-12,14,-14,-6,0,-1
89/2,0,2,3,1,2,6,-6,1,6,4,-4,2,-3,1,0,6,-11,10,12,13,-13,-5,0,-13,-1
95/2,0,2,0,1,0,0,2,1,-3,-2,2,6,0,-1,-8,4,0,-6,-7,10,0,-14,4,3,8
1/61,0,2,0,3,-1,1,6,1,-4,10,1,-2,-9,-12,6,2,-14,-4,12,6,11,-8,6,12,6
4/187,0,2,2,-5,-2,-6,-2,1,-3,6,-10,10,-6,-4,-6,-6,-12,10,4,-12,7,-4,-3,-7,-3
-365,0,2,0,1,0,6,-4,1,-8,-5,2,-2,-5,-2,7,-10,0,10,4,-12,-11,-9,-7,1,6
-366,1,0,2,-5,0,4,-3,-2,6,4,6,-8,3,8,4,-7,-4,-13,-5,-5,1,-15,6,6,2
1/935,0,-2,0,1,-2,6,-2,1,-4,-2,-7,2,-6,-3,0,-2,-4,-6,-11,0,10,5,12,0,17
7/932,0,-2,2,1,4,-5,-4,-2,4,0,10,8,-6,8,12,-2,-12,-13,-3,8,2,5,-11,8,14
6/1493,-1,0,2,3,0,2,5,1,-4,-5,-9,-7,10,8,-6,3,-1,-8,8,4,5,-4,-16,-15,-3
17/3730,0,-2,0,-5,2,-1,-8,1,6,0,3,-11,-3,-6,2,-4,-12,1,5,-3,-13,0,-7,6,-6
5/932,0,2,0,-5,-1,0,-3,1,6,2,10,-1,-9,9,0,9,0,1,2,15,-6,-8,15,-6,-14
10/2489,1,-2,0,1,4,-6,3,-2,6,-1,-1,8,1,-2,-8,1,-7,-4,12,9,2,-11,-16,-3,-12
13/2487,0,0,1,3,-1,-7,-5,-2,1,2,-2,-10,-7,6,13,6,1,2,-3,12,2,5,2,-6,-4
-41/11,0,-2,1,1,-2,2,-3,-2,-3,7,4,-2,-4,12,8,-4,0,13,12,-15,14,8,12,18,-6
-37/9,0,0,3,1,-1,-6,5,-2,-3,-5,-1,-11,-6,9,3,6,11,-5,3,14,-6,6,-4,18,2
-1390,1,-2,0,3,4,2,-3,1,-3,-7,-5,-5,-5,1,4,1,-13,13,-14,14,-13,-10,2,12,1
-17/1707,0,0,1,3,0,6,-8,1,-3,-8,2,-8,2,-2,4,-4,0,-6,4,-3,-13,-7,9,-14,-12
-10/853,-1,-2,0,3,-1,0,-3,1,6,-2,3,-3,8,-1,-8,-6,6,-2,10,-12,-1,8,-3,-16,5
-35/3419,0,-2,0,1,-5,-2,-3,1,-3,-7,3,-5,7,8,-8,3,-4,1,5,12,7,0,0,0,2
-29/3415,0,2,0,0,-2,-5,-5,1,1,-10,10,-1,-6,-3,10,-2,-2,1,3,0,-5,6,14,6,-2
-9/857,0,0,0,-5,0,-1,-5,1,6,2,-4,-2,-2,10,-8,0,0,-6,8,5,12,-14,-8,1,2
59/17,0,2,0,0,0,-5,-2,1,-8,-5,-4,-5,-4,-4,6,-2,-12,2,-14,13,-2,15,2,-15,-2
-465,0,0,0,-5,0,1,5,-2,6,0,-10,-5,0,12,12,0,0,-5,11,-9,2,4,-10,-14,8
-1861/2,0,2,3,-5,6,6,-3,-2,-3,-5,0,10,-2,4,-2,11,-4,-2,-12,8,-2,-8,-4,6,13
63/19,0,0,0,1,-5,-5,-5,-2,-3,3,10,-2,12,6,-2,-12,0,1,16,3,0,-1,8,-17,-12
-7/13,0,-2,0,1,-1,-2,-5,-2,-8,-3,-5,-2,-1,8,13,6,6,1,5,4,4,8,-4,6,-10
-46/79,-1,-2,2,-5,6,-6,-6,-2,-7,9,-8,10,-4,-4,0,-2,0,-4,8,10,-6,-8,-3,-16,-5
-46/77,1,2,0,-5,-2,6,-1,-2,-7,6,1,-10,-6,1,7,6,6,-11,-2,13,-11,-8,-7,9,0
2900/17,0,2,0,3,-2,2,-2,-2,-3,-10,2,-2,8,5,1,-6,6,-7,2,0,-5,6,8,-10,-12
2903/14,0,2,0,-5,4,-5,1,1,6,2,-4,-7,-6,4,-11,-4,-4,-11,-14,15,-6,10,7,-14,-13
966/5,-1,0,0,1,-3,-6,-3,-2,-7,-2,2,5,12,-1,-8,5,2,5,11,-3,-4,-6,-16,-6,-18
485/3,0,0,0,3,-3,2,2,1,-6,6,8,2,6,-1,12,-6,-12,0,4,6,5,-9,2,4,8
727/4,0,2,0,-5,-2,1,3,1,-3,6,10,-1,4,10,-3,3,9,10,5,3,-2,-1,-16,-15,0
2911/16,0,2,4,3,0,-5,-3,1,6,-5,-7,11,-4,-6,-6,5,6,6,-13,-12,-6,-4,-16,12,14
322/3,-1,0,1,1,-5,6,5,1,-7,4,-10,-2,-9,8,-3,3,11,4,0,-5,-4,0,12,10,2
64,0,2,2,0,0,6,-3,-2,6,-4,-6,11,2,8,0,-9,4,-5,-11,-12,2,-8,-4,0,-1
-6/749,1,0,4,-5,4,-1,5,1,-9,6,-5,-11,-2,-7,4,-4,-1,10,12,-12,-13,-1,16,18,10
-4/751,0,-2,4,-5,2,2,-1,-2,1,4,-9,-2,1,-6,-1,6,-11,-5,4,9,-1,6,12,2,17
-5/324,0,0,0,0,6,-5,6,-2,-3,0,-2,-2,8,7,2,6,0,-10,4,0,-16,-15,17,3,-3
-17/4491,0,0,0,0,0,-5,-8,-2,-3,-8,3,-8,6,0,-8,-7,4,10,8,4,-1,-14,-1,4,8
-5/1498,0,2,0,-5,-2,6,-5,1,2,6,0,-5,-3,-1,10,-9,2,10,-11,11,7,13,0,-6,18
-9/4496,0,0,4,1,-2,4,4,1,6,7,-1,-5,0,2,-6,-3,-14,4,4,-12,-16,-15,8,-7,-18
-9/4493,0,0,-3,1,4,6,2,1,-9,3,-1,10,2,-6,0,-2,4,-3,3,6,7,13,12,6,-1
1/1501,0,2,2,-5,0,4,1,-2,0,-2,3,-6,2,-9,-11,-2,-7,-2,-4,-12,2,-8,9,-12,10
323/4,0,-2,-3,1,-5,-6,-8,1,2,4,3,-5,8,2,3,1,0,4,-11,4,10,-10,12,-17,8
321,0,0,4,1,-1,-1,5,-2,-4,-7,3,-7,-3,4,8,1,-13,10,14,-3,-1,-5,6,12,-6
316/3,0,0,-2,-5,6,2,-4,1,-8,0,-6,-5,0,2,-6,6,0,13,5,-1,-13,4,-7,0,8
-4/245,0,2,0,-5,2,0,2,1,1,6,-1,-3,-5,4,6,-11,0,-8,8,0,14,12,11,-4,3
-4/123,0,0,0,1,0,-5,3,1,3,4,-10,-8,6,9,-8,-10,-9,-8,-12,-5,-13,4,-3,0,8
2/495,-1,0,0,1,-2,0,4,1,0,4,-4,-5,4,-1,0,-10,-11,-1,5,-8,7,-8,2,2,2
-1/494,0,2,4,-5,-5,-2,3,-2,6,0,4,-2,6,4,0,6,1,-2,10,-12,-2,4,2,-14,2
-5/493,0,2,0,3,0,-5,-2,1,3,-6,3,-2,-5,-9,4,1,-9,0,-11,3,-14,13,11,-10,-2
-1/98,0,2,0,-5,-5,4,-3,1,-9,0,6,-7,2,-4,-6,2,5,6,-10,-3,4,-8,17,6,8
14/97,-1,-2,-3,1,-3,4,-3,-2,1,9,10,7,-1,-1,0,-9,0,-6,4,0,-2,6,11,-10,4
-68/3,0,0,1,3,-2,6,-8,1,6,4,-4,10,8,-4,10,1,6,6,-11,2,10,-9,2,-3,11
-65,0,2,0,-5,-5,-7,2,-2,0,6,-4,-7,-6,8,-3,1,0,-8,-12,0,-13,-10,-4,-10,-2
26/15,-1,0,0,-5,-5,-7,-3,-2,4,2,1,-5,12,-3,-6,-4,6,6,12,-12,-13,11,14,12,2
11/6,0,0,4,3,0,-5,3,1,-8,-8,2,-2,-5,4,0,1,-4,5,3,-12,11,-16,7,-1,11
-85/49,0,-2,0,-5,4,4,-8,-2,6,5,-4,5,2,-10,0,6,-4,2,12,8,-8,8,-13,1,-5
-95/46,0,2,0,1,-1,-5,-6,1,0,7,-10,-5,-7,4,2,-10,-14,2,-2,-3,-5,-9,-4,0,-18
8/583,0,-2,2,-5,-2,-1,2,1,-3,6,-5,-3,10,1,10,5,2,-4,3,-8,-13,-1,-6,-14,8
16/585,0,0,0,-5,0,-2,6,1,-4,0,-9,-2,0,4,-7,6,4,10,-7,15,-5,1,-6,-14,17
4/297,0,0,3,1,-2,4,-4,-2,-8,9,-1,-8,6,10,0,2,-2,8,-7,0,7,-14,0,10,14
19/778,0,2,-3,-5,-5,2,-3,1,-3,-7,-9,-5,-7,4,0,-6,-5,-2,2,-15,-13,-5,-3,12,-6
9/389,0,-3,4,-5,4,-5,-3,0,3,-5,6,10,2,-1,-4,-2,0,-4,4,4,2,11,4,1,-5
10/779,-1,-2,0,-5,2,1,-3,-2,1,-5,10,-2,6,4,0,-10,-5,13,3,3,7,8,8,-7,-3
13/777,0,0,1,-5,4,-7,5,-2,6,6,-1,-8,-6,4,10,-2,0,-5,-12,11,-7,8,-3,6,-2
4/233,0,-2,0,1,-1,-1,-5,1,-3,-2,-1,-10,1,2,0,-11,-4,-3,2,-4,14,8,3,0,8
8/57,0,0,1,0,-3,6,1,-2,3,0,8,-6,12,-10,-3,-6,-2,5,4,15,-7,-10,6,-2,-6
-1862/3,-1,0,4,1,6,6,2,1,6,-1,-1,5,6,-4,12,-11,0,8,-13,12,12,-8,7,-14,16
-1861,0,-2,2,0,0,4,-4,0,6,-3,1,2,6,12,11,7,10,8,8,8,-8,8,6,-17,-14
-3/169,0,0,0,-5,-1,-2,2,-2,4,-10,-6,-2,-3,-6,-6,-7,0,-8,8,4,2,8,12,-6,-2
-9/338,0,0,3,1,-2,-2,-3,-2,-8,-1,3,10,-5,1,-8,-12,0,-2,-11,14,0,4,-16,6,14
-3/170,0,0,0,1,2,2,-2,-2,-3,-5,6,-2,6,1,-6,3,-4,-10,-4,2,7,15,1,-3,-12
-7/344,0,2,-2,1,4,2,5,1,3,0,-1,5,-6,-12,1,-2,-12,1,-10,8,0,15,12,-17,8
-23/3,0,0,2,-5,4,2,5,1,-7,-7,-9,-2,1,8,-6,6,6,-2,4,13,-6,-4,1,-2,-12
-34/5,-1,2,0,3,-1,2,-8,1,3,0,10,-2,7,-10,-8,-2,4,-10,8,11,-8,4,-3,10,-2
-134/13,1,2,3,0,6,-2,-3,1,6,-5,-10,-2,0,-10,-6,-10,-13,-1,-5,-4,-1,-10,-4,1,-18
-139/12,0,0,2,3,-3,-1,-3,1,-8,6,-1,-5,7,6,-6,-4,-4,13,-14,-3,-2,-1,2,-12,18
-10,-1,-2,0,-5,-5,1,1,1,-3,3,-8,11,-1,4,6,6,9,8,9,-12,-5,-15,-16,6,-9
-138/17,-1,0,0,3,6,4,-2,1,-7,-8,2,10,6,4,8,1,-3,-6,5,12,-5,4,-5,-9,-5
-137/13,0,2,2,-5,-2,-2,-3,-2,-6,3,1,6,12,-4,3,6,0,-1,-12,5,5,-10,14,-13,-14
-2/71,1,-2,0,-5,-3,-5,2,1,-4,4,8,10,-4,10,-6,7,9,5,12,4,-16,-11,-3,-13,-6
-1/118,0,-2,3,0,-3,6,4,-2,-3,3,-9,-2,-2,-1,0,-9,10,-1,4,4,7,0,-4,0,-2
-3/121,0,0,3,1,-2,-1,1,1,3,4,2,5,-7,4,-4,4,4,-5,4,-12,-6,-1,6,18,0
-7/244,0,-2,-2,1,-1,4,-3,1,3,-8,-7,6,-3,-2,0,6,-11,-4,5,-15,10,8,-4,-9,-2
-6/247,-1,0,0,-5,-5,-2,2,-2,-3,-5,6,-5,0,0,0,6,-3,5,-10,12,-9,6,0,0,-1
-1/121,0,-2,1,3,-2,1,-3,1,-9,2,-8,10,12,2,10,9,0,10,5,0,-10,1,-4,2,-2
2/119,-1,2,-2,-5,6,2,-2,1,1,7,3,-6,6,-6,0,-2,-2,6,-2,4,-2,-1,12,6,1
-5/122,0,-2,0,3,2,6,-3,1,-9,-2,10,10,-6,-1,0,1,-4,-4,8,-3,-13,10,12,4,-6
-9/245,0,0,0,-5,0,4,-5,-2,0,-4,3,6,8,-1,13,3,4,-7,-3,-9,-14,5,2,3,-9
-25/49,0,-2,0,-5,2,-5,-3,1,3,-4,-8,8,-7,10,7,1,-4,-6,8,8,-6,-10,12,12,2
-29/49,0,2,1,-5,-2,2,-5,1,-8,-10,2,10,-7,12,6,7,6,8,4,-5,-4,-6,3,4,2
-97/6,0,0,0,1,-3,6,5,1,-8,-5,-1,11,-6,5,0,6,13,0,-6,2,6,-16,-3,-16,8
-95/6,0,0,0,-5,0,-5,-3,1,3,-10,1,-2,8,4,8,1,0,4,0,6,-1,8,-16,-9,1
-16,0,-2,2,-5,2,2,4,-2,3,9,0,-2,6,2,-11,-4,-4,-7,5,5,2,-16,-9,-4,-2
-95/4,0,2,0,1,-5,6,-5,1,-3,-1,0,-8,-9,6,-6,6,-5,-8,6,4,-2,4,16,4,5
-49/5,0,2,0,1,6,4,2,-2,0,-2,0,-2,2,8,6,-9,-2,-7,-14,-9,14,5,-16,-17,-19
-49/6,0,0,4,1,-5,6,-5,-2,3,4,-4,6,7,10,-11,3,2,2,10,-15,-6,-5,0,-6,8
3/191,0,0,-2,-5,0,-1,2,-2,3,6,-9,-5,8,8,2,-3,-2,13,6,13,-10,15,12,12,8
-2/195,1,0,0,1,0,-2,-3,-2,0,6,8,-7,-2,-1,10,11,-4,-2,12,-12,-10,-8,-16,0,-14
1/32,0,-2,3,1,6,4,-3,-2,6,10,2,-7,8,-3,0,-7,-12,-5,2,8,-5,8,5,0,9
1/199,0,2,1,-5,-5,2,-1,-2,-4,6,3,-2,-3,12,-10,-14,-4,-10,12,3,11,12,-16,-8,2
3/197,0,0,1,3,0,-5,-6,-2,6,3,-1,-6,2,8,-11,4,11,-8,5,3,-2,6,0,0,8
8/1167,0,0,1,3,0,-6,-1,0,4,-8,10,-6,-7,6,-8,6,-4,10,-10,0,-13,-10,0,18,6
17/1170,0,0,0,3,4,-2,-8,1,6,6,-7,-8,6,8,12,-2,6,-8,8,7,-1,-4,16,8,10
12/1169,0,0,-3,-5,-3,2,2,1,-4,4,-5,2,-3,1,0,-14,-11,-4,-10,0,12,-4,0,-6,-4
1/71,0,-2,4,0,0,4,-5,1,1,0,2,-8,7,4,4,1,4,0,-14,4,-7,-15,-4,-6,-3
4/391,0,2,1,3,0,-5,-2,1,0,0,1,-7,-4,-6,0,-11,-4,-1,1,-12,-2,8,6,-14,13
3/587,0,0,1,-5,0,-5,-5,1,2,-5,-1,6,6,-6,0,-2,4,1,11,-9,-16,10,-4,-12,8
7/585,0,0,0,1,0,-2,4,-2,-8,9,6,7,2,6,-11,-4,0,1,3,9,-6,-8,-4,-14,8
7/586,0,2,-3,1,2,6,2,1,-3,-4,-1,-2,-5,-1,7,2,-4,-3,-4,8,5,-5,-4,-6,16
9/586,0,0,1,1,-2,-1,3,1,-3,4,-4,-2,-1,1,0,1,-12,1,5,7,-6,-15,-1,8,2
79/30,0,0,0,0,-2,2,-1,1,6,0,-1,-1,-5,2,0,-3,7,2,-10,3,8,4,4,1,-14
4/389,0,-2,0,0,-5,-1,5,-2,-8,10,-9,-2,-2,4,3,0,9,10,-3,-3,2,0,12,8,-2
3/260,0,0,0,3,-1,-2,-3,1,3,-8,-1,-2,8,1,4,6,-3,-13,10,0,-11,11,6,2,2
13/779,0,-2,-2,3,6,-7,1,-2,3,-2,3,-7,6,4,0,6,4,2,4,6,-10,5,0,-1,-10
11/779,0,2,2,1,0,0,-6,-2,0,3,-9,-11,6,7,-10,-6,-2,-5,4,14,-11,8,12,6,17
-182,1,2,3,1,4,-7,2,1,6,0,-10,-2,2,4,12,-4,-1,10,11,-15,-8,10,-9,0,0
-364/3,0,0,-3,1,4,-7,-4,1,-3,3,-9,10,-4,-2,-1,2,-11,-5,-14,-12,0,-16,-12,0,8
5/81,0,0,0,3,-3,-6,2,0,6,-2,-4,-1,-5,10,-6,4,0,-1,14,7,0,8,4,12,-6
-1454/11,-1,-2,0,-5,-2,6,-1,1,6,-8,-1,7,-7,-9,-6,-9,0,5,-7,5,-6,13,-4,-15,1
-1448/13,0,2,1,1,-1,-2,2,-2,-6,-10,0,10,12,7,-4,-3,0,-11,-12,-9,-1,-7,0,-8,8
-2899/29,0,2,1,1,4,-7,6,1,-9,-6,-1,-10,12,-9,0,6,6,10,11,8,-6,4,14,-14,-8
41/21,0,0,4,-5,-2,2,-5,-2,4,9,1,-7,-4,-1,10,9,6,4,14,6,10,-4,-16,-6,13
41/19,0,-2,2,-5,-5,-1,6,-2,3,6,-7,-2,-4,-6,0,-2,10,-2,3,-9,11,-7,-4,-14,2
44/21,0,0,2,-5,0,6,5,-2,-3,0,-1,-7,1,-2,4,-2,13,-1,-10,3,-5,-6,10,-6,3
-39/716,0,0,4,-5,4,-7,-5,1,6,3,10,-10,7,4,12,6,-4,-7,4,6,-13,-14,1,2,0
-39/719,0,0,1,1,-3,-7,3,-2,-3,0,-5,5,2,-7,8,-14,0,-5,-8,2,4,-5,12,-16,-6
-11/239,0,-2,2,3,0,1,-5,1,-3,6,0,-3,6,6,6,-2,6,8,-4,-6,-11,-9,3,1,-7
-17/359,0,-2,-3,1,4,-6,-8,1,3,0,10,-2,-6,-3,2,11,-4,-1,-12,-12,2,-15,-9,-10,-5
-13/361,0,-2,2,1,-5,-7,4,-2,-3,0,-10,-7,-6,-2,-1,-6,-11,-1,12,-4,-13,-6,17,-6,8
-2/47,1,-2,2,0,-2,1,-4,1,-8,4,-9,-7,0,8,3,6,0,4,-3,0,-1,-5,12,-8,13
-4/115,0,-2,0,0,0,0,4,1,0,-2,-4,7,12,12,7,6,-2,6,-4,-1,-4,8,3,-15,14
-10/37,-1,-2,0,1,-2,-5,-3,-2,-9,-4,10,-8,2,8,2,7,-4,-11,12,-4,-14,-1,-4,18,-2
3/13,0,0,4,-5,4,-2,6,1,6,-1,-5,5,6,6,10,1,-4,-10,4,-9,11,-10,5,12,18
19/60,0,0,0,3,2,-5,-3,1,-8,-3,6,5,-6,5,1,-11,0,-10,4,-3,7,8,10,-4,14
19/59,0,-2,0,-5,-1,6,-3,1,-3,3,-10,-5,-6,4,-3,0,10,-5,8,8,14,-16,-3,-14,-13
45/58,0,-3,0,-5,-3,2,-3,-2,-8,-6,3,10,-3,10,1,10,-14,-1,-6,-1,-13,4,6,-6,13
41/59,0,2,1,1,-1,-5,2,-2,1,-5,2,-2,-4,8,0,-6,10,-2,8,9,8,6,-4,12,-18
43/59,0,-2,0,-5,0,-5,3,1,-8,3,-9,10,8,-1,-11,6,10,-1,10,15,12,-6,3,-14,-5
-173/2,0,-2,2,0,4,4,1,1,-8,6,-1,-1,6,8,-11,1,-2,-1,-7,8,12,-10,6,0,9
-61/5,0,2,0,1,-5,-6,5,-2,-4,4,-7,-5,0,2,-11,10,10,-13,16,-1,-2,-6,2,1,12
-59/5,0,-2,0,-5,0,-1,6,-2,6,2,-9,-2,12,-7,0,2,-12,1,8,-9,-7,-1,6,6,-18
1/47,0,-2,-2,3,-3,-5,-3,-2,-3,0,-6,2,-9,7,3,-2,-1,13,-3,-12,11,5,-3,-6,-1
-100/47,0,2,0,0,4,6,-3,-2,-3,-5,8,11,-6,-6,3,0,2,-10,-4,13,7,6,9,-14,10
-33/16,0,0,-3,0,0,0,3,-2,6,6,-9,-6,12,-4,-8,1,11,-6,2,6,-10,13,-8,10,-2
-51/23,0,0,0,1,-3,-5,-8,-2,0,2,10,8,0,4,-6,9,-13,-10,1,-15,-14,12,2,-1,10
-48/25,0,0,0,1,2,-1,5,-2,-4,-5,-1,-8,3,-6,-6,-11,-5,-10,-2,-15,-16,15,-4,-14,14
-5/88,0,2,0,-5,-2,-6,-3,-2,3,-3,2,-10,1,-10,10,-3,0,-7,-10,5,4,-4,12,-8,3
-14/177,1,0,3,1,0,-5,5,1,6,-4,-5,10,12,1,0,-9,10,1,-6,8,0,-4,-13,-17,2
-16/355,0,-2,0,0,-1,-1,-3,1,-8,-4,-8,-1,-9,-2,-7,-3,-4,8,4,4,7,-10,4,-1,-5
-2785,0,-2,0,0,0,2,2,1,-8,0,-5,11,3,-4,-6,-10,-4,-5,-10,5,11,15,-15,10,2
323/8,0,2,4,0,2,1,-8,1,-8,6,-8,-2,6,6,7,7,13,-3,-12,6,-1,-8,12,-3,-2
487/6,0,0,0,3,2,2,3,1,-6,0,-1,8,1,12,-8,-4,-4,-2,10,3,6,5,9,-3,1
485/2,0,2,0,0,2,0,-3,1,-3,-2,1,10,-6,-4,-11,-14,-11,1,10,4,7,-4,-1,6,8
479/3,0,0,3,0,-1,-5,4,-2,4,-4,0,-11,2,4,-7,3,6,-6,3,4,-10,13,6,2,-14
962/7,-1,-2,0,-5,4,-7,3,1,2,0,-5,-11,8,4,-10,-2,-9,5,3,7,-2,0,0,-14,-12
965/8,0,2,0,1,-5,0,-3,1,-4,4,4,-2,0,4,6,6,0,-7,-6,16,-13,-6,6,1,-2
963/7,0,-3,2,-5,-3,0,-3,-2,-6,-4,10,-5,-6,2,4,-10,2,-2,-14,15,-13,15,12,-6,8
2894/25,-1,-2,0,1,-3,-5,-4,0,-8,4,-2,-11,-3,8,-6,-2,0,-7,-12,3,14,0,10,2,10
956/7,0,-2,-2,-5,-2,2,2,1,-3,-2,8,-2,0,-1,6,-4,10,10,6,6,-16,8,-4,-4,-14
104,0,-2,1,1,4,-7,-6,1,1,-5,3,-6,-7,-6,4,-6,6,1,4,-9,-2,8,2,8,-6
107/3,0,0,1,3,6,2,-3,1,-3,-8,0,10,-7,8,4,6,6,-13,-8,10,7,-1,-3,6,-3
53/2,0,2,2,1,6,6,4,-2,-3,-5,3,-2,1,2,-7,-10,6,-8,6,0,-5,11,0,-14,2
-53/19,0,2,0,1,-2,0,3,-2,-9,3,2,-2,6,-1,0,-10,-5,0,-5,-4,-13,0,16,-6,-8
-335/2,0,-2,0,-5,-2,-5,5,-2,-3,0,3,7,-6,-1,0,6,0,-1,-5,-8,2,-9,-16,12,2
-1/132,0,0,3,0,-2,-6,-3,0,0,0,-9,10,8,-7,0,-6,-2,1,-10,-12,-6,-16,4,-8,17
-6/65,1,0,0,-5,2,-2,-6,1,-3,-3,-4,10,10,12,-11,-4,4,1,10,2,6,-8,-4,12,-14
-7/113,0,2,0,1,4,-5,-3,-2,-3,-5,-9,-2,0,6,-8,0,-7,0,12,14,-6,-9,16,0,11
1/56,0,-2,4,-5,-5,2,1,1,3,3,-5,10,-1,-4,0,6,0,5,8,0,7,2,-3,-15,16
4/59,0,-2,4,1,-5,-5,-4,1,6,-2,-5,-2,2,7,-11,3,10,5,12,-9,-2,-16,6,6,-12
-5568,0,0,3,-5,0,-1,-3,1,-8,-10,3,-5,6,-2,0,11,-3,-3,6,-15,-14,-4,-4,-9,-6
-2785/2,0,2,0,-5,6,-5,-1,1,-4,3,10,-3,-7,2,0,0,0,2,3,4,-2,-15,12,-1,-18
-5567,0,2,-2,-5,6,2,-4,1,-4,4,-9,-7,8,1,-4,-6,-4,-7,-14,12,-2,8,-16,-7,9
-87,0,0,0,-5,-5,-5,5,1,-3,-10,6,-11,-5,10,0,3,-9,4,-3,5,-4,6,-11,0,-7
43/2,0,-2,2,-5,4,0,-3,1,6,6,6,-2,-6,-1,0,1,-4,-7,2,-4,-13,-10,-7,-6,17
-5571/2,0,0,0,-5,-2,1,5,-2,-3,9,-1,-2,2,12,7,11,-7,8,-6,3,-11,-4,-16,6,3
-278/5,1,-2,0,1,2,6,-4,1,6,3,-7,10,10,-3,-3,6,10,-10,8,-1,-7,10,-13,-14,2
-14/13,1,2,-2,1,-3,-2,6,1,2,3,10,-5,12,-9,0,1,1,13,-14,14,2,-5,-7,-7,-2
-71/2,0,-2,0,3,-2,2,1,1,-4,-5,3,-7,7,1,-6,-2,0,-13,8,-12,-16,-1,4,6,-2
-67/3,0,0,0,0,4,-5,-5,-2,-6,-8,10,11,-6,6,6,5,-7,5,-5,6,-13,-1,-10,-12,-7
-69/4,0,0,2,1,-1,6,-3,1,-7,3,6,6,-3,9,-6,-6,10,5,12,7,-16,8,4,-8,-6
34/2341,1,2,1,1,4,-5,-8,1,3,5,6,5,-4,4,-6,-2,-4,6,8,5,-7,11,12,12,-2
26/2345,1,2,0,-5,-1,-7,-3,1,-4,-5,1,5,-3,10,0,-6,-14,-2,0,4,0,15,2,0,17
29/2345,0,2,0,-5,0,4,2,1,-8,-10,3,-5,-3,2,1,6,-2,-3,0,11,7,0,-10,6,-1
-43/8,0,2,1,1,4,-6,4,1,-3,7,-1,11,10,-1,-8,1,-2,-3,10,-15,2,5,2,10,-1
-1849/8,0,2,-2,1,-3,4,-4,1,-9,3,-9,2,6,-1,0,-2,10,8,-6,0,-13,4,6,0,-7
-1849/6,0,0,4,0,0,-6,6,1,6,-4,2,-1,0,-1,1,-3,-11,8,4,-15,6,10,10,-6,8
-931/3,0,0,-3,1,4,-6,1,1,0,0,1,6,-5,2,-7,6,-12,-2,-3,-3,11,-10,-16,-1,-2
7/260,0,-2,0,1,-5,-2,5,1,-3,6,-4,10,12,-4,0,1,-4,-4,-12,11,14,-15,0,-9,-5
22/783,1,0,2,1,0,1,2,1,-4,-6,-9,-5,7,-12,0,9,0,-2,4,-5,4,8,-11,12,-7
7/283,0,2,1,1,4,0,-3,1,-3,0,-7,-2,-4,4,0,4,-12,13,4,-12,14,-1,7,6,-8
1/141,0,0,0,0,4,-6,1,1,6,6,3,-2,6,-6,3,11,0,-7,3,-8,-1,-6,-16,10,14
5/139,0,-2,0,1,4,0,-3,1,-3,-2,-8,-7,6,-2,0,5,0,1,12,3,-6,13,6,6,17
3/70,0,0,0,-5,0,4,-1,1,-8,6,3,11,10,0,0,-9,-9,2,12,-12,1,4,-5,3,2
-5/558,0,0,0,1,0,-5,-3,1,-8,7,2,5,6,2,10,-11,-2,13,8,7,-8,8,-4,10,-14
-2/559,1,2,-2,1,-5,-2,4,-2,-8,6,-4,10,-7,-12,-6,-2,-2,5,-11,13,-8,4,0,0,3
-1/560,0,2,0,-5,-5,6,4,1,-4,4,0,-7,3,10,-8,-4,-2,-4,14,13,-13,-4,-6,1,2
-1/563,0,2,-3,1,4,1,-3,-2,6,-5,6,5,2,-9,2,6,10,13,-6,-4,-6,6,12,0,12
-4/563,0,2,2,0,0,6,5,1,6,3,-2,10,-3,10,-1,-11,6,-7,-3,-2,0,1,0,6,-9
-1/555,0,0,0,3,-1,2,2,-2,-3,6,-8,-8,0,7,0,3,10,-2,2,-5,10,12,-3,18,11
191/13,0,-2,3,-5,-1,-2,3,-2,-4,-5,-4,-7,12,-6,10,-2,-4,-2,8,12,-2,12,-3,-6,1
128/9,0,0,2,0,-1,6,4,-2,0,4,-4,-1,0,-10,6,-4,-4,-5,2,14,-6,-8,2,12,-2
383/21,0,0,-3,-5,-1,-5,5,-2,0,0,-6,-7,4,12,-11,1,0,-13,5,6,-14,-7,6,-17,-5
384/25,0,0,0,-5,4,-6,2,-2,6,7,-4,-2,-6,-10,0,10,-4,8,-3,12,-13,13,4,-7,-18
-35/43,0,2,0,1,-1,2,5,1,0,-5,1,-7,3,-12,0,-4,2,-1,4,3,11,-15,1,3,-5
5/27,0,0,0,1,-5,-5,-4,-2,3,-5,-1,10,7,4,-6,6,6,10,8,-3,0,1,12,-1,-14
15/68,0,0,0,3,-1,-5,-2,-2,6,4,10,-5,0,6,0,-3,2,1,8,3,-13,6,12,10,1
14/71,1,2,2,1,4,4,3,0,3,10,-5,-7,-5,-2,0,6,-9,8,4,4,-16,0,0,8,-10
-7/855,0,0,0,1,2,4,-6,-2,0,3,-1,2,6,-4,0,0,-14,-12,3,-9,0,1,5,6,8
-13/1710,0,0,0,-5,-3,-7,2,-2,3,9,4,-2,6,4,0,6,-4,13,-5,-4,7,6,-4,6,-6
-7/1709,0,2,0,1,-5,2,2,-2,-4,-10,6,7,10,7,-10,6,13,-12,14,-4,2,0,7,12,2
-1110,1,0,0,3,-5,-5,6,-2,-8,0,6,-11,-6,12,-6,1,-9,-10,-10,15,-13,4,12,0,0
127/3,0,0,2,-5,-1,6,2,-2,0,2,2,-6,2,7,7,9,5,-8,8,3,-4,8,-5,18,-7
126/5,-1,0,0,1,-5,6,5,-2,-6,-7,10,-2,-6,12,0,-14,-3,13,8,-5,6,-4,1,4,-1
-55/17,0,2,0,-5,0,-1,-2,1,-3,6,0,-8,-5,-6,0,1,2,2,3,15,8,-11,-5,0,-1
70/9,-1,0,0,1,0,0,-3,1,6,4,-7,-5,7,10,1,-6,0,10,12,4,4,8,-12,6,9
73/7,0,2,2,-5,-5,1,-3,1,-8,-1,6,-2,4,6,0,6,-2,-12,8,-15,-11,13,14,-6,1
70/11,1,-2,0,1,-2,-5,5,1,-8,0,3,-2,6,-2,13,6,0,-5,-2,-1,-1,6,8,10,-5
140/9,0,0,0,1,4,-5,-3,1,-3,6,10,-3,-1,-4,-4,-2,11,2,5,5,4,-7,12,1,14
35/6,0,0,0,1,-3,-5,2,1,6,4,3,-8,12,-1,0,11,-2,10,-14,4,-4,-4,1,1,2
291/29,0,0,1,-5,4,-6,2,1,4,-6,-7,5,0,-1,0,4,1,-4,-3,14,-9,1,-16,3,8
291/31,0,0,0,1,-2,2,2,-2,-4,6,2,10,6,12,4,7,-7,-2,5,14,5,5,-11,6,8
144/13,0,0,0,3,2,-2,5,-2,0,7,1,-1,-4,8,10,9,-2,-6,2,3,14,-5,-3,1,16
72/7,0,-3,4,-5,-3,2,2,-2,3,-7,-4,-2,-7,-2,0,-11,4,-10,-4,-12,-5,8,12,-14,-18
33,0,0,-2,-5,0,6,3,-2,6,-2,-6,5,-2,4,-2,-11,13,-2,12,-9,-11,13,-10,-6,14
82/25,1,2,0,3,0,-1,-5,0,6,2,2,-11,-4,2,8,6,1,4,-7,15,4,-8,-16,0,-14
83/26,0,2,-2,-5,4,-2,-3,0,-4,4,-6,-5,-4,7,12,1,0,1,-3,3,11,9,0,12,-10
23/37,0,-2,1,0,-2,-5,-6,1,-7,0,-5,-8,6,-9,10,-3,0,-1,-11,-15,2,-8,4,1,-14
9/20,0,-3,0,-5,-5,-5,2,1,-4,0,-6,-1,2,4,-11,3,10,8,2,12,10,15,7,0,-6
-55/73,0,-2,0,-5,0,4,-5,1,-3,-4,-9,10,-6,5,0,-4,0,4,-12,-12,-6,4,8,6,7
-1/140,0,2,0,-5,-3,-1,-3,1,3,-4,-4,2,-6,-3,2,-2,1,-3,12,7,2,-7,-3,-15,-5
-11/224,0,-2,0,-5,0,-5,-6,-2,-8,-4,-7,10,12,4,2,-4,-2,6,-14,-8,2,6,2,-1,-9
-1/53,0,2,-2,-5,2,6,-3,1,-3,-4,2,-6,-6,6,8,5,0,-5,1,12,0,-16,4,0,14
70/17,-1,-2,0,1,0,4,-2,-2,-9,0,-9,-2,12,4,-3,-3,0,6,-8,6,-2,-10,15,0,-8
71/16,0,-2,4,-5,-5,0,2,1,-8,0,10,-5,-9,5,0,4,6,-12,-14,-12,7,12,1,-13,9
65/17,0,2,0,3,0,-7,-2,1,-6,-8,-6,-1,12,-10,6,-3,-12,-4,-14,-12,7,-4,6,-6,-5
69/16,0,0,2,3,4,2,3,1,-7,-5,-1,10,-6,8,11,-3,1,4,2,0,-4,-15,2,-1,7
-1267,0,-2,-2,1,0,6,-3,1,-8,0,-10,-6,-5,1,4,-7,-9,10,8,-5,-6,-16,0,12,14
-1261,0,-2,2,1,-3,-7,2,1,0,6,1,-10,10,1,-6,-9,-3,-11,-8,-4,-14,-16,-9,-6,8
-561,0,0,2,1,0,4,-8,1,4,3,-4,-1,0,-2,-7,-9,-4,-10,2,6,12,6,1,-15,12
-37/14,0,2,2,-5,2,0,4,1,-4,4,-10,-11,-6,-4,0,-2,0,-12,4,2,-1,-16,2,1,-2
-379,0,-2,4,1,2,4,6,0,1,-1,-2,-6,-1,12,0,-2,0,-3,5,-9,-4,8,4,-6,-5
-759,0,0,0,-5,0,-5,-5,0,-7,-3,4,10,6,9,10,3,1,8,12,3,8,6,7,3,-7
-252,0,-3,-3,1,-5,-5,2,-2,-3,0,-9,10,0,-4,-10,5,-4,1,5,-9,5,-8,16,8,2
-759/2,0,0,-2,1,0,-5,2,-2,-7,-5,-1,-7,10,1,4,6,6,-6,4,-5,2,10,-16,-1,-12
43/42,0,0,1,-5,2,2,3,1,6,10,10,-5,-7,-1,-3,-2,0,-6,2,16,-6,13,0,12,-3
44/103,0,-2,-3,1,0,-5,-1,1,0,10,1,10,1,4,-11,1,0,-2,5,8,-2,-16,12,12,-7
21/50,0,0,0,1,0,-1,-3,1,3,4,6,10,6,10,0,1,-3,-3,4,-8,14,0,4,6,-18
-3/425,0,0,0,-5,0,-5,-2,1,2,0,-8,-1,6,6,3,11,4,10,-10,4,11,6,-3,-16,-14
-5/569,0,-2,0,0,0,-6,-1,1,-4,4,-1,-10,-6,8,-8,6,0,-2,-3,3,0,-8,-1,-12,2
-6/569,1,0,2,-5,-1,0,6,1,-3,3,-1,2,-3,12,-6,6,0,6,-8,4,2,-8,-4,-13,-14
-13/1139,0,2,-2,3,4,-7,-2,-2,-4,-7,-8,-10,1,-1,-2,-4,-2,-8,0,2,-13,0,14,1,-12
-40/3413,0,2,0,-5,4,4,-1,-2,-6,-1,-4,-8,0,-10,0,1,-9,-12,-3,4,-4,5,-11,1,-8
-4/253,0,-2,3,3,-2,-5,-6,1,0,6,-2,10,-6,-6,12,6,-9,2,-5,6,7,15,12,-10,8
-4/255,0,0,0,0,0,-6,-2,1,-8,7,-9,8,-5,6,0,-9,4,-3,9,5,-13,-8,2,-6,0
-2/565,-1,2,0,0,4,-5,-3,1,4,-2,-9,-7,2,-7,0,-10,0,8,6,-7,2,6,12,4,-4
-1/113,0,2,-3,1,4,2,2,0,1,10,8,10,0,6,-8,-3,6,8,5,-12,-2,13,8,10,14
-1/95,0,2,0,-5,-2,1,2,-2,-3,-10,0,10,-7,-10,-8,6,0,-7,2,-12,-5,-1,-4,-6,5
-1/63,0,0,-3,-5,-3,6,1,-2,0,2,1,11,0,9,0,-4,4,8,-14,13,2,-5,16,-10,8
-3/187,0,0,4,-5,-2,0,-2,0,-4,-7,-4,-2,-9,-6,-7,-6,2,-7,-4,0,4,5,7,1,11
1/70,0,2,0,-5,-2,-5,-4,-2,-3,-5,-10,-7,-6,12,0,-2,-4,8,12,-8,4,8,2,-17,-14
-4/141,0,0,4,3,-1,0,-5,1,4,4,10,11,-6,-7,3,0,-10,-5,2,12,7,-15,-16,2,17
29/67,0,-2,-3,1,4,-5,2,0,-4,-10,3,-2,8,10,13,4,-9,-2,0,-6,14,-8,-4,0,0
24/65,0,0,0,-5,0,-2,-4,-2,-8,7,-1,-7,-6,2,0,-6,6,1,2,6,-13,11,16,-9,-7
11/32,0,2,-3,0,0,-5,2,-2,4,2,3,-7,-6,10,10,-6,2,-3,8,6,7,9,12,-10,-1
-22/23,-1,2,0,3,0,1,-6,1,0,2,-9,-6,-3,-7,0,6,-7,8,-10,-9,-14,-8,-4,-6,10
-7/94,0,-2,-2,1,0,0,2,-2,6,0,-2,-7,0,-1,3,-7,-4,-1,-12,-6,4,5,4,-1,8
-2/57,-1,0,2,-5,6,2,5,-2,0,-7,10,10,-6,-4,0,-4,0,4,-13,-12,2,15,1,-9,-14
73/8,0,-2,4,3,4,2,1,1,1,7,-9,5,-5,-10,-6,6,-10,10,5,-3,-11,-4,0,-6,9
76/7,0,2,3,-5,-2,-1,-5,1,-3,6,-6,-3,-6,-6,-11,-4,0,1,-12,-3,-5,-15,12,-14,9
142/11,1,-2,-2,-5,-2,6,3,1,-3,-4,-9,5,-9,4,-10,-4,-4,13,11,-12,-16,-15,-4,-1,-12
32/99,0,0,3,-5,-2,-5,6,1,-8,6,-9,-7,7,-10,0,1,0,-10,12,0,-5,-8,12,-1,-6
16/49,0,2,2,-5,-5,6,-4,-2,-3,-3,-7,2,-7,-6,-6,-6,6,-10,-7,9,4,-12,-7,3,-2
19/50,0,-2,0,-5,4,2,5,1,-4,2,2,-5,-3,9,3,6,-9,4,-8,13,6,-1,9,-1,18
-1/74,0,2,2,-5,-3,2,2,-2,-3,0,10,-8,-5,-6,10,-7,-2,10,11,-9,1,8,-15,6,-18
-3/884,0,0,-2,1,-1,-2,-2,-2,6,-4,-7,-5,-9,8,-11,-9,5,1,-12,-5,2,-16,2,6,6
-4/125,0,2,0,-5,6,-6,2,-2,6,-4,-9,-2,-9,-6,-8,11,-5,-10,6,12,0,-16,1,6,18
-5/438,0,0,0,-5,0,4,2,-2,6,-5,-1,10,0,4,-11,-9,-4,0,8,-15,-6,10,0,6,-19
-6/443,-1,0,-2,-5,0,6,5,1,-4,0,-1,-1,-1,-1,-8,-9,-4,1,4,-12,0,-15,-6,3,-18
89/51,0,0,2,1,0,0,-2,0,0,-5,6,-7,0,4,1,-3,-9,-1,2,4,-4,6,2,-13,3
88/53,0,-2,4,0,0,2,-1,1,2,2,-10,-11,12,-1,-8,5,4,-4,-12,4,-2,12,6,0,-14
-14,1,2,0,1,0,6,2,1,-3,6,8,5,0,1,-2,-2,6,2,14,-4,-4,-6,6,18,18
73/2,0,-2,1,-5,0,-5,5,1,6,6,-8,10,6,9,1,6,0,1,10,2,-11,-16,-16,-10,-12
148/13,0,2,4,1,0,-2,2,-2,-4,-1,-5,-11,-3,-6,-6,-2,-7,2,-12,3,-2,-14,2,-4,14
148/11,0,-2,3,1,-2,-5,5,-2,-8,-3,-5,-11,1,4,3,0,-4,-10,4,6,5,8,2,-15,-8
146/11,-1,2,0,-5,-2,-5,-3,1,3,-5,-6,-7,-6,-4,6,7,-12,2,-6,0,-11,8,2,9,2
89,0,-2,2,-5,-5,4,-3,-2,-4,-7,-9,-2,-9,10,-8,3,-14,6,-11,-3,-5,-12,4,-13,-10
89/3,0,0,0,-5,-3,-5,1,-2,-4,7,-5,-2,6,-6,8,0,0,-4,8,0,-2,-15,12,-13,13
189/5,0,0,0,1,4,-5,2,1,-3,5,-9,5,-6,-12,11,-10,-13,-4,12,0,-10,-7,7,6,8
193/7,0,2,1,-5,-3,-1,-3,-2,-8,4,2,-2,10,10,0,2,-11,-7,0,-1,-10,-5,1,3,18
17/779,0,2,-3,-5,0,-1,-8,-2,6,5,3,11,6,-12,0,6,-13,8,-12,-4,-13,-11,-8,12,-18
4/259,0,2,4,-5,0,-1,4,-2,-6,-1,6,-8,0,-1,-6,6,-4,-7,2,-12,2,13,-12,6,0
9/779,0,-3,4,0,-5,-5,2,-2,-4,-4,1,5,6,-10,-11,6,6,-13,-4,-15,2,6,12,-6,12
7/779,0,-2,-2,1,-1,-6,-4,-2,-3,7,-7,-7,6,-4,4,3,10,8,4,-9,7,-8,-3,10,8
2/195,-1,0,0,-5,-2,-2,-3,1,-9,6,-1,-2,6,6,0,1,-10,8,-11,4,11,-16,-3,3,10
-52/61,0,-2,3,-5,2,-7,2,1,6,-7,-8,-8,-7,8,-7,2,13,-4,5,0,-14,11,-4,-7,6
-47/59,0,-2,2,3,-1,2,-4,1,3,4,-9,10,0,-9,-8,-3,10,-12,5,-13,6,-9,-16,-1,-18
-5/856,0,2,0,0,0,-1,-6,-2,-4,3,3,7,-6,-12,0,-10,9,6,12,0,-2,-8,0,-17,14
-95/48,0,0,0,-5,-5,2,-4,1,6,-3,-5,-7,-5,0,-8,3,-14,5,-4,-15,-11,4,3,10,-1
-95/52,0,2,0,0,2,-2,1,1,3,4,-7,-1,10,10,0,6,6,-6,5,3,-13,2,-5,-8,-18
-98/55,1,2,0,1,-2,0,4,-2,3,2,-1,10,-3,10,0,-14,-1,-8,-11,-2,2,5,4,5,8
-1/41,0,2,2,0,-3,-6,6,1,4,-5,3,-7,6,-2,-6,-2,8,-6,-2,-9,-5,0,12,-10,16
4/79,0,2,2,1,-1,-5,2,-2,-3,3,-9,5,7,0,12,-2,6,8,12,7,-11,-8,12,3,14
-2/53,-1,-2,0,3,-5,4,3,-2,-8,-5,-1,5,-3,-6,-11,5,-1,-1,3,-12,2,6,6,-8,2
-2/55,1,2,0,1,-2,-5,-3,0,6,7,10,-8,0,8,-6,0,-14,2,4,13,-13,13,4,-1,10
-7/491,0,2,-3,1,6,4,6,1,6,-10,-1,-2,-9,4,-11,-4,7,6,4,4,-6,-14,11,2,-6
-1/164,0,2,0,1,-5,-5,2,-2,-3,5,-2,-6,6,2,4,4,-5,-7,-10,6,-6,6,-4,-12,3
-2/123,1,0,2,3,6,-5,-3,1,-8,-5,-6,-1,6,1,0,1,10,5,2,14,4,-10,8,12,-12
-2/125,-1,-2,0,1,4,1,5,1,-3,5,-4,-2,12,-2,12,-2,-7,6,-12,-3,11,2,-11,-6,-14
-15/1141,0,0,0,-5,4,-5,4,1,-8,9,10,-2,6,4,-6,6,-14,-4,4,-12,-11,-15,12,10,-12
-13/1141,0,-2,3,-5,0,-7,-6,1,0,3,-4,5,0,4,-8,10,-1,8,-13,15,11,11,12,-15,-5
-20/1709,0,-2,0,0,2,2,5,0,3,10,-9,10,-1,4,13,-2,0,2,-13,6,4,1,-4,9,-2
-13/1138,0,-2,1,1,-3,-7,-3,1,-8,2,-4,-7,-4,1,0,-2,10,-4,3,6,-6,11,-6,0,5
-37/3418,0,-2,0,1,4,4,2,1,-4,-7,2,-11,3,12,8,4,-12,5,-12,-6,-4,0,1,2,5
-7/850,0,-2,0,1,4,-1,-2,1,3,-2,-5,10,2,2,4,-4,6,-6,12,-15,4,-4,-15,-12,-7
374/15,1,0,0,3,0,-5,-8,-2,-3,2,-9,-7,-6,4,-7,-11,-2,1,5,0,-4,10,4,8,0
377/15,0,0,0,1,0,-7,1,1,-9,-10,-8,6,1,7,3,-9,13,-6,-12,4,7,-1,0,-12,-3
190/9,-1,0,0,-5,-3,4,-5,1,-6,-4,-4,-2,-6,4,-8,-2,1,0,-5,6,-1,-6,-3,18,2
95/4,0,-2,0,0,6,2,5,1,6,-7,4,5,-3,-1,-8,-4,11,-7,2,0,14,-1,0,0,-13
129/7,0,0,-2,-5,0,4,3,-2,6,-4,-1,6,-5,-1,12,-4,0,10,16,14,-13,-4,16,-15,-2
77/3,0,0,2,1,0,-5,2,-2,6,4,-5,8,-6,4,4,6,4,-1,3,-1,4,0,-16,0,-6
376/15,0,0,0,-5,2,-6,3,0,-4,-1,1,-6,-5,2,-8,6,-4,-5,-10,0,2,-1,-3,18,-18
379/17,0,-2,-3,-5,6,6,-2,-2,6,-3,0,-1,3,4,8,1,6,8,2,-15,-4,6,-4,-12,2
36/25,0,0,0,1,-5,1,-3,1,6,7,-7,-10,6,-2,-8,6,-4,0,-3,-4,-2,0,-4,-8,-13
55/38,0,-2,0,1,0,2,4,-2,-9,3,1,10,8,-9,4,-2,5,-3,2,3,2,8,-3,-8,-2
-1/142,0,-2,-2,3,-5,2,2,1,-8,10,3,-1,4,4,-8,-2,10,-5,8,4,-2,-5,4,0,2
-5/282,0,0,0,0,-3,4,-3,1,-8,-8,10,-2,-6,-2,3,-12,-14,6,-7,9,-8,8,-4,1,3
-1/47,0,2,2,-5,4,-5,-3,1,-4,-5,-4,10,-3,-9,3,10,4,-3,9,4,-4,8,12,3,14
5/561,0,0,0,-5,-2,-1,-2,-2,-8,6,3,10,4,0,8,9,0,-11,-13,11,2,8,3,-1,-5
1/188,0,-2,0,1,-5,4,4,1,2,-1,4,-7,-6,6,3,-9,-4,-10,-5,-4,5,-15,12,6,-6
-32,0,2,3,3,-5,6,-6,1,4,-8,1,-2,8,7,-6,4,10,1,-14,-15,-6,1,2,2,1
-95,0,2,0,3,-3,-1,1,1,-4,0,-4,-5,4,5,-8,-9,8,-1,-4,-9,-13,-16,7,-7,10
-34/9,-1,0,1,-5,2,0,-8,-2,-3,6,1,-7,-3,-6,-6,6,-4,-5,4,10,-14,-5,-5,-1,-6
3/280,0,0,0,-5,4,-6,5,-2,6,7,3,-5,2,-4,3,-11,-4,-13,-14,-4,-4,10,0,12,6
3/139,0,0,0,-5,-1,-1,4,-2,-8,3,-7,-8,0,-3,3,6,-7,-12,-7,-8,-4,-1,14,2,-6
193/11,0,-2,0,0,-2,2,3,1,-3,6,-9,-1,6,-2,6,-11,0,5,3,-12,2,4,10,-16,17
65/3,0,0,0,3,4,-7,3,1,4,-5,2,-10,6,-10,12,-14,-2,-10,2,-13,2,-16,-16,-10,0
63/4,0,0,-2,1,-1,-6,2,-2,6,2,-1,-7,7,2,-1,6,0,4,4,-13,14,4,-16,-12,8
95/6,0,0,0,3,-2,-5,-3,1,1,4,-8,-7,8,1,-6,9,4,4,-13,12,0,-15,12,-6,-2
-83/2,0,-2,4,-5,0,-5,4,1,-6,-7,-5,2,6,1,-3,-6,-4,-4,-14,4,10,-7,0,3,-6
1/327,0,0,0,3,4,6,-3,1,4,4,3,-1,12,2,0,-10,-12,2,8,9,4,15,-10,0,13
3/652,0,0,2,3,-5,-5,-4,-2,-3,2,3,10,-4,-4,0,-4,0,-3,12,-9,11,-6,3,-7,2
2/327,-1,0,2,1,-2,2,-4,-2,-3,6,-1,-8,-9,-4,-8,0,0,-4,4,3,12,13,3,3,-18
1/54,0,0,1,3,6,6,-5,1,-8,6,-9,-11,-3,-1,-6,-3,-4,4,-5,6,12,-14,1,18,-5
3/161,0,0,-3,-5,-1,4,5,-2,0,-7,4,5,12,12,-4,6,13,2,8,-9,8,0,-3,-15,17
-1/108,0,0,2,1,2,1,2,1,6,4,-6,-7,-1,-2,4,-4,4,-3,-2,16,-11,-8,-16,-17,17
-7/647,0,2,1,1,0,4,-1,1,-3,-2,-7,2,-3,-6,3,10,13,13,2,-12,-13,5,0,0,3
-3/652,0,0,0,-5,6,-5,-3,1,4,-4,-4,-11,-1,-6,-8,-4,4,13,4,9,-4,9,2,-14,0
-3/655,0,0,0,0,4,0,5,1,2,6,2,10,3,-1,2,-9,-4,-13,-13,3,-10,13,-4,18,-12
-4/327,0,0,-3,1,4,4,3,1,-3,3,10,10,-5,1,4,6,6,-8,-10,-12,2,-10,12,-7,2
-6/1301,1,0,1,1,0,6,2,1,-9,4,6,7,6,-10,-6,-10,6,6,-6,13,-13,-9,0,10,8
-3/1303,0,0,1,-5,2,6,-4,-2,-3,4,-4,-3,-6,-1,10,6,8,2,8,-15,7,5,12,-17,-14
-1/649,0,-2,2,-5,-2,2,5,1,-3,0,4,-11,1,-9,0,-14,10,2,5,6,2,-6,6,1,3
-3/650,0,0,0,3,0,-2,6,1,3,6,3,-2,12,12,-6,-6,6,4,4,-9,-5,6,-4,6,8
-1/131,0,2,1,-5,-5,6,1,-2,6,-1,-1,-11,-6,8,-2,3,11,-1,12,4,-10,-4,12,-6,-14
-2/651,1,0,-3,-5,6,4,2,-2,-8,4,2,-5,6,-7,0,-2,4,0,14,14,0,-15,-4,8,-6
3/653,0,0,2,-5,0,2,5,-2,6,-4,8,2,12,4,6,-9,6,-2,2,8,-2,-9,4,6,16
-1/978,0,0,-2,-5,-5,-5,5,1,-8,4,-1,-6,-9,-1,0,-9,-13,8,-4,15,-9,8,12,-6,0
-1/1953,0,0,-2,-5,0,-5,-4,1,1,-8,2,2,-1,12,6,2,9,0,8,-13,6,0,3,6,-12
-53/38,0,-2,1,0,4,2,-3,-2,-8,6,10,-2,-5,4,13,-10,-7,-6,0,-12,11,4,2,8,11
-247/3,0,0,2,-5,-1,-7,2,1,6,-3,-8,-8,0,-6,-6,-10,6,0,2,7,2,-8,10,-6,2
-125,0,2,0,0,4,-5,5,1,-3,7,1,5,-9,-1,-11,-12,0,-6,2,-4,7,13,4,3,-10
46/39,1,0,2,0,-3,-2,3,1,-7,6,-4,5,-6,-4,12,-2,0,-1,5,4,-11,11,6,-10,17
88/81,0,0,-3,0,0,6,6,-2,-3,-3,3,10,0,5,-2,1,6,2,-14,16,0,5,4,9,2
84/85,0,0,0,1,4,6,-2,-2,3,4,-5,10,4,4,3,-6,10,8,-13,0,-6,-10,-4,12,-14
14/1171,1,-2,2,1,4,2,-1,-2,-6,-2,-4,-5,-7,-4,4,-10,4,-7,3,2,-1,8,1,-6,10
5/291,0,0,0,3,-5,2,5,1,6,-4,3,7,8,8,7,6,-4,-13,-12,-3,10,-16,10,2,4
5/292,0,-2,0,0,6,1,-3,-2,-9,-5,-4,-2,-6,4,-8,6,0,-1,10,-9,-6,15,3,6,-12
3/146,0,0,3,-5,-5,2,-6,1,-3,5,1,-2,-3,7,4,0,6,-5,-14,5,-6,15,-6,18,14
6/581,-1,0,2,-5,0,-5,-6,1,-3,-4,2,5,-5,-12,0,11,0,-13,0,3,-6,-6,-16,-12,14
1/59,0,-2,2,-5,-2,0,5,-2,-6,4,1,-3,6,6,-1,10,10,8,8,4,10,4,6,-12,-9
5/146,0,2,0,1,0,-6,-4,1,-3,-4,-9,-5,-7,-6,2,2,-11,6,8,3,-6,13,3,-6,-7
9/143,0,-3,0,3,-2,-2,5,1,3,10,2,10,2,8,0,6,6,-3,12,13,-13,6,-11,8,-9
10/297,1,0,0,0,-2,-5,2,1,6,-10,-10,-5,-6,-10,13,11,4,10,-14,-15,-13,11,0,-6,-14
1/147,0,0,-2,-5,-2,2,2,1,6,6,-9,7,-6,-12,-6,-9,6,-8,5,-4,-16,4,6,-6,14
7/296,0,-2,2,1,-3,0,4,-2,-3,-4,0,-8,-3,4,-8,-2,0,1,-14,12,-14,-6,4,12,-14
11/592,0,-2,-2,0,0,-1,-6,-2,6,9,-1,-8,-6,1,8,5,10,-8,4,-9,-6,-8,11,-17,-10
4/199,0,2,4,1,-3,2,-5,-2,3,0,8,-3,0,-9,-4,6,10,-1,8,8,-1,-15,-7,12,9
-4/31,0,-2,0,0,-1,6,1,1,3,-1,2,10,6,1,-8,-7,-7,1,8,-12,11,13,1,-12,12
-49/60,0,0,0,1,6,0,-3,1,6,3,-5,-7,-3,6,0,1,0,-10,2,-13,2,1,3,-8,9
-53/59,0,-2,-2,0,2,4,-3,1,-8,-4,-4,-1,0,4,0,-10,10,-8,8,-12,7,-8,0,-12,3
-55/56,0,2,0,-5,0,-1,-5,-2,2,9,-10,8,10,4,4,6,-4,-4,-4,-15,-1,-8,-4,18,-2
-94/49,1,-2,1,-5,-5,2,-3,-2,3,-2,3,5,-3,-1,-8,11,13,6,-14,2,-4,1,-4,9,14
-93/49,0,0,3,-5,6,-5,-3,-2,-3,7,-10,-7,-6,-4,-8,6,10,-5,-14,2,-1,10,16,6,8
-96/49,0,0,4,-5,4,-6,2,1,4,4,-5,6,-4,2,-8,-10,6,13,4,8,-6,-4,-15,-12,10
57/4,0,0,-2,1,2,4,-1,1,-4,6,-1,-2,-5,-4,-4,-3,-4,0,5,-9,6,-9,-1,-10,-9
1/757,0,2,3,0,4,-1,-6,1,3,10,3,-11,0,2,11,1,0,-8,9,-12,2,9,-4,0,-3
-1/757,0,-2,3,1,2,-5,5,-2,1,3,10,10,4,4,0,9,4,-7,-3,4,2,-6,-3,-6,12
35/13,0,-2,0,1,-5,-2,-3,-2,6,-2,8,-10,8,-4,0,3,0,5,3,14,14,12,4,9,8
-29/68,0,-2,-2,-5,-1,6,-2,1,2,-10,-8,10,-6,-1,0,-2,8,-8,4,-4,4,-4,5,10,8
-28/67,0,-2,0,1,4,6,5,0,4,9,-9,-8,12,-4,-6,-6,-13,-11,0,6,-1,10,-4,-6,-12
-22/71,-1,2,3,1,0,-5,-3,1,1,-4,2,-3,-7,4,-7,-10,1,-2,16,4,0,-1,7,-1,-3
-23/71,0,-2,-3,-5,-1,6,5,1,-7,-2,-7,-7,-6,-1,2,-4,5,10,12,4,4,13,-16,-15,-18
-31/69,0,0,2,3,0,0,2,1,0,9,-10,-2,2,-6,12,6,-5,-10,0,-15,10,10,1,6,-2
-23/64,0,2,3,-5,2,2,-1,-2,-7,4,-10,-1,12,10,-6,-9,0,-2,-12,5,4,-8,-3,1,18
-57/70,0,0,0,-5,4,6,2,1,1,-5,-1,-2,2,-6,4,-10,10,10,3,-4,6,15,-16,3,-18
-59/71,0,-2,4,-5,0,2,2,1,-3,7,-8,-3,-3,0,0,-3,-12,-10,-12,4,-16,5,-16,10,14
-1/56,0,2,1,-5,6,1,-1,0,-6,6,-9,6,-4,4,-4,-3,-1,-10,-14,3,-2,10,-16,0,7
-55/38,0,2,0,-5,0,1,3,-2,0,10,2,-5,8,7,-6,-2,6,13,8,-12,12,-16,1,1,-1
-53/35,0,-2,0,-5,-5,2,5,1,-3,-2,1,-2,-7,-12,-8,-10,4,-13,-10,-15,0,-16,6,1,1
-1/150,0,0,0,1,-2,4,-5,-2,-8,2,-7,10,3,4,-4,-10,10,1,-2,0,-4,-12,3,9,14
-5/753,0,0,0,-5,6,-5,3,-2,-4,-4,-9,10,0,4,-8,-2,-4,-5,-10,16,2,-7,5,1,-1
-3/68,0,0,1,-5,-3,6,-2,-2,-8,7,0,-5,8,-10,4,4,0,-6,-11,2,-4,-15,-7,10,8
-1/61,0,-2,2,-5,0,2,2,-2,-8,3,2,-7,-7,12,4,-11,-4,-4,4,-12,-10,-7,12,9,13
-329,0,2,4,1,-5,-1,5,-2,-6,3,3,-8,12,9,-8,6,-7,1,8,15,-7,11,0,0,9
-331/2,0,2,-2,1,4,2,-3,1,3,2,-5,8,-3,7,-8,2,2,-3,-12,10,-2,-10,-4,2,-14
-330,-1,0,0,1,0,-5,-1,1,-3,-10,3,-2,-9,-7,-8,1,-12,-11,-4,6,4,-6,12,-15,-6
49/5,0,-2,0,1,-5,0,2,1,-9,-2,4,-3,-6,2,-6,-2,6,-8,4,-12,-10,6,-3,-10,-3
95/11,0,2,0,0,-2,4,-3,1,-8,-4,3,-8,-1,-10,-10,0,-14,1,12,8,-13,-8,6,2,13
96/7,0,0,2,-5,0,2,-3,-2,-8,6,-9,-5,-7,-1,0,-2,0,-1,8,-12,-1,8,-16,-6,18
193/10,0,2,0,1,4,-5,-3,1,-8,0,1,5,-9,9,-8,-2,-3,10,4,-13,12,4,17,0,-19
190/7,1,2,0,-5,-1,1,5,1,4,2,-5,-1,-2,8,0,0,4,10,10,-4,4,-10,4,9,-3
49/3,0,0,-2,1,0,6,2,-2,-3,-8,6,-8,-4,4,13,-12,-11,-8,-14,15,-13,-15,-13,0,-2
197/15,0,0,0,0,0,2,6,-2,3,-5,-5,5,0,8,4,0,-2,-1,5,-15,-4,8,0,2,2
97/4,0,2,3,-5,4,-5,2,-2,3,-5,2,-2,-6,6,0,-9,0,-1,-12,12,11,5,4,0,8
368/19,0,-2,-2,-5,-1,-5,2,-2,-7,-1,-8,5,4,10,0,-9,-4,1,4,8,-6,15,14,-13,2
379/12,0,0,2,3,4,4,3,-2,-4,-4,-4,-5,0,7,-8,3,0,-8,4,-1,11,8,16,-9,-7
374/13,-1,-2,-3,-5,0,-2,-8,0,0,-7,-2,-1,0,10,0,1,6,-2,10,6,5,1,-3,10,-2
93/7,0,0,1,-5,4,-5,-5,1,6,-4,-10,-2,6,-6,4,3,-4,-8,2,-12,-2,0,-15,-15,-3
186/7,-1,0,-3,-5,-2,-5,6,-2,-4,10,-10,-5,8,4,10,3,10,-3,-14,-4,-8,-1,0,-1,-12
191/5,0,2,0,1,-2,6,5,1,2,6,2,-5,-4,8,4,6,-5,4,8,-12,7,-8,2,-3,-14
194/7,-1,-2,2,-5,-5,4,4,1,6,6,1,5,6,4,0,-7,0,-10,4,-7,-4,12,-6,8,8
96/5,0,0,0,0,2,2,-4,1,6,-2,-9,-10,-1,4,-6,-6,-9,8,-2,3,-5,8,6,-12,-6
1/244,0,2,1,1,2,-5,2,1,-3,-5,1,-3,6,10,0,-7,-3,-4,14,5,-10,-9,-10,-16,14
-3/245,0,0,0,-5,6,-5,-6,-2,-3,-7,2,-11,3,6,-8,-10,0,-6,4,-5,14,-8,-7,6,-12
-2/61,-1,2,3,0,4,6,-1,1,2,0,-6,-2,-5,-10,4,5,4,-4,12,-4,2,5,0,-12,-18
-8/123,0,0,1,-5,4,1,5,1,-4,5,-1,-11,6,6,6,0,6,1,11,-12,-10,11,-10,-8,10
1/241,0,2,0,-5,6,0,-5,-2,-8,9,-1,10,6,2,-6,-9,6,-11,-6,-9,-4,-11,3,1,-1
-3/247,0,0,2,1,2,-2,5,-2,1,2,3,-6,-6,-12,-6,10,0,0,3,-1,-10,10,-3,-16,-1
-2/247,1,2,2,1,-3,-2,-3,-2,6,-2,-6,-1,-9,12,8,-10,-4,6,-12,6,10,-16,11,6,2
3/245,0,0,0,-5,-5,-5,5,1,4,-1,1,10,-6,-1,12,6,-1,-5,-10,-5,-2,-9,1,10,8
-3/97,0,0,2,3,4,-6,-3,1,0,7,2,-11,6,12,-8,6,-7,-1,8,3,7,6,-6,-6,4
-14/485,1,-2,0,1,0,1,-5,-2,-6,0,-8,-2,-7,-4,0,-6,1,2,-12,4,12,-8,-10,-10,4
-8/161,0,-2,-2,-5,-1,2,3,1,0,3,-5,-7,-4,-9,6,-6,-14,-6,-13,3,-14,8,0,6,0
-2300,0,2,0,3,6,2,6,1,-7,7,-7,-1,0,-2,-7,-11,0,6,12,2,-7,-8,-4,-17,2
-1147,0,-2,2,0,0,2,-4,1,-8,9,-10,-11,-6,-7,0,3,13,5,-14,-5,7,11,14,-13,-7
-46/17,1,2,-3,0,4,-5,-2,1,-7,0,-8,-1,-3,9,0,6,-4,4,-14,0,-16,9,2,-10,12
-91/34,0,-2,2,1,0,-7,-2,1,-8,-4,3,10,0,5,0,-6,4,4,11,-3,-13,-1,-16,12,6
-86/31,-1,2,1,-5,6,2,-5,1,6,6,2,10,6,-1,0,6,2,-4,4,-4,7,11,-4,-14,-6
65/88,0,-2,0,-5,-2,-7,3,-2,-3,6,10,10,-5,7,0,6,-4,2,-14,-12,-14,8,5,-10,-14
191/6,0,0,0,-5,0,-5,6,1,-3,-1,6,8,6,-3,-8,-4,6,-10,-12,8,8,-4,-4,-8,-13
192/13,0,0,2,-5,0,-2,2,1,-3,-5,1,6,12,7,3,-2,-12,-8,4,8,10,13,12,-14,8
-187/9,0,0,3,0,0,4,-8,-2,-3,-4,-2,-2,-7,2,0,-2,6,2,2,3,-7,9,-3,-9,-9
-92/3,0,0,0,1,2,-5,-4,0,-7,-5,-8,-1,-3,-2,13,-10,0,-2,-7,-12,-4,-7,16,-9,-14
-30,1,0,0,-5,-2,-1,-3,1,-6,0,2,10,-1,-1,0,-4,-4,4,4,-15,-2,-8,-3,1,8
-97/7,0,-2,1,-5,4,2,-3,1,-9,4,-9,10,-2,1,1,-10,5,-5,-10,-9,-6,-11,-16,-12,8
-183/13,0,0,2,0,-1,-2,3,1,-6,-4,-5,-2,6,-10,-1,6,-1,-13,-11,-6,11,6,-15,0,-3
-92/7,0,2,1,-5,-5,4,3,-2,-7,7,-5,-2,-7,-10,0,-6,-4,13,8,-12,-10,-10,-3,2,17
-185/14,0,-2,0,-5,0,2,2,1,6,6,-1,-11,-3,-3,0,3,-5,4,-2,-1,-13,-16,12,6,2
-91/9,0,0,2,1,4,-7,2,-2,6,-4,-1,-1,12,4,-11,-4,5,-6,2,8,-6,8,4,-14,14
-51/20,0,0,0,1,0,0,-8,1,-8,-2,1,-2,6,5,0,6,-12,4,-12,2,12,13,0,-15,0
-52/21,0,0,0,-5,0,-7,-3,1,-8,0,1,-1,-3,-6,4,1,-1,-3,-4,5,-16,-15,4,6,-6
1/977,0,-2,0,1,4,6,5,1,-8,4,-6,-2,0,-4,8,-4,0,10,2,6,7,-9,6,6,-18
1/980,0,-2,0,-5,-5,-5,2,-2,-3,-3,10,6,10,-10,4,-6,2,-1,10,3,-11,8,3,-6,-3
3/979,0,0,3,-5,-2,-5,-6,1,6,-5,-9,6,-3,-1,-3,-6,6,10,-10,0,2,-1,12,-8,1
1/374,0,-2,1,-5,-2,-5,-2,-2,0,3,4,-6,-2,4,0,6,5,-5,2,-2,-13,-16,12,-8,-14
-4/373,0,-2,0,-5,-3,2,-3,1,-3,4,-9,10,12,12,0,-6,4,1,-7,5,-7,13,-3,-8,1
-5/124,0,2,0,1,-1,1,3,1,6,5,2,10,-5,-6,8,-6,11,6,-10,8,4,8,10,-12,-6
-7/380,0,2,0,1,0,0,-3,-2,-3,-5,3,-2,-6,-6,4,-9,-2,8,-2,-7,6,10,-7,0,-2
-5/189,0,0,0,-5,-2,1,-5,1,-4,3,10,-2,6,-4,-8,-2,0,-4,8,-2,2,-10,0,-7,8
-43/57,0,0,2,1,2,6,1,-2,-8,3,-8,5,-6,-1,-6,6,-4,4,12,-13,11,-16,-4,-15,1
-41/57,0,0,-3,0,4,2,-3,-2,-3,-5,-6,-7,-4,4,4,1,-5,-13,5,-12,-6,12,1,4,11
-11/14,0,-2,2,-5,0,0,5,1,4,6,-4,5,6,4,-11,1,-1,-5,11,5,-10,8,-12,18,8
30,-1,0,0,1,0,-5,-3,-2,3,4,1,-6,-4,6,-10,-4,-14,8,-12,14,7,-9,12,-6,-6
3/148,0,0,0,3,4,4,-3,1,-8,4,-10,-8,4,8,1,3,4,6,-4,7,-10,10,6,1,8
5/82,0,-2,0,0,-5,4,-3,1,3,0,-1,5,6,12,-6,-6,-9,8,12,4,-11,13,-16,10,-2
-44/23,0,-2,-2,1,0,-6,-3,1,0,-5,-8,-5,-9,7,0,-7,0,10,12,3,-11,-15,4,-8,-9
-83/45,0,0,0,-5,4,2,5,1,4,6,-1,-7,10,1,-6,6,10,-1,11,3,-5,13,0,10,-1
-83/42,0,0,2,-5,-2,6,-3,-2,-3,6,0,10,12,4,-4,-9,-5,10,8,8,-10,-9,0,10,1
-30/13,1,0,0,1,4,-2,3,1,-8,7,3,6,-5,-6,0,-2,0,-12,10,6,-8,-7,4,-4,6
4/13,0,2,-2,3,-1,-2,3,1,6,6,8,-1,0,4,3,-4,8,-1,9,0,14,10,4,-17,-2
7/53,0,-2,1,1,-1,6,6,-2,-3,4,-9,-8,-5,2,6,5,0,-8,12,2,6,10,16,0,-14
9/56,0,-3,2,-5,0,6,6,-2,-8,10,-1,10,-6,-1,2,1,6,2,-10,12,-13,-14,-8,-10,8
15/103,0,0,0,3,-5,4,5,1,-6,10,8,-8,-4,7,-2,1,4,-8,8,13,-8,8,-7,-14,-3
65/93,0,0,0,0,-1,-7,-5,1,-9,-4,2,-5,8,4,-3,1,-2,-5,-5,-9,-13,8,6,-7,8
1/250,0,2,0,3,4,-1,-1,-2,-3,0,4,-8,-1,8,3,9,-4,8,4,-7,-11,6,11,12,16
-2/253,-1,2,0,-5,-2,-5,4,1,0,6,3,-7,-4,4,-4,10,6,-12,0,-15,7,-15,4,10,12
1/252,0,0,0,-5,6,-5,5,1,-4,4,-1,-2,-9,8,0,-14,0,-5,-2,-15,-2,-14,-4,-7,8
16/13,0,2,3,-5,0,-2,-3,-2,-8,0,6,-11,-6,12,0,6,13,-11,-13,-12,-5,-1,-3,-3,12
-625/4,0,-2,0,3,2,1,4,-2,-4,-2,-1,8,-6,2,4,6,4,-10,16,-15,-13,-10,6,6,13
-622/5,1,2,0,3,-5,1,5,0,-3,0,3,-1,2,-3,-4,-10,-4,-8,5,-6,-6,0,-4,6,-10
-625/7,0,-2,0,-5,4,4,2,-2,2,-4,8,11,-7,4,0,7,-1,13,5,-1,2,0,-3,-1,-14
-313/2,0,2,4,0,-2,-6,2,1,-6,5,-1,-5,4,4,-6,6,-5,-8,12,-3,10,-4,2,-6,14
-619/6,0,0,2,3,4,1,-3,-2,6,-5,-9,2,0,4,-10,7,4,1,2,-4,-2,5,6,-8,-7
-207/2,0,-3,2,-5,-5,6,1,0,-7,-1,-5,2,12,-1,8,6,4,-10,-11,4,11,-16,2,-6,11
-308,0,2,2,1,0,-5,5,1,4,4,-6,-7,6,-10,0,6,-10,-6,-13,-9,2,-14,-4,10,-4
-614,1,2,0,1,-1,2,5,-2,3,-3,6,-2,-6,12,0,-9,10,-8,4,6,-2,0,-7,6,1
94/9,-1,0,0,-5,0,-1,4,1,-3,-2,2,-1,2,4,-8,-12,-7,13,10,12,-13,13,1,5,-2
46/3,1,0,3,1,0,4,-3,1,-7,-2,-5,-2,-4,-6,-11,-11,10,-13,6,-15,2,5,-3,6,-4
46,-1,2,4,-5,-1,6,6,1,-7,-5,0,-7,-6,10,-8,1,-10,-1,-2,-6,2,10,14,0,12
32/31,0,-2,-2,1,2,-1,6,1,0,4,2,10,-6,-1,0,5,2,-5,-7,8,14,0,-4,-10,8
-1/54,0,0,4,-5,-5,-6,5,-2,-4,6,-10,10,-7,-3,4,0,6,4,5,-6,4,-4,-7,10,13
-8/381,0,0,3,1,-1,4,5,-2,6,-1,6,-1,0,6,0,-2,-11,10,-14,-4,-7,-8,10,9,-6
-5/379,0,2,0,1,6,-5,3,1,6,-5,8,-7,6,-4,8,-10,-4,-1,-12,8,2,8,-9,-14,3
-2/95,1,-2,0,3,2,-6,-1,-2,3,6,1,2,3,4,0,-7,-11,1,-12,4,-14,-15,6,1,8
5/382,0,-2,0,3,-1,2,1,1,6,4,4,-7,0,10,10,-2,-11,-1,4,-3,6,-9,-4,18,-4
-1/381,0,0,1,1,-2,1,6,1,3,6,-2,-5,-6,-10,0,-4,-12,-13,5,14,-6,-4,4,-14,-18
5/378,0,0,0,-5,-3,-5,2,-2,1,-4,6,5,0,4,-4,-2,-12,-11,-11,8,11,4,6,-14,-13
5/376,0,-2,0,0,0,-5,5,-2,-3,-3,-5,10,-4,1,3,-3,0,4,5,6,2,13,12,12,8
-123,0,0,0,3,0,6,-3,-2,-3,6,2,-7,-4,-4,-6,3,-1,0,12,3,12,8,-3,12,7
-329/3,0,0,3,1,-3,1,5,-2,-3,4,-10,2,0,2,-8,-2,2,1,-12,8,12,-7,11,6,1
-995,0,2,0,1,2,-6,-3,1,-8,7,-4,-8,-4,4,8,0,1,-10,-3,-8,2,-10,11,-4,-7
1/3912,0,0,-3,1,0,6,-4,1,1,3,-9,10,-4,10,-10,-4,8,-5,-2,-12,-2,12,0,-2,9
-1/1956,0,0,1,1,2,0,3,0,-4,7,1,-2,-3,4,1,-11,-4,-2,-5,8,-10,8,12,6,14
-1/1957,0,-2,3,-5,-5,4,-3,-2,3,-7,1,-6,2,-2,0,-10,0,5,-12,5,-6,-7,12,-6,-12
-1/3917,0,2,-2,-5,6,1,6,1,-3,3,-1,-2,0,-9,0,-11,2,10,-10,4,-10,-6,3,-9,3
-1/3915,0,0,0,3,-5,-6,-1,1,-3,-6,-2,-5,-7,8,4,-6,-14,-4,-12,6,2,-8,-16,-6,17
-2/1305,-1,0,0,-5,2,2,-4,-2,6,-6,-1,-7,-6,4,1,6,-7,-1,-2,12,2,8,8,6,2
-1/488,0,2,-3,-5,0,4,1,1,-3,-4,-10,-2,-1,4,1,-10,-9,-4,2,-12,-2,-1,-4,-8,-2
1/3916,0,2,0,-5,-2,-1,2,-2,0,4,-4,-1,-7,1,3,-2,-4,-13,4,4,11,13,6,-8,13
1/981,0,0,4,0,2,4,-1,1,-4,2,-1,10,0,8,8,-6,1,-10,14,-5,-5,-6,17,6,1
-1/979,0,-2,4,0,-2,1,2,-2,3,-2,3,10,-2,-1,12,3,-4,-11,-2,3,-2,13,-13,-8,2
-15/49,0,0,0,-5,0,-5,3,1,6,0,-7,-2,-3,-10,-11,6,-9,2,-8,0,0,1,-16,-3,8
77/23,0,2,1,1,0,-1,-1,1,0,0,-6,10,-9,4,1,-2,-4,1,8,0,-13,-16,-4,-4,-6
-67/88,0,-2,0,1,-2,-5,-5,1,3,7,2,-5,2,12,11,6,6,-12,-5,12,2,-8,-3,12,-19
10/9,1,0,0,-5,2,-5,2,1,-9,3,-1,-10,-2,-4,3,9,-4,4,5,13,-16,-4,6,10,3
45/22,0,-3,0,3,-2,-5,-4,1,-3,-4,-9,-10,-4,-1,0,6,0,-1,4,0,12,-11,4,-6,-14
-16/79,0,-2,4,1,-2,2,2,0,-8,-7,1,-5,-3,4,0,-11,-9,-2,4,-13,2,-8,-6,12,17
31/19,0,2,1,1,0,1,1,-2,-8,2,-10,-7,-3,-2,8,6,-12,1,5,-15,-2,-8,4,10,-3
91/61,0,2,4,1,2,-7,-3,1,-8,4,-6,-6,2,-6,-10,6,6,-4,4,-13,4,0,12,8,-2
52/69,0,0,-2,-5,6,-7,4,-2,0,10,3,-10,0,4,0,6,-7,1,4,-9,7,-14,1,-6,0
27/34,0,0,2,0,4,-5,-2,-2,-3,-5,-5,-6,-7,4,-11,1,4,0,-10,8,-11,6,5,18,3
58/71,-1,-2,-3,1,4,2,-3,1,2,-10,3,-6,8,10,3,-3,-1,6,3,4,8,0,15,-6,2
94/75,1,0,0,1,0,6,5,0,6,-8,3,-7,10,7,-8,-6,2,5,-6,14,-6,8,15,6,-1
1/92,0,-2,2,0,-2,2,2,1,0,-4,1,6,0,-10,0,-12,0,2,-14,0,4,6,-15,-6,-6
3/92,0,0,2,3,0,1,5,1,0,-10,-4,-1,-4,-2,3,-6,-4,1,-12,-12,-6,-10,-4,-6,-14
-15/14,0,0,0,-5,2,4,2,-2,-8,4,1,-6,0,4,6,-11,-1,5,2,12,-11,-10,-4,6,-10
-43/41,0,2,0,0,4,4,-5,-2,0,2,-5,-2,6,-1,-6,6,6,-12,-12,-3,-2,2,0,2,-3
-1/45,0,0,0,1,6,0,2,1,-3,0,3,5,10,8,-8,2,-4,-10,-11,-15,7,11,0,-6,2
-8/91,0,2,-3,-5,-5,-2,-1,1,6,-1,-10,-6,-1,8,1,11,4,10,-11,8,-7,0,12,0,13
-1/90,0,0,0,0,4,2,-1,1,1,3,-8,-6,-6,-9,-8,6,0,-5,-12,8,7,4,7,-9,-18
-1/21,0,0,1,-5,-5,-5,-3,1,1,4,-4,10,-9,4,-6,-7,-14,1,5,-4,-16,-16,-11,18,-2
-4/67,0,-2,0,1,4,4,-3,-2,6,-4,-2,11,3,8,0,-4,-4,6,0,2,-11,-14,2,-4,16
20/21,0,0,0,-5,-1,-1,2,-2,-3,-5,-4,-2,12,10,8,-10,-11,8,8,8,-10,8,16,-4,12
85/83,0,-2,0,1,4,-5,-8,1,3,6,2,-6,3,1,-6,7,4,8,-12,4,-1,-4,-16,-8,-8
23/20,0,2,0,-5,4,6,-6,1,-7,7,3,-2,-5,10,-6,-2,0,1,4,15,14,6,16,1,14
92/83,0,2,1,1,0,-5,2,1,-7,-4,-4,10,10,-2,1,-6,0,1,4,5,-14,-8,-16,6,6
88/85,0,2,0,-5,0,6,-2,-2,-8,3,-1,-2,-7,-2,13,6,-7,13,9,-4,14,-4,-13,12,-2
-62/15,-1,0,0,0,-5,-5,2,1,6,0,-10,5,2,-10,-8,6,-4,-13,12,6,2,11,-4,-4,8
-64,0,-2,0,1,-1,2,-3,1,-3,2,-4,-5,-6,-2,-10,6,-1,-6,10,6,7,-16,12,2,14
-1/136,0,-2,2,1,0,0,-2,1,1,9,10,-10,-7,-4,11,-4,-11,13,12,10,2,0,4,3,8
-1009/6,0,0,0,0,2,1,3,1,1,4,1,5,-4,7,-8,-3,4,2,2,-9,-5,-16,-9,-6,11
215/4,0,-2,0,3,4,-5,1,-2,6,5,0,2,2,-1,-8,-2,0,13,4,7,1,-9,-10,-1,-5
33/46,0,0,-3,3,0,2,1,1,0,3,-9,-5,2,7,8,6,-2,-2,10,-12,2,8,-1,-2,18
217/3,0,0,2,1,6,1,-1,1,3,-3,-10,5,-5,9,0,-4,13,-7,4,6,4,10,-12,-10,8
103/3,0,0,2,-5,4,-5,-5,1,-9,6,-2,-7,-9,4,-7,0,-1,10,-8,-1,-4,-14,3,0,10
107,0,-2,3,1,0,1,2,1,-3,7,-1,5,6,8,1,-3,0,-1,0,7,14,13,-4,6,-7
25,0,2,0,-5,-2,6,-3,1,6,-2,-7,-7,6,-4,0,-2,-7,2,8,6,-11,8,-4,2,-2
43/40,0,2,0,3,-2,-5,-1,1,1,-2,-1,10,-9,-1,8,5,10,-1,14,-12,-2,11,12,-6,1
-65/53,0,-2,0,3,4,-7,-1,1,-8,9,-8,2,-9,9,0,5,0,4,11,-9,-13,8,-3,1,12
-28/25,0,-2,0,1,0,0,2,1,-3,6,0,11,-6,6,0,-3,0,0,5,11,-2,10,12,6,8
-4949/69,0,0,1,1,-3,2,5,1,0,6,6,10,-6,1,0,0,-12,0,4,6,-13,6,-7,1,-6
-4952/69,0,0,2,3,-2,2,6,1,0,-1,1,-2,-3,12,-6,-3,-12,-7,10,0,-13,5,-16,12,13
-4948/67,0,-2,4,1,-1,-1,4,-2,-3,-1,-8,-7,12,8,0,6,0,-1,0,14,2,-8,-16,12,3
-4954/67,1,-2,0,-5,4,-6,1,-2,-6,6,-9,-5,-6,2,8,-6,-11,13,0,6,-6,6,7,18,9
-67,0,-2,-2,3,6,4,4,1,6,7,-9,10,2,-10,-6,-2,-4,0,-5,12,11,-6,-3,-2,-6
-2476/37,0,-2,0,0,0,1,-6,1,-8,-3,3,-8,-5,4,3,10,6,10,8,0,12,-1,-3,18,-1
75/46,0,0,0,3,6,6,-6,-2,0,4,-5,5,2,-4,11,0,-13,-13,8,-12,-2,-16,6,5,8
37/22,0,2,4,1,-2,6,-3,1,-3,5,-1,-11,-1,12,-6,-11,4,-2,5,4,-9,-9,5,-6,9
-133/2,0,2,4,1,4,-5,-1,1,4,-4,3,2,-5,-2,-1,5,6,2,-10,15,-2,0,-3,12,-14
-130,-1,-2,0,3,-1,-7,-5,-2,6,6,-7,10,-3,10,7,6,-4,1,11,10,-5,13,4,10,-1
-1/1300,0,-2,0,-5,4,-2,-6,-2,-8,-4,4,-7,-3,6,-7,6,-4,10,-6,6,-6,5,0,10,8
5/1303,0,-2,0,-5,-5,-6,-6,1,6,-5,-5,5,-5,8,-6,9,0,-5,4,-4,2,-15,-10,-6,17
-1/323,0,2,0,1,0,6,-2,-2,-4,6,10,2,-2,-2,-6,4,7,-3,16,8,5,-4,-15,0,12
-341,0,2,2,1,0,2,3,0,0,6,-10,6,4,10,-6,-4,-4,2,-14,0,4,-8,0,8,2
-71/12,0,0,2,-5,2,-6,-3,1,-9,4,2,-6,-6,-12,0,-2,4,-4,-11,-12,2,12,11,0,18
-69/13,0,0,-3,1,-3,-2,-3,1,-7,-5,-5,2,-6,-2,4,-9,-9,8,-4,3,14,-4,-10,-12,-2
3/43,0,0,4,3,0,-5,-5,1,-4,2,-1,-5,-7,-12,7,-7,13,-2,8,2,-13,10,12,-6,17
2/87,-1,0,4,3,0,-6,4,-2,6,-6,1,-2,6,4,10,-2,-4,2,-3,13,7,-11,-4,-9,-6
1/115,0,2,0,-5,0,-6,-3,0,0,0,-2,-6,-6,10,6,-10,0,4,2,-3,5,10,5,-10,-18
-2/117,-1,0,1,0,2,-2,4,1,-4,-1,10,-8,-6,-10,-1,1,-2,1,10,-3,-5,-8,4,8,-19
1/689,0,-2,2,-5,0,-2,-6,1,-4,-2,-5,6,-6,-6,0,5,-9,-6,6,-4,-5,-10,10,-16,-3
-26/323,1,-2,0,1,6,-7,-2,-2,-4,-5,-4,-5,-6,5,4,6,-3,-1,-8,16,-4,-8,6,6,-5
-11/161,0,-2,1,-5,0,1,2,-2,0,-5,-2,10,-1,-6,-10,4,6,4,-8,-7,7,-8,12,3,1
6/217,-1,0,3,-5,0,-5,1,1,-9,-5,2,-2,12,10,-11,-11,11,-12,-14,-3,-13,10,2,-3,-14
1/215,0,-2,0,3,-1,0,2,1,-8,-5,0,-2,0,-12,0,6,-14,-5,1,7,-4,-10,0,6,10
2/217,1,-2,4,-5,-2,-6,-3,1,4,-2,2,10,-9,-6,-4,-9,5,6,2,7,1,6,3,-14,3
1/216,0,0,0,1,0,-5,-1,-2,6,0,1,-1,2,-6,-8,-10,6,1,2,-12,4,-16,2,-15,2
1/976,0,2,2,-5,4,2,2,-2,3,-8,-4,-2,-6,4,0,1,-12,-4,-12,6,2,-16,8,1,-2
-4/6843,0,0,-2,1,4,6,-4,1,-3,-2,4,10,-6,7,4,6,6,-3,2,4,-2,5,8,-6,1
-5/6841,0,2,0,0,4,6,-4,-2,3,0,4,6,0,12,0,0,2,13,16,0,4,0,7,-15,-14
-3/109,0,0,-2,0,-2,0,-6,1,1,-5,-7,-7,8,-2,0,0,-1,-10,-12,4,11,6,-1,18,-5
-5/112,0,2,0,-5,-2,2,-3,1,-8,2,3,-3,-3,-6,-6,6,-5,4,8,10,-6,-4,-12,-14,-2
-3/73,0,0,2,1,0,4,-3,0,-3,2,3,-2,-6,6,-6,6,6,-2,12,-12,-6,1,1,10,-12
-2/75,1,0,0,0,-5,-5,1,1,-3,-4,2,6,-6,12,4,-10,6,4,4,-15,1,1,2,10,1
-2/221,-1,-2,0,3,0,-2,-2,-2,-3,4,0,10,-6,-7,-6,1,1,10,8,8,1,-12,4,18,12
-5/113,0,-2,0,1,-1,4,5,1,4,0,1,-5,12,10,3,-9,0,-3,3,-9,7,5,6,10,-6
-12/223,0,0,4,-5,4,6,5,-2,-3,4,-4,-7,0,4,2,-4,0,6,-5,4,-13,10,3,1,6
-5/111,0,0,0,-5,2,1,1,1,3,4,-4,-8,-6,-6,-6,0,-13,1,-12,0,7,12,0,6,13
89/85,0,-2,0,-5,4,-1,-2,1,3,0,4,6,6,4,7,4,-12,-7,5,0,4,13,0,-13,14
94/57,-1,0,2,3,-2,4,-1,-2,-9,6,6,8,-1,-10,-8,11,6,8,11,0,-13,10,-16,-6,-3
89/59,0,2,4,-5,-2,-1,-4,1,-8,-7,-1,7,-4,-10,-6,-10,10,2,-7,-12,-13,12,3,-13,-9
-94/3,-1,0,0,1,0,6,2,-2,3,-5,1,10,0,-1,-8,-14,1,-4,-8,13,-16,-1,-4,10,8
-1125,0,0,0,1,0,-6,2,1,6,-4,-1,-7,2,-10,-7,1,-2,8,-7,-5,-2,-14,-15,-14,2
-1124/3,0,0,2,0,-2,4,2,1,-3,-5,10,-7,6,-2,0,-2,4,10,-4,12,-10,6,0,10,-5
1/163,0,2,0,-5,4,0,6,-2,1,0,-10,-2,12,-10,-6,-10,-2,-5,4,0,-2,8,-8,-7,-2
5/649,0,-2,0,0,-2,-5,-3,1,-3,4,-9,-6,-1,-12,0,-11,10,-6,-10,7,-1,-8,-8,18,-6
5/652,0,-2,0,-5,0,-1,5,1,-3,3,-5,-10,8,-1,0,11,2,-10,4,5,1,-11,6,-12,-6
4/327,0,0,0,-5,2,0,4,0,6,6,-9,-11,0,4,0,-10,-3,-7,12,-8,2,-6,6,6,0
8/1301,0,2,-2,1,6,-5,3,-2,-3,-1,1,2,3,-9,-8,-3,-12,1,-10,14,-9,-14,9,-8,2
8/1299,0,0,2,1,0,-5,-5,1,3,-10,10,10,-6,4,0,6,1,10,9,-12,-14,11,-16,-14,-9
-201,0,0,1,1,0,6,2,1,2,-7,4,-2,-5,-7,1,-9,10,1,-5,10,-4,15,6,-6,-14
-17/73,0,2,4,1,4,-6,-8,1,-3,-3,-8,-2,-1,-2,-8,-4,5,13,14,-4,-6,8,10,-7,-19
-18/77,-1,-3,0,-5,-2,-5,5,0,-3,-2,-5,-1,6,4,6,-2,4,1,8,-12,-7,4,0,0,-6
-20/71,0,-2,0,0,4,2,3,1,-3,2,0,-5,0,6,0,1,0,5,-6,4,-4,8,3,10,1
10/23,-1,-2,0,-5,6,2,-3,1,0,-5,-1,-1,-5,8,-6,-3,5,-10,8,8,-1,-16,6,4,-10
31/72,0,0,-3,-5,4,2,6,1,6,-2,-10,-2,-6,8,12,6,6,2,12,-15,14,0,-7,18,13
11/24,0,0,2,1,0,2,-3,1,3,0,-7,10,8,-1,3,-6,6,-5,8,-9,5,-16,16,8,1
34/69,1,0,0,0,-3,0,-8,1,0,4,-9,-2,10,-2,10,-9,10,-4,-14,5,0,5,4,2,2
-13/32,0,2,0,1,-1,-7,5,1,-9,6,10,-5,1,4,-1,1,-12,10,5,-12,0,11,16,-16,2
-11/29,0,-2,0,3,0,-5,-4,1,6,-6,-8,-1,-6,-4,0,-6,6,-3,-6,6,-2,-6,16,18,-2
-1/854,0,2,4,-5,-2,2,-3,0,-3,7,-1,-8,1,-10,0,-2,7,-4,11,-15,-4,-14,6,0,12
1/546,0,0,4,-5,0,-2,-4,1,-9,2,10,-8,-3,4,1,6,6,-11,-3,6,4,-4,-4,-1,6
-1/545,0,2,0,0,0,2,3,1,6,-4,3,2,-6,4,12,9,-2,-1,8,-12,2,-12,12,-17,12
-1/544,0,-2,4,-5,-1,6,-2,-2,-8,-2,-1,11,7,1,10,-12,11,-10,8,4,14,5,15,1,6
-3/545,0,0,0,3,4,1,2,-2,3,6,-5,-8,10,5,-6,4,6,10,-11,-15,-1,-9,0,-10,2
18/11,-1,0,0,0,-2,-5,2,1,6,0,-9,-2,-3,1,0,-2,0,-1,4,-3,10,8,3,12,-2
3/430,0,0,0,0,-2,1,-3,1,-6,4,2,10,0,-12,1,-2,-2,10,-5,5,2,0,-7,-14,-6
2/429,1,0,0,0,-2,-2,-4,-2,-8,3,3,11,7,-2,-11,-9,-3,10,-3,-7,-5,-10,9,10,18
-1/429,0,0,4,3,-2,-2,-3,1,-8,-4,-7,-2,4,-6,8,4,-9,8,-6,-9,-13,13,-16,-9,16
1/429,0,0,1,-5,-2,-2,-3,-2,-4,-3,6,-3,0,10,-6,-11,0,4,-4,-12,-13,11,4,5,7
6/137,-1,0,0,-5,6,6,-5,-2,-8,0,1,5,-6,4,3,3,-5,1,-12,4,4,10,-15,9,-12
2/69,1,0,-2,-5,0,6,-6,1,0,4,10,10,3,-4,-10,2,6,-1,12,-8,-7,-16,7,1,-14
-74/3,1,0,2,0,-5,2,5,-2,2,3,-9,-11,-4,-1,-6,1,-1,10,8,-8,4,13,0,-8,8
29/2,0,2,0,-5,0,-5,-5,1,-8,-10,1,5,0,-10,-6,1,4,-7,3,11,-13,-8,10,1,2
61/3,0,0,-3,-5,-1,1,-4,-2,-3,4,1,-2,-3,-4,0,-6,7,-13,8,0,6,6,6,5,-12
121/9,0,0,1,0,0,6,-3,1,-6,6,1,-10,-6,1,-7,-4,-1,-1,8,-9,-2,6,-16,3,6
118/9,-1,0,0,3,4,1,5,-2,6,-8,-1,-7,-5,4,1,3,-12,2,16,-3,-9,-8,-7,-14,8
29/1166,0,2,1,1,-2,-1,-3,1,-3,-10,-9,-2,0,1,4,5,0,-7,12,-4,2,-6,-4,-14,2
5/233,0,2,0,1,0,-5,3,0,-8,-4,1,-11,4,-6,0,6,0,0,11,-3,-5,-14,4,-10,-2
27/1166,0,0,-2,-5,-2,1,4,1,2,3,-8,-2,-7,-7,0,5,-11,8,12,-12,12,15,6,3,13
25/1167,0,0,0,-5,-2,-1,-1,1,-3,4,-5,6,-6,4,-6,-2,0,4,-12,15,4,-16,2,0,8
-53/74,0,-2,2,1,-2,2,5,-2,-8,9,-2,-8,-7,12,12,-10,-12,-2,-12,0,-14,-14,12,10,-9
6/29,-1,0,2,1,-3,0,-4,1,-3,-6,-4,11,6,-6,-11,5,-4,-8,4,-8,-2,-7,14,1,10
22/85,-1,2,0,0,0,-5,-2,-2,6,-10,-5,10,12,8,-6,-14,0,1,5,-9,11,-9,17,-9,-14
21/85,0,0,0,1,-3,1,-2,1,-4,-2,-5,-8,-9,-2,-3,0,0,-7,9,-3,-14,4,12,-8,7
-52/25,0,-2,0,0,-5,-7,-6,1,-4,9,10,6,-3,-2,0,6,4,-2,-7,-9,10,12,0,-15,-2
-98/51,1,0,0,1,0,6,-2,-2,6,3,1,-6,2,4,-8,-6,10,-8,3,10,-2,4,8,-15,10
-2524,0,-2,2,3,2,4,-4,-2,2,0,10,6,-6,-1,8,2,-4,8,-11,-9,-2,-1,6,2,-14
-5049/2,0,0,0,1,0,-5,-8,1,-8,9,-6,-5,-6,5,6,1,-12,8,2,6,-10,4,0,10,12
7/16,0,2,0,1,0,4,-1,1,-4,-3,-1,-8,3,6,0,6,2,-4,3,6,-9,8,-3,6,3
-37/93,0,0,0,1,0,2,-5,1,-3,-10,2,-11,-3,8,6,-9,0,10,4,-12,-2,-16,7,-10,-12
-9/40,0,-3,0,0,4,-5,1,1,-3,6,1,-10,8,10,-6,6,6,-3,12,-13,7,-10,4,0,-3
-7/37,0,-2,2,1,-5,2,-4,-2,3,10,-10,-8,-6,4,-6,6,5,13,8,3,-4,11,1,-6,2
-4/189,0,0,2,-5,0,-5,5,1,-3,0,-5,7,-1,4,-6,-2,0,6,12,10,-9,13,6,-14,9
2/191,-1,2,-2,0,2,-6,-4,1,-4,-3,10,-7,0,-4,13,6,-7,-1,0,-1,10,2,1,-3,-1
-1/213,0,0,-3,1,0,-5,5,-2,-9,-8,-1,5,-6,-2,-6,0,0,2,-4,4,2,-15,12,18,-3
-1/209,0,2,0,0,-2,6,-1,-2,3,-3,-10,-7,10,-10,-6,6,10,8,8,-3,2,-16,2,-6,-8
1/572,0,-2,-2,3,-2,-2,2,-2,-3,-10,-1,-11,6,-4,12,-10,-11,13,-10,-3,11,8,14,-15,-19
-4/571,0,-2,2,1,-3,-5,2,1,-3,2,-1,-7,2,-7,-2,6,0,-8,2,-6,14,-8,-12,10,11
-4/567,0,0,0,-5,-2,-6,2,-2,1,6,3,-8,-3,8,-10,-10,-4,-12,8,12,10,10,-4,-12,1
2/211,-1,-2,3,1,-5,-5,-1,0,1,6,1,-7,-6,8,-6,-6,0,-3,-13,-8,-4,5,6,12,-4
-5/423,0,0,0,3,6,1,5,1,6,-1,1,10,4,-1,3,-7,-4,2,-10,-12,0,-16,6,-14,18
4/1711,0,2,2,1,0,6,2,1,-8,-6,3,-2,-7,4,4,-2,10,-10,8,-15,2,6,3,6,2
2/855,-1,0,0,1,-2,-5,2,-2,1,-2,2,-5,0,5,-8,-4,-2,2,8,-7,-4,-4,1,-6,2
1/855,0,0,0,0,4,-5,1,-2,2,-1,10,-6,-3,-6,0,-6,6,10,-2,-12,-16,-1,10,18,17
2/143,-1,2,2,3,-2,-2,-1,1,-3,0,-5,10,0,4,2,-11,0,-5,-12,-1,4,8,4,-6,-18
8/569,0,2,3,-5,-5,-6,4,-2,4,2,3,11,2,-6,7,9,0,1,5,-12,-14,1,2,0,-9
-2/569,-1,-2,2,1,0,-5,-3,1,6,4,-4,-2,6,-6,6,-6,-9,1,11,-13,-9,-15,-3,-6,-6
1/108,0,0,-2,-5,4,2,2,-2,-3,-10,-4,-8,-4,4,6,-2,0,13,0,-7,4,-9,10,18,1
-5/277,0,2,0,-5,-2,0,3,-2,6,4,10,-5,12,4,2,-14,6,5,-14,-3,0,-15,0,6,6
-2/277,-1,2,1,3,6,-6,2,1,-8,-10,2,-8,-2,-6,-6,-2,-10,-3,4,-15,-9,4,-16,-14,-18
1/274,0,2,1,0,6,2,-4,1,3,0,6,-2,-7,6,0,-10,-14,5,4,6,-6,1,10,10,-12
1/277,0,2,0,1,2,2,1,-2,-3,7,0,6,-5,5,0,-2,-11,1,8,-8,14,0,0,6,-14
-4/6837,0,0,-2,1,-2,-5,-1,-2,3,9,10,-5,6,-12,1,5,11,-3,4,-3,11,5,1,12,6
-3/6839,0,0,-3,-5,-5,2,-3,-2,4,-10,-1,-5,7,4,0,-2,-11,-6,14,15,-5,10,14,-14,14
-1/855,0,0,0,1,-3,-1,-1,-2,-8,-7,3,-7,-9,-1,-4,-3,-2,0,4,-9,-6,-4,-16,10,-18
1/856,0,2,4,-5,4,-6,2,0,4,-7,10,-2,6,-9,-2,2,-2,4,-8,-3,11,5,-3,12,-12
5/6841,0,-2,0,1,2,-6,-3,1,1,-5,0,-2,1,-12,4,1,0,-3,-4,-4,-10,12,9,-3,10
7/6843,0,0,1,1,4,-5,2,1,4,6,3,-2,-4,4,-8,6,0,-7,4,3,2,-9,-7,-15,-14
4/3421,0,2,1,-5,-2,0,4,1,3,-2,6,-7,2,-10,6,-2,-2,13,12,0,-13,11,0,0,-6
6/3419,1,0,1,1,0,-2,2,-2,-3,-1,3,-6,7,-12,0,0,6,2,10,6,-7,-15,-16,-8,8
1/684,0,0,2,3,2,-5,-3,-2,-9,-5,4,6,-7,-9,-6,4,10,2,1,14,2,11,16,12,2
3/190,0,0,0,3,-5,0,4,-2,1,-7,-2,-2,6,-10,0,3,-4,-3,0,15,2,1,12,12,-7
47/13,0,-2,1,1,4,-2,4,1,-6,-5,6,-2,8,4,-8,-10,9,13,4,8,-6,-9,10,18,16
-8/269,0,-2,3,1,4,0,2,-2,3,0,2,2,-6,7,0,-6,8,8,-14,-8,-10,15,3,0,11
-11/269,0,-2,4,0,0,-6,5,1,6,-3,-4,-5,-6,10,6,-4,0,2,4,6,-4,-6,-5,-9,5
-3/134,0,0,-2,-5,-3,-1,-1,1,6,-3,-5,-11,0,12,1,-6,13,-2,0,-4,-2,-12,4,-7,-14
-1/134,0,2,0,1,4,1,-4,1,2,-5,3,-2,7,-6,-6,6,-9,-1,0,13,-10,-15,5,-6,3
-5/116,0,-2,0,-5,-5,-5,-3,-2,6,-6,-1,7,-4,8,11,-4,-4,-4,11,4,2,0,-4,-10,12
-1/218,0,2,3,1,2,-1,-5,1,6,-1,1,-6,-7,-7,0,-2,8,-12,4,0,-16,8,1,6,-2
-4/1093,0,-2,-2,3,6,-1,-5,-2,-3,2,0,-7,-6,4,-11,-11,-7,13,10,-8,-13,10,0,-9,8
-2/361,-1,2,3,3,-5,-5,-3,-2,-4,4,3,6,-1,-4,0,-11,-7,1,-5,-9,-8,-10,-16,3,17
-3/181,0,0,-3,3,2,1,-4,-2,-3,-5,-9,-5,-5,-7,1,3,-14,10,4,-5,-13,13,-10,-9,18
-2/543,1,0,0,3,4,-5,-6,1,-3,6,-9,-1,6,2,-6,6,9,2,4,-3,-6,8,-1,-14,-7
89/5,0,2,0,0,0,2,5,-2,0,-5,-2,-2,7,6,-8,-2,4,8,-8,-9,-6,0,2,-13,3
-6/275,-1,0,0,-5,-2,2,5,1,2,-5,8,-3,12,6,0,6,0,-10,-3,-7,-10,-1,-5,-6,12
-1/92,0,2,-2,1,0,6,6,-2,0,2,2,10,-5,8,-8,3,-7,5,10,-4,12,5,14,1,2
7/391,0,2,0,1,-2,6,-2,-2,0,6,-6,-7,8,5,1,1,6,10,2,0,4,0,-12,6,8
1/65,0,-2,0,-5,6,-2,5,1,-8,-2,-8,-8,-6,4,1,-2,0,-1,12,14,7,-1,2,10,12
9/392,0,-3,0,-5,2,4,-4,1,-3,-10,-6,6,6,-10,-6,6,1,5,-2,0,0,-16,-11,12,2
-1/292,0,-2,-2,-5,0,0,5,1,6,3,10,-6,6,0,8,-6,-1,2,14,0,-6,-15,2,-14,8
1/295,0,2,0,0,4,1,2,1,-8,-4,-6,7,-5,8,-3,-4,10,1,-4,4,0,-16,0,9,8
89/46,0,-2,2,3,2,-1,-5,1,0,-3,-1,2,7,-6,12,6,0,8,4,3,-10,11,8,-13,11
47/25,0,-2,0,3,-5,-5,-3,-2,1,10,10,-6,2,4,-8,-14,-12,-6,4,8,14,2,-8,6,-14
49/22,0,2,2,1,-2,-5,2,-2,-4,6,-4,2,-3,-12,-10,1,-2,-1,-10,-8,-5,6,4,-14,14
-29/35,0,-2,0,-5,-1,-5,2,1,3,-10,4,5,-9,4,3,-12,-4,2,10,-1,10,2,12,9,-9
-67/75,0,0,0,1,2,-5,2,-2,6,-5,-6,10,-2,-4,12,10,-4,-6,-5,2,-8,-16,-16,-15,-5
70/3,1,0,0,1,4,-6,6,-2,6,-2,-9,10,0,4,8,1,-4,-5,12,-9,1,-16,2,3,13
-1/273,0,0,0,-5,2,-2,3,1,6,-5,-9,6,3,4,0,-11,-4,-5,0,4,4,5,6,-6,-18
-7/156,0,0,2,1,-1,-2,-4,-2,2,-7,-2,10,1,6,1,2,-1,5,4,-15,-13,4,15,18,-1
-5/157,0,2,0,3,-1,-5,2,1,3,-7,-9,-7,-4,1,13,6,-11,4,4,-9,2,-5,12,0,8
-7/76,0,-2,3,1,4,2,2,-2,-4,-1,0,-2,6,2,-7,-6,0,6,-10,-4,2,10,11,-14,1
-3/160,0,0,0,3,4,-1,-6,1,-8,2,10,-7,-1,7,13,11,-2,13,-10,14,-9,11,-4,8,-2
-8/159,0,0,0,-5,4,-6,-1,-2,0,4,-4,-1,-6,4,4,5,0,2,-11,-1,-9,6,5,-6,12
-84/95,0,0,0,1,6,-5,6,-2,6,-2,-1,5,3,2,4,-6,-3,1,-11,-9,-7,-8,-4,18,11
-2/83,1,-2,4,1,4,2,4,1,-3,6,-7,-2,-9,9,1,9,-1,-4,8,14,-1,12,-16,-6,-18
-4/83,0,2,-3,-5,-2,6,-6,-2,-8,4,10,-5,0,6,-4,-2,9,-8,4,-9,-13,8,-16,-8,2
23/390,0,0,0,1,0,-2,5,1,-7,-2,3,-2,-6,-2,12,-14,4,8,4,6,-6,12,12,8,-2
801/2,0,0,0,-5,6,-5,4,-2,-8,0,-9,-8,-1,6,2,1,-7,-13,-12,-8,1,-4,2,-13,12
800/3,0,0,0,3,6,4,-5,-2,2,-2,-4,-7,-9,1,-11,-4,-9,1,4,14,1,-15,-16,1,8
803,0,-2,2,-5,0,2,-3,1,-8,7,-4,2,-3,1,-1,6,-11,-2,4,3,-11,6,10,0,-18
202,1,2,0,1,-3,6,5,1,6,0,4,-2,-6,6,8,6,-7,-10,12,-5,14,5,4,-10,8
394,1,2,1,1,0,-5,2,-2,-8,-5,-1,-11,6,8,-6,-4,7,6,-14,-15,-1,8,3,-12,14
9/128,0,-3,2,0,2,0,4,1,2,-5,1,-1,10,5,0,-6,-1,10,-12,-9,-7,10,-7,12,13
9/130,0,0,0,-5,-5,-2,1,1,-9,4,8,10,0,4,-8,9,6,13,3,-4,-6,8,3,18,13
-153/19,0,0,0,3,4,6,-8,-2,-8,-3,-5,11,6,-6,1,-2,8,13,4,-7,2,10,-16,6,2
-456/65,0,0,0,3,4,-2,3,1,-4,-8,3,2,-7,5,12,-3,-12,13,-13,3,2,-12,-3,8,-9
-229/33,0,0,-3,1,-2,2,-3,1,3,-5,-7,10,3,-4,1,-4,-2,1,4,-12,-2,-4,3,0,-1
-75/11,0,0,0,-5,-2,-5,-3,-2,1,0,-9,-5,2,-6,12,-6,-1,10,3,3,-11,-6,14,-6,10
-113/15,0,0,0,1,-1,0,2,-2,-8,-4,-5,11,4,0,12,-6,-1,2,2,5,2,-16,-16,12,18
-114/17,-1,0,-2,-5,-2,-5,-2,1,-9,-3,8,10,2,7,13,0,2,-8,3,-8,11,-16,8,6,8
-52/5,0,2,0,-5,4,-7,-1,0,6,6,-6,-10,1,0,-8,-11,-7,10,10,-3,4,5,10,4,-5
-151/16,0,-2,2,-5,4,-6,5,1,-3,-2,-1,-5,-4,-1,0,-2,11,2,12,3,-4,8,-3,-6,14
-150/19,-1,0,0,-5,2,2,-1,-2,-8,6,-4,5,-6,-6,4,2,0,-5,12,3,6,8,3,3,-8
-73/11,0,2,3,0,-2,-5,5,1,6,-2,1,11,-6,4,11,1,-4,-2,-5,-9,-11,-14,-3,5,10
-23/78,0,0,2,-5,6,-2,-3,-2,-7,0,4,-7,6,-10,3,-11,4,13,11,-4,-4,-8,7,-7,13
-11/40,0,2,0,1,0,0,4,1,-8,0,4,-2,-1,-6,-6,10,-4,2,2,-3,0,-8,-1,3,-6
-31/39,0,0,4,0,-3,-2,-3,-2,3,2,-10,-2,-5,4,0,-10,0,1,4,0,2,-1,8,-12,2
-31/41,0,2,2,3,-2,-5,5,1,-4,-3,-10,-7,6,4,1,9,4,1,12,-6,-13,-10,3,0,-6
11/97,0,-2,0,3,0,-5,-3,1,-6,-2,-9,5,-9,-6,-6,-10,-11,2,5,6,5,-5,3,2,4
44/25,0,-2,0,-5,0,-5,2,0,-4,-10,3,-2,4,12,0,-10,8,1,4,-9,-16,10,-4,-1,14
-53/32,0,-2,4,1,0,0,4,1,1,0,-5,10,2,4,-6,-10,-13,-1,3,3,0,-6,-3,6,13
-109/66,0,0,2,0,-2,-5,6,1,-8,3,-9,-7,0,10,11,0,10,-1,2,7,10,-8,-6,-12,13
-107/64,0,2,-3,-5,-3,1,2,0,-8,4,-2,10,-1,10,4,-10,-14,-1,-8,3,-14,5,10,0,-6
-127/4,0,-2,-3,-5,-3,-5,5,-2,-4,3,2,5,12,-2,-6,6,-12,10,8,-4,12,9,6,9,-3
-28/3,0,0,1,1,0,-5,-6,1,2,10,2,-2,-6,2,3,-4,-14,-4,3,9,2,-4,14,5,6
93/61,0,0,0,1,6,-6,5,1,-4,-7,-10,11,-3,-2,4,-7,-7,-4,0,10,-6,-14,1,-12,0
-827/5,0,-2,0,-5,-3,2,-3,-2,4,-8,-6,11,2,-2,13,3,-4,-10,-2,3,-10,1,-9,-6,-13
-823/2,0,2,2,-5,-5,4,2,1,4,0,2,2,-3,4,-6,-2,-9,-1,1,11,-5,-8,4,9,-2
-409/3,0,0,-2,1,-2,4,5,-2,-8,0,-4,-11,-6,8,0,-7,-2,1,8,8,14,-16,12,10,-14
-275/2,0,-2,0,1,0,6,1,1,1,6,-6,6,1,-1,-6,1,0,-2,-12,15,-1,-14,-5,0,8
-823/4,0,-2,0,1,2,6,5,1,3,3,10,10,-4,4,0,1,6,-5,-8,6,10,-6,-4,-9,12
646,-1,2,4,1,0,-1,-8,1,6,-5,-9,-2,-1,-6,-6,6,6,-11,-12,6,11,-10,-6,-14,-1
644/5,0,2,0,1,6,-5,2,-2,-7,6,3,-2,-6,-6,-11,-2,4,-10,-14,2,12,-9,-11,-2,-14
323/2,0,2,1,-5,-1,6,-8,1,1,-7,-1,-3,-6,7,0,6,-14,-1,-14,5,-5,4,-15,10,-6
163/3,0,0,4,3,-2,4,-4,-2,-6,-4,-9,-2,0,4,0,3,-11,8,-12,6,7,13,12,-6,2
326,-1,-2,2,-5,4,2,2,-2,0,6,4,-6,-9,-4,0,6,-9,-5,-8,12,14,-12,-16,1,6
113/3,0,0,4,-5,-5,1,5,1,3,0,8,10,-3,4,3,2,0,-6,6,0,11,-8,10,-17,17
-9/35,0,0,0,-5,-5,6,-3,-2,-3,9,-8,5,-7,7,0,-2,0,5,-14,-3,11,0,-16,8,14
-17/74,0,-2,2,0,-1,2,-8,1,-3,-5,-9,-8,-6,2,3,-11,-5,0,2,-3,14,8,6,-10,-1
-4/25,0,-2,0,1,2,-5,-3,1,-8,4,3,-7,-1,2,1,-6,-14,8,-12,-12,-10,-16,-3,-9,-18
-16/73,0,-2,-2,-5,-3,4,1,1,-9,-8,2,-5,6,12,-7,-2,2,-10,2,4,-6,-15,0,-6,14
-1/89,0,2,0,-5,6,6,-3,1,6,3,-1,-3,0,-7,11,-2,6,1,10,6,-6,6,6,-8,-12
-3/91,0,0,2,-5,6,-2,-3,1,-8,0,8,10,0,12,2,-11,-10,1,8,-6,12,15,10,4,5
5/114,0,0,0,1,-3,6,3,-2,6,-5,0,2,-5,-7,-8,7,-4,8,4,-7,-16,-9,-3,6,14
3/115,0,0,0,0,4,-5,6,-2,0,-8,1,-5,2,4,-6,6,4,-6,4,4,-6,13,4,18,-2
3/118,0,0,4,-5,6,1,2,1,-3,4,0,10,-3,12,12,-10,10,-7,11,0,-10,6,3,-7,-18
36/2347,0,0,0,-5,0,6,-6,1,-3,4,-9,-6,6,-2,-6,5,-4,1,0,13,-5,-1,-3,-15,-6
-93/98,0,0,2,-5,4,-1,-6,-2,-9,10,-10,-5,-9,10,-8,-7,-4,-10,-11,7,-2,-4,2,-14,-2
11/194,0,2,1,-5,0,0,-3,-2,6,-7,-9,-6,12,-2,0,2,0,10,10,-7,-14,8,-10,-4,4
5/96,0,0,0,0,-1,2,-6,1,3,6,3,-8,2,-2,-4,-4,7,4,5,-4,-13,-8,-16,6,8
24/389,0,0,0,1,2,0,2,1,3,-7,4,10,-3,-12,-6,3,4,-1,6,5,-16,4,3,2,-5
7/130,0,2,0,1,-1,-2,-3,1,6,6,-9,2,-6,8,0,6,10,-7,8,6,10,15,4,-6,9
2/55,-1,-2,0,-5,-2,-5,-4,1,-3,0,-9,5,1,-10,-8,-3,-4,-11,12,0,-13,10,-16,12,-2
-41/2,0,-2,2,-5,4,6,2,1,4,2,-9,6,-4,-6,-7,-10,11,-2,3,-2,-5,-4,2,-10,2
7/109,0,2,-3,1,-3,-5,4,-2,6,0,-1,-2,6,-10,1,2,-4,1,4,-4,-4,-4,8,-1,-3
-1/116,0,2,2,-5,0,2,-5,1,-4,-6,-10,-7,1,-4,13,-4,-14,8,-12,-15,14,-10,2,-3,-3
-53/89,0,-2,-3,1,-1,6,-3,1,6,-5,-8,-1,10,7,4,-10,6,-1,8,2,14,8,2,-8,2
-55/86,0,2,0,-5,0,4,-3,1,-3,-8,1,-2,-6,-12,2,6,6,-2,4,8,-6,4,-15,10,-12
-2477/34,0,2,-2,1,0,-5,-2,1,-3,6,2,-11,6,-2,0,6,13,-2,11,12,-6,-4,-15,-10,-18
-2479/36,0,0,0,1,2,1,-1,-2,3,-1,-7,-11,-6,-1,-11,6,0,-13,-5,10,-10,-6,-16,6,2
-45/4,0,0,0,0,0,-5,-1,-2,2,-2,3,6,12,8,-8,-6,13,-13,-4,12,-6,-16,2,10,-2
-39/50,0,0,0,3,6,-7,2,-2,-9,2,3,-10,2,-10,1,5,-12,5,-11,10,11,-8,16,-6,7
-20/37,0,2,0,-5,2,2,3,0,-3,-5,2,-8,-6,-9,4,1,-7,-4,5,-12,-11,-14,6,-15,1
-137/2,0,-2,1,-5,-2,1,-3,-2,1,-2,-5,-11,-3,-3,4,-9,-1,-5,-12,9,-6,8,10,1,-14
-136,0,-2,2,-5,4,6,-8,1,6,0,10,-8,4,-10,12,-4,2,2,8,0,-4,-7,12,3,-6
-827,0,2,-3,1,0,-5,-5,1,-3,3,1,-11,-3,4,11,4,4,-1,2,6,0,8,0,10,12
-827/3,0,0,0,1,-2,-6,-6,-2,6,-3,-2,-2,6,7,3,9,0,-1,4,-9,-13,-10,11,-1,-4
-73/52,0,-2,2,1,2,-2,6,-2,3,-5,-4,-2,-6,7,0,2,-2,-10,-10,14,-11,-8,16,-17,-14
-37/26,0,2,0,0,6,-2,5,-2,-8,6,-9,-11,-6,6,-1,4,0,-2,4,-9,-6,-10,6,0,13
-3/380,0,0,0,1,4,6,-3,-2,-8,0,10,5,0,-4,7,-3,-4,-7,-8,-15,-1,8,3,10,12
-11/1138,0,2,2,1,0,-5,5,1,-4,6,0,-6,-6,-10,1,-2,2,2,12,14,-7,-6,16,-10,-14
-5/1711,0,2,0,3,-5,2,5,-2,6,-6,-7,-7,-3,5,3,-3,10,-7,8,11,-16,1,-6,-2,-18
-4/1711,0,-2,0,0,-2,-6,6,1,-4,-6,-1,-5,-3,-4,-6,6,10,-10,8,15,7,5,12,-14,2
2/263,-1,2,1,-5,0,-5,-3,1,4,4,-9,-5,-6,4,6,0,-9,1,3,5,-4,6,9,6,-14
-3/263,0,0,1,0,-2,6,-5,0,6,9,6,11,-5,12,-6,6,-4,-3,-7,-12,-13,4,-6,-14,9
-15/3419,0,0,0,1,-1,-2,4,1,-4,-4,10,7,-6,-1,1,-4,4,-13,4,-3,14,10,-4,0,-2
-8/1711,0,2,-2,1,2,6,1,-2,-8,-6,-5,-3,-6,4,0,1,10,8,4,13,-4,-6,2,3,12
-4/311,0,2,0,0,2,-5,-5,-2,-3,6,-9,-2,-3,5,-8,1,4,6,4,4,6,-8,-3,-17,-6
-5/17,0,-2,0,3,-5,0,-2,1,-4,-1,2,-6,-3,-4,-6,-12,-12,10,-3,5,-6,4,8,-4,14
-5/97,0,2,0,-5,0,2,4,-2,-4,3,-1,-2,0,1,8,-4,0,-10,12,-12,2,-16,-3,12,4
-6/101,1,0,1,-5,0,0,-5,1,3,-5,2,-2,-5,5,-4,-11,-12,-1,2,0,-9,8,-8,6,2
-2/105,-1,0,0,-5,4,4,2,1,4,4,-5,-7,8,-6,1,-6,2,-11,2,6,-6,5,14,10,-5
-2/31,1,2,-2,-5,-5,2,6,-2,-8,0,2,-7,-2,-10,12,6,-4,-8,-12,-9,-6,-15,-3,4,2
-9/76,0,-3,0,1,0,4,4,-2,6,3,6,2,-7,12,-8,1,-2,-11,4,5,-13,-16,-4,-1,11
-11/216,0,0,1,-5,0,2,-4,1,-3,-5,3,-2,12,-9,-6,-4,13,-11,-14,8,0,13,-4,6,-13
-5/109,0,2,0,-5,4,6,-4,0,-4,0,-8,-2,2,7,-11,6,0,-7,-13,-13,-4,6,0,-2,8
-5/72,0,0,0,0,-5,1,2,1,2,10,0,-2,12,7,0,3,6,0,4,3,-9,-6,-3,-1,2
-4/107,0,2,2,-5,4,1,-5,1,1,2,-9,8,-1,12,0,-6,-1,-7,8,4,7,-4,6,-14,10
-69/25,0,0,0,1,6,-5,-6,-2,-7,10,-9,-2,-6,7,2,1,10,8,5,-3,11,-10,3,18,-12
49/779,0,-2,4,1,-2,1,6,-2,-4,-3,-1,-1,6,2,8,-10,11,-1,9,-5,-16,-14,10,6,-2
51/781,0,0,4,-5,-2,6,-8,1,6,-10,-2,-7,-6,4,12,-6,-5,-4,1,4,-16,1,-3,-15,5
48/779,0,0,-3,3,0,-5,4,-2,3,-5,3,-11,6,-6,0,11,6,10,-2,-9,-6,-12,-3,-17,-6
2/51,-1,0,0,0,4,4,-2,1,-3,-5,-4,-5,-2,7,-8,0,4,5,8,6,-14,-1,3,-17,9
54/775,1,0,0,0,-1,2,-6,1,1,6,2,-5,-9,7,-2,-2,-4,-6,-8,0,-1,13,-11,-9,2
54/779,1,0,2,1,2,4,3,-2,-3,4,-4,11,6,7,4,6,0,4,-12,0,-5,6,6,-12,11
8/97,0,-2,2,1,4,2,6,1,-4,-3,-6,-5,1,-9,1,-7,0,8,-5,0,0,0,6,-6,4
-3/38,0,0,1,1,2,1,6,-2,-3,3,-10,-10,-6,6,-11,-11,-7,13,2,4,-6,0,6,-1,2
24/395,0,0,0,0,0,2,-5,-2,2,4,-4,6,2,10,-4,-3,-4,-7,-10,6,7,-8,1,10,18
-9/148,0,-3,2,-5,4,-6,6,-2,2,-8,10,-8,-9,4,8,-6,2,2,8,-12,-7,13,-4,0,-9
-8/147,0,0,0,-5,0,4,1,-2,-8,-2,2,-2,0,4,-10,3,6,8,8,-15,-13,-6,3,6,-18
-5/73,0,2,0,3,-3,2,3,1,-6,3,-1,-2,0,8,0,5,-10,2,2,-9,-6,-10,-4,-8,-14
-9/151,0,-3,0,3,-2,6,-3,1,-8,9,1,-10,-9,-4,13,4,0,1,5,-8,14,-15,-9,-6,-6
-4/75,0,0,0,1,-1,2,2,1,3,10,-1,5,-3,8,4,1,4,-7,12,-8,-6,0,-4,-10,-5
15/86,0,0,0,-5,0,2,5,-2,-3,3,-1,6,-6,-12,-1,-2,0,2,-10,2,-4,15,2,-6,-5
17/78,0,0,2,3,2,-2,-8,1,3,4,3,-3,1,-7,-6,-10,6,10,-12,2,-4,-1,-7,0,14
20/77,0,2,0,-5,-2,-6,-5,0,4,-1,-1,-5,0,-10,13,-2,-4,2,-12,-4,-9,-15,12,10,8
-46/21,1,0,1,-5,-1,-5,2,1,-7,9,8,2,-1,-4,6,6,-1,1,12,-15,-2,-14,-6,8,17
-47/21,0,0,3,-5,-2,6,4,1,1,-3,-1,5,-4,12,-8,-4,11,-5,8,0,-7,6,0,0,-6
-46/19,-1,-2,0,1,0,2,5,-2,-7,6,-5,-5,-6,2,12,-2,0,-13,-10,8,-7,8,-7,-1,11
23/13,0,-2,4,-5,2,-2,1,1,-7,-2,-4,-5,0,9,6,-2,-4,-3,-12,15,-1,-11,6,-6,0
-760,0,-2,0,3,6,6,2,1,-4,2,0,-2,-3,-7,8,-3,0,-2,2,-3,-2,-9,-5,2,-6
-760/3,0,0,0,0,4,4,-3,1,-3,-1,-5,10,6,-10,1,7,6,-4,4,6,-5,-12,2,-4,17
-1/31,0,-2,1,1,2,-5,-5,-2,-4,3,2,-1,0,-6,-7,1,0,5,-10,13,5,13,-3,-6,-2
2/61,1,-2,3,1,-3,-6,1,-2,-8,7,-4,-10,0,0,-6,-10,0,-4,-11,0,12,8,14,8,17
5/42,0,0,0,-5,-2,-6,1,1,-6,4,1,8,-6,4,-8,-2,-12,-10,0,-15,-2,0,10,-6,17
799/2,0,-2,-3,-5,0,1,-8,-2,-4,-5,3,10,10,5,-8,-6,6,-5,5,13,-6,5,3,-9,-2
12/73,0,0,1,-5,0,-5,3,1,-8,-3,10,-7,7,4,-2,6,-4,10,-12,0,-6,-7,1,-6,-13
5/23,0,2,0,1,4,6,5,1,0,-2,3,-10,-7,-9,6,-2,-9,6,-12,8,-13,11,-4,-6,-1
-8/675,0,0,0,1,0,-5,2,-2,-4,0,1,-3,-3,4,0,1,-11,5,8,5,-7,4,-15,-15,10
-9/676,0,-3,0,3,4,-2,5,-2,-4,0,8,-7,-6,4,0,6,0,2,-12,4,2,-7,1,12,12
-2/135,1,0,0,1,-2,2,-6,1,-6,-4,-4,-2,-3,-7,-11,-2,6,6,8,-15,5,6,-9,-16,-3
-9/674,0,0,2,1,0,4,-1,1,6,6,-5,-7,6,8,4,6,-2,-6,3,-3,-13,13,-4,-15,-2
-5/336,0,0,0,-5,-5,-1,2,1,-8,-1,2,5,6,-4,12,-6,6,8,-6,12,4,15,0,12,2
-2/173,-1,-2,2,0,0,-6,2,1,-9,-7,-2,-1,-6,-2,0,-3,-14,-10,1,-9,-2,8,0,-6,-9
-75/8,0,0,0,1,-2,0,2,1,-3,4,1,5,1,-3,4,-4,6,-3,4,-15,-4,1,11,-10,-18
-72/11,0,-3,-3,3,-2,2,6,1,2,-2,4,-2,0,-1,4,-11,-9,0,-12,-1,-14,-16,11,3,-1
38/17,-1,2,2,0,6,1,-2,1,-3,0,0,-11,-5,-4,12,-6,-14,13,0,0,0,-14,9,-12,1
11/62,0,2,2,3,0,-5,4,1,-3,10,2,5,-7,6,0,5,-4,-4,4,5,1,-1,4,-15,8
4/15,0,0,0,-5,-5,0,5,1,3,-5,1,-7,3,-4,0,-2,6,-7,-5,3,-4,-1,4,-10,1
-17/220,0,2,0,1,-2,-5,-8,-2,0,0,0,11,-6,12,0,-2,9,-10,8,8,14,0,1,9,11
-14/23,-1,-2,3,1,0,-1,-4,1,0,-5,-7,8,-3,2,0,-14,-4,-2,-2,-3,-6,-11,0,10,2
227,0,-2,0,3,4,-6,-5,1,-4,-3,1,-2,-7,-12,8,-3,-5,-3,4,0,-13,-15,0,-14,14
-9/2282,0,0,0,-5,4,-5,-6,1,1,4,-2,-5,0,4,1,11,6,-1,3,4,2,0,-4,3,-9
-6/2279,-1,0,0,1,0,-5,5,1,-4,6,10,-6,10,-12,-8,5,-9,-2,-14,-5,2,1,0,6,0
-2/427,1,2,1,-5,-5,2,3,1,4,6,10,10,-3,9,0,6,-12,-4,5,-13,5,-1,6,-13,-9
-3/758,0,0,2,1,-2,-1,5,-2,-8,0,-6,-1,1,-10,0,-4,-1,-5,11,-15,-10,1,4,-6,-2
1/761,0,-2,0,3,2,0,-3,0,1,-2,3,-6,6,4,0,-2,9,6,-7,-15,-11,-8,4,6,-8
-4/1137,0,0,-2,0,6,-5,-6,-2,6,0,10,-6,-3,-10,4,-2,4,-7,-12,6,-4,13,-16,6,-7
-16/3417,0,0,0,-5,-3,-5,-2,1,-4,0,3,10,-3,-4,0,1,-11,-7,0,0,2,-16,-5,-12,12
-8/53,0,-2,2,-5,-3,-5,-3,1,1,3,-7,10,0,-4,-10,5,-2,10,-8,-9,2,10,4,6,-5
-10/53,-1,2,0,0,4,1,6,1,-3,-7,-1,-8,1,10,8,5,2,2,-4,15,-8,-8,-4,2,-8
-6/55,-1,0,0,1,-2,4,1,-2,3,-7,1,-8,2,8,7,11,-9,10,-10,-4,0,-11,-4,10,-18
-17/31,0,2,3,1,-2,6,-8,1,6,-4,2,-7,-6,2,-1,6,2,-1,-3,14,12,0,-3,12,10
-21/31,0,0,2,1,4,2,1,-2,2,-2,2,-7,-9,5,-11,5,6,-10,-6,0,-8,8,12,10,8
-41/61,0,2,1,3,2,6,4,1,6,-2,1,-1,-4,0,1,6,11,-4,0,-12,2,13,3,10,8
-38/63,-1,0,1,-5,0,-6,5,1,4,-2,-2,11,-7,7,-6,6,-1,-10,-12,-1,-11,-10,12,-2,-2
-4571/4,0,2,2,1,-3,4,-4,1,-3,10,3,-3,-5,1,0,6,0,10,3,-5,-6,-1,-16,-10,9
-4567/5,0,2,0,-5,-3,6,-3,-2,6,5,-4,-5,-6,0,0,-4,0,4,4,9,7,-16,3,-6,3
-4570/3,1,0,0,-5,-1,0,4,-2,6,-2,6,-1,12,-3,-8,-6,-5,-8,0,-2,14,-1,3,-14,12
-1143,0,-3,3,-5,-5,2,-3,1,3,-5,-10,-8,-6,-6,13,-4,-3,10,4,-12,-11,8,12,-17,12
-44/65,0,-2,0,1,0,-2,-4,1,3,-7,6,-7,-6,-2,-6,-2,-4,-4,-11,-15,14,5,-9,-1,13
-80/29,0,-2,0,-5,0,-5,3,-2,6,-6,-5,-5,-3,-6,0,4,-12,-2,2,8,4,-8,2,18,-5
86/89,-1,2,1,1,0,-1,-3,-2,6,3,-7,5,-3,-1,7,-4,-1,8,-3,-5,-13,-15,-4,-8,13
-7019/7,0,2,-2,-5,-2,0,-1,-2,2,-2,2,-6,-3,-6,-6,-2,0,1,5,12,2,6,-12,9,8
-3508/3,0,0,2,1,-3,-5,5,1,-9,10,10,11,1,-4,6,-11,-5,-2,-14,0,12,8,6,0,-18
-3/107,0,0,4,1,-5,6,-3,-2,-3,10,-6,-5,0,-4,0,11,-9,-10,8,4,-1,-10,3,-6,-9
-7/215,0,2,0,1,0,6,-3,1,6,-8,10,8,4,-12,0,-11,-1,-11,12,-9,-14,1,7,-6,-2
-4/55,0,-2,0,-5,-2,1,3,1,-4,4,-5,-2,-4,-7,0,-6,0,-5,12,-3,2,11,9,3,-9
-7/208,0,-2,4,1,4,-2,5,-2,-6,4,10,-5,6,-6,4,-3,-11,1,4,0,-10,0,6,12,-13
-3/104,0,0,3,3,2,-2,1,1,-8,6,3,10,-9,8,-8,6,-2,8,-3,-1,-6,-7,7,-14,3
-33/646,0,0,0,0,0,-5,-2,-2,6,3,10,-7,8,-4,-6,-6,-9,0,6,-6,-8,6,7,6,8
-29/647,0,-2,3,1,0,2,2,1,-8,-10,0,-2,7,8,-8,9,4,-10,-3,16,-2,-15,3,0,-7
-11/214,0,2,2,1,0,-1,-3,-2,-3,0,-1,-1,-6,7,12,4,-14,-7,-14,-5,2,0,-3,-8,-18
-37/645,0,0,0,-5,-5,2,2,1,-3,5,2,-11,-7,-12,8,6,-12,-1,-4,8,-13,-8,-7,1,12
-9/67,0,-3,-3,3,-1,0,-4,0,-6,0,1,5,-6,2,-11,1,-2,1,0,8,-10,-14,0,3,-7
-4/33,0,0,-3,1,-2,-5,-3,1,6,0,-4,8,12,4,0,-11,2,4,10,14,2,6,1,-12,14
-15/319,0,0,0,-5,-2,-1,-3,1,-3,-6,10,-7,-4,6,0,-6,-4,5,-3,14,5,-1,-6,-6,-1
-34/637,-1,-2,3,-5,-5,-2,-8,1,6,-4,-4,-2,8,9,-8,3,0,10,4,-4,7,4,1,-14,2
-11/212,0,-2,-2,-5,0,6,2,1,3,-7,-9,11,6,-6,0,5,6,-3,4,-5,12,-6,-3,6,14
-9/163,0,-3,3,1,6,-5,5,-2,3,3,-9,6,8,-6,12,-9,-4,8,-12,14,-13,-10,0,12,13
-17/317,0,-2,1,1,-2,6,-8,1,6,2,-6,-2,8,8,0,6,0,13,-13,-3,0,-1,3,-8,11
-13/161,0,2,2,-5,2,-7,-4,-2,0,4,3,7,-6,4,0,2,0,-11,-12,-3,-6,-7,6,6,-3
-9/158,0,0,0,3,2,0,2,1,-8,-4,-4,-7,-7,8,12,10,6,-2,10,3,-2,-8,-3,0,8
-21/317,0,0,-3,1,4,2,6,-2,6,-2,-4,7,4,-3,6,4,-5,-3,9,-15,-9,-14,-4,-14,-12
-19/317,0,2,3,0,-3,-5,-5,1,-3,-3,0,-7,-9,1,-3,3,0,8,2,7,-13,-14,-16,-12,12
-8/211,0,2,-2,1,4,-6,5,1,-8,0,-1,-1,7,4,-11,6,-9,-7,4,12,-16,10,3,10,-3
-12/209,0,0,3,-5,-2,2,4,-2,-8,-1,8,10,-6,4,-2,-14,0,-5,-12,4,-1,-8,1,1,-18
-40/637,0,-2,0,-5,4,-2,6,1,-3,4,-7,-3,4,2,-11,5,8,0,-10,8,-13,6,2,10,12
-35/633,0,0,0,1,4,6,-3,-2,-4,6,-1,-5,-6,7,8,7,2,2,-3,4,-6,5,12,2,18
-319/10,0,-2,0,0,0,4,2,1,-8,-10,-9,-1,-6,0,2,-4,13,-5,8,-9,-5,10,-4,-6,17
-4/759,0,0,1,0,-2,6,6,1,0,-4,-1,6,-2,-4,-2,-10,-14,-11,-8,15,-14,10,-8,12,2
-8/2277,0,0,4,3,-2,-1,-3,1,0,9,-9,10,-7,-1,3,-14,-1,13,10,-15,11,-8,15,-15,11
-1753/2,0,2,0,1,0,2,3,-2,-3,-5,2,-6,-6,2,10,-6,-4,13,16,-5,-7,-10,-16,-16,18
-3507,0,0,3,1,-1,1,6,1,1,-7,-9,-2,-3,-10,-6,-2,13,4,2,2,-13,-16,3,3,-12
-1405,0,-2,0,1,-2,6,-5,0,-8,4,-8,8,-4,-7,12,-4,-9,5,-12,-2,-2,-4,4,8,2
-2108,0,2,2,1,-3,4,-8,0,6,0,-10,8,-3,10,0,0,6,-1,-5,3,7,8,-7,10,16
-1055/2,0,-2,0,0,2,6,-3,-2,-3,0,0,-7,7,-4,1,6,13,-7,2,3,-14,-6,9,10,14
-1053,0,0,-2,-5,-2,-7,4,-2,-3,7,2,-7,0,-2,0,9,11,-7,11,10,14,-14,3,8,-18
-2105/2,0,-2,0,0,0,6,-1,1,-8,-4,8,10,-3,-6,12,-12,0,-2,14,-7,11,-10,0,-8,2
-4213/2,0,2,4,-5,0,-6,-1,1,-8,-2,8,-2,-6,-2,13,-10,-4,5,11,14,-6,11,10,-6,3
-8422/7,-1,-2,1,-5,6,-5,3,1,2,3,-4,10,12,8,8,-2,0,1,-11,0,-2,12,12,-10,17
-2107/2,0,2,2,1,0,-6,-4,0,-6,-4,4,8,-2,-1,-1,-11,-4,10,8,-9,-9,6,-9,1,13
-1671/7,0,0,-2,-5,0,6,-4,-2,3,3,-9,-2,-3,8,-7,-6,-9,10,-8,6,2,11,12,2,-4
-1665/7,0,0,0,-5,-5,4,2,0,6,3,10,-11,-6,-7,-8,0,-11,2,12,7,-13,13,2,1,8
-357,0,0,3,1,2,6,-8,1,3,7,0,10,-6,6,11,-2,6,-1,12,-13,-13,11,-3,-9,-1
-2501/5,0,-2,0,0,0,6,2,1,-3,4,-6,-2,-4,4,0,-6,0,-13,2,-5,5,5,3,-1,2
-2498/5,-1,-2,0,3,-1,2,1,1,3,-4,0,10,-6,-4,-6,1,-2,2,5,15,10,5,14,-12,2
-1249/2,0,2,0,1,0,-6,-3,1,6,0,3,5,-1,10,4,-6,-1,10,-8,11,6,1,-16,4,14
-53/24,0,0,2,0,-5,6,1,1,-6,0,3,-11,6,-3,-6,-10,-11,2,-6,5,-1,-9,4,0,11
-7/47,0,2,1,1,4,-5,-5,-2,-6,-1,8,-2,-2,4,3,6,10,4,-11,-3,4,-8,-13,8,10
-13/93,0,0,2,-5,-3,-7,-4,1,6,6,2,10,10,6,1,-3,-4,10,12,3,-8,8,0,8,3
-4/981,0,0,0,3,0,-5,5,1,1,-3,6,6,2,-2,13,-2,10,-3,4,0,7,6,4,-6,-14
-317/10,0,2,0,-5,0,-6,-3,1,1,-4,-8,-7,-6,8,4,6,6,-4,2,-3,14,6,-3,-6,2
-63/2,0,0,4,1,4,2,5,1,-8,-5,0,-11,-4,4,8,1,6,0,-12,12,-9,-14,10,-10,-7
-11/108,0,0,-2,0,0,6,4,1,6,-4,-1,-5,-9,8,-11,4,0,6,10,15,14,-6,10,1,8
-19/215,0,2,0,1,2,2,-5,1,1,-2,-7,-2,0,-12,-6,6,-4,6,3,15,12,4,0,5,8
-16/673,0,-2,-2,-5,-2,2,6,-2,-3,6,10,-2,4,0,-8,-3,0,1,-14,-1,1,8,6,9,6
-12/673,0,0,4,1,4,-5,-4,1,-8,-1,-1,-6,12,-6,-6,-2,-4,0,4,-12,-2,6,16,-17,10
6/85,-1,0,0,1,0,6,-2,-2,-3,-8,2,2,-7,4,-6,-4,-4,-1,12,-15,-8,0,0,4,-13
11/107,0,2,-3,1,0,-5,-4,1,-3,-7,3,-7,-9,8,6,-9,4,-3,-8,3,-2,-8,16,12,-10
67/103,0,2,2,-5,-2,4,3,1,0,-4,4,-11,-1,4,0,5,10,4,-5,0,-1,12,6,-15,8
68/103,0,-2,4,0,2,2,-8,1,6,-8,-9,-5,0,-1,-6,1,8,8,-10,-5,12,8,1,4,3
25/16,0,2,0,1,4,-5,-4,-2,-8,6,10,11,12,9,0,-6,-1,13,4,0,-13,10,6,0,17
17/12,0,0,0,1,2,-1,-8,-2,3,0,-10,5,-9,2,0,11,-13,1,2,-15,8,-14,4,-7,-6
65/49,0,-2,0,-5,-1,-7,-1,1,4,-2,-9,11,3,-6,6,11,8,-11,8,-15,0,10,-4,12,14
-458,-1,2,2,-5,-3,2,4,-2,6,-4,2,5,-3,9,-8,3,-14,8,12,-15,-14,8,-16,-1,-18
-4562,-1,2,0,1,-2,2,5,-2,-3,7,-9,2,-4,-3,0,-6,7,13,-14,8,-8,-11,0,-6,9
-22/423,-1,0,0,1,0,-5,5,-2,6,-8,-6,-1,-2,4,3,-9,6,-11,4,-15,-2,8,-4,-6,-6
-18/425,-1,-3,0,1,6,4,-2,-2,-3,-2,-6,7,-9,4,-6,-3,2,-1,0,-3,-6,6,6,-10,-7
-7/141,0,0,-3,1,0,2,-6,-2,-3,0,4,8,-1,10,3,4,-4,8,4,6,-5,-4,-5,-8,-14
-2/143,1,-2,0,-5,-2,-2,1,1,6,4,-9,-6,-5,-4,-8,2,0,-6,4,-13,-11,5,8,-3,9
-7019/4,0,2,2,-5,0,2,-4,-2,-4,6,-1,-8,-9,-10,-6,-12,-14,0,11,9,-5,-16,15,3,-1
-7025/3,0,0,0,0,4,6,-1,1,1,-5,-10,2,8,4,-8,6,-4,-6,3,6,-2,0,10,0,-3
-7024,0,-2,2,-5,4,-1,2,1,4,2,-9,-1,4,7,-4,-2,6,-7,12,3,2,11,3,-3,-12
-295/3,0,0,0,1,0,2,5,-2,-3,-5,-5,-7,-1,4,-6,6,-12,-3,-8,8,1,11,-16,5,-1
-1172/3,0,0,2,1,0,-5,-5,1,6,-2,-6,-8,-2,-4,2,-6,-12,10,4,14,12,-8,12,-6,13
-1167,0,0,-2,1,6,1,-5,-2,2,6,3,-2,-7,4,-6,0,-4,1,-4,15,-16,0,-16,6,9
-1751/3,0,0,-2,1,-2,2,-8,1,-4,-4,-9,5,-5,-1,-6,6,-13,1,-11,-12,0,-7,-4,-14,2
-1754,-1,2,4,3,2,2,2,-2,-8,6,-9,-7,8,4,13,1,6,-2,2,-3,-6,-16,6,-15,-10
-2338,-1,-2,-3,1,4,0,-3,1,6,4,10,-6,12,2,-8,7,6,2,2,3,-6,-10,6,1,-9
37/61,0,2,2,1,0,6,-6,-2,0,6,-7,-11,6,-7,12,-6,0,-4,-4,-6,-8,10,-5,-7,-14
-9/853,0,-3,-2,1,-3,6,2,-2,3,0,-9,2,0,-9,8,-4,0,-1,-10,0,4,-4,-11,-12,-6
-13/1711,0,-2,2,-5,4,-7,2,1,-9,-6,3,-2,-1,7,-3,-6,10,10,-14,14,0,15,0,18,-7
-14/1709,1,-2,1,1,-1,0,-5,-2,-8,6,3,6,6,-1,1,1,0,2,-4,5,6,8,0,8,12
-9/1711,0,-3,4,-5,-3,6,-1,-2,-4,-6,-1,7,-6,-6,4,6,10,-6,4,3,-13,-14,12,6,-1
134,-1,-2,2,0,-1,-5,5,0,-9,-10,1,5,-1,2,10,6,6,5,-5,4,2,10,2,6,10
137,0,-2,-3,-5,4,6,4,1,-4,0,-9,2,-6,12,-6,-2,0,-2,10,3,2,-14,16,10,8
101,0,-2,2,3,-1,2,3,1,-3,3,-1,11,-3,9,0,1,-12,6,-10,14,0,-7,-4,10,-2
100,0,2,0,1,-5,-1,5,1,6,9,2,2,-6,-7,12,7,2,-7,12,6,2,10,-12,10,12
799/3,0,0,-2,-5,2,0,-8,-2,-8,6,-1,-3,-3,4,-8,3,-5,2,-12,0,12,-16,4,1,8
1589/3,0,0,0,1,0,2,2,1,-6,-1,-9,-11,-3,7,0,-3,-4,10,5,13,-2,-16,-6,12,-14
1591/5,0,-2,0,1,0,2,-6,1,6,-4,-6,-11,2,-1,-6,-11,10,10,-3,8,-13,0,4,-14,13
-167/3,0,0,0,-5,-2,-5,4,-2,-8,-5,-9,-1,12,8,0,-3,8,-1,4,-15,-16,-16,-8,10,-5
-166/3,-1,0,2,3,4,2,1,1,2,6,8,-1,0,4,0,-11,-4,4,-10,4,14,8,0,6,-9
-331/10,0,-2,0,-5,-5,0,-5,-2,2,6,2,-2,-6,4,0,-14,-1,8,-10,-9,-4,11,-4,0,-1
-316,0,-2,2,1,-2,-1,1,-2,2,5,-7,-2,-6,7,1,-6,-4,-4,11,-15,0,4,-3,-7,-7
-623,0,2,0,1,-3,2,-5,1,-8,6,-4,-1,-2,-2,-6,5,-13,-3,-3,13,14,4,4,-13,-18
-1247/5,0,-2,0,-5,0,-5,-4,1,-4,-10,3,-2,0,-1,-8,-7,6,-10,-12,4,0,8,3,-14,12
-154,-1,-2,4,1,0,0,3,-2,3,7,2,-1,10,-6,1,-7,8,1,-3,14,-13,-1,9,-10,8
-1141/2,0,2,2,1,4,-5,3,1,-6,-3,3,-2,-3,-4,0,-2,9,-1,4,-9,4,-7,12,-17,-2
34/13,1,2,3,0,2,-2,-8,-2,-3,4,-5,2,-1,-3,-8,-4,0,5,-2,3,-13,13,15,-6,-2
1/1141,0,2,0,-5,4,-5,-4,0,-3,5,-5,-1,0,9,-3,3,5,-3,-10,-4,2,-8,-11,5,9
-2285/2,0,-2,0,1,4,-5,2,-2,-9,5,-1,5,7,4,6,11,1,2,-12,6,11,-16,0,1,17
-2283,0,0,2,1,4,-5,6,1,-8,-5,3,10,0,-3,4,-6,0,4,-6,-5,-14,-14,4,18,18
-507,0,0,3,-5,6,-7,2,1,-4,6,-1,10,7,4,4,-4,-12,-10,-10,-12,-6,10,0,0,2
-255,0,0,0,-5,0,-5,-8,-2,-8,-4,-2,-8,8,10,-6,6,7,-4,3,6,-8,-10,-16,10,17
-761,0,2,2,1,0,-6,-3,1,-8,6,-1,-5,-6,-1,-6,-12,4,10,-12,8,14,-15,6,-7,-6
-1519/4,0,-2,2,1,0,6,1,1,-8,3,-10,10,6,-6,-6,-2,0,10,-4,-12,5,8,10,4,-2
-381,0,0,1,-5,-3,-1,-1,1,6,-2,-1,2,-4,-4,-8,6,-4,-1,4,-9,2,-10,12,0,-6
-1518,1,0,3,0,0,1,6,1,-7,3,2,7,12,6,-2,3,6,8,5,0,2,-1,0,-6,-14
-1519,0,-2,4,1,6,0,5,0,-4,-10,-10,6,-9,1,13,6,-11,1,-11,2,11,-10,-3,-7,14
-1014,1,0,0,0,0,-7,-5,1,-8,4,-5,-7,-1,-6,4,1,0,-5,-8,-15,-13,6,-6,12,1
-4559/5,0,-2,0,0,6,-6,-3,1,-4,6,3,-6,2,-6,-8,4,4,-7,14,-12,-13,0,2,0,8
-4561,0,-2,2,3,-3,0,6,1,-6,0,-9,11,-1,4,0,11,2,10,-6,5,-10,10,-6,12,-14
-763,0,-2,-3,1,4,-5,-6,1,-9,7,3,2,6,7,0,-11,6,8,-12,-3,5,12,-9,-12,-2
-1523/2,0,-2,2,-5,-2,6,6,1,-3,6,-4,-10,-6,5,8,9,10,10,2,5,-9,5,2,-6,2
-4566,1,0,2,-5,6,2,1,-2,3,4,-1,-7,7,6,10,-2,-11,-1,9,-12,-11,8,12,-15,-14
28/27,0,0,2,1,6,0,-3,-2,3,6,-2,-8,-9,4,-6,1,-11,1,8,-15,-6,8,4,12,10
200/3,0,0,0,1,0,-6,-1,1,-3,0,0,-2,-6,4,-1,-6,-4,4,-11,2,-4,-10,4,-12,10
67,0,2,2,-5,-5,0,3,-2,-8,0,-5,-6,7,0,4,-2,1,1,-5,6,-10,9,-9,12,8
102,-1,0,0,-5,-2,4,-8,-2,6,6,-5,-6,6,8,-6,-6,-4,2,-14,-15,-1,-8,12,-10,-12
404/3,0,0,3,-5,6,-1,-1,1,1,0,-8,7,-9,4,0,-9,6,-2,5,15,-1,-16,-4,-1,17
53/50,0,2,0,-5,4,-6,5,1,-9,-8,-2,-11,2,-1,4,-10,7,8,4,-5,-13,-15,-3,3,12
-1/311,0,2,2,1,4,2,-1,1,-8,4,1,-3,-4,6,1,-6,-9,-2,-7,-3,12,8,-6,0,2
253/5,0,-2,0,3,0,-1,2,1,-7,10,2,-2,7,10,1,-10,10,10,-11,-12,-7,-4,12,8,17
251/4,0,-2,1,-5,4,2,3,0,3,-5,-2,6,8,4,-1,-4,0,-6,-2,-9,-13,4,-4,0,-9
1009/21,0,0,1,-5,-2,2,-1,0,-3,-5,-1,-8,8,10,4,6,0,-10,-11,-3,-2,13,12,1,-12
114,1,0,2,1,-3,2,6,1,-4,-1,-8,-2,8,7,4,6,-2,1,-3,2,-6,8,3,2,-7
113,0,-2,0,0,-2,-1,5,1,-8,-8,-1,10,-1,2,11,9,-1,-7,-2,12,5,-9,12,-10,-6
115/4,0,2,0,1,-3,-6,3,1,-7,6,-8,8,-9,-6,0,6,-14,-3,-8,-5,-6,4,-3,10,1
58,1,2,-2,1,-2,-6,1,0,1,-10,-9,-2,-6,9,7,-7,4,-6,-8,-1,-13,-14,-3,-16,-6
500/7,0,-2,0,-5,4,6,4,1,-3,4,-5,-2,-9,-4,7,-4,6,-12,-7,-15,2,-16,-4,0,-6
63,0,0,0,1,0,4,6,1,-8,-4,2,2,-7,4,-11,6,6,2,4,4,-5,-16,-7,10,2
82,1,2,3,-5,4,-5,2,1,-3,-3,-1,-2,-4,-3,-6,6,8,-5,8,-5,7,-16,12,-15,-12
169,0,2,1,0,-3,-7,3,-2,6,-3,-1,-2,-6,4,0,6,-4,2,-14,-4,12,10,0,1,-7
86,-1,-2,0,1,0,-5,4,-2,-8,0,-2,-8,-5,-1,8,-11,10,2,11,-2,-1,11,0,-12,14
2971/27,0,0,-3,-5,0,6,2,1,-3,-5,-5,-5,6,-9,0,-10,10,6,3,-3,-4,13,-9,12,-1
2968/27,0,0,2,1,-3,-5,4,-2,2,-3,-6,2,-3,12,4,-10,7,1,12,-8,-4,13,12,6,-9
1483/16,0,2,0,3,-3,-1,-3,1,-3,6,-8,-2,3,-1,-11,6,-14,-1,2,-15,11,5,14,-1,16
745/8,0,-2,0,3,-5,6,-5,-2,0,-5,-10,5,1,5,12,9,6,0,12,-15,0,2,3,-15,-2
371/4,0,-2,1,1,-1,-5,6,1,6,9,1,-6,12,-3,1,-10,0,2,2,12,-10,6,6,-15,8
370/3,-1,0,0,1,2,0,-1,-2,-6,-5,-1,-11,-6,1,0,-3,-7,-10,-10,3,10,0,0,0,14
371/5,0,2,0,1,2,-5,-3,1,-9,6,6,-2,6,-7,-8,-10,10,10,-10,-5,-1,10,4,3,-6
-5/67,0,2,0,-5,2,-5,2,1,4,6,1,-1,-6,-2,-6,-9,-4,-4,0,3,-1,11,8,-14,-2
-5/66,0,0,0,3,-2,-5,5,-2,-8,5,-1,5,6,7,3,2,13,0,-4,2,-7,-8,16,-6,-10
368/11,0,2,0,0,-2,4,4,-2,-7,6,-7,-7,7,-4,-8,3,6,-7,10,-4,7,10,4,-15,-6
41,0,-2,0,1,0,0,1,-2,6,-5,1,-8,-4,-2,0,1,2,2,-12,-15,-6,-4,4,2,-3
178/7,-1,2,1,-5,4,-5,-5,0,-3,9,-8,7,-7,8,-8,-11,-7,13,-14,3,2,-16,0,-13,8
184/3,0,0,2,3,6,-5,3,-2,-7,9,-1,-8,-3,-1,-10,-4,6,2,-4,0,-8,8,4,0,-19
185/3,0,0,0,0,-2,2,2,-2,6,2,1,-11,-9,4,-8,-2,-12,-5,-14,9,-1,4,12,-14,9
62,-1,-2,-3,1,4,2,5,1,-6,-2,-10,-7,12,-10,-6,10,5,10,-6,0,11,-1,3,-15,13
188/3,0,0,4,1,-3,0,-5,1,-3,-3,3,8,6,5,-8,-2,-4,-8,0,-15,11,-12,-1,-6,-14
187/5,0,-2,0,0,0,2,-8,-2,-9,7,-7,-6,12,10,0,1,-2,13,1,13,-5,-15,16,-4,11
-4/61,0,-2,0,1,-2,2,2,1,1,-10,-10,-1,6,4,10,-4,6,-4,5,2,0,4,-3,10,0
-11/123,0,0,3,1,0,-1,-1,-2,-3,6,3,5,6,4,0,6,6,-4,12,16,-4,15,-1,6,2
-26/249,-1,0,2,-5,-5,-7,-1,1,6,6,-5,-5,-6,-2,0,1,6,8,11,3,-6,10,-16,2,-1
-13/124,0,-2,0,3,-2,-7,5,1,-9,-7,2,7,4,4,0,-2,-4,13,10,0,2,-6,3,-10,-12
-47/263,0,-2,4,-5,-2,-6,-4,-2,-6,7,2,-5,-1,-4,-8,11,0,-11,4,13,2,-1,-7,12,10
-46/263,-1,2,-2,1,-1,0,1,1,-7,-4,1,10,-3,12,-8,-4,-12,-13,-5,7,11,15,10,-3,-1
-286,1,-2,2,0,0,-7,2,1,-3,-2,-2,-5,-6,9,-6,-11,11,-10,-2,-13,11,-9,14,-12,-12
313/28,0,2,4,-5,6,6,-3,0,1,-4,1,-1,-9,-4,-2,-11,-4,-1,11,-12,6,-10,3,-17,-14
308/23,0,2,4,1,0,2,-5,0,0,-8,-1,-2,-2,-10,-8,6,6,13,6,-15,2,-9,-12,2,-1
311/25,0,-2,0,1,-5,2,1,-2,2,-7,-5,-2,-3,4,-6,-10,5,-2,-8,9,-13,-16,4,-1,9
306/25,1,0,0,3,-2,-6,-8,-2,-3,-2,3,-6,0,-1,-11,6,-5,-8,5,0,7,1,6,-6,8
61/5,0,-2,0,0,6,6,-6,1,-8,-10,6,11,-5,4,-11,-2,-12,-13,-4,-13,14,13,3,-6,-3
149/15,0,0,0,1,4,1,-6,1,-3,-5,3,-2,12,6,-6,6,4,10,12,0,8,6,2,6,9
147/13,0,0,1,1,-1,-2,-1,1,2,-10,-4,-2,-6,12,-2,1,0,10,12,5,-1,11,10,2,7
298/27,-1,0,1,3,0,6,-5,1,-8,-2,3,-7,6,-10,-6,5,-10,2,5,-12,2,0,2,6,-19
299/21,0,0,1,-5,0,-7,5,-2,-7,-5,-4,-5,-3,-1,-8,6,5,-7,-13,-3,0,0,12,-13,-12
-15/28,0,0,0,-5,-2,6,5,-2,-4,6,-5,2,-9,-6,0,6,0,1,4,-1,0,-8,6,6,-1
-31/55,0,-2,0,3,-2,6,2,1,-8,7,-10,-7,-4,-6,4,-9,0,-13,-11,-9,2,-7,10,-17,8
-53/25,0,2,0,1,0,2,-3,-2,6,-4,-1,2,-1,5,-6,-10,-4,-12,-11,-12,7,-11,2,-8,14
-35/17,0,-2,0,1,4,2,-2,1,6,6,10,10,10,10,6,-4,-5,2,-14,16,0,-16,-15,-6,3
1004/19,0,-2,0,1,6,6,-4,-2,6,-2,1,-5,-6,4,-6,-9,2,6,2,-12,0,-8,3,6,0
505/9,0,0,0,-5,2,6,1,1,-3,4,2,-2,1,4,-10,10,-4,1,11,-12,4,10,10,-6,-2
1005/16,0,0,0,1,-2,2,5,-2,-3,5,-9,-2,8,-6,0,-11,-3,5,-5,0,5,-16,0,9,-2
51/2,0,0,0,0,0,-6,-8,1,4,4,1,10,-6,-1,4,0,-2,-13,-14,-12,11,-6,-9,-12,-9
2221/17,0,-2,0,3,0,-6,-2,0,-8,4,3,-11,-9,-9,6,-12,-14,-5,0,-12,6,1,-10,-8,-12
2224/19,0,2,4,0,-2,4,1,-2,-9,-1,3,-2,-9,-2,0,-2,10,6,-12,-12,7,-16,6,-17,13
558/5,-1,0,0,0,2,-5,-3,1,-3,9,-10,-2,-6,-6,-6,1,-4,10,-8,-13,4,0,9,-1,-14
557/3,0,0,1,1,2,-5,-1,1,-8,-7,1,10,6,7,-3,10,0,-5,2,8,2,-8,1,12,-5
1115/9,0,0,0,0,0,-5,2,1,4,-3,-2,-2,10,-7,6,0,0,1,2,-9,-4,0,-6,2,17
2228/11,0,2,-3,-5,-2,-5,2,1,2,-10,-7,-1,-6,7,12,-7,-4,10,-12,6,7,-8,8,1,6
-50/263,1,-2,0,-5,2,-5,5,1,6,-2,2,-1,7,4,-6,-2,-1,8,-3,-8,14,6,1,2,-5
-51/263,0,0,-3,3,4,-1,-8,-2,3,-10,-5,-2,-6,8,4,0,4,-5,4,2,-8,-1,3,9,14
-59/91,0,2,2,-5,2,-2,-1,-2,-3,6,-1,11,-9,-7,-1,-9,-12,-8,12,6,-2,13,0,8,16
-60/91,0,0,0,-5,-1,-2,1,1,4,3,1,-2,-9,12,4,-14,10,5,5,-12,7,-1,12,1,-7
-25/424,0,-2,0,1,4,-5,-3,1,-3,-8,10,6,-9,4,3,5,-10,-10,10,-7,-6,1,7,-14,10
-9/142,0,-3,-3,1,0,-1,1,1,-3,5,0,-7,1,-3,-6,5,0,-1,1,4,2,-4,-16,12,-6
-82,-1,-2,3,1,2,-1,2,-2,6,-4,3,6,-4,-1,-8,-10,-11,6,8,-5,2,-16,11,-3,-6
-80,0,2,0,-5,0,4,2,1,1,6,-9,-1,-7,-4,8,-4,-4,-10,-10,0,-16,8,0,6,-7
-164/7,0,2,-3,-5,0,2,-3,0,-6,-10,3,-2,-4,4,6,-9,4,0,-10,6,7,13,-4,0,-2
-165/8,0,0,0,3,0,6,1,1,3,-5,-1,-2,-6,-6,0,-2,-9,-3,4,0,-11,4,12,9,8
-111/4,0,0,0,1,0,-5,-6,1,-3,2,3,-11,3,-1,-11,0,-10,6,4,-12,2,6,-4,-9,18
-29,0,2,4,1,-3,2,2,1,-8,-10,-6,-2,-6,-7,-6,-10,-14,10,4,12,8,8,16,-8,-3
-167/8,0,-2,2,0,0,2,5,-2,-3,3,-1,-6,2,-4,13,0,6,2,4,14,-2,5,3,2,-1
53/7,0,-2,1,-5,2,0,-1,-2,-3,7,3,-10,-1,-1,0,-10,6,2,8,9,-4,-8,-8,-6,2
-29/54,0,0,1,-5,4,-5,-3,1,-3,-10,1,10,2,-1,-11,-10,0,-7,16,8,-5,-7,11,10,-6
-27/98,0,0,2,-5,4,4,5,-2,3,4,2,-7,1,6,12,6,6,13,5,-8,6,15,6,-12,17
-26/99,1,0,2,1,-2,-7,2,-2,-6,6,6,5,6,-2,0,-12,-1,2,-6,4,1,-8,7,-6,-8
-5/24,0,0,0,3,-2,-1,-4,1,6,4,-1,2,-7,-2,6,-6,-7,1,-11,8,2,15,-4,10,8
-16/49,0,-2,0,-5,6,2,-3,1,6,-4,6,10,-9,-1,8,-14,-3,-10,14,-9,-11,-15,1,-6,1
-9/32,0,0,0,3,0,-5,-3,-2,-4,-8,-1,-11,-6,-10,4,6,-1,0,8,-9,-13,-4,6,0,-18
-7/24,0,0,3,1,-1,2,3,-2,-6,9,2,6,-9,1,-2,-10,6,-3,-5,11,7,-16,-12,0,2
373/7,0,2,2,-5,-2,-5,6,1,0,4,-5,10,-3,-2,1,-4,2,10,8,-9,2,8,-16,-6,-2
369/8,0,0,3,-5,0,6,-1,0,-8,0,10,5,-4,6,12,5,-12,13,4,5,-8,-15,14,9,-14
184,0,2,2,1,0,0,2,-2,-7,10,-4,7,6,-12,-6,-2,0,10,4,12,-10,4,-4,6,-9
183/2,0,0,1,-5,0,6,5,1,3,3,-1,7,-4,2,0,0,5,-13,-8,8,-2,0,-7,0,2
556,0,2,4,3,2,2,6,1,0,-4,-4,8,2,4,8,-4,-7,8,8,14,-1,-16,-3,-2,7
186,1,0,0,-5,6,-5,3,1,6,-5,-10,8,-7,-7,0,-2,11,-5,8,0,5,13,1,-17,-10
1115/3,0,0,0,3,4,6,-4,-2,-9,3,1,2,-4,10,-6,3,6,4,-14,-12,-2,-16,9,18,-6
141/2,0,0,-2,-5,6,6,5,1,-3,-1,-2,-2,8,-4,-8,-2,2,6,4,-15,14,6,8,-15,2
4435/36,0,0,0,-5,0,-5,3,1,-3,-5,10,-2,2,-10,0,-3,6,8,-12,3,-7,8,11,-3,-7
737/4,0,-2,2,-5,0,6,-1,1,2,5,6,11,10,1,-6,0,6,2,-5,-5,-14,10,4,-4,2
741/8,0,0,0,1,2,-7,2,1,-3,-7,10,2,7,-12,0,-11,2,13,-10,3,-6,-16,1,-12,-2
4437/37,0,0,2,3,-5,4,-8,1,-3,-10,3,-8,6,-1,-11,-2,-3,-5,12,-9,-6,-14,10,12,-12
4434/37,1,0,3,-5,-2,-6,3,1,-8,-2,-9,-8,-3,6,0,4,-4,-3,3,-9,4,4,3,-17,14
2220/17,0,0,0,-5,4,-1,-2,-2,-8,-10,1,-11,10,4,4,10,8,-1,-5,3,0,13,6,-4,18
2218/17,1,-2,1,1,-2,0,-2,1,2,2,2,2,-3,-1,-8,0,11,8,16,2,-7,-5,-9,18,13
374,-1,-2,1,3,0,2,-8,-2,2,-8,-6,-8,-6,6,0,1,-1,13,-4,3,7,-14,-4,6,18
556/5,0,-2,0,1,6,0,3,0,6,4,3,-2,12,12,0,-4,4,8,11,15,7,-16,-16,-7,1
248,0,-2,-3,3,2,2,-1,0,6,4,-10,2,-7,4,1,3,6,-13,-3,-15,-1,10,12,-12,0
496/3,0,0,3,1,-3,-5,4,-2,1,4,-10,-2,2,-2,10,-10,1,-5,2,-9,10,-14,2,-8,17
-780,0,0,0,-5,-5,-7,-6,1,6,5,-9,-10,12,4,11,-3,-10,13,1,2,12,-12,-7,-1,-1
-781/2,0,2,-2,-5,0,-6,-4,1,1,4,-4,6,12,-6,6,9,0,1,12,-12,0,5,3,-13,12
-779,0,2,4,-5,-1,2,2,1,-8,-2,-9,6,-4,4,4,6,-4,10,8,-1,4,10,2,-2,9
83/20,0,2,0,0,0,2,2,-2,-8,2,0,-1,-9,4,-10,6,-4,-13,-12,6,-8,8,0,-15,-5
85/22,0,2,0,0,-2,-5,-8,-2,3,0,-7,-5,-7,-2,12,-10,2,8,3,8,-6,-15,0,-1,17
-164/5,0,-2,0,-5,0,2,-3,1,0,-7,1,-5,-4,-10,-2,0,-4,10,-14,-12,0,-1,-12,-6,14
-323/13,0,2,1,0,0,-2,-8,1,3,6,1,-2,0,4,-2,2,6,13,4,-12,-13,8,4,-14,-12
53/47,0,2,1,-5,-2,-5,-3,1,3,4,-9,-7,-7,0,3,-10,-14,6,-14,5,12,-6,-5,-9,9
52/47,0,-2,0,1,6,-7,-3,-2,2,3,3,-7,-5,-1,3,10,10,-1,5,-4,-6,13,-12,3,-6
49/48,0,0,0,1,-3,-5,6,-2,-3,-1,3,-6,-9,2,4,-9,-7,-2,10,9,-7,-15,-6,-17,8
39/14,0,0,2,-5,-1,-7,-3,1,3,0,-5,-5,0,-12,-2,0,0,-10,8,-3,-13,6,0,-8,-14
-234,-1,0,0,-5,0,-7,-3,-2,-9,-1,-1,-7,-6,0,2,-2,-2,-2,-10,11,-13,-16,14,-6,-12
-367/11,0,2,2,0,-2,-5,-3,1,-8,6,1,10,-4,4,-6,6,-9,-4,-8,-4,-11,-14,2,-9,12
-367/13,0,-2,0,3,0,-2,5,0,-6,5,-4,5,-6,7,-4,-4,4,10,3,-8,14,-15,-4,6,-5
-366/17,1,0,0,-5,4,-6,-2,1,-3,4,-10,-7,-6,0,-11,3,0,-13,-3,0,7,10,-16,2,-6
-370/13,-1,-2,0,1,-1,-2,3,-2,4,-4,-2,-11,-7,-2,-2,-6,-13,-13,-10,-7,-10,-14,8,-7,3
-367/14,0,2,-2,-5,2,2,-4,1,-3,0,2,-11,1,-1,-1,-4,-3,13,-5,-5,-5,0,4,18,2
-363/13,0,0,1,1,0,-2,-1,-2,3,10,0,6,8,-4,2,4,6,-10,10,5,-2,-4,-6,6,-8
-187/4,0,-2,-2,-5,0,0,-8,1,-3,-2,1,10,6,8,-8,1,10,0,4,12,-13,0,3,6,16
-26,-1,2,1,1,4,-7,-3,1,-4,5,-5,10,2,-6,0,-2,13,4,-12,-9,-6,-14,3,10,7
-147/8,0,0,0,1,4,-6,2,-2,-9,6,2,2,-6,6,7,6,0,4,9,15,7,6,1,8,11
-73/4,0,-2,0,0,-5,4,2,1,-4,-10,-5,-6,-2,-7,0,1,-13,-6,-12,-15,-11,-4,-13,6,14
-73/2,0,2,2,1,-1,-1,-5,-2,-8,6,1,-5,6,7,1,6,0,0,-11,-8,-11,-16,2,-17,0
-361/10,0,-2,0,0,0,6,2,1,-8,3,-4,-8,8,4,0,-3,-7,4,5,12,2,8,4,6,-14
-718/21,1,0,2,-5,-2,4,3,1,4,10,4,-1,12,-6,-8,-2,6,-5,-5,4,0,4,-10,-1,0
-366/13,1,0,3,1,-3,-2,5,1,-3,-5,1,-1,6,4,-6,-11,9,-13,2,-3,0,-16,0,12,2
-732/25,0,0,0,1,0,-5,-6,-2,6,0,-4,-11,2,-12,-3,-9,-7,-13,-13,3,-13,4,-9,-8,14
-184/7,0,-2,0,-5,-1,-1,5,1,-7,4,10,-5,3,1,8,-14,4,4,-8,4,-9,-8,-10,5,2
-16/3963,0,0,3,-5,-1,-5,-4,1,-3,3,-4,5,-9,-4,-8,3,6,13,8,-12,14,-4,-4,0,-6
-16/3961,0,-2,1,1,2,-5,-2,-2,2,4,-1,6,-6,-7,12,-2,6,-13,8,8,-8,-15,-13,2,8
-41/7922,0,-2,-2,3,4,2,-2,-2,1,6,-1,7,-4,-1,10,-2,-4,6,-3,-8,-13,0,14,10,7
-45/7921,0,0,0,0,6,-5,5,-2,6,-2,3,-7,6,4,0,6,6,-1,-11,-12,14,4,0,-8,10
-13/2637,0,0,2,3,0,-7,-6,1,-6,0,-5,-3,12,-3,-6,-3,6,2,11,8,-2,0,-16,-6,10
-19/3957,0,0,-2,0,6,-5,-4,1,0,5,-9,-6,3,0,-8,-14,0,-2,-8,2,11,-6,5,-14,-1
-7/2643,0,0,2,1,4,-5,2,1,-3,7,3,-7,8,-10,0,-3,10,-5,-12,12,6,0,-3,3,2
-1/330,0,0,0,1,-2,-5,6,1,-4,0,8,-7,6,4,-8,-9,-4,-7,-13,5,4,-1,-4,-10,8
-2/291,1,0,2,3,-3,2,3,1,2,-1,-5,-6,6,-1,12,-14,-14,4,-11,8,-13,11,-11,-12,4
-244/13,0,-2,-3,1,6,-2,-1,1,2,-5,8,-8,-6,7,0,-9,-4,-13,2,0,-2,8,-16,-6,16
-242/7,1,2,1,-5,0,2,2,-2,6,4,1,10,-3,4,-8,-4,6,-1,2,0,0,9,11,1,-6
-177/5,0,0,0,0,-1,2,-6,-2,2,4,-1,-7,-7,10,0,9,-12,-4,12,-12,12,-6,3,6,-2
-119/4,0,2,2,1,2,-6,-8,-2,-4,0,-5,6,-6,0,-3,6,4,10,-10,14,-11,-15,0,-12,2
-357/10,0,0,0,1,4,0,-8,1,6,-7,8,-2,-3,10,-11,0,2,8,4,0,7,9,4,1,7
-176/3,0,0,-2,1,0,0,5,-2,6,0,-2,-2,0,-1,-1,0,-1,1,14,7,-5,6,12,-8,14
-57,0,0,3,1,0,-5,5,1,1,4,-5,-2,6,1,6,-6,-2,-13,-3,0,-5,-7,3,-14,8
-182/3,-1,0,4,1,0,-7,-3,1,-6,6,-1,8,0,7,4,6,0,2,5,-12,2,6,-7,-16,-2
-178/3,1,0,1,1,-2,2,2,1,6,-10,-9,11,8,-2,11,6,0,-8,-12,14,-10,10,-11,-13,17
-93/2,0,0,0,1,-2,6,-3,0,3,-8,-10,-7,2,-6,-8,-11,-12,-7,-10,-5,-5,13,-16,-6,10
-189/5,0,0,0,1,-3,-1,2,1,-4,-8,10,2,-5,12,0,7,13,-4,4,3,11,-8,9,-14,8
7/118,0,2,1,1,4,6,-1,1,6,-10,-10,8,2,9,8,-7,10,-3,-10,11,-4,-6,-7,12,1
5/154,0,-2,0,-5,-2,-5,2,1,-9,6,-9,10,6,-1,-1,0,2,-3,-14,14,0,-14,6,10,0
6/155,1,0,0,1,2,6,2,1,-4,-10,2,-7,0,6,1,-2,0,-7,-10,3,-11,-7,0,-10,8
11/156,0,0,4,1,0,-2,5,-2,3,4,3,-1,-6,4,0,-2,-11,8,-10,13,12,-9,3,6,-18
36/41,0,-3,4,1,6,-5,-1,1,6,5,4,-7,6,-4,0,11,6,2,12,4,-13,2,17,-6,-14
71/87,0,0,-2,-5,2,-5,-1,-2,6,-6,-1,2,1,7,4,5,-4,-7,-13,-12,-5,8,16,6,2
30/43,1,0,0,1,-2,2,-4,1,-3,-1,10,-2,2,-12,-11,11,10,-7,-2,12,1,-6,1,-14,12
16/21,0,0,4,-5,2,0,-3,1,-3,-1,8,7,8,7,-7,-4,6,13,2,4,-10,-16,-4,-8,-7
64/81,0,0,1,1,4,-5,4,1,-3,0,-5,-7,-6,-1,-8,-2,0,-7,-6,-12,-13,-10,2,-10,-1
63/82,0,0,2,1,2,-6,-3,0,-9,0,-1,-1,6,4,-10,-14,-4,-5,5,9,-6,10,1,1,0
-48/35,0,0,0,-5,0,6,2,1,-9,0,10,-11,6,-4,-1,-6,-2,8,-14,6,-7,5,11,1,-14
-136/3,0,0,0,1,2,4,-8,1,-6,5,-9,-8,2,-12,-2,6,0,-11,2,-1,-5,-14,10,-17,-8
-71/3,0,0,3,1,-1,4,3,1,3,6,-4,8,-1,2,8,7,-2,-6,4,-12,-11,-15,-6,6,-3
-829/5,0,2,0,-5,0,4,5,1,-3,3,-1,-10,-1,-9,0,-2,8,-1,-6,-9,4,-14,-7,-6,8
-826/3,1,0,-2,1,4,0,-3,1,-6,-4,-1,5,-9,4,-6,-2,-12,-4,8,8,-6,9,8,10,-13
122,1,-2,-2,3,-5,-5,2,1,3,-4,-4,10,12,-10,0,6,6,-13,2,-15,0,4,4,-6,-2
38,-1,-2,0,3,4,6,-3,1,-3,0,2,8,-6,4,-6,-6,-4,8,4,9,-10,11,6,-12,-18
127/7,0,2,0,-5,-3,6,-5,-2,-3,3,-9,-10,-3,-12,0,1,10,1,4,-12,-10,0,12,-14,-2
125/6,0,0,0,0,0,2,4,1,-8,4,-9,11,-6,7,1,0,-9,4,-12,13,-11,-9,0,6,10
82/3,-1,0,1,-5,0,2,3,1,1,-5,8,-2,-4,-1,-6,-2,-4,8,-4,-15,-8,0,-8,2,8
-28/97,0,-2,2,1,-2,-5,-4,1,-4,5,-2,10,6,-6,3,10,-2,1,10,14,0,8,-16,2,4
-11/67,0,2,2,1,0,2,5,1,-8,-7,-10,-6,-9,6,-10,1,4,-10,0,8,11,1,-15,6,6
-49/269,0,2,1,1,6,-1,2,1,3,-5,-1,-2,-6,-10,7,-3,6,-11,0,-12,-4,4,10,6,14
377/3,0,0,2,1,-5,-7,4,1,-8,-10,3,11,-4,7,-11,-6,-4,13,-7,-15,-6,6,14,-3,12
-361/3,0,0,0,0,0,2,-1,1,6,6,-1,-2,-4,1,12,4,-3,-8,-5,-13,4,-8,-4,10,-5
-171/11,0,0,2,0,-2,2,2,1,-4,-3,2,-2,-6,-1,10,-4,6,8,4,-12,0,5,1,-6,3
-171/13,0,-3,-2,3,0,-2,-3,1,-3,-1,-7,-2,-1,-4,0,1,4,-2,-14,7,-2,8,4,-14,0
-170/9,-1,0,0,1,0,2,-8,-2,-4,2,10,2,0,2,4,-10,10,-2,4,-5,2,8,-4,1,6
-87/5,0,0,0,-5,0,-6,2,-2,-3,-10,-9,11,12,-6,8,-2,0,8,4,-5,-6,-9,6,-6,10
-176/9,0,0,0,3,0,-5,2,-2,2,5,-1,8,7,4,0,-14,-10,0,0,10,7,-7,4,6,10
-182/9,1,0,0,1,-2,-7,-1,-2,-3,-5,-4,-7,-9,-6,13,4,4,8,-14,-15,6,8,6,-14,13
-122/9,-1,0,2,1,2,4,5,1,1,0,-1,10,8,-3,0,6,0,-13,-2,-3,2,-1,2,-15,8
-251/10,0,2,0,-5,0,2,2,-2,4,4,-5,5,6,2,0,0,2,-10,-6,8,10,10,-10,12,-2
-125/6,0,0,0,1,-2,1,3,-2,2,9,-5,-5,0,9,1,1,0,8,-14,0,5,-4,-4,-7,-2
-129/4,0,0,1,0,0,2,-5,0,6,-2,-1,2,-3,-1,-7,-12,6,-3,0,-3,-4,12,12,6,-10
-131/5,0,-2,0,1,0,-5,4,1,2,-8,3,5,2,5,4,1,-2,2,-7,14,-8,5,0,6,-2
-4/1319,0,2,2,0,-3,-5,2,1,3,-5,10,-1,-6,12,-10,3,6,10,-11,9,-2,11,-6,12,8
-12/3961,0,0,-2,-5,6,1,-2,1,-6,4,0,-1,-1,-9,0,6,2,-5,-12,-2,2,8,-10,1,-2
-21/3961,0,0,2,1,-5,0,-2,1,-3,0,3,-2,8,-1,4,6,9,8,4,0,-1,-9,-15,0,-3
-3/566,0,0,2,3,2,6,-3,1,6,2,10,-6,7,-6,3,-9,-3,8,8,-3,2,0,-7,18,-14
-6/1981,1,0,1,-5,4,-5,2,-2,-8,0,-6,5,8,-2,-4,-7,-4,-13,4,-5,11,8,-4,-10,9
-1/360,0,0,0,1,-3,2,5,0,-8,-5,-9,2,8,12,-7,6,9,8,10,0,8,-8,16,-2,1
2967/31,0,0,3,1,4,4,2,1,-7,3,2,-2,-3,-1,-3,1,-9,-6,-2,-4,-4,-10,12,12,-6
2969/30,0,0,0,-5,-3,4,-1,1,-4,4,2,-8,8,1,0,-4,-4,6,-14,5,-2,-8,-7,-3,17
-89/4,0,2,2,-5,0,6,3,-2,6,3,2,-11,-4,-4,1,-2,6,-12,16,-15,6,5,-16,-13,10
-46/3,-1,0,3,0,-2,0,-3,-2,-7,-2,-9,-10,-6,10,-11,2,-12,-1,2,-9,7,10,-16,6,-7
-187/2,0,2,1,0,0,-5,-8,-2,6,-5,0,7,8,-7,-8,-2,-1,5,2,4,-5,8,3,-7,1
-190,1,-2,0,1,0,-5,2,1,-8,9,-9,-3,2,-4,0,-9,-10,-12,12,16,-1,1,0,6,-2
2/125,1,2,0,-5,2,2,-5,-2,4,-8,-6,-5,-6,8,0,6,0,-5,4,11,-4,10,-6,-8,-6
-185,0,2,0,-5,-1,2,-6,1,-4,-10,2,-11,6,6,-7,-2,-4,5,5,8,14,0,-4,-15,-5
369/7,0,-3,2,-5,-3,2,-4,1,6,5,-10,-2,-4,-2,-8,-4,0,-3,1,-1,0,-8,8,-7,-2
-3/1318,0,0,1,1,4,0,5,1,-6,-7,-7,-11,6,-1,3,6,-5,-5,-8,16,-2,-8,1,10,-3
-5/1316,0,-2,0,-5,-3,6,-4,1,-4,-10,-2,6,8,-6,3,-4,5,4,10,-13,14,1,-1,8,17
71/46,0,-2,2,1,0,6,-3,1,0,4,-9,-8,1,4,0,-7,9,6,10,-12,6,-4,-4,6,13
73/48,0,0,2,-5,6,4,-3,-2,6,9,-4,-5,4,-4,-4,-6,-4,-1,2,4,-11,-15,-4,1,-13
70/43,1,2,0,1,4,4,-3,-2,-3,-4,3,-11,0,-12,12,1,5,8,8,-9,2,-11,12,18,5
-6/473,1,0,2,1,-2,-5,-6,-2,-9,0,2,-5,0,-12,0,6,0,1,-12,-3,-6,5,12,2,5
-8/473,0,-2,1,-5,-2,2,2,1,6,-5,1,8,-7,-12,1,-6,-4,1,8,-12,-2,-14,16,-1,14
-9/71,0,0,4,-5,4,-5,2,-2,3,-4,1,-2,-6,6,-3,-4,-14,-12,3,4,-6,10,-7,6,10
-5/71,0,-2,0,1,6,2,-3,0,-3,9,-9,2,-3,1,6,-6,0,8,-2,4,-10,8,-1,2,14
-5/137,0,-2,0,-5,6,1,6,-2,-3,-8,-6,-11,7,4,1,1,-3,-11,-12,2,-11,-1,3,-10,0
-12/947,0,0,1,0,6,-6,3,1,-4,6,1,5,-6,12,12,-11,-2,1,4,-15,11,-6,0,-3,-3
121/3,0,0,3,3,0,2,6,1,6,0,1,-6,0,-1,6,-7,0,-11,0,-12,-5,-10,0,-12,8
42,1,0,2,1,0,1,-3,1,-9,9,3,-2,-6,10,-8,6,-12,-10,2,12,14,8,-4,3,11
74/7,-1,-2,3,-5,0,-5,-3,1,0,2,0,-11,-3,1,-8,1,0,6,12,-15,7,9,-3,-6,13
37/4,0,2,2,-5,-5,-6,2,-2,-3,-7,8,-11,12,4,0,-6,-12,0,4,-4,2,-15,12,-1,-12
74/5,1,2,0,-5,2,6,-3,-2,-3,0,-8,-11,2,-9,-6,3,5,-1,2,6,8,8,6,-12,8
148/7,0,2,2,-5,4,2,-4,-2,6,-5,1,-11,0,9,2,-10,-4,-13,-12,-5,14,10,-10,18,6
37/2,0,-2,4,0,-1,6,-1,1,3,-2,3,-11,-9,4,-8,-2,0,-10,8,5,-2,-14,12,10,8
149/9,0,0,0,0,0,-5,-4,1,4,2,-1,5,-6,8,-6,1,0,-5,1,8,0,8,-1,-6,8
152/9,0,0,2,1,-5,2,5,1,-4,-2,1,-2,7,-10,-6,-9,-14,-3,-12,13,-11,0,-7,-3,-2
369/11,0,0,1,3,-2,-5,5,1,-8,2,3,-5,-4,-7,0,1,-2,6,-11,15,-6,-6,3,-6,-2
216,0,0,0,1,4,-5,6,-2,-3,9,1,-1,-1,-6,0,-14,0,-2,8,4,-13,-14,-7,-12,2
-283/5,0,2,0,-5,4,4,-3,1,-8,9,-2,-5,8,4,0,9,-13,2,-11,-4,-2,-8,-3,12,12
-141,0,0,2,1,-1,0,6,-2,-4,-2,-1,10,2,12,-8,6,-11,-10,6,2,-9,-4,-4,-12,1
379/2,0,-2,0,-5,0,2,5,1,-8,4,10,5,-6,-3,0,-14,-12,1,-11,10,-6,6,-6,-3,17
380,0,-2,0,1,2,1,-5,1,1,5,-1,-5,-1,-10,-1,10,-13,10,12,6,2,-8,6,-10,-10
3395/27,0,0,0,1,0,0,-3,1,-3,0,-9,-8,-3,2,-10,-10,4,1,1,-5,12,-16,9,-4,8
3396/29,0,0,1,0,0,2,5,1,4,-6,2,8,-5,4,-6,-2,0,-12,-13,-15,-1,-8,3,12,-9
559/5,0,-2,0,-5,-3,-7,2,-2,2,3,-7,5,-6,-1,-8,-2,2,2,0,5,10,-4,3,-8,8
-2493/5,0,0,0,-5,-2,4,-3,-2,1,-4,4,-8,-6,-1,6,6,6,4,1,-15,2,11,-3,-14,-1
-997/2,0,2,2,1,-1,0,2,1,-9,0,-9,8,-6,-3,-8,-7,5,-11,11,-12,0,-16,4,1,6
188,0,-2,0,1,-5,-6,4,-2,0,3,-6,-2,-3,8,-8,6,-9,-1,-10,-6,14,-9,4,-13,14
-7/239,0,2,-3,1,2,-1,-1,1,1,0,10,-2,-6,1,4,-2,-3,8,-8,-12,6,15,15,12,10
1/120,0,0,0,0,6,-1,4,1,4,6,1,5,0,-10,-6,3,-14,8,-12,6,11,12,15,-14,-18
-1/119,0,2,4,-5,2,-6,-2,1,-8,3,-7,5,-1,-1,-6,-14,4,2,2,-12,2,-7,-3,-12,2
-9/2642,0,0,-3,-5,-5,2,-5,-2,-8,-8,3,6,6,4,13,4,-3,-8,-12,12,2,0,16,10,12
-11/2641,0,2,1,-5,0,2,4,-2,-4,0,-2,5,8,4,-1,5,4,-8,-12,5,-5,0,4,10,-13
-17/2643,0,0,4,0,0,6,-8,0,-4,5,-7,6,6,4,0,6,-13,8,1,14,-10,8,14,0,-3
-13/1319,0,2,-3,-5,-1,-7,2,1,3,-8,3,8,-5,-1,-6,-9,4,1,2,-4,12,-4,3,-15,1
-7/1320,0,0,0,1,-2,6,-3,-2,1,6,-1,-5,0,2,4,0,6,1,-11,14,0,-15,1,3,-1
-3/991,0,0,2,0,0,6,-3,1,6,4,3,-2,2,4,7,-4,-11,5,-4,2,10,13,-9,-2,18
-1/993,0,0,3,0,4,-5,6,1,-8,-2,1,-1,8,-9,8,3,4,1,16,2,10,11,-4,8,9
2/329,1,2,0,-5,0,6,-5,-2,-4,-4,-5,10,-7,4,3,-7,0,-13,-11,-5,-6,9,2,-14,12
-2/329,-1,-2,-3,-5,-1,-6,5,1,-8,2,-9,-5,-9,10,3,1,0,-1,12,-5,6,-6,10,-6,-3
-3/989,0,0,-3,1,-2,2,3,1,0,0,2,-8,-3,-12,3,10,-2,-10,4,6,-14,-7,4,-15,-18
-8420/9,0,0,0,-5,0,6,1,1,6,6,-1,-5,-6,4,0,6,-11,-12,-6,3,-2,-9,-4,-7,-18
-8418/7,1,0,2,-5,0,6,-6,1,-7,5,-6,6,-5,-1,12,-10,2,-13,3,-9,0,-5,-16,6,12
-2105,0,2,0,1,4,2,2,1,3,-5,3,-8,0,4,4,-3,0,8,-4,6,12,13,-3,18,-19
-8422/3,-1,0,2,1,4,-5,-4,-2,4,-2,-2,-2,6,4,0,-4,4,-10,-10,13,2,-16,-5,10,-18
-2104,0,-2,4,3,0,0,-3,1,1,9,-10,-2,4,10,7,6,-1,4,0,15,-1,-15,16,-14,-6
-8425/4,0,-2,0,1,-2,1,-5,-2,0,-10,-7,-8,-5,4,0,-2,5,-3,4,0,-1,11,3,-1,1
-5264,0,2,0,1,4,2,-5,1,-8,3,6,11,6,-4,-8,3,-10,1,-10,-12,-13,-15,6,-1,7
-2635/2,0,2,0,1,0,0,-8,-2,-3,-7,-10,5,2,4,3,-12,0,0,4,6,-11,-6,12,-15,-10
-3507/2,0,0,2,1,-5,-5,-5,1,2,4,-4,-8,-4,12,6,-9,-10,-1,-11,-4,4,2,3,-14,-3
-1755,0,0,0,1,4,-7,-3,1,-6,3,3,-2,6,12,-11,7,-11,10,-10,8,-13,-1,7,2,13
-2631/2,0,0,-2,-5,6,-5,-6,1,3,-2,-6,6,-6,-3,-8,3,6,-8,-8,-13,4,9,16,0,14
-1316,0,2,2,1,-3,2,-1,-2,6,-10,8,-5,0,-6,-8,10,2,4,1,-9,-6,12,9,8,11
-1757/2,0,-2,2,1,4,6,2,1,3,-4,-5,-6,3,10,-6,-6,-11,1,4,13,14,-9,-4,-3,2
-91/51,0,0,2,1,0,-7,-2,1,4,9,-4,-8,-5,4,0,3,6,-5,-14,2,14,-8,2,18,-4
-92/51,0,0,-2,3,-5,2,-2,1,-7,0,-1,-8,12,-4,-8,1,2,-6,4,-9,8,6,12,12,10
78/7,1,0,1,-5,0,-7,3,-2,-8,6,-1,11,-6,2,-6,-6,2,-1,-14,2,-7,-4,2,-15,-2
377/4,0,-2,0,-5,0,-7,2,1,6,-10,-5,10,-7,-10,-8,6,-5,6,2,-15,-8,8,1,18,17
2260/21,0,0,0,-5,2,1,-3,1,-4,6,-1,-5,10,4,0,6,-4,4,-3,15,-5,-8,-4,18,14
1129/10,0,2,0,3,-3,-5,3,1,4,2,1,10,0,-7,-2,-2,0,-6,4,-12,-4,4,2,8,18
2260/19,0,2,0,-5,-1,-5,-3,-2,6,-4,-1,-1,-3,10,4,0,-4,13,-14,-9,6,-16,11,6,8
2264/15,0,0,0,3,4,2,1,1,-6,-2,-4,6,-6,10,-6,0,-4,-2,10,-12,-10,-10,-11,-3,-3
-185/4,0,2,0,0,2,-1,-4,1,-8,3,-1,-11,-6,1,0,2,6,8,11,6,-1,6,-3,1,2
-65/3,0,0,0,-5,-3,-7,4,-2,-3,-5,1,-2,-2,8,0,-6,6,-10,5,-1,2,6,4,-17,2
-1/145,0,-2,0,-5,4,-6,5,-2,-3,-6,-4,-7,0,12,-6,3,-12,1,8,-9,-16,6,-6,0,10
1/74,0,-2,1,1,4,1,2,1,4,7,-9,-8,-6,-4,0,1,6,2,3,-12,-16,-16,14,-7,9
3/233,0,0,0,-5,4,2,-3,1,-3,5,6,10,6,-10,3,-6,4,-2,8,6,10,-4,2,-10,-6
1/232,0,2,3,0,-5,-6,2,1,1,-6,-4,2,-6,4,-11,6,4,-1,3,-2,-1,-16,4,18,6
-3/793,0,0,1,1,0,-2,-4,1,2,7,-5,-5,8,2,-8,6,-4,-4,-2,8,-16,8,2,-3,-9
-5/791,0,-2,0,-5,4,-1,1,-2,6,5,-8,-10,3,-4,-10,1,-7,-2,4,-15,-2,-1,-16,6,-2
-19/3961,0,-2,4,-5,-2,-5,-2,1,6,-2,4,-7,-6,-2,1,6,4,-11,8,0,1,12,-16,10,-4
-20/3961,0,2,0,1,-1,-5,-2,1,-9,0,-7,11,8,-3,-11,10,10,-1,5,6,2,-8,-8,-14,-9
-34/7927,1,-2,-2,-5,-2,6,-8,0,6,3,-8,-7,12,6,-6,5,6,-7,-14,-12,11,13,14,-10,-6
-3/721,0,0,3,-5,4,-6,-6,-2,4,-5,10,-1,-6,-3,-6,-6,10,6,4,-9,0,10,6,1,-14
-39/7928,0,0,-3,1,-1,-7,-6,1,-4,6,2,-7,-7,7,-8,10,-7,-4,4,-6,4,2,3,-16,2
-9/1982,0,0,0,-5,-5,-5,5,1,-3,-7,-1,2,-6,6,10,-2,0,6,-12,-3,-10,-12,0,-6,3
-5/991,0,2,0,-5,2,6,3,-2,-3,0,-5,5,-1,-10,1,11,-7,-11,14,-12,6,10,11,-3,-5
-1/180,0,0,0,-5,0,6,2,1,2,-3,-9,-2,2,8,12,-7,0,2,5,8,2,-10,-16,6,-6
319/2,0,-2,-2,1,0,2,5,-2,6,-10,-1,-6,6,4,-8,-2,6,8,-14,8,4,-4,-1,-15,-18
317/4,0,-2,-3,-5,4,4,1,1,-6,3,-7,5,4,-1,0,5,10,-5,-10,15,2,-11,-12,2,3
155,0,-2,0,0,-5,6,-6,-2,-8,10,-10,10,8,-1,8,-6,-3,-2,4,4,7,-16,6,-6,-6
1485/13,0,0,0,1,0,-2,1,1,-3,-2,-9,2,-9,9,1,-6,2,-4,8,3,7,-4,-13,1,13
740/7,0,-2,0,-5,-1,4,5,1,-8,-1,-9,-11,-6,-9,12,-4,-4,-11,-3,5,2,11,12,6,-5
71,0,-2,4,0,4,-6,2,-2,6,9,-5,-10,-4,7,-8,6,6,-2,11,-12,-6,6,7,-14,7
496/5,0,-2,0,-5,0,1,-3,1,-8,-10,-10,-2,8,-3,-8,-2,0,4,-14,0,-13,15,3,10,-3
1483/17,0,-2,1,1,4,2,-2,1,6,3,2,6,-9,0,-6,6,6,1,-5,-1,5,-8,-3,-15,1
-1/125,0,2,0,0,0,-5,2,1,-6,4,1,6,6,7,-7,-2,-12,-11,8,-6,-6,-6,-16,3,18
-188/19,0,2,-3,3,-3,6,-3,-2,-3,9,-9,-1,6,9,-8,6,-10,-10,-12,8,-2,1,12,10,-12
-2/249,-1,0,0,3,2,6,-5,1,1,-4,-4,-2,0,2,4,2,0,13,14,6,14,6,-16,-13,10
-3/248,0,0,2,1,4,2,5,1,-9,-1,2,10,-3,-3,0,-9,4,-7,4,0,2,8,0,0,17
1696/13,0,2,2,-5,-5,-2,4,1,-9,10,4,-6,-9,-6,3,-10,-7,-1,3,5,4,-16,-16,-15,16
1697/12,0,0,4,1,-2,-6,-3,-2,-3,2,-1,-2,2,8,4,-2,0,0,3,6,-10,-15,10,6,-2
141,0,0,0,0,0,4,2,1,-8,-2,8,-6,-6,-12,-8,-3,8,-10,2,-8,10,-1,-3,-1,17
5/111,0,0,0,1,4,2,-1,-2,-6,0,-6,-8,3,-1,8,-3,13,0,4,13,-5,0,14,-14,6
5/109,0,-2,0,3,2,2,-3,1,-8,7,1,-5,7,-9,-11,-4,4,-1,0,-1,-5,11,16,12,-12
2/113,1,2,1,1,0,-6,5,-2,-4,0,-4,8,6,8,4,-4,10,-12,-14,0,0,-10,6,-1,-12
8/109,0,-2,-3,1,-2,6,-5,1,4,5,4,5,-6,5,-6,-6,6,8,-11,-5,2,-1,4,-6,14
-76/91,0,-2,2,-5,-3,-2,-1,1,3,10,2,2,4,4,0,-6,4,8,10,8,12,-11,1,10,18
-27/37,0,0,1,-5,4,6,-3,1,-8,6,3,-8,-6,-1,0,-7,-1,13,4,8,6,-1,4,2,-6
-23/36,0,0,3,-5,4,6,2,1,-7,-4,-1,5,12,5,13,-2,0,6,5,6,2,-16,3,-1,-19
-45/71,0,-3,0,-5,-1,6,-6,1,1,4,-9,-2,-3,10,-1,-10,-9,4,-4,4,-4,10,3,0,-14
-53/26,0,-2,-2,1,2,-2,-3,1,-3,-5,1,-7,8,-10,0,-10,-4,-1,5,8,12,0,-6,10,2
-92/5,0,-2,0,-5,0,-5,-6,1,-7,0,-7,2,-9,8,-6,-10,-7,1,-6,-8,5,-15,6,9,8
-92,0,2,-2,1,4,6,-1,-2,-7,-3,2,-5,-1,4,4,-2,-13,8,2,11,-2,11,0,-12,-12
-49,0,-2,2,1,2,1,-6,1,-4,0,-9,-7,-2,4,0,-14,0,5,0,3,4,-9,12,-7,-13
-97/4,0,-2,3,1,2,-5,2,1,-6,-5,1,-7,0,12,7,6,-1,-7,4,6,-10,8,6,-6,8
-2/355,1,2,0,0,-2,-6,4,-2,-3,-5,-1,-5,1,6,-6,2,6,-7,8,4,8,-1,4,0,12
-2/177,-1,0,1,1,0,1,1,1,-4,0,-1,-6,3,5,1,7,10,2,16,12,-6,-15,12,0,-4
-3/40,0,0,0,-5,0,2,-3,1,1,-4,1,7,3,-6,1,1,-7,4,8,16,-14,6,12,-8,12
84/23,0,0,-2,1,4,4,2,1,0,6,-5,-1,8,-1,4,6,-3,10,-14,13,-4,11,-6,-14,13
41/12,0,0,3,-5,0,4,-6,1,-3,4,6,-7,-4,8,0,0,2,-7,2,-9,2,-12,6,0,-2
43/13,0,2,0,1,4,-2,-6,1,-8,10,-1,-7,-6,-1,0,-10,-13,13,6,-9,-8,-14,6,-8,2
-22/237,1,0,1,0,0,2,2,1,6,9,-6,8,-9,10,0,11,-3,8,0,3,2,-8,7,-6,-2
-29/28,0,2,3,-5,0,-5,-6,0,6,-10,-1,-3,-6,-2,-1,6,0,-11,-10,-3,12,-9,-11,3,17
-140/13,0,2,0,1,4,-2,4,-2,4,4,-7,-8,-6,-10,-3,-4,-2,13,8,3,-13,8,12,6,-14
-141/13,0,0,3,0,-5,-2,2,-2,-8,6,-9,6,0,4,-8,-12,-14,-8,5,-5,11,-15,-3,0,10
-140/9,0,0,0,1,-3,-1,-4,-2,6,6,3,-2,-4,4,0,6,-5,5,2,13,-11,0,6,-10,14
-277/23,0,2,2,-5,0,2,-6,1,0,6,1,5,-5,8,6,-9,-4,2,8,6,-6,-6,4,0,2
-274/19,1,-2,1,-5,4,0,3,-2,3,10,-4,10,-6,9,10,-11,6,1,2,-12,4,-8,6,6,14
-87/8,0,0,0,-5,4,6,-3,0,-3,-10,-2,-2,6,8,-8,10,-13,5,5,-13,-14,8,4,12,-9
-271/21,0,0,1,-5,4,2,-3,-2,-3,2,-2,-5,8,-1,12,-4,0,8,11,12,-16,15,-16,-1,12
-551/47,0,-2,2,1,4,2,-5,1,-3,-10,-1,-6,-6,4,3,-4,2,4,5,8,4,-1,5,10,17
-551/44,0,-2,4,0,-2,6,4,1,3,-10,-1,11,0,12,-6,2,-2,-11,4,-1,6,0,9,12,2
-277/19,0,-2,2,1,0,-5,-5,-2,2,3,-5,8,-9,10,0,-2,-4,6,4,-12,-14,12,-3,10,13
-279/20,0,0,0,1,-1,2,-4,1,-3,-7,-10,7,6,-7,-4,7,0,-3,-12,-3,-13,-15,-16,9,8
76/647,0,-2,-2,1,2,-5,-3,1,6,-7,3,5,4,4,0,-2,-2,8,8,-9,-6,-16,0,6,-14
2/103,-1,-2,2,1,2,4,-6,1,-9,4,-7,-7,-5,4,-8,6,-4,10,-12,15,-10,13,-4,10,1
425/4,0,-2,0,3,6,6,-8,1,-4,-5,-8,5,-6,12,-8,-10,5,8,4,8,2,1,-13,-6,-12
425/6,0,0,0,1,-2,-5,-8,-2,-8,-5,-1,-2,2,6,-11,10,-2,-11,8,14,-4,-5,3,-3,-9
854/9,-1,0,4,1,-1,2,-3,1,6,-3,-9,-7,-7,7,-6,3,9,-13,3,13,7,-6,-3,0,-3
284/3,0,0,2,1,-2,-5,-3,1,6,-1,3,5,12,1,13,-10,6,-12,4,-12,2,8,-9,1,-6
-4/49,0,-2,1,-5,0,2,-6,-2,4,2,8,-8,6,7,0,-3,-12,2,-12,15,2,5,2,6,-10
-7/54,0,0,2,1,4,1,-4,1,6,0,-4,-2,-1,9,-8,1,-7,10,5,9,-13,-8,3,6,-14
-69/22,0,0,-3,0,-2,2,-1,1,-7,3,10,-8,-5,5,-8,-11,-2,-3,8,4,5,-7,0,6,2
71/60,0,0,0,1,-5,-5,-5,-2,6,0,3,-11,12,-9,-6,1,6,8,2,-12,-2,8,-10,-15,12
-76,0,-2,1,0,-5,0,-4,1,-6,4,8,6,1,-4,-6,-4,-12,-1,-8,3,-13,-16,0,-10,12
211/2,0,-2,3,-5,-5,-5,6,0,6,-2,-4,10,3,-2,-6,-4,-7,10,-4,-8,6,11,-4,18,-12
213,0,0,0,3,-3,-5,-4,1,2,10,-9,-6,6,-2,0,-3,-11,8,-8,-12,-10,10,8,9,10
2257/19,0,2,2,1,-2,2,5,-2,-3,6,4,-11,7,-1,12,6,0,-13,3,14,-13,-4,3,-12,-2
2258/17,1,2,1,1,2,6,-2,-2,3,10,2,-11,-6,-10,0,-7,0,6,-10,3,-6,-6,11,-12,-2
2258/15,-1,0,0,-5,0,4,-1,1,3,0,1,-2,-2,4,0,1,4,-8,4,-3,4,-10,3,6,-2
2262/17,-1,0,0,-5,-2,-7,-2,1,4,-10,-1,-7,-9,10,0,0,6,1,10,-3,7,5,17,1,3
187/2,0,-2,4,1,0,-1,-8,1,-3,0,4,8,8,1,0,-2,4,2,6,-1,2,-8,12,-14,18
-7/1317,0,0,1,1,2,-5,2,1,6,-8,-1,6,2,6,10,-12,7,10,2,-13,2,-14,0,9,0
-6/1319,-1,0,2,-5,2,6,-3,1,-3,-5,-9,-7,-6,-4,0,-3,-7,-3,-10,-4,0,-11,10,-3,-6
-6/659,-1,0,0,0,2,-5,-1,0,6,-5,2,-7,-9,-6,0,-11,8,4,5,-3,-13,-8,2,-6,-7
-1/219,0,0,4,3,-5,6,-4,-2,-8,0,0,-7,-6,-9,-7,-3,0,-8,4,14,-6,-7,4,-10,-1
-2/219,1,0,2,1,-1,2,4,1,-9,-10,1,10,0,8,12,-4,-14,-3,8,-9,-6,5,6,-15,13
6/31,1,0,2,1,0,-1,5,-2,6,5,2,7,-3,8,-3,3,6,5,12,-6,-5,-15,-1,-14,17
25/213,0,0,0,1,0,-5,3,-2,6,-5,8,2,-9,4,2,-2,6,-4,-12,4,-13,-7,16,6,18
24/217,0,0,-2,-5,-2,6,5,-2,3,10,2,-5,-7,-12,-10,-4,-11,-2,-14,0,2,-1,1,10,2
5/31,0,-2,0,-5,-2,2,-3,1,-3,-5,2,-6,6,-3,13,9,8,-2,8,0,6,0,-3,-15,-10
80/647,0,2,0,0,-3,-5,6,1,-9,-2,3,-7,2,4,0,1,0,-6,-7,-8,-13,-14,6,-6,12
16/129,0,0,1,3,-1,2,2,1,3,0,-4,-2,-4,-12,-10,1,0,-4,4,-3,14,6,4,-6,5
12/107,0,0,0,1,4,-5,3,0,6,-10,1,-10,-4,-10,11,0,-11,-3,2,-12,-10,-8,-4,-8,8
14/109,-1,-2,4,1,0,-5,-6,0,-3,-1,-4,-6,12,4,-4,-10,4,13,12,-12,-1,10,-3,10,-12
16/161,0,-2,4,-5,4,4,-6,1,0,4,-9,-11,-7,-2,-3,6,4,-1,3,-4,5,-14,12,6,8
122/5,1,2,0,1,0,2,-3,-2,2,6,3,-2,6,4,-6,-3,0,-13,12,6,-10,-15,4,-8,-12
102/91,1,0,-2,-5,-5,-2,-8,-2,-3,4,3,-1,6,1,1,-2,-4,6,4,-13,7,-16,1,10,-4
59/3,0,0,2,0,4,4,2,-2,1,10,1,-3,1,5,-1,-6,-12,6,2,6,8,10,1,6,1
729/26,0,0,1,3,0,-2,-3,0,-3,-10,3,8,-6,4,11,-4,0,-5,-3,-13,11,8,-13,-1,-8
241/8,0,-2,0,3,-3,-1,5,1,6,-5,3,10,6,-7,0,11,1,1,-4,-15,7,1,12,8,11
241/9,0,0,1,-5,2,-5,-5,1,4,4,-9,6,-5,-2,13,-3,0,-11,-11,-5,-2,0,4,-3,-6
183/8,0,0,2,0,4,-5,-3,-2,-4,-5,10,-7,4,-3,0,1,6,-13,3,0,-7,6,16,12,6
365/14,0,2,0,-5,0,2,2,-2,6,-3,0,-10,-4,1,-11,-2,4,13,4,-3,-11,4,1,-3,14
73/4,0,2,-3,1,6,0,2,1,-3,4,-9,-7,6,1,-10,-7,13,-5,-14,7,-11,11,4,0,14
-79/29,0,2,1,-5,2,-5,-4,-2,2,-6,-2,5,10,8,0,-11,7,5,8,-12,7,4,0,-6,-18
-83/25,0,2,0,1,0,-5,-3,1,-6,0,10,-5,-6,8,0,2,-7,-13,-14,0,-13,-16,0,18,-3
225/2,0,-3,0,-5,0,0,-6,1,-3,4,-10,-7,10,2,-8,-11,-12,-5,-8,0,-8,6,7,12,-1
225,0,0,0,0,4,-5,-3,1,6,6,-1,-2,6,-4,6,5,0,-10,1,10,11,9,0,0,-1
26/217,1,-2,2,-5,2,-7,-6,1,-8,-4,2,-2,8,-1,6,-4,0,8,-3,12,7,-8,-16,-8,11
27/217,0,0,4,-5,-1,1,-5,0,-3,-2,2,10,-2,6,3,6,-9,0,5,-5,12,8,-4,-1,-18
2/11,-1,2,3,-5,-2,6,5,-2,-9,4,3,-2,-4,12,1,-7,10,-7,2,15,5,13,-3,-4,-5
13/64,0,2,2,1,6,-7,4,-2,6,6,-1,-3,-6,-6,0,-10,-4,-7,0,14,-2,15,-3,-8,-19
11/81,0,0,4,0,0,-5,-1,1,-4,5,3,-6,-4,9,4,-2,-14,6,4,4,-6,-4,4,-14,13
44/323,0,2,2,1,0,-5,-2,-2,-8,4,2,-2,-3,4,-8,-4,0,10,-12,2,-13,-1,1,-16,13
-97/28,0,-2,2,-5,-3,2,-6,1,-4,10,-1,-5,-9,4,-6,-10,6,8,2,4,-14,-5,4,-1,8
-96/29,0,0,2,1,-1,6,-4,-2,3,-6,8,-8,6,-1,0,-14,-11,-5,4,8,14,4,17,12,-9
164,0,-2,2,3,6,-5,5,1,-8,3,-5,-5,-4,6,0,-7,-10,-10,-12,3,-4,5,-16,18,8
-16/241,0,-2,1,-5,4,6,-5,1,-3,-3,-1,-2,-5,-4,1,3,4,-1,3,15,-4,4,12,10,2
-7/121,0,-2,-2,1,-2,-5,2,1,6,4,1,-2,-3,-6,0,-6,-3,8,5,-12,-6,6,12,-12,2
-19/240,0,0,0,0,-3,6,3,1,-3,2,-1,8,10,-1,-6,-7,0,-11,-13,0,-1,-11,4,6,-18
-17/239,0,-2,-2,-5,-1,6,-8,-2,-6,10,-9,7,6,-10,-11,3,-14,6,4,4,-7,6,10,18,13
105,0,0,0,1,2,2,2,-2,-3,-10,3,-1,2,-10,7,0,-10,-3,4,-12,-7,4,4,-1,8
208,0,2,-2,-5,6,-7,-3,1,-3,-4,-1,5,3,-10,4,-6,-9,2,2,3,11,8,-4,-6,-18
425/3,0,0,0,-5,2,1,-8,1,-9,4,-4,-1,-6,2,13,6,6,6,-12,-9,-14,-12,3,-14,-14
423/4,0,-3,-3,1,-3,-5,-3,1,6,-8,-5,-8,-3,4,-8,5,-4,0,-11,-4,-13,11,12,-9,14
563/6,0,0,-3,-5,-3,-5,-5,1,-8,-7,6,2,-6,9,8,-11,-7,1,4,-5,-11,13,16,6,-2
566/3,1,0,-2,1,0,4,-3,1,-4,-4,-9,-5,-1,12,13,0,-4,4,-3,16,-10,-8,-16,-12,-18
561/5,0,0,0,3,0,1,-8,1,3,-7,-9,-5,-7,4,6,-6,4,-7,-4,-4,-4,-8,-11,2,0
133/2,0,-2,1,1,2,-5,1,1,-3,2,-1,10,-6,4,-6,-10,-3,-11,12,-15,7,12,-4,-2,11
1129/3,0,0,3,3,2,-5,-3,1,-6,0,-7,-1,12,-6,-11,-4,-12,8,11,-9,7,-9,6,5,1
1132/5,0,-2,0,0,-1,-5,-6,1,-3,-4,-4,-10,-6,4,-3,-2,-14,-10,-8,8,2,10,-16,-6,-2
1125/4,0,-3,0,3,0,-5,2,0,3,9,1,10,6,5,7,1,0,-8,-12,-2,8,-8,-3,-10,2
1128/7,0,0,1,-5,-3,6,-3,0,6,-5,0,6,3,-1,-8,-10,0,13,10,13,-7,5,0,12,-5
3386/23,-1,2,3,1,0,4,-4,0,0,-4,3,5,7,8,-6,-11,0,-13,-10,-9,-5,12,3,9,12
3384/23,0,-3,-2,-5,4,1,2,-2,0,4,3,-8,-6,4,-8,-2,-12,-10,5,7,-2,4,10,-15,8
1132/9,0,0,-3,1,2,1,2,1,-8,9,10,5,12,6,6,6,0,-6,-10,-15,6,11,12,-8,11
6763/48,0,0,4,1,4,-1,4,-2,1,4,-2,-1,-4,7,-8,3,-2,-2,-4,-4,-10,0,-5,-1,0
6763/47,0,-2,1,3,-2,0,2,1,-3,10,1,2,0,10,3,-4,-4,6,-13,-4,-16,11,4,3,11
142/3,1,0,2,3,4,-5,-6,-2,-3,0,6,6,6,4,-11,0,1,-1,8,-12,12,10,1,6,-6
3383/25,0,-2,0,-5,-1,2,-8,1,-3,-5,-1,10,8,-3,-6,-10,0,1,11,-8,-16,8,6,2,-2
3383/23,0,2,4,0,2,6,-8,1,0,0,0,-7,-2,2,4,1,4,2,5,-1,-7,-11,-4,18,-19
3385/23,0,-2,0,1,0,6,-5,1,0,4,2,-8,-6,6,0,-6,-12,-8,11,-8,-6,-6,1,6,8
106,1,2,4,0,4,0,-3,-2,4,3,-9,-3,-3,4,-8,-10,-4,-7,-4,-15,-11,12,2,-8,-5
848/9,0,0,-2,-5,4,-1,-3,-2,-3,-2,0,-8,0,-1,-8,-10,11,6,9,-15,-9,2,12,2,8
4443/41,0,0,-3,1,-3,-5,-3,1,-3,6,2,-5,6,-10,-6,-2,4,4,-12,2,11,12,-16,0,-5
4449/41,0,0,2,3,-1,-5,-4,0,-8,4,-1,-6,6,4,1,-10,-4,-10,-14,-2,2,4,3,-10,2
-7/163,0,-2,0,1,0,6,4,1,6,-1,3,10,-9,-3,0,-6,-14,6,2,-9,2,10,12,3,10
-4/163,0,-2,2,-5,-1,-5,2,-2,-8,5,0,-2,-5,-4,1,0,0,-10,14,-3,-6,-16,8,-10,9
1/157,0,2,3,-5,-3,2,-3,1,-8,-5,4,5,0,4,-7,-4,6,8,-14,3,-14,8,14,18,3
1/161,0,-2,0,-5,0,-5,5,-2,0,7,-9,-7,0,-3,10,-2,-9,-11,-4,-2,-10,-14,-10,12,2
-1753,0,-2,-2,-5,4,0,5,-2,6,4,-1,5,10,-4,-2,-6,-7,10,4,3,1,-8,-16,0,-14
1008/17,0,-3,1,1,-2,-5,-2,1,-6,5,-8,-1,12,5,-1,-2,10,-1,-8,3,-2,8,12,18,1
1010/17,1,2,0,3,4,6,-2,1,6,-1,3,-2,6,0,-3,-9,9,2,8,15,10,8,-1,10,-13
252/5,0,-3,0,1,-1,2,-3,0,-3,-2,2,-1,-3,8,0,6,-11,4,4,3,-13,-16,-9,-12,-1
59/2,0,2,2,-5,-1,2,-3,0,6,6,-1,10,8,12,12,1,-12,0,4,4,-16,-15,7,-6,-5
1011/17,0,0,-2,0,0,-1,-2,-2,0,10,1,6,-5,-10,-6,7,6,-11,1,2,-10,6,-11,-14,13
202/3,-1,0,2,1,4,4,2,1,2,3,-9,10,12,-4,0,-11,2,2,12,8,-2,-4,9,-17,6
-52/33,0,0,4,-5,-2,-7,4,1,0,4,-5,10,0,12,0,-2,-2,6,4,-15,-10,-14,17,6,10
-100/61,0,-2,0,0,0,6,1,-2,-3,6,2,10,-5,-1,1,-2,11,-4,-4,-8,2,9,16,1,-10
-97/59,0,2,2,-5,2,2,1,1,1,3,-1,-8,1,4,-6,6,10,6,-10,0,-11,13,6,-10,8
-101/62,0,-2,0,3,2,6,2,-2,-8,4,2,-6,3,-4,1,-4,6,-5,-3,-4,0,6,6,-7,2
-4/301,0,-2,4,-5,6,4,5,-2,-8,-8,-4,2,-4,-12,-6,7,0,10,10,6,-7,-1,2,0,10
-7/195,0,0,0,1,2,-2,2,-2,4,3,-9,-2,0,0,-8,6,6,4,9,8,-5,11,3,18,-14
373/4,0,2,-3,-5,0,6,-3,-2,3,0,-1,-5,-6,-6,7,-2,9,-6,-12,15,-13,-9,3,-14,-10
374/3,1,0,-2,0,0,6,-8,-2,6,0,3,2,-4,-4,-6,-3,-10,-5,3,14,-8,13,-3,6,-2
1689/13,0,0,2,-5,-2,-2,1,-2,-4,-4,-7,7,-4,5,0,6,-2,-8,-12,-7,12,-8,14,-15,11
447/2,0,0,0,3,0,-1,5,1,-3,-4,-1,-7,-9,6,-8,-6,-7,-2,4,-6,-6,4,-3,-6,-5
112,0,2,-3,1,-1,-5,-1,-2,-4,-2,10,8,-4,-1,-6,-10,0,8,12,-15,-10,13,8,-14,-6
1781/15,0,0,0,3,0,-7,-6,1,-6,-3,3,-7,-3,2,-11,1,4,13,5,2,-7,-4,16,6,8
444/5,0,0,0,1,-2,1,2,1,2,-2,-6,-11,2,4,0,-14,0,6,-6,-9,-1,6,4,-14,2
449,0,-2,1,0,0,6,1,1,1,3,0,-2,-9,-10,-4,-2,-11,-8,-3,16,0,-8,12,6,12
109/2,0,-2,2,1,4,-1,6,-2,-4,4,-1,7,-3,4,-11,6,-7,13,4,3,-4,-16,5,-13,14
445/3,0,0,0,1,0,2,4,1,6,9,-1,-7,-9,2,0,9,-5,1,-14,14,-13,4,10,-13,10
2221/23,0,-2,0,0,6,-5,3,1,0,-7,-9,6,-1,4,0,10,10,-6,8,-15,10,10,-4,12,8
1111/12,0,0,2,0,0,6,-4,1,4,-5,-4,-10,-6,10,-4,-2,11,-8,8,4,4,11,-3,10,17
1106/13,1,-2,-3,1,-2,-2,-3,1,-3,6,-10,-1,-7,4,4,6,-7,-2,-2,6,2,4,12,6,12
91,0,2,0,1,-2,-7,-5,1,-4,-2,-4,-2,8,2,0,-6,-4,8,1,8,-4,-6,-3,0,14
367/6,0,0,3,-5,0,6,-3,0,-9,-5,-7,10,0,7,3,6,6,8,4,-1,0,-16,1,-1,18
107/2,0,2,0,0,-3,-5,5,1,-9,10,2,6,-2,-9,-10,-2,-12,-5,8,-3,-2,-10,9,6,-12
104/3,0,0,3,1,0,-7,6,-2,0,-2,-1,-5,12,-4,11,6,-11,0,9,-5,-4,-10,0,-8,8
-5/473,0,-2,0,-5,-2,6,-3,1,1,6,3,5,-3,-12,8,1,-1,2,-2,-2,-5,-5,-7,3,-12
-4/475,0,-2,0,-5,0,-5,-3,-2,1,-8,3,10,-3,-2,-6,-6,-4,-1,2,15,-13,4,17,6,-5
-5/61,0,2,0,1,-5,4,-3,-2,-3,-5,-5,2,10,-1,-7,-10,10,-4,-8,7,-2,6,-6,-12,10
-6/121,1,0,2,-5,-2,-5,2,-2,-4,6,-6,6,3,4,12,6,6,1,8,-15,7,-4,0,18,-5
-11/122,0,-2,-3,0,0,1,-6,0,-3,5,-8,7,-1,4,-6,-6,6,-4,0,-12,5,8,2,1,2
-8/125,0,-2,0,0,0,6,-1,0,-3,-5,1,-5,0,4,-8,7,2,8,14,4,14,-4,-9,-14,-10
567/5,0,0,0,1,6,6,-3,-2,-8,0,-1,-3,2,-10,4,6,0,6,12,0,-2,11,8,-8,9
1701/17,0,0,2,1,-2,-6,-2,-2,0,-2,10,10,1,4,-8,3,0,-8,4,12,-13,8,0,-14,2
424/3,0,0,-2,1,-1,6,5,1,3,-4,2,10,8,-2,-11,-10,-4,0,8,16,8,15,0,-15,0
565/4,0,2,0,3,-5,-5,4,-2,-3,-10,-7,-2,6,1,-8,-9,-4,-13,1,-4,4,-16,-11,-6,8
146/7,-1,-2,2,-5,-1,-6,3,-2,3,-2,3,-2,2,2,0,3,6,2,0,-15,-11,11,15,1,-6
-281/26,0,-2,1,-5,-3,-2,3,1,2,-8,10,10,6,-7,-6,-11,-2,-2,12,0,-13,-14,6,6,2
-9/472,0,-3,2,-5,0,2,5,-2,-3,-5,3,8,2,4,11,-4,10,5,-11,-5,11,5,0,1,-18
-2/63,1,0,4,-5,0,2,2,1,6,-5,-4,-2,7,6,0,4,-4,0,-10,-3,8,-12,-4,10,8
-14/943,-1,2,0,1,-5,4,5,1,0,4,10,-6,6,-10,7,-3,-14,8,1,-12,-13,11,-16,9,-6
-17/942,0,0,1,0,4,-5,-8,-2,-8,-4,-9,7,-6,9,-6,11,-4,4,-2,6,-13,8,-3,10,10
40/49,0,2,0,-5,0,-5,2,-2,-8,-7,4,-6,-6,8,4,6,-2,-6,-14,-12,-6,8,-10,-9,-4
-1/68,0,2,3,-5,4,-5,-2,1,-3,-8,-5,-1,3,-12,-6,9,-4,4,4,-12,8,15,6,-8,-9
-3509,0,2,0,-5,0,2,-1,1,6,-10,-7,-1,-6,-6,-11,6,-9,1,2,-15,10,10,12,10,-4
-10529,0,2,4,1,0,2,5,1,-3,-1,3,-5,6,-4,-8,6,-4,13,9,11,14,-8,9,-15,17
-10527,0,0,-3,0,0,1,-3,1,3,-10,-9,10,10,12,2,2,0,4,-14,0,-13,15,-3,0,12
31/25,0,2,0,1,-2,-5,-5,1,0,3,-10,-5,6,9,12,11,0,-4,8,-15,-4,15,0,-1,-5
-202/3,1,0,0,-5,2,0,6,1,-8,10,-5,-5,-6,4,7,4,-9,10,-11,-15,7,11,7,-10,13
-403/9,0,0,-2,-5,0,-7,-1,1,4,10,-10,-2,-3,10,0,2,-4,-5,8,12,12,4,8,0,2
15/19,0,0,0,3,2,-1,3,-2,6,9,-1,-6,-1,4,0,-6,0,-13,-10,10,-14,15,2,2,10
42/59,-1,0,0,1,4,-6,4,1,-3,9,8,-8,6,12,-6,9,10,6,12,-9,-13,-15,12,-1,-2
51/53,0,0,2,-5,-1,6,-8,-2,0,9,0,-11,0,-6,13,5,-2,2,-2,13,12,-1,-16,6,3
1693/13,0,2,0,0,4,-2,-5,1,-8,-5,3,-2,2,12,-3,0,4,-1,-11,-3,2,13,12,-3,-5
55/49,0,2,0,-5,0,6,5,1,-8,10,-1,-7,-6,4,-1,-4,-12,4,5,-9,6,-8,-1,-14,-2
-1/105,0,0,0,-5,0,6,5,-2,3,-5,10,-1,6,4,0,-3,-5,6,4,-7,2,-16,6,5,0
3/107,0,0,1,-5,6,2,-3,1,4,3,-4,11,4,4,10,1,0,5,8,0,0,-6,12,8,-7
2/53,1,2,2,-5,6,0,4,1,-4,-5,8,2,-9,-1,-11,5,0,-2,11,4,-13,5,17,-6,2
-5/316,0,2,0,1,0,0,-3,-2,-4,0,-7,-7,-6,-7,-1,6,-9,0,-12,12,2,-8,8,9,-6
-3/317,0,0,0,1,4,0,-4,-2,-9,4,-10,-2,-5,0,-8,1,-12,-2,4,-1,-7,-16,-7,10,16
-43/52,0,-2,0,1,4,-2,-3,0,1,-5,-9,10,-1,-1,-3,6,8,5,8,0,7,8,7,6,-12
-82/109,-1,-2,0,-5,4,6,5,1,2,7,-1,-8,-4,-6,-3,6,-2,-4,-7,-12,-4,6,-3,-1,-9
-84/107,0,0,0,1,2,4,1,1,-4,3,-7,-2,-5,-3,-6,-9,-4,8,0,-9,6,-16,6,2,10
-94/91,-1,-2,0,-5,0,-2,1,-2,6,7,4,8,7,8,-8,-2,6,-1,1,-9,0,-14,15,3,-13
-91/94,0,-2,0,1,4,-7,2,1,1,4,-6,8,-4,4,3,0,-2,-10,-7,14,-14,-16,-15,3,-14
-97/91,0,-2,-2,-5,0,-2,5,-2,-3,-5,-6,-2,-6,9,2,6,-4,-4,-2,8,12,11,12,0,8
-49/44,0,2,1,1,-2,4,1,-2,-3,-10,2,-6,-1,4,13,6,0,6,0,7,-6,13,16,6,0
-50/39,1,0,0,-5,6,-2,1,-2,-8,-3,8,-8,6,5,-6,-6,-4,8,-11,0,-14,10,1,-6,-3
102/103,1,0,2,-5,0,0,-8,1,-8,10,-10,-2,12,-4,-6,3,4,-1,-7,0,-4,2,12,6,-7
109/104,0,-2,4,3,-1,-2,6,-2,3,5,-2,-3,-6,-6,0,-2,-4,8,-8,-8,-14,-4,2,18,7
107/103,0,-2,1,1,-1,2,2,-2,-6,2,-1,-5,8,0,-6,-3,4,-13,5,-8,11,9,2,-17,-14
9/145,0,0,0,1,6,4,4,1,-8,-6,-9,-10,1,-7,8,1,-1,-4,3,4,2,-8,8,-10,-14
15/217,0,0,0,-5,2,-6,-4,1,-3,0,2,-10,8,1,0,1,0,13,-3,-4,-1,-4,16,-15,-12
59/866,0,2,1,1,2,-1,-4,-2,3,6,8,7,6,-6,4,6,-12,-2,8,-5,-5,13,2,12,2
-21051/2,0,-3,-3,1,4,4,-5,-2,-4,4,1,8,8,12,-4,1,4,-6,-13,-3,12,10,3,-1,8
-21052/5,0,2,0,-5,4,6,-4,1,-8,-5,10,-2,-4,4,-3,3,-14,-5,1,6,7,2,4,-15,-14
-21050,-1,2,0,1,-3,2,-3,1,6,-2,1,-2,-3,4,12,-2,-4,-13,2,-3,-6,4,1,4,8
-21051/4,0,0,4,3,0,6,2,1,6,-5,0,-5,6,4,1,-10,5,1,-3,13,4,8,-5,12,-13
-21055/6,0,0,0,1,0,1,1,1,2,-3,1,-8,10,0,-6,-11,-2,-7,14,6,-6,15,14,-6,8
-21050/3,1,0,0,1,4,6,-1,-2,2,4,1,8,6,8,4,11,-12,-7,4,7,5,9,3,6,-2
-21049/6,0,0,4,1,6,-5,-3,-2,3,-2,-10,10,-1,-4,6,-12,6,6,-10,14,-13,-14,8,-12,8
-10523/3,0,0,2,-5,4,4,-8,0,-9,4,4,-3,8,-1,-2,6,0,-2,4,3,-1,10,4,-15,5
-5262,1,0,0,1,4,1,-3,0,-3,4,-1,6,0,2,4,-6,0,-7,5,4,-10,6,-7,9,8
-10525,0,-2,0,3,-1,-5,5,0,-3,-7,0,-7,-6,-4,-7,-9,-11,6,-14,5,7,-10,-3,-6,-13
-37/98,0,2,4,-5,-3,-5,2,-2,-3,2,-5,-11,-1,-2,-4,-6,0,0,2,6,-2,-8,1,18,-2
-34/95,1,2,0,1,-2,4,-8,-2,0,5,-1,-5,10,-6,1,-11,6,0,-14,15,-11,9,17,-10,-7
-34/91,1,-2,2,-5,4,-2,-8,1,3,-4,8,6,-3,-10,-6,-2,0,8,6,-7,-5,-16,-3,18,-18
-32/93,0,0,2,-5,0,2,-3,1,4,3,2,-5,-6,4,13,-2,4,0,0,3,-1,4,12,-10,8
-7/472,0,-2,1,1,4,-5,-5,1,-3,10,1,-7,0,8,4,0,10,-4,8,16,-7,4,8,-6,8
-4/315,0,0,0,-5,-5,1,-4,-2,-8,4,-2,6,0,-12,0,3,-4,13,-13,-12,-8,-1,10,-12,-6
-7/474,0,0,3,1,-3,2,6,-2,3,-5,-9,8,-4,-10,4,2,-13,4,-8,6,11,-8,3,12,-4
1691/12,0,0,3,-5,0,6,6,1,-3,-5,-10,5,0,4,-6,-14,0,13,-2,-12,-16,-15,2,-13,1
337/9,0,0,3,-5,-1,2,5,-2,-8,-7,3,-2,-6,-1,-6,6,4,8,-12,-13,-9,10,12,6,9
2228/23,0,2,0,0,2,6,2,1,0,-2,4,-5,-7,4,6,9,-4,5,-14,3,-13,10,0,6,-4
2223/20,0,-3,0,3,4,-7,-1,1,6,3,-4,10,2,1,-6,6,-2,2,-7,4,-6,5,-4,1,10
211,0,2,0,0,-1,1,1,1,0,-5,-7,2,1,-3,0,0,0,6,-3,-13,-13,-14,4,-6,-7
55/56,0,-2,0,-5,0,-5,5,1,-8,4,-9,7,-1,5,-6,3,-2,-4,-6,8,8,-15,4,10,-7
-277/24,0,0,0,0,6,0,-4,-2,-4,0,-9,11,-6,-6,4,-4,6,-7,10,-3,0,-6,0,-3,-3
-175/6,0,0,0,1,-1,6,-6,1,-3,-3,2,2,-6,8,4,-3,-1,-10,-2,14,14,-16,-16,6,-8
-56,0,2,1,1,6,-1,6,0,-3,-7,6,10,7,6,-6,11,5,-1,12,-2,-2,-8,2,-6,-3
-21,0,0,1,1,-5,-5,-3,-2,6,-5,1,-5,6,-2,-4,-11,-4,6,-2,11,-5,-14,3,12,3
79/104,0,-2,2,-5,4,-2,2,-2,-4,7,1,-1,-9,4,3,-10,0,0,3,-5,-5,4,-9,1,2
4442/37,1,-2,0,1,4,0,-3,1,-3,-8,8,-8,-6,2,0,7,0,-5,2,4,-13,-15,-8,-3,1
741/7,0,0,0,-5,6,-7,3,1,0,2,-10,-5,-6,-1,13,-3,-14,-2,-8,-9,12,13,17,12,8
2221/21,0,0,2,-5,-5,1,1,1,-3,4,-4,-6,-6,6,8,-2,4,8,4,8,-6,-8,0,-1,11
-90/101,-1,0,0,-5,6,-5,2,1,-3,-4,3,-7,-3,4,8,6,7,13,4,-12,-13,12,-16,-12,16
-11/448,0,2,3,-5,0,-1,4,1,-4,-5,-4,-7,-1,4,-8,-3,6,10,2,-15,4,10,-8,-15,10
-10/447,1,0,0,3,0,4,5,1,-4,-2,-10,-7,2,8,-6,6,-12,8,4,-4,-6,-16,4,-6,17
19/215,0,-2,0,0,4,6,5,1,3,-2,6,6,1,-12,8,-10,-14,-2,-10,-9,4,-14,16,-9,-5
-101/29,0,-2,4,-5,2,2,-1,-2,6,-6,-10,-2,-6,-2,-7,-6,-7,2,8,-3,-10,-6,-4,6,8
-103/33,0,0,2,1,-2,0,4,-2,-3,-2,-9,6,-6,-4,-1,6,-4,10,-4,-4,6,13,-12,12,13
-12/137,0,0,1,-5,-1,0,2,1,1,4,3,-6,-6,4,-7,-3,0,-3,4,-9,4,-8,15,-2,-9
-11/136,0,2,1,0,0,-1,-2,1,-8,-1,3,-8,0,1,0,0,-12,-5,16,-12,12,1,-4,-14,11
-97/32,0,2,1,1,0,6,-5,-2,6,4,-9,-8,-4,-6,11,-2,-4,1,8,-7,-2,-9,-9,-2,8
-103/30,0,0,0,0,4,2,-3,0,-3,9,1,-7,4,-2,-8,6,-14,-5,-4,-15,1,-16,2,0,-6
-7/1472,0,2,1,1,0,0,4,-2,0,4,-1,-11,-6,4,1,-7,6,-8,4,-12,14,0,6,-6,10
-2/739,1,2,3,3,6,2,-3,0,3,-2,10,10,-9,-9,7,3,-4,-7,4,0,-5,-1,2,-14,11
-17/97,0,2,2,3,-2,-5,-8,0,-3,6,10,-7,-6,-6,4,-6,6,13,1,4,-13,10,-4,6,4
-2/491,1,-2,2,-5,2,-5,4,-2,-8,4,10,-7,-7,-10,-3,-3,5,6,8,-12,2,-6,-4,-16,-2
-6/1471,-1,0,2,0,-1,2,2,1,2,-5,-10,10,-3,7,1,6,-9,8,-12,11,10,8,-3,10,17
-13/1471,0,-2,-2,0,0,-7,-3,1,-3,-1,10,-7,-3,-9,0,-3,0,-2,-2,-12,-7,-10,14,-6,-5
-16/17,0,2,0,-5,-5,-1,-2,1,6,4,1,5,4,4,-6,-10,4,-6,10,-9,14,6,-3,6,2
-1906/3,1,0,-3,-5,6,-6,2,-2,-3,6,-9,-1,-9,0,0,3,0,-13,9,-15,2,-8,11,0,3
-953,0,2,-2,1,-3,-1,3,1,-3,-2,-1,-7,-1,-10,1,-3,-5,-5,8,-15,6,-1,-3,-15,-7
-950/3,-1,0,0,3,2,-5,6,1,-3,-5,-1,-8,6,-1,0,3,6,1,4,0,4,0,-3,-14,2
-100/59,0,2,0,-5,0,-5,-3,-2,6,4,1,-5,12,-1,0,-3,10,-4,-2,-9,0,-5,-4,-6,-10
-99/59,0,-3,2,1,0,2,5,-2,-8,-5,-6,2,2,-6,-6,6,10,-10,11,15,-2,0,10,-6,12
-14/103,-1,2,-3,1,-1,2,2,-2,-3,10,3,10,0,2,-6,-10,6,-11,3,12,6,5,0,-9,-6
-19/268,0,-2,2,0,0,-1,-4,1,3,-10,-9,10,-6,7,0,6,6,-6,0,11,-5,-14,12,-12,2
-33/892,0,0,2,3,0,-5,5,-2,6,9,10,8,8,10,-2,-2,-4,-11,10,15,-10,0,6,10,-14
4/621,0,0,1,-5,-2,1,-3,1,0,10,-10,10,4,8,-6,6,-12,-6,-12,5,-13,-10,-4,-6,8
1/158,0,-2,-2,1,-2,6,1,1,-3,0,-8,2,-3,10,0,0,-9,-7,-7,15,-10,-8,3,-7,6
-2/313,-1,2,4,0,-3,4,1,1,-3,10,-1,2,-7,8,12,-9,-4,-2,-14,0,-4,12,-5,-16,17
-1/312,0,0,0,-5,0,-2,2,-2,3,-2,0,-6,-6,-3,0,10,0,4,-14,9,11,-11,16,-6,-2
-2/49,-1,2,0,-5,-3,-5,4,1,3,-8,-2,-1,10,-7,-8,-2,6,8,8,4,-10,-14,-13,-14,-1
-13/290,0,2,0,-5,4,-7,-3,1,0,-6,-9,5,2,4,-11,-2,-4,-1,-4,-4,-2,1,3,3,-2
-7/937,0,-2,2,1,-1,-6,2,1,-3,-2,1,-2,6,-3,-6,6,0,13,2,-15,-2,-16,-12,8,9
-7/936,0,0,0,1,-3,-2,-1,-2,-3,10,-10,5,-6,2,6,4,8,-11,4,4,12,6,-3,2,2
-1985/4,0,2,0,1,4,2,4,1,0,-2,1,-1,1,4,6,7,-1,8,5,5,-11,5,-4,-8,-2
-665/3,0,0,0,1,-1,-5,2,1,-6,7,4,-7,-6,-2,-3,6,0,2,1,-2,2,5,-8,18,10
89/48,0,0,3,1,-2,6,-1,-2,6,2,10,6,-6,6,-8,-2,1,4,8,-4,0,4,12,-13,-6
44/23,0,2,2,0,0,6,-3,-2,0,-5,1,10,-3,9,12,1,-7,2,4,3,5,8,6,1,6
19/9,0,0,0,1,4,-5,-3,1,-4,6,-5,6,-3,-1,0,6,0,-11,-14,-8,-10,10,4,10,-18
97/45,0,0,0,1,0,2,5,-2,6,-8,10,2,-6,2,3,4,-9,13,5,-8,-14,-10,-6,-1,8
1129/8,0,-2,0,1,4,1,2,0,2,6,-8,10,0,-3,12,-6,0,-10,-2,-12,-4,13,2,2,-2
271/2,0,-2,-3,1,0,6,-3,1,-3,-4,-9,-1,-2,7,-6,1,-4,-3,-14,6,10,-4,17,0,-9
6770/49,1,-2,0,-5,-5,2,5,1,6,-4,3,-2,6,-3,2,-4,-9,-13,12,-2,-5,-8,4,18,-12
847/6,0,0,-3,1,0,-1,-3,1,3,4,3,-11,6,2,-6,-2,13,-1,4,-5,14,-8,6,12,2
6773/51,0,0,-3,1,0,-7,-2,1,-6,-4,-2,-5,8,6,1,-11,-9,5,10,-4,11,-14,-3,10,-2
3389/25,0,-2,0,1,-3,-5,2,-2,0,4,10,6,1,-4,11,-6,10,10,5,-15,-4,5,3,4,-10
-1/374,0,2,2,1,-2,-1,-2,1,-9,10,0,-7,6,-4,-8,-3,6,8,-8,8,-13,-8,-16,-6,-6
-10/1873,-1,-2,0,0,-3,1,-3,1,-4,-2,-10,-1,7,-3,-6,-4,7,-3,3,-12,2,-16,2,3,-2
-9/1868,0,0,-3,1,6,6,-3,1,1,0,-9,10,12,4,0,3,10,-4,-12,-7,-16,5,-6,6,-12
-7/1871,0,2,-2,1,-3,6,-1,-2,6,6,-5,-8,-5,1,12,3,9,6,2,-7,7,-8,-16,2,-5
-12/1871,0,0,2,0,6,6,2,1,6,-4,-9,-5,8,-10,0,-2,-7,2,4,0,-6,-8,-13,-7,3
-13/1873,0,-2,1,1,-2,-7,1,1,-3,-10,1,-6,-6,-12,3,-2,0,8,-2,-5,14,-1,-3,8,12
-8/1873,0,2,1,-5,-5,-5,2,0,-3,7,-4,11,-4,-7,0,6,-4,10,8,15,12,-4,0,-6,18
-10/1871,1,2,0,1,-5,2,1,0,-6,0,4,5,4,1,3,-10,-9,4,-12,8,2,-10,15,-6,13
-12/101,0,0,0,3,4,-5,6,-2,4,-3,-1,-5,6,-4,12,5,-7,6,-12,8,-4,10,2,-9,9
-11/100,0,2,0,-5,0,-6,2,-2,-3,-5,-7,8,-4,4,12,1,-7,4,-11,6,-9,11,-3,-9,12
-10/137,-1,2,0,0,0,-6,1,-2,6,2,-10,10,-1,12,-4,-2,-11,6,11,-1,-16,-14,6,10,-5
-9/137,0,0,3,3,4,-5,-3,1,-3,-5,4,-2,-6,9,8,-6,-4,-11,-11,13,-16,-8,6,18,-3
-6/181,1,0,1,1,-5,-6,4,-2,6,-3,-9,-7,-1,7,0,3,2,-5,2,-12,-6,-6,3,-6,-14
-5/182,0,-2,0,-5,-5,-2,4,-2,4,5,-5,2,-7,8,10,10,4,-1,-12,0,-4,15,4,-1,-12
-4/91,0,-2,4,-5,2,-2,2,0,0,0,-6,-2,-5,-4,0,-2,6,13,12,0,-5,4,4,-6,14
-7/225,0,0,0,1,-2,-5,5,1,2,4,3,-5,-6,4,-6,6,4,-2,-5,6,0,6,3,8,-5
-4/149,0,2,1,-5,-2,-5,4,-2,6,0,3,5,3,-6,0,-9,-7,-11,5,15,12,0,10,-7,-12
102/89,-1,0,3,-5,-2,2,-8,1,1,6,-8,6,-6,5,0,7,10,13,-10,8,-5,4,-12,-8,-2
25/21,0,0,0,-5,0,-5,-6,-2,-4,6,-9,-5,8,-10,6,-12,6,8,8,-15,-1,-11,-12,-14,1
-101/2,0,-2,-3,1,6,-5,-4,1,3,6,-9,-2,-1,-7,4,6,-4,2,4,8,-4,5,0,-7,-14
-203,0,2,-2,1,2,-5,4,1,0,-10,-1,-5,-7,-12,13,10,13,2,8,-8,-5,-9,14,0,13
152/7,0,-2,0,-5,2,-5,6,1,6,4,-10,11,10,5,-6,0,-4,13,6,12,-14,13,-16,6,14
149/4,0,-2,4,-5,4,-5,3,1,-4,4,-1,-6,0,2,4,-10,0,-8,-10,5,6,-8,-3,8,-2
-23/129,0,0,0,-5,-3,2,-3,0,-7,-2,-1,-7,3,-12,0,0,-14,-10,0,15,5,-14,4,8,-10
-67/387,0,0,2,-5,4,-5,-3,1,3,-7,1,-7,0,-12,7,3,8,-7,-5,13,7,11,-1,18,8
-23/95,0,-2,0,3,-2,-5,-3,-2,-7,-5,-10,10,-6,8,-8,-2,0,1,-14,-1,11,4,2,10,-2
-35/191,0,-2,0,1,4,6,-3,-2,6,6,-2,-7,2,-7,-1,-4,10,-10,4,11,14,-8,-6,10,17
-24/271,0,0,4,-5,2,6,1,1,4,6,3,6,-7,-6,-6,-6,0,-2,-14,-15,2,-15,-3,-7,8
5/59,0,2,0,-5,-3,2,1,1,3,-4,10,-8,-9,10,4,-2,10,6,-8,-15,2,15,-4,-6,-14
79/100,0,2,0,0,-1,1,2,1,3,6,-4,10,-3,8,0,-2,6,8,-12,-3,2,4,-16,1,14
84/101,0,0,2,1,0,4,4,-2,-8,-4,-9,7,7,4,-8,-3,-2,-8,-10,-4,-8,10,12,-3,12
-4/69,0,0,2,-5,2,6,-3,1,0,-8,-9,5,0,1,1,5,10,8,8,-1,-16,-10,-4,6,-18
-2632,0,-2,3,1,0,6,2,1,-3,6,3,-3,-2,5,-8,6,8,-7,3,3,6,-8,-4,-12,-8
-5266/3,1,0,2,-5,-5,-5,1,1,6,-2,-1,5,0,-2,-6,6,-1,8,2,6,7,4,-3,-6,6
-10521/4,0,0,2,1,4,6,-4,1,-3,4,-4,-1,-5,-4,6,-11,0,13,12,11,-5,15,2,-15,-2
-2339,0,2,0,1,-3,2,1,-2,3,10,8,6,-9,-1,7,1,-2,6,8,12,-13,6,0,0,14
-21049/8,0,2,-2,1,-1,1,-5,-2,3,-8,-10,-5,-9,12,-8,0,-10,8,2,-1,11,-4,10,5,8
-10525/3,0,0,0,0,0,-6,2,-2,-8,7,-5,-5,-5,-9,2,-2,6,-4,8,-3,-14,6,-10,-2,-6
-10526/3,-1,0,-2,3,-3,2,3,1,6,10,0,-1,-1,10,13,9,-4,-1,8,4,8,-11,2,-10,-13
-10527/2,0,0,1,-5,0,-5,5,1,-3,-10,-1,-7,-6,-1,-8,6,-7,13,4,15,-1,-15,0,-14,6
-10522/3,1,0,2,1,0,6,-5,-2,0,0,6,-7,-6,4,4,-4,-4,8,4,3,7,-1,12,-14,-7
-10523/2,0,-2,2,1,-1,2,-8,-2,-8,-7,-2,10,-9,-4,-4,0,0,-2,8,8,-2,6,15,12,-2
-10518,1,0,3,3,0,6,2,1,-6,0,-1,11,-3,-6,4,6,-4,4,12,-12,-10,5,2,-4,3
-51/73,0,0,0,-5,6,-5,-8,-2,-6,3,2,2,-2,4,0,6,11,-4,8,-8,-6,-16,12,18,-9
-29/44,0,-2,2,3,-2,0,-4,-2,-8,-10,-2,-2,-5,-7,0,-3,6,8,-3,14,-16,10,2,-16,2
-31/25,0,-2,0,0,0,-5,5,-2,-9,6,-10,10,6,7,-8,1,-1,-4,-3,14,-5,4,4,-10,13
-7/271,0,-2,-2,1,6,2,1,-2,2,-5,-4,-2,3,8,3,6,-4,2,8,0,0,-9,17,1,17
-9/272,0,0,2,1,-2,-1,-2,1,6,6,10,-2,-6,2,-6,6,4,6,3,5,10,0,-11,-1,16
-3/623,0,0,2,-5,0,1,-4,1,6,-4,1,-5,2,-4,-6,1,6,-10,-12,-12,0,-14,-16,-8,-5
-2/145,-1,2,0,0,6,6,-3,-2,-8,-6,-7,10,7,8,0,-6,0,-7,-8,16,-13,9,-3,12,-2
-9/145,0,-3,0,0,-5,0,3,1,6,-6,-10,-2,0,1,-2,0,0,-4,-10,-12,7,8,4,1,11
-19/293,0,2,2,-5,-1,2,-3,1,3,9,1,-1,-1,4,0,-7,0,-1,0,-12,-2,0,15,9,2
-6/145,1,0,0,3,0,2,2,1,-3,-6,-9,10,0,2,3,6,-13,13,-5,-13,11,4,-4,-4,0
-12/287,0,0,1,-5,6,2,-5,-2,-3,-2,-1,2,6,8,0,-6,-9,-5,-14,6,-2,5,4,9,12
-8/137,0,-2,0,-5,4,2,-4,-2,6,4,-4,-1,-6,10,4,6,6,10,2,14,7,11,4,-6,-6
-12/139,0,0,2,-5,-2,1,-3,-2,3,-7,-2,2,-4,8,12,6,-5,6,12,12,-11,-16,-6,-17,-10
-8/1871,0,-2,0,3,-2,-5,-4,1,-4,9,10,-5,1,2,-6,-4,6,1,8,4,-8,6,3,0,-10
-11/1871,0,-2,2,-5,0,4,-5,-2,-3,6,1,-2,-9,8,-6,-6,0,6,-10,-9,10,-6,0,-9,-7
74/3,-1,0,-2,1,6,1,-6,1,-8,6,-10,-11,-1,-3,6,9,4,-7,-3,2,0,-6,16,-6,-12
745/31,0,2,0,0,4,-6,4,-2,0,10,2,-6,4,-4,0,3,4,4,4,-12,2,4,-3,0,8
-5/1141,0,2,0,-5,0,-6,-5,-2,-8,3,6,10,-4,7,-6,-11,4,13,5,-8,0,-4,1,-8,-1
-3/34,0,0,-2,3,0,4,-2,1,2,4,1,8,-6,1,10,6,0,8,-14,-1,-1,-14,-12,-10,10
95/69,0,0,0,3,2,2,-1,1,0,-4,10,10,12,4,-6,-6,0,-4,-7,14,-2,-9,17,-15,-6
93/67,0,0,1,-5,4,2,-4,1,3,7,-10,6,-7,4,0,6,0,-1,0,14,7,-6,6,-1,16
-21/64,0,0,0,1,4,-5,4,1,6,4,-5,-6,6,10,-6,-2,-4,-12,2,4,-13,13,7,-7,-4
-19/60,0,0,0,-5,4,-1,-3,1,-4,-4,-7,-8,12,4,1,2,7,-10,-12,-12,-5,0,-16,-1,10
-24/61,0,0,0,-5,4,-6,4,-2,-8,0,-2,7,-9,-1,12,11,-4,-4,11,-9,-13,-8,6,-9,14
-14/267,-1,0,-2,1,6,4,-3,1,-4,-5,-9,2,0,12,-4,1,-14,-2,-7,3,7,5,-16,-8,-3
-102,1,0,-3,3,0,0,-8,1,-3,3,-1,-7,12,2,8,-14,6,-11,-12,15,8,-15,-4,-1,8
-206/3,-1,0,-3,1,-5,-5,2,0,6,0,-1,-6,0,10,0,-6,0,-2,-12,15,-14,-16,-4,5,-1
-2/89,-1,-2,3,0,0,2,-3,-2,-6,0,4,11,-4,7,-6,11,-2,13,8,4,7,-16,-8,-8,8
-7/270,0,0,0,1,0,4,6,-2,-3,-2,10,5,-9,10,0,1,4,-10,-12,7,-13,-1,-8,2,1
-3/133,0,0,2,-5,0,6,4,-2,-9,6,1,-2,-6,-4,-6,7,-4,-2,10,-12,11,-8,0,6,8
-126,1,0,1,1,2,-5,-1,-2,1,3,-4,-7,-6,10,-6,-11,-4,-8,10,13,-14,-10,-16,-1,-3
-40,0,-2,0,1,-3,6,5,-2,2,-10,-1,-10,-6,10,0,5,0,-5,-13,-15,-11,12,-3,-14,-12
70/89,-1,-2,0,1,-3,-5,-4,0,-3,-4,-4,-2,10,4,-2,0,6,-2,-8,6,4,11,-9,-8,-1
71/90,0,0,0,1,0,6,-3,0,-4,3,-4,-5,-6,8,0,-11,1,8,8,-12,7,13,4,-14,8
21/32,0,0,2,1,-5,2,5,1,6,6,-8,10,6,4,-6,0,-4,10,14,4,8,6,-4,6,-14
20/31,0,-2,0,1,-5,-5,3,1,4,10,2,-7,-9,2,1,6,13,6,-14,-15,-8,13,4,8,-12
6771/53,0,0,3,-5,0,4,5,-2,-8,5,-6,-11,12,4,-8,5,6,-13,4,9,-5,-12,14,0,-12
-21/131,0,0,2,1,6,-5,5,0,-8,4,-4,5,2,7,-6,-2,6,6,2,-5,-5,6,-9,6,1
-23/131,0,-2,2,0,-5,1,-3,1,-7,-5,1,-10,-2,-4,0,-11,-14,-4,-12,-2,7,-1,4,0,-2
-30/127,-1,0,0,-5,2,2,-4,1,-3,0,-8,-8,0,9,-3,-2,-11,0,12,-1,5,-15,7,-14,8
-18/277,-1,0,0,1,-1,0,-1,-2,-3,-5,-5,7,10,4,1,-2,0,-1,8,-9,-1,4,8,-1,-19
-17/276,0,0,-2,1,4,1,-8,1,0,-3,4,7,8,7,-8,-4,6,-1,5,-5,-11,-9,-9,-17,-18
-18/271,1,0,2,1,6,-1,4,1,-4,-2,1,-2,0,6,0,11,6,6,-14,8,-14,-10,12,-7,-6
-3/64,0,0,-3,-5,4,1,2,1,-9,3,-1,-8,-9,-4,-2,3,8,0,12,-15,0,8,4,-15,1
-109/61,0,-2,4,1,-1,4,4,1,-3,-5,4,-10,0,-4,6,1,0,-4,2,-3,-8,13,16,6,1
-73/36,0,0,3,-5,4,6,-5,1,-3,-7,-10,7,-1,6,0,-4,6,-11,12,6,-11,11,2,-7,14
76/81,0,0,4,-5,0,-5,5,1,4,-8,-10,-3,1,4,12,-11,2,10,8,7,2,11,4,9,-3
13/14,0,-2,2,-5,0,-7,1,1,-9,5,3,-6,-9,-1,7,-3,6,10,2,0,2,-16,-16,6,14
341/7,0,-2,0,-5,0,-6,2,1,2,0,-10,-2,0,-6,-8,-4,-11,6,8,-13,-6,-14,-4,-6,12
333/4,0,0,0,0,0,0,5,1,-4,-10,-4,-11,8,12,2,6,0,8,12,14,-13,2,2,18,9
335/3,0,0,0,1,0,6,-3,1,1,6,-4,10,6,4,4,1,13,-2,-5,-4,-5,15,11,-15,2
47/55,0,-2,0,1,-2,6,3,1,6,2,3,-2,-6,1,-8,11,5,1,1,-3,14,-8,-4,0,1
-54/101,1,0,4,3,2,-5,2,-2,-8,0,2,6,-5,2,-8,-11,-12,-11,4,5,-1,10,16,-7,6
-33/50,0,0,0,1,0,2,3,1,-3,6,-9,-1,10,-1,0,-9,-4,-5,8,-9,7,8,11,-7,2
-398,1,2,0,0,0,-5,-1,0,-6,-5,-5,-7,-6,-9,0,-4,-11,1,11,8,5,-16,-12,0,-9
-195,0,0,0,0,-2,-7,-4,-2,1,-5,-1,11,10,4,10,6,2,-10,8,-3,4,8,16,18,8
-202/5,-1,2,0,3,0,-1,2,1,-3,-4,3,-8,-6,4,-11,-6,-1,-7,0,14,-4,11,3,-10,3
-39,0,0,0,3,4,-7,6,1,3,3,1,6,-7,-1,-6,-2,-1,-8,16,-9,14,1,-13,5,-6
8/31,0,-2,3,-5,4,6,2,-2,-3,-2,2,10,8,7,0,6,-7,10,4,0,-1,6,12,6,14
-8/143,0,-2,1,1,-2,-2,5,-2,-8,-2,3,-7,6,0,-6,-2,2,-10,-7,4,2,-15,4,0,11
-8/141,0,0,-3,1,-3,-5,6,1,-3,-7,-5,-2,-5,7,3,-10,13,1,0,-12,7,13,16,-15,13
-7/142,0,-2,1,1,4,6,-3,-2,0,-5,-1,-3,8,8,10,6,6,-5,-12,4,-14,8,3,-15,10
8/73,0,-2,4,-5,0,2,2,-2,6,4,3,6,-1,-4,3,-9,11,-5,-2,12,-6,8,6,6,-2
7/75,0,0,0,1,-1,0,4,1,-3,-8,-1,10,12,9,-8,-9,2,4,4,5,5,0,2,6,-12
-1/29,0,2,4,1,-2,-5,1,-2,-9,-6,4,2,-3,4,1,6,-2,-5,-12,3,-9,-8,1,0,-7
-1/115,0,-2,0,1,-1,6,-3,1,0,4,2,-7,-5,4,-6,7,-1,4,6,11,-11,5,-5,1,17
-130/7,1,-2,0,-5,4,-7,-3,-2,3,-1,-1,6,12,-4,-6,6,-4,2,-8,3,8,-1,-12,6,6
-15/1163,0,0,0,1,4,-5,-1,0,-3,-3,2,-1,12,-7,1,-7,-10,-10,-8,-15,-8,13,0,3,-6
-14/1165,1,2,0,1,-2,-5,-5,1,-9,5,-9,-6,-5,-6,8,-2,6,6,5,-12,-1,-15,2,1,18
20/63,0,0,0,-5,0,1,-3,1,1,-2,-1,-2,0,-6,1,-6,4,-2,-6,-9,-6,-14,12,12,-12
22/63,1,0,1,-5,0,0,3,-2,0,4,-1,6,-6,-7,11,-12,10,-4,16,-2,2,-16,3,6,18
61/86,0,-2,2,1,0,-6,-1,1,-3,-8,-5,10,-6,-12,4,6,-9,-13,2,16,8,-11,6,-9,1
12/17,0,0,0,-5,-1,1,-2,-2,-8,0,-1,6,6,-1,6,-3,-7,-2,3,5,-9,-12,12,-6,8
11/15,0,0,0,-5,0,6,2,1,-3,6,-5,10,-9,4,0,6,4,-6,-12,6,2,5,4,-6,12
64/87,0,0,-2,-5,-1,2,5,-2,-3,-6,1,-7,12,8,7,-7,-11,6,-12,12,2,-14,-3,2,-2
63/88,0,0,2,1,-2,-5,-3,-2,-3,-4,6,5,-1,-4,1,-4,-4,1,10,-1,4,11,-11,-15,-14
-8/149,0,-2,-2,3,2,1,-6,1,-6,-1,-1,6,1,5,-8,-9,0,-4,-6,13,2,15,1,6,8
-9/149,0,0,2,1,-3,-5,5,-2,6,-4,8,-6,-6,-4,10,-6,0,-11,14,3,-13,0,-4,18,2
-6/73,1,0,2,-5,4,-1,-4,1,6,-5,-1,-1,4,-6,0,-7,1,8,4,-12,-6,0,-9,-3,8
25/13,0,2,0,3,4,-2,5,1,-3,6,-8,-5,-3,6,4,-10,-9,10,4,0,7,-14,-3,4,-8
72/35,0,0,0,-5,-2,-5,-3,-2,2,-5,10,8,-4,5,0,-6,6,10,3,-13,-11,-16,-16,-16,-18
72/37,0,-3,4,0,4,1,1,1,-3,0,3,-8,2,12,0,-9,6,-6,12,-7,-6,11,-9,-15,-12
73/39,0,0,3,1,-2,-2,4,1,2,4,-9,10,6,-7,13,-2,-7,-1,-6,-15,-11,-6,-6,10,-9
41/17,0,2,-3,1,4,6,-2,1,-4,0,8,-7,-4,-4,11,6,-4,1,-12,15,0,10,0,-8,13
10/37,1,2,0,-5,0,-5,-4,1,0,2,3,-8,-6,2,-8,-10,-2,2,-11,5,-14,4,0,-16,-6
83/777,0,0,1,-5,-3,6,2,1,3,7,-9,-8,6,10,-8,6,-13,-7,-10,-12,-10,2,0,12,18
9/95,0,-3,0,-5,2,6,-5,-2,-8,-5,-1,10,-9,-6,6,-14,-11,-11,-12,-4,-2,-4,-7,0,17
61/860,0,-2,0,1,-2,4,4,1,-8,7,-10,-2,12,-12,2,3,0,-13,5,0,6,0,6,-6,3
16/215,0,-2,0,1,6,-6,2,1,6,4,1,-2,-6,-12,-6,-4,-4,4,-2,-12,6,13,-7,18,-7
-3817,0,-2,-2,-5,0,-5,-3,1,-3,4,-9,-1,0,-4,6,0,0,4,-12,-4,-5,-8,11,-13,2
-3814/3,-1,0,-3,-5,-5,6,5,1,-3,-3,1,7,0,4,-3,3,0,8,1,5,-10,-4,8,12,2
-41/54,0,0,4,3,0,6,-4,0,-3,5,-5,-2,-4,12,0,0,-1,10,8,15,11,5,10,1,10
-2/367,1,2,1,-5,4,-5,-1,1,6,-4,10,10,-6,-1,-8,-2,0,5,-2,14,1,-4,4,-1,-9
-1/732,0,0,3,-5,0,1,3,-2,2,-2,-9,2,-9,10,10,6,10,-4,-13,6,-7,-16,6,-7,14
-7/733,0,-2,4,1,6,-1,2,1,6,10,-9,8,7,-6,-6,6,-1,-12,8,-6,2,-10,-4,1,-14
-11/1467,0,0,2,1,0,6,-3,1,-6,9,-6,6,-3,9,1,6,0,1,-14,-9,2,-7,-4,-12,13
2/161,1,2,3,-5,4,1,-3,1,0,4,-8,-2,0,6,-2,-3,6,-4,-3,14,-9,12,3,0,9
-1/162,0,0,0,1,-3,0,5,-2,-4,-5,-1,6,12,-1,-6,-3,6,10,2,-15,-6,15,2,-9,9
123/5,0,0,0,-5,4,-1,5,-2,-4,9,6,-3,-4,8,1,-2,0,-10,4,8,-4,13,-3,9,17
245/11,0,2,0,1,-2,2,-3,1,-6,-5,3,6,7,5,-6,1,13,-4,11,-12,7,-6,12,-6,-8
241/13,0,2,3,-5,4,-2,6,0,-3,2,-5,-5,4,4,-2,6,-14,-10,-10,-12,-6,10,-4,-6,16
-6/197,1,0,0,0,2,2,-3,-2,-9,4,-1,10,-1,1,-6,-9,2,-6,-14,-4,7,-6,6,-6,-14
-3/197,0,0,2,-5,-2,-5,5,1,-8,6,3,-7,7,-10,-11,-11,-5,-7,5,-12,7,5,-4,3,8
-8/99,0,0,-2,1,-2,6,2,-2,1,0,-5,10,-6,-4,0,-2,-4,-5,4,8,-10,1,4,-8,-1
-11/196,0,2,2,-5,0,0,6,-2,-3,3,-6,7,-3,6,0,-14,-10,10,-10,13,-4,-14,12,12,2
-5/467,0,-2,0,1,6,-5,-1,-2,-9,-5,-9,-2,-2,12,-2,-2,0,8,-5,10,-11,-6,-3,6,-18
-4/469,0,-2,2,-5,-5,-1,2,-2,-4,-4,1,-7,-6,-6,-1,-2,-2,-6,0,-12,11,-8,0,-6,8
-6/469,1,0,2,-5,4,6,-3,0,3,6,-1,-5,0,1,12,-2,-2,4,0,8,7,-4,14,-2,12
-6/179,-1,0,0,1,0,0,2,1,-3,6,1,8,6,-10,13,-7,6,10,-2,6,-11,10,3,-7,-5
-17/539,0,-2,-2,-5,-2,-5,-8,-2,-9,0,-9,-2,-5,10,-6,-14,-1,-11,-4,0,-13,0,12,5,-3
-7/305,0,2,0,1,2,2,1,1,6,6,-1,-6,-1,4,8,-2,-7,-4,8,-9,4,-16,3,-14,-13
-1/152,0,2,-3,-5,2,2,4,-2,6,-2,-8,-7,-3,7,0,-6,-13,2,4,6,12,11,4,-10,8
-11/302,0,-2,3,3,0,-5,1,1,0,4,-9,6,-7,-9,-10,-14,9,13,12,-4,4,-15,-4,10,8
-5/151,0,2,0,-5,0,2,5,1,1,-2,-5,5,0,4,0,7,0,-3,-3,-15,1,-6,-4,-1,1
2/153,1,0,2,-5,0,-5,-2,1,-8,6,1,-6,-1,-6,-6,-3,-1,-13,14,15,14,1,12,0,1
1/77,0,-2,0,-5,-2,6,-6,0,-8,-8,-4,-7,6,-10,7,6,8,-10,-3,10,-2,12,6,-12,2
-193/2,0,2,0,-5,0,2,2,1,3,-4,3,5,1,7,0,3,-4,-13,11,-8,-1,-7,-4,-12,5
-193,0,-2,3,3,4,0,5,1,4,10,-2,6,-6,-2,-8,3,-4,8,10,8,10,5,10,-6,8
-127,0,-2,-3,1,4,1,-4,1,3,-10,-4,-2,0,4,8,-11,-5,-13,2,-2,6,6,4,10,8
-137,0,2,0,3,2,-6,3,1,-3,-5,10,10,0,6,-1,-9,7,-1,-11,3,7,10,8,2,-12
-277/3,0,0,0,0,-2,1,-3,1,-3,3,3,-1,-6,12,-2,-6,4,-4,-11,15,-9,6,14,-3,10
-274/3,1,0,2,1,-3,-5,2,-2,-6,6,3,-3,-6,4,1,11,0,8,8,-4,11,-10,8,2,-18
-90,-1,-3,0,0,0,2,6,1,6,-8,3,-2,-2,-3,-1,6,2,10,2,0,14,5,-4,-9,-6
-12/395,0,0,0,3,-5,-5,2,-2,-4,0,8,8,8,4,1,-4,7,13,0,-3,-13,-8,-9,18,16
-5/198,0,0,0,0,-2,6,5,1,-8,4,-4,10,-4,-6,0,6,-9,-11,1,-12,4,-15,-4,-2,6
2/79,-1,-2,0,0,-5,0,5,-2,4,6,-1,-6,0,-12,-7,-6,4,8,4,-3,0,-8,4,-14,2
-4/235,0,-2,0,1,6,-1,1,-2,-3,-10,8,-1,-3,-6,3,-2,6,10,-14,-9,-4,0,-4,9,-6
-3/118,0,0,1,3,-5,2,2,1,-4,9,4,2,-6,-12,0,5,10,10,4,13,14,5,3,-14,18
-303,0,0,-2,-5,4,-1,2,0,-9,4,2,-6,6,-2,-4,-3,-4,2,-12,0,11,6,8,3,-12
-207/4,0,0,2,1,2,2,6,-2,-7,0,10,10,6,4,0,1,6,0,-12,-3,-8,1,12,8,12
-1/391,0,-2,2,0,0,6,-2,1,0,-7,-9,10,0,-9,0,-2,-4,-7,-14,-13,11,-11,4,18,-2
-5/388,0,2,0,3,-1,-1,-3,1,-8,-10,-8,-5,-6,4,-6,-12,6,-6,14,-1,2,-6,12,-6,4
-3/266,0,0,2,-5,-3,-6,-4,-2,-8,4,-5,2,1,2,6,11,0,2,-14,10,-2,5,12,3,-2
-73/62,0,2,4,3,6,6,5,1,-8,-10,2,-2,-6,-12,8,-2,-11,-10,16,13,-11,-1,-3,6,13
-34/31,1,-2,0,-5,2,2,-8,-2,-3,-5,2,10,4,-4,-6,6,6,-12,-13,-9,2,-1,2,8,-9
-76/65,0,2,0,-5,6,-2,2,1,-9,3,4,6,-1,4,2,6,0,-10,4,-5,2,13,-16,6,2
-73/64,0,-2,3,-5,0,-5,2,-2,6,-5,1,10,6,-6,-1,1,11,-8,-12,-15,-11,1,-6,12,12
-945/4,0,0,0,1,-2,2,-5,1,3,5,-10,-3,6,7,1,6,4,-5,8,14,-16,-14,1,3,-14
-949/3,0,0,2,0,6,-7,4,-2,-8,6,-10,6,-9,10,0,-4,0,-1,-12,-2,-11,4,7,-13,-6
187/9,0,0,3,1,0,0,-8,1,6,-3,2,6,-9,8,-4,10,-4,10,-8,3,-8,-6,12,-6,-7
-473/2,0,-2,2,-5,0,-5,-1,0,-3,10,-9,-8,-4,-1,3,-6,-4,8,8,10,6,1,16,18,14
-945,0,0,0,1,-5,-5,1,1,-8,-5,4,-2,-9,-6,-8,10,4,4,6,-12,-6,-16,2,12,-2
19/35,0,-2,0,-5,-3,-5,-6,1,-3,-5,-4,-7,-1,10,-6,-6,2,-4,-14,-9,-7,11,8,-6,8
36/67,0,0,-2,1,-2,-5,5,1,-3,-2,2,-5,-6,1,-10,1,0,1,0,0,-10,-16,12,12,-12
34/65,1,-2,0,3,6,-2,-8,1,-8,0,2,-7,-9,-4,0,7,6,-7,4,-3,11,-8,-1,6,-12
37/65,0,-2,0,0,4,-2,3,-2,6,-8,-6,-11,-3,12,0,-12,6,0,8,8,-6,-16,2,-8,-18
32/65,0,2,0,1,-5,-2,6,1,-3,-5,-8,-2,2,8,0,-6,-7,13,5,12,6,4,6,-16,8
-5/183,0,0,0,1,-3,-5,2,-2,-3,6,3,-2,-6,1,2,-6,11,-4,11,10,-5,-16,8,-9,7
-8/1467,0,0,2,-5,0,-5,6,-2,-4,7,-2,-8,10,8,-6,1,0,8,-2,-12,-13,-15,7,9,-1
-17/2932,0,2,1,3,6,-5,-8,-2,3,-2,10,-1,-9,-7,-2,0,-3,-4,-11,-9,-1,8,-9,-9,18
-2/417,-1,0,1,3,-1,4,-3,1,3,9,-1,-7,-4,4,-11,-4,-4,-10,-2,13,11,4,12,-12,8
1/417,0,0,2,1,6,2,-6,1,6,-5,-1,2,1,4,8,-3,-11,1,2,4,-16,0,-4,12,-9
-1/489,0,0,0,0,-1,-5,-3,1,-9,6,-5,5,-6,12,-8,-9,0,0,-3,13,-4,10,-15,0,-5
-5/732,0,0,0,-5,-5,0,6,1,3,7,3,5,0,4,-8,-2,-7,-4,12,4,14,4,-4,-2,11
-4/733,0,-2,-3,1,-5,6,5,-2,-3,3,6,11,8,-2,4,-10,-14,-8,12,0,12,11,-4,-1,12
84/17,0,0,0,1,-2,-5,-2,1,-3,6,-7,10,-6,-4,-11,-11,6,-3,12,14,4,-8,-13,-4,13
-91,0,-2,2,1,0,-7,5,1,-3,-2,-6,-7,8,4,-7,-3,10,4,-12,-15,-2,9,1,-6,14
-187/5,0,2,0,1,0,6,-8,1,0,0,6,10,6,4,11,-7,6,-3,-12,0,7,-12,8,-1,-14
-188,0,2,-3,0,6,6,3,1,-9,6,-4,-10,-6,2,-8,-10,0,-13,3,6,-2,-8,0,6,14
-17/599,0,-2,2,0,-5,-1,-8,1,2,6,-1,-11,-3,4,0,6,4,-8,4,14,-10,10,0,-12,8
-49/1796,0,2,4,1,-1,-5,5,1,6,10,-5,6,-6,6,0,6,-14,10,12,-9,-6,10,2,0,-2
-22/1163,-1,2,4,1,0,-5,-4,1,-6,-5,10,-1,-5,-9,0,-2,-11,2,-13,7,6,0,0,-15,2
-21/1165,0,0,0,1,6,6,-4,1,-8,3,-10,-2,1,2,-6,4,-7,-1,-12,7,-6,-5,-4,3,3
84/773,0,0,-2,1,2,2,-6,1,2,0,-1,-5,0,4,-1,-3,-14,13,-3,6,-6,4,-3,-12,-10
-1/270,0,0,0,-5,0,-1,-4,-2,0,4,2,-5,-4,-4,-1,4,-13,8,12,3,-4,9,-11,1,10
12/109,0,0,3,3,6,-5,-4,1,-8,3,-2,-1,-6,12,-3,-14,-4,-1,-10,3,0,-10,3,12,8
8/55,0,-2,0,1,-2,6,-6,1,2,6,-8,-2,-3,9,2,-14,6,-10,2,-15,-7,4,0,-8,12
3/26,0,0,2,1,0,-2,-5,-2,-3,0,10,-6,6,9,4,7,6,6,3,0,-2,-8,6,18,7
-80/21,0,0,0,-5,-2,1,2,-2,-8,10,-1,-2,-5,12,13,6,4,2,6,14,4,-16,9,0,2
-80/19,0,2,0,-5,-5,-5,5,-2,-4,-5,8,-7,7,-9,0,1,-2,0,1,6,2,-8,4,-1,14
-2/347,1,-2,2,3,4,6,1,-2,-4,-7,1,-2,2,7,-4,-2,0,1,12,-3,-13,-15,4,6,18
-1/231,0,0,1,-5,-2,-1,2,1,-4,4,3,-8,-1,12,-8,-2,6,2,-10,6,11,11,12,0,3
-1/697,0,-2,2,-5,0,-5,-2,1,-3,0,-6,-1,6,-10,12,-11,-4,8,-6,-5,-2,-4,2,6,17
-1/699,0,0,2,0,0,-1,-3,1,-3,3,-1,-6,6,-3,-6,-4,-10,1,-12,4,-11,13,-4,10,2
3/229,0,0,3,1,-3,0,5,-2,-4,0,-1,10,-5,5,0,-9,1,5,-5,-12,-16,-8,-6,-1,14
1/693,0,0,3,-5,-2,2,-3,-2,6,3,8,10,10,-1,-6,-10,-2,2,-14,6,-6,-8,-7,-17,-6
4/519,0,0,0,-5,-1,-1,-3,-2,6,-10,0,-8,-4,6,4,6,0,13,5,15,-8,-6,-3,1,-4
-1/520,0,-2,0,3,4,-2,2,1,6,6,-5,10,-3,-9,-11,6,-4,6,4,-3,-13,-6,6,-12,17
-2/261,-1,0,3,1,0,4,5,1,-8,-6,2,7,-3,7,-6,-2,0,2,-10,-12,-16,10,6,-6,-2
2/831,-1,0,2,1,-3,4,3,-2,-6,2,1,10,-4,4,-7,1,-12,-7,-3,5,-6,-8,12,6,-2
3/833,0,0,0,-5,6,1,-2,1,-9,-2,2,-1,6,-10,0,4,-4,4,2,15,2,10,11,-17,12
-1/835,0,-2,0,3,-5,-5,-3,0,-3,-4,4,10,-4,12,-10,-6,-4,-7,-10,-6,2,11,-10,12,6
-3/835,0,0,0,1,-2,6,1,-2,-6,6,8,-2,6,8,-6,1,0,13,16,6,-11,10,-3,-10,-10
1/418,0,2,3,3,-2,6,6,-2,2,-5,-4,11,-5,-4,0,-2,6,-1,4,0,11,10,-4,-3,3
-3/1043,0,0,1,-5,4,6,-3,-2,4,5,-1,2,-3,12,-11,-9,-7,8,2,5,-5,-8,0,-15,-12
4/1041,0,0,1,-5,6,-5,4,1,-6,-10,-1,5,-1,-4,8,11,6,10,8,14,-2,5,5,0,8
3/1036,0,0,-3,-5,4,-1,2,1,-8,-2,-5,-8,-5,4,0,-11,-4,-6,-4,3,10,-14,-16,18,2
-17/155,0,-2,0,-5,4,-5,-8,-2,-4,6,2,-11,-1,-6,-3,-2,2,-10,4,15,-5,-10,-16,-15,-12
-16/155,0,2,0,-5,2,1,-4,0,6,10,2,-2,6,-4,11,-14,9,6,-8,-3,-2,-14,15,10,-4
-12/473,0,0,4,-5,-2,-5,-3,1,-3,-10,-1,-7,-2,-12,-6,1,-4,13,-11,7,-13,-6,-15,2,8
-11/476,0,-2,2,-5,0,2,-2,1,6,4,1,-2,-3,-4,12,-9,6,1,10,-1,-2,-9,-4,-17,0
-1/476,0,2,1,-5,4,-5,-2,1,6,-5,-1,-2,-6,-7,8,-3,4,-13,11,0,4,12,12,-6,0
-2/477,-1,0,1,-5,4,6,5,1,6,4,-5,-5,-7,8,10,5,10,-7,4,-12,-2,0,-3,5,8
-15/322,0,0,0,-5,2,-5,5,1,0,-3,-1,6,2,6,-3,3,4,4,4,4,-7,5,-3,-10,-8
-3/161,0,0,0,-5,0,0,-5,1,0,-1,0,2,-6,-12,0,-2,-13,10,8,15,-1,8,-9,10,1
-633/2,0,0,4,1,0,0,5,1,-8,-5,-5,6,8,-4,0,6,1,-10,8,4,12,12,3,-6,6
-635/3,0,0,0,3,-5,-5,5,-2,-8,4,-9,6,-9,-9,8,6,4,5,-10,6,14,8,-6,0,2
-212,0,2,0,-5,0,-1,-4,1,6,7,-5,-5,-3,10,0,-10,-12,10,4,2,-6,8,-15,12,-14
-951/2,0,0,-3,-5,-2,6,-4,1,-9,5,-5,-11,0,-10,-6,6,-13,1,-13,-4,1,11,-4,-17,-6
-475/3,0,0,0,-5,-2,0,-5,1,6,-4,2,10,-2,7,8,3,4,-7,8,-15,12,4,-7,6,-3
-103,0,-2,-2,1,4,2,3,-2,1,9,-8,-2,6,-1,-6,1,-11,-10,5,-15,-2,10,-7,18,14
-152,0,2,-3,1,-1,-5,4,1,-3,6,3,5,-6,4,0,9,-7,4,-2,-12,-10,5,-3,-15,11
-10/449,-1,2,0,-5,4,-6,4,1,-8,7,-1,6,-6,-1,-6,6,5,0,-10,-2,6,-10,8,3,-18
-13/449,0,2,0,0,-5,-7,2,-2,-4,-8,-9,11,0,12,0,-2,6,2,11,5,-7,-12,14,8,-6
-51/1793,0,0,3,-5,-2,6,-8,1,-3,4,-10,-10,0,4,-2,1,-13,-11,4,13,-1,-6,-16,6,-14
-1/117,0,0,-2,-5,-2,-2,-4,1,3,0,-5,-1,-9,-6,4,-10,0,-10,11,5,10,12,0,12,2
-128/7,0,2,4,-5,6,-5,-5,-2,6,3,-9,-11,-1,4,3,0,0,8,8,-1,-1,13,4,-16,-3
-129/7,0,0,2,-5,-1,0,4,1,-8,2,8,-2,-6,-1,-8,-2,9,0,-4,10,-13,11,8,-3,10
-58/3,1,0,2,-5,6,4,-4,1,-9,-10,-1,-6,6,4,-8,6,-1,10,10,8,-9,11,4,-7,-2
1/351,0,0,2,0,6,-2,2,-2,0,10,-4,6,6,4,-6,-2,0,-13,4,8,10,-8,-1,-14,3
1/349,0,2,1,1,4,-6,-6,-2,2,4,-10,10,-7,-1,10,0,-4,1,1,14,-6,-6,-13,-12,8
737/29,0,2,2,1,0,1,-4,-2,0,-6,10,-2,-3,-6,10,-6,0,-6,-5,-9,-10,-15,12,-3,10
18/157,1,-3,1,1,2,-5,-3,1,3,4,-5,10,2,8,0,-2,4,-13,-13,-1,10,-10,-16,5,-7
82/785,1,-2,0,-5,-3,-6,3,0,1,-5,-6,8,-4,2,0,5,6,-1,4,8,-7,6,-4,6,2
81/788,0,0,-3,0,6,0,2,1,6,6,3,-8,8,9,8,-6,-10,-8,-12,12,-14,8,-6,10,-1
13/99,0,0,-3,1,-2,-7,1,1,-3,-10,-4,10,6,-6,-8,3,9,6,-5,4,-8,0,4,10,3
11/98,0,2,3,-5,0,-1,-1,-2,-8,4,-9,10,-3,-1,-6,-2,-13,-6,2,8,-14,11,4,-1,10
49/391,0,2,2,1,6,2,-2,0,0,-10,-1,11,-3,1,0,4,-4,2,4,-4,8,1,4,-12,-2
22/193,-1,2,1,1,0,0,5,0,-3,0,3,-8,-6,10,-8,6,0,8,-7,0,-5,12,-7,4,2
11/95,0,2,0,0,0,-6,-3,-2,-9,-4,-8,-10,-5,-4,7,0,-4,8,8,-9,-8,10,-16,-1,2
21/193,0,0,-2,1,0,-1,6,-2,6,-3,3,6,-4,-6,0,-10,4,-8,4,9,-13,-16,10,-12,3
7/65,0,-2,0,1,-3,-2,-4,1,0,4,1,-6,-7,-7,-7,-7,-9,-6,-12,-1,-5,12,-16,0,12
5/48,0,0,0,1,-3,0,-3,-2,4,3,-2,-11,-4,-6,12,0,-2,-1,-14,2,-1,-10,7,1,-9
13/134,0,-2,3,1,-5,-7,-6,-2,4,-5,1,10,-1,4,0,-2,0,-8,0,6,-9,-1,16,-15,-14
16/135,0,0,0,0,0,4,4,1,6,10,-2,10,2,-6,1,6,0,-11,5,-3,-1,5,4,-12,-14
7/67,0,2,4,1,4,2,-1,-2,6,-2,-1,7,-6,4,0,-2,8,-7,0,13,0,5,-9,10,12
-1/388,0,-2,-3,1,4,6,-5,-2,6,0,-4,10,4,10,-6,6,-13,-11,1,2,6,-9,-16,2,4
1/385,0,2,0,-5,-2,-5,2,1,-9,4,3,-2,-6,8,0,3,7,-7,4,-9,0,6,8,4,-2
-5/387,0,0,0,0,-2,-6,2,1,3,3,1,-6,-7,-12,-6,1,0,-5,12,12,12,8,14,10,-12
-3/385,0,0,0,-5,-2,4,-4,-2,1,-2,-9,-7,4,1,-11,-6,6,-3,-8,6,5,2,-4,-14,8
-4/133,0,-2,-3,-5,4,1,1,-2,6,10,3,-7,6,10,-8,-2,-4,-3,11,-9,14,-16,-7,-17,2
-3/35,0,0,0,-5,-3,-5,2,0,-8,3,2,-7,12,4,-8,10,-3,6,8,0,-13,12,3,-8,10
-11/105,0,0,0,-5,0,0,-6,1,6,4,3,-2,-6,-1,-8,-9,0,-2,-4,-15,-2,13,4,-1,6
-5/152,0,-2,0,1,0,4,2,-2,-8,7,3,-2,-6,7,-6,-2,6,-2,4,-15,7,-10,12,18,17
-2/155,1,-2,0,-5,0,0,3,1,6,2,2,-2,2,4,4,-2,-4,-3,-14,-12,-5,12,-3,-15,-7
1/67,0,2,2,1,-5,6,3,1,3,9,-7,-2,-4,4,10,3,-3,8,0,8,12,10,3,6,11
-5/278,0,-2,0,1,-1,6,-6,-2,-3,-1,-5,11,0,-9,1,2,10,10,12,-5,-5,-8,-12,-7,2
-4/559,0,-2,1,-5,-1,-2,-6,1,2,3,-9,7,3,-12,-3,10,-12,13,-14,-9,11,0,-3,-9,3
-5/351,0,0,0,1,4,-2,5,-2,-8,-5,0,-5,-9,6,11,-10,2,2,-10,3,-5,-4,0,-6,8
-1/351,0,0,1,1,-5,-2,2,1,-9,3,3,10,6,-4,13,6,-1,-8,-2,-3,-6,4,6,6,12
1/174,0,0,1,1,4,-5,-3,-2,-6,-6,10,-5,0,-2,4,1,0,-1,-6,8,7,-5,12,-2,2
2/347,-1,2,0,-5,-3,-6,-1,1,-3,-1,-8,-5,7,9,0,-9,-7,10,4,8,-13,-8,0,-14,1
1/697,0,2,-2,1,-2,-5,-2,-2,6,4,-4,-1,6,0,0,2,6,-12,-4,-5,14,-1,-16,-7,-18
2/473,1,2,1,-5,-2,1,2,1,-3,-8,-1,-7,2,-12,13,-4,-2,13,-10,4,12,-7,-7,-12,-6
1/236,0,-2,0,3,0,6,-3,1,0,6,10,-2,-5,-2,2,6,10,8,5,-12,-2,8,2,-6,8
-4/57,0,0,2,3,0,6,2,-2,6,-2,2,-7,10,-12,6,0,-2,10,-10,-15,-2,13,-4,9,-3
-3/58,0,0,2,1,6,-6,-6,1,-8,-6,-2,-2,-5,-6,-1,6,5,10,12,-9,8,-9,12,-14,-6
2/237,1,0,4,-5,-3,-5,5,1,-4,-5,-4,-5,-6,-1,2,-12,-2,-7,-12,0,-13,-8,6,-7,-14
-12/397,0,0,1,1,6,0,5,1,-8,4,-6,-5,2,8,-2,-10,6,1,4,8,2,6,10,12,-1
-5/197,0,-2,0,1,4,-5,-3,1,1,-2,-1,-2,6,-6,0,6,4,-13,0,-1,4,-12,-16,-12,2
-6/199,-1,0,4,-5,4,-5,-3,1,6,4,-8,2,-6,4,-6,6,0,1,10,-15,-16,4,12,-1,-12
118,-1,2,3,1,0,2,3,1,-8,-7,-7,10,-5,-9,-8,0,-12,-8,5,-9,-1,12,-1,1,12
-4/437,0,2,-2,0,4,-6,5,-2,0,-1,-5,11,-6,0,10,6,9,13,2,3,-6,-9,12,6,-10
-2/217,-1,2,1,-5,0,6,-4,-2,-3,-2,2,-6,-3,10,0,6,6,1,8,-15,-16,-14,3,2,12
-49/95,0,2,0,1,-3,-5,1,-2,-4,-5,-1,-5,-6,7,0,6,6,2,8,3,7,6,6,-6,8
-47/97,0,2,1,-5,4,1,-5,1,-3,-2,-9,-1,6,2,-8,6,-5,-6,5,-12,10,13,-7,18,4
63/20,0,-3,0,1,4,-1,-3,1,6,6,-1,-2,-6,-6,-3,-2,6,0,0,8,-7,-16,12,18,8
1/485,0,-2,0,-5,-5,2,-6,1,1,-10,-1,-6,0,-6,3,2,-5,-11,4,4,11,15,2,-14,4
-1/485,0,2,0,3,6,1,5,-2,3,4,8,-7,1,-4,0,-11,11,2,-2,0,-4,4,1,6,4
-4/463,0,-2,2,3,4,-6,3,-2,4,-2,-6,6,0,4,8,-4,0,-1,5,-3,-10,-6,-4,-14,-5
-9/467,0,0,-3,0,4,-1,4,-2,6,-8,3,6,-7,1,-7,-6,9,-3,4,11,-1,-15,17,-6,5
-10/463,1,-2,0,-5,-5,0,-5,1,1,10,-5,-2,1,-6,-6,-2,-4,1,1,-4,-13,5,-4,-9,7
-3/466,0,0,2,0,-1,-5,-6,-2,3,9,-4,-2,6,-4,0,-12,-14,10,12,16,-10,-9,4,-12,-3
-4/153,0,0,3,-5,-3,2,-2,1,1,3,-6,2,-3,8,-11,3,0,1,16,3,11,-8,4,5,-14
-4/937,0,-2,-2,-5,0,-1,5,1,-6,-4,-9,-8,4,-4,0,7,11,-8,11,8,0,-6,6,12,14
-1/941,0,2,2,1,0,-5,2,-2,1,7,-1,-6,12,-1,-8,-6,-1,8,-11,6,2,-9,16,-15,-9
10/101,1,-2,0,0,4,2,1,1,-9,0,-5,7,-9,9,-6,-6,0,-1,8,-12,-5,-7,12,18,-3
10/99,-1,0,0,3,-2,4,-3,1,6,-2,3,-6,3,-7,4,-2,-11,-10,4,-6,11,1,17,-6,-12
4/21,0,0,1,-5,4,6,4,1,-8,3,3,-7,6,6,0,-11,5,1,-11,-12,0,-4,-3,12,-3
3/97,0,0,1,-5,-3,6,-3,-2,-9,0,-2,10,-2,-12,2,-3,-12,-13,-3,0,2,11,-4,-3,4
11/392,0,2,-2,-5,0,6,5,1,3,6,1,-5,-4,7,-2,-6,-11,-7,11,-15,10,-8,1,18,-18
5/131,0,2,0,0,2,-5,3,-2,-9,10,-1,-6,6,0,0,-11,-14,-3,-12,0,4,-10,7,-6,12
15/391,0,0,0,1,0,0,-2,-2,0,0,-1,-1,10,-10,2,-2,-2,2,5,14,7,8,6,0,-12
9/391,0,0,1,-5,4,-1,-2,1,0,4,2,10,1,-1,4,3,-4,-2,-10,-3,-14,-8,10,-6,12
4/49,0,2,4,-5,-2,1,5,1,-3,-4,-1,-7,12,9,4,0,10,-11,4,-9,12,8,-16,1,8
1/25,0,2,0,1,-3,6,5,1,1,6,-5,-2,2,12,13,6,-13,-8,-14,5,-10,-4,10,2,13
-45/73,0,0,0,1,-2,-1,-3,1,2,-8,1,-2,-6,4,-3,-9,0,-10,4,4,-6,1,14,0,-18
4/1403,0,-2,3,1,0,-1,-3,1,0,5,4,10,-6,-9,-2,-3,-11,-4,4,6,-2,-14,4,-1,-12
1/702,0,0,0,-5,4,-2,1,1,6,-4,-1,7,-2,4,-11,-6,9,2,2,0,-1,8,0,1,-18
-687/5,0,0,0,-5,6,1,-6,-2,-9,-2,1,10,-7,-1,1,-9,6,-1,-3,-9,-10,5,9,-8,3
-685/2,0,2,0,-5,-3,0,-5,1,4,7,-1,-7,1,1,4,-6,2,-12,4,-7,-4,6,3,-16,9
-1/70,0,-2,0,-5,0,-5,-3,1,-4,-5,-9,-6,-3,6,4,6,6,-1,-11,2,0,5,1,18,11
-1/279,0,0,4,0,0,0,6,1,-3,-5,2,-11,-5,4,-11,-12,0,-12,8,-4,-1,1,8,-12,-10
5/283,0,-2,0,-5,-1,6,-6,-2,0,7,-5,10,8,-1,12,-3,0,-6,12,3,5,-4,2,-8,-2
1/279,0,0,1,1,-2,4,2,-2,6,0,2,10,-6,-2,-11,3,-9,8,-14,0,0,-10,4,-1,8
4/277,0,2,0,0,-1,2,5,1,0,6,-4,6,6,8,-6,6,-13,4,6,15,-5,-14,9,-6,-10
1/1125,0,0,0,3,-3,0,-5,1,3,-3,2,-2,6,4,-11,-2,-11,-7,-12,-1,14,8,0,2,8
-3/1121,0,0,3,-5,-2,6,2,-2,1,0,10,-6,8,10,1,1,10,1,4,-4,14,-16,-16,-1,17
-1/1120,0,-2,0,-5,2,-6,-4,0,6,-5,1,10,-7,8,12,-3,0,-11,6,15,4,-1,12,6,14
1/1119,0,0,1,1,4,2,5,1,-4,-5,-8,5,-3,-6,-4,10,-4,10,-3,6,-13,6,2,-3,2
-4/565,0,-2,0,1,6,-5,3,1,-3,-5,-9,10,-6,7,-6,0,6,-2,14,6,-2,4,2,-12,2
-1/293,0,2,3,0,-2,4,-3,-2,0,3,3,-7,-3,2,0,6,-14,-13,10,4,1,10,3,1,-13
-5/589,0,2,0,1,-5,0,5,-2,-8,6,2,2,0,8,0,6,4,8,14,-12,1,2,6,-17,-18
-4/589,0,-2,2,3,-2,6,6,-2,-8,-4,2,2,-6,4,1,6,6,1,-10,-3,-2,8,4,3,-3
-10/581,-1,2,0,-5,4,-1,-3,1,2,3,-5,10,-7,1,-11,-7,-4,8,4,-9,-5,6,-16,0,-7
-4/197,0,2,3,3,-3,4,2,-2,-3,7,-7,-8,12,2,4,-2,-4,-7,12,-3,5,-14,1,-3,-1
1/138,0,0,0,3,-1,-5,-4,1,0,-2,-1,10,-1,0,-11,-7,5,-10,-14,8,7,4,16,6,7
-2/139,1,2,3,1,2,6,2,1,-8,10,-10,6,-6,-6,2,6,2,2,3,-7,14,8,16,-14,-2
-1/94,0,-2,4,1,0,-5,5,0,3,-2,1,-11,-6,8,3,-2,-4,13,-6,-3,-16,10,14,-14,1
-1274/9,-1,0,2,1,6,-7,-6,1,-4,-8,1,11,0,4,0,1,-12,0,8,-9,-1,-9,4,-1,-9
-4459/31,0,-2,0,1,-1,-7,-3,-2,-3,-10,2,-10,12,0,-3,-9,6,-10,2,-5,7,-10,-6,-8,2
-4456/29,0,2,0,3,-2,2,2,1,-3,-6,-9,10,6,2,0,10,5,2,8,0,2,9,0,6,10
-4460/31,0,2,0,1,0,-5,-6,1,2,5,2,-6,-5,10,13,6,6,2,2,3,2,-14,-16,-12,2
-2227/12,0,0,1,-5,2,-5,-8,1,6,6,3,-2,6,4,3,-9,6,-2,4,-4,-8,-14,14,-6,1
-2230/13,1,-2,0,-5,4,-2,2,-2,-6,-1,-2,-7,-3,-6,4,6,0,-10,-7,7,-11,-15,1,0,-6
-2228/11,0,-2,0,3,-2,-1,2,-2,-8,4,6,-1,-5,-9,0,1,6,2,-14,12,-2,-15,16,-10,13
-4465/31,0,-2,0,-5,4,-5,5,1,4,6,2,6,6,10,-8,1,0,1,2,0,14,8,12,10,2
-1115/7,0,2,0,-5,-5,-6,4,1,-3,2,-5,-1,-3,-4,3,-4,-4,-2,3,4,-4,-12,3,6,-6
-371/2,0,-2,0,1,4,1,-1,-2,6,5,4,10,12,12,-4,-10,-2,6,-2,4,-13,-6,4,-12,-12
-4466/27,1,0,2,1,0,-6,-4,-2,-4,-10,4,-5,8,2,10,-2,7,-13,3,3,-4,8,0,6,-2
-1487/10,0,2,0,1,-1,-6,-5,1,6,-4,-4,-2,3,-10,0,-7,-10,10,-14,2,-5,13,15,-3,3
-895/4,0,-2,0,1,6,6,-1,1,1,4,2,2,-6,4,0,6,10,-1,-14,6,4,13,14,-1,2
-446/3,-1,0,3,3,0,1,-1,1,-4,-4,-9,-11,-4,4,-6,6,0,10,-12,-4,2,-1,4,1,-2
-297/2,0,0,2,1,0,2,-3,-2,-3,4,-1,10,-5,4,-11,-4,4,-13,11,6,14,-8,0,-6,9
-5/703,0,2,0,3,4,-5,-6,-2,1,7,4,-8,1,-7,-4,-9,0,-6,-3,-3,0,8,12,5,8
-1/175,0,-2,0,-5,-5,0,-1,-2,6,0,8,2,7,-7,-3,6,-14,-5,-2,2,-9,-6,14,-6,12
-4/349,0,-2,1,-5,4,0,-4,-2,-4,-2,0,-7,-2,-4,0,-7,0,-4,4,-7,-2,6,-16,-15,8
-3/350,0,0,0,-5,4,1,5,1,0,9,1,10,-9,8,4,-6,6,-13,0,6,8,-14,6,6,-10
-2/119,1,-2,2,-5,-5,6,-2,-2,3,0,10,-7,12,-1,-10,6,6,-5,0,-12,6,4,2,-7,17
-3/233,0,0,2,1,-3,1,-3,-2,-4,-8,-7,-6,6,8,0,-3,0,6,-12,-6,-9,-14,-16,-1,-12
24/193,0,0,3,1,-3,2,-3,1,6,6,1,-2,-9,4,-2,-3,-9,-7,-11,4,8,10,8,12,8
8/49,0,-2,2,-5,2,-6,-3,1,6,-5,-4,10,-6,6,-1,-6,-9,6,2,3,4,-5,-16,-14,-6
12/97,0,0,4,1,4,0,4,1,3,6,3,-2,8,2,-1,-12,-5,2,-10,3,-8,12,6,0,4
95/781,0,-2,0,0,-2,-5,1,1,-4,-2,-8,5,0,-9,1,11,-9,-3,8,4,1,11,14,-15,10
25/197,0,-2,0,-5,0,-6,5,1,-3,7,-1,7,-7,-6,-6,6,6,2,2,4,14,-15,6,6,8
23/196,0,-2,0,-5,4,2,6,-2,-7,-4,-2,6,-7,6,0,-3,-1,-3,-2,6,1,10,-16,-15,-2
19/128,0,-2,-3,1,0,2,-3,1,-3,-2,-4,-8,-6,0,1,-4,-2,-12,10,-12,-8,0,4,-12,-7
12/127,0,0,4,-5,-1,-1,-1,-2,-3,0,-10,-5,3,4,-4,1,-2,-7,-13,8,2,-11,6,-8,-5
47/389,0,2,-3,3,0,-5,-6,0,3,4,-8,-7,-4,4,-8,-3,-14,-2,-14,13,-9,-14,-16,-14,2
41/392,0,2,-3,-5,0,2,1,1,6,-3,4,-2,-4,5,-3,9,-4,6,5,-15,2,12,0,-16,18
44/393,0,0,-2,1,0,-6,2,1,-4,10,-1,10,-5,-10,-2,-6,6,4,-3,-6,12,-8,-16,6,8
47/391,0,-2,2,1,2,-5,-2,1,0,6,-5,-8,-5,-6,-8,-7,6,-6,-7,16,1,-14,-3,-12,-13
52/389,0,-2,3,1,-1,-7,-3,-2,-4,3,-1,-6,-3,-1,-1,11,-4,-4,4,-5,-5,5,-16,-14,1
1/97,0,2,-2,1,4,4,-1,-2,4,5,-1,6,-1,-1,-11,7,-14,-7,4,-15,-13,-7,4,9,4
1/196,0,2,4,-5,4,2,-6,1,6,-2,-4,11,8,4,12,6,2,2,0,6,6,0,4,-8,5
-1/267,0,0,-2,1,4,4,1,1,6,-3,-9,5,-9,-10,3,-4,0,1,12,-6,-10,8,2,-8,-1
-1/980,0,2,0,-5,6,-5,2,1,6,-4,-9,10,-1,0,-6,-6,0,-2,-14,3,5,5,3,-9,-19
-5/977,0,-2,0,-5,0,-5,-1,1,6,6,-8,-8,-4,-1,-8,10,0,-13,6,-4,-13,-14,15,0,-18
311/4,0,-2,2,1,0,1,2,1,-8,-1,-1,10,1,0,11,-6,6,10,-14,-5,12,-14,3,10,-12
-687/4,0,0,-2,-5,4,6,5,1,6,-3,-1,-8,2,7,0,-2,-1,-8,-2,14,-1,5,14,-4,-14
-4467/26,0,0,-2,-5,0,-2,-3,1,2,10,-9,2,-3,-4,-6,-4,6,1,8,-9,4,8,0,-12,10
-223,0,-2,0,0,0,4,5,1,3,0,-7,7,2,6,-8,6,-4,-5,12,-12,6,-10,3,6,-3
-1783/9,0,0,0,0,2,6,-3,-2,4,0,3,-6,6,-10,-11,6,-4,5,2,6,-1,-1,-3,1,2
-149,0,2,2,-5,4,6,-3,-2,1,-2,6,7,2,1,8,6,2,8,8,-12,-13,4,-12,1,18
-8/67,0,2,2,-5,-2,-1,-3,-2,0,-5,8,-2,1,-7,6,9,4,-10,0,-1,4,12,-4,2,1
-32/313,0,2,0,1,0,6,-1,-2,-3,6,1,-7,-3,-1,4,6,-9,-8,4,4,10,5,4,-12,-2
-14/157,1,2,-3,1,6,6,2,0,-3,2,-2,-5,-7,8,12,9,-12,13,-2,-3,12,-10,1,-8,12
-27/311,0,0,3,-5,-1,2,5,-2,-3,6,-10,10,-5,-10,0,3,-2,4,-12,-8,-8,5,-4,12,1
-23/312,0,0,4,3,0,-2,3,1,-7,-3,-10,-11,-5,4,-3,1,6,-10,12,3,-10,-6,16,4,2
-9/104,0,0,1,1,4,-2,-3,1,-3,-5,-6,5,0,8,13,-2,-4,4,2,-9,10,11,8,9,-3
-5/693,0,0,0,-5,-2,0,2,-2,2,0,-1,-5,8,10,4,0,-1,-6,4,-4,-4,6,-12,8,13
-9/692,0,0,-3,1,0,2,6,1,3,-3,-9,-2,10,6,-4,11,0,-6,-13,7,11,9,10,0,9
-4/695,0,2,0,-5,0,-5,-6,-2,-3,-2,-1,-5,-7,0,-6,6,8,-2,-12,3,2,-11,1,-6,-5
1/86,0,-2,0,-5,4,-5,4,1,-9,0,-1,-10,-1,-12,0,-2,10,-8,6,3,-1,-9,-4,1,17
96/781,0,0,0,3,-2,-5,-5,-2,-9,10,4,-11,-9,-1,-4,-2,9,1,9,4,11,8,-15,-10,-6
1/470,0,-2,0,0,4,6,2,1,3,-4,-7,-5,0,-7,3,-3,-4,-3,12,-3,-5,15,16,2,-8
-1/1407,0,0,3,-5,-5,-5,-3,1,-8,-1,10,7,-7,-6,-11,6,-10,-2,0,-5,11,-14,2,-1,-14
1/282,0,0,3,-5,0,1,6,1,0,-10,-8,6,6,4,3,-2,11,1,1,-15,-13,13,-16,6,2
309,0,0,2,0,-5,2,2,1,6,3,1,10,-7,12,-6,-2,-14,-13,-12,6,-2,13,12,3,11
309/2,0,0,2,-5,2,-5,-1,1,-3,-3,0,-7,-1,-1,6,-9,0,2,-10,-7,-1,15,12,-1,-5
-373/3,0,0,2,-5,-3,2,-5,1,2,4,1,7,7,-10,2,6,13,6,-12,4,2,-14,-3,-10,-12
-2237/19,0,2,0,1,4,0,6,-2,-3,-5,3,-2,-4,4,2,-7,6,-1,3,8,-4,11,3,6,-6
264/5,0,0,0,0,0,-6,6,-2,-6,-10,-4,8,6,2,1,4,2,-13,4,6,7,5,0,9,-18
265/2,0,-2,0,3,2,-1,2,1,2,-7,-2,-2,-4,-4,-6,-10,4,2,-12,15,12,-10,-3,-9,-8
130/3,-1,0,0,1,-2,-7,5,1,-3,-3,-6,-1,6,1,-8,6,6,-5,4,6,6,-4,7,-4,10
536/15,0,0,0,-5,-1,-5,-3,1,6,0,-9,-5,-2,6,-8,-9,-1,-7,-5,-15,10,-4,16,10,-2
268/7,0,2,1,-5,6,1,2,-2,1,4,-7,5,8,-1,0,6,-4,2,-5,-3,-6,12,3,10,13
178/5,1,-2,0,1,4,6,2,1,6,-3,8,-1,-1,2,0,-2,6,0,-2,-12,7,-1,12,-13,3
179/5,0,2,0,-5,4,0,6,-2,-4,4,3,-2,3,-4,0,-14,-12,-3,2,11,-13,-11,6,6,9
149/3,0,0,-2,3,-1,0,-1,1,-9,4,-4,-7,-5,8,1,-11,-14,-1,-4,15,-16,-16,4,6,-12
119/3,0,0,-3,1,-2,-5,-8,1,-3,4,10,-2,7,7,-8,-9,-1,0,-6,13,2,11,9,-13,-7
354/7,-1,0,-2,-5,4,-6,-6,1,-8,-4,-2,-2,-2,-1,0,6,-12,8,-12,-8,2,13,14,-1,-5
179/3,0,0,3,1,-5,6,2,1,2,0,-1,6,-6,12,0,6,7,-10,8,7,0,11,1,-6,8
19/8,0,-2,3,-5,-5,-5,-3,1,3,-4,-1,10,4,4,4,10,-1,-2,-14,6,4,-10,1,-16,2
-101/63,0,0,-3,-5,0,-5,-1,1,-3,5,1,2,-6,-4,-4,-2,0,2,2,-4,-7,6,0,-1,-4
277/4,0,2,0,0,2,2,2,-2,2,-2,0,5,-6,4,1,1,-7,-12,11,13,-13,-12,0,0,18
833/12,0,0,2,1,0,6,-8,-2,6,0,1,-2,6,6,-8,0,10,-3,10,8,-10,-16,2,-15,-19
1665/22,0,-3,0,1,-2,1,-1,1,4,3,2,-11,3,-10,-6,-3,-14,-5,-12,3,11,-15,-6,8,17
1662/23,1,0,1,-5,-5,-5,2,-2,0,9,8,-11,-6,4,1,-10,5,5,-7,4,-2,11,8,1,-5
275,0,-2,0,1,0,0,2,1,-4,3,-9,-5,-4,-6,10,6,0,4,2,0,14,11,3,-17,-2
275/6,0,0,0,-5,0,-1,-4,-2,-9,-5,-1,-2,-9,-4,-6,-4,-11,-13,9,-12,-13,15,1,18,13
-16/399,0,0,0,-5,-1,-5,5,-2,-8,2,-10,10,0,-1,13,9,0,6,4,3,7,4,11,-12,-2
-3/101,0,0,-2,1,-3,2,2,1,-3,-4,10,-8,-7,-6,1,6,-2,4,-14,6,-10,8,6,-2,-7
9/89,0,-3,4,1,0,0,5,1,-4,3,-8,-2,0,10,0,-10,0,-2,0,7,6,13,-3,-8,10
-1/5621,0,2,1,-5,-2,-5,2,-2,-3,-4,3,-7,10,-6,12,-3,-9,-1,3,4,-6,10,-6,8,2
-4/5621,0,2,2,-5,-2,6,6,-2,-4,-3,3,2,12,1,4,-12,4,2,-8,-9,-6,4,17,-1,9
-2/2811,1,0,3,3,4,-5,5,1,6,4,-7,10,8,8,-8,0,-9,13,5,-4,6,2,-3,1,8
-1/2814,0,0,0,-5,2,0,5,1,-4,0,-5,10,-1,4,-6,4,8,8,0,-15,-2,-15,12,12,8
1/2812,0,2,-3,3,0,2,2,-2,0,0,-2,-8,-6,4,0,6,6,8,12,9,-11,5,-3,3,8
1/468,0,0,3,1,-1,-2,-6,1,-8,6,-8,-2,-4,-6,0,7,4,-5,4,3,14,6,8,18,-12
-3/937,0,0,4,3,-3,2,1,1,1,3,-10,-7,12,1,2,-9,-4,2,10,-2,-2,-15,3,-12,1
-11/2814,0,0,2,-5,0,-1,6,1,-3,-10,6,10,-9,-1,0,3,-7,-7,0,6,0,-16,0,-14,14
-5/2814,0,0,0,-5,0,2,1,-2,6,-3,-1,-5,-6,4,10,0,6,8,0,4,7,11,17,-17,8
-9/2809,0,-3,1,1,2,-5,-6,-2,-4,-3,-2,-2,2,2,-6,5,4,-6,2,-13,11,-7,4,12,2
1/234,0,0,2,-5,-3,-2,-3,1,2,6,3,-10,-6,5,-8,1,-4,1,8,0,-10,4,17,-15,-7
-32/75,0,0,0,1,4,0,-1,-2,6,6,10,-2,4,10,11,5,6,-4,4,4,2,-14,-6,8,-7
-9/2938,0,-3,3,0,-1,-2,2,1,-3,0,10,6,0,2,-3,1,6,-12,4,-9,-7,6,4,1,-7
-10/2939,1,2,0,3,2,1,2,1,6,0,3,-8,7,7,6,-14,-7,-10,5,6,0,-15,8,-6,12
-1/1468,0,-2,3,-5,-1,2,2,1,2,-5,-1,-10,-5,8,0,6,-7,-2,4,-12,7,-6,-3,0,-12
-2/1469,-1,-2,2,1,4,-2,1,1,-6,-4,-5,-2,-6,-12,8,-2,-1,13,-10,4,-5,-5,1,0,18
150,-1,0,0,3,4,6,2,-2,1,-4,-9,10,0,8,6,-2,-4,6,5,-12,-6,6,-9,18,1
-22190,1,2,0,1,0,2,6,1,-3,-3,6,-5,8,-2,0,6,0,10,-10,-9,-13,4,16,-8,6
-22187/2,0,-2,1,-5,0,0,3,1,0,0,-1,-7,-6,-2,3,6,2,-7,-6,-3,-10,5,-5,-1,-2
-16647/2,0,0,2,3,0,1,5,1,4,3,-10,-7,6,4,11,-10,-7,-5,0,3,4,10,-4,-6,8
-16646/3,-1,0,3,1,6,4,3,1,6,-10,-8,2,-4,2,1,-12,-7,1,9,4,4,-9,-16,-9,18
-4162,-1,-2,0,3,4,4,2,1,-3,3,1,-5,6,4,0,-2,10,2,-14,-4,1,8,7,-1,-5
-16651/5,0,2,0,1,4,1,6,-2,4,0,-2,-7,12,-2,-6,-4,-2,1,6,-3,2,-6,2,12,16
-8322,-1,0,2,0,4,4,-3,1,0,4,8,-2,-6,4,0,0,6,4,14,8,-11,0,0,6,8
-8325,0,-3,0,-5,-1,-5,2,1,-3,-1,-1,-11,-9,-6,0,-6,0,10,4,8,-13,-8,-3,2,-7
73/103,0,2,0,1,6,-5,2,1,-3,10,-4,2,2,-2,-3,-9,5,-1,4,15,-11,15,4,-12,-1
71/101,0,2,4,-5,0,4,2,1,-3,5,-5,-8,12,10,6,9,0,-1,10,-12,10,-10,2,4,11
55/103,0,2,0,-5,0,2,-3,-2,-3,-1,-8,10,4,-1,-6,6,6,4,-11,-15,11,8,-6,-14,-14
29/51,0,0,1,-5,-5,2,-2,-2,-3,-10,3,-5,-9,4,11,0,0,-7,-14,3,-13,-9,6,2,-1
59/103,0,-2,2,1,-5,-6,-3,1,-4,7,-5,-7,-5,-4,0,-6,-12,1,4,0,6,-6,1,-6,16
53/102,0,0,2,0,-2,-6,-2,-2,-8,3,1,11,-6,-4,0,-10,0,1,3,12,2,6,8,-1,-6
52/99,0,0,-3,3,-2,-7,5,-2,4,3,10,-2,8,-1,2,-6,0,-4,-3,10,-13,8,-4,-14,16
54/101,-1,0,1,-5,4,-5,2,1,2,-5,1,10,-6,4,2,4,10,2,-12,13,0,2,0,-14,13
-19/151,0,-2,4,-5,6,-1,4,1,6,0,-4,-1,-2,2,-11,10,5,-2,-8,-12,5,-10,-16,6,6
-10/103,1,-2,0,-5,-2,2,1,-2,-4,5,1,6,12,8,0,4,7,-5,4,4,4,13,4,10,2
-30/307,-1,0,0,1,0,-6,-3,1,6,-5,1,-8,-3,4,-6,-9,10,-1,8,-9,-6,-15,2,-6,18
-11/103,0,2,0,1,0,4,-5,0,-4,-5,-6,-1,-3,-12,-1,-2,4,8,2,-12,-6,8,-5,18,-14
-31/308,0,2,3,-5,-2,4,-1,1,-8,4,-10,-5,6,-7,0,3,-4,-2,4,-12,7,6,-9,0,12
-2285,0,2,0,-5,-2,1,-1,-2,-3,-4,-5,-7,-1,4,-6,7,6,-2,6,-1,-13,5,4,1,2
-762,-1,0,0,0,0,-5,2,-2,-4,0,-9,-2,-6,-12,6,-11,4,4,2,3,-6,13,0,-9,-18
-764/5,0,-2,0,-5,6,4,1,-2,-4,-1,-9,-5,3,4,0,-6,-11,6,10,-6,-8,10,-7,4,-4
-245/19,0,2,0,1,-5,-1,2,-2,-8,10,1,-6,0,-12,0,-3,-4,10,0,-4,11,5,3,10,-14
-41/3,0,0,2,-5,-5,-5,-4,1,-8,-2,2,10,-4,9,4,-14,4,-1,5,-8,4,12,-3,-1,-3
-1523,0,2,0,3,2,4,1,1,6,3,-9,-1,0,-4,0,-2,-9,2,0,-15,-4,-8,16,6,-19
-571,0,-2,1,3,-5,2,1,1,0,0,10,-2,3,12,10,0,0,-7,-12,-12,-1,-10,10,-1,10
-4568/7,0,2,2,-5,0,1,-3,-2,-8,-7,-7,-11,12,-6,8,-2,-4,10,-13,-4,-10,0,8,12,-3
-1823/3,0,0,2,1,-5,6,-1,-2,-8,4,-6,-7,12,1,11,1,-2,1,0,5,-11,-7,11,6,2
-457,0,-2,3,-5,4,4,-6,1,-8,6,-1,-11,0,8,1,2,-11,4,-8,15,-2,-4,4,6,2
-304,0,-2,4,-5,-3,-5,-6,1,6,6,6,6,-3,4,0,-2,-5,10,5,-15,2,-6,-4,-1,-8
-305,0,2,0,3,-2,6,4,1,-8,3,-5,-6,2,-3,-8,5,9,-13,-12,11,7,10,2,10,18
-285,0,0,0,1,-5,2,-3,1,4,-4,-7,10,-7,8,0,-11,0,-11,4,-8,-6,6,8,-14,14
-1144/3,0,0,0,1,0,-7,-3,1,6,6,2,8,2,4,-4,-2,6,-1,-12,-3,-13,1,4,12,2
-1149,0,0,2,1,2,-5,1,-2,-3,4,-4,6,12,-12,-4,6,-9,-2,9,-1,6,15,5,-17,-6
-3/14,0,0,-3,-5,6,2,4,1,6,-4,-6,10,8,4,-10,-6,6,-7,-6,-2,-9,13,-6,2,3
50/99,-1,0,0,0,-2,1,-5,-2,-8,0,-4,10,2,2,4,6,6,-1,4,-4,7,8,-8,-8,-2
-18/205,-1,0,0,-5,6,-6,3,-2,-3,7,8,-7,6,-10,4,1,6,8,-10,8,-2,-4,3,1,-6
-9/103,0,-3,-2,0,2,-1,-3,1,6,2,-9,-2,2,4,-8,1,-11,-7,4,-9,-6,-8,9,-15,2
-3/31,0,0,-3,1,4,0,4,-2,4,9,2,-5,-4,7,6,6,6,0,16,-7,-6,-5,-4,6,2
-61/619,0,-2,4,3,0,6,4,-2,-9,7,1,-3,-5,-1,4,1,6,-13,-14,-15,-13,-15,-3,-15,-14
-59/617,0,-2,-3,-5,4,2,6,1,-3,-10,1,-2,8,-10,0,-2,-12,-1,-8,-12,6,8,10,-6,-9
-59/619,0,2,2,1,2,-5,5,1,6,-8,-4,-2,6,4,3,-2,-12,8,-10,12,2,-4,2,-12,2
-27/308,0,0,4,-5,-2,2,6,-2,-4,9,-4,10,4,4,-6,6,0,-7,12,-12,12,13,-3,-6,-8
-218,-1,2,3,1,-1,1,2,-2,1,3,1,-8,4,4,0,7,0,4,4,3,-16,-4,3,-14,8
-108,0,0,2,-5,-1,-1,5,1,3,-5,4,-2,2,8,-2,-6,0,10,4,-12,-10,8,-3,-12,14
-4564/9,0,0,1,1,4,2,4,1,0,-7,-9,-2,0,7,0,6,-3,13,-7,8,12,0,-15,-8,12
-652,0,-2,-3,1,0,4,5,-2,-3,6,1,2,-5,-10,12,-4,6,-10,0,-1,-9,15,9,-8,-18
81/37,0,0,0,1,-5,-5,-1,-2,4,0,-4,-8,-1,12,12,-6,4,-4,11,5,-5,-16,-6,-3,1
43/20,0,-2,0,1,2,-5,2,1,-3,0,-9,-8,0,-1,0,-4,-9,-12,-4,-4,4,-10,-16,-8,-6
-572,0,2,2,1,0,-7,-5,-2,-8,-5,8,-7,-7,6,8,-9,0,8,5,6,12,-14,15,10,-7
-1139,0,2,0,1,4,-5,-8,0,3,0,-1,-2,8,-2,0,-2,2,-11,-5,-12,-1,10,2,6,-2
-319/2,0,2,2,-5,0,1,-6,1,-3,-10,3,10,6,5,12,-4,-4,-12,10,-3,12,11,6,10,18
-8933/57,0,0,4,1,4,2,-1,-2,6,4,2,2,6,-4,-8,-10,6,-8,-10,4,2,-15,12,1,-18
-2979/19,0,-3,2,1,-2,-5,5,-2,-8,-4,-1,7,-6,-2,-1,-7,-14,-5,5,-9,-2,-7,3,12,-18
-1145,0,2,0,3,6,6,5,-2,-3,6,-6,10,3,8,-10,4,10,10,-14,0,12,1,-12,10,10
-1149/2,0,0,0,3,-2,-5,6,1,1,7,1,7,6,-4,1,-3,6,-1,-6,6,2,0,6,6,-18
-287,0,2,0,1,6,6,-6,-2,1,5,1,-7,-4,-7,-8,-2,1,6,3,-12,-9,-15,4,-14,-2
-189/2,0,0,3,1,6,1,3,-2,-3,6,-1,6,6,-1,0,-6,0,-6,8,10,2,2,12,-9,-3
-142,1,-2,-2,-5,-5,2,5,-2,-9,5,-9,-1,-7,6,-8,6,10,2,-14,-12,-6,8,-4,-6,1
-379/2,0,2,-3,3,-2,6,-5,-2,2,0,3,2,-5,-1,3,-6,-7,13,12,14,-16,-14,-4,-6,1
-1142/9,1,0,-3,3,6,-6,5,1,2,-7,-10,-2,4,-1,-6,-6,-3,1,-11,16,0,4,-4,18,-5
-1231/2,0,2,-2,-5,2,0,2,1,-8,-5,-1,-3,6,12,11,7,6,2,4,14,-9,-15,0,-1,-6
-3685/6,0,0,0,3,0,6,6,1,-8,3,3,-2,0,4,0,5,-7,1,-5,4,-2,6,4,-7,-2
-3683/7,0,2,4,-5,4,-5,-3,-2,-6,-10,1,10,-6,-3,7,3,-4,-10,-10,0,-8,13,-3,0,11
-741,0,0,2,0,4,-7,1,1,6,9,3,7,-6,4,7,-3,-13,-7,4,15,11,-8,4,-8,6
905083,0,2,-2,-5,-2,2,2,1,6,6,2,2,6,-10,-1,-6,8,4,-3,-6,-1,15,2,3,8
905081/3,0,0,0,3,-3,6,-5,1,6,-8,3,-2,-7,4,13,-10,0,13,8,0,7,-4,-13,4,-18
452540,0,-2,0,-5,0,2,-8,-2,-3,-3,-6,-6,2,12,-8,-4,0,-10,-11,-4,-1,13,-4,0,6
301692,0,0,2,1,2,2,-1,-2,-3,-4,-10,-1,-6,-1,-8,6,-7,2,-8,4,14,-8,-5,-14,2
1810153/3,0,0,2,3,4,4,-4,-2,6,7,-8,10,-6,4,8,11,-9,13,-13,11,2,8,12,-7,0
1810154/3,-1,0,3,0,0,6,5,1,6,4,3,8,2,1,-10,-3,-9,-12,-4,4,2,4,12,-10,-14
-4/89,0,2,2,1,4,0,3,-2,-3,-1,2,-2,-6,-1,-3,7,-4,4,-8,5,-4,1,2,-8,5
-66568/5,0,2,0,1,-2,2,5,-2,6,0,-10,7,-5,-4,0,-10,4,-5,8,0,7,-15,3,18,1
-66567/5,0,0,0,1,-5,-1,4,-2,-4,6,-4,2,4,12,0,-11,6,-1,12,4,-2,5,-10,-6,8
-5/166,0,2,0,1,2,-6,2,0,-4,-8,-1,-5,-6,12,0,-9,-4,1,3,8,-4,-15,-16,-15,13
-1/112,0,-2,0,-5,4,-5,2,-2,6,6,-9,7,2,4,1,-2,0,0,-11,-9,-13,9,1,-16,-8
-5/108,0,0,0,3,0,0,-6,1,0,-8,1,2,-6,4,-7,-10,-14,-8,2,0,-5,-14,-10,-12,16
-9127/12,0,0,1,3,-2,2,2,0,6,7,8,8,2,-6,7,-4,-9,8,-2,11,12,15,2,-6,-7
-9125/13,0,2,0,-5,0,-2,3,1,0,5,1,-2,-6,-3,13,3,6,10,4,3,-11,-16,-16,-16,-10
-9133/7,0,-2,4,-5,0,6,2,1,-8,0,0,-7,-3,8,-6,6,10,-1,-11,-12,-13,12,8,4,-2
-9131/5,0,-2,0,-5,-1,6,2,-2,-7,-3,-5,-7,0,4,-6,11,-5,10,5,-12,0,-8,-10,2,2
-1827,0,0,-3,1,6,-6,-4,1,-3,-10,-6,5,-6,-2,12,6,-2,-5,-2,3,-6,-15,12,3,-6
-2283/2,0,0,4,3,0,-1,-5,1,-4,-2,-8,-11,0,-2,4,-6,11,-3,5,14,-5,-1,3,-8,7
-27/65,0,0,0,-5,4,-2,-4,1,-3,0,-1,-2,-5,-9,3,-9,-7,-7,-3,15,0,-8,-3,6,-6
-89/195,0,0,0,-5,-3,-2,-3,1,-8,6,-4,-2,0,-2,0,0,0,6,4,2,-11,-1,-15,-13,8
-45/97,0,0,0,3,2,6,-4,1,4,10,3,11,-6,6,13,-7,0,10,-12,2,11,5,3,5,4
30/11,1,0,0,-5,-2,4,6,0,-3,-5,-1,5,12,5,0,-9,-4,-11,4,-15,-5,-14,6,0,-18
-496/47,0,2,3,3,4,1,2,1,6,-3,-10,-2,0,2,3,0,-2,6,8,-12,2,10,2,-6,-7
-497/46,0,2,3,1,6,6,5,1,0,10,-6,11,12,6,-6,6,-9,2,-2,-12,-1,12,0,-6,2
-327/32,0,0,2,-5,0,-5,-6,-2,6,6,-1,-2,8,-6,-7,6,4,4,-14,4,4,-6,-6,-1,10
-108/11,0,0,-2,0,-2,0,4,1,-3,-4,-2,10,6,-2,-7,1,-7,1,12,13,7,-1,-3,10,8
-109/12,0,0,3,1,-5,-5,5,1,1,5,-5,-1,6,8,1,5,6,-8,-12,8,-13,5,-9,10,8
-109/10,0,-2,0,0,6,-6,4,-2,-9,0,8,-2,7,4,3,-7,-1,-3,-5,8,0,-16,-3,-6,-12
-49/3,0,0,2,1,-1,2,6,1,-4,5,-7,5,-1,-2,-6,3,8,-13,8,-15,-13,-12,4,4,-6
-199/17,0,2,2,1,0,6,-2,-2,4,3,3,-10,10,-4,-6,9,8,-6,10,3,2,-14,-4,6,14
-198/17,1,0,4,-5,0,-1,-2,1,6,-7,1,-2,-9,-6,-11,-11,-14,4,-8,-15,2,13,0,2,-14
-243/19,0,0,2,1,-3,-5,-5,-2,-3,-2,-4,-3,-9,4,0,6,7,-7,4,-9,-6,-14,-13,6,-9
-2281/4,0,-2,0,1,6,-5,6,-2,-4,-5,3,-1,-6,8,-3,-4,4,0,5,-15,-7,8,-16,18,17
-4565/6,0,0,0,0,0,-5,1,1,6,-1,-5,-5,6,-4,-8,6,6,-8,-12,-9,7,8,0,12,8
-491/46,0,2,1,-5,-1,-6,2,-2,0,-3,-8,-2,-2,4,0,-6,4,-10,-14,-15,-1,10,1,-9,-4
-489/43,0,0,0,0,4,4,-3,0,6,0,-4,10,-7,-12,10,-11,9,-6,-8,8,7,11,4,1,17
-243/22,0,0,4,1,-2,6,3,-2,-3,3,-9,-1,-7,6,0,-3,6,2,-14,-3,-5,8,6,-15,10
-244/23,0,2,-2,-5,0,6,3,1,0,-7,0,-6,8,4,-6,7,13,-13,-5,-5,-8,-12,-4,-6,8
-53/102,0,0,0,1,0,6,-2,1,-4,10,2,-5,-3,4,7,-10,0,13,-10,6,2,-14,16,-12,8
-46/99,-1,0,4,3,-2,-5,-3,-2,-7,4,-9,-5,-3,-1,11,0,9,2,14,0,7,-14,6,18,-9
-15/32,0,0,0,-5,-3,-5,3,1,2,-3,4,-2,-4,-6,2,-2,0,8,-3,5,-5,0,16,8,18
-8/201,0,0,2,-5,-5,1,2,0,-3,-2,4,10,-7,-10,-7,2,0,2,0,-7,-6,4,-3,8,-12
-11/202,0,2,3,-5,0,-5,2,-2,-6,4,-5,-3,-1,0,-11,6,11,-12,4,2,4,15,12,-12,6
-3/67,0,0,0,0,0,-5,2,-2,-3,3,10,10,-2,8,0,-6,0,8,0,5,-8,-11,-16,6,-3
-247/5,0,2,0,0,6,-7,2,1,-3,-8,-7,-3,6,7,0,1,6,-11,5,11,7,-7,-12,6,8
-244/5,0,2,0,3,-3,4,-4,1,3,6,2,-2,6,4,0,3,6,-13,12,-12,10,10,11,-16,-9
-4569/8,0,0,3,1,4,-1,-4,1,-3,-1,-1,10,6,-1,1,-2,2,10,9,14,2,-6,4,10,6
-2285/3,0,0,0,1,-5,2,-4,-2,-3,-7,3,-2,-1,-2,12,-6,-7,-4,8,2,-2,0,5,-14,-14
-2282/5,-1,-2,0,1,6,-1,-5,-2,-4,-2,-8,-3,-1,12,0,6,-4,-13,4,-13,5,-6,-4,3,-13
-377,0,2,-3,0,0,-7,2,-2,4,-10,-9,-6,-2,-4,-8,7,-11,-4,8,-12,2,0,6,12,10
266,1,-2,0,1,-1,-6,5,1,-3,-4,10,10,6,12,-11,-3,-14,-8,8,8,-6,-15,-12,-9,-7
705/2,0,0,0,1,2,-5,-3,0,-9,3,-9,8,-5,6,-8,6,2,-6,5,-9,4,-16,3,2,-2
14/13,-1,-2,2,1,4,-2,2,1,-8,10,-9,-2,6,7,-10,11,-4,-3,-12,10,2,-1,-10,-14,-6
-5/164,0,-2,0,3,4,2,5,-2,2,6,-9,10,6,-4,4,0,-14,-10,12,4,-14,-6,-13,-7,-2
79/42,0,0,-3,-5,6,-1,6,1,-3,6,1,8,-6,8,-7,1,-3,-3,-10,-12,7,4,1,6,3
79/39,0,0,0,-5,-3,-2,-4,-2,-3,-4,6,-2,-7,5,-6,3,4,8,9,8,-2,4,0,6,-6
-11/410,0,-2,0,1,0,-5,2,1,-4,3,-7,-2,6,8,6,11,-4,-2,2,0,-8,6,12,2,-13
-2/205,-1,2,0,1,2,-5,5,-2,-3,0,-9,10,6,-1,3,-4,-2,-4,12,-3,7,-5,12,-14,13
1/203,0,-2,2,-5,0,-5,3,-2,-8,-6,3,6,6,-4,3,7,-7,-6,-10,6,-6,13,15,2,0
109/9,0,0,2,1,2,0,2,-2,3,-2,10,-2,3,-10,-2,6,4,-1,-13,8,-6,-15,6,-2,13
111/5,0,0,0,-5,0,-5,6,-2,-3,0,4,-11,-6,2,0,-3,0,-2,-2,-12,-16,11,6,-7,12
1/105,0,0,0,-5,-1,2,-5,1,-6,0,-9,-1,6,5,-10,0,11,1,-12,16,-5,-16,12,-9,-12
-4/105,0,0,0,-5,-2,-1,-1,-2,-3,5,1,10,2,-10,0,-14,8,-4,-7,11,7,-6,12,-2,-13
79/28,0,2,3,-5,-3,6,4,-2,6,-5,0,-7,6,-9,0,-3,-13,-1,-3,-15,10,4,7,6,-14
80/21,0,0,0,-5,0,2,2,1,2,3,1,-3,0,-12,-6,-10,0,5,2,-15,0,-8,7,2,2
-4142,1,2,-2,1,4,-5,-5,1,-8,-4,3,10,12,1,0,-2,-4,1,-8,-9,6,-4,-3,2,-19
-12425,0,2,0,1,4,1,-6,0,6,4,6,10,-9,4,-10,-4,-12,-10,4,-12,-13,-8,-4,9,13
-8288/3,0,0,1,1,-1,0,2,1,-3,-7,8,-11,-9,-6,-4,-9,-14,-5,-10,14,7,10,-6,-15,11
-2762,-1,2,0,3,6,6,-4,1,-8,6,-4,10,7,4,7,7,-9,-3,8,6,12,-16,12,-12,-3
413/9,0,0,3,1,0,-5,-1,-2,-3,-2,-1,10,-6,-2,0,-10,-12,5,5,9,-2,0,15,-6,-10
59,0,-2,2,3,-3,6,-3,1,-3,4,-4,-7,-6,8,-8,-10,-12,5,-14,14,-4,15,0,1,9
1667/28,0,-2,2,-5,-5,-5,2,-2,-6,6,1,-2,6,9,-11,6,9,1,4,-4,-4,5,2,5,2
333/5,0,-3,0,-5,4,6,-6,1,-6,-8,8,-11,-6,9,-3,1,-4,8,3,-12,-5,8,-7,18,14
1667/24,0,0,-2,-5,-2,-5,2,1,3,5,2,-10,0,-3,0,-3,1,-4,-11,-15,-7,-14,3,-9,-2
1664/23,0,2,3,1,-2,-7,5,-2,0,5,-5,-2,7,4,6,7,0,10,-14,-5,-16,11,17,3,-12
1662/25,-1,0,0,1,-3,0,-3,-2,-8,-4,-6,-6,-6,12,-6,-7,-12,2,4,12,0,-8,1,-12,-12
1661/23,0,2,3,0,0,2,-6,1,0,-10,-8,-3,-2,-6,-6,6,4,8,-2,6,4,6,-6,-14,-3
34/7,-1,2,-3,-5,0,1,-8,-2,6,0,-9,2,12,7,0,2,-4,4,1,-2,2,8,-4,4,13
-10/213,-1,0,0,1,-2,4,2,-2,2,0,10,-10,8,2,6,6,5,-11,2,4,10,11,2,-1,-2
-4/213,0,0,2,0,6,6,-4,1,3,-5,2,-2,6,4,1,-6,-4,13,-11,4,-11,11,-15,-6,-7
-7/146,0,2,-2,1,4,0,4,-2,6,6,10,-7,-4,6,-6,-2,4,-3,-4,13,-6,6,14,3,18
-6/211,-1,0,1,0,0,4,-3,1,6,0,2,2,12,1,-8,-10,-4,-7,14,4,6,-10,4,-1,-3
-8923/62,0,2,4,-5,2,-6,5,1,-3,-3,2,-5,-4,-1,1,-2,-11,-3,4,6,4,-8,12,0,17
-8925/59,0,0,0,1,6,6,-8,1,3,6,1,-2,3,4,4,-4,10,6,8,13,-2,6,7,18,6
-891/5,0,0,0,0,0,-1,-6,1,-3,3,-1,6,0,7,-6,-6,-10,-6,4,-12,-13,4,2,-14,-9
-223/2,0,2,2,-5,-3,6,3,1,-3,3,-4,10,8,-3,12,4,-11,2,4,3,-6,11,5,-2,-14
-1787/12,0,0,1,0,2,-6,2,-2,4,9,10,5,-9,-2,-6,1,13,1,3,-8,2,8,-4,-10,10
-2978/19,1,2,0,-5,6,0,1,-2,-4,-7,-9,8,-1,-1,6,3,-12,8,2,-5,-14,1,-4,-7,8
-1489/10,0,-2,0,3,-3,4,3,1,-9,0,3,-7,-1,-10,0,-4,0,6,-12,-4,6,-4,-4,-12,-6
-4467/31,0,0,3,1,2,2,-1,-2,6,3,2,5,6,-3,12,-11,-9,-2,0,-6,0,-4,14,12,2
-812/5,0,-2,0,1,4,-5,5,0,-8,-10,-5,-6,-6,-6,-6,-2,-5,-7,8,-12,14,4,-5,-14,-3
-1511,0,2,2,0,4,2,-6,1,3,-8,-1,-1,1,4,10,-4,8,10,-12,-15,2,-15,3,0,-3
-557/3,0,0,4,0,4,-5,1,-2,2,-1,-8,-11,-2,9,-6,-2,-9,8,6,-15,7,8,-3,-2,8
-1815,0,0,0,-5,0,-5,-3,1,6,-5,-1,6,-4,5,-6,-10,-14,-2,-14,-15,-4,0,17,12,2
-1816,0,-2,2,-5,6,-5,2,1,-3,4,-9,-10,-4,4,0,-2,-4,10,6,14,7,0,10,3,-18
-4531,0,-2,1,-5,-5,-6,-3,-2,-7,6,-9,-7,6,2,0,-2,6,-3,8,4,10,-6,12,-17,2
-2263,0,-2,-3,-5,-2,6,5,-2,4,0,-10,-1,-2,8,10,6,-4,0,8,13,-11,13,0,10,1
-355/7,0,-2,0,-5,0,-5,-1,1,-3,0,-4,10,-7,1,-7,-2,-12,-10,12,-12,2,-4,10,10,-9
-705/14,0,0,0,-5,4,2,2,1,-8,-10,-5,-2,-6,12,-8,-2,-2,-2,5,-6,-6,-8,0,6,0
-709/12,0,0,3,0,2,6,3,1,6,4,-8,10,12,4,-11,6,-1,8,-3,0,-14,11,-12,12,12
-711/13,0,-3,2,-5,-1,-2,6,-2,-3,10,-2,-7,12,7,8,-3,10,-4,-12,-5,-5,4,-16,10,-12
-122,-1,2,2,-5,6,-5,2,-2,-6,2,-6,2,-6,8,11,-4,-2,-13,-8,8,4,15,-13,-3,-7
-117/2,0,0,1,0,-1,-7,4,1,-4,3,10,-10,3,-4,-8,4,-14,-2,2,-7,-13,-14,3,18,-9
-33288,0,0,-3,-5,0,-5,5,1,-6,-2,6,-8,-5,4,-6,-6,-4,6,12,-5,-11,8,-16,-6,-4
103/51,0,0,2,1,6,2,-2,1,-6,-4,4,-5,-9,1,8,6,-12,13,3,-15,-13,13,6,6,-4
101/55,0,-2,0,-5,-2,6,-3,1,-3,-4,-8,-7,6,-12,-8,-10,0,8,14,6,-10,-10,8,-1,6
49/26,0,-2,1,1,-3,-2,-3,-2,-3,5,0,-7,0,6,-3,6,6,-5,4,-3,8,10,-15,8,2
98/55,-1,-2,0,1,-2,4,3,1,-6,-4,8,2,-9,-6,-8,-6,4,-13,10,8,2,8,6,-9,-6
100/53,0,-2,0,-5,4,-1,3,-2,3,0,-9,-10,-7,-4,2,5,5,6,-8,15,10,-16,12,-8,14
99/56,0,0,1,-5,0,0,-3,1,-8,2,1,10,2,-6,7,-11,-13,1,-8,7,4,5,-4,-12,1
-33287,0,2,0,-5,6,-6,3,0,-8,-4,2,10,-6,4,0,11,0,-10,-8,10,-16,-6,-11,-9,-2
-66571/3,0,0,3,1,-3,-5,-5,1,-4,3,4,-7,-6,-12,0,0,13,8,2,13,10,8,3,-6,3
-66566/5,1,-2,0,-5,6,-5,-3,1,-3,0,1,6,6,5,-11,-9,11,-6,6,-12,-13,-7,0,8,-14
-421/5,0,2,0,-5,2,6,5,-2,-8,-8,0,-8,1,-10,-6,6,6,-4,5,2,-4,-14,1,-1,7
-209/3,0,0,-2,-5,0,-5,-3,1,3,-1,-9,6,7,4,10,-3,11,10,2,6,-5,-1,4,-14,8
8/20529,0,0,0,3,6,-5,5,-2,-3,6,1,10,0,-4,-6,-10,-7,-7,0,-2,-8,13,-4,1,9
7/20527,0,2,0,1,4,-2,2,0,-3,4,-1,10,6,6,11,6,0,10,12,4,-8,8,8,-12,2
16/20527,0,2,-2,3,4,-2,-6,1,4,7,-4,6,-3,-6,-10,-3,4,10,8,-1,2,-4,0,6,1
-37618,-1,-2,3,1,-1,-5,2,1,6,-3,4,10,6,8,-3,0,-12,-10,-5,10,4,-6,-4,1,11
-37622,1,2,2,3,0,-7,3,-2,2,7,3,10,6,10,0,6,-1,-2,-12,-12,2,-10,12,2,-18
-37619/2,0,-2,2,3,2,-5,4,-2,-6,-8,1,-2,-4,10,8,-11,2,-1,5,-15,2,-10,-16,-17,-12
-37618/3,1,0,1,1,0,2,4,-2,3,-5,-9,-5,-3,12,0,-14,1,2,-8,12,-6,-16,6,-14,14
-37619/4,0,2,2,-5,-2,-5,-4,1,6,9,-9,-2,2,1,0,6,-5,4,-14,8,-10,8,-16,-3,-14
-18808,0,-2,2,0,-1,1,5,1,2,9,-5,-7,-1,-1,8,9,-4,2,11,6,10,6,-10,-8,-7
-75238/3,-1,0,1,-5,0,0,1,-2,2,-2,1,-5,12,-1,-7,-2,10,5,12,-15,2,-15,-4,9,3
-37619/3,0,0,0,1,-3,2,6,-2,-8,-1,-5,-6,6,4,0,-2,-4,1,-10,-15,-13,-1,2,-9,-18
-7523,0,2,0,1,-5,-5,-3,0,-8,-5,1,-7,12,4,0,1,-4,2,3,4,6,-10,12,3,2
-25080,0,0,0,0,0,2,6,1,-3,-4,1,-1,-6,-9,-6,6,-1,-7,12,5,-7,8,6,6,2
-25081/3,0,0,-3,1,4,1,5,1,0,4,-1,2,-1,-3,6,-6,6,-6,4,4,-4,1,-16,1,-18
-75236/9,0,0,4,1,0,4,6,-2,-3,6,2,5,8,6,-6,-6,-7,-4,10,11,-8,-10,2,0,-2
-75239/5,0,-2,0,-5,0,2,-3,1,6,0,3,2,8,7,7,3,11,8,-10,-12,14,-8,-4,10,16
-75234/5,-1,0,0,1,6,0,2,1,-3,10,-9,11,-2,1,-8,-4,0,13,2,0,4,-14,3,10,-18
-75239/10,0,2,0,1,6,6,-6,1,0,3,6,10,6,-7,-3,6,0,8,-13,3,-2,5,16,5,-2
-18811/2,0,2,3,1,4,-7,-3,1,-3,-4,3,10,-5,4,-6,-6,4,-10,10,-1,4,8,14,-4,1
-37617/2,0,0,1,-5,4,-1,-6,-2,-8,-1,-2,-1,-1,-1,-6,-11,-12,-2,8,12,11,13,0,8,-6
-3136,0,-2,2,1,6,2,-4,1,-3,-2,-9,-7,12,10,1,-2,-5,-11,3,14,-8,2,-4,12,1
-3137,0,2,0,1,0,-1,-3,-2,4,-3,-7,-2,6,4,-8,6,9,4,-8,-1,-13,-8,-12,12,-1
-67102,1,-2,-3,1,0,-5,2,1,1,-2,-9,-5,2,8,8,-6,7,5,-12,-12,-13,-16,4,6,2
-134203/2,0,2,0,-5,-3,4,-5,1,-3,3,-4,6,-5,-1,-6,-4,-9,1,4,6,2,4,-6,-14,7
-12537/2,0,0,1,1,4,-5,-3,-2,-4,10,-5,-2,6,12,12,0,-11,-7,4,-2,2,-6,-16,6,-12
-12537,0,-3,0,1,-2,-5,-4,-2,-8,7,10,-1,8,-10,-8,-10,-14,1,-14,14,6,2,-11,10,8
1055/2,0,2,0,1,4,2,-4,1,6,7,4,-6,2,4,1,-10,-13,-1,8,3,-14,-10,7,-12,14
4220/7,0,-2,0,-5,-5,1,2,-2,6,-1,-5,-3,2,8,-8,-3,-2,-10,11,-9,-6,8,10,6,-6
4217/7,0,-2,4,-5,6,2,2,1,3,10,-5,-2,-6,-4,0,-2,6,-11,2,12,-13,13,3,4,13
4217/6,0,0,3,-5,0,1,2,-2,-3,-7,-9,-1,12,-2,6,-7,4,-10,2,0,-13,-5,-4,1,8
2107/4,0,2,-2,1,4,2,-3,1,-3,-5,1,10,-5,-1,0,6,7,-12,-12,10,14,13,-3,8,13
528,0,0,2,3,0,-5,4,1,-4,-4,2,-5,-5,-12,7,-6,6,6,-14,-15,-2,-8,12,-7,2
2113/5,0,-2,0,-5,0,-5,4,1,0,-4,2,5,-4,2,6,1,6,-11,-10,6,-2,4,0,18,0
1052/3,0,0,2,3,2,-5,2,1,-8,6,-1,-6,8,8,12,-3,-11,-1,4,2,-4,-10,0,12,8
2111/4,0,-2,2,0,0,4,2,-2,-6,9,-2,-5,-6,-6,-8,-9,2,0,2,4,4,-9,15,-1,8
4223/7,0,-2,2,-5,-2,-1,4,-2,6,6,2,-1,-4,-9,-8,6,-4,2,-10,-2,2,12,14,-15,5
4221/4,0,0,1,1,-1,6,2,1,-8,-2,-5,-5,6,5,-2,-3,1,-5,-5,-12,2,-16,16,12,12
1409/2,0,2,2,0,2,-1,3,-2,-8,2,2,-7,4,4,0,6,-13,-5,12,14,0,13,12,-12,-9
4223/5,0,2,0,1,-1,2,5,0,1,0,-1,8,-4,-10,-6,-2,-1,-2,-10,-3,2,-8,-16,-17,13
351,0,0,2,0,6,-7,5,1,2,5,1,10,2,8,3,-11,6,-1,5,6,-4,8,12,-6,-2
2119/3,0,0,-3,-5,2,-7,5,1,-3,7,-1,-6,2,-1,0,-3,0,-2,-7,8,-11,-16,-5,-10,8
-67102/3,-1,0,0,1,-2,2,3,1,0,4,-7,-6,-6,8,0,-12,13,6,12,-9,10,8,14,18,-7
-89467/2,0,2,1,1,0,-6,-6,1,-3,0,0,10,-6,12,1,-2,0,-2,4,-9,-5,-11,4,9,-2
-89469/2,0,-3,2,1,0,-5,4,0,1,-1,-1,-2,-6,8,-2,-10,-7,-1,2,-15,-13,-4,-13,6,-1
-44735/2,0,-2,0,0,-5,6,-3,1,-7,-4,1,7,-9,-7,0,-2,8,-4,2,-9,-6,-15,11,-1,13
-9404,0,2,4,-5,-5,-5,2,0,-8,0,-1,-1,7,-1,-6,-4,-11,8,-12,-15,-1,-16,-3,-6,-12
-421/6,0,0,2,0,4,2,6,1,6,-5,-4,-5,-6,1,-11,-2,-4,10,10,-5,2,-7,12,6,2
-211/3,0,0,0,1,-2,6,-4,1,4,6,-6,-5,-9,6,-6,6,2,-4,11,-7,2,8,0,9,9
-213/2,0,0,4,1,0,-5,-3,-2,-4,-3,-6,5,0,-6,7,-4,2,-1,-14,-12,-8,-6,-4,0,2
-423/2,0,-3,2,1,-2,1,4,-2,3,-4,-8,6,-6,-4,-8,-2,-1,2,5,-3,8,-6,-11,10,-1
-4462/31,-1,-2,-3,1,0,0,2,1,-7,-7,2,-5,4,6,-6,-2,-1,1,5,-3,10,5,4,1,8
-4461/32,0,0,0,3,2,-5,6,1,6,0,3,-5,-1,10,12,6,-2,-2,4,-4,-4,4,-4,-17,9
-4462/33,1,0,0,-5,-2,6,-3,-2,-7,4,2,-11,0,10,-10,-2,7,-2,3,-12,-1,0,3,-14,8
-893/7,0,2,2,-5,2,-5,-5,1,-8,-4,1,-1,0,-1,-8,-2,2,8,5,5,-13,-14,0,2,10
-445/4,0,-2,0,1,4,-1,6,-2,-8,-5,-5,-7,-7,8,-6,6,-4,4,8,4,-14,12,12,-13,-7
-1783/14,0,2,2,-5,4,4,2,-2,-3,0,-8,10,-7,-6,0,6,-3,0,4,15,-8,8,15,2,-2
-4463/34,0,2,3,-5,-2,-6,-2,1,6,-10,-8,-7,-6,10,0,1,4,10,8,-4,-6,4,0,-12,-14
-2233/15,0,0,0,1,0,-5,2,1,2,-10,-6,-7,0,-1,0,-6,-11,4,10,-15,-13,10,-16,2,7
-4463/32,0,-2,0,1,0,-5,-3,1,-3,4,2,-8,0,8,-7,-6,-4,8,-4,-1,-4,10,-16,-16,12
-1115/8,0,-2,0,-5,4,0,2,1,-3,-7,-10,-8,12,4,-11,5,6,-11,10,-9,14,5,-15,18,14
-743/5,0,-2,0,-5,-5,2,4,-2,-8,-5,-7,6,12,-9,-10,4,0,-2,-4,7,12,-4,12,1,16
-4453/29,0,2,3,1,4,0,-1,1,-3,-6,1,-10,7,-7,-6,6,6,-13,-14,-4,-11,8,11,-14,-6
-37,0,-2,0,-5,4,0,2,0,-3,0,-7,-11,-5,-4,4,6,6,13,-12,-12,-7,8,14,-1,-2
-160,0,-2,0,0,4,-1,-1,-2,-3,3,-9,-7,-5,-12,0,0,-7,-5,-12,8,-4,-7,4,6,-14
-1117/9,0,0,-3,-5,-2,1,-1,-2,-9,-5,-2,-6,6,0,-6,6,0,2,-6,-8,7,-15,2,6,-6
-1119/5,0,0,0,3,4,-5,-3,1,-4,3,10,10,-6,-6,-10,2,-12,13,11,-6,-10,-15,1,18,-5
-1117/5,0,2,0,1,-5,-5,4,1,6,-8,6,-1,-9,-1,0,-2,0,-7,-8,-3,-2,-10,15,-17,-9
-372,0,0,2,1,-1,-5,-6,1,-9,-4,-10,6,-6,9,-1,0,2,0,-12,5,-16,-8,-3,-4,-6
-279,0,-3,4,0,4,6,-1,1,-4,4,-10,-2,6,-2,-7,-2,6,4,4,3,-1,5,-3,6,0
-559/5,0,2,0,3,4,-7,2,1,-8,10,6,2,3,-1,2,-4,0,5,-2,13,-9,-1,2,-6,-5
-557/2,0,-2,2,-5,-1,2,-6,1,-3,-8,4,7,-4,-6,-6,5,-10,-8,5,-15,4,-7,9,-6,12
93/19,0,0,-2,1,-1,-1,-3,-2,-8,4,-10,8,6,1,-8,-4,1,1,11,-6,-13,-9,-4,-6,-7
-33553/2,0,2,0,1,-3,-7,5,-2,6,-10,1,-2,0,9,-4,-6,11,1,2,-2,4,10,3,-13,1
1/3422,0,-2,-2,1,-5,-1,1,-2,-3,-6,-9,6,0,12,-4,-4,10,8,-13,3,-13,-4,-1,-14,11
8/11729,0,2,0,1,6,6,-4,-2,-3,3,3,-8,-4,-4,3,-2,0,-8,-12,-15,4,-14,4,-14,8
-1/3909,0,0,0,1,0,2,4,1,-3,-4,1,-7,-6,7,0,-6,-2,5,-12,8,-2,12,3,10,-7
-1/3911,0,2,2,-5,0,6,3,-2,-4,6,6,11,2,-2,8,6,0,4,10,14,-11,-7,-3,6,-2
2/3911,-1,2,3,1,-3,6,-6,1,6,3,10,-7,-5,10,11,1,-14,-1,5,-12,-6,-1,-7,3,2
1/2347,0,2,-2,-5,-2,0,4,1,-3,3,-2,10,0,12,-11,1,11,6,-10,-3,-14,2,-6,0,12
3/11726,0,0,2,3,-2,-2,6,0,-3,0,3,7,6,-1,0,1,-4,-8,10,-15,-13,10,8,10,6
3/11728,0,0,2,0,4,-5,1,1,6,6,-1,-10,-7,12,4,-11,10,-13,12,-9,-7,13,12,18,-2
1/2933,0,-2,-2,-5,0,-5,-6,-2,6,6,10,2,4,0,12,1,0,-10,-8,12,-1,-14,0,-2,-18
7/5867,0,-2,4,1,6,-5,6,-2,-3,-2,-4,-7,-6,1,12,3,6,-7,2,-12,7,-14,16,-9,-2
1/1467,0,0,2,1,-2,-6,1,1,-3,-5,-4,-2,8,-1,-2,6,6,2,11,-12,7,13,-3,1,-10
-2/375,1,0,0,3,0,2,5,1,-8,4,-1,10,0,-10,4,-4,2,-12,-3,6,-1,-14,16,10,-6
-1/2935,0,-2,0,3,2,-1,2,1,6,-3,-4,-2,-4,-3,-6,-2,6,4,5,-12,14,10,8,6,-1
-2/1467,1,0,1,3,4,2,2,1,-3,-4,6,-2,2,5,0,11,-11,6,-10,0,-2,-10,16,18,-6
-1/1466,0,2,2,1,4,-1,-3,1,0,0,-2,-2,0,-9,-4,1,-10,8,2,5,12,-8,0,-6,17
-5/466,0,2,0,-5,4,-1,-4,1,-8,-5,-9,-7,0,-1,1,-2,-5,-5,1,0,-13,8,-6,6,17
-7/470,0,2,0,1,2,1,-3,1,-4,2,3,-8,8,12,3,-3,13,-6,6,3,14,-10,2,0,14
-1/235,0,-2,0,-5,0,6,-5,1,-3,3,3,-2,2,9,3,-4,0,8,8,6,-6,1,4,0,16
-755/3,0,0,0,-5,4,-5,-4,1,-3,3,8,-3,6,6,-8,-2,6,-2,-14,8,-5,11,-4,6,-6
-378,-1,0,-2,1,4,6,-3,1,-3,0,-7,6,8,4,0,1,10,-10,1,-7,7,-4,-15,12,-7
-377/2,0,-2,1,-5,-3,-7,1,-2,3,-10,-9,-2,0,2,0,11,0,2,-2,-5,-10,4,12,12,0
-758,1,2,2,-5,-5,-1,1,1,-3,-2,8,-5,12,8,0,-4,11,4,-2,16,-1,-10,6,4,11
-4/37,0,-2,-2,-5,6,0,-1,1,-8,3,-1,-8,-6,9,-6,-10,10,8,0,-3,-13,-8,8,10,-2
-11/141,0,0,1,3,0,6,-3,0,0,10,3,-6,-4,-6,3,-11,-4,-12,10,-5,2,4,2,0,-5
-54/95,-1,0,0,-5,0,-6,5,-2,-3,6,-10,-2,12,4,10,6,2,2,-11,-15,8,10,-15,1,-18
-53/98,0,-2,2,-5,0,4,-4,-2,6,4,-1,-11,-4,6,3,-10,2,-11,3,-7,7,0,12,6,17
-101/59,0,-2,0,1,4,-6,5,1,-8,6,-9,-11,-3,5,11,-2,10,-11,4,9,-13,4,-7,-6,8
-51/31,0,0,1,-5,0,-5,-8,-2,6,-10,2,11,-6,9,-8,-10,-7,-11,2,-15,6,5,-4,-4,-18
-103/59,0,2,-2,3,6,0,-6,1,6,9,-2,-10,-2,8,7,-2,10,-5,4,11,12,-4,-5,3,-3
-488/39,0,0,-2,-5,-2,-2,4,1,0,6,2,-2,-9,-10,8,11,0,-13,-13,-9,-14,13,-11,-10,-12
-489/40,0,0,0,3,-3,-5,6,1,-3,5,10,-7,-6,5,-6,-7,6,10,12,-4,4,-8,-16,6,-19
-239/3,0,0,-3,1,-5,6,5,1,-4,-5,3,-5,6,6,-10,-2,4,-8,-12,-2,14,0,3,-9,-12
-235/7,0,-2,0,-5,-5,4,5,1,-9,-5,-2,2,6,5,-8,-2,-7,-2,-12,6,-1,5,12,-6,8
-239/6,0,0,4,0,2,2,2,-2,6,2,8,-6,6,-3,-6,-9,-4,-4,5,2,7,4,3,0,-3
-235/4,0,-2,0,1,6,1,2,-2,-6,0,3,-1,0,4,-8,-12,-11,-3,8,14,6,1,4,-17,-18
-117,0,-3,-2,1,-3,-7,-6,1,-8,0,2,-1,1,-12,-8,6,0,-1,-14,6,-1,-4,6,18,-14
-134198/5,1,-2,0,-5,4,-5,-8,1,2,-8,-7,-2,12,-6,-6,6,-4,1,-7,-15,-10,0,6,-6,-7
-1113/8,0,0,2,1,0,6,3,0,-9,-3,3,-3,-4,-4,-6,-10,0,-5,8,4,-5,4,-3,5,8
1/377,0,-2,0,1,-3,-2,-5,1,6,-6,-7,-5,-5,6,2,10,0,-4,10,12,-10,-8,-4,-8,17
-15/209,0,0,0,0,-2,4,2,-2,0,-5,-4,-8,0,0,12,-7,0,-3,0,-4,-10,4,-16,10,8
-3/2356,0,0,-3,0,-3,6,5,-2,6,-5,2,-6,-7,1,0,-11,6,13,0,9,5,-6,-13,8,-18
-5/4713,0,0,0,0,6,1,2,-2,4,3,-9,-10,2,-6,-6,1,-13,8,4,-12,-6,1,2,12,-12
-5/9424,0,2,0,0,0,-5,-6,-2,-4,-4,2,-11,0,6,6,-2,6,-2,-12,12,-6,-4,14,6,-2
1/10263,0,0,0,0,-2,4,-1,-2,4,3,4,-2,-3,10,0,-2,0,-8,16,-15,-2,-4,1,9,-3
2/6839,-1,2,3,-5,-2,0,2,-2,2,-5,-5,-8,10,-6,-1,-3,10,-1,-10,-12,-10,-6,-16,-12,-2
-1/6842,0,2,-2,1,-2,1,-6,1,6,6,2,-7,-2,-6,10,4,-14,1,8,14,0,-6,-3,-10,-10
9/20521,0,0,1,-5,4,-5,-3,1,3,6,-1,10,-6,12,0,-6,-13,-2,11,15,-13,-6,7,10,-2
-3/5131,0,0,-3,-5,2,-5,4,1,6,4,-7,-6,6,4,-3,1,-9,-6,-5,15,-5,-14,-7,-14,-7
-2/1283,1,-2,4,1,2,6,-3,1,-3,-5,-5,-1,-3,12,4,1,1,0,0,8,-16,-15,6,-10,17
-1/2565,0,0,0,1,4,1,-4,-2,-8,7,-10,-2,6,1,10,-7,7,-11,2,4,-13,-10,12,-9,-5
-1/10263,0,0,-3,1,-2,0,1,1,-3,10,0,6,-7,4,7,-2,-1,-13,-4,8,14,-9,-7,12,12
5/41047,0,-2,0,1,6,1,-1,-2,6,-1,3,-2,0,-1,-6,-11,-12,-4,-11,15,4,-4,-15,2,8
8/41045,0,2,0,1,-1,0,-5,-2,-3,-3,-1,10,-7,5,8,6,6,0,-3,0,4,13,-10,6,-18
5/27364,0,-2,0,-5,4,-5,-6,1,-8,-7,-9,10,-7,10,-8,11,0,5,6,-9,2,11,0,-10,5
2/2567,-1,2,4,1,2,-1,-2,0,6,-2,1,-5,-6,1,-4,9,6,1,-12,15,2,4,-8,-12,-3
1/2564,0,-2,2,-5,-5,-1,5,1,-8,-5,-2,11,4,12,-6,6,10,4,-12,13,-13,10,14,12,8
-1/2053,0,-2,-2,3,-2,2,-3,1,-9,-4,-1,10,0,-1,3,3,4,10,-7,10,-13,0,12,-6,14
9/41050,0,0,0,0,-5,2,2,1,1,-10,8,-1,-6,12,0,-10,6,-6,9,5,2,10,-16,0,16
7/41052,0,0,0,1,-2,1,-4,1,-3,-8,-4,2,2,8,-11,-6,-12,-12,-2,7,4,15,-1,-9,1
2/8209,1,-2,2,1,0,-1,3,1,-4,4,1,10,2,8,0,-3,-11,10,-2,12,11,10,3,12,17
5/16417,0,-2,0,1,-5,-5,3,1,-4,0,-6,10,-7,4,0,2,-1,-12,-5,-1,-1,4,8,-10,-14
17/82099,0,-2,-2,0,-5,2,-8,-2,3,-6,1,-2,-6,2,-7,-3,0,-2,4,-8,6,-14,4,0,13
15/82097,0,0,0,0,-5,2,-3,1,-3,6,3,-5,-6,1,1,5,9,-7,-11,-3,0,4,-3,-15,11
3/5134,0,0,2,0,6,2,-2,1,-9,5,1,-8,-6,7,-6,-2,5,1,1,5,2,-16,3,-4,3
2/10265,1,2,0,3,-5,2,2,1,-4,-1,4,2,-7,8,4,1,6,-11,3,0,10,1,0,6,-7
3/10265,0,0,0,0,4,0,3,1,3,-8,-2,-2,-2,-9,-6,-2,6,-12,-4,6,-10,6,14,6,-9
4/2931,0,0,2,-5,-2,-5,2,1,-3,-7,-9,-5,-2,-10,-7,-10,4,-10,5,-4,-6,1,-4,1,-3
3/2938,0,0,4,1,-2,-2,3,1,3,10,-10,-2,8,5,12,-4,4,1,6,-12,2,8,0,3,9
4/1469,0,-2,0,3,0,-2,2,-2,4,-5,-8,-2,-6,-10,-11,6,0,13,4,-9,-6,-15,-3,-17,2
-17/203,0,-2,0,-5,-5,-6,-8,1,6,-6,1,-10,-4,2,4,-6,-4,8,8,16,-11,1,5,-13,1
-5/208,0,2,0,1,4,-2,2,1,6,0,-10,-2,-6,-1,-6,1,-11,5,16,2,2,6,-16,-6,13
-15/206,0,0,0,1,4,2,4,1,-3,-3,2,-1,7,8,0,6,-14,2,-11,4,-4,-8,10,6,6
-9/202,0,-3,-2,1,2,-5,-3,1,3,0,-9,-1,3,-1,-6,-6,-2,-8,-8,-6,2,-7,3,-6,10
-7/100,0,-2,0,1,-3,-5,6,-2,6,-3,1,-8,-1,8,-6,6,-4,1,-7,10,-2,4,-4,-3,-6
-4/101,0,2,4,0,0,2,-3,1,-4,-5,0,-6,-4,4,-2,-9,2,1,-14,-9,-5,11,15,1,8
-4/467,0,2,0,1,0,-5,-3,-2,2,-10,-4,-3,10,9,0,-9,0,1,-12,9,-14,-8,2,-1,10
-2508,0,0,2,-5,0,2,-3,1,-4,6,3,-2,-3,1,-10,3,-4,-12,4,-7,-6,-11,-6,-4,-18
-7522/3,1,0,2,0,0,-6,2,-2,-3,-4,-1,-2,12,-6,-6,3,0,10,-14,6,1,1,6,6,2
-37616/3,0,0,2,3,4,0,-3,-2,0,0,6,6,12,10,-4,-10,0,8,-14,0,-16,4,4,-7,2
-18809/2,0,-2,-2,1,2,2,2,-2,4,-4,-10,-8,-6,5,11,1,4,-11,2,4,0,15,-3,-6,1
-7/675,0,0,0,1,-5,6,5,1,6,10,2,-6,8,2,-10,-2,-2,-3,-8,-4,0,-7,4,-8,16
-2/337,-1,2,1,-5,2,0,6,1,2,4,4,10,-6,12,-6,-2,-14,-10,4,-12,-6,-9,3,18,9
1/195,0,0,0,1,4,-2,5,1,-8,-10,2,2,-5,9,-6,6,8,-13,12,6,-8,1,-7,-1,8
-1/96,0,0,1,-5,-3,-5,2,1,-8,4,1,-2,-6,6,0,6,-4,-12,-12,-4,6,-6,2,-12,8
-67105/3,0,0,0,1,-1,-1,5,0,-8,10,-2,6,-5,-4,-6,-11,-4,-7,-12,0,-10,-16,-3,-6,7
-134207/6,0,0,2,3,0,1,1,-2,-3,-2,-5,10,6,7,-8,9,5,-1,4,13,-2,10,10,18,6
-268411/4,0,-2,0,0,0,-7,-4,-2,-8,-2,-1,-1,-5,12,0,-3,-1,1,3,-8,-10,9,-6,-12,9
-53682,-1,0,3,0,0,-5,-3,1,-7,-8,1,-2,4,-4,8,9,1,5,8,4,2,11,12,-6,-18
-134213,0,2,-3,-5,0,6,-6,-2,-3,0,8,5,12,4,11,3,6,-3,2,-7,14,-14,-16,-9,6
-134212/3,0,0,4,1,4,-7,4,-2,-3,-10,6,-2,12,4,-6,-4,-12,-8,-12,15,-7,-16,-8,-13,0
-268414/3,-1,0,-3,-5,6,6,5,1,4,9,-5,10,-6,-1,2,6,6,-11,4,7,-13,-1,-3,-6,8
-67105,0,-2,0,-5,2,2,5,-2,-3,4,1,10,-6,-6,7,1,-3,-13,-10,-12,-2,-4,-4,-6,10
-268414,1,-2,0,0,0,2,3,1,-9,10,0,-2,0,6,-7,-2,-11,2,2,-3,-6,13,-3,-13,-12
-89471/3,0,0,3,0,-5,6,-8,1,-3,-1,10,5,-6,-1,6,-11,-5,-1,-5,8,7,-6,11,-1,8
-1/1341,0,0,2,-5,-5,-6,-4,1,-3,-2,-9,-8,-3,8,-6,6,0,10,4,13,2,1,2,-6,8
2/451,-1,-2,0,3,-2,-6,-3,-2,6,4,-1,-3,6,-3,6,-14,2,-13,8,-3,-2,-16,12,-6,-12
5/449,0,2,0,-5,-2,2,-3,1,6,3,-8,8,-6,-2,4,-11,2,-5,4,8,2,-16,2,12,-5
1/168,0,0,3,-5,-3,6,-3,1,6,-3,3,10,-1,-9,0,-10,-4,-13,-12,-15,-4,-14,-4,1,-3
1/669,0,0,1,1,4,4,2,1,1,6,10,-7,-3,4,-10,-2,5,8,4,-9,-10,1,-7,-8,-19
-1/334,0,-2,0,-5,0,2,2,1,-8,-1,-5,7,-3,-1,0,6,5,-5,12,0,-11,-8,4,0,-5
-3/1349,0,0,2,-5,0,2,-3,-2,-3,2,-7,10,-1,0,0,-11,0,-6,-11,4,-13,12,7,2,1
-5/1352,0,-2,0,1,4,-2,1,-2,-3,4,3,-7,-6,4,6,6,0,8,-14,3,7,-4,-4,-4,-7
-6/1351,-1,0,1,-5,-2,-6,6,1,-3,6,1,-7,3,-7,-8,0,0,6,-5,-12,2,-4,-4,-6,-8
-13/1348,0,-2,1,1,4,-7,5,-2,0,-8,-9,-7,-3,4,-1,-12,1,13,9,4,0,-15,4,-9,10
-13/1349,0,2,0,3,2,-7,6,-2,-6,5,-5,-2,-3,-6,7,-4,11,-2,8,4,-11,10,3,-14,6
-9/1352,0,0,-2,-5,0,-2,3,1,3,3,-2,-1,8,4,-6,-3,9,-12,5,-12,-10,8,10,9,2
-1/193,0,-2,3,-5,0,6,2,1,-3,5,-1,5,-3,4,0,-2,-9,1,2,-9,-4,4,-3,-7,8
-3/449,0,0,2,-5,4,6,-6,-2,-8,-4,6,6,-7,2,-6,-6,-1,2,4,15,-1,-8,-12,-6,-10
-44738,-1,2,-3,1,6,-5,-5,-2,-4,0,-9,-3,-3,-4,12,7,-4,-11,0,4,0,10,12,1,3
-1/4710,0,0,0,0,4,1,3,-2,4,-5,4,-5,-2,7,8,-6,4,10,-3,-12,4,-15,-6,10,13
-1/4713,0,0,-3,3,-1,4,-3,1,1,-1,1,6,12,4,-6,-10,-7,-10,-12,-3,-5,-4,12,12,-7
-1/393,0,0,3,1,-3,-5,-3,1,3,0,-4,-2,-4,8,7,0,5,-1,8,8,-1,1,12,10,-6
-3/1180,0,0,0,0,6,2,-6,1,-6,10,-1,-5,-6,2,6,-6,10,4,3,-12,-4,-16,6,0,11
1/1177,0,2,0,0,-2,0,-3,1,2,-5,1,-2,-6,6,-8,6,0,-6,-12,15,-13,-15,6,-14,-6
-5/2356,0,2,0,-5,-2,6,-3,-2,3,7,2,-7,-6,5,0,-6,6,6,-12,13,-4,5,-4,0,-1
-1/2358,0,0,2,0,0,-5,1,1,-8,4,0,2,-9,4,0,-6,-14,10,-5,0,-5,13,0,0,11
-4/2357,0,2,2,1,2,6,6,1,6,3,-9,-10,6,-2,-2,-6,-2,-7,-11,8,-1,10,1,-15,8
-2/2355,1,0,0,-5,0,6,-3,1,6,3,-6,-2,8,-1,6,1,-12,-13,0,14,2,5,-3,-15,12
-23/39,0,0,3,3,0,-2,-4,1,-7,-10,2,10,8,4,0,5,0,4,10,-12,-14,10,0,6,-14
-23/40,0,2,0,0,-2,1,3,-2,-7,3,-7,-2,2,-2,4,-2,-1,-13,3,-1,14,13,-3,8,9
-49/78,0,0,2,1,2,-2,1,1,-3,0,-9,-10,-7,4,12,-3,4,-2,4,-12,14,-8,-3,3,6
-50/77,-1,-2,0,-5,-2,4,-6,-2,3,-4,2,-2,10,-3,8,2,-14,4,-6,-15,4,8,4,8,-3
13/18,0,0,0,-5,4,-7,-3,1,6,-5,1,10,3,2,11,-2,6,8,-11,0,7,-8,-10,1,-2
37/63,0,0,1,-5,2,2,-3,-2,-3,3,6,-11,-1,-1,0,10,-12,-10,-12,3,11,0,-16,0,17
-7/227,0,2,2,1,6,2,-3,-2,6,9,-8,-1,8,10,-8,-6,10,-13,-14,-15,-5,-15,6,-12,-18
-3/113,0,0,1,-5,6,-5,-4,-2,-3,4,-1,-2,-4,-10,13,-2,-11,2,3,3,-14,-14,-3,10,11
-3/152,0,0,0,-5,4,-5,2,-2,6,-5,2,11,-1,-2,-1,6,0,1,12,-3,-7,1,-4,18,-6
-1/153,0,0,-2,0,-5,-1,-2,1,-8,-10,4,-7,2,5,-6,10,-4,5,2,-1,-5,8,1,2,7
-4/457,0,-2,2,-5,-2,4,-6,1,-3,9,4,-1,0,7,3,-11,6,13,12,-12,6,-15,1,1,-18
-6/455,-1,0,0,-5,-3,-2,-1,1,-3,7,-9,5,-3,1,-6,-12,-12,-7,-3,-12,14,6,-6,9,2
-23/430,0,2,0,-5,6,1,-4,1,-7,6,-4,7,-6,-12,6,-7,6,-2,-14,10,12,-8,-6,-14,10
-26/433,-1,2,2,-5,6,-7,4,1,6,9,-9,7,1,4,-6,1,7,10,-11,-9,0,-8,-12,-8,5
97/10,0,2,0,1,-1,4,-3,1,1,4,10,-1,-7,-7,12,-3,-4,6,10,-15,-2,-6,-4,18,8
203/3,0,0,2,1,0,6,5,-2,4,-10,4,-1,0,-3,12,11,0,-1,5,0,6,-16,-16,-12,12
824/5,0,2,0,0,-1,2,2,1,-3,3,4,10,8,-4,12,-2,10,0,11,-3,4,-8,1,-16,-19
209,0,-2,2,1,0,2,2,1,6,-4,1,-11,-5,4,0,11,-4,4,10,6,-5,-6,-3,18,-6
314,1,-2,2,1,2,0,-3,-2,-3,-3,-10,10,0,-1,13,-6,0,-1,-2,14,2,-7,-6,0,6
-43/425,0,2,0,-5,0,2,-2,1,-8,9,-1,-8,-3,-1,4,6,-2,-7,-5,2,-8,-4,-6,-8,8
-7/71,0,2,-2,1,-2,2,-4,1,6,-3,-9,11,2,-9,-2,-11,-12,-10,8,4,5,-8,6,9,-2
-41/429,0,0,4,-5,-2,-2,5,-2,6,-7,-6,-7,-4,-2,2,5,-4,-2,4,-8,-8,-15,0,-12,8
-10/107,1,2,0,1,4,2,5,1,3,3,8,-2,6,4,8,6,-7,-5,4,-15,-6,6,6,-9,8
-41/421,0,2,1,0,-5,2,-5,1,0,-4,-9,-2,-4,4,0,-6,-7,-6,11,4,0,5,0,-6,-8
-41/420,0,0,0,-5,4,-6,5,1,-4,-3,-1,-1,-4,-6,0,11,-9,10,-14,3,-2,10,-4,-14,16
-21/211,0,0,2,1,2,-6,2,1,1,4,10,-8,-6,8,-8,4,-11,-7,0,-6,7,8,-16,-3,14
-23/74,0,-2,-3,3,-3,-1,3,1,-7,-2,3,-8,6,2,-6,10,-13,-6,-14,13,4,0,2,-14,8
121/15,0,0,0,1,0,0,3,-2,-3,10,6,10,-3,12,-10,-3,6,-13,-14,-4,-6,11,16,-17,12
81/10,0,0,0,1,4,6,2,-2,-3,4,-5,-10,-5,8,0,-10,-14,2,2,2,7,8,-10,-8,3
247/32,0,-2,4,-5,2,-7,-3,1,3,-4,1,-3,8,-6,-6,6,2,2,-7,-15,-4,8,3,12,6
242/31,-1,-2,3,1,0,6,-1,-2,-3,-4,2,-7,6,6,-4,6,6,-8,-11,-9,-1,0,10,10,12
-23/211,0,2,3,-5,4,2,-3,-2,-7,-5,-5,6,3,4,-8,-4,1,-6,-8,-9,12,-12,8,0,2
-13/106,0,-2,0,0,2,-7,4,1,0,10,1,-5,6,1,-8,5,4,-6,-11,15,4,-11,0,-7,-9
-54/425,1,0,0,1,0,6,-2,-2,-6,-5,6,-10,12,7,4,0,-7,-1,14,5,7,-10,0,1,-6
-53/426,0,0,-2,-5,-2,-1,5,-2,-3,6,-9,-2,-4,0,0,-10,4,1,-6,4,-6,-1,6,1,11
-46/425,1,2,0,1,2,-5,-2,-2,-7,6,3,10,0,6,-8,9,4,-5,8,-6,10,4,9,1,-2
-46/427,-1,-2,0,-5,-5,2,5,1,-7,9,3,-1,-3,-6,-8,2,6,-4,12,6,8,4,10,-1,12
-7342,1,-2,-2,0,2,1,-6,-2,6,-3,-5,-2,-6,7,6,-2,13,-7,16,12,-2,-5,4,6,-6
-3670,1,-2,0,-5,-3,-1,-6,1,6,9,10,-6,6,7,-6,-10,-4,8,8,3,-14,4,-6,12,-6
-7340,0,2,0,3,0,-5,-3,-2,-4,-8,2,5,12,-1,8,-2,10,2,-12,0,-11,11,8,0,-2
539/37,0,-2,-2,1,0,2,-3,1,0,9,-6,-8,-3,-9,-4,6,4,-11,8,8,14,-14,-15,1,8
1076/77,0,2,0,-5,-2,1,-1,1,6,7,10,8,-9,-10,8,3,10,-7,-10,-12,4,-16,-4,1,-12
180/11,0,0,0,3,-2,2,-3,1,6,3,-1,10,0,-9,-8,-4,-9,-2,-14,-12,12,0,4,-4,-14
537/34,0,0,3,1,0,6,-2,-2,3,5,-2,-1,-6,-12,-11,6,-2,10,-12,-12,4,10,-4,-1,17
540/37,0,0,0,-5,-2,1,-1,-2,-3,-3,-4,-8,-4,-3,10,-10,-4,13,-2,3,-13,10,14,-8,13
40/71,0,-2,0,-5,0,4,-6,-2,-4,-5,2,7,2,-1,-2,-2,8,-13,-3,4,-14,-1,12,12,13
-37/21,0,0,2,-5,-3,2,6,-2,3,4,-9,-11,6,12,-6,-4,-10,-11,12,3,-11,0,-4,-7,14
1241,0,-2,0,1,0,-6,-8,1,-4,2,2,-7,-1,4,11,-9,-2,-5,-14,-12,-11,-15,-11,-6,-14
1241/3,0,0,-2,3,-2,0,-8,1,-3,-1,-8,-5,-1,-2,3,-2,7,8,-10,-15,-11,-4,16,10,-6
1243/2,0,-2,2,1,0,-5,4,1,1,-1,8,10,0,-2,1,0,-2,-10,8,-3,-16,-15,12,4,13
5/491,0,2,0,-5,4,6,-5,-2,-3,-5,1,-5,-5,-6,0,6,6,-8,8,-5,-4,-8,2,-6,-7
4/985,0,2,0,-5,0,1,-3,1,-4,-2,-9,-2,-5,10,0,1,-13,10,0,-15,-13,-9,12,-8,1
6/247,1,0,-3,3,6,-2,6,-2,-4,-5,-7,10,1,-10,-8,-3,6,2,4,6,10,-16,16,-15,13
1/122,0,-2,-2,-5,-5,-5,-5,1,6,-4,0,11,12,-4,-8,6,-11,-4,-4,-15,-8,5,3,0,13
3/247,0,0,1,-5,4,-2,-5,-2,3,-4,-4,-7,3,12,-8,-2,-9,10,11,-13,14,2,-16,18,14
880,0,2,0,-5,0,-1,-3,1,2,10,3,6,-3,4,1,-11,-1,4,2,8,-6,10,-7,6,-6
886,-1,2,0,-5,2,0,-6,1,1,4,10,6,6,-1,10,-6,0,10,8,-12,-4,-4,10,0,-2
-51/430,0,0,0,-5,-3,2,-8,-2,0,4,-5,8,6,-12,-2,6,6,-3,-8,3,-5,-8,-7,-9,2
-53/427,0,2,0,-5,6,6,3,-2,-8,5,3,2,12,-9,3,-10,-4,-4,-11,-3,-10,-6,-13,-6,16
537/38,0,0,1,-5,-3,-1,5,-2,-4,0,-4,-5,7,-1,-7,-6,-7,4,-12,13,-16,5,12,12,-2
122/13,1,-2,1,-5,2,-2,6,1,-4,-2,2,6,-7,8,1,6,8,-13,-12,-12,2,-14,0,-14,-8
124/13,0,2,-3,1,4,-2,2,-2,2,3,-10,8,-3,-10,-8,-12,4,-2,8,-2,-7,10,-9,9,-7
251/21,0,0,4,-5,-1,6,3,1,-3,2,-5,-5,10,-7,-7,6,-13,2,4,-15,-9,12,-3,-6,-7
251/19,0,-2,1,-5,0,-5,5,-2,1,4,1,-2,-3,4,-2,6,0,-2,8,-1,-10,-9,-5,0,12
245/23,0,2,0,1,-2,-5,-3,1,0,6,3,8,6,4,-6,3,4,13,4,16,-2,-4,6,-6,-14
199/22,0,2,2,3,-2,6,3,-2,6,9,-6,-8,0,7,-8,11,0,8,8,-15,6,12,-3,-8,-8
985/99,0,0,0,-5,-2,4,-5,1,2,-5,-10,-3,-4,10,6,1,-4,-4,-8,-1,-6,-15,14,12,-18
981/98,0,-3,-2,-5,0,6,2,1,4,-10,-10,11,4,7,3,6,0,1,5,-5,4,8,12,6,10
983/96,0,0,-3,1,2,6,-4,-2,6,3,-4,-1,-6,12,0,5,-7,-10,9,-9,0,8,12,-15,-8
22/3,1,0,1,-5,0,1,-3,0,-3,-5,-4,-3,12,-10,0,-2,10,-3,8,-15,14,-14,-1,-12,-7
538/43,-1,2,0,1,-5,4,2,1,-4,-8,10,-6,2,-12,-10,-2,0,-13,-4,6,7,11,12,0,8
539/39,0,0,2,1,0,-2,3,-2,-3,6,8,6,-6,2,6,1,10,1,5,10,-2,13,-7,1,3
269/20,0,2,0,-5,-2,-5,3,-2,6,-5,0,-5,-5,8,0,-11,7,2,9,-4,-10,-8,11,6,2
106/3,-1,0,0,-5,2,-5,1,-2,-4,4,-7,5,6,8,-1,-10,-2,-2,3,14,0,4,-7,1,12
111/7,0,0,-3,-5,0,2,5,1,2,7,2,-11,10,-2,0,-2,4,-10,-14,15,10,-10,-6,12,10
46/41,-1,-2,4,3,-2,2,-4,1,-7,0,8,-6,6,4,-6,-7,6,10,1,-5,-10,-8,0,2,1
50/41,1,2,0,1,0,6,6,1,-3,0,-5,-1,6,-6,0,-10,-14,6,-10,3,-8,11,3,-15,-6
-44/859,0,2,2,0,0,-5,2,1,2,-2,-4,10,-7,-6,10,-6,-4,6,4,0,-10,15,-7,-6,-7
-42/857,-1,0,1,1,0,1,5,-2,-6,4,2,-6,-1,-7,6,5,-9,2,10,8,14,4,-7,-6,2
-38/857,1,-2,0,1,4,6,2,1,-3,2,-9,-1,-4,2,-6,-4,-14,6,-12,-15,-13,-15,3,0,2
-11/213,0,0,2,0,0,1,6,1,6,-2,-9,-6,-6,2,-8,6,-2,-8,-13,4,11,-16,-16,10,3
-23/427,0,2,2,-5,2,-5,2,1,-7,0,-8,-10,-4,-2,12,6,-9,-4,4,-7,2,-10,2,-15,-14
-41/856,0,2,2,-5,-3,2,-3,1,-3,-4,6,2,-4,8,4,6,-11,-2,-10,2,-1,-8,-3,-6,13
-74/267,1,0,2,3,-5,-5,-3,1,-8,6,2,-11,6,6,-10,6,9,6,2,6,-10,11,-4,-8,8
-20/67,0,2,0,1,-1,1,2,-2,6,4,-9,-11,2,6,-8,-2,10,-6,0,3,-5,13,4,6,14
-81/272,0,0,0,-5,4,1,-2,1,-8,3,4,-2,-4,7,0,-6,-12,13,-12,-5,2,0,8,12,8
-23/66,0,0,-2,-5,-2,1,2,1,-7,-5,-6,2,-5,10,-4,-2,6,10,5,-9,-1,-11,-3,-6,-6
-12/31,0,0,-3,3,2,-5,-3,1,6,2,2,10,-3,-6,0,-3,-4,1,12,11,14,-11,5,1,-5
-15/68,0,0,0,-5,0,-5,-2,1,-3,9,-9,-2,-5,12,12,0,0,13,8,3,-8,11,11,6,17
-14/53,1,-2,-3,1,4,6,-1,-2,-8,-8,-5,10,-2,4,-3,5,6,-6,12,8,-13,5,4,9,8
-24/89,0,0,2,-5,0,6,5,1,6,-5,6,-6,6,6,-2,6,-9,8,-4,-6,4,-4,-11,-8,12
-32/133,0,2,4,-5,-5,4,2,-2,3,6,-2,-8,-6,6,-1,6,9,2,-12,2,-14,10,4,0,1
-37/134,0,2,3,-5,0,6,-1,0,-3,-4,10,-11,-3,2,-8,1,0,2,0,-12,-13,0,3,8,8
-23/90,0,0,0,1,4,2,-4,1,-7,-7,10,-11,-2,2,0,6,-12,-13,4,-8,-11,-4,10,-6,-1
-25/89,0,2,0,1,0,-6,5,0,-6,-7,-1,5,-6,-4,12,6,11,-2,10,12,-8,5,-6,-8,13
-13/54,0,0,2,3,-1,-7,1,-2,3,-2,-8,-2,12,5,0,-10,-4,6,12,14,-16,-12,6,-17,-14
-11/53,0,-2,0,1,0,0,2,-2,-3,-5,0,-10,2,1,12,5,-4,-1,4,0,4,10,-4,18,8
-62/273,1,0,4,-5,0,-2,-5,1,-3,3,-10,-7,-7,-10,-2,-11,10,-5,12,6,14,-15,1,-14,-2
-67/272,0,2,2,-5,-3,0,-2,-2,3,6,-1,6,12,1,4,-6,-13,-7,-5,-9,-6,8,-13,-7,2
-9/34,0,-3,1,1,-1,6,-2,-2,6,-2,-4,-2,0,-6,-4,2,6,2,-2,0,11,8,2,-9,-18
226261/2,0,-2,3,1,-5,4,-3,-2,-3,4,-9,-2,8,-10,0,-6,6,1,12,4,-2,8,-3,-3,-14
226262/3,1,0,1,-5,-5,6,2,1,-9,4,-1,11,6,-1,0,-4,4,-7,12,3,-7,0,8,-17,-8
452543,0,-2,3,1,-2,-7,2,0,6,-1,-5,5,7,7,-6,6,-4,-7,8,-5,-5,6,2,12,-18
452543/3,0,0,4,1,-5,-7,4,-2,2,0,3,10,-5,-6,6,-2,-12,-2,14,8,-2,-16,15,-1,18
301695/2,0,0,0,0,6,0,5,1,6,-2,8,-2,-4,-4,2,3,-14,2,-11,-12,-16,-16,-16,-12,12
100563,0,0,0,0,-5,-5,-3,1,3,7,1,-10,-1,1,-10,-9,10,4,4,-4,14,4,-7,-15,7
301693/4,0,2,2,1,6,6,1,-2,1,4,-1,-2,-6,-12,-8,-2,-11,5,8,-15,6,-7,16,6,-6
301692/5,0,0,0,-5,6,-5,-6,1,4,4,-10,-2,-1,-6,0,-3,4,-1,8,-15,-2,-10,-3,-14,-12
150847/3,0,0,1,1,4,6,-6,1,1,-4,-8,-11,-4,-6,-6,1,0,5,-3,9,14,-6,9,0,-2
75423,0,0,-3,-5,4,2,5,1,2,2,-10,-2,-3,-6,-6,-14,-2,-1,3,-3,11,-8,0,-7,0
150845/3,0,0,0,3,0,0,1,-2,-9,6,1,10,-7,1,0,2,0,8,-10,-12,7,-8,4,-3,-3
75422/3,1,0,1,1,-1,1,-4,-2,-8,-5,1,-6,0,-1,-6,-3,-10,1,4,5,-14,-4,8,-10,2
150848/5,0,2,0,0,-5,6,5,1,1,-1,10,-7,10,-6,12,-6,6,0,12,16,11,12,-4,-1,2
1/1709,0,-2,2,0,-2,4,-6,1,6,3,-1,-5,-7,-3,0,-6,-4,10,-12,-4,14,-8,0,-8,3
6/5131,1,0,2,-5,6,-5,5,1,-8,-8,3,10,-6,-4,0,6,6,-1,-6,3,14,11,3,-7,-14
-11/106,0,2,1,3,0,2,-1,1,4,-2,1,-2,8,-10,-7,5,-2,4,8,3,4,-8,1,-6,-12
-23/210,0,0,0,-5,6,-5,3,1,-7,-4,-8,-2,6,-3,-11,-6,4,13,9,5,4,-1,-4,2,-3
-24/211,0,0,0,-5,6,-5,3,-2,-8,-8,-10,-5,0,-4,2,-10,0,8,12,10,-8,11,2,0,-7
-46/419,-1,2,0,-5,0,0,-6,-2,-7,0,2,11,-5,-12,-6,1,6,-5,-14,-3,-8,6,12,-6,18
829/5,0,-2,0,1,-2,0,-5,-2,4,6,8,-2,10,7,12,6,-11,-13,-4,9,0,6,-10,1,-6
826,1,2,2,1,-5,6,-1,1,-8,3,-1,-8,1,4,-6,-2,-12,-2,-11,-9,12,15,-11,2,2
1245/2,0,0,0,3,-5,-5,-6,1,-3,0,10,-8,4,10,-6,5,5,1,14,3,-13,-9,0,6,-10
93/4,0,0,2,-5,-3,6,-6,1,2,4,-10,2,0,5,-6,6,-4,13,0,-15,-9,4,-13,-6,8
181/11,0,-2,4,-5,-2,6,4,-2,2,-1,-1,-2,8,-10,0,-6,-1,-8,14,-8,-2,11,-4,1,-9
138,1,0,0,-5,2,-5,-6,1,-7,6,-1,11,2,4,0,-11,-1,10,11,6,-13,15,-8,-14,-3
413/2,0,2,1,1,-2,-5,5,-2,3,-10,-5,-2,-7,-1,-8,4,-12,-12,-4,6,4,4,12,-4,12
1247/5,0,2,0,3,-2,-5,-3,-2,-3,-10,-1,-7,4,-1,12,1,-3,-10,-14,-12,-1,5,-12,6,17
415,0,2,0,1,0,6,1,1,-3,0,3,-2,-6,7,8,-2,-2,-10,3,-5,4,-11,0,1,-18
1247/3,0,0,1,-5,4,-5,-6,1,-8,-10,1,-2,-2,-1,-8,-2,-12,-1,-5,-3,-13,1,10,-6,-2
-188/3,0,0,1,-5,4,4,5,-2,4,-4,-1,7,-2,4,-8,6,6,-7,-2,-9,-4,-15,6,-3,10
20/37,0,-2,0,3,4,1,4,1,6,-5,-2,-8,-5,7,0,0,-12,-4,2,-3,5,6,-3,0,-2
-189,0,0,0,1,0,-6,5,0,6,3,-4,5,6,-1,-8,-4,-4,0,-8,-12,7,-16,12,9,-12
94/63,1,0,0,-5,0,-5,2,-2,-3,9,2,-2,6,4,-8,2,0,2,-3,0,0,-1,-5,-16,-2
493/50,0,-2,0,3,4,6,-8,-2,4,-10,-1,10,8,4,8,-4,-3,0,4,-12,12,-1,-3,-6,17
46/5,-1,-2,0,-5,4,-5,3,-2,-7,6,3,-11,-6,6,0,1,-2,-6,-5,3,-14,8,0,0,-13
45,0,-3,0,3,-5,-6,5,-2,-4,4,-1,-2,-5,4,0,-2,6,-7,12,-9,-1,-4,4,6,18
-1223,0,2,0,1,0,6,4,1,-9,-3,8,6,-9,0,-8,-6,6,-6,4,5,-4,-4,4,-14,-18
1245/4,0,0,0,-5,2,-1,4,1,6,3,-5,-1,-6,8,0,-11,-9,-7,6,-9,-16,-16,0,-2,-1
1249/9,0,0,0,-5,0,1,3,-2,3,-8,2,7,-3,2,-7,4,-4,-2,2,0,7,-6,-6,-6,-1
1250/9,1,0,0,1,-1,-6,4,1,2,10,-1,-3,6,1,-8,-2,0,-3,9,-5,-16,8,12,-7,-12
-1/224,0,2,2,-5,0,-5,5,1,0,4,-1,10,4,-10,-10,-9,4,-6,-12,-1,-1,6,10,1,11
1246,-1,2,4,1,-2,4,2,-2,0,0,6,-7,6,10,-8,-2,0,4,0,-15,-9,-10,11,-13,-12
195/16,0,0,0,3,2,-7,-4,-2,-3,3,10,5,6,12,0,6,-4,10,10,-12,4,12,0,-7,14
197/18,0,0,1,1,-2,1,-1,1,6,3,1,10,-5,10,-8,6,-4,0,4,6,2,5,12,6,-2
66/7,-1,0,0,-5,0,0,1,1,-6,-8,-5,-7,0,5,-6,6,0,1,11,11,1,-10,4,-4,-3
198/17,-1,-3,1,3,0,-5,-2,1,-3,-1,-1,-5,-7,10,-11,4,-4,4,2,8,2,11,16,0,2
110/9,-1,0,0,1,0,-5,3,1,6,0,-9,-8,0,-6,0,-10,6,-10,2,8,6,10,0,-14,6
-29/76,0,2,4,0,4,-5,1,-2,-3,-10,-5,-8,-9,4,-8,-2,13,0,-10,-15,-10,15,-3,2,14
-26/73,-1,2,0,3,-5,-7,2,1,-3,-4,1,2,-6,4,-8,-14,-11,13,0,-1,-6,-8,6,9,-14
-28/73,0,-2,2,1,4,1,-3,-2,-6,-7,-1,-6,0,-2,0,1,6,6,0,-4,-6,6,4,-10,-12
538/39,-1,0,2,-5,0,-2,-4,1,6,3,-9,-5,-6,8,-6,9,-4,4,-12,-9,5,-9,-9,0,7
-78/5,1,0,0,-5,-1,-7,5,-2,1,-2,3,2,8,-10,3,1,1,-5,4,-4,1,8,11,6,13
295,0,2,0,0,0,-1,-5,-2,-9,-4,4,7,6,4,1,-4,-12,8,-13,-5,-8,-14,14,10,-2
221,0,-2,4,-5,-5,-7,-8,1,4,-10,-10,7,6,-4,-2,10,4,8,8,-12,-13,-16,-8,4,-18
881/2,0,2,2,3,2,-5,1,-2,-3,7,-1,-2,10,-9,0,6,6,-3,-4,11,-10,5,-9,-7,-2
881/6,0,0,2,0,-1,-6,-3,-2,-3,-8,-4,-2,-6,-4,0,-11,0,4,1,-12,-1,0,-7,4,13
47/41,0,2,2,1,6,-5,2,-2,-3,4,-1,-2,6,-2,-8,-2,7,-10,2,-2,-13,-5,6,10,2
99/85,0,-3,0,0,0,1,-2,-2,-4,2,2,-7,-2,6,0,6,6,-1,-4,-1,-5,-15,-3,3,-6
2487/8,0,0,2,1,4,6,1,-2,-3,10,-4,8,-4,-1,0,-4,-4,-3,12,-3,0,-8,10,12,-2
2483/10,0,-2,0,-5,-2,-7,6,-2,-6,-2,-1,-6,-1,1,-6,-2,-14,2,-10,0,2,8,0,-17,-1
7/169,0,2,2,1,6,-2,-1,1,-8,4,4,-7,7,-12,-8,-10,-11,8,-13,3,-1,-16,12,8,6
6/169,-1,0,1,1,4,-2,5,1,6,6,-9,-3,-3,-2,0,6,-14,-6,11,13,-7,-14,12,1,-10
-2657/3,0,0,4,0,0,6,-3,0,-9,2,3,11,-4,10,0,-11,0,-1,-12,-12,-10,15,-8,12,1
-2658/5,-1,0,0,1,-2,-5,-4,1,6,-7,-1,-5,7,-10,0,10,8,-12,-8,-12,-10,-14,3,-12,-1
-2660/3,0,0,0,1,0,-6,2,1,6,6,-6,2,-4,4,3,-11,0,13,-10,-5,-10,8,16,-6,-3
-2659/5,0,2,0,3,4,-1,-6,1,3,-2,-1,8,-3,-4,-1,-4,-9,-1,5,3,12,5,-3,6,-10
-1328,0,2,-2,1,-2,4,5,1,2,-4,-5,-8,6,2,-6,11,-4,10,-8,-3,-4,-16,0,-3,-6
-3/131,0,0,-3,-5,-2,2,-3,-2,3,2,-10,6,2,4,12,-6,10,-11,12,-15,8,5,3,8,10
-1/52,0,-2,-3,1,-3,-2,3,1,-9,-4,-4,-3,7,-10,0,-3,-7,8,2,-2,-6,-4,1,6,-10
-5326/3,-1,0,-2,-5,-2,2,-3,-2,3,9,-6,10,2,4,-8,10,0,10,4,-9,-16,5,2,0,12
-5324/5,0,-2,0,1,0,-1,-3,-2,3,3,-1,5,-3,-10,-6,-2,11,-5,-10,-4,-16,-8,-4,-1,-3
-1776,0,0,1,1,2,-5,-4,-2,6,6,-1,-11,4,6,4,-4,0,-12,12,-8,0,-4,-7,6,8
-1779/2,0,0,-3,3,4,2,2,-2,-9,-3,-7,-2,-2,6,-6,-6,-7,-13,8,-13,12,-4,-6,6,-2
-1775,0,2,0,3,4,-6,-1,-2,-9,2,1,8,-4,12,7,-2,-1,0,-10,-12,4,8,2,-8,-3
-254,1,2,4,-5,6,-6,4,1,-4,6,-7,-2,-2,-1,0,-9,2,8,-7,14,-10,-1,-16,-10,10
-295,0,-2,0,1,-1,-5,5,1,0,-3,0,8,-2,-4,1,-4,-12,-2,0,-5,-13,10,-15,18,-1
-296,0,2,1,-5,-5,1,-1,1,-8,2,-1,-11,8,2,-2,-9,4,-1,-4,14,6,-11,4,-8,8
-892/3,0,0,0,1,4,-6,2,-2,-8,-5,1,10,-6,-6,-11,1,-3,6,6,-12,6,-4,0,1,16
61/44,0,-2,1,1,-2,6,4,-2,0,-4,10,2,-3,-6,7,-7,-4,-13,2,4,-1,4,4,-3,8
59/42,0,0,0,-5,0,4,4,-2,4,0,3,-10,-6,2,0,-6,-12,1,10,8,4,6,-1,10,8
28/279,0,0,3,1,4,-1,-3,1,-8,-5,2,-1,-6,6,3,-6,-4,13,12,-3,-2,12,9,-14,-6
30/281,-1,0,0,1,4,6,-4,1,2,4,0,6,-5,4,0,-3,7,10,-14,-12,2,13,-3,3,9
28/283,0,2,0,1,0,-5,4,1,0,-2,2,-3,-3,12,0,-2,-3,10,5,2,-9,15,-1,-10,18
15/142,0,0,0,-5,4,4,5,1,-8,-3,6,-5,-1,8,-6,-6,1,10,-13,4,-13,-1,6,-3,1
25/278,0,-2,0,-5,-5,-5,1,-2,-3,10,6,10,6,-12,-3,-10,-2,-10,-5,5,-16,4,-16,12,-2
12/139,0,0,-2,1,0,2,-3,1,1,-1,2,10,-1,2,0,6,11,-2,4,6,5,8,-4,18,2
1/859,0,2,2,3,-5,2,-6,1,-8,0,-2,2,6,10,-3,6,0,-10,-4,-12,7,6,-7,-6,-14
1/190,0,2,0,0,-3,-5,-5,-2,0,7,-1,-2,-4,-12,-8,0,-5,4,8,-3,-9,8,4,-1,-5
1/128,0,-2,2,-5,0,-6,-6,1,-6,-5,-1,-11,-2,10,-6,1,4,8,12,3,-6,8,-4,-1,-7
9/2293,0,0,0,-5,-3,6,-3,1,6,3,-1,-6,-6,8,13,0,-2,-1,-7,-15,-16,5,6,2,14
9/2294,0,-3,0,1,4,-5,-3,1,6,5,2,-8,6,6,-8,6,-12,1,2,16,-9,-16,-3,6,-18
1/459,0,0,2,1,4,2,-2,-2,-4,2,-5,-2,-5,10,0,11,11,-5,8,8,-6,10,-12,-12,-3
6/1165,-1,0,0,1,4,-5,6,0,-3,6,-8,-7,10,1,6,7,10,10,4,-8,-6,10,12,-14,14
8/1163,0,2,0,0,-5,2,-5,1,-3,6,4,-5,1,-1,-6,-3,5,2,12,-9,-1,-10,-3,18,-10
1/289,0,2,2,-5,-3,-1,-2,1,-6,0,-4,-2,12,-4,-6,6,9,-10,5,-4,4,11,2,0,-13
3/293,0,0,4,-5,-1,-6,2,-2,3,4,-4,7,12,2,-6,-6,2,-2,-12,-12,-8,13,2,18,2
1/72,0,0,-2,-5,-1,0,-3,-2,6,-1,-4,10,-5,10,13,-2,-5,-4,-13,2,1,-4,14,12,-1
4/1161,0,0,2,3,0,2,5,1,-3,-2,10,-3,0,-12,10,-2,4,2,2,4,11,6,-11,-6,-1
-5/327,0,0,0,1,0,-5,2,-2,-4,5,2,10,-6,-6,-4,-4,6,-6,2,16,-5,-8,11,-12,-5
-1/81,0,0,1,-5,0,-5,-3,1,-8,-4,-9,-2,-6,-1,-3,6,1,-5,-12,6,7,12,-4,9,14
-3/325,0,0,0,1,4,-2,1,1,-4,3,6,-2,-6,8,0,-2,0,-1,2,-12,-14,4,4,-14,10
-4/79,0,-2,1,-5,0,-1,6,1,6,6,10,2,2,-10,0,6,-4,-12,-11,-15,4,-8,11,-6,10
-5/162,0,0,0,1,0,2,1,1,6,-1,8,-10,2,-2,4,6,-1,8,2,8,-4,-14,4,-8,-12
-6/323,-1,0,2,0,-3,1,-2,-2,-8,9,-8,-2,-3,12,2,2,6,-11,-10,-12,7,13,10,-4,11
2/321,1,0,-3,-5,-5,-6,3,1,-8,4,3,-1,-4,-1,-6,3,-5,-5,11,6,-5,-10,12,-6,-2
1/325,0,2,0,-5,-1,-2,-4,-2,6,-4,-4,5,0,4,-6,-6,-2,-6,8,15,-2,5,7,-6,8
1072/79,0,2,3,-5,0,-6,2,1,2,4,3,-7,-9,-4,4,6,-14,-1,-5,4,2,-8,-4,3,9
-17/54,0,0,0,-5,2,4,-8,1,6,-8,6,7,-6,-6,7,3,10,-1,-8,2,-6,11,1,18,-3
3/656,0,0,0,1,-1,6,-6,1,2,-4,-9,5,6,-12,3,-10,-4,5,-6,6,-13,-12,10,-10,-4
5/1311,0,0,0,1,0,-5,5,-2,0,-2,-10,6,-5,4,-8,-9,-14,8,5,-13,-6,12,8,10,-3
3/281,0,0,0,3,2,0,-5,1,-9,3,8,-7,6,4,0,-4,6,8,4,-8,-1,12,4,-14,-9
92/7,0,-2,4,-5,6,0,4,1,-7,0,-1,6,-3,8,10,-6,-14,-3,-14,4,14,1,-4,0,-18
1245,0,0,0,1,-1,2,-3,-2,-8,-1,-5,-11,2,-2,0,-4,4,2,-4,9,-6,-14,0,-9,-2
249,0,0,1,-5,4,0,5,1,-9,-5,2,11,3,5,8,-4,-4,-1,3,7,7,-6,0,-14,3
621,0,0,4,-5,4,2,-4,-2,-7,-5,2,6,1,-10,4,-6,-9,-4,0,8,-8,5,-16,-6,2
2491/7,0,2,0,-5,4,1,5,-2,-3,-5,6,10,-7,-6,-8,-10,4,10,0,-5,-2,5,9,-12,-3
617/2,0,2,4,-5,2,1,5,-2,-8,-2,-1,-1,-6,1,-7,6,-4,8,2,-5,-14,-10,-4,-12,13
618/5,1,0,0,1,4,-5,-3,1,0,-2,3,-7,-6,1,8,9,2,4,10,-8,-7,6,-4,-9,12
624,0,0,1,0,0,-7,6,1,-8,6,-10,-3,8,-2,1,1,0,10,4,8,5,6,-3,-6,11
622/3,1,0,1,1,-1,-5,-4,-2,6,3,3,-5,6,8,-6,5,-5,-13,5,-3,-8,-8,6,1,-5
210,1,0,0,1,-5,0,-5,0,-8,6,-2,-7,-6,4,3,-6,13,-1,2,-12,2,0,-13,-14,-6
173/3,0,0,0,-5,6,2,4,-2,0,3,6,5,3,1,-8,-10,-4,-6,3,-12,7,-5,12,10,-14
-47/44,0,-2,-3,0,-2,2,2,1,1,6,-7,-7,-9,-3,-8,6,-9,1,4,6,2,-6,3,-8,-2
-94/87,-1,0,0,1,2,-5,-3,-2,-3,-6,-9,10,-6,6,-8,-2,-4,-3,-12,4,4,-14,-4,0,-9
-1/656,0,2,1,-5,-2,0,2,-2,-8,-5,6,2,6,-3,-8,-2,-12,-8,1,6,-16,-8,12,-15,-18
4/987,0,0,2,-5,2,-1,-3,1,-8,-2,-2,-8,2,-2,3,4,4,-6,4,15,2,6,-4,6,2
249/2,0,0,-3,1,0,2,2,0,-8,2,4,-3,-7,-6,0,-2,-11,-2,1,-3,2,5,0,1,3
-80/3,0,0,0,1,6,-5,-3,1,0,-5,-7,6,4,4,0,-2,0,10,0,-12,2,4,11,3,-18
-53/2,0,-2,0,-5,-5,-6,3,1,6,-5,-1,6,0,4,0,-10,5,-13,2,13,-4,6,14,6,2
-154/9,-1,0,1,1,0,-6,5,1,3,0,2,-11,-2,4,6,-4,-2,-2,-14,-6,2,0,8,-15,16
-156/5,0,0,0,0,-3,-7,-3,-2,-3,0,6,-6,-6,1,0,6,6,-10,2,5,-6,-10,12,-7,-18
158/3,1,0,0,1,4,-5,-3,1,-4,3,2,-6,-9,0,6,-3,13,5,10,6,-6,4,-4,-14,-12
2506/11,-1,-2,4,1,-2,-5,-3,1,6,0,-1,2,-3,2,-6,-9,-12,1,-4,-5,14,-7,15,-6,-2
835/4,0,2,0,-5,0,-5,-4,-2,-9,9,0,5,-6,-1,6,6,-7,2,-8,-12,-13,6,4,3,2
-38/423,-1,0,1,1,6,0,-6,1,2,-5,-9,-6,6,6,3,-6,1,6,-6,-5,2,13,-3,-15,-7
-40/421,0,-2,0,1,4,-5,-1,1,4,6,0,10,2,-7,4,-2,-1,-1,-8,-12,-6,-4,2,18,10
-41/422,0,-2,-2,-5,0,-5,-3,1,-3,0,6,-2,-4,-9,0,7,-2,-8,10,8,-6,-8,4,2,1
-47/8,0,-2,0,1,-5,6,-4,1,-4,-4,-4,-2,-4,8,-8,-2,-9,-6,-5,4,-13,-1,14,18,-14
94/19,1,2,2,1,0,6,-3,-2,3,-5,10,-2,-2,-7,-8,-2,-11,-5,-8,-12,0,15,-3,8,-18
-4/181,0,-2,0,-5,0,-5,6,-2,-3,4,2,8,-9,4,8,1,4,2,-13,13,2,-4,-13,-16,-2
-1/151,0,-2,1,-5,-3,-5,-4,0,3,-3,-1,-8,-3,-2,8,2,-7,-5,4,4,-1,-9,6,-6,13
-5/452,0,-2,0,-5,2,-6,-3,1,-3,-1,-4,-8,-5,4,-3,-11,-11,5,8,-12,2,10,6,10,-18
1077/73,0,0,1,1,-2,1,-3,1,-4,-5,10,5,-6,1,0,-4,0,-3,-8,0,-6,0,-7,-8,8
179/12,0,0,2,-5,-2,1,2,-2,-3,-1,-6,10,8,4,7,-4,0,-11,-10,13,7,-10,-3,-1,6
178/15,-1,0,0,3,2,4,-3,-2,6,-5,4,10,-1,4,-6,-4,6,-11,-14,-9,-6,-8,12,-13,18
539/41,0,2,1,1,0,1,-4,1,-8,0,-9,5,6,-4,-8,-2,0,4,-10,-4,-5,-4,11,-10,-3
3/431,0,0,0,1,4,-5,-4,1,3,0,1,2,1,10,-6,6,0,10,2,6,-4,13,-16,2,17
-592,0,-2,-2,3,-1,-6,2,1,2,-5,-4,-11,2,-4,11,-2,6,6,12,-9,-13,1,6,18,-9
-888,0,0,-3,0,-2,-1,-3,1,-3,4,3,-11,-6,9,12,5,6,-1,4,-15,2,-14,-4,0,-12
-889,0,-2,0,1,-1,-5,6,1,6,10,1,7,0,-7,-1,0,-2,4,-2,-12,7,15,-4,-6,-2
-3559/5,0,2,0,-5,-5,4,-4,-2,-3,3,-9,-1,-6,4,-8,10,1,13,8,5,11,-16,12,6,14
5/44,0,2,0,1,-2,2,-4,1,-3,10,-4,-1,-4,2,8,-4,0,10,4,-12,-11,-4,12,6,11
1/194,0,-2,1,3,0,6,2,1,3,4,-10,5,7,4,-6,11,0,-4,11,8,4,10,0,-9,4
10/583,-1,2,0,-5,-2,-5,-6,-2,3,9,10,-2,-2,-1,-7,5,0,1,12,-7,-5,-14,2,-2,-7
4/193,0,2,2,0,0,4,6,-2,-8,-5,-5,-5,0,6,-3,11,-11,1,12,0,14,4,-16,-10,-1
3/194,0,0,-3,1,-1,2,5,1,-8,3,3,-7,0,-4,-8,-2,-2,6,9,15,-7,13,15,10,4
2/145,1,-2,0,1,-5,2,-3,1,-4,-6,6,-11,2,2,-8,-3,-9,10,2,-7,-6,-6,1,9,-1
4/299,0,-2,4,-5,-1,-2,2,-2,0,2,-7,2,-6,-2,-7,11,0,6,8,3,0,-8,1,9,5
1/296,0,-2,4,-5,6,-5,2,-2,-3,-4,3,-8,8,-6,6,0,0,-1,-8,0,-2,4,-3,4,2
10/147,-1,0,0,-5,0,-1,-3,-2,-9,-4,-1,11,-6,5,-2,6,0,1,2,-1,-4,8,-6,-12,2
-1/277,0,-2,-3,-5,4,1,-1,1,-4,0,4,10,0,4,11,-9,8,13,8,-12,-10,-7,16,1,-6
-13/976,0,-2,-3,-5,0,-7,2,1,-3,10,-9,10,-6,-6,8,11,-12,-4,-8,0,-4,-14,6,12,-18
2/569,1,2,-2,0,-2,-5,-3,-2,-3,9,3,-5,6,-1,-6,-3,2,0,4,-1,10,-12,6,-3,8
1/172,0,2,-2,1,0,-1,-4,0,-8,3,3,-2,-5,-12,0,-6,-4,-4,-12,-9,-4,-4,-3,-6,2
8/393,0,0,4,0,-5,6,-3,1,0,6,-2,-5,-6,6,12,6,10,-4,-7,-5,14,4,12,-15,12
1/131,0,-2,4,3,6,2,-1,1,-3,-7,-5,10,-5,-2,8,6,-5,8,-11,-1,14,11,-4,3,8
-4/655,0,-2,0,1,-2,6,-4,1,6,10,1,-10,-5,5,0,11,0,-1,-5,8,-13,-4,-6,10,-2
12/3935,0,0,0,-5,4,2,-1,1,2,-10,-7,10,-4,0,0,-7,0,13,2,2,5,-16,14,-13,-10
5/3932,0,2,0,0,-5,1,4,-2,6,-7,1,-5,8,-2,13,-2,-9,5,-10,-3,-7,-16,-3,-8,2
7/3932,0,-2,2,1,0,6,5,1,-6,-8,3,-10,-4,1,-4,-10,0,-1,-11,3,-13,-1,2,6,10
6/3935,1,0,0,1,0,-5,2,-2,-8,0,-4,-7,0,-12,8,6,0,5,-11,-4,-14,1,6,-8,18
154,1,2,1,1,0,4,4,1,-6,0,1,-1,-1,-4,1,1,-11,10,8,10,-13,4,7,1,-12
307,0,2,3,1,6,-5,4,-2,6,-5,-4,10,6,-4,0,6,6,2,-4,16,2,-8,-3,-7,-6
-71/36,0,0,2,1,-1,0,1,-2,4,2,1,-10,1,-1,-6,-4,0,1,8,-12,6,4,-4,6,-2
27/94,0,0,-2,1,6,-1,2,-2,6,-5,-9,10,-2,-2,3,-9,-2,-5,12,3,-2,-6,10,2,13
13,0,2,0,1,-1,-7,-3,-2,-3,9,-9,10,0,-1,1,5,-4,13,3,4,-1,6,5,-10,-2
179/16,0,-2,1,1,4,6,-3,-2,0,9,8,-3,-3,6,4,1,-3,-2,2,-5,14,4,4,-9,-14
88/9,0,0,3,1,0,-5,-5,-2,-4,9,-9,10,4,2,-6,-6,-11,-5,-3,4,10,0,12,6,8
91/9,0,0,1,1,-3,-7,6,1,-3,2,8,-1,-6,5,-11,6,6,-3,8,-3,-13,-8,8,6,-1
-1/144,0,0,4,-5,6,6,-6,1,-9,4,8,-6,-9,4,-11,1,0,-11,8,-15,-8,-4,12,12,14
-53/3910,0,2,0,1,4,-1,-2,1,0,0,1,2,8,-9,-6,-10,0,-10,-6,-9,-1,12,3,-7,8
-56/3907,0,2,2,1,4,-5,-3,1,3,6,6,-2,8,4,3,-11,-4,-8,2,2,7,8,14,-15,9
-54/3911,-1,0,0,1,-1,2,2,1,-3,0,-1,-2,-6,2,-1,6,10,10,-12,0,7,8,0,-15,-10
-9/652,0,-3,-2,-5,0,0,1,1,-9,-10,-1,6,-2,7,0,6,6,-7,-10,2,-2,4,-7,-16,1
1/162,0,0,-3,0,4,4,-6,1,-3,-5,-5,-2,6,6,6,6,-2,1,-8,-9,-7,-11,3,5,12
-2/653,-1,-2,0,1,4,-5,1,1,6,-2,1,-2,4,-9,-6,1,-4,8,10,-8,-8,-9,-3,-7,-6
-23/1957,0,2,0,3,-5,-6,2,-2,-7,-5,-6,-2,-6,4,-3,3,0,10,5,-1,-4,-10,4,-14,2
-26/1957,-1,2,3,-5,-3,-7,-3,-2,6,2,-5,-7,12,5,-6,-11,-2,8,-2,-8,-2,-4,-11,-15,-18
-5/392,0,-2,0,-5,-3,-5,6,-2,6,3,1,-7,-9,10,13,-2,0,4,-10,0,11,13,-4,-14,6
-1/50,0,2,0,1,0,6,4,-2,-8,4,-9,-2,8,-4,-11,6,-10,-4,11,0,-2,-9,-16,-1,-1
-1/303,0,0,-2,3,0,1,-5,0,-8,7,-5,-2,2,8,-6,1,6,4,2,8,-14,6,-7,3,8
-3/206,0,0,-3,1,-5,-5,1,0,-8,0,-1,-2,-6,1,8,-2,4,1,14,-15,11,-1,12,-4,-5
70/117,-1,0,0,1,6,-2,3,-2,1,-5,-8,-11,-7,6,2,6,0,2,2,5,-13,5,14,0,1
35/59,0,2,0,1,2,-5,5,1,6,-4,-5,-5,0,8,-8,11,10,13,11,4,14,0,12,-4,-3
65/122,0,2,0,3,6,-7,3,0,2,-4,-1,-5,-6,10,-1,-2,-9,-4,4,11,0,4,3,0,2
71/121,0,-2,2,-5,-2,-5,-1,1,6,7,-4,5,7,-6,-6,-11,6,8,-3,-12,-8,-14,4,-8,-6
35/62,0,2,0,1,4,2,2,-2,6,4,2,-1,-4,1,-6,-6,-4,4,6,12,7,-16,3,0,8
-50,-1,2,0,1,4,0,4,-2,-9,-5,3,-11,8,-10,0,1,11,-4,-14,-3,12,-15,-10,-9,2
94/25,-1,2,0,1,-1,2,3,-2,-3,7,-5,5,-4,4,-8,6,-7,0,8,-15,10,-16,2,6,-1
98/27,-1,0,1,1,-1,6,2,-2,-3,0,-1,-2,-3,-4,0,-4,1,-2,4,2,-2,5,12,-6,11
-21/16,0,0,1,1,0,-6,-3,-2,-8,6,-1,8,8,-3,-11,-6,-1,-2,16,10,-13,-14,-1,-14,-19
-16/19,0,-2,0,0,0,-6,-4,-2,0,3,-1,-2,-6,9,8,1,-12,5,12,0,-8,-1,2,0,8
-92/93,0,0,4,3,0,-6,2,1,-7,-2,2,8,-6,-10,0,1,-4,-11,3,-15,-4,8,-4,-6,6
-54/29,1,0,1,1,0,-5,-3,1,4,-6,-9,-5,6,-4,-7,6,9,-11,-8,0,-13,12,11,-10,3
269/19,0,-2,2,1,-1,-5,1,-2,-9,-4,6,-7,-6,6,-3,1,0,-1,6,14,-4,-12,4,18,3
536/37,0,-2,2,1,-1,-5,2,1,1,0,8,-8,-4,7,-11,1,7,5,-5,15,4,-8,10,1,-2
1074/77,1,0,-3,-5,-2,-5,-5,-2,6,-8,-1,-7,2,0,0,-7,7,1,-13,-3,-1,8,-5,6,1
107/8,0,2,1,1,-5,0,1,-2,-4,-5,-7,10,-9,12,-11,2,4,-5,-4,15,-4,4,0,-14,-9
182/11,1,2,-3,1,-2,-7,5,0,0,-4,-7,-6,-3,4,-6,-2,-4,-4,-3,16,-5,-1,15,2,2
362/25,1,-2,0,3,4,0,1,1,-4,4,3,10,3,10,3,-10,-9,8,8,16,-7,-5,2,18,-6
362/23,-1,2,1,1,6,-5,5,1,0,-5,-5,11,-4,-12,0,1,-13,1,2,6,2,0,4,-17,-14
363/25,0,0,0,-5,0,2,2,-2,-3,-10,8,-5,7,6,0,-4,6,-13,2,0,-13,2,0,4,8
181/12,0,0,0,-5,4,2,-3,1,-8,5,-4,-8,-9,4,11,1,-1,-2,-12,-3,7,-16,4,12,-6
9/1967,0,-3,0,-5,-5,6,2,1,6,-2,-7,-7,8,8,8,6,10,2,-14,14,-5,5,-4,-6,1
20/3931,0,-2,0,-5,4,-5,2,1,-3,2,2,-1,0,-4,13,-2,-12,-5,6,-15,-10,-14,10,18,8
19/3931,0,2,1,3,-1,-1,-4,1,6,5,-6,6,-4,-1,0,6,0,5,9,-13,-13,8,1,2,-18
2/437,1,2,4,3,-2,2,2,-2,0,4,3,-2,0,12,-6,-2,4,-10,-2,15,-6,-8,0,-2,-2
37/7861,0,2,2,-5,6,6,5,1,3,-2,-8,-11,-3,4,0,-10,9,-5,5,16,2,-1,-16,9,-12
38/7865,-1,2,0,1,-2,-2,2,1,6,4,-9,-6,-6,-12,4,-9,0,-5,14,12,-6,4,2,0,-19
5/983,0,2,0,-5,-3,6,-3,1,-8,-5,-9,10,-5,6,1,-6,4,1,8,0,-6,-9,4,12,2
43/7864,0,2,-3,-5,-5,-1,-5,-2,-3,-8,-5,-8,10,-1,12,-4,4,6,-8,-8,-10,0,-16,-15,8
81/149,0,0,1,1,0,6,4,-2,-4,9,-6,10,-1,-9,-11,6,-1,-5,-14,12,2,-8,2,6,10
-9/146,0,0,4,1,0,2,5,-2,-9,7,2,5,12,4,0,6,4,1,5,-15,-6,-14,7,3,-14
76,0,2,2,1,6,4,-3,1,3,-10,-1,10,0,4,-3,-4,-7,-2,2,3,-8,-16,-4,-1,3
-1/93,0,0,3,3,-1,-6,-6,-2,-4,-3,2,6,7,-4,2,-6,-13,6,0,6,11,-1,-3,-2,8
-1184/3,0,0,-2,1,4,-5,-6,-2,0,0,-4,-11,-4,8,0,7,-4,5,8,5,6,-14,6,1,-6
-3559,0,-2,0,-5,4,1,5,-2,2,-5,6,-6,6,-4,1,-2,7,6,-14,0,-4,4,10,-6,-6
-3558,1,0,2,-5,2,-5,6,-2,3,0,2,-1,8,7,8,1,2,2,6,4,6,-16,17,0,-1
-1777,0,-2,-3,0,4,-5,-3,1,-8,0,-8,7,0,1,6,-2,0,1,-12,-13,4,1,6,3,13
-450,-1,0,0,-5,-5,-5,-4,1,6,3,0,-1,-6,1,4,-2,6,8,11,-9,2,2,6,-6,6
-897/4,0,0,3,-5,-3,-7,4,1,-7,6,4,10,8,1,-8,-3,6,4,-13,12,-1,13,-6,1,14
-449,0,2,2,1,-1,-6,-1,-2,3,6,4,-3,-7,0,0,6,8,-7,8,-7,11,8,6,0,17
-445/2,0,2,0,-5,-2,-5,1,1,-9,-3,1,10,3,-7,0,6,-4,-7,-8,15,-11,-8,0,-13,8
-148,0,-2,0,1,2,-5,2,1,-3,-8,2,-11,6,0,10,-9,-4,4,14,4,-6,-12,-4,-6,12
-594,-1,0,4,0,0,-5,4,-2,0,6,-9,6,12,12,0,6,-2,10,2,-9,-5,11,-5,1,-12
-595/2,0,2,0,1,4,-5,-8,1,-3,6,-4,-2,10,-4,-6,7,10,8,11,3,-2,-14,-4,-17,11
-1781/4,0,2,0,0,-2,-7,4,1,-3,-8,3,-2,6,-6,1,-2,6,-6,2,-12,0,4,1,-2,-1
-1189/2,0,2,3,-5,4,2,-4,1,-3,-10,1,-5,-4,1,10,-3,-7,-1,2,13,10,-7,-4,-4,17
-2/153,-1,0,0,1,-1,-5,-2,-2,2,6,2,10,-4,-4,8,6,4,-8,-7,-9,-2,-10,-4,2,18
17/27,0,0,4,-5,6,-5,-8,-2,6,-4,10,10,-1,8,0,-12,4,8,0,-13,-5,-6,-3,0,-6
17/24,0,0,-2,0,-2,4,-8,-2,-8,3,-6,-6,12,0,1,-2,-4,-10,4,-15,2,-1,-4,-12,-19
55/79,0,2,0,3,0,1,2,1,-8,-2,4,10,8,1,-8,-6,-4,-11,4,-13,-13,-8,0,-9,8
25/39,0,0,0,0,2,-2,2,1,-8,-5,2,-1,6,-1,-6,-6,-4,-1,-14,-12,-4,-15,-16,6,2
-826,-1,-2,1,1,6,-6,1,-2,6,6,3,-7,0,5,4,-9,-12,6,12,15,4,4,-6,0,2
-274,-1,-2,2,1,-5,6,5,-2,6,4,-5,-7,0,2,-6,-2,-2,4,-14,-8,-4,8,-3,-15,-7
-413,0,2,-3,1,4,1,6,1,-3,6,-8,-1,-6,-6,4,-9,-12,10,4,4,-11,-10,12,-14,-7
-1/147,0,0,2,-5,0,1,2,1,-3,3,-10,8,-4,12,8,-2,-2,-7,-5,0,1,15,-1,-14,-1
3/152,0,0,2,1,-3,-1,2,-2,-3,-5,1,-5,10,4,-6,-2,7,0,4,11,-8,12,-6,-8,-14
-5/118,0,2,0,-5,0,-5,2,-2,2,-5,6,-1,-6,4,6,-14,10,2,4,-2,-13,-12,7,-1,-5
-3/59,0,0,-2,1,-1,6,-5,1,-8,-8,2,-2,-3,0,-6,-4,10,10,-14,-3,10,-6,12,6,-10
-7/118,0,-2,2,1,2,-6,1,-2,-3,4,-9,7,7,7,-2,1,10,-6,3,-3,-2,-10,-10,12,-2
-4/117,0,0,0,1,-5,-2,-6,1,-8,-2,-5,-11,4,1,-6,6,6,13,5,4,-14,-15,-16,-12,-6
-11/234,0,0,4,0,0,-2,1,-2,-8,0,3,5,-6,-1,7,-4,10,-13,-11,4,7,-9,4,-6,-6
-27/467,0,0,1,3,6,2,2,0,2,7,-6,-1,1,-1,6,6,-4,-2,-3,-12,11,-8,-10,8,2
1/23,0,-2,-3,-5,-5,-5,2,1,0,-3,-9,6,6,9,0,-4,0,13,-14,-12,-2,10,-6,18,-18
3/89,0,0,0,1,-2,-5,2,1,-4,4,2,-2,-6,-6,6,-2,4,-4,-8,10,12,2,-4,-8,17
-19/469,0,-2,1,-5,-1,6,-1,1,-8,-7,3,-2,-3,4,11,10,-13,10,0,14,7,9,-1,-7,-4
-19/234,0,0,2,3,-5,-2,-4,1,-3,-4,-1,-7,-6,10,11,6,0,13,4,13,11,15,-16,12,1
-89/85,0,2,0,1,-3,-5,-2,-2,-6,4,0,10,6,10,0,-11,-7,-1,-5,3,12,-6,16,-13,-1
-31/29,0,2,0,-5,4,6,-3,-2,4,-6,-10,11,1,-10,4,-4,5,2,-14,2,7,0,4,0,10
-97/83,0,2,0,1,-3,-5,-5,1,-8,-5,10,10,7,-6,-6,1,8,-2,0,-4,14,8,-16,18,8
-33/65,0,0,0,0,0,-2,5,-2,4,4,-1,-5,-6,4,12,-4,-12,8,4,-15,10,-14,7,2,-14
1042/3,-1,0,2,1,6,-5,-3,1,6,0,-9,10,-2,-9,1,7,-4,-8,9,13,-2,-5,-3,-1,-5
348,0,0,-3,-5,4,2,-3,1,-8,-10,2,-2,6,-1,11,-4,0,1,3,-12,14,-10,-3,-10,-12
262,-1,2,-3,3,0,0,1,1,-3,4,-1,-2,6,-1,-6,11,-13,6,-14,-12,-2,8,5,-6,-3
1048/5,0,-2,0,0,4,6,-4,1,-8,-3,-5,-3,12,1,-11,-10,11,8,-11,6,0,-11,2,0,6
-6/163,-1,0,0,-5,-2,2,-3,1,-4,3,2,10,1,9,-1,-2,-4,1,-2,8,14,-1,12,-6,17
-7/123,0,0,0,1,-1,2,5,-2,6,0,2,-2,6,4,-7,-4,0,-12,8,-12,-1,8,12,-8,-1
-25/487,0,-2,0,1,6,4,1,1,3,0,-1,10,-6,-9,10,-10,0,2,-3,9,-6,6,-16,-13,17
-23/489,0,0,3,1,-1,0,-1,1,-7,9,-8,10,0,-12,-4,6,6,8,-10,4,0,4,2,0,8
-1/120,0,0,0,1,-5,-5,3,-2,-3,6,-1,-8,-6,0,6,-12,-4,4,1,12,-4,0,0,-6,9
-16/485,0,2,0,1,2,-1,-6,1,-3,-7,-2,5,-6,-1,-8,-6,-13,-1,4,6,10,-15,-3,3,4
-8/243,0,0,1,-5,-2,0,6,1,6,2,-1,-5,-4,-12,-8,6,2,13,10,3,4,8,8,-6,-2
-4/243,0,0,-2,1,4,2,-5,0,-3,-8,2,-6,2,-4,0,-7,-5,-13,-14,-9,12,0,10,8,-10
-2/243,1,0,0,0,0,6,2,-2,4,9,10,2,4,10,-6,6,-7,2,5,0,11,4,-4,-1,-1
-1/123,0,0,0,-5,4,0,-3,1,-4,-2,2,-2,6,-10,1,6,-4,0,-14,-2,-2,-8,10,12,-3
5/123,0,0,0,3,0,1,2,1,-3,0,-9,-7,6,6,-6,3,0,-1,-12,6,2,-4,12,-17,14
4/251,0,-2,1,3,0,2,3,0,-8,-5,-1,10,8,0,-8,-4,6,6,5,14,2,5,12,-2,-19
6/203,1,0,0,-5,6,-5,5,1,6,-6,-10,-7,-6,8,-6,6,-4,1,10,12,2,5,16,18,14
2/201,1,0,0,1,0,-1,2,-2,-3,0,-9,2,6,-4,7,1,4,8,0,14,-13,-8,6,-15,2
-97/3,0,0,2,-5,0,4,-3,1,2,4,-5,-2,-5,-4,-8,1,0,-10,9,-2,-13,6,2,0,8
15/53,0,0,0,1,0,0,3,0,1,-8,10,-1,8,1,-4,5,10,-5,2,-5,-2,-4,4,-3,-3
-7/150,0,0,0,1,6,6,-3,-2,-3,4,-1,-2,12,-7,0,6,11,-2,-10,-12,-14,-8,-3,12,8
-19/301,0,-2,4,-5,0,2,2,1,6,6,-5,10,6,-12,-8,-6,-10,-11,4,-12,11,4,-3,-14,13
1/392,0,-2,2,-5,0,6,4,1,-3,-7,-1,-3,6,-1,-7,1,-14,-12,8,-7,2,4,-4,0,8
3/389,0,0,0,1,0,2,1,-2,6,6,-6,-1,0,1,10,10,6,13,-12,-13,2,12,-1,-10,12
-1/130,0,-2,0,-5,2,-2,2,-2,-8,-7,-5,6,0,10,-10,-9,-1,8,-14,0,-7,-16,12,-10,2
52/79,0,2,0,-5,-3,-7,2,-2,-9,-5,-1,-2,10,7,-11,-6,-4,8,-2,12,-11,-8,-5,-6,-3
23/39,0,0,3,-5,-1,-2,-3,1,-7,4,1,-6,8,2,-7,-10,9,4,-14,-3,-14,13,-4,10,11
-207,0,0,3,3,-1,2,2,1,-7,-2,1,-2,-9,12,0,-7,-4,1,-14,0,12,-9,-4,-8,-8
-826/5,-1,2,0,1,-1,-1,5,1,-3,5,-9,-2,-9,0,-1,-3,-12,8,2,0,-4,-15,12,-6,-9
-1651/8,0,2,2,0,-3,-7,-3,1,-3,6,1,10,-6,-7,7,0,-3,8,10,-15,5,0,-3,-8,-5
-68,0,2,3,1,0,2,-8,1,-3,3,-7,-1,-6,-6,-4,-6,-5,-12,4,4,-9,10,14,-1,-19
-12/271,0,0,2,1,-2,-6,6,1,3,6,8,7,-1,4,-11,-6,-14,2,4,-12,0,-1,0,-12,8
-7/269,0,2,-2,1,-2,-5,-3,1,-3,10,1,-2,-4,9,-6,-6,6,1,6,0,-1,-7,-15,2,8
-1/46,0,-2,1,-5,4,4,1,-2,0,-5,-6,-8,6,-7,2,-6,-5,-8,5,5,2,-6,15,1,-5
-223/15,0,0,0,0,-1,6,4,-2,6,-10,3,-3,-9,12,-3,-10,0,8,10,16,-5,-7,14,-12,10
-221/15,0,0,0,3,0,-7,-8,-2,-9,6,-1,-2,-4,5,-4,6,0,8,4,-12,10,15,-4,6,10
-8/279,0,0,-3,0,0,1,5,-2,-3,-4,2,10,-6,8,1,9,-14,-1,3,14,10,-14,-13,1,14
-4/277,0,-2,-3,1,0,6,-5,-2,-9,6,-6,-2,6,-10,-3,-3,13,4,2,-15,-4,6,7,3,2
49/31,0,2,1,1,-2,0,6,1,-3,10,2,6,8,8,0,-7,-4,1,-10,-12,0,8,2,1,17
-93/95,0,0,0,3,-3,-6,-5,-2,-3,0,-10,-7,0,-1,2,7,6,-6,5,3,6,4,5,1,-14
1/73,0,2,-3,-5,0,-5,1,1,2,-7,8,7,8,4,-6,6,-4,-13,4,7,-6,6,-3,5,-2
3/38,0,0,4,0,4,2,2,-2,4,10,-9,-2,12,12,-11,4,-12,1,5,-1,-13,-7,17,12,-10
10/137,1,-2,0,1,-1,6,-1,1,-3,-4,-9,2,-4,-12,0,-2,4,-5,3,-13,-6,6,12,2,8
13/135,0,0,0,3,0,-7,-3,1,3,3,-10,7,6,4,6,-4,-4,10,3,14,-7,4,2,12,8
7/68,0,-2,1,1,0,4,-2,-2,-6,0,-9,-2,6,4,-11,-14,10,10,2,-9,2,-8,-16,1,17
11/140,0,2,0,-5,0,-5,1,-2,-8,0,-1,-1,8,-6,0,-7,-14,-13,3,14,-4,-1,-16,6,-14
17/89,0,2,2,1,2,4,-8,-2,6,2,10,10,6,4,12,0,0,-10,5,-12,-11,-8,6,-8,-7
17/88,0,-2,2,1,-2,1,-8,-2,-3,-5,-5,-7,0,6,12,-6,-7,8,11,2,11,5,1,18,1
16/89,0,-2,1,1,4,-5,-3,-2,6,-5,-9,-1,-6,5,0,-10,-4,6,11,-12,-16,-8,-3,-8,-14
3/49,0,0,-2,-5,4,6,1,1,-3,3,-9,-6,7,-2,0,-2,2,-2,12,13,7,6,-12,-8,14
-2663/2,0,-2,4,1,4,2,2,1,4,-5,8,-5,-6,1,-6,2,-2,2,2,8,6,-6,6,10,2
-2662,1,-2,0,-5,0,1,1,-2,2,-4,-10,10,3,-1,0,1,0,-8,0,7,-10,2,-16,-17,0
-71/7,0,2,-2,-5,-3,2,-6,-2,-8,2,3,10,6,-3,4,-7,-4,10,2,-12,14,8,0,10,8
-2664,0,0,0,3,0,2,2,1,0,-2,-6,-11,-6,4,-6,-2,-5,-11,5,-12,-8,-7,1,6,1
-2666,-1,2,2,0,4,6,2,-2,6,-7,-10,6,12,-1,1,-4,0,6,-7,-9,4,-11,-16,6,2
-2665/2,0,2,0,0,-3,-7,-6,-2,-3,4,4,10,-4,-2,0,3,-1,6,-12,0,-4,8,-15,0,-9
-5332/3,0,0,4,3,-5,-5,-6,1,-3,4,-10,10,0,-1,10,9,-4,5,-10,-9,1,11,2,-15,8
-5330/3,1,0,0,1,0,-7,2,-2,6,-7,3,-11,-4,9,0,6,-4,-2,-3,3,4,-10,-16,-6,-14
-5331/2,0,0,-2,-5,-1,-6,6,1,4,-5,4,-2,6,-2,6,-9,0,-10,3,-12,1,-14,1,-14,10
9/781,0,0,2,-5,-2,-1,-3,-2,4,10,8,-6,6,-9,0,1,-4,-7,8,4,14,8,1,6,-2
32/2343,0,0,1,-5,-2,0,6,1,-4,3,10,-2,-3,-2,-3,-2,6,-2,5,4,2,6,4,2,2
-95/99,0,0,0,3,-2,-6,-4,1,-6,0,1,10,-2,-3,0,-10,4,6,-12,-5,-5,-16,1,9,8
-24/25,0,0,0,0,-2,4,2,1,3,-4,-10,10,-7,6,-11,6,-7,-5,-8,8,-8,0,15,-3,1
-893/59,0,-2,-3,0,4,-5,4,1,6,-4,-4,-7,12,-4,-8,3,10,-4,14,-9,6,-4,5,6,-7
-443/27,0,0,0,1,2,6,2,1,6,-2,1,10,-6,-4,2,-3,6,-8,4,-1,11,11,-4,-6,-14
-448/29,0,2,0,1,-1,4,-3,1,6,-6,2,-5,10,-9,-1,-3,-9,10,0,-1,4,-15,-11,-14,11
4/205,0,2,0,1,6,1,-3,1,-8,-7,1,-2,6,5,-7,9,-7,-7,12,-15,-2,-15,14,4,11
9/410,0,-3,0,-5,-2,-5,-3,1,-3,-3,10,-2,6,-4,0,1,6,-5,-12,3,8,-16,6,8,-1
-69/41,0,0,0,1,-5,4,6,1,-7,4,-8,6,6,-1,-6,3,0,1,5,0,7,13,-8,-3,-13
-22/15,-1,0,0,1,0,0,5,1,-4,3,-9,8,-5,-4,-2,1,-14,-1,10,-12,-4,9,-4,0,-12
-73/41,0,2,-2,3,2,-1,-4,0,6,-4,-6,-6,6,9,4,-4,10,2,4,3,-11,-1,-7,1,3
-36/23,0,0,3,3,0,6,5,-2,0,-4,-1,6,-7,-10,0,-11,0,-6,3,5,2,-1,-9,2,-9
135/7,0,0,0,-5,-1,2,6,-2,-6,4,6,2,-1,8,-4,6,0,6,3,-8,2,-14,-3,-14,2
268/15,0,0,0,1,-5,-5,-6,1,-3,3,-1,-2,0,9,0,-11,0,4,-5,-15,-1,-14,-16,6,-10
131/11,0,2,4,3,-2,-6,5,1,4,-2,-9,-7,-6,12,-3,3,2,-5,0,-8,-13,10,2,6,-18
134/15,1,0,0,0,2,0,4,-2,1,6,3,-8,-9,1,1,6,4,13,-5,-12,-2,-9,1,3,-1
127/8,0,-2,1,0,0,4,4,1,-3,-4,3,10,12,-9,4,-6,-4,-12,-12,6,-11,5,8,0,2
-889/60,0,0,0,1,4,2,1,-2,-8,-4,-9,-2,-6,8,3,-11,-2,4,6,5,-16,4,-12,0,18
-892/59,0,2,-3,1,0,2,3,-2,3,6,-1,-7,0,-2,-1,6,10,-10,12,-4,2,6,2,6,5
-451/31,0,-2,1,1,0,-6,2,1,0,0,2,-3,-4,5,6,7,-14,13,12,-9,7,9,4,-7,6
-2/1727,1,-2,1,0,-2,2,-1,0,-4,-10,-1,-1,6,-12,-6,6,6,10,0,4,-8,13,12,-6,8
-2/1723,1,2,2,-5,2,-1,5,-2,-3,-3,-2,2,-9,7,12,-6,9,13,14,-15,-5,5,-4,5,3
-2/345,-1,0,0,1,4,-1,2,1,0,7,0,-1,-3,-2,0,-6,13,-5,0,-4,2,-4,12,-4,-14
-3/1721,0,0,3,3,2,0,6,-2,6,7,-7,-1,3,4,-6,-6,2,-10,3,12,10,8,12,1,-2
-5/1723,0,2,0,1,-3,1,-6,1,4,-7,-4,6,-5,2,-6,6,0,-11,-12,6,4,-14,2,-6,-1
-4/859,0,-2,1,1,4,-1,-4,1,3,5,-4,10,-7,-1,0,6,2,-3,12,15,10,-10,16,3,2
-10/1719,1,0,0,0,-3,2,6,0,-8,-4,8,-5,-6,-4,-8,6,-4,-10,8,16,-4,6,-1,6,18
-4/1721,0,2,2,-5,0,6,3,-2,-3,-5,1,6,-5,-3,-8,-6,10,-13,-11,6,-4,-15,-3,6,17
7/866,0,-2,0,1,4,-1,-1,-2,6,7,3,6,7,4,0,4,7,4,-8,7,-13,2,-13,0,8
8/863,0,2,0,-5,2,6,5,0,-6,5,8,10,-5,-6,12,11,4,6,4,-9,-9,8,-3,3,-18
-111/7,0,0,0,-5,-2,6,-5,-2,-8,0,-2,-11,-1,8,7,-9,0,-10,-12,-9,-9,0,-11,9,-14
-21/295,0,0,0,1,4,0,2,1,3,3,-1,-2,2,-4,4,7,10,-8,-10,-5,-16,0,2,-6,10
183,0,0,-2,0,4,2,-3,1,-4,0,-4,6,-3,7,-8,-10,4,-13,-2,-15,-8,8,-12,-8,14
116/5,0,2,0,-5,6,-5,-3,1,4,-10,8,8,2,-4,-8,-6,10,-4,4,13,-10,12,-16,2,13
115/2,0,-2,0,-5,0,6,5,-2,-7,3,3,10,0,-10,1,-2,2,-1,1,3,7,0,-3,-10,-5
5/1147,0,-2,0,1,0,-6,1,-2,2,9,2,-8,-5,9,0,3,0,2,2,4,-10,-15,-8,6,14
6/1145,-1,0,0,-5,2,-6,4,1,6,-5,-4,-10,-9,2,0,-4,-11,-6,12,-7,-6,9,0,6,-6
-1/435,0,0,0,1,0,0,2,-2,1,-6,1,5,-6,-6,-6,-10,1,8,-12,4,0,-7,8,6,14
-1/431,0,2,1,-5,4,-6,2,1,0,6,-8,-7,-9,10,0,-3,-11,-2,-12,0,7,5,3,-12,-5
-8/65,0,-2,0,3,0,-2,2,1,6,5,10,-2,0,2,4,6,-4,5,11,6,-16,-8,-6,-6,8
-5/133,0,2,0,-5,2,6,-3,-2,-3,-1,-9,-7,6,12,-10,6,0,0,-4,15,11,8,-3,-13,-5
-5/132,0,0,0,-5,-2,-5,2,1,-4,4,3,6,-5,2,7,6,-10,8,-5,7,-5,-8,2,-6,18
-3/179,0,0,3,0,6,2,5,1,-9,4,-9,-5,6,-6,-11,6,2,10,-8,-13,-14,-4,-5,-12,2
-7/181,0,-2,2,1,-2,6,-3,1,6,0,-1,10,-7,-1,2,-2,-4,8,-11,-13,-1,-12,-16,2,8
-39/49,0,0,2,-5,-5,-7,5,1,6,3,3,-1,-1,9,-1,-4,6,-10,-8,3,-1,8,-4,-1,10
-38/51,-1,0,-3,1,-3,6,-2,1,-4,6,-9,6,-4,-4,8,3,9,10,-14,13,2,11,-11,-6,2
-17/28,0,2,0,-5,6,4,-8,1,-3,-5,4,-1,-5,-1,-6,-10,-9,-10,-11,6,-13,-14,1,10,14
-57/35,0,0,0,-5,6,4,5,1,-3,-4,-5,-5,-4,5,10,0,-1,6,-10,2,-10,12,-11,6,-6
-1/148,0,-2,0,1,-1,-5,1,1,-6,3,-5,-8,-6,4,4,6,6,8,-12,14,-7,-14,12,3,10
2/289,1,-2,3,0,0,-5,-2,-2,-3,-1,-7,-2,-6,8,0,-2,0,8,-12,2,4,-16,16,-10,8
-821/6,0,0,2,1,0,-5,-6,1,-3,9,-9,-2,-3,7,-8,-2,-5,-11,14,-4,-13,-14,-3,-3,-3
-1647/14,0,0,0,-5,-5,-5,2,-2,-4,-5,-9,5,6,-3,4,-4,-4,-13,-12,-8,8,10,-16,12,-18
-4946/41,-1,-2,1,-5,2,2,2,-2,4,-10,-1,-2,6,-2,0,11,4,-1,8,8,-6,1,14,-7,7
-4943/47,0,-2,4,-5,2,4,3,1,6,-5,3,-7,3,-2,3,2,0,4,5,-12,-13,6,12,-1,13
-1236/11,0,0,1,1,-2,6,-6,1,3,4,6,10,-2,-6,-7,-4,-9,-12,-2,-12,2,-14,3,6,-1
-1237/9,0,0,3,0,0,6,-3,1,-8,3,-8,11,-7,-4,8,-6,13,10,11,0,-6,-16,8,-6,6
-1243/8,0,2,1,3,0,6,-3,1,-4,6,10,-7,-3,-2,-6,11,-4,-11,-10,-15,-4,0,2,-3,2
-137/4,0,2,-2,1,4,-5,-3,1,2,-7,-1,-8,-6,-2,2,-11,0,-10,5,3,2,8,-4,6,-9
-823/9,0,0,2,-5,6,2,2,1,-8,-7,-5,7,0,7,1,-2,-1,-6,4,3,11,-8,10,0,-2
-822/11,-1,0,-3,0,-2,-5,4,-2,3,6,2,-1,-1,1,-6,0,-1,10,-12,-15,-13,13,14,6,-8
-9/127,0,-3,-2,-5,-3,1,4,-2,-3,6,-4,10,6,-1,-1,-2,4,2,-12,6,12,-8,5,10,-9
139/6,0,0,1,0,-2,-5,-4,0,0,0,10,-2,-4,8,-11,-11,13,13,-8,-15,0,-12,-15,-12,-6
259/4,0,2,4,1,4,1,4,-2,-3,3,-9,-11,-3,7,12,-2,-5,-10,3,-9,-4,-4,-13,-6,-10
252,0,0,0,1,6,-5,2,1,-4,7,-10,-6,1,4,0,-10,6,13,5,-15,-11,-16,0,-6,-6
253/4,0,2,3,1,0,-5,-3,-2,-7,-1,-5,-2,-6,12,0,11,0,-3,3,-8,-1,-1,11,2,2
403/23,0,-2,0,1,4,-7,-6,0,0,6,-10,-3,-4,-4,10,-10,6,-7,-14,-8,-13,-4,-7,-6,-12
402/23,-1,0,1,-5,2,-1,3,1,0,7,-10,-2,-6,-4,-8,6,-4,-3,-5,7,2,-15,0,0,2
401/27,0,0,0,-5,-5,4,4,1,4,-5,4,-2,0,-1,1,9,0,8,-6,8,4,4,2,18,8
133/8,0,-2,2,1,4,0,-5,1,6,9,-5,-8,8,-2,-8,6,-12,-1,8,-12,8,11,2,5,1
402/25,1,0,0,1,-1,2,6,-2,-8,4,-9,-7,12,6,-2,11,11,0,-5,8,6,-8,4,2,-3
806/49,-1,-2,1,-5,4,-7,2,1,6,7,-10,-11,-4,5,-6,-4,-2,-13,8,-2,7,-12,12,10,-2
204/13,0,0,-2,1,-2,-2,-8,1,-8,0,1,-5,-7,-10,0,-11,0,-4,4,2,-2,1,16,0,1
51/4,0,0,1,-5,6,1,-8,1,3,7,-5,-7,2,4,2,-4,6,6,4,3,-2,13,1,9,10
103/6,0,0,0,1,0,0,2,-2,-8,6,3,10,-3,-4,0,-4,10,8,8,6,-9,-1,3,-14,8
203/9,0,0,2,1,-2,4,5,1,-4,-10,-9,10,-6,-1,-2,0,6,-1,-12,0,-2,-5,4,18,8
145/8,0,-2,0,-5,-2,2,3,-2,-8,-10,-1,-3,0,4,-8,-6,-2,2,6,-4,7,13,-5,-3,14
131/7,0,-2,-2,-5,-2,0,-4,1,-4,-1,2,-11,-9,12,-8,-6,4,-2,9,-15,4,-9,-16,6,13
526/3,1,0,2,-5,-2,0,5,-2,-4,4,1,-2,6,-9,-7,-12,0,-2,11,-4,-9,-8,-15,0,12
521,0,-2,4,3,-3,2,5,1,-3,0,-7,-2,-4,2,-1,-2,9,-2,8,-12,-4,1,2,-1,17
123/4,0,0,-3,0,2,-5,4,-2,6,0,1,-2,-4,4,11,-2,6,-1,-7,4,0,10,10,3,3
-39/343,0,0,0,-5,0,-7,-3,1,6,-7,-9,-7,-7,-3,8,-4,-7,8,4,-3,-11,-14,-6,3,-7
-10/87,1,0,0,1,6,-1,6,1,6,-6,3,-7,-9,4,-6,-12,-10,-1,12,15,-6,-14,4,-8,8
-25/174,0,0,0,-5,4,-5,5,-2,4,-6,0,-7,-6,4,13,6,2,-8,-8,-12,-11,13,-4,-4,-9
-32/229,0,2,2,1,4,-1,-3,1,-3,4,10,-1,7,-4,0,1,-4,0,0,-13,10,-1,0,4,-12
-5/36,0,0,0,1,-1,-6,-5,1,1,7,1,-2,-6,-1,6,3,-9,-10,8,-12,-4,2,-3,-14,-5
-43/345,0,0,0,3,-2,-5,2,-2,0,-3,-4,10,-3,-1,-8,2,-9,8,4,5,4,-14,-1,10,8
-82/689,-1,2,-3,3,-3,-2,-5,-2,-3,7,6,11,-4,-1,7,5,-1,-1,4,-1,-13,-8,10,5,2
37/29,0,-2,2,1,6,-5,-3,-2,6,-6,-4,-11,-6,-4,7,3,4,10,-10,9,14,-1,0,9,11
34/29,1,-2,4,1,0,6,-8,-2,-8,-6,-1,-2,-5,8,11,1,-5,6,8,-9,0,13,-9,-12,-13
-85/2,0,2,0,3,4,1,-8,1,-3,4,-10,10,-3,-2,0,-4,-10,-10,-8,-12,-10,-16,12,0,14
-2477/20,0,-2,0,1,-5,6,-3,1,-3,4,3,2,-3,10,-6,-10,5,-4,-3,2,-2,10,6,-14,2
-2475/23,0,-3,0,-5,0,-6,-3,-2,0,0,3,-2,0,2,-6,1,-1,2,8,8,-1,6,3,-15,8
-4946/45,-1,0,0,0,-3,6,2,-2,-3,0,2,-7,-6,8,-3,-9,13,-1,-5,-8,2,-11,6,-1,-10
-4948/47,0,2,0,3,0,6,-3,1,-4,0,-2,8,8,-4,3,0,0,4,12,3,-9,10,4,5,14
-4946/43,1,2,2,3,4,-5,-6,-2,6,5,-9,10,4,-12,-6,9,-4,13,12,-5,11,-8,-16,12,13
-4945/41,0,2,0,3,-1,-5,-1,-2,-7,-4,8,-1,6,-1,-2,3,-12,-10,12,-5,2,-1,5,0,18
-4943/41,0,-2,0,0,4,-5,2,1,6,4,3,10,6,10,0,6,-2,0,-12,4,-1,-8,15,-6,-14
-416/5,0,-2,0,-5,4,-7,6,1,6,-1,4,10,-9,4,8,-2,8,8,1,-1,6,15,-10,6,-7
1/197,0,-2,-2,0,6,6,6,-2,-6,-3,8,-10,-6,12,0,9,5,-3,4,-15,-5,-7,1,18,1
21/3739,0,0,2,1,-5,2,-3,1,4,-2,6,6,-6,7,-8,3,11,-7,11,-12,2,8,3,-1,10
5/431,0,2,0,3,0,-1,5,1,-8,-4,10,10,10,2,-10,-2,6,2,5,2,-6,10,8,6,1
7/860,0,-2,0,1,0,2,3,1,3,-5,3,-7,-3,-12,-8,-7,-1,-7,2,4,10,-14,0,12,-10
4/217,0,2,-3,-5,2,6,3,-2,-3,0,2,2,-6,4,12,-9,4,-11,-14,2,-6,-16,3,0,3
5/863,0,2,0,1,-5,2,2,-2,6,7,1,-7,2,8,8,6,7,-3,-8,4,-10,-6,-3,-10,-13
2/863,-1,2,1,0,4,1,-3,1,0,-5,3,-1,-6,9,0,-2,6,8,4,15,14,4,-16,-14,-6
1/432,0,0,3,3,-3,-1,2,1,-3,3,0,-2,4,-2,0,2,2,-10,4,10,12,1,-13,2,14
-1/864,0,0,0,1,0,0,-5,1,3,-4,-1,-2,0,-9,1,6,6,1,3,4,-10,8,0,-10,0
-1/216,0,0,2,0,-2,-5,1,1,-3,7,2,-1,7,10,12,5,5,13,-8,-9,0,-8,-16,-3,2
1/217,0,2,2,-5,4,1,-3,1,3,-1,2,-7,-3,-2,1,-11,-9,-1,4,-3,-7,4,-5,-1,-18
-2/433,-1,2,4,1,4,-6,-3,-2,1,4,-6,-2,8,7,0,1,0,-11,-12,8,2,-8,14,8,-18
-5/429,0,0,0,0,-2,-2,2,-2,-3,-2,2,-7,-6,2,0,0,-2,6,2,3,-11,5,-3,-8,14
-7/1732,0,-2,1,1,-2,0,6,1,-4,3,-7,8,4,10,2,6,0,-3,-14,8,-6,9,0,0,5
-1/288,0,0,-3,1,4,-6,4,1,-8,6,-2,2,12,-4,8,-4,-7,6,-3,8,-2,-16,-12,18,1
-5/858,0,0,0,-5,-2,-2,-1,-2,-9,-1,4,-1,-4,0,-6,-4,6,10,4,-5,-14,-7,0,3,1
61,0,2,0,-5,2,-1,-1,1,-3,5,1,-11,6,-6,8,6,-2,-13,-14,-12,2,-10,0,18,12
2/207,-1,0,0,-5,6,4,6,1,0,6,6,11,-6,-9,4,6,6,-13,12,-9,12,10,-11,-12,-6
5/209,0,2,0,1,-2,-5,4,-2,4,-2,3,10,8,6,0,6,-2,4,2,0,-7,-16,3,-15,1
-15/1768978,0,0,0,1,0,-5,-3,1,0,-7,10,-8,-9,7,-6,-7,0,-1,4,-7,2,11,14,6,10
-7/884488,0,-2,0,1,-2,6,5,-2,0,5,-7,-5,7,-7,8,-10,7,4,-11,-15,6,0,12,-4,-6
-11/1768980,0,0,0,0,0,1,3,1,-8,-7,-9,-5,-5,-4,0,-9,0,6,2,12,-4,-10,6,-1,0
-13/1768980,0,0,0,-5,4,-7,2,-2,4,-4,3,-3,8,-4,4,5,-4,-8,2,-3,-13,-4,-5,0,6
-5/1768977,0,0,0,-5,2,-5,-1,-2,6,-2,-1,-1,0,-12,7,1,-11,6,10,-15,-6,-4,-13,0,-12
-8/1768977,0,0,4,-5,-2,-1,3,-2,-3,-10,1,-7,10,-12,-6,-6,-12,-5,12,16,-2,4,-6,18,14
-1/84237,0,0,0,0,-5,-1,-3,-2,6,4,3,-10,6,-12,-6,-2,6,-1,4,13,8,2,12,-8,16
-3/589664,0,0,-3,-5,4,2,1,-2,-8,-5,-9,-2,-3,12,3,-14,9,13,12,-9,2,-8,-13,2,9
-1/196555,0,-2,0,3,-2,-5,3,-2,6,-2,-6,-5,12,8,-8,1,0,10,-14,-3,-13,4,14,-8,2
-17/7,0,2,1,-5,4,-5,-8,-2,4,10,-6,-11,12,8,7,6,4,-2,2,8,-13,-8,4,-14,1
-176/5,0,-2,0,-5,0,-1,-4,1,-4,-5,-6,-11,-6,-4,10,-2,6,8,-4,11,-10,13,-16,-6,6
-354/13,-1,0,2,-5,6,-2,6,1,-8,-2,1,-11,-9,1,-6,-6,-12,-2,-7,-5,2,-8,-3,-3,-2
1/629,0,-2,1,1,2,-5,-2,-2,-8,4,2,-8,3,12,1,-3,6,-7,-2,6,-1,4,-4,8,-1
2/157,1,-2,0,3,0,0,-4,1,3,-4,2,6,-4,4,12,0,0,10,10,9,5,-7,15,12,3
100/93,0,0,0,0,0,4,-3,-2,6,6,2,-2,-3,4,0,6,-2,4,2,-5,-9,-4,10,2,-7
33/31,0,0,3,-5,0,-5,-5,-2,3,-7,2,10,8,12,-8,-2,6,-1,-13,15,-10,2,0,0,-13
131/5,0,2,0,0,-1,-5,3,-2,-8,5,-1,-8,-6,4,0,-7,-4,10,14,10,-13,8,-4,6,1
128/5,0,2,0,1,0,2,6,1,-8,3,2,5,-6,-6,-6,-3,-2,-4,-4,5,0,6,15,6,18
128,0,-2,2,1,4,4,-4,-2,-3,-5,-10,-2,-6,10,1,-9,0,1,-14,-4,-2,-8,4,-9,-1
-22/233,1,2,0,3,0,-1,4,-2,6,6,10,6,6,4,7,-14,10,2,4,0,2,-4,0,3,-8
58/235,-1,2,0,-5,0,-6,-4,-2,3,-10,8,10,8,4,3,-2,0,2,-2,3,-2,8,-9,-15,17
60/233,0,0,0,1,0,-5,2,1,-4,-7,-9,6,6,-9,0,6,0,-4,-13,4,2,-8,-12,-15,-5
61/230,0,-2,0,1,4,2,2,1,0,9,10,-2,8,2,-11,-10,0,-13,-2,-3,-5,15,2,6,8
58/231,-1,0,3,-5,-2,4,3,-2,1,-10,-9,11,-6,4,6,6,6,-10,6,3,-2,4,4,-6,0
-19/236,0,2,4,1,4,2,4,1,-6,-5,1,5,1,4,0,11,10,-2,-12,-12,-4,-4,2,-10,-12
-165/4,0,0,0,1,0,2,2,-2,-4,-3,-9,-2,10,5,0,-2,5,4,2,10,4,0,2,-12,-4
-68/7,0,2,2,-5,2,6,-8,1,6,4,-1,-7,-7,8,0,5,-12,0,11,-15,-7,-14,-3,3,11
20/3739,0,-2,0,1,-1,-1,2,-2,-8,3,10,-5,2,4,-6,6,-7,4,4,-5,14,-4,2,6,16
21/3743,0,0,-2,1,4,-5,1,-2,6,-2,-5,-7,-6,-9,-6,-2,0,1,8,9,12,-15,5,-2,-1
23/3739,0,-2,3,1,6,4,5,1,-7,5,3,-6,6,-4,0,1,0,2,1,-1,11,-12,0,-14,9
21/3740,0,0,0,1,-2,4,-2,1,-3,-5,0,10,6,-2,12,-10,-12,8,8,6,2,6,16,12,8
5/623,0,2,0,-5,4,-5,-6,-2,4,3,3,-6,6,4,4,2,0,-7,-14,4,-13,-4,10,-8,-1
11/1246,0,-2,0,-5,0,2,-4,0,-4,-10,2,5,-3,-9,3,-9,0,-7,-8,-12,2,-1,17,-8,-3
23/3737,0,2,1,-5,4,-6,5,1,-7,4,-5,-8,-6,2,-8,1,0,8,-14,-15,-4,2,-3,-6,-13
21/3737,0,0,-2,1,-3,2,-1,1,0,-7,-1,-8,-3,2,-8,6,6,6,-8,0,-10,-8,12,12,14
-1/1495,0,-2,0,-5,-5,-2,4,1,0,0,-1,-3,4,-1,0,-10,6,5,5,8,-11,11,12,-8,-4
1/1495,0,2,0,1,6,-2,3,-2,0,7,-5,-2,0,6,-4,6,5,2,5,-3,4,6,11,-6,-7
2/499,-1,-2,-3,0,2,1,-5,1,-8,10,3,5,-6,-4,-4,6,-9,-7,2,2,12,11,12,-6,-18
7/1496,0,-2,2,1,-2,6,-2,-2,3,-8,-4,-8,0,-1,12,-7,-1,2,-2,0,-4,10,4,18,0
-20/157,0,2,0,-5,0,-6,6,1,-3,-5,-8,-1,-6,6,1,6,0,1,4,-6,-10,-11,-4,-4,-2
-20/153,0,0,0,1,0,4,-2,1,4,-5,1,5,0,6,8,4,-5,-5,8,-12,-4,-1,0,18,13
-79/612,0,0,-2,-5,2,6,-2,1,-9,6,6,-7,12,2,-6,-11,-12,-7,4,-9,-9,4,2,1,8
-44/305,0,-2,0,3,0,2,-1,-2,6,0,0,-6,-3,-9,0,3,-9,-4,-11,0,2,-1,-12,2,-4
-85/611,0,2,0,3,2,-2,-8,1,-4,4,6,-2,-1,0,3,-2,0,1,3,7,-7,5,17,1,-9
-86/619,-1,2,4,-5,0,6,6,1,-4,5,-2,-5,12,-1,2,-4,-1,-13,10,5,-11,5,6,-6,10
-86/615,-1,0,0,1,0,4,5,1,-4,-4,3,-7,6,-1,4,7,4,-13,11,-9,7,-4,-12,-6,1
-84/619,0,0,2,1,4,-1,2,0,-9,0,-1,8,6,4,1,-11,-5,-4,12,-12,14,-8,-4,-1,-14
-87/617,0,0,2,-5,-5,-5,2,-2,-6,-10,-4,6,-6,4,6,0,8,-1,4,-9,-6,-15,14,1,2
-89/621,0,0,0,1,-1,-5,-4,1,0,-3,-10,-7,-2,2,-8,5,0,-5,-5,2,-6,5,-6,-13,8
-18/361,-1,0,-3,1,0,-6,-3,-2,-9,-5,-9,10,-2,-1,4,-4,0,6,4,-12,-6,1,-4,-14,14
-5/89,0,-2,0,1,2,-1,2,1,-8,-5,-5,-8,-1,2,2,3,9,2,8,-15,-4,12,5,-8,10
-3/241,0,0,2,1,-2,6,3,-2,2,3,-9,-1,-6,7,0,2,8,10,8,2,-2,-4,-16,18,10
1/243,0,0,3,3,-5,1,1,-2,-6,-5,6,-6,0,4,12,0,-7,0,10,-9,-13,11,6,10,10
-3/329,0,0,3,-5,-2,-1,-3,1,-6,7,-1,-5,-6,-1,3,3,0,8,-10,0,-10,0,11,-13,2
-4/329,0,2,1,-5,-3,6,2,1,2,-5,-8,8,0,-4,3,6,6,-2,5,3,-13,2,8,4,-12
71/235,0,-2,0,1,-3,-6,3,1,-3,3,4,2,-6,-4,3,6,-4,4,10,-12,7,-1,6,-6,9
16/33,0,0,0,1,-2,-6,4,1,-4,-2,-1,5,-9,8,11,-2,-4,1,-14,3,-13,-9,0,-1,-5
-14/1768985,1,-2,0,1,4,-1,2,1,-3,0,8,-8,-6,4,8,-4,-9,-1,4,-12,-2,-4,-3,1,1
-13/1768981,0,-2,0,1,-3,-7,-5,1,6,3,-7,-5,-3,1,-8,5,0,-11,11,-7,4,8,-1,-7,-18
-2/21059,1,-2,-2,-5,-3,0,-4,1,-3,-5,6,-8,-7,12,-6,7,-14,4,-14,3,4,-10,8,-1,-6
-1/9025,0,-2,0,3,-1,-5,-4,-2,-3,-3,1,-7,6,-1,-8,9,-14,2,9,0,2,-8,12,3,-5
-1/63177,0,0,-3,3,0,-1,-1,1,2,-1,2,10,-1,6,-4,0,4,-7,-14,-5,2,10,-16,10,11
-7/126354,0,0,2,1,2,6,4,-2,-8,6,10,10,1,-10,0,-4,-4,-1,4,4,-2,-1,3,6,2
-6/126355,-1,0,0,3,-2,-1,4,-2,4,-8,6,-8,-5,-12,0,-6,9,-2,8,15,6,5,-15,18,-2
-3/126355,0,0,0,-5,4,4,-4,-2,3,9,3,-8,-6,-4,13,0,-1,8,-3,8,2,-14,12,-15,-10
-8/884493,0,0,1,1,4,-5,-2,1,-8,-8,1,7,6,10,3,6,0,-11,-3,0,2,4,3,0,17
-13/1768986,0,0,2,-5,-1,-7,-2,1,-3,5,-5,-7,6,-9,3,6,2,10,4,6,-1,-9,10,-1,-10
-1/176898,0,0,0,1,-2,4,-3,-2,-3,6,10,7,-4,7,-2,6,-9,4,4,16,12,-6,-16,12,3
-3/353797,0,0,2,1,-1,-5,5,-2,2,4,4,7,2,-4,-6,3,6,10,-3,-4,0,12,4,10,2
-1/927,0,0,-3,1,4,1,5,1,-3,4,-8,10,-6,5,-3,-6,0,-1,-14,8,-4,-8,-16,10,13
-9/73,0,-3,2,-5,4,6,2,-2,-3,4,-6,-7,-6,-1,1,-12,6,-7,-12,-15,-6,-4,0,-6,12
-7/80,0,2,0,1,4,1,5,-2,4,4,-1,-2,-3,4,-8,-2,0,8,5,-2,1,13,12,-12,14
-25/231,0,0,0,-5,-2,-5,-5,-2,-8,-2,-9,2,-4,7,-6,4,4,10,2,12,-6,-8,4,6,-12
-40/349,0,-2,0,-5,2,6,2,1,-3,-10,-9,-5,-7,6,0,11,1,-10,12,5,-10,6,3,-15,14
-13/88,0,-2,1,1,-2,-7,1,-2,-3,4,0,10,8,9,4,-2,-13,-13,6,-15,-6,-14,-3,-10,6
-47/347,0,-2,1,-5,4,0,2,1,3,-10,10,-1,-5,-1,-8,5,-4,2,1,-12,-2,0,12,2,2
-44/347,0,-2,-3,3,0,4,4,-2,-3,6,3,10,-7,-7,-6,1,7,6,-12,-15,-2,1,6,-6,8
53/16,0,-2,-2,1,-3,-1,5,-2,-4,4,-9,8,-1,-4,-6,-10,0,8,-12,-12,-2,13,-7,6,17
37/10,0,2,0,3,4,-5,-6,-2,2,-3,-9,-11,6,12,-8,10,6,-8,-11,6,0,15,9,-6,14
87,0,0,-3,3,6,-1,-6,-2,6,-10,-7,10,-6,-6,10,-12,2,4,8,13,11,-14,-6,-6,-9
177,0,0,0,1,-5,-5,1,1,-6,5,-1,6,0,2,0,6,-12,0,-12,-15,-2,-4,17,-9,-4
22/3741,-1,0,2,-5,0,2,2,1,-8,-6,-10,-11,0,-12,-11,0,-2,-13,8,-8,-13,-15,0,-12,-5
23/3741,0,0,2,3,-5,2,-5,-2,-7,-6,2,-2,-1,-12,-4,-9,2,1,11,8,-2,-7,-16,12,10
-5/268,0,2,0,0,4,2,2,-2,-3,7,1,-7,-3,8,0,6,6,1,0,-1,-13,-10,0,-6,-1
346/3,-1,0,3,0,0,6,-6,-2,6,0,3,6,1,9,6,-2,-7,8,4,-12,-4,-12,12,-3,18
347/4,0,-2,3,0,4,6,-5,1,1,6,8,-7,2,4,0,7,-4,2,10,-13,-7,9,3,6,-18
175,0,2,0,1,6,-6,2,1,4,4,-1,11,-1,10,1,6,6,1,-12,-9,-1,-4,15,-12,-5
172,0,2,-2,-5,4,1,-6,0,3,-1,8,-11,6,-1,-11,5,-1,-4,4,14,10,-10,4,-7,2
229/3,0,0,3,-5,-2,6,2,-2,-3,0,-10,11,6,-10,0,1,-3,-13,-10,6,-5,8,2,-8,17
1041/2,0,0,-2,1,0,6,-6,-2,-8,9,-5,-2,6,-1,-6,6,0,2,0,14,2,11,-4,18,-8
1039/5,0,-2,0,1,-5,-5,2,-2,6,0,-4,-2,-1,-4,2,6,0,1,-3,13,-4,-9,1,10,-7
9/127,0,0,2,1,4,2,3,1,6,3,3,2,-2,-6,-6,6,0,10,4,12,2,-16,-5,-15,-7
7/125,0,-2,0,1,6,-1,-3,-2,-8,-2,2,-5,-3,4,-4,-2,0,1,-10,-9,4,-1,-3,-15,8
5/63,0,0,0,-5,-1,-5,3,1,-8,4,-5,10,-6,7,-6,-2,6,-2,-2,15,-7,-8,3,-16,9
41/496,0,-2,4,0,0,2,-3,-2,1,-2,2,-7,-4,-1,0,-2,-14,6,11,14,-6,12,2,6,2
82/991,-1,2,0,3,4,2,-3,1,6,0,3,7,-4,-2,0,6,5,8,2,8,10,10,-7,-10,-18
79/989,0,-2,0,0,0,2,5,-2,0,6,0,10,-3,-12,-11,6,0,1,5,-15,-11,4,6,-9,18
77/989,0,2,3,1,0,6,2,0,0,4,-9,5,12,-12,-6,-12,-12,-11,-8,4,2,8,6,-12,2
-1633,0,-2,2,-5,2,-5,3,0,-7,7,1,-3,-9,-6,-8,6,0,10,2,-12,2,4,2,-16,-6
-4895/6,0,0,0,1,0,2,2,-2,-6,4,4,6,-1,4,-6,1,-1,6,2,-7,4,1,-4,-13,-3
-2450,-1,2,0,1,-2,6,5,0,3,6,1,6,10,-6,0,1,2,8,-10,-15,-7,8,-16,3,-7
-2450/3,1,0,0,1,-5,4,2,-2,-9,-4,1,-7,-6,1,0,-6,-4,-6,-12,14,4,4,4,-17,-5
66/235,-1,0,0,1,0,2,6,1,0,6,-1,-7,0,10,3,3,0,13,8,4,10,10,12,10,-6
30/119,1,0,0,-5,4,0,-2,1,-9,10,-7,10,0,4,4,-2,-14,8,8,-9,-6,-14,-5,-6,10
-502/19,-1,-2,2,1,2,1,-3,-2,-4,-1,4,-3,-3,10,0,4,6,2,-12,6,12,10,3,-12,14
-507/16,0,0,-3,1,-1,-7,2,-2,6,10,-5,-2,-6,-7,-10,6,-9,-13,8,15,-2,13,14,-6,6
-51/2,0,0,-3,1,-1,6,-8,-2,-3,-10,-8,-6,-5,-3,0,-3,6,-1,10,-8,0,-10,-3,8,6
-1259/47,0,-2,2,3,-1,2,-3,-2,2,0,-2,10,-7,4,3,6,2,-10,8,0,5,12,2,-6,-1
-1/98276,0,2,1,1,4,2,4,-2,6,-4,-5,-7,-6,4,2,-12,8,5,5,4,-6,-8,3,-7,-8
-1/98277,0,0,-3,-5,4,-1,-2,1,1,6,-1,-7,6,-2,3,9,0,-2,16,-5,12,8,-10,18,14
4/294831,0,0,2,-5,0,2,-2,-2,3,3,3,-7,6,-6,3,-4,-14,8,8,0,-4,-8,4,-15,-10
-1/73708,0,-2,2,-5,-3,6,-3,1,6,5,-4,-7,0,8,-6,1,0,-5,8,6,-4,8,3,5,-10
5/147414,0,0,0,-5,0,2,-3,1,0,0,-10,10,-3,-2,0,6,-2,-5,14,8,0,-8,-5,8,10
1/147417,0,0,2,1,-1,-5,6,-2,3,5,-9,5,4,-4,13,6,10,-5,11,0,14,-14,-15,0,9
1/98277,0,0,0,1,-3,-5,-2,-2,3,6,-5,-2,6,4,3,1,0,8,-4,-5,4,0,-7,-8,14
-1/294832,0,-2,3,0,-5,-5,3,1,4,-5,2,-6,12,5,-8,-6,-4,10,5,5,-10,15,3,2,-14
1/49139,0,-2,2,1,2,6,-6,1,-8,0,-1,-7,-7,6,4,2,6,-1,-8,-12,2,0,-4,-10,-4
2/147415,-1,-2,0,0,2,2,-3,1,2,6,-7,-3,0,12,-6,6,11,-4,0,14,-6,0,-4,0,13
3/147418,0,0,4,1,-1,-5,-3,1,-8,-3,-5,-8,-3,5,4,-6,4,-3,4,5,10,-14,1,-1,13
-3/63176,0,0,-2,-5,6,-5,6,1,-9,-4,8,10,-6,-7,-3,5,-4,-7,-7,8,-6,-12,-5,-14,-6
1/88448,0,-2,-3,-5,4,1,5,-2,-6,3,-7,6,2,-7,8,7,-7,8,2,6,-1,5,8,-6,14
3/442247,0,0,1,3,-5,-2,-5,0,-3,0,3,10,1,2,12,-11,-4,0,-12,8,11,-16,8,6,-12
-1/110562,0,0,0,-5,6,-1,2,1,-4,-7,-4,-1,-1,-10,1,5,-11,2,-4,0,-2,0,6,10,-18
2/442245,1,0,0,-5,-1,6,-1,1,6,-5,-4,5,7,-6,-10,-2,5,13,8,-8,5,12,-3,6,1
-1/442245,0,0,0,0,6,6,6,1,-4,-4,2,10,4,-1,13,-14,2,-10,-11,3,-14,4,-11,-2,2
-2/442249,-1,2,0,-5,-3,6,-5,-2,6,-7,-1,-1,8,1,-6,1,1,2,8,-4,10,10,-7,-2,-12
-47/42,0,0,2,-5,4,-6,-4,1,2,-5,2,6,0,-1,-8,-6,0,2,4,-15,-4,-16,6,-6,1
-100/89,0,2,0,0,6,4,-4,1,6,-5,-7,10,2,0,4,10,-11,6,-12,15,12,-15,17,-8,12
-95/86,0,-2,0,-5,0,-6,1,1,1,-5,10,2,-9,-12,12,6,-4,-7,-6,-15,-7,4,-11,0,13
81/7,0,0,-2,-5,6,-6,2,-2,-3,-3,4,8,0,6,0,-14,-1,1,-12,12,2,5,0,-12,8
25/33,0,0,0,-5,-2,4,-4,-2,4,0,-4,-2,-7,-10,-6,0,-12,-2,-14,-12,-1,-16,4,-1,14
-40/21,0,0,0,-5,4,-5,1,1,-4,-4,-10,-2,-7,4,-11,1,-4,10,-12,-2,12,1,4,-14,-7
27/109,0,0,2,-5,2,-5,3,1,3,0,1,-2,-6,-6,-10,10,6,5,8,6,6,13,-12,6,2
-10/89,-1,2,0,-5,-5,-5,-5,1,3,-3,10,-11,-7,7,4,-6,0,-13,-12,-15,-1,8,3,-8,-9
-13/87,0,0,2,-5,-1,-7,-6,1,-8,-6,-4,7,-7,6,3,-4,0,8,4,-7,2,13,0,10,10
11/29,0,2,2,-5,0,-5,-3,-2,-8,-6,1,-1,2,4,4,-3,-3,13,-4,12,-4,-10,8,10,-8
3/217,0,0,2,-5,6,-1,6,-2,-8,2,2,6,-1,1,8,6,0,-1,4,5,4,9,-13,10,-7
1/430,0,2,0,-5,-5,2,1,1,-3,2,1,6,-9,-12,-6,10,0,2,-8,-3,7,-8,6,-7,8
-247/2,0,2,2,1,-2,-7,-3,1,-8,6,4,-1,6,2,0,10,-12,1,2,5,-4,-1,11,-13,2
-121,0,-2,1,-5,0,-1,5,1,-8,-3,3,11,-7,12,4,-6,6,10,3,-3,-11,5,4,2,8
17/13,0,-2,2,-5,-2,-2,-8,-2,-9,-5,10,10,-5,-2,0,-6,-12,1,-8,-9,4,-15,14,8,12
541/8,0,-2,0,1,-2,2,-5,-2,-3,-4,-7,2,-6,6,-7,6,6,0,2,-15,2,11,-16,10,-6
541/5,0,-2,0,1,4,6,-3,-2,3,-1,-5,-8,-6,2,-2,-12,-2,4,12,16,11,-4,1,-12,2
269/9,0,0,0,-5,-2,2,5,-2,1,-5,1,-10,-9,-4,6,-10,-4,-8,8,3,-10,-6,-4,6,8
135/4,0,0,0,-5,0,4,-3,-2,-3,-5,-9,-1,3,1,3,7,0,-10,-14,13,-5,-10,5,-3,-6
134/3,1,0,2,-5,0,2,2,-2,4,-4,-2,-7,-1,8,-3,-2,-7,-13,-5,-3,6,6,-12,8,-14
269/6,0,0,1,-5,6,-5,-3,-2,6,4,10,2,-6,4,6,3,10,0,4,-9,2,-14,3,-6,12
-9791/7,0,2,-3,-5,-2,-1,2,-2,-3,3,-1,10,-9,12,-6,-6,-4,13,4,2,7,-6,4,-12,-8
-9791/4,0,2,4,-5,0,-6,-3,1,-9,10,-5,-7,-7,-7,-6,-4,6,8,3,5,-5,10,-7,-2,2
-2447,0,2,2,3,2,2,4,1,4,-10,-6,-3,0,-1,0,-2,-9,-12,-12,9,4,0,-3,6,2
-1634,-1,2,0,-5,4,-5,5,1,-4,3,-5,-1,1,-1,7,10,0,13,-12,-8,-1,8,3,2,-6
-817,0,-2,-2,1,0,0,3,1,3,-3,-1,-10,3,-1,-3,-2,11,1,-10,-15,-4,0,5,-4,-18
-2444,0,2,4,1,0,-7,-3,-2,-8,0,-5,6,6,8,-8,7,0,-8,-14,-15,-10,-5,14,10,-5
-4888/7,0,-2,0,-5,-5,-7,-5,1,6,-4,-4,-5,4,4,-8,4,10,2,-3,-9,-5,2,-4,-6,2
-4887/5,0,0,0,-5,2,-5,6,-2,3,-8,-9,6,2,10,11,3,-2,-5,-12,-9,7,0,12,12,0
-1631/4,0,2,0,1,-1,-5,-3,1,1,7,3,11,-2,4,-6,1,-1,-13,12,7,12,11,-4,8,1
-1959,0,0,0,0,6,-5,-3,-2,-9,9,-7,10,8,-10,-6,-6,-4,-12,5,6,12,8,-10,-9,-5
-9795/4,0,0,0,3,4,-5,6,-2,6,0,-1,-2,-6,-1,0,6,4,1,-3,5,2,-11,3,-1,5
-9780/7,0,0,0,-5,-2,-5,-4,-2,-9,0,-1,-6,8,7,-2,-6,-2,10,-10,-9,14,-8,12,1,17
-9783/7,0,-3,4,-5,-5,6,5,-2,1,4,-2,-5,-6,10,-8,1,0,-10,11,4,-5,1,6,-6,10
-4894/3,-1,0,0,1,-3,4,6,1,-8,-5,-1,-7,-5,-6,0,7,0,-11,4,-12,1,-8,11,-6,2
-9788/9,0,0,3,1,6,1,-3,1,-9,-5,-7,-1,-3,4,-10,-6,7,13,2,13,4,15,10,6,8
-9783/10,0,-3,0,0,-3,4,-5,1,-3,0,1,-2,-6,9,-1,-12,0,10,8,-3,-13,8,3,10,-14
-9788/11,0,-2,2,3,-2,-6,2,-2,-8,-2,3,-2,-6,8,-11,6,6,-5,-5,14,10,-6,-4,-4,-10
-3264,0,0,0,-5,-2,6,-8,1,6,9,-1,6,6,-1,-4,-9,7,8,11,-1,7,-8,10,1,-14
-4888,0,-2,-3,-5,4,-7,-3,-2,3,9,1,5,8,-7,-8,1,11,1,10,-5,-8,-12,15,-3,9
-247,0,-2,2,-5,2,-7,-3,1,2,3,2,-8,12,7,-6,6,0,-6,4,-3,-1,-15,12,6,17
-124,0,-2,2,1,0,-6,6,1,4,0,-10,-11,12,2,0,-3,0,5,-3,-3,2,-9,-4,12,17
-125/3,0,0,0,-5,2,-6,5,1,1,-8,1,-7,0,6,0,6,-3,0,10,8,-6,10,6,6,6
-487/5,0,2,0,1,2,-5,-3,1,-3,6,-1,-2,-6,1,12,-6,6,-10,4,-1,14,-15,12,6,10
-243/2,0,0,0,0,4,0,-5,1,-3,0,10,-2,-7,1,-6,-9,-13,4,-2,8,2,-16,0,10,-5
214/3,1,0,0,1,0,0,-4,1,6,2,1,-7,3,-7,10,3,-4,8,-2,-12,-6,-4,-3,10,2
173/2,0,2,1,1,-3,0,-1,0,2,3,-5,-1,6,-2,-11,9,6,-13,14,-15,4,1,4,3,-18
865/13,0,2,0,3,0,-2,-4,-2,-8,9,-9,-2,0,8,1,-6,5,1,8,2,-5,2,4,0,-9
857/11,0,2,-3,1,-2,6,-3,-2,3,-5,1,2,-7,12,2,-6,10,6,-14,4,-13,8,10,-12,-2
429/5,0,0,0,1,0,-7,5,1,-8,6,1,-10,-6,-6,4,-3,-11,1,-14,6,14,-8,4,12,2
287/3,0,0,1,1,-3,-1,2,-2,-9,0,-9,-10,-4,0,-2,-2,-7,0,5,2,-6,4,0,-6,-1
862/11,1,-2,2,1,-2,4,5,-2,-3,2,-1,8,2,12,4,-3,-14,8,-10,14,12,-8,-4,0,8
280,0,2,0,1,4,6,-3,-2,0,3,2,-2,-3,-2,0,-3,4,-11,-8,6,2,4,3,-10,14
100/3,0,0,0,3,-3,1,2,1,6,3,1,-2,1,-10,4,-6,0,13,12,-4,7,11,0,10,8
99,0,-3,1,0,0,-5,2,1,3,-5,6,-7,-6,-1,12,1,7,8,-12,8,10,-11,-3,-13,10
503/11,0,2,-3,-5,-2,0,-3,1,2,6,-9,10,-6,5,-7,0,10,6,-11,6,-4,-4,-3,-12,-2
-2445,0,0,0,-5,0,6,2,1,-6,7,-10,-10,2,-4,-8,1,13,-13,-10,15,-8,-1,4,0,-14
-9785/3,0,0,0,-5,0,2,-3,1,1,-2,-1,-5,8,6,0,6,5,5,4,8,1,-9,0,18,-2
-4894,1,-2,4,1,-5,6,-6,1,-3,6,-10,11,7,12,0,-3,5,2,-11,3,-13,-1,0,-6,1
-9788/3,0,0,1,-5,0,-1,1,1,3,-3,-9,10,-1,5,-6,1,-2,-4,8,-4,-6,-15,12,-8,12
-4888/3,0,0,1,-5,2,-7,2,-2,-9,3,-2,10,-6,-10,-8,-6,5,8,12,-15,-16,-15,0,-14,1
-4892/3,0,0,0,-5,-5,1,1,1,6,5,-6,-7,2,-9,-10,-4,2,-8,-11,15,4,0,3,-6,18
-2449/3,0,0,2,-5,4,6,5,-2,0,6,-10,-5,-1,9,8,-2,9,-6,-3,10,0,4,6,6,-10
-2447/2,0,-2,2,-5,-2,-5,-4,1,3,0,2,-5,0,4,3,-9,6,-1,5,3,-2,0,-7,12,14
-244,0,-2,4,0,0,1,5,-2,-3,-5,-10,-2,-7,-7,-6,4,-4,-13,1,15,4,13,2,-14,2
-1220/3,0,0,0,-5,-3,-5,1,1,-3,0,8,-7,-6,4,13,-3,-13,-13,0,2,-6,-4,4,12,12
51/470,0,0,0,1,4,-6,-8,1,1,2,-10,6,-9,-1,3,-4,6,-3,5,0,-1,11,5,1,-6
13/118,0,2,0,0,-2,-7,-3,1,1,0,3,5,-7,5,-4,-11,10,5,-6,-9,12,-14,-16,2,-1
100/941,0,-2,0,3,-1,6,5,-2,-9,4,-9,-10,8,1,12,6,4,10,12,-9,4,-16,2,6,-6
35/314,0,2,0,1,-3,4,5,-2,6,6,2,-8,-6,-4,-3,-2,-11,4,-12,4,-13,-7,-3,-17,-10
100/943,0,2,0,1,4,-5,-3,1,0,-8,-1,-7,6,0,4,-3,0,-5,8,3,-7,15,3,-8,2
103/941,0,-2,-2,-5,0,-5,2,1,2,0,0,10,10,12,6,1,4,-4,-8,-4,-13,-14,12,6,-2
53/471,0,0,3,1,-5,-1,2,0,-3,7,-1,-6,-6,4,12,-10,4,-8,6,8,-8,8,6,-15,-7
-3267,0,0,-2,1,0,-1,2,0,-4,10,10,2,0,-6,0,3,-3,-1,5,-8,-4,-6,-3,-15,-1
-3266,-1,2,2,3,-5,2,5,1,-7,4,-1,11,-6,4,-8,2,-4,6,-14,-12,6,0,16,0,-2
-77/614,0,-2,3,1,0,-1,-3,-2,3,-7,10,-2,-5,4,6,-4,-14,-8,6,15,10,8,-3,-16,10
-77/612,0,0,1,1,0,2,-2,-2,2,9,-4,6,-6,12,0,-3,-13,1,5,13,-5,6,-1,-3,14
-76/615,0,0,0,1,6,6,2,1,-3,-8,-5,-5,6,-7,0,-2,-14,-6,5,-2,-6,5,7,12,-4
17/110,0,2,0,1,-2,-5,-8,-2,-3,-7,2,-7,-6,0,-1,-2,-1,13,-12,-2,14,-7,-3,-2,12
19/113,0,-2,0,-5,6,-5,5,1,6,9,10,-6,0,1,2,-11,1,2,5,4,10,-8,1,-14,-4
14/111,1,0,1,1,-2,0,5,1,6,5,10,-8,-2,-1,1,-10,6,10,-2,-5,-13,8,-4,-6,8
32/221,0,2,2,0,6,-2,-2,1,-4,-4,-1,-2,-7,5,-6,-11,9,-10,8,12,-5,-7,-5,-12,14
20/121,0,-2,0,3,-2,-5,-1,-2,3,-2,-1,10,-1,-10,-8,3,-10,2,4,2,-2,-14,-4,12,-7
12/119,0,0,-3,-5,4,-6,-2,-2,-8,-2,1,-7,-6,8,-6,-7,6,-8,4,-3,-7,2,-4,-6,-18
431/6,0,0,2,3,-3,-1,4,1,-4,0,0,-8,-3,-10,0,6,5,-5,5,-5,0,5,-3,2,13
143/2,0,2,2,-5,0,-7,6,1,4,0,-7,-5,10,8,2,-2,-12,2,4,7,4,-10,12,0,6
427/4,0,2,0,1,4,-6,-4,-2,-3,-1,6,-2,0,-4,2,-2,13,-13,5,-3,-5,-14,0,-7,-14
854/5,-1,2,0,1,0,6,5,1,-9,7,-1,-2,2,8,7,-11,2,-13,-3,2,-2,-16,6,0,6
430,-1,2,0,3,-5,2,2,1,-6,-3,-9,5,6,-1,0,-10,-7,-5,16,12,-13,8,14,-6,11
267/5,0,0,0,3,4,-5,3,1,1,6,1,-7,0,-10,0,-9,0,1,0,6,10,5,-5,-13,-14
287/2,0,2,4,1,2,6,3,0,-8,9,-10,2,-4,-10,-4,-9,-2,-7,-12,-3,14,8,12,-13,-14
95,0,-2,0,-5,4,-5,-1,1,-8,-5,-6,-2,0,4,2,6,-11,8,16,-12,2,8,9,6,-14
24/295,0,0,0,3,6,6,-3,-2,-8,0,8,10,3,-3,-6,-9,10,-8,14,8,-13,5,-10,-9,14
8/99,0,0,2,0,-2,2,2,1,3,7,-1,-11,0,4,7,-2,6,-6,-14,-15,14,-10,-4,18,-2
255,0,0,0,3,-1,-5,-8,1,6,2,2,5,8,4,4,6,0,-4,-10,12,-7,0,4,6,12
190,-1,2,0,0,-2,-5,2,1,2,4,-10,-2,7,-6,4,-2,-4,8,4,-7,8,-10,-4,10,-1
767/3,0,0,2,1,6,-7,6,1,6,3,10,-7,0,-12,12,-4,-12,10,-3,3,2,-4,3,10,9
763,0,2,0,1,-3,-1,5,-2,0,0,10,5,6,-9,7,4,-2,4,4,8,-11,0,-3,10,-8
571/6,0,0,0,3,0,0,-3,1,3,9,-4,-2,6,4,6,-6,-10,13,-14,7,-4,-16,3,-1,-14
571/4,0,2,1,0,0,1,5,1,-4,-4,3,-8,-4,10,6,11,0,-11,-14,5,2,5,4,-1,17
570,1,0,0,3,0,4,-4,1,6,3,3,-2,0,7,12,-10,0,-5,-10,-1,-4,-4,6,-6,-12
7/40,0,2,0,1,-5,6,-3,-2,6,-1,10,11,-3,-12,-8,6,7,-11,-12,-15,-13,-10,2,-12,2
-2/463,1,2,4,-5,0,1,-3,1,3,-7,2,5,-3,-1,0,-6,13,-3,12,-6,-13,13,6,6,1
33/686,0,0,2,-5,0,0,2,-2,-3,-5,4,-7,-6,2,0,6,2,8,5,2,-2,-5,-3,6,-9
37/690,0,0,0,-5,2,4,-6,-2,0,-10,-2,-11,-3,4,13,-4,0,6,-12,16,-5,0,17,1,12
41/685,0,-2,0,0,6,-6,5,-2,-3,7,-2,-2,-4,9,12,1,-4,10,-10,-1,-13,5,-16,-14,6
37/688,0,2,1,0,0,0,5,-2,-6,0,2,-11,-6,-12,-11,6,0,-13,-12,-12,-14,-4,2,-8,-6
-79/61,0,-2,0,0,4,2,-3,1,3,6,8,2,0,-2,-6,6,9,-4,-12,-2,-8,4,12,6,-13
-26/19,1,2,4,1,4,-7,-3,-2,6,7,-4,-7,-1,-10,7,9,0,-4,3,7,11,-10,0,-17,1
-494/47,-1,-2,-3,1,-3,-7,-3,1,1,-5,-10,-3,0,2,3,7,-4,-3,0,0,6,8,14,-1,14
-986/95,1,-2,0,1,6,6,-8,-2,-3,-10,3,-7,3,1,2,-2,0,10,-13,-12,10,1,-5,-4,8
-983/91,0,2,-3,-5,2,-2,-4,-2,-8,-5,3,2,8,2,-10,10,1,10,0,-12,-5,-9,9,-6,18
-493/49,0,-2,3,-5,4,-5,-8,-2,1,-10,-9,7,-6,7,-8,-14,1,-11,-2,-9,-2,-7,10,8,-2
-159/11,0,0,4,-5,-2,-5,4,1,-9,-2,-7,7,-3,4,-8,-10,0,2,5,4,-7,4,0,-15,0
-491/49,0,2,0,-5,-2,6,3,1,-3,5,-6,-6,-5,4,1,-4,-2,-1,5,-9,7,-4,9,1,-12
-247/24,0,0,-2,-5,-2,-7,-5,1,2,5,-1,-5,-4,-1,0,-2,-2,8,4,15,0,13,0,18,11
-493/44,0,2,2,1,-2,-5,-8,1,-3,-10,-5,-6,0,1,8,6,-7,1,-5,4,-2,11,12,-3,13
-497/44,0,-2,-3,1,-2,0,2,1,3,0,10,-2,-6,-10,6,-2,2,6,2,-12,-13,-9,-12,8,6
1/494,0,-2,1,1,6,-2,4,-2,-8,4,0,-7,12,-2,4,-2,-4,8,-14,-9,7,-1,3,6,0
1/301,0,2,2,-5,-2,6,-1,1,1,-5,-2,-2,3,-12,12,6,0,-2,8,-6,-13,10,-3,12,-3
4/63,0,0,-2,-5,2,4,-5,-2,3,-3,-10,-2,-4,-1,-8,-9,0,2,4,-15,-13,15,-10,-15,-7
9/124,0,0,0,1,-2,-5,6,1,-3,-5,2,-3,8,0,12,-2,-9,4,-2,-15,14,8,-6,-6,1
7/124,0,2,3,1,2,2,5,-2,3,3,2,6,-9,4,-10,4,-9,8,8,2,-8,-9,6,6,-19
-19/154,0,-2,2,-5,-2,1,5,1,2,3,10,-2,1,-1,1,-2,-4,6,4,8,-11,-8,-7,-14,-2
-27/206,0,0,-2,-5,0,6,6,1,0,7,-7,-8,-6,10,3,-2,-1,6,10,0,-6,-9,-4,12,2
-6/47,-1,0,0,3,0,-1,-1,1,-8,3,10,6,12,4,3,-3,-14,-3,2,-3,11,-16,-3,10,-2
14/121,-1,-2,2,1,-2,2,1,1,6,-8,4,-1,-3,4,-1,6,4,2,-14,16,-5,-14,-11,6,-3
11/119,0,2,1,-5,0,6,-2,1,-4,2,-10,-1,4,1,0,10,-9,1,-14,0,-9,-7,-16,-6,5
7/115,0,2,0,1,0,1,5,-2,0,6,-9,10,0,8,-11,6,-3,0,-2,3,2,-7,-3,6,8
25/233,0,-2,0,1,4,2,6,1,-6,-2,10,-7,-6,10,7,-12,-9,4,16,3,-6,-14,-3,-14,2
22/233,-1,-2,2,-5,0,-5,3,1,-3,6,-9,10,-2,-4,0,-6,-4,5,-12,4,12,-9,15,-6,-2
30/311,1,0,0,3,6,-1,-5,-2,4,-10,1,10,8,10,8,-4,-12,-1,-2,13,5,6,14,1,2
5/51,0,0,0,1,4,-5,-2,1,-3,7,-1,-2,12,-4,1,-10,-4,8,-10,8,12,-16,-4,9,10
6/77,-1,0,2,-5,-2,6,6,1,6,4,10,10,-9,7,11,-10,-1,13,-7,2,-10,-16,12,6,-9
14/155,1,2,0,1,-2,6,1,-2,-3,9,2,10,3,2,2,-4,0,8,5,10,14,-16,-13,10,-18
12/155,0,0,0,-5,-5,2,-5,1,-8,6,2,10,7,-6,0,11,-3,-6,-8,-12,4,4,-3,-4,10
7/104,0,-2,-2,1,0,-2,6,1,4,-8,-9,7,8,-2,-6,-4,-4,-5,-12,5,12,-8,-4,3,8
3/35,0,0,0,-5,4,-1,2,1,2,6,-2,-2,6,2,-6,-2,6,-5,-12,4,-6,0,3,-6,14
27/331,0,0,2,3,4,4,2,0,-8,-3,10,-2,8,12,6,-6,6,0,-3,-12,5,-6,10,10,7
81/991,0,0,0,0,-3,2,-5,1,2,6,3,10,0,-10,13,-6,1,-10,4,0,0,-8,-12,1,-9
-259/3,0,0,-2,1,0,-1,-1,1,-8,7,8,-11,2,-7,8,-6,6,-13,10,-9,0,-4,12,-15,2
84/991,0,0,1,1,4,0,-1,1,-9,4,-5,-2,-6,10,0,6,0,8,-14,2,-13,2,-10,-3,-2
