-10/13,-1,-2,0,3,2,-2,5,1,-3,-8,-10,-7,2,1,8,-10,-9,6,8,-9,2,-14,9,12,17
-9/11,0,0,4,3,-2,4,-1,-2,6,6,-6,-5,-4,8,-8,-14,-13,8,-10,6,-10,6,12,18,8
19/28,0,2,-3,-5,4,1,5,1,-3,10,-10,10,6,-10,-8,1,0,1,-13,14,-1,4,3,3,11
16/29,0,-2,1,1,4,2,1,-2,6,-6,1,6,7,2,4,6,10,8,4,4,-16,5,9,1,-14
11/15,0,0,0,-5,0,6,2,1,-3,6,-5,10,-9,4,0,6,4,-6,-12,6,2,5,4,-6,12
-74/13,-1,2,0,-5,4,-2,-1,1,1,4,3,-11,-4,5,-11,-2,-7,0,5,9,0,-8,4,-17,0
-71/12,0,0,2,-5,2,-6,-3,1,-9,4,2,-6,-6,-12,0,-2,4,-4,-11,-12,2,12,11,0,18
-49/79,0,-2,1,1,-2,1,5,1,6,-5,10,-2,-4,8,0,-2,-14,-5,-14,8,-6,-8,-10,0,13
-25/37,0,-2,0,-5,-1,-6,2,1,-3,6,2,-8,0,4,-4,-6,-11,1,-8,6,12,-12,-4,-6,-12
-26/41,-1,-2,2,-5,4,-7,-5,1,-9,6,4,-8,6,-1,4,-9,1,-3,12,-12,-13,4,12,-14,9
-8/5,0,-2,0,-5,4,2,6,1,-8,10,8,-6,2,8,0,10,6,4,8,-15,-1,-9,14,12,3
-17/11,0,-2,2,0,-2,0,-8,-2,3,0,-8,-7,8,-6,0,-4,-11,-13,-14,4,-11,-11,4,0,-10
57/40,0,0,0,3,4,-5,4,1,6,0,-9,-5,6,0,-8,6,6,1,4,-5,-13,8,4,-8,8
14/11,1,2,1,1,-2,-6,-4,-2,6,-2,-8,-2,-6,-1,0,-3,6,1,4,15,2,-9,4,-6,2
61/46,0,2,0,3,-2,-5,5,-2,0,6,-6,-2,-5,-4,-2,-2,0,-13,-10,2,-6,-14,1,10,8
59/45,0,0,0,0,-3,6,-1,-2,6,7,-6,-8,6,12,0,-2,-12,-5,-12,3,-8,-10,2,1,9
10/7,-1,2,0,-5,-2,6,3,1,6,-10,-4,-8,-3,-1,-6,10,0,-7,12,12,2,2,-15,1,2
27/46,0,0,-3,-5,0,0,5,0,0,-4,-1,-2,-4,4,4,-12,0,2,4,-9,1,6,4,6,2
30/43,1,0,0,1,-2,2,-4,1,-3,-1,10,-2,2,-12,-11,11,10,-7,-2,12,1,-6,1,-14,12
-5/3,0,0,0,3,-1,6,-3,-2,2,-5,10,5,-6,2,8,6,0,-7,-12,3,-6,-6,3,10,2
10,1,2,0,3,6,2,-1,-2,6,10,1,-5,10,-4,4,6,0,-2,-3,-8,-4,-12,10,-13,-7
23/37,0,-2,1,0,-2,-5,-6,1,-7,0,-5,-8,6,-9,10,-3,0,-1,-11,-15,2,-8,4,1,-14
8/11,0,2,2,1,-2,-1,-1,1,3,-4,3,-1,-6,-9,12,2,9,8,11,-9,11,-6,14,2,17
17/23,0,2,1,-5,2,1,-8,1,0,-7,-7,-8,2,4,1,-11,-9,10,-14,-8,14,11,3,-15,-1
24/35,0,0,0,-5,-5,6,1,-2,6,-2,6,-7,0,4,0,-12,4,-1,5,16,2,10,4,-14,-5
-19/3,0,0,0,3,-5,4,2,1,-3,9,-10,-1,12,12,0,6,13,10,5,-15,-4,-11,6,3,16
-39/8,0,0,2,3,-1,-7,-1,-2,-8,-4,1,-7,-1,-2,2,-3,-4,6,4,12,-4,-5,8,-4,-4
-70/19,-1,-2,0,1,4,2,3,-2,2,6,3,-2,-2,7,-4,-2,-10,-8,4,-2,-6,9,-16,-6,-5
-71/19,0,2,0,-5,0,6,1,-2,1,10,-2,-1,6,4,0,5,0,8,16,-12,2,8,2,8,-2
-31/42,0,0,3,-5,6,6,5,1,6,4,-10,-5,10,12,0,-6,7,1,8,8,-16,8,2,10,-12
-13/2,0,2,4,-5,6,-7,-6,-2,-3,-5,-5,-8,-6,9,0,2,8,13,-13,6,7,13,-1,-12,11
-43/8,0,2,1,1,4,-6,4,1,-3,7,-1,11,10,-1,-8,1,-2,-3,10,-15,2,5,2,10,-1
-9/5,0,0,0,0,4,-6,2,1,1,-2,1,10,-1,0,0,-4,0,2,8,5,14,-10,6,-1,10
25/22,0,2,0,-5,-2,2,2,1,-8,9,3,5,3,8,-8,6,-11,-2,-14,8,-2,10,1,9,-2
31/23,0,-2,-2,-5,0,6,-3,-2,0,3,-10,10,0,6,13,6,10,-13,3,-5,10,10,2,-14,-18
-12/31,0,0,-3,3,2,-5,-3,1,6,2,2,10,-3,-6,0,-3,-4,1,12,11,14,-11,5,1,-5
-23/66,0,0,-2,-5,-2,1,2,1,-7,-5,-6,2,-5,10,-4,-2,6,10,5,-9,-1,-11,-3,-6,-6
29/4,0,-2,2,1,6,-5,2,1,-3,-10,0,6,-6,-6,11,7,6,1,1,6,11,12,-4,-6,-4
29/5,0,2,0,3,0,4,3,1,-3,-10,3,-6,-6,1,1,-2,0,6,-2,8,4,-15,4,6,-1
-85/48,0,0,0,0,0,-5,-8,0,-3,2,-9,7,2,-1,6,6,6,8,10,11,-4,-15,6,-1,8
-80/51,0,0,0,1,0,0,-2,-2,3,0,-9,2,-2,4,-6,-10,0,13,-4,12,-13,-16,-13,10,1
-3/5,0,0,0,-5,2,0,-3,-2,0,4,10,6,-3,12,6,6,8,-11,14,12,11,6,-3,9,-14
-7/6,0,0,2,1,0,2,-3,1,6,2,-10,-2,-2,-4,-6,6,0,-1,-3,-1,0,-6,0,-4,-6
-29/12,0,0,-2,-5,-3,1,3,1,3,-10,-9,10,-6,4,0,-6,-4,-5,-14,-15,0,-8,14,-8,-18
-21/11,0,0,2,1,-2,-5,6,1,-9,-4,0,-7,0,4,0,-2,2,-3,-14,-5,-4,-9,3,6,-3
-20/11,0,-2,0,1,-2,2,-4,1,-8,3,2,-2,4,-4,7,1,-7,1,14,-12,-10,-8,2,-14,-6
-49/22,0,-2,-2,1,-2,-1,2,1,-8,6,-6,5,-7,12,0,-7,-4,-13,3,2,7,11,-16,6,10
-47/21,0,0,3,-5,-2,6,4,1,1,-3,-1,5,-4,12,-8,-4,11,-5,8,0,-7,6,0,0,-6
78/7,1,0,1,-5,0,-7,3,-2,-8,6,-1,11,-6,2,-6,-6,2,-1,-14,2,-7,-4,2,-15,-2
-13/36,0,0,2,0,-2,-7,-6,1,-4,2,4,10,-3,12,8,9,6,-10,-14,-9,10,-16,-4,10,8
-10/37,-1,-2,0,1,-2,-5,-3,-2,-9,-4,10,-8,2,8,2,7,-4,-11,12,-4,-14,-1,-4,18,-2
-18/97,-1,0,4,-5,0,2,1,-2,-3,-2,3,5,-9,-7,0,-6,-4,8,14,2,-2,8,-3,6,4
-7/31,0,-2,2,1,0,-1,-3,0,6,4,2,-3,0,4,0,-9,-11,2,-12,-15,2,11,10,-8,-5
-5/7,0,2,0,-5,-3,1,-4,1,-9,7,8,-1,-1,6,12,-9,13,13,16,11,-6,9,2,10,-18
-43/50,0,2,0,1,-1,0,-4,-2,6,0,2,-6,-6,-1,0,-11,-9,-2,4,-6,-4,4,12,1,17
-13/18,0,0,2,1,2,-7,-3,-2,-8,-5,2,2,-6,8,0,-2,-2,-5,10,3,-5,-9,-7,-10,10
-19/28,0,-2,0,-5,2,2,-5,1,6,3,-9,6,-2,8,2,-7,0,10,0,10,0,15,3,0,-14
8/95,0,2,0,1,0,0,5,-2,6,4,-10,10,-4,4,-6,-11,13,-4,-10,-12,-6,1,10,18,-1
-40/3,0,0,0,3,4,-5,5,1,6,-4,-4,7,-6,-6,-6,-9,-13,8,2,-12,0,6,-4,0,10
-45/2,0,-3,0,1,4,2,2,1,1,0,-2,5,-9,10,2,-14,0,13,12,4,11,-4,12,-2,16
68/15,0,0,0,-5,2,-5,-8,1,-8,7,10,10,10,8,8,-3,-11,-2,2,0,4,6,12,-1,10
-15/11,0,0,0,-5,-2,2,5,1,3,-2,-2,10,12,-1,4,6,6,1,5,-3,-13,6,0,18,-5
-17/13,0,2,0,3,0,-2,-8,1,0,0,-9,-6,-6,4,-8,-3,10,0,2,15,-10,-8,-15,-6,17
89/57,0,0,0,-5,2,2,6,-2,2,-1,2,-5,3,5,0,10,4,-12,4,3,1,-8,-5,-13,2
90/59,-1,-3,0,1,2,4,1,-2,4,5,2,-1,-6,7,-11,-3,10,10,-4,8,-6,8,-12,-12,-1
-17/4,0,2,0,0,-3,6,-8,-2,-3,5,10,-2,1,7,-11,10,7,-4,-2,-12,11,10,-3,6,8
-60/49,0,0,0,-5,6,6,-3,-2,-8,-8,2,-3,0,4,0,-3,4,-1,3,-15,-10,0,1,0,-9
-57/47,0,0,1,-5,-2,2,-1,1,1,0,1,6,-1,-6,3,3,9,-7,12,6,-9,2,-7,-6,-18
-29/24,0,0,1,1,-1,-5,-3,-2,-8,-10,-9,-7,12,4,0,-3,6,-10,4,5,11,8,2,0,10
-12/13,0,0,2,-5,4,-2,2,1,-3,-5,3,-5,-6,4,0,1,9,-1,-12,-8,8,13,3,0,-18
4/33,0,0,0,-5,-2,-5,-3,-2,-3,4,-6,7,6,5,10,4,0,4,-14,-15,-13,-16,-7,8,14
22/31,1,2,-3,-5,0,6,-3,1,-4,4,2,-2,1,5,0,0,-1,-3,0,4,6,8,-16,18,-2
94/25,-1,2,0,1,-1,2,3,-2,-3,7,-5,5,-4,4,-8,6,-7,0,8,-15,10,-16,2,6,-1
91/68,0,-2,-3,1,4,-7,-2,-2,-3,-5,1,-6,-6,-1,4,0,6,13,1,-4,0,8,2,12,10
29/22,0,-2,3,0,-2,-1,3,1,-8,-10,-1,-2,-2,9,-8,-4,6,-12,-3,-5,-6,-16,-16,-15,-3
-4/25,0,-2,0,1,2,-5,-3,1,-8,4,3,-7,-1,2,1,-6,-14,8,-12,-12,-10,-16,-3,-9,-18
-5/24,0,0,0,3,-2,-1,-4,1,6,4,-1,2,-7,-2,6,-6,-7,1,-11,8,2,15,-4,10,8
-13/92,0,2,0,0,4,-7,2,-2,0,0,-9,2,-1,2,-10,-3,-14,4,4,6,-6,8,-12,12,2
-25/3,0,0,0,0,6,-1,2,-2,3,4,-6,-8,-3,-4,0,-2,-9,5,-7,-15,-5,0,8,10,-5
28/9,0,0,2,1,0,-6,2,0,-8,4,1,7,0,2,-8,10,9,1,0,-5,10,1,-16,-10,-12
-25/27,0,0,0,-5,2,2,-5,1,3,-1,-1,-2,-3,9,1,1,0,-10,2,8,-4,0,-11,1,6
-27/26,0,0,-3,3,4,-2,2,-2,4,0,-2,2,10,4,-6,-3,13,1,-14,6,-1,0,3,0,8
-62/57,1,0,2,0,-1,4,4,-2,-3,-2,-10,-2,8,-7,3,-9,-9,-1,12,-9,-1,-12,-11,-1,-8
-63/59,0,0,3,1,0,-5,1,1,0,-3,-8,-5,-6,12,-10,6,10,10,12,16,-6,-16,5,10,14
-64/57,0,0,-3,1,-5,-5,6,-2,-3,-4,10,-5,0,4,-7,-4,-4,10,6,-15,-6,10,-4,0,12
-65/57,0,0,0,-5,2,-7,-4,-2,-3,6,-9,-1,-3,1,0,11,5,10,0,14,-7,-8,-13,-6,-18
-59/32,0,-2,0,0,-3,2,-3,-2,-9,3,3,-10,-7,8,-3,-4,-12,-10,-14,-4,-9,8,-7,10,-4
-57/35,0,0,0,-5,6,4,5,1,-3,-4,-5,-5,-4,5,10,0,-1,6,-10,2,-10,12,-11,6,-6
-11/68,0,-2,-3,1,0,-5,-2,1,3,-2,-2,-2,-2,10,-8,-10,-7,-10,4,-15,2,0,4,6,-8
-20/33,0,0,0,3,-2,6,2,1,-8,-3,-8,-2,2,4,-6,-3,2,1,0,-12,-8,-16,-12,-7,8
-31/49,0,-2,4,-5,4,-6,1,-2,-3,-8,-10,-5,8,4,-6,4,11,6,8,-12,-14,-9,-4,3,6
-31/47,0,2,0,-5,0,2,6,1,-3,4,-10,-2,-4,10,3,-2,-3,13,8,3,-6,11,-12,2,1
31/49,0,2,1,-5,-3,6,-1,1,6,5,-10,10,8,-2,8,-11,-5,-2,-12,-9,-14,-8,-6,-12,13
68/99,0,0,3,-5,-2,0,-8,-2,-3,-2,2,-5,-5,6,0,5,-4,-1,2,2,-13,8,-4,9,-14
-79/91,0,-2,4,-5,-2,-2,4,1,6,-7,-2,-6,-6,-4,-8,-4,-4,-11,12,8,4,4,-4,-8,9
-71/85,0,2,0,1,0,2,-2,1,-4,0,-5,10,-1,7,1,6,-1,2,4,-12,2,-8,4,-7,-18
-29/18,0,0,-2,-5,6,0,2,-2,-3,-10,2,-2,4,-3,2,3,2,-13,-14,15,-2,6,0,-6,-14
-29/19,0,2,2,-5,2,-6,5,-2,-3,-10,-5,-5,-2,10,-6,6,-14,1,-12,0,-4,-6,-4,5,-5
-64/39,0,0,1,-5,-3,-2,5,1,-9,4,1,-2,8,8,-6,11,-11,10,5,-1,11,-8,15,6,-3
-65/37,0,2,0,1,-2,-7,4,1,-4,10,0,-8,1,-6,-10,-2,-9,8,-8,12,-5,4,-11,12,-14
-19/12,0,0,0,1,-2,-6,2,1,6,-2,2,-7,-5,4,-6,7,8,8,11,8,-6,-5,-10,1,3
-25/12,0,0,0,1,0,6,2,1,-9,10,4,8,2,1,0,2,0,-5,4,4,-6,5,0,9,14
-47/23,0,-2,0,0,0,6,6,1,0,5,-6,-1,-6,-1,-8,4,0,8,-12,-15,-2,-7,-3,-3,-12
-45/23,0,-3,0,1,6,0,4,-2,0,6,-7,11,2,-1,-6,6,6,1,12,-9,-5,-14,-7,1,17
4/15,0,0,0,-5,-5,0,5,1,3,-5,1,-7,3,-4,0,-2,6,-7,-5,3,-4,-1,4,-10,1
13/48,0,0,4,0,2,-7,1,-2,6,3,10,10,0,4,1,6,-9,0,1,5,-2,-16,12,1,7
5/16,0,-2,0,1,-5,-6,6,-2,-9,9,1,6,6,10,-6,11,6,-1,4,-1,11,8,8,-8,8
9/29,0,-3,4,1,2,1,2,1,-3,-6,3,-7,-4,2,0,1,2,0,8,-2,0,13,6,18,-6
-19/21,0,0,0,-5,0,-1,-3,1,-8,-4,-5,-7,3,4,0,6,-14,2,5,13,-1,-16,0,-6,8
-17/19,0,2,3,-5,-1,-5,-8,-2,6,6,-10,-2,6,0,6,-2,-2,6,8,6,10,-8,6,-8,14
-7/8,0,2,4,1,2,-5,2,-2,6,10,3,10,0,-1,12,3,-11,-8,-12,-12,-5,4,2,6,-8
-14/15,-1,0,0,1,-1,-6,1,-2,-9,4,-4,-8,10,-2,0,-2,5,-13,10,-3,-10,-8,7,-8,0
14/51,1,0,2,1,-1,6,-2,1,1,-1,1,8,7,5,-6,1,-4,-5,-12,-12,11,12,-9,6,-2
8/25,0,-2,0,1,6,-5,4,-2,0,-1,-5,-11,6,4,0,-4,-9,-12,10,0,12,6,16,10,2
2/11,-1,2,3,-5,-2,6,5,-2,-9,4,3,-2,-4,12,1,-7,10,-7,2,15,5,13,-3,-4,-5
5/11,0,2,0,3,-2,-5,-6,1,-3,4,1,-11,-3,4,6,-2,-4,1,4,4,2,-7,-3,-14,7
-15/92,0,0,0,1,6,4,-1,1,0,-8,0,-6,-3,-10,-11,2,-2,4,14,11,-14,10,3,-6,12
-16/95,0,2,0,3,-3,-1,6,-2,6,-1,1,8,-3,10,-11,-10,0,-7,2,16,-4,8,16,0,8
11/19,0,-2,1,-5,0,-5,2,-2,-8,-2,3,-7,6,6,-6,1,-4,8,9,16,-10,11,-3,-10,12
52/95,0,-2,0,1,0,-7,6,-2,6,0,-9,-1,-5,-6,12,6,1,2,4,0,7,-8,1,12,7
50/93,1,0,0,-5,6,6,-6,-2,0,-10,2,2,-6,-6,0,1,6,13,4,-15,-10,-14,2,2,17
29/27,0,0,0,1,0,1,-3,1,-3,-10,4,5,-5,-6,-6,-7,6,-3,12,14,-14,-1,-16,12,10
35/31,0,-2,0,1,6,6,5,-2,-3,5,2,-7,-6,9,0,-6,-4,-1,14,-12,7,1,12,6,-14
32/35,0,2,0,-5,4,-5,5,1,6,6,-1,-2,-7,-3,1,6,-4,2,4,6,-8,13,2,6,0
7/3,0,0,1,1,2,4,-3,1,6,-5,1,11,6,12,-6,2,6,1,-3,15,-13,10,12,-14,8
97/34,0,2,-2,0,0,-5,-2,1,-3,-7,-1,-2,-2,4,0,2,-11,-10,6,14,-9,1,0,-6,8
94/35,1,-2,0,-5,-2,-1,-4,-2,0,-4,-1,11,-9,10,-8,3,0,-3,0,6,-4,-8,-3,10,10
89/32,0,2,0,3,6,-5,5,0,-3,7,-9,-10,-7,12,-11,4,6,-7,-12,3,-8,8,-16,-13,-5
-16/15,0,0,0,-5,4,-5,-3,1,6,-8,2,-1,-4,-10,-8,-10,-1,-5,9,-15,-11,-11,10,-15,18
-17/15,0,0,0,-5,-3,4,-8,1,-3,-3,3,2,-6,-3,4,5,-5,8,3,-9,-10,-4,2,-1,17
60/79,0,0,0,1,0,-5,1,0,2,6,-5,-8,12,8,-6,-2,5,-3,-4,2,-4,-8,0,-7,-19
62/81,-1,0,0,-5,6,6,-1,0,-3,0,-10,-6,6,-2,-6,-10,10,-6,-7,4,10,6,12,1,-2
66/79,-1,0,1,-5,0,2,-5,-2,6,0,-9,-6,-3,4,12,-2,-2,13,-4,15,0,-8,-4,1,12
-49/11,0,2,0,1,-2,-5,5,1,2,3,-10,-7,3,-10,1,6,-7,8,4,-1,14,-14,7,-6,2
-25/4,0,-2,0,1,-1,2,5,1,3,4,8,-2,-5,-1,-3,9,-4,-1,2,-9,12,-14,10,-1,11
-47/7,0,2,1,-5,0,2,2,1,-3,3,3,-7,-6,0,-8,6,10,2,-11,0,4,-10,-12,6,12
85/92,0,-2,0,0,-1,6,-8,1,0,-5,-1,-2,-4,8,0,6,4,-3,9,-7,-5,4,0,-16,-4
88/93,0,0,0,1,0,-5,5,-2,-9,-4,2,-6,6,12,12,-12,-4,6,1,12,6,-1,-4,-2,2
47/32,0,2,4,3,0,2,-6,1,6,-4,4,6,0,2,-8,-4,0,-4,-8,-4,2,8,12,-14,1
91/64,0,2,1,1,-3,-7,1,-2,4,7,1,10,6,4,-2,6,-14,-2,-14,-1,-6,-16,12,0,-5
95/66,0,0,0,1,-2,-5,6,1,-4,4,4,10,-6,-4,12,-2,6,-10,-4,0,0,-4,-3,-10,2
91/66,0,0,2,1,-2,-7,2,1,6,6,0,-2,-7,-9,13,9,-4,1,-12,6,7,13,-7,0,17
-6/19,-1,0,2,3,-1,6,2,-2,-3,-10,4,-7,-5,7,0,-9,11,4,2,0,-13,-14,4,-6,-6
-7/80,0,2,0,1,4,1,5,-2,4,4,-1,-2,-3,4,-8,-2,0,8,5,-2,1,13,12,-12,14
-7/11,0,2,0,1,-2,2,-3,1,4,-7,-5,5,-6,9,0,10,0,10,2,-15,11,-8,4,-3,-7
-17/33,0,0,2,-5,-2,-5,-8,-2,-9,5,2,-3,-6,-4,-6,-4,6,-10,-10,-3,2,13,12,18,6
-71,0,2,1,1,2,6,2,1,-8,4,-1,-2,-1,9,0,-3,-4,8,4,-12,-13,-14,9,6,16
3/5,0,0,0,1,4,4,-3,1,-9,-10,-9,-2,-6,6,4,6,-11,2,-7,6,-4,-16,-9,12,8
23/80,0,2,0,3,-3,-5,-4,0,-7,-4,3,-5,8,-9,-8,1,-4,5,-12,12,-1,-8,1,-12,2
11/39,0,0,1,0,0,-2,-4,-2,-3,-2,-9,-11,2,12,0,1,-13,8,-12,-12,6,-8,3,-6,3
65/16,0,-2,0,0,-1,-7,2,-2,-8,-3,6,10,-7,-3,0,-2,0,-1,8,0,-7,4,12,4,-14
17/4,0,-2,-3,1,4,2,-8,1,6,-8,3,-3,0,9,-11,-2,0,-4,4,3,-4,2,-4,-14,-14
-29/45,0,0,0,1,-3,-6,-6,1,2,-10,-5,8,3,8,-6,11,7,5,-3,8,2,-4,2,18,17
-66/89,-1,0,4,-5,0,6,-4,-2,-4,-2,2,-2,-6,8,13,9,6,2,-11,8,-9,8,6,-8,-2
-62/91,-1,2,3,-5,4,-2,4,1,-6,0,-10,6,6,-2,12,6,-10,2,10,12,-1,-14,5,-16,2
37/29,0,-2,2,1,6,-5,-3,-2,6,-6,-4,-11,-6,-4,7,3,4,10,-10,9,14,-1,0,9,11
71/58,0,-2,-3,-5,0,2,5,-2,0,-6,-8,-2,8,10,-6,1,-4,-6,2,-12,-9,11,-15,-16,14
-54/95,-1,0,0,-5,0,-6,5,-2,-3,6,-10,-2,12,4,10,6,2,2,-11,-15,8,10,-15,1,-18
-8/95,0,-2,0,-5,-1,4,-5,-2,-3,0,-9,-5,-6,1,8,2,-13,-4,4,-9,-16,12,2,-16,-2
-9/92,0,0,-3,-5,2,-5,-5,-2,0,-2,-5,10,-5,4,0,0,0,1,-4,14,2,-8,12,-12,-2
79/67,0,2,-3,-5,-1,6,-5,1,6,-5,-1,-1,-2,1,7,6,-4,-5,0,-13,1,4,2,-14,8
41/35,0,2,0,-5,-3,-6,1,1,-3,-7,10,6,-4,7,-8,3,6,1,-4,-5,-13,4,1,1,3
43/31,0,2,2,-5,2,-6,2,1,4,6,2,7,6,-1,-8,-2,11,2,5,3,-7,-14,7,-13,-10
100/9,0,0,0,0,4,2,-3,1,2,-3,10,10,-7,6,13,6,6,-7,4,3,-8,10,6,-1,1
33/4,0,0,0,3,0,-5,-3,-2,4,4,4,7,-9,-10,4,1,8,-12,8,15,-5,13,8,18,-2
-8/11,0,-2,-2,-5,-2,-5,1,0,-6,2,10,-1,3,7,-8,-11,0,-1,3,9,-4,13,-15,0,12
-9/10,0,-3,0,-5,0,1,5,0,2,-7,-9,-7,-5,-12,13,-3,4,-12,-2,4,7,11,-4,-17,8
-1/61,0,-2,2,-5,0,2,2,-2,-8,3,2,-7,-7,12,4,-11,-4,-4,4,-12,-10,-7,12,9,13
-86/55,-1,2,0,1,-2,-6,-3,1,-6,3,1,-11,-4,-1,2,6,-4,0,4,-9,7,-16,15,-10,2
-82/53,-1,2,4,-5,0,-1,-1,-2,6,0,4,10,-4,4,4,5,0,-13,8,0,10,-8,8,0,-3
-83/50,0,-2,0,0,6,-1,5,0,6,3,-7,-2,8,-4,-6,6,-12,2,-11,-15,-1,-4,0,-15,-9
-81/49,0,0,4,-5,0,2,5,-2,-9,0,3,-2,-5,12,-10,9,-14,-8,4,4,0,-14,4,-14,-2
-85/58,0,-2,0,3,-5,2,-8,-2,4,-6,-4,-2,-5,1,-6,3,-13,13,-12,10,7,5,1,-12,10
-83/56,0,-2,3,-5,4,0,2,-2,-8,-1,10,-5,-4,6,-6,6,1,2,4,-2,-13,-1,0,-1,8
-83/51,0,0,2,-5,4,-5,-2,-2,3,4,4,10,-5,4,-6,-3,5,8,12,6,2,-9,0,3,-2
43,0,2,3,0,6,-5,-4,1,-4,3,3,-1,-7,-1,-6,6,-4,1,-12,2,-2,4,-3,4,2
44,0,-2,1,1,0,-5,-1,1,-8,6,-9,10,3,-6,0,-2,4,-3,2,0,8,5,-13,6,17
-37/6,0,0,-3,1,-2,-1,-3,1,-3,-10,1,-11,4,-6,-2,-6,-4,-13,-4,8,11,11,-7,12,-7
-12/11,0,0,-2,-5,-2,-6,-6,-2,-3,7,-9,-7,6,4,-11,-4,-11,-2,-4,-4,-5,8,-3,-3,2
-8/7,0,2,4,-5,-1,2,5,-2,1,5,-8,-7,-3,2,11,-2,2,2,0,13,-13,5,-5,-12,-12
-25/18,0,0,0,1,0,-5,-4,1,-3,-8,-8,10,10,-6,-6,-2,-11,2,-3,12,2,-16,-16,3,-2
21/40,0,0,0,1,-2,-5,6,0,6,2,1,10,6,-10,0,-2,-2,0,-10,0,11,8,6,2,13
22/39,1,0,-3,1,0,-2,4,-2,6,-5,-9,10,-4,8,6,-10,0,0,11,-4,-10,8,4,0,-2
50/79,-1,-2,0,-5,-2,4,2,1,-3,4,1,-5,-6,10,0,-10,-4,-8,6,-12,2,-8,8,-6,8
18/41,1,0,-3,3,4,-1,2,1,-3,4,-1,5,6,5,0,-2,4,-12,4,12,-6,-6,8,-6,-7
-41/52,0,2,2,-5,6,-2,-1,1,-4,-7,2,-2,-4,2,4,1,0,-7,-10,-9,10,-7,-6,3,-6
-45/49,0,0,0,-5,-1,0,2,1,6,-4,-9,-11,6,-7,2,-6,0,-10,-5,0,0,-4,-16,6,-6
-26/33,-1,0,2,1,-2,-7,-4,1,6,-5,10,-7,-3,4,3,-6,0,10,8,8,-13,-1,8,-13,-6
-23/14,0,-2,3,-5,4,1,-6,1,-7,-5,-5,8,0,-1,-8,-10,-9,0,5,0,11,-1,-4,-10,14
-10/33,-1,0,0,-5,-2,-6,-1,1,-4,-5,-9,-2,8,-6,0,-2,-14,-8,8,12,-2,11,-7,-12,-12
-31/100,0,-2,0,1,-1,4,1,1,-4,4,-10,5,0,8,1,-2,4,1,-6,2,14,-8,8,-12,2
-17/97,0,2,2,3,-2,-5,-8,0,-3,6,10,-7,-6,-6,4,-6,6,13,1,4,-13,10,-4,6,4
-10/47,1,2,0,-5,-3,0,5,0,-3,6,3,7,-6,-10,3,-4,-5,1,-10,14,11,8,2,0,2
3/17,0,0,2,0,2,-5,-2,1,3,6,-6,6,-6,7,8,-9,-2,-12,-8,6,14,8,6,10,6
4/13,0,2,-2,3,-1,-2,3,1,6,6,8,-1,0,4,3,-4,8,-1,9,0,14,10,4,-17,-2
14/39,1,0,2,1,2,-2,-3,-2,-8,9,-7,10,-3,-6,4,0,-7,10,12,12,2,-6,17,0,17
27/80,0,0,0,1,0,6,5,1,-3,0,8,5,-9,-6,-6,-3,10,-13,12,4,14,12,0,-12,-8
13/43,0,2,0,1,0,-7,-4,-2,3,5,-1,5,0,-12,13,-14,-7,-5,11,-12,-13,-16,-4,-1,-14
-11/10,0,2,0,0,0,-5,-3,1,-3,-2,-6,-5,3,1,1,3,0,-1,11,0,4,-8,3,6,2
71/64,0,-2,2,0,-2,6,6,1,6,6,-1,-8,-6,6,-6,-2,-13,-3,4,-12,2,-15,2,0,2
71/67,0,-2,0,1,4,1,2,1,-4,-3,-1,10,-9,4,4,-10,-9,-8,0,-12,0,12,-7,-8,-7
37/35,0,-2,0,-5,-1,6,2,-2,-3,4,8,-11,4,4,10,1,-2,-2,-3,-12,4,-1,4,2,16
31/9,0,0,2,-5,-5,0,5,-2,2,-8,-10,-11,6,-1,10,-2,0,-6,4,-15,8,10,0,4,-2
47/19,0,-2,0,0,6,2,5,-2,-8,-2,-5,-7,0,8,-8,-9,0,2,8,3,11,-15,0,12,2
-14/3,-1,0,-3,1,6,-5,4,1,-8,-4,4,-7,8,0,7,5,-11,-11,0,3,8,-16,2,2,-2
-14,1,2,0,1,0,6,2,1,-3,6,8,5,0,1,-2,-2,6,2,14,-4,-4,-6,6,18,18
-41/19,0,2,0,3,6,-5,2,-2,-6,6,6,6,-4,-4,-10,10,-4,-1,11,-12,-10,0,0,-7,0
-47/17,0,-2,2,3,4,4,-2,-2,0,4,1,-5,-1,4,-8,-2,-7,13,3,-15,12,-14,0,-10,-2
21/31,0,0,0,1,2,6,-1,1,-8,-2,2,-2,-7,4,-11,-10,-14,-10,-4,3,-7,5,-16,-12,-12
19/31,0,2,1,-5,4,-1,2,1,3,-3,2,-2,0,4,6,6,0,8,-2,-15,-2,10,-3,-10,-7
-43/2,0,2,0,3,2,4,-3,-2,-3,6,-7,-10,12,-1,4,-7,1,-1,-8,0,2,0,1,-14,-18
-21/2,0,0,0,1,2,-1,5,1,-3,-2,-5,-2,10,7,1,6,0,-11,5,6,10,-15,3,12,-18
38/35,1,2,0,-5,0,2,-3,1,3,4,-7,10,12,-4,0,-2,8,-8,10,3,1,-14,-3,0,-9
43/32,0,-2,1,1,-5,-5,-3,1,-3,-3,3,-2,-6,-1,0,1,-4,-10,5,-12,-2,5,0,-15,1
43/33,0,0,4,3,-2,-5,-3,1,6,-10,6,-2,10,-1,0,-2,-10,-1,3,-12,6,8,12,6,-6
19/77,0,-2,-2,-5,-2,6,-3,1,3,4,-2,-1,-4,-6,0,1,-12,-1,-11,-2,12,-9,3,1,14
20/81,0,0,0,-5,4,4,6,1,-8,4,10,-11,12,-3,-11,-2,-7,10,12,-1,-10,-12,-16,3,6
2/25,1,-2,0,-5,0,4,-3,-2,-3,3,1,-1,-6,-10,0,-12,0,-3,5,-3,-8,11,1,2,6
-9/44,0,0,2,1,-2,-6,5,1,-6,4,4,-8,-6,5,-7,-3,-11,6,-3,-12,0,-7,5,6,10
-7/47,0,2,1,1,4,-5,-5,-2,-6,-1,8,-2,-2,4,3,6,10,4,-11,-3,4,-8,-13,8,10
9/41,0,-3,1,-5,0,4,5,-2,1,-5,-10,-6,6,-6,3,-2,-4,-1,16,-3,-13,5,-6,18,-12
15/26,0,0,0,3,-5,-2,-3,-2,-3,-3,-4,10,12,-9,12,-4,-2,-6,8,-9,7,-9,0,6,-1
-87/88,0,0,2,0,-2,1,2,-2,-6,-10,-5,10,1,8,-6,-6,6,8,8,-9,-10,4,6,-6,11
-88/85,0,-2,0,3,0,-6,-2,1,2,6,3,6,-9,4,-6,-4,-12,1,-3,0,-2,11,4,-2,-7
-46/41,1,2,1,-5,0,1,-3,-2,-7,4,-1,10,6,1,8,1,-2,-7,-12,-5,11,-7,15,0,-2
46/29,-1,-2,1,-5,4,4,4,1,-7,-6,-1,-7,3,4,1,6,-13,-2,-13,8,11,5,-4,6,-2
46/5,-1,-2,0,-5,4,-5,3,-2,-7,6,3,-11,-6,6,0,1,-2,-6,-5,3,-14,8,0,0,-13
19/36,0,0,1,-5,6,4,4,1,-3,4,1,10,-4,7,0,-6,6,-1,4,9,4,-6,6,3,-18
16/3,0,0,-2,3,0,2,5,1,-3,6,-9,-6,-3,5,0,-4,-7,-1,4,6,-2,-14,-10,9,17
-11/17,0,-2,2,0,0,6,-2,1,-8,9,3,-3,8,-12,-6,6,2,-1,5,0,-10,-1,-3,-6,18
11/5,0,2,0,-5,0,2,-4,1,-6,-5,-9,-2,0,7,0,-12,-14,8,-10,14,2,0,12,6,-3
17/15,0,0,0,3,4,0,-8,-2,6,-4,-4,10,2,-1,0,-10,11,-12,11,-15,11,11,3,-10,-18
5/26,0,2,0,0,-3,-2,-1,-2,-8,-5,1,10,0,-4,4,6,0,4,2,4,-8,-8,16,18,14
41/10,0,-2,0,1,-2,-5,3,1,3,6,2,-6,-4,-6,6,2,0,5,5,-12,10,-6,8,-10,-7
41/12,0,0,3,-5,0,4,-6,1,-3,4,6,-7,-4,8,0,0,2,-7,2,-9,2,-12,6,0,-2
-87/47,0,0,1,-5,-3,6,-4,-2,-3,-10,3,-3,1,-9,3,1,6,6,12,-7,12,-11,-15,18,-6
-84/47,0,0,2,1,4,-1,-3,1,6,-4,10,7,0,-2,3,-2,0,1,5,-15,-13,0,12,0,-18
10/23,-1,-2,0,-5,6,2,-3,1,0,-5,-1,-1,-5,8,-6,-3,5,-10,8,8,-1,-16,6,4,-10
-92/53,0,-2,0,-5,-1,6,2,1,-7,4,-2,-7,1,12,-11,5,10,-10,-11,4,-5,1,1,-1,3
-92/55,0,2,0,0,-2,-5,5,1,-7,0,-1,7,-1,8,-8,9,8,-13,-12,14,-13,-4,2,-1,1
-30/17,1,0,0,-5,2,6,-2,1,-3,-5,3,-7,8,8,2,-2,-13,-1,-7,15,4,-8,-3,-15,12
88/23,0,-2,4,1,0,2,-4,-2,0,-3,-1,7,0,6,-8,6,-5,-2,8,-8,-6,10,-4,-16,12
43/10,0,2,0,-5,-5,1,-5,-2,6,9,-9,-2,-2,-1,6,0,6,2,12,5,-13,13,-11,18,-18
-4/41,0,2,4,-5,4,4,2,1,6,3,3,7,6,4,13,6,13,-10,-6,9,2,8,-3,-1,-6
-1/41,0,2,2,0,-3,-6,6,1,4,-5,3,-7,6,-2,-6,-2,8,-6,-2,-9,-5,0,12,-10,16
-9/86,0,0,4,1,6,6,-3,0,-3,0,10,11,6,-12,0,3,0,-1,4,12,-11,-12,16,3,-10
-1/42,0,0,-2,-5,2,-5,-6,-2,2,7,-1,-7,12,-6,11,6,0,-7,-14,-12,-11,1,-16,-6,-6
-2/85,-1,2,0,-5,0,-1,-2,1,-4,4,-1,-7,0,4,-8,6,11,-1,8,-8,12,4,12,6,-2
-3/43,0,0,1,-5,-2,-1,5,-2,-3,-4,1,10,-3,-12,0,1,-13,8,2,8,2,13,-16,0,-18
-43/21,0,0,2,-5,6,-6,-6,-2,6,0,-9,-2,0,-1,0,1,6,-1,-2,6,2,6,-16,-12,-6
20/11,0,2,0,-5,-2,1,-3,-2,2,6,1,-7,0,4,0,11,0,13,-7,-9,4,4,1,6,-14
-29/26,0,-2,4,-5,-5,-2,-1,1,-8,-10,3,-1,8,2,-4,-7,-12,-11,14,-3,-6,-14,12,-1,-2
28/5,0,-2,0,1,6,1,-4,-2,-3,2,10,10,-7,4,-6,1,2,8,11,-12,2,-14,6,1,-2
19/3,0,0,-3,-5,6,0,6,1,4,4,-9,-1,6,6,3,-10,-13,2,5,14,-2,15,12,-6,7
-8/9,0,0,0,3,-3,0,4,1,-8,-5,6,-3,-1,1,4,-7,6,-2,-7,6,2,4,4,6,1
25/21,0,0,0,-5,0,-5,-6,-2,-4,6,-9,-5,8,-10,6,-12,6,8,8,-15,-1,-11,-12,-14,1
26/25,1,-2,0,3,4,-7,3,-2,-3,-5,6,-8,-3,-9,-2,6,10,-5,6,5,-10,-11,17,-16,8
27/49,0,0,-3,-5,-5,-5,6,1,-3,-8,8,-6,-4,-1,6,-11,-11,13,-12,-1,-13,11,-5,6,0
1/70,0,2,0,-5,-2,-5,-4,-2,-3,-5,-10,-7,-6,12,0,-2,-4,8,12,-8,4,8,2,-17,-14
3/73,0,0,0,0,-1,0,-3,1,6,-4,-1,-10,0,-1,4,-10,-2,-1,-10,-3,-6,12,-3,18,0
73/79,0,2,-3,-5,0,-5,-6,1,-3,0,-4,-7,3,12,8,5,-12,-5,-10,-3,-11,-8,-13,12,13
72/79,0,-3,3,0,-2,6,2,1,-8,7,8,10,-6,4,8,-3,0,-13,8,13,12,-8,-6,0,-1
69/77,0,0,-2,-5,-2,-1,-6,1,-7,-2,8,5,-3,8,0,3,0,4,-13,-9,1,-5,12,18,-14
-37/18,0,0,0,3,-5,1,2,1,1,-4,1,-11,2,1,7,1,0,-10,1,4,-13,10,2,-15,-3
-11/5,0,-2,0,1,0,1,-3,-2,3,0,-10,-7,1,9,-4,3,6,-2,4,10,2,-10,3,-14,-18
-74/41,-1,-2,0,-5,6,0,-3,-2,-3,-10,-5,-11,6,4,0,-3,-5,-8,10,-12,-5,-15,-6,18,-2
-35/11,0,-2,0,1,-2,4,2,1,-3,10,-7,-2,6,-9,-11,-2,-4,-10,2,12,7,-1,2,-10,-12
-34/13,-1,-2,3,1,4,-2,-8,1,6,9,-9,5,10,-1,2,-4,-9,-10,0,0,-8,10,0,1,-7
-31/12,0,0,-3,-5,-1,-5,-3,1,3,-3,-10,-5,0,-6,0,1,6,-2,10,-4,5,-1,1,6,0
19/22,0,2,0,-5,-2,-5,2,1,0,-10,-1,-5,12,4,-7,-4,-7,-3,-3,-4,8,4,-6,-10,8
19/25,0,2,0,3,6,6,-3,1,-8,-5,-6,-7,0,6,0,-7,6,-7,-2,-9,-13,-4,-4,8,-14
31/46,0,2,0,1,6,2,-3,-2,0,-3,-10,-11,-9,-3,-11,1,-4,2,0,14,14,-8,-3,1,-6
-18/67,1,0,4,1,-3,-5,4,1,-3,-1,0,6,-3,-4,13,6,-12,-6,0,15,-8,-4,-3,-8,8
-43/46,0,-2,2,-5,2,-5,6,1,0,-4,-2,-11,6,-1,-6,-2,-13,-4,0,11,-6,8,-8,-6,-18
17/46,0,-2,0,1,-2,-5,-8,-2,0,4,-4,-1,4,4,-10,6,10,8,4,3,7,13,5,2,-2
-3/13,0,0,1,3,-3,-2,2,-2,-8,-7,-9,2,6,-1,0,0,10,-10,-12,9,0,0,-5,12,1
3/11,0,0,-3,1,-2,-5,-3,1,-8,-3,-1,10,-5,-12,-6,-12,-9,6,-2,-15,7,-15,6,1,13
11/38,0,2,-2,1,0,0,1,-2,-3,-1,6,10,10,9,-1,-10,-11,8,-6,-9,14,-4,0,10,9
25/8,0,-2,0,-5,6,-5,4,1,2,3,2,-2,-9,6,6,-4,7,4,12,10,-10,6,-8,-10,13
27/5,0,0,0,-5,-5,-5,-6,-2,6,-5,-2,6,-4,-7,-6,6,-4,-10,-14,-7,-14,5,4,2,18
17/2,0,2,4,-5,-2,0,-8,1,-4,2,-2,11,-4,6,13,-3,-4,-7,2,0,-1,-16,-7,3,-12
21/4,0,0,1,1,0,0,4,-2,3,-1,-9,5,-5,8,0,-2,-1,8,-11,16,7,8,3,18,-5
19/49,0,2,4,-5,2,4,3,1,4,3,-1,-2,4,-3,-2,-3,6,8,8,5,2,0,16,-10,-18
-43/91,0,-2,0,-5,-3,-2,1,1,-4,4,6,-8,-6,-1,-10,6,-14,2,12,0,10,-16,2,-14,13
-39/94,0,0,1,0,6,-7,1,0,-3,4,1,10,-9,-2,3,6,11,-5,8,16,6,-15,-6,-13,-2
-17/49,0,2,2,-5,-5,2,-8,-2,6,-10,10,2,3,4,-6,-2,-4,1,-13,12,2,-4,-4,-1,2
60/77,0,0,0,-5,-2,-5,4,-2,-9,2,-10,-7,-4,-2,4,6,8,-10,8,-8,2,-8,-16,-6,9
19/70,0,2,0,-5,-1,-1,4,1,-9,-2,-1,5,-5,1,6,-6,-5,-11,5,0,-4,13,10,-9,12
20/69,0,0,0,0,-2,-5,2,1,0,6,-7,5,-4,-7,-6,1,-2,-2,-3,-12,10,-7,14,-9,-18
34/29,1,-2,4,1,0,6,-8,-2,-8,-6,-1,-2,-5,8,11,1,-5,6,8,-9,0,13,-9,-12,-13
15/49,0,0,0,-5,-2,-5,4,-2,-3,-5,6,6,-9,0,-11,3,2,10,2,13,-1,12,12,-6,-6
7/2,0,-2,0,1,0,2,6,-2,-3,-10,10,-7,-3,-4,-6,-4,13,8,4,-15,5,4,4,10,1
103/40,0,2,0,0,6,6,2,1,6,-5,-1,-7,6,1,8,1,0,5,4,-2,6,-16,-4,-1,-12
51/20,0,0,0,-5,-1,4,-8,-2,2,-2,2,-10,12,4,11,-4,10,8,4,-8,4,10,14,-3,-12
-82/81,-1,0,2,-5,4,1,6,-2,-4,-2,3,-7,-4,-4,0,6,0,2,2,0,-13,11,4,6,-14
-36/41,0,0,1,0,-5,-5,1,-2,-8,-8,0,-6,6,-6,12,1,-2,10,-11,-1,-13,10,6,-14,2
-71/81,0,0,2,-5,4,4,2,0,-9,6,-2,10,-4,4,-6,1,-3,8,4,-12,-2,-1,-16,6,9
-14/5,1,-2,0,1,2,-5,-3,0,3,5,-1,-8,-4,1,-11,6,11,-1,1,5,-6,6,8,8,17
9/14,0,-3,4,-5,-2,-1,2,1,-4,4,-7,6,0,8,-1,0,-4,-1,8,15,-13,-1,16,-3,2
16/33,0,0,0,1,-2,-6,4,1,-4,-2,-1,5,-9,8,11,-2,-4,1,-14,3,-13,-9,0,-1,-5
13/30,0,0,0,3,-2,-7,4,1,-3,9,10,2,10,10,4,-12,-13,4,8,-4,-6,-10,-3,-9,17
-73/82,0,-2,0,-5,-2,4,-3,-2,-3,5,2,2,6,1,4,-2,-4,1,3,-9,-11,0,-16,-6,3
-73/78,0,0,2,-5,-3,-2,-3,-2,-4,0,-5,-6,6,-10,-11,-2,-2,6,-5,8,-11,6,-16,-9,-2
-67/77,0,2,1,-5,-2,0,-6,1,2,-1,1,11,-6,-6,-6,1,0,1,-5,-7,-10,6,-4,-10,2
-68/75,0,0,0,1,-5,2,-8,-2,0,-2,-8,-1,-9,-7,7,4,7,8,8,5,-10,-4,-7,4,-18
27/101,0,0,0,1,0,-5,1,-2,-8,-2,0,8,2,-10,-8,-4,-4,8,-10,-12,11,-6,-3,-14,-1
13/50,0,-2,0,1,-3,-7,-3,1,-3,-7,8,8,1,12,4,-2,-4,-5,8,6,0,-5,-6,1,-3
14/95,1,2,0,1,-1,2,5,-2,-4,0,2,10,6,6,8,6,-4,-13,-10,12,-10,-8,14,-14,-14
13/93,0,0,0,3,4,-7,-3,-2,-3,6,2,2,-1,12,1,0,6,1,-10,-12,-13,-16,-4,-12,12
9/26,0,-3,2,1,4,-2,4,1,-8,-8,1,-5,-3,4,1,-3,0,5,-4,0,-14,0,0,-12,10
-16/67,0,-2,0,3,2,-5,3,1,6,-3,3,-10,-6,7,-6,-2,6,8,0,12,2,-8,11,2,-6
-18/65,-1,-3,0,-5,4,-2,-5,1,-6,3,-7,10,-4,8,-8,-2,6,4,2,4,2,-15,11,-14,2
-50/3,1,0,0,1,0,-5,-5,1,4,6,-10,-2,-6,-12,-8,-3,5,13,16,6,-7,15,17,-10,-13
-23/3,0,0,2,-5,4,2,5,1,-7,-7,-9,-2,1,8,-6,6,6,-2,4,13,-6,-4,1,-2,-12
-23/5,0,-2,0,0,-1,4,-4,-2,-7,6,-1,-7,6,-1,-2,-10,0,10,-2,9,-4,12,9,18,8
-61/95,0,2,0,-5,4,2,3,-2,6,-2,4,-7,-4,-2,-2,2,-11,-13,-4,14,-6,10,7,0,-14
-61/94,0,-2,4,3,6,2,2,1,0,-5,2,-2,-6,6,3,3,4,-13,-12,8,0,-4,12,1,-12
-68/95,0,-2,0,-5,2,-1,-8,-2,6,-4,-4,-3,6,4,-4,-9,4,5,2,13,4,10,4,10,-14
-97/14,0,2,0,-5,0,6,-3,1,-8,7,-9,8,0,4,-10,0,-9,2,-14,14,5,-12,12,10,8
-34/5,-1,2,0,3,-1,2,-8,1,3,0,10,-2,7,-10,-8,-2,4,-10,8,11,-8,4,-3,10,-2
-51/10,0,0,0,-5,4,-5,-8,1,3,0,-4,-1,12,-4,6,-11,0,10,8,-1,2,11,-3,18,-5
-101/18,0,0,3,0,2,4,4,1,3,-2,3,-2,-3,6,0,-3,-3,-7,3,3,-10,-15,12,1,14
5/13,0,-2,0,1,0,-2,2,1,3,4,-4,2,0,8,-1,-11,-14,-7,4,5,11,-8,-16,-15,2
-22/9,1,0,2,3,0,6,1,1,6,-2,2,2,-3,12,-6,-2,-5,-7,-4,-3,7,15,-3,0,8
-27/10,0,0,0,-5,4,-1,3,-2,6,-4,10,8,7,-10,4,-2,-11,6,11,-9,-5,10,6,-10,-6
-11/4,0,2,0,1,0,6,-1,1,-8,3,-5,-7,4,12,6,-4,6,1,-7,-2,-5,-4,-4,0,17
41/36,0,0,4,1,6,-5,6,1,1,10,-6,5,-4,12,8,-3,-4,13,10,-5,2,-15,0,-16,8
25/29,0,-2,0,-5,-1,-5,6,1,6,-6,3,-7,2,-9,-6,6,11,13,-10,-3,7,12,-16,-3,-3
7/22,0,2,4,1,-2,-5,5,1,-6,0,-9,10,8,-7,7,-9,5,1,-2,-8,-13,1,6,18,8
15/43,0,0,0,0,4,6,-3,-2,6,0,-5,-2,4,-12,-6,-2,-4,-4,-8,-1,-7,13,10,6,9
-50/23,1,-2,0,3,4,-5,2,1,0,-10,-1,-6,12,0,12,-4,4,-1,-14,12,-16,-16,-5,-1,8
-26/11,1,-2,2,-5,-2,-7,-1,1,2,-3,1,8,6,-4,11,1,5,-10,-11,-4,2,-6,-3,-6,-14
-77/25,0,2,0,1,0,6,4,-2,-9,-5,10,-6,-2,8,-6,6,6,10,3,-15,-10,11,12,18,9
-78/29,1,0,3,1,-2,-7,-6,1,6,-6,-1,-5,0,0,4,6,-4,-7,-6,10,-11,-9,3,10,-2
-34/15,1,0,0,0,0,-1,-8,1,6,3,6,-2,-5,6,-1,-4,2,10,-10,-12,2,-16,-4,10,2
-37/13,0,-2,2,1,0,-2,2,-2,2,6,-8,-11,0,-6,-6,6,-4,8,-14,3,11,-8,0,6,-18
43/93,0,0,2,-5,-1,0,3,-2,-4,-5,2,-8,-4,-1,-1,5,5,-10,-12,-15,4,-11,-11,-6,13
20/41,0,2,0,0,0,2,5,-2,-9,0,-6,-2,6,4,0,6,6,0,8,16,-1,11,-3,-3,13
17/41,0,2,-3,-5,0,0,-8,1,-3,0,3,-3,6,-1,12,1,6,8,4,13,-14,-8,6,0,2
6/97,-1,0,-3,0,0,2,-4,-2,-3,-10,8,2,6,0,4,6,-7,8,-13,-9,-2,-14,4,-14,4
5/96,0,0,0,0,-1,2,-6,1,3,6,3,-8,2,-2,-4,-4,7,4,5,-4,-13,-8,-16,6,8
9/47,0,-3,-2,1,-2,-6,-6,0,-3,6,10,-8,-7,-1,3,-2,-14,-13,5,0,-14,-4,3,2,14
-74/47,1,-2,-2,1,-5,6,-1,1,6,-5,2,-11,2,10,3,-4,6,10,-11,13,-4,12,3,6,-7
-88/69,0,0,-3,-5,0,-5,2,1,0,0,-1,-7,8,4,-6,4,5,-4,5,0,2,13,12,-7,-7
-89/65,0,-2,0,0,-5,-2,1,1,-3,-5,-1,2,-9,4,-3,11,-1,-12,12,4,-13,-6,-4,-13,-5
12/79,0,0,2,1,2,6,5,1,-3,9,-1,-3,0,1,-6,6,-11,-5,12,-3,-13,-8,16,-12,-1
-61/13,0,-2,2,-5,0,-2,5,-2,-3,-7,3,8,-4,6,0,-11,0,-13,8,-15,-1,8,-16,6,3
-64/5,0,2,0,-5,4,-5,5,-2,-3,6,3,10,6,-1,12,3,4,-11,-7,0,-2,-16,-15,-8,16
59/86,0,2,1,-5,0,-1,-3,1,-8,0,-9,-2,6,-12,3,-7,-12,-6,4,8,2,6,1,-13,-9
58/85,1,2,0,1,6,6,-2,-2,6,-10,4,-8,-2,7,-1,-2,0,8,12,4,-2,15,8,-6,3
27/44,0,0,-2,3,-2,-5,4,-2,-8,-2,-1,-7,8,2,-6,11,0,2,6,-8,11,5,-13,9,14
-77/64,0,2,3,1,0,6,5,1,-4,0,-1,-8,-7,-4,2,1,-1,-2,3,-5,-6,8,4,10,8
-79/63,0,0,2,-5,0,6,-4,1,-8,3,-1,-11,-7,0,0,6,-1,-7,10,2,-4,4,-10,0,2
-85/61,0,-2,0,-5,2,-5,-8,1,6,7,1,6,1,-12,-1,-6,-10,-4,10,0,-16,-14,0,-12,-2
-82/65,-1,2,0,0,4,-2,3,1,-3,0,-1,-2,-4,12,13,-6,4,-2,-12,-12,-13,-6,2,0,18
37/10,0,2,0,3,4,-5,-6,-2,2,-3,-9,-11,6,12,-8,10,6,-8,-11,6,0,15,9,-6,14
-45/79,0,0,0,1,4,6,3,1,3,-7,2,-6,2,12,-7,-4,-12,6,3,-3,-1,-8,1,-14,-3
-5/12,0,0,0,1,2,-5,4,-2,-3,-7,-4,-2,3,-3,-6,-14,0,2,-14,-15,7,13,6,-3,8
-85/46,0,-2,0,-5,4,6,-8,1,0,-3,0,10,-3,1,-6,11,-2,4,8,-6,-6,13,-4,-15,-14
-23/10,0,2,0,-5,-5,6,-3,-2,-7,-10,2,-1,10,4,10,1,0,10,-8,3,-9,-14,4,-8,-12
-97/44,0,2,-3,-5,-2,-5,-4,1,4,0,-1,10,-5,-9,2,0,0,8,12,3,10,4,17,-1,8
-53/27,0,0,0,-5,4,6,-1,-2,0,-5,-8,-7,-5,-4,12,-10,13,-4,10,-7,8,12,6,18,-6
-16/21,0,0,1,-5,4,4,-3,-2,6,-7,-1,8,8,-9,0,-2,-4,1,-8,0,14,-16,12,-6,-9
13/25,0,2,0,-5,0,-7,-3,1,6,-2,3,10,-6,8,10,10,-4,-10,-12,4,14,-12,8,1,-12
19/37,0,2,-3,1,-1,2,6,1,-8,-4,-4,-8,7,-1,-11,-9,0,-6,8,-5,-10,2,2,-9,10
37/71,0,-2,-2,1,-2,-5,4,1,3,3,3,-11,-3,4,-6,-7,1,-8,4,4,-4,8,-16,-15,13
41/75,0,0,0,-5,4,-5,4,1,-8,0,-9,-8,-4,12,-10,-6,-2,10,-3,8,2,-8,3,12,-19
39/29,0,0,0,-5,-3,-7,3,1,6,-6,-9,-7,-9,12,6,-7,7,4,-5,4,4,-8,-7,18,-14
83/54,0,0,0,-5,4,-1,2,1,-9,4,-5,-1,-3,12,13,-4,0,-5,0,13,0,-16,0,6,-3
82/57,1,0,2,-5,0,-6,-3,-2,-4,-4,-9,-6,-4,-12,-6,7,0,-2,-12,5,-6,8,-3,3,12
20/13,0,-2,0,0,6,-2,6,-2,-8,-4,1,-6,-1,7,-11,-4,6,2,-14,6,4,11,0,-12,-5
-3/11,0,0,0,0,-2,-5,-4,-2,2,-4,3,-6,0,12,-1,3,0,-2,0,-9,-1,8,4,-10,6
-89/92,0,-2,-2,1,0,0,2,-2,0,-5,-9,-6,4,8,0,1,-12,-1,2,-5,-8,-14,2,-13,3
-87/95,0,0,0,0,0,2,-1,-2,-8,-10,3,-2,4,-10,0,-11,-4,-2,16,16,11,12,-8,-6,8
-44/47,0,-2,-3,0,0,2,5,1,6,-2,-5,-2,6,-9,3,-2,-4,8,-10,-12,-6,6,1,6,9
-13/9,0,0,3,-5,-5,-7,-3,-2,-9,-4,-6,-2,0,-9,6,6,-4,-1,8,9,-2,-14,-12,10,-9
-11/8,0,-2,-2,3,0,2,2,0,-3,-3,10,-1,-6,-1,0,-2,4,-7,2,2,10,-16,15,-14,6
-24/17,0,0,2,1,4,6,-2,1,0,-7,0,-5,-6,5,-3,3,11,-13,4,-9,-5,15,2,-6,-7
-43/99,0,0,3,1,-2,-6,2,-2,3,2,-4,-5,-3,-1,-3,-2,-12,-7,5,2,-4,-6,-13,-16,-18
-13/32,0,2,0,1,-1,-7,5,1,-9,6,10,-5,1,4,-1,1,-12,10,5,-12,0,11,16,-16,2
-41/97,0,2,-2,1,-3,-5,5,1,-3,6,-9,-3,-4,12,4,-12,6,-3,4,16,4,10,0,6,4
-37/100,0,-2,0,1,4,-6,-1,1,0,6,-1,-11,2,-4,-2,-3,-7,-2,2,-9,4,0,1,1,8
101/23,0,2,-3,-5,-1,2,2,-2,0,-5,1,-1,-3,-4,-2,10,0,-2,5,15,-5,8,-3,-1,3
13/35,0,-2,0,-5,-5,-7,-3,1,-8,6,3,-8,8,-10,-8,-2,6,8,5,-9,5,-4,-16,-17,-7
-1/38,0,2,-3,1,-1,2,-3,-2,-8,4,-1,7,-6,-1,0,1,6,13,4,8,4,12,-4,-3,-9
-5/73,0,2,0,3,-3,2,3,1,-6,3,-1,-2,0,8,0,5,-10,2,2,-9,-6,-10,-4,-8,-14
-3/38,0,0,1,1,2,1,6,-2,-3,3,-10,-10,-6,6,-11,-11,-7,13,2,4,-6,0,6,-1,2
31/12,0,0,0,1,0,-5,-3,0,-6,-4,-10,10,1,10,-10,9,-3,6,-11,0,-11,4,2,-13,2
20/7,0,-2,0,-5,2,2,5,-2,-6,6,-7,-11,-6,4,0,6,6,1,-11,4,-2,-16,0,2,14
23/38,0,2,4,3,0,1,-1,-2,-7,0,-8,5,1,-1,1,-6,10,0,8,3,2,10,8,-8,17
45/76,0,-3,0,-5,6,2,6,-2,-3,-5,2,-8,0,-6,0,-2,-1,-5,-4,13,2,-8,4,1,-2
41/73,0,-2,2,1,0,2,5,1,-6,-3,0,5,-4,4,0,6,-12,-7,0,8,-6,15,16,3,8
44/73,0,-2,2,3,0,6,-6,-2,3,4,-10,-6,0,4,-6,-12,-1,13,8,3,-6,-4,3,0,-14
-48/61,0,0,3,3,-2,6,-6,-2,2,9,8,6,-6,-1,4,7,10,-4,10,3,-6,-15,-8,9,13
-53/59,0,-2,-2,0,2,4,-3,1,-8,-4,-4,-1,0,4,0,-10,10,-8,8,-12,7,-8,0,-12,3
-29/37,0,2,-2,3,-5,-5,-3,-2,-6,-10,-8,-8,-6,-12,0,-2,6,-10,-12,8,2,15,7,-10,17
1/50,0,-2,0,0,-1,-6,3,1,2,-10,10,-7,8,4,-11,-3,-4,-4,4,-4,6,-8,2,-4,14
2/51,-1,0,0,0,4,4,-2,1,-3,-5,-4,-5,-2,7,-8,0,4,5,8,6,-14,-1,3,-17,9
17/12,0,0,0,1,2,-1,-8,-2,3,0,-10,5,-9,2,0,11,-13,1,2,-15,8,-14,4,-7,-6
1/68,0,-2,3,3,2,-1,-2,-2,-4,5,-9,-1,-6,12,6,1,-10,4,12,-9,-1,4,17,18,-7
-2/33,-1,0,4,0,-2,-1,-6,1,-3,3,1,-5,-1,-1,-6,6,-5,-3,11,-2,0,10,10,9,9
28/13,0,2,4,1,-2,-2,-1,1,3,7,-9,-2,12,-2,1,7,-4,4,-11,-12,6,-15,3,6,-2
27/13,0,0,1,0,0,-2,-5,1,6,4,-1,-7,12,-12,-11,-6,0,-10,12,4,-6,4,12,5,-7
25/13,0,2,0,3,4,-2,5,1,-3,6,-8,-5,-3,6,4,-10,-9,10,4,0,7,-14,-3,4,-8
45/7,0,-3,0,-5,0,6,-3,0,-3,2,-6,-2,-3,12,10,-2,6,-4,5,-9,6,-15,-4,-12,-13
-11/12,0,0,-2,1,0,4,-4,-2,-3,4,3,5,2,-6,-7,-4,6,0,-13,3,-16,-10,4,10,13
3/43,0,0,4,3,0,-5,-5,1,-4,2,-1,-5,-7,-12,7,-7,13,-2,8,2,-13,10,12,-6,17
9/83,0,-3,-3,-5,4,6,-3,1,-4,-4,-9,8,8,4,-8,1,0,-10,2,5,-5,-7,-16,4,-14
11/87,0,0,2,1,0,6,2,0,3,-6,-2,6,0,7,13,-7,-4,-7,1,0,11,6,-6,-9,2
5/81,0,0,0,3,-3,-6,2,0,6,-2,-4,-1,-5,10,-6,4,0,-1,14,7,0,8,4,12,-6
7/80,0,-2,0,1,2,2,-6,1,-3,0,-5,-3,-6,-4,0,-2,-1,-2,5,8,-16,11,-3,8,10
2/41,1,2,-2,-5,-2,2,-1,-2,6,-4,-7,-5,6,10,-11,-2,-4,1,-5,0,-6,-8,-11,10,18
91/69,0,0,2,1,-5,-7,-5,1,0,5,-9,-8,-3,-4,4,10,-11,-10,-8,-12,-7,-1,-1,1,12
5/8,0,2,0,-5,-1,6,1,-2,-3,-8,-1,5,6,-4,-10,7,1,-12,2,-9,0,8,17,12,10
-21/31,0,0,2,1,4,2,1,-2,2,-2,2,-7,-9,5,-11,5,6,-10,-6,0,-8,8,12,10,8
-13/15,0,0,0,0,4,-7,5,1,-6,5,-9,-7,12,4,-6,-6,0,-7,-14,-3,-6,15,12,10,-2
-27/32,0,0,2,1,4,0,2,-2,-4,7,-10,6,3,-2,-10,-10,0,1,0,8,11,-6,-4,-1,-2
-1/43,0,-2,3,1,-5,1,5,1,6,-7,10,-1,6,-12,-8,6,0,-6,-7,-9,14,10,2,-8,-5
4/47,0,-2,3,-5,4,6,3,-2,0,-8,-1,-6,4,-6,3,6,0,-7,0,14,14,-15,14,12,13
11/28,0,-2,-3,-5,0,6,4,1,-6,-10,8,10,0,2,8,-2,-4,-11,8,-12,-8,-8,-10,1,-9
28/85,0,2,0,1,0,-5,-2,0,-9,6,3,-5,2,9,0,-12,-4,-7,2,-1,-13,6,-3,-15,-6
-64/61,0,-2,2,-5,-3,1,2,-2,6,-1,-6,-7,-6,-4,-3,-2,10,-4,12,-12,-2,-6,-4,8,13
-34/31,1,-2,0,-5,2,2,-8,-2,-3,-5,2,10,4,-4,-6,6,6,-12,-13,-9,2,-1,2,8,-9
5/42,0,0,0,-5,-2,-6,1,1,-6,4,1,8,-6,4,-8,-2,-12,-10,0,-15,-2,0,10,-6,17
92/75,0,0,0,3,0,-5,4,-2,-7,-7,10,10,-7,-10,4,10,-5,13,12,16,2,-15,12,2,-8
43/37,0,2,2,-5,0,4,2,-2,6,0,-6,-8,6,-1,-6,7,9,10,-12,3,-1,10,-8,6,-6
-10/9,-1,0,0,1,4,-1,2,0,0,6,1,-2,6,-6,0,1,6,4,5,0,-6,-9,4,9,11
-32/49,0,2,3,-5,0,0,3,1,-4,10,3,-7,0,4,-11,6,-11,-5,-4,3,4,15,-16,18,14
1/15,0,0,0,0,-2,6,-3,-2,-4,-7,-4,-2,-1,1,3,1,6,-8,2,3,-10,-14,6,6,-2
-13/30,0,0,0,-5,0,-7,3,1,6,4,-9,5,-1,-6,0,3,13,4,2,5,-13,0,12,5,12
-3/16,0,0,2,1,2,6,2,0,3,-1,-7,-5,4,0,-6,-4,13,-8,11,3,4,-8,2,18,11
-9/2,0,0,-2,1,-5,0,-3,1,3,10,3,2,6,-6,11,-9,-7,4,-10,-15,-7,8,-15,-7,17
2/45,1,0,0,3,-1,-1,5,-2,-8,4,-5,-6,12,-6,-8,5,-12,8,8,-5,10,-6,6,6,-3
5/47,0,2,0,0,0,6,2,1,-3,-10,1,-5,0,-12,3,6,0,-13,4,8,-13,12,-3,0,-19
-20/23,0,-2,0,-5,-1,4,-3,-2,0,9,10,-8,-2,-6,10,3,0,-5,4,14,2,5,-4,3,-6
1/13,0,2,0,1,2,-2,-3,-2,-6,0,3,-7,-3,-4,-3,-6,-5,2,5,-5,-1,6,1,10,-6
-4/11,0,2,0,1,-2,0,6,-2,6,-8,-7,-2,-7,2,0,6,4,-3,1,3,-16,-10,12,-14,-14
-18/43,1,0,1,3,4,0,5,1,2,6,-1,-10,8,-12,0,-4,-4,10,5,15,-4,1,7,10,1
-19/45,0,0,0,3,-2,6,-5,1,-9,-8,1,-6,7,-12,-2,10,-14,-1,-3,-13,-1,-8,-4,10,2
-52/31,0,-2,-2,1,-3,-7,-5,1,-3,5,2,-2,-6,4,-6,0,4,6,-14,-15,-7,-9,11,5,2
-1/5,0,2,0,-5,-1,-5,-1,1,-3,2,6,-7,6,-6,0,4,-4,5,0,0,-1,-16,-10,-14,-6
45/56,0,0,0,-5,-5,-5,-4,1,-6,0,-1,-5,3,4,12,-3,4,-7,-12,-12,-7,-14,3,18,14
4/41,0,-2,1,3,2,0,2,-2,-3,10,10,8,6,-2,-6,-3,-13,5,-4,-9,7,-15,1,-12,-14
-1/19,0,-2,4,-5,-3,0,-3,-2,2,5,-9,6,4,4,-8,-2,-9,10,2,8,12,-8,6,-17,-3
-63/89,0,0,-2,1,-2,6,2,0,-8,-5,-1,10,8,-2,3,-6,-4,13,2,-9,0,-8,3,-8,8
61,0,2,0,-5,2,-1,-1,1,-3,5,1,-11,6,-6,8,6,-2,-13,-14,-12,2,-10,0,18,12
49/17,0,-2,-2,1,6,-1,-2,1,3,-5,3,6,0,-1,0,-10,0,6,-6,8,-5,-8,-16,5,8
-15/14,0,0,0,-5,2,4,2,-2,-8,4,1,-6,0,4,6,-11,-1,5,2,12,-11,-10,-4,6,-10
-14/13,1,2,-2,1,-3,-2,6,1,2,3,10,-5,12,-9,0,1,1,13,-14,14,2,-5,-7,-7,-2
7/9,0,0,-3,1,-1,-5,2,1,3,-2,10,-7,-3,-3,12,6,10,0,4,8,-2,6,10,-12,-9
-2/13,-1,2,4,1,6,-2,-4,-2,4,4,2,-10,3,1,0,6,0,6,-4,-12,14,-6,12,-15,8
23/21,0,0,0,-5,6,4,-1,1,-7,-5,2,-11,-6,4,11,-2,-4,-13,12,-3,2,8,15,9,2
-24/5,0,0,0,-5,-3,1,-6,1,-3,4,-1,-5,4,8,8,-2,0,-3,-11,0,-10,10,4,-10,-14
-96/17,0,0,-3,3,2,0,-2,-2,-6,-5,-4,11,-5,8,3,-6,-11,2,0,-4,-11,8,15,18,8
-23/52,0,2,2,-5,-3,-2,5,1,-7,0,-2,5,-3,8,-2,-4,-3,-4,8,-12,2,-1,-6,1,6
11/40,0,-2,0,-5,0,4,3,1,6,4,0,-5,-4,-4,13,-2,-10,10,-8,-12,4,-7,6,0,-14
-60/59,0,0,0,0,4,2,4,1,2,-1,-1,-8,-3,8,-8,6,10,8,-12,3,2,-16,-13,0,2
-29/46,0,2,2,-5,-1,6,3,-2,0,-10,-9,-2,0,-10,-3,6,0,1,-6,12,-14,-10,9,-7,-1
-29/44,0,-2,2,3,-2,0,-4,-2,-8,-10,-2,-2,-5,-7,0,-3,6,8,-3,14,-16,10,2,-16,2
-14/23,-1,-2,3,1,0,-1,-4,1,0,-5,-7,8,-3,2,0,-14,-4,-2,-2,-3,-6,-11,0,10,2
84/85,0,0,0,1,4,6,-2,-2,3,4,-5,10,4,4,3,-6,10,8,-13,0,-6,-10,-4,12,-14
36/41,0,-3,4,1,6,-5,-1,1,6,5,4,-7,6,-4,0,11,6,2,12,4,-13,2,17,-6,-14
39/43,0,0,-3,-5,4,-7,-1,1,6,0,3,-7,12,-12,4,0,6,13,9,0,11,-4,3,10,10
81/83,0,0,3,3,0,4,-6,-2,4,4,-9,-7,12,8,8,6,-2,5,4,-5,7,1,-16,18,-6
83/82,0,-2,1,-5,6,4,6,-2,-8,-3,0,-2,6,4,0,0,0,-2,-3,0,-16,-8,0,-9,-12
-13/75,0,0,0,3,-5,-7,2,-2,-8,-10,1,-11,0,4,-6,11,-7,2,9,11,7,-8,9,6,-12
-13/71,0,2,-2,0,-3,-7,1,-2,-3,0,-6,6,-1,-2,0,-2,0,-6,-3,4,-2,-6,-3,1,5
-61/50,0,2,0,1,6,4,-1,1,6,-2,10,8,6,-2,7,-6,13,-13,-12,-4,7,6,2,-12,-5
-6/5,1,0,0,3,-5,-5,-4,-2,6,6,-5,-2,-9,8,-6,2,-10,-4,-4,4,0,-1,1,-12,-12
-12/17,0,0,2,3,0,2,-2,1,6,4,1,-2,12,-6,-6,6,0,6,11,13,10,-15,-3,8,-12
-1/70,0,-2,0,-5,0,-5,-3,1,-4,-5,-9,-6,-3,6,4,6,6,-1,-11,2,0,5,1,18,11
1/19,0,2,1,3,4,4,-4,-2,-8,-8,10,10,0,5,12,-2,2,-7,6,-2,4,8,-1,18,12
5/74,0,2,0,3,-1,0,5,-2,-3,9,3,-8,6,-3,-6,6,-1,-7,-4,-12,-9,8,-4,1,-2
33/65,0,0,0,1,0,-2,-5,1,-3,9,3,-2,0,1,0,6,10,-12,-14,14,-9,6,9,-14,10
33/64,0,0,-2,-5,0,-6,-3,1,-8,7,2,-6,-6,4,1,1,-12,-4,4,-6,-1,-10,0,6,8
-31/2,0,2,-2,1,-5,-5,-1,-2,-9,0,-10,-2,-6,-4,-6,-9,-14,-2,0,8,7,2,3,1,14
33/43,0,0,4,-5,0,-5,5,1,1,0,-9,-11,0,-12,-6,-6,11,-10,2,-9,4,-10,4,12,14
104/17,0,2,-3,1,6,-7,-2,1,-8,4,-4,-2,2,-3,-11,1,-1,-10,-7,-4,6,-9,17,10,14
51/7,0,0,3,-5,-5,4,-8,-2,0,0,-7,10,-3,4,8,-4,2,10,-5,-1,0,4,3,6,6
-37/14,0,2,2,-5,2,0,4,1,-4,4,-10,-11,-6,-4,0,-2,0,-12,4,2,-1,-16,2,1,-2
53/9,0,0,2,1,-5,1,-3,1,3,6,1,-5,2,-4,13,-10,0,-2,-8,-13,11,-4,12,0,5
56/9,0,0,2,1,4,6,-1,1,-9,5,-1,6,-4,7,2,6,0,13,-5,3,-5,-16,16,-15,-7
-17/27,0,0,1,3,-5,-1,-8,1,-3,2,3,6,10,-10,3,3,-1,4,-2,-1,7,-10,-9,-15,-12
-18/31,1,0,-2,0,0,6,-5,1,-3,7,2,-2,10,1,0,-6,-4,2,-10,12,-5,-9,0,18,13
78/41,-1,0,-2,1,4,-7,3,-2,1,0,-1,8,6,-1,1,2,10,8,-11,15,-16,0,10,12,-5
70/37,-1,2,0,1,-5,-5,6,1,-3,4,-1,-8,3,-6,10,6,-4,1,8,16,-10,-6,6,5,-6
-4/7,0,-2,2,-5,-5,-5,2,-2,2,4,-9,-5,-6,0,-2,9,-5,1,2,15,11,-7,-1,10,-3
-1/9,0,0,0,3,2,2,5,1,-3,4,-2,-8,8,-10,-4,7,-4,-1,8,4,-13,8,14,6,2
-21/40,0,0,0,1,0,-5,2,1,-3,-4,-1,-6,12,8,-7,-9,6,10,4,3,-10,5,-3,0,-1
-19/41,0,2,0,-5,6,2,1,1,-3,-2,-9,5,6,12,7,-10,-12,-13,6,4,12,1,6,-14,-5
-34/57,-1,0,0,0,4,2,-8,-2,-4,-4,-9,10,3,8,12,6,-7,-7,9,2,-16,15,14,-7,-1
-28/55,0,-2,0,1,-2,-5,-1,-2,6,3,-10,-5,-9,-12,4,-2,0,2,-3,5,14,9,11,0,14
-41/27,0,0,2,1,4,4,4,1,3,-4,10,-6,-4,8,-8,-10,7,-5,4,13,12,-8,1,-14,-18
-76/53,0,2,-2,1,4,0,-3,1,-4,0,-5,5,12,-6,-7,5,0,6,8,8,-11,4,16,10,10
-19/13,0,-2,-3,-5,4,-2,-4,1,6,5,-1,11,6,-4,1,-4,0,-8,-7,12,7,8,10,12,14
-41/28,0,2,2,-5,2,6,-3,1,-3,-5,-2,-2,-4,4,0,6,-4,1,2,6,2,11,-3,9,10
-83/57,0,0,4,0,0,6,-5,-2,-3,-2,-4,-1,2,5,1,3,6,-11,8,-5,0,13,0,18,1
-79/55,0,-2,0,1,-2,-5,-1,-2,0,6,-4,-5,8,4,-6,-10,4,-5,12,7,0,4,7,-4,3
-81/58,0,0,3,-5,2,-6,2,-2,-4,-6,-4,-8,-4,1,8,-7,6,-1,2,-15,-14,-8,-7,-7,-7
-42/29,-1,0,0,1,4,6,2,-2,-6,-6,-8,5,-3,10,-6,-3,-7,6,-10,2,2,-1,10,10,-2
5/44,0,2,0,1,-2,2,-4,1,-3,10,-4,-1,-4,2,8,-4,0,10,4,-12,-11,-4,12,6,11
3/44,0,0,-3,-5,-2,4,-6,-2,6,-4,-5,10,-6,10,-8,-3,-4,8,-10,4,2,12,2,-7,-1
22/7,1,2,4,-5,0,-5,-3,-2,-3,0,3,-5,8,4,-10,1,-1,8,5,-12,4,5,14,12,-7
24/29,0,0,4,3,4,-5,-6,-2,0,-6,10,-10,-9,1,-10,0,-9,-7,-14,15,10,4,-4,3,-3
23/31,0,-2,-2,3,4,0,5,-2,-7,-8,2,11,10,8,0,-9,10,-1,5,-1,-1,9,-6,-6,-6
13/18,0,0,0,-5,4,-7,-3,1,6,-5,1,10,3,2,11,-2,6,8,-11,0,7,-8,-10,1,-2
-29/16,0,2,4,3,-2,6,6,1,4,-10,-10,-5,-1,-6,0,6,-12,2,-14,-9,7,6,-4,-15,-14
-86/51,-1,0,2,1,4,-5,-2,1,-3,-2,-5,-2,6,-1,4,6,-2,-2,-11,5,2,-11,4,-1,-12
-28/27,0,0,0,1,-5,4,-3,1,-6,3,2,-7,-7,5,8,11,8,13,-14,8,10,5,-4,12,-5
-56/53,0,-2,-3,1,2,-1,-5,-2,-3,-5,-1,-2,8,10,3,5,-4,8,11,-5,-7,-15,-4,10,2
-52/57,0,0,2,-5,4,-7,2,-2,1,2,-4,11,-9,2,0,-10,-13,13,-12,-12,-13,9,12,9,10
19/46,0,2,2,3,-3,6,2,1,0,-2,-2,6,-6,6,0,2,0,-2,5,-15,-13,4,-16,18,17
19/50,0,-2,0,-5,4,2,5,1,-4,2,2,-5,-3,9,3,6,-9,4,-8,13,6,-1,9,-1,18
37/95,0,-2,0,-5,6,-6,-6,-2,-4,4,3,-11,1,7,6,-10,-12,6,2,15,-9,12,10,-1,-6
16,0,2,0,1,4,1,3,1,-6,4,4,-5,6,8,-11,6,6,10,5,13,-5,8,-3,-1,-6
-24/73,0,0,-3,1,2,2,-6,1,-8,10,-9,-11,-4,-4,0,2,-4,5,4,14,-6,-1,12,0,8
-15/37,0,0,0,3,6,2,6,1,-8,0,-9,-8,-6,0,0,-2,6,-12,-10,-12,-2,5,3,0,8
-16/37,0,-2,3,1,4,-5,-5,1,1,-1,10,-8,-5,-6,7,-3,9,-5,-4,4,-6,11,4,-17,1
-23/11,0,-2,3,3,-2,-5,4,-2,-7,3,3,-2,-3,4,-6,-9,-14,-1,11,8,-13,-4,5,6,11
-43/22,0,-2,4,1,-2,2,2,-2,-4,-7,-1,-6,7,-1,1,-2,9,-5,-6,15,-13,8,1,-7,8
94/11,1,-2,1,1,-2,-5,1,1,-9,-1,8,-7,6,-9,-8,-4,-14,-5,-4,-2,-2,11,11,-14,6
-41/50,0,-2,0,0,2,2,1,-2,3,4,6,-1,-4,12,4,-6,6,1,-12,6,4,-4,-13,-6,-12
-41/47,0,-2,-2,3,-5,1,-5,1,-3,0,3,10,-4,-2,3,-6,2,10,-14,0,-4,-16,0,-12,8
-5/38,0,-2,0,3,6,-5,2,-2,-3,6,8,-3,-4,-6,7,6,0,6,5,-13,7,-15,-15,9,-14
-9/37,0,-3,3,1,2,4,2,1,-3,-5,-1,-8,-2,1,-6,-4,-10,13,2,4,-2,-6,12,8,-12
-16/53,0,2,2,3,0,2,-4,1,-3,0,10,7,7,8,1,5,-12,2,-2,-12,7,6,-16,-7,11
-9/32,0,0,0,3,0,-5,-3,-2,-4,-8,-1,-11,-6,-10,4,6,-1,0,8,-9,-13,-4,6,0,-18
-11/35,0,-2,0,-5,0,-6,-5,-2,-3,5,-5,-11,-5,-3,0,-11,6,-7,8,3,14,-11,-16,10,8
-19/52,0,-2,2,3,6,-2,5,1,-6,-5,-5,-5,-7,-6,-6,3,2,-11,4,2,7,5,-3,-9,2
29/18,0,0,2,1,-5,4,6,1,6,-10,-2,-5,0,-1,-8,-12,0,-1,4,-9,7,5,16,-3,-6
-57/7,0,0,1,-5,2,1,-3,1,-3,-2,-1,10,0,-2,-8,9,0,6,12,-1,8,5,-7,-6,2
-53/5,0,-2,0,1,4,-5,2,1,-8,4,-1,-5,-6,-2,-6,-10,-4,4,-12,-9,-6,10,4,2,8
-49/5,0,2,0,1,6,4,2,-2,0,-2,0,-2,2,8,6,-9,-2,-7,-14,-9,14,5,-16,-17,-19
-27/77,0,0,1,-5,-2,2,2,-2,3,2,1,-6,-4,10,13,-11,2,2,11,-15,4,-14,14,-14,18
-27/79,0,0,-3,-5,-2,6,-3,-2,6,6,-9,10,8,-4,-10,-3,-3,1,3,-15,-7,-8,6,1,2
16/21,0,0,4,-5,2,0,-3,1,-3,-1,8,7,8,7,-7,-4,6,13,2,4,-10,-16,-4,-8,-7
29/43,0,-2,2,0,-3,-5,1,1,-8,-10,-5,10,0,-12,0,5,-12,-13,4,-3,-2,-16,8,-7,-6
61/85,0,2,0,-5,0,-5,-2,-2,3,9,-10,-5,-3,-4,-6,-10,-5,-13,-11,11,1,-16,6,-3,12
61/81,0,0,4,3,4,1,-5,1,3,3,-9,2,12,2,0,-4,-4,-13,9,-8,4,-8,17,10,2
-21/16,0,0,1,1,0,-6,-3,-2,-8,6,-1,8,8,-3,-11,-6,-1,-2,16,10,-13,-14,-1,-14,-19
41/53,0,2,-2,-5,4,0,6,1,-9,6,1,-6,-4,-6,-8,5,5,-2,4,-12,7,5,-4,18,2
101/85,0,-2,0,3,-2,6,-2,-2,6,6,1,2,6,7,0,6,-4,-8,-10,4,-13,-9,15,-12,-2
9/8,0,-3,-3,1,0,-6,3,-2,0,-5,-5,-2,0,7,0,4,-4,13,-12,-8,-13,10,-3,6,14
12/23,0,0,1,1,-5,-1,-6,-2,0,-1,-1,-2,0,12,0,6,0,4,0,8,2,13,-10,-1,-3
26/41,1,2,0,1,2,-7,5,1,0,6,0,-7,6,6,-6,6,-4,-6,4,-3,2,-8,3,6,12
53/82,0,-2,1,-5,-3,2,2,1,-4,4,-4,10,6,-10,0,-10,0,-10,10,11,11,5,12,-3,-9
11/16,0,-2,4,1,0,-5,-5,1,-3,-5,-1,-2,-3,-2,-2,-14,6,4,-12,0,7,10,-15,-4,-1
-47/33,0,0,0,1,-2,2,-3,-2,-6,10,1,-2,-1,4,-8,-7,-1,8,-13,-9,-8,5,6,-6,2
-47/34,0,2,2,-5,0,6,-2,-2,6,-5,-5,-6,-5,-4,-8,-9,-12,-13,0,5,4,11,4,0,-6
-44/35,0,-2,0,-5,0,4,1,1,0,-5,-1,-7,12,2,-6,-4,-4,-6,6,-4,-9,0,-16,-17,-2
-91/67,0,-2,0,1,0,-7,-5,1,3,-4,10,10,-6,-2,-4,2,-2,-13,0,3,-8,0,-4,-10,-6
16/7,0,2,0,-5,4,-6,6,1,-4,2,-1,-10,-6,4,6,-2,-11,-4,5,8,8,-8,3,8,-6
-11/81,0,0,1,1,0,-5,1,-2,-3,-8,10,-7,-1,7,6,6,-4,-2,11,0,10,-9,8,2,-1
-4/27,0,0,-3,-5,0,-1,2,1,-4,-7,2,-6,-6,7,11,-2,-3,-11,-3,4,4,6,4,0,-2
23/9,0,0,-2,0,4,-5,6,-2,-7,0,6,-5,-9,-10,1,-11,-2,-4,-3,12,4,-8,2,-1,-5
-4/21,0,0,2,-5,-3,-6,3,-2,6,6,10,-6,-2,12,7,2,6,0,10,-3,-1,-14,-9,-1,12
-10/43,1,-2,0,-5,6,-5,2,-2,3,7,-7,5,-5,-12,-4,-3,1,-3,8,-6,0,6,2,-6,-14
-93/25,0,0,0,3,-1,0,3,-2,3,4,-10,-2,-3,-2,13,10,0,6,2,3,-2,8,3,-9,17
-89/22,0,2,0,1,-2,-6,-5,1,-4,0,3,8,8,4,0,6,6,10,4,6,-4,-8,4,-13,11
3/13,0,0,4,-5,4,-2,6,1,6,-1,-5,5,6,6,10,1,-4,-10,4,-9,11,-10,5,12,18
35/58,0,-2,0,1,0,-5,2,1,-3,-6,1,2,-1,12,-11,9,-12,1,12,-15,2,-6,-6,0,10
37/58,0,2,2,0,4,-5,5,1,-3,-6,-1,-11,-9,5,-3,6,6,13,3,3,-2,0,4,-9,-5
-85/29,0,2,0,1,-1,0,-8,0,-3,-6,-9,-1,-1,10,0,3,0,10,11,-12,7,-8,-16,-7,-9
-56/5,0,-2,0,1,-1,6,3,1,-8,-5,-9,10,-6,-4,0,6,-11,10,-10,4,-4,0,4,-8,2
-57,0,0,3,1,0,-5,5,1,1,4,-5,-2,6,1,6,-6,-2,-13,-3,0,-5,-7,3,-14,8
-53/4,0,2,3,1,2,1,-3,0,0,2,1,5,-6,-10,3,-10,-9,2,4,15,-9,10,6,6,10
-63/17,0,0,0,1,2,6,-2,-2,-4,-1,-1,-2,-6,-7,-6,-3,-9,2,5,4,-13,11,-7,10,10
-34/9,-1,0,1,-5,2,0,-8,-2,-3,6,1,-7,-3,-6,-6,6,-4,-5,4,10,-14,-5,-5,-1,-6
-65/17,0,-2,0,-5,-1,-7,-2,1,3,5,-4,-1,-6,0,4,6,-7,-4,10,4,-5,11,4,1,10
-59/16,0,2,2,1,0,0,-3,-2,-3,0,6,-1,-5,10,7,1,-12,-5,-10,5,-4,10,-3,-10,2
-21/29,0,0,2,1,0,-6,5,1,6,-6,-9,6,-6,1,6,-12,-12,10,-13,7,-7,0,2,-1,-6
38/49,-1,-2,-3,-5,-5,-1,5,1,-3,0,-5,-10,2,6,11,6,1,8,4,-3,-6,-1,-16,10,3
41/47,0,2,2,-5,6,2,5,-2,6,7,-1,-6,-4,8,3,-6,-9,-7,10,3,-5,8,14,-1,-12
83/99,0,0,2,1,-2,6,6,1,6,3,10,11,-4,-1,-4,-4,-11,8,-10,-15,11,8,0,9,-14
15/22,0,0,0,0,-2,-6,2,1,6,-7,10,7,10,6,6,-11,6,-1,-11,0,-6,13,9,1,-6
61/95,0,-2,0,3,-3,6,4,-2,-3,-2,0,-2,-1,4,8,-11,8,-13,-6,-15,10,5,9,2,11
59/96,0,0,1,1,2,-5,-1,1,-3,9,1,8,0,-10,12,6,-12,2,-4,0,-6,15,3,18,-18
59/94,0,-2,0,0,0,4,3,-2,6,-2,-4,11,-7,4,3,-4,-12,-3,-13,-3,4,8,-4,-7,18
-25/19,0,-2,0,1,-5,4,-3,-2,1,-5,0,-11,3,-4,-11,4,1,8,-12,-15,2,11,6,-7,-18
-5/6,0,0,0,-5,-5,2,-6,1,-8,-2,-7,-6,1,6,0,6,11,-4,2,-5,7,-6,5,-17,-4
107/14,0,2,0,-5,6,1,-3,1,2,-10,2,-2,-3,1,7,3,-1,5,-11,-9,-13,0,0,-17,17
-11/20,0,-2,0,-5,0,-5,-6,1,-9,-1,2,-2,-7,-10,-10,6,-13,-2,-12,4,-11,8,-5,-6,-18
25/16,0,2,0,1,4,-5,-4,-2,-8,6,10,11,12,9,0,-6,-1,13,4,0,-13,10,6,0,17
-16/51,0,0,2,1,-3,1,-2,1,2,2,-2,-7,2,-2,-6,6,-2,4,12,-2,11,-8,-4,-6,-2
-15/19,0,0,0,-5,4,-5,4,-2,-8,4,-5,10,10,-4,11,-6,0,-8,4,14,-14,-11,10,-14,14
3/16,0,0,-2,-5,4,2,2,1,-6,-7,6,-2,0,-10,6,-4,-13,-13,4,-12,12,-16,-16,10,-14
13/64,0,2,2,1,6,-7,4,-2,6,6,-1,-3,-6,-6,0,-10,-4,-7,0,14,-2,15,-3,-8,-19
12/61,0,0,2,0,-1,2,-3,-2,6,-2,10,-5,-6,9,0,6,4,-4,8,4,1,0,0,2,-2
83/17,0,2,1,1,-5,4,-2,1,-3,10,-1,-1,-4,9,-6,6,-5,8,-11,5,-13,-15,0,-1,2
33/17,0,0,1,-5,0,-5,-2,1,2,3,-1,-2,-6,8,1,-4,-1,-7,8,-4,-7,9,4,-12,9
34/15,-1,0,0,1,-2,-5,-8,0,-3,10,-7,-7,-6,12,-6,-2,0,2,4,6,12,-16,4,-15,0
97/91,0,2,2,-5,-2,-2,-6,1,6,-5,-4,-10,-4,7,-8,6,10,-4,0,-15,4,-4,-4,6,8
28/71,0,-2,3,1,6,-1,5,1,4,7,1,-2,-1,-6,6,-2,6,-2,2,4,-4,15,-3,-12,-2
31/60,0,0,0,1,-3,6,5,1,-8,4,-10,10,-3,-6,12,0,-9,8,14,16,-13,-16,12,0,2
15/29,0,0,0,0,6,-5,2,-2,4,-6,-1,-8,8,4,0,-10,-4,8,11,6,-6,10,1,-2,17
3/14,0,0,0,-5,-5,1,3,-2,-3,2,-4,-11,8,5,0,-14,-2,-8,-4,8,10,-6,-4,-14,12
11/43,0,-2,0,-5,0,-6,2,1,0,6,10,-2,7,-12,6,3,5,-8,-3,4,-6,5,-1,-1,-14
53/34,0,-2,2,3,0,-5,-2,0,-3,0,-4,10,10,-6,8,-10,-4,-4,-4,10,-13,10,-6,12,-14
56/33,0,0,3,1,-2,-5,6,1,-3,3,-4,5,-3,10,-6,6,6,5,-11,0,2,1,12,-9,-8
-8/13,0,2,2,0,4,-2,-6,-2,6,6,-4,-7,-6,-4,-7,-11,-4,8,8,5,-9,-16,-4,18,-9
68/77,0,2,2,-5,-2,2,-8,-2,-4,0,10,6,-1,4,-6,7,-14,-4,-3,-15,-2,-4,-13,-10,-6
71/77,0,2,-3,-5,-2,6,-5,-2,2,3,-9,7,0,8,-3,-2,7,-12,-10,-12,-7,-1,12,0,10
13/11,0,-2,-2,-5,-2,-7,6,1,-4,-5,-10,10,-1,4,8,-10,2,6,4,-4,-6,6,16,-6,-7
45/44,0,0,0,-5,-2,-1,-3,-2,1,5,-9,-2,2,4,13,1,6,-3,12,3,11,-12,-4,-9,-9
-29/81,0,0,0,-5,-5,6,2,-2,3,-10,-5,-2,-4,1,-8,6,-2,4,-12,-12,14,8,10,-12,8
-27/80,0,0,0,-5,-1,-6,-6,-2,6,-5,-1,2,-3,-1,-8,0,-12,-1,-10,-12,-2,0,15,3,-2
1/41,0,-2,0,1,4,6,2,-2,-3,-5,-4,-6,6,8,8,-9,-11,-5,0,15,2,12,-16,-1,7
24/17,0,0,-2,0,-3,-6,-2,-2,-9,-1,4,-2,12,4,-6,6,-5,-1,-10,-15,-4,-11,12,1,-9
13/19,0,2,0,-5,-2,-7,5,-2,4,3,8,2,-6,-12,-6,-4,0,-11,-12,8,-16,4,-16,0,-6
-50/67,1,2,0,-5,4,2,3,-2,6,-5,-8,5,-6,1,0,-14,-4,5,0,-7,2,-8,-8,12,-14
-49/67,0,-2,2,1,2,-5,5,1,-3,4,0,10,1,-9,8,-4,6,2,0,14,6,5,8,-14,3
-44/67,0,2,3,3,0,-5,-1,-2,-4,-5,4,8,-2,5,-4,0,-12,13,0,-5,14,-9,-6,0,8
71/61,0,-2,0,3,6,-5,-6,-2,-8,3,-1,5,-7,6,-8,6,4,-4,2,-12,2,0,-4,-3,-2
72/59,0,0,-2,3,4,2,-4,-2,6,3,2,-5,-5,-1,12,0,10,2,-8,4,-6,13,16,10,-14
75/62,0,0,0,1,2,2,-3,1,-3,-8,2,-2,0,-1,12,-4,-7,10,8,-15,-11,-15,1,-8,-2
13/10,0,2,0,1,0,-7,2,-2,-4,10,1,-2,-4,4,12,-6,0,-3,10,-15,-10,8,-4,10,10
2/7,-1,-2,0,-5,4,-5,-1,-2,-4,0,10,-3,-6,12,0,-4,0,-1,-10,-15,14,5,-4,-10,2
1/21,0,0,4,-5,6,-5,-3,-2,3,-10,3,-6,-7,-2,6,1,6,10,5,0,-6,-8,-6,-8,10
91/44,0,-2,2,1,-2,-7,-3,1,1,-5,2,10,3,2,2,-4,9,-1,5,4,-2,-15,-3,0,13
88/45,0,0,0,1,0,-6,-3,1,0,7,-2,10,-7,-6,-7,6,0,2,4,4,0,8,-15,-6,-6
86/41,-1,2,4,-5,0,-5,2,1,-3,-5,-8,-2,6,-1,0,-4,2,10,2,-15,0,6,-16,-9,8
-38/35,-1,-2,0,-5,-2,1,-3,1,-6,9,6,-5,6,4,7,6,-11,-7,-11,3,-16,4,-4,6,-7
40/29,0,-2,0,-5,-5,-1,-4,1,-4,-6,3,-3,-3,5,-7,6,-4,10,8,2,6,-16,12,1,-12
40/27,0,0,0,1,0,2,-3,1,6,0,-8,5,3,-10,0,-2,-4,1,4,10,2,-14,2,-6,-3
28/17,0,-2,2,1,-5,6,-2,1,-8,-5,-4,-1,-2,-9,0,-9,0,10,12,-8,-7,-16,-5,12,1
-15/23,0,0,0,3,4,-5,-5,0,0,-5,-4,-7,0,4,-10,-2,-7,2,12,-1,-16,5,2,-14,0
-19/25,0,-2,0,-5,-5,-6,-3,1,6,-5,-4,-2,-6,-1,-7,1,-3,-1,0,-15,-13,-9,0,-6,-6
-61/23,0,2,3,0,4,1,-3,1,0,6,-9,10,-2,12,0,-2,8,-13,2,8,2,8,12,12,-7
1/16,0,2,0,-5,0,-1,3,1,-3,7,-6,10,-6,6,-7,6,0,-10,4,15,-7,-5,3,-9,14
4/65,0,-2,0,1,4,-2,-1,-2,-4,9,-1,-5,-9,12,-8,6,7,10,8,16,-7,10,15,-6,0
4/63,0,0,-2,-5,2,4,-5,-2,3,-3,-10,-2,-4,-1,-8,-9,0,2,4,-15,-13,15,-10,-15,-7
-35/8,0,-2,0,1,0,6,-6,-2,6,0,0,-6,-1,-6,0,6,5,-10,11,15,12,-4,4,1,-2
29/57,0,0,-2,0,0,4,-6,-2,3,-10,10,10,-4,10,0,7,-11,13,2,4,7,6,12,-10,-10
33/59,0,0,-3,-5,0,2,-6,-2,-4,-2,-1,-7,-5,4,-6,-11,10,10,4,-2,-2,4,15,6,-7
23/11,0,2,3,-5,-2,-5,3,1,-7,10,10,6,-6,-4,13,-2,6,-7,4,-2,2,11,-5,-7,3
47/25,0,-2,0,3,-5,-5,-3,-2,1,10,10,-6,2,4,-8,-14,-12,-6,4,8,14,2,-8,6,-14
44/25,0,-2,0,-5,0,-5,2,0,-4,-10,3,-2,4,12,0,-10,8,1,4,-9,-16,10,-4,-1,14
3/41,0,0,-2,-5,6,-5,5,0,0,6,-1,-5,6,4,0,5,9,-1,-10,6,-11,0,-16,5,10
7/79,0,2,-2,1,0,6,-3,1,-8,10,0,-1,6,10,1,-2,-2,-6,-6,4,11,-8,12,-15,-12
4/79,0,2,2,1,-1,-5,2,-2,-3,3,-9,5,7,0,12,-2,6,8,12,7,-11,-8,12,3,14
-10/11,1,2,0,0,-2,-5,-3,1,-4,6,4,2,-6,10,-3,6,-12,-10,6,10,6,8,-9,1,1
7/51,0,0,3,1,-5,-6,-2,1,2,0,-5,-5,0,-6,6,-4,-11,-10,-10,-5,-8,15,1,-14,12
11/47,0,2,0,-5,0,1,-1,1,3,0,-1,11,-5,6,3,9,6,-5,-12,9,-13,-6,12,-7,-2
4/17,0,-2,-3,1,0,2,-2,-2,3,3,-9,-7,-3,1,-7,7,2,-4,5,12,10,-15,10,-6,2
2/5,1,2,0,1,4,1,2,1,-3,-5,10,-6,6,4,-6,-9,-12,1,-10,2,2,-10,-12,-6,-5
46/95,1,-2,0,0,4,-5,-3,-2,-7,9,1,10,0,1,-8,-2,6,-3,5,6,2,13,-16,12,-9
43/95,0,-2,0,1,-2,2,-5,-2,-4,0,6,-3,-6,-1,-6,-2,0,-5,-3,-1,-13,-8,12,-2,-18
-39/28,0,0,-3,-5,6,-7,5,1,2,10,-9,6,3,4,0,-2,-13,6,12,0,6,2,6,1,-5
-37/26,0,2,0,0,6,-2,5,-2,-8,6,-9,-11,-6,6,-1,4,0,-2,4,-9,-6,-10,6,0,13
61/83,0,-2,2,1,-5,6,6,1,2,0,-4,-2,6,4,-7,-2,4,-13,10,-5,0,8,-16,0,-6
62/85,-1,-2,0,1,4,6,-2,1,-3,-1,-10,-7,-9,0,8,-2,6,6,4,-9,-16,-16,3,1,10
-25/74,0,2,0,1,-5,1,-1,-2,6,6,4,-8,-9,4,1,3,0,-7,8,-15,4,-5,9,18,-14
-22/19,-1,-2,-3,-5,0,-5,-5,-2,-8,-5,2,-6,-6,-1,-11,6,13,2,8,6,10,-16,12,2,3
2/21,1,0,-3,-5,0,2,-4,0,-4,6,6,5,-5,-3,-6,6,-9,-5,-12,-4,11,-8,-3,12,-9
5/82,0,-2,0,0,-5,4,-3,1,3,0,-1,5,6,12,-6,-6,-9,8,12,4,-11,13,-16,10,-2
1/12,0,0,-3,3,-5,6,-1,1,6,-5,-9,-10,-3,-6,-1,-2,4,-13,16,0,-10,13,0,-1,-10
37/42,0,0,0,-5,0,-5,5,-2,6,3,-5,-11,0,-4,4,-10,-11,1,16,-9,-14,8,0,3,0
43/14,0,-2,-3,-5,4,-5,2,1,6,4,1,10,1,-1,10,-9,2,8,-13,-13,4,-11,15,-4,-7
41/14,0,2,1,-5,6,0,-4,-2,-8,-4,-1,-3,-4,-4,1,-4,-12,10,-2,-12,-1,-6,16,-2,-1
-47/40,0,2,0,1,0,-5,6,1,0,4,3,-7,1,6,-8,-10,0,6,-10,6,-13,-8,0,5,-9
99/68,0,0,3,3,0,6,-2,1,-6,6,2,10,-1,8,0,-6,-9,-10,-12,9,4,-8,10,-17,8
94/69,-1,0,2,-5,-1,-5,-4,-2,0,-1,-5,5,-6,4,-8,-2,13,-1,-3,-12,-1,11,-12,-2,9
-22/43,-1,-2,4,1,0,2,1,-2,-3,6,-2,-2,-4,-12,-3,-12,0,13,0,13,2,-5,5,-6,-2
-41/73,0,2,-2,-5,-1,1,-6,0,3,-4,4,-8,-4,1,10,6,10,-8,-2,-2,-6,-11,8,-12,-6
-17/40,0,2,0,-5,4,-1,-8,0,-4,0,-5,-5,-6,4,0,-6,6,-13,0,10,-5,-4,4,-4,10
-21/32,0,0,-2,1,6,1,-6,-2,-3,6,1,-5,6,-2,8,-3,10,2,-7,0,-1,11,0,1,2
-11/85,0,2,0,3,0,-5,-2,-2,6,7,-9,7,10,7,-6,-6,-1,-6,0,5,-16,-8,4,2,-5
-10/87,1,0,0,1,6,-1,6,1,6,-6,3,-7,-9,4,-6,-12,-10,-1,12,15,-6,-14,4,-8,8
-13/87,0,0,2,-5,-1,-7,-6,1,-8,-6,-4,7,-7,6,3,-4,0,8,4,-7,2,13,0,10,10
33/37,0,0,2,1,0,1,5,1,0,6,-8,-8,-7,8,8,1,2,-7,11,3,-16,8,6,-14,-18
34/37,1,2,3,3,-2,-1,-8,1,-3,-8,4,-8,-6,1,12,-2,-11,13,3,-8,10,0,3,-12,6
74/77,1,2,-3,-5,-2,-5,6,-2,-3,10,2,-11,-6,6,-6,-12,-5,-6,-14,7,-2,8,-3,12,14
24/25,0,0,0,1,0,0,2,1,1,2,-9,6,-3,-1,-11,-4,0,6,2,-3,-7,-10,0,-6,-2
69/83,0,0,3,0,2,-6,-3,1,-7,3,-8,-7,4,4,0,11,-7,-6,2,14,-13,5,-16,-6,10
37/40,0,2,0,1,6,4,-4,1,-3,-4,3,-11,-5,4,-6,6,-13,-11,5,-12,7,-1,0,18,2
73/81,0,0,-2,1,6,6,2,-2,6,-5,3,-2,8,4,0,-2,4,2,-3,-4,-11,-16,2,0,2
-45/38,0,-3,0,1,-1,-6,-1,-2,-4,-3,-4,6,2,4,12,1,0,0,9,8,-2,-9,11,10,-2
45/16,0,-3,0,-5,0,0,-5,1,6,4,-4,-5,-1,2,0,-4,-11,0,2,6,-14,9,-3,0,12
49/19,0,2,4,1,-1,-6,3,-2,-3,-1,-1,-11,-7,-9,4,11,-11,-1,-14,6,-6,1,-8,-15,6
-32/33,0,0,4,1,-2,2,5,-2,2,0,0,-2,-5,1,6,-2,13,-11,-11,-4,7,10,-16,-15,5
-62/67,-1,2,2,1,-3,-5,5,1,6,-4,-10,-6,7,-6,7,1,0,-2,0,-15,-4,6,-1,8,-6
-65/66,0,0,0,-5,-2,-7,1,1,4,10,2,-7,-7,-7,-1,1,6,-3,8,4,-13,-5,6,2,-5
-16/33,0,0,-3,0,-2,6,3,-2,-8,-2,1,-8,-7,-10,0,-9,-10,6,-12,-12,2,-4,16,-10,8
-13/33,0,0,2,3,-2,-7,-3,-2,-3,-2,-5,-1,-6,4,7,-6,-14,8,4,0,4,0,-6,-8,-19
-1/45,0,0,0,1,6,0,2,1,-3,0,3,5,10,8,-8,2,-4,-10,-11,-15,7,11,0,-6,2
14/31,1,-2,1,1,-3,-5,4,-2,-9,6,2,-5,2,-4,12,10,-4,6,3,-5,4,-16,16,12,-18
41/15,0,0,0,1,-1,2,2,1,-3,-3,3,-7,-4,4,6,-2,-10,-10,-10,-13,-16,-14,8,12,-13
30/11,1,0,0,-5,-2,4,6,0,-3,-5,-1,5,12,5,0,-9,-4,-11,4,-15,-5,-14,6,0,-18
-19/43,0,-2,2,1,0,-5,-3,1,4,0,2,-2,-1,-12,10,-2,10,6,8,14,14,-6,14,18,-9
-18/41,-1,-3,0,-5,2,-5,6,-2,-4,9,1,2,6,4,-7,6,0,8,12,6,6,9,4,-3,-4
-35/88,0,2,0,1,-2,1,5,1,-8,2,2,-5,-6,-1,0,0,-9,-2,-12,16,2,1,-4,9,2
-37/87,0,0,1,-5,-3,-6,1,-2,1,-6,2,-11,8,-4,-8,1,4,-2,-14,-5,-1,8,-3,10,14
-55/14,0,2,0,-5,0,2,1,-2,-3,2,4,-8,12,-10,-2,-3,0,-3,8,0,-2,6,12,-6,12
-2/41,-1,-2,2,1,0,6,1,1,-3,-3,6,10,6,-6,-11,10,-10,0,5,3,-7,8,-6,-15,1
-4/45,0,0,0,0,4,-5,6,-2,0,6,-9,10,12,-2,4,-2,0,-1,2,3,7,13,-5,-10,-6
-9/29,0,0,1,-5,4,2,6,0,6,-6,-1,-2,-1,8,-8,9,0,1,-12,8,-1,10,-3,-16,-14
53/29,0,2,3,-5,2,-1,2,-2,-3,-6,-1,6,12,6,-11,-10,6,-1,0,-15,2,-12,12,12,1
53/30,0,0,0,1,0,2,-3,-2,-3,-3,-5,-2,6,1,11,-10,-4,10,11,12,4,15,12,-12,-12
58/31,-1,2,3,3,-3,-1,-4,1,-3,-10,2,-2,0,12,8,9,0,0,-14,3,-5,8,12,-9,-12
-58/95,1,2,0,3,0,-5,4,-2,-9,-10,-6,7,-6,2,0,-2,2,-1,-12,-15,-6,4,15,6,-19
-11/14,0,-2,2,-5,0,0,5,1,4,6,-4,5,6,4,-11,1,-1,-5,11,5,-10,8,-12,18,8
-31/46,0,-2,2,0,-5,1,-3,1,0,-4,-10,10,-7,-1,-11,0,6,5,-13,-15,-10,-15,12,6,-14
96/91,0,0,4,-5,6,-2,3,-2,-9,-3,-1,-5,-6,4,-6,3,5,-7,11,3,-2,-14,9,10,-2
-13/57,0,0,0,0,6,-7,6,-2,-8,9,0,-5,-6,-3,0,6,-11,-10,10,0,-13,-16,-4,18,-18
-8/55,0,2,0,0,-2,-6,5,1,-8,6,1,-5,-6,7,-8,-6,-2,-10,5,7,-6,-14,-4,-6,-3
-3/92,0,0,0,-5,-1,2,-6,0,0,4,3,-1,-6,8,0,-14,6,0,1,-8,6,0,-8,-9,8
-2/89,-1,-2,3,0,0,2,-3,-2,-6,0,4,11,-4,7,-6,11,-2,13,8,4,7,-16,-8,-8,8
90/31,-1,0,0,1,6,-5,-3,-2,-8,4,2,-7,8,-7,-8,2,0,-6,5,-15,4,-14,2,-14,-5
89/27,0,0,3,1,0,4,2,1,-3,0,2,-2,6,0,-8,3,-4,1,-12,-7,11,-16,0,-13,2
45/13,0,-3,0,-5,2,-2,-1,1,3,0,-9,-8,0,4,0,-11,1,2,2,-13,-2,10,8,-10,-1
15/28,0,0,0,-5,0,2,-5,1,-8,3,-9,5,-7,10,11,6,9,0,-2,-13,4,4,4,1,-2
13/29,0,-2,-2,1,4,-7,5,-2,2,-6,-5,-2,6,-3,0,-4,13,10,-8,-13,-13,-1,6,2,-1
-44/3,0,0,0,-5,0,6,-3,-2,-6,-3,6,-5,12,-7,2,1,4,4,-12,13,14,11,5,8,2
-19,0,-2,4,1,-2,6,5,1,0,10,3,10,-7,0,0,-12,7,-10,3,0,-2,-14,-4,-12,-5
-87,0,0,0,-5,-5,-5,5,1,-3,-10,6,-11,-5,10,0,3,-9,4,-3,5,-4,6,-11,0,-7
-78/25,1,0,0,-5,4,-7,2,1,3,-4,-9,-7,10,4,-8,0,-3,1,4,-7,-1,-4,-7,6,-14
-80/27,0,0,0,3,2,4,-4,1,-8,4,-1,-2,0,2,-1,0,-4,-10,-12,-9,-2,11,-15,-6,-6
-17/22,0,2,2,-5,-2,2,-8,-2,-8,3,-9,10,6,4,-6,-2,0,2,5,6,0,-12,0,12,18
73/40,0,2,0,1,-5,-5,5,1,3,-2,0,-8,8,4,-7,-2,-2,1,4,-9,-11,9,3,3,-14
67/41,0,-2,-3,3,4,2,6,1,-3,-5,4,2,6,12,0,6,0,6,-5,9,12,6,1,8,-2
35/19,0,-2,0,1,-2,-5,-4,-2,-4,4,1,5,-5,1,1,5,-11,-4,5,8,-6,5,-7,6,-6
33/20,0,0,0,1,0,2,5,-2,1,-4,-4,-7,6,8,-1,0,7,-5,-4,0,-6,-14,4,8,3
19/33,0,0,3,0,-2,6,5,1,6,-5,-7,5,0,7,4,9,6,10,-10,-15,-9,-8,7,12,-14
57/68,0,0,1,3,-5,-6,-2,1,1,-8,-7,-7,-3,-1,-6,-2,-13,1,9,0,-6,0,14,-13,-12
59/68,0,2,0,1,-1,4,-2,-2,6,5,0,-2,4,1,8,-9,-12,-7,-14,12,-7,4,0,1,8
83/6,0,0,3,0,-5,1,5,-2,6,0,10,-7,-9,8,12,-7,6,13,8,-1,10,12,0,-9,-6
41/3,0,0,-2,1,6,-5,-3,0,2,-2,-2,2,-4,7,0,-6,0,8,-5,-12,-10,1,6,-4,12
79,0,2,1,1,-1,2,5,-2,6,0,8,-2,-6,-10,13,-4,-1,6,-8,-12,11,4,-11,6,-14
42,1,0,2,1,0,1,-3,1,-9,9,3,-2,-6,10,-8,6,-12,-10,2,12,14,8,-4,3,11
81/65,0,0,0,1,4,-2,1,-2,-4,-3,-9,-6,-4,4,0,2,-4,-1,6,3,1,-4,-15,-6,5
42/17,1,0,2,1,4,-5,-2,-2,-6,4,-4,-7,-4,2,-6,6,4,13,-10,-2,-2,8,4,-10,-1
37/14,0,-2,-2,-5,4,4,3,1,-3,9,-9,-11,-4,-6,12,-2,9,8,-14,8,7,-16,10,6,1
-50/19,1,2,0,-5,-1,-1,-4,-2,-3,-4,1,10,1,4,13,6,6,8,8,-15,-2,-10,-4,6,2
1/74,0,-2,1,1,4,1,2,1,4,7,-9,-8,-6,-4,0,1,6,2,3,-12,-16,-16,14,-7,9
4/37,0,2,2,1,-5,4,1,1,-4,6,3,-8,12,7,6,5,-4,-2,-2,11,-13,-9,4,2,-8
5/76,0,-2,0,1,2,-5,1,-2,0,-10,2,-2,1,8,-6,-2,10,2,10,2,10,-6,2,0,-5
-41/9,0,0,2,-5,-3,6,2,1,-8,-10,1,-5,-4,2,13,3,-2,-1,2,-4,-7,6,12,9,-7
-10/3,1,0,0,1,-3,2,-3,-2,1,4,2,-7,-3,7,0,-11,-11,-6,11,0,7,-8,12,-3,-19
-17/44,0,-2,3,1,-2,6,-8,-2,-4,-3,-9,-11,6,-1,6,-6,11,10,-14,-13,2,-5,-3,12,-14
-34/89,-1,2,1,3,6,-5,-8,1,-9,-5,-2,-2,-6,10,-6,-6,-5,8,-14,0,-6,5,4,-8,-14
17/22,0,-2,0,3,-2,6,-8,1,2,10,-5,2,6,5,4,6,2,5,5,12,4,-15,16,-1,-18
53/67,0,-2,2,0,0,6,5,-2,6,6,1,-2,8,-1,12,-10,-14,-10,0,15,-5,5,-10,12,8
6/91,1,0,0,-5,-1,-2,4,1,-8,4,-4,5,4,2,0,6,-13,-10,-14,11,0,1,-7,3,8
10/89,1,-2,0,1,6,-5,5,-2,1,-4,-9,10,-3,-9,0,-3,-1,-8,4,15,0,0,3,-8,6
77/82,0,-2,0,1,0,1,2,1,-3,-7,-2,-2,6,-1,0,0,-4,13,5,6,-6,0,4,9,13
31/40,0,2,0,1,2,-5,-3,1,4,4,-10,6,10,-1,6,6,-7,-7,-2,-8,2,-1,0,3,11
16/19,0,2,2,1,-1,6,-3,-2,-9,10,-5,-3,3,7,-2,0,10,-10,-11,-4,-13,-5,3,4,-12
21/16,0,0,4,1,-1,6,-3,1,-4,3,3,7,8,-1,-11,-6,4,6,-4,14,2,4,6,6,-3
42/31,-1,0,3,1,-5,4,2,-2,3,0,2,-6,-5,-6,-6,-2,2,-5,-3,9,1,4,-11,-1,-7
-79/73,0,-2,0,-5,2,-5,-3,0,-3,4,-8,-2,0,8,12,-14,0,1,8,6,-6,4,3,12,-7
-29/13,0,2,2,0,-1,-2,2,1,-9,-10,-2,-8,2,7,12,6,-7,6,-4,7,7,8,0,-14,2
-59/27,0,0,-2,3,0,-6,-5,-2,4,6,2,-2,0,-6,4,1,-12,1,0,-9,7,-9,8,10,-12
1/17,0,-2,2,-5,-1,2,-2,1,-9,-5,3,-11,-4,4,0,-2,0,6,11,-6,-2,-10,-13,-1,8
31/19,0,2,1,1,0,1,1,-2,-8,2,-10,-7,-3,-2,8,6,-12,1,5,-15,-2,-8,4,10,-3
29/19,0,-2,0,3,4,6,-5,-2,6,-10,-9,-2,6,4,-1,-3,6,13,8,13,-5,-10,12,-9,8
41/86,0,2,4,3,4,2,1,1,-4,-5,3,-7,-4,-12,0,6,0,-3,3,-13,-14,-6,6,-1,-6
42/89,1,0,2,1,0,-5,-6,1,-3,0,-5,-7,1,-7,2,6,-7,10,10,15,7,-11,0,-8,10
19/43,0,2,-2,-5,-2,-5,-3,1,-3,7,1,-10,-4,-12,0,-2,-4,1,-12,10,-2,13,0,-8,6
-39/71,0,0,0,3,-5,-7,-3,1,-3,-8,6,10,-1,4,-11,6,2,8,2,4,14,-1,-4,-8,2
-40/73,0,-2,0,3,6,-5,-4,-2,-3,6,-6,-2,8,-1,-11,-6,-14,-6,4,-15,-6,13,-6,0,-14
34/99,-1,0,0,1,-2,2,-8,1,6,-1,4,-6,-7,-3,-6,-11,-4,-2,-11,-4,4,-8,16,-9,-7
-32/5,0,-2,0,1,0,-5,2,1,1,4,6,8,10,7,-7,3,-4,6,2,3,-5,-4,12,0,-2
-70/11,-1,2,0,1,-2,-1,-5,1,6,7,10,-10,6,8,-6,-4,4,8,0,4,7,-14,16,-15,8
-72/11,0,-3,-3,3,-2,2,6,1,2,-2,4,-2,0,-1,4,-11,-9,0,-12,-1,-14,-16,11,3,-1
-67/14,0,2,-2,-5,4,4,5,1,6,-10,-2,-5,-5,1,-8,0,-5,-6,-5,-15,-5,10,5,0,-6
-71/14,0,-2,0,-5,-1,6,4,1,-3,-8,6,-11,-2,-2,12,6,6,13,4,-12,7,-8,6,-17,-12
-38/43,-1,2,2,-5,4,2,-4,1,-3,-10,-6,-1,-7,-12,-2,-2,-1,-11,4,-9,0,-8,12,12,-3
-39/41,0,0,4,-5,-1,-7,-4,1,-8,-2,-2,10,6,-2,-10,6,6,-1,-14,-15,5,-14,-16,-15,17
-68/81,0,0,-2,-5,4,6,-8,-2,6,0,4,-7,0,2,0,6,-4,-5,-12,11,0,-4,12,3,-14
5/48,0,0,0,1,-3,0,-3,-2,4,3,-2,-11,-4,-6,12,0,-2,-1,-14,2,-1,-10,7,1,-9
41/79,0,-2,1,3,-3,0,-3,0,3,9,8,5,-4,12,-6,-10,4,4,2,0,6,-8,12,-1,-12
-81/71,0,0,2,3,0,-6,1,0,-8,-2,-1,11,7,-7,-4,-9,1,5,-12,4,-6,-11,6,-14,-9
-77/75,0,0,0,1,0,-5,-5,0,4,-2,6,-10,-1,8,6,-4,-2,2,-2,-12,-6,12,1,5,1
17/31,0,-2,3,0,0,-6,-8,-2,-3,2,2,-6,0,4,-6,-2,-9,8,8,10,4,-7,12,9,-2
55/93,0,0,0,3,0,-5,-4,0,-3,3,2,7,-6,-7,8,6,6,-8,8,9,7,11,8,-6,9
-19/90,0,0,0,-5,4,-6,2,1,-8,9,-9,-2,0,-4,10,-2,0,-2,-4,-8,-4,12,2,-12,-7
-24/89,0,0,2,-5,0,6,5,1,6,-5,6,-6,6,6,-2,6,-9,8,-4,-6,4,-4,-11,-8,12
47/41,0,2,2,1,6,-5,2,-2,-3,4,-1,-2,6,-2,-8,-2,7,-10,2,-2,-13,-5,6,10,2
47/42,0,0,0,-5,-3,6,-3,-2,-8,-5,-2,10,1,-3,-8,-3,-7,-11,-12,15,-2,-16,17,-9,18
-31/29,0,2,0,-5,4,6,-3,-2,4,-6,-10,11,1,-10,4,-4,5,2,-14,2,7,0,4,0,10
60/73,0,0,0,1,4,2,6,1,-3,-2,-4,2,-9,4,-8,1,-4,-1,-3,14,-6,-15,-16,10,12
23/20,0,2,0,-5,4,6,-6,1,-7,7,3,-2,-5,10,-6,-2,0,1,4,15,14,6,16,1,14
13/47,0,-2,1,-5,0,-7,4,1,-3,-5,-9,-2,8,-7,3,6,0,2,4,-9,-7,11,-4,-14,-18
-24,0,0,2,-5,0,0,-1,-2,-4,-4,2,10,-6,-10,0,6,10,1,-12,-9,0,10,0,1,8
-97/3,0,0,2,-5,0,4,-3,1,2,4,-5,-2,-5,-4,-8,1,0,-10,9,-2,-13,6,2,0,8
94/95,1,-2,0,1,-3,-5,-5,-2,-6,3,4,-2,2,4,-8,-4,0,1,4,-13,2,4,-16,18,2
-53/32,0,-2,4,1,0,0,4,1,1,0,-5,10,2,4,-6,-10,-13,-1,3,3,0,-6,-3,6,13
-7/5,0,2,0,1,-2,-1,-6,-2,-8,4,3,-1,2,4,-6,1,0,-5,-8,-4,2,10,-6,-1,11
-25/16,0,-2,0,-5,2,-1,-3,1,-4,6,3,-5,-6,7,11,-3,0,-3,12,4,-8,13,-3,6,1
-53/36,0,0,0,3,0,-1,3,-2,-8,0,-1,-5,0,-1,8,-10,0,8,11,7,-11,-8,-5,-6,0
-10/7,1,-2,0,-5,0,-6,4,1,-3,4,3,-7,-7,-6,-8,-2,0,10,4,6,7,10,14,-10,0
-47/31,0,2,0,3,4,2,-1,1,-4,7,2,2,-6,1,-8,3,1,6,-14,12,-2,0,-13,-1,10
102/49,-1,0,-3,-5,4,-5,-8,-2,3,-5,4,11,2,-6,-1,-3,-3,-8,-4,-9,11,5,16,-15,-7
103/49,0,2,-2,-5,-2,-1,-3,1,-9,-3,-10,-11,-6,-4,0,-2,-9,-1,8,3,-2,-16,-3,-10,0
59/15,0,0,0,3,-5,2,-3,1,3,-7,6,7,-3,0,-3,-9,-12,13,-6,8,-10,8,14,-6,13
56/17,0,2,3,1,-1,2,-2,-2,2,-4,-9,-8,6,8,-8,-9,-4,10,5,8,1,6,3,8,-5
-82/39,1,0,-3,-5,-5,-2,-3,-2,-3,6,-9,5,-4,10,3,4,0,1,-2,6,0,5,3,-14,2
-77/41,0,-2,2,1,0,6,-5,1,-4,-2,-1,11,6,-6,12,-6,0,13,4,-4,2,-8,7,-2,13
-20/13,0,2,0,1,-5,-2,2,1,6,2,-1,10,-4,9,-11,-2,5,-11,4,-12,0,-4,-4,8,13
41/8,0,2,0,1,-5,2,2,-2,6,4,-5,-5,-4,-9,7,-2,-12,6,-3,0,6,-16,3,-7,-14
-23/17,0,-2,4,-5,0,-5,-2,1,-7,3,-9,-2,-4,1,-6,6,6,13,2,6,-11,6,-9,10,2
-23/16,0,2,-2,1,-1,2,-5,-2,-7,-2,4,-11,0,-12,0,-3,-7,-2,14,4,-10,4,3,-15,-3
-41/31,0,2,2,-5,-3,2,-3,-2,-3,2,2,10,-4,8,-3,-6,6,6,10,-4,14,8,-11,-6,3
89/83,0,2,-2,1,-1,2,5,-2,6,3,10,2,-9,10,6,-11,6,1,6,-3,7,8,-16,-13,-18
-89/60,0,0,0,-5,-1,2,-4,1,-3,0,-4,-7,8,9,-1,6,-4,6,5,-3,-5,6,-3,-13,16
-89/59,0,-2,1,3,0,-5,-3,-2,6,-1,-5,8,-1,0,4,7,10,10,14,-3,2,1,2,-13,-7
-94/55,-1,-2,0,3,-2,6,-6,1,6,-5,-5,-2,-6,7,-8,-10,0,-11,11,-12,11,8,-10,-17,-14
-94/59,-1,2,2,1,-3,6,4,-2,4,6,-8,2,0,8,-8,-6,10,2,-6,6,-10,-14,16,8,2
-24/11,0,0,0,0,-2,6,-3,-2,6,4,-9,10,8,4,13,1,-14,-11,-3,2,-2,-5,-4,-17,14
79/17,0,-2,-3,3,-3,2,-2,1,2,7,2,-7,-5,6,-8,-2,6,-10,3,4,-10,4,-16,2,-18
-49/44,0,2,1,1,-2,4,1,-2,-3,-10,2,-6,-1,4,13,6,0,6,0,7,-6,13,16,6,0
-48/43,0,0,2,0,-3,2,-5,-2,-6,0,-9,6,-6,-12,-8,-4,5,-5,-12,3,7,-8,2,-14,17
75/29,0,0,0,-5,2,6,-6,-2,-3,-6,-5,5,-5,-4,-6,-4,10,-4,16,5,-5,11,-16,-1,16
-14/27,-1,0,3,1,2,6,-6,-2,6,6,10,-1,-6,-6,-6,-2,2,-13,-11,-8,-1,-14,2,18,2
-14/29,1,-2,2,1,0,-5,-3,-2,-3,-6,2,10,6,-6,12,-7,2,-4,0,-12,-13,-8,3,-1,2
2/93,1,0,2,0,4,2,-3,1,6,10,2,-8,-4,12,0,6,0,-10,5,4,2,-9,-7,6,-13
10/19,-1,2,0,1,-3,-6,2,-2,-3,0,-7,-7,-9,-3,-7,-12,4,-5,-11,-12,11,6,-4,-12,-7
22/41,-1,-2,2,1,0,4,-3,0,4,-8,-9,-11,6,-9,-8,9,-7,-1,-14,12,-1,-4,4,-12,-7
-82/73,-1,-2,0,3,-3,-6,-3,1,4,10,2,-2,-4,10,-2,-11,-9,-3,5,14,-6,1,-3,-7,-2
-79/75,0,0,0,0,-5,-1,-3,-2,2,0,-9,-3,2,9,11,7,-4,8,-12,-13,-13,4,4,10,8
-5/101,0,-2,0,3,-2,-6,2,1,6,10,3,-5,-6,-7,12,-3,10,8,9,14,-13,5,1,-3,6
-3/97,0,0,2,3,4,-6,-3,1,0,7,2,-11,6,12,-8,6,-7,-1,8,3,7,6,-6,-6,4
-4/49,0,-2,1,-5,0,2,-6,-2,4,2,8,-8,6,7,0,-3,-12,2,-12,15,2,5,2,6,-10
-9/94,0,-3,2,-5,-3,2,3,1,3,6,-1,-1,-4,9,3,-2,0,-2,-11,-12,-4,6,12,-1,12
59/65,0,2,0,-5,4,-2,2,1,4,-2,1,2,-1,-9,13,-2,-12,8,11,-1,-14,2,8,12,-4
7/34,0,2,-3,1,4,-1,-2,-2,-3,9,1,-5,12,-1,13,6,-1,2,-7,3,-6,-8,7,1,2
9/80,0,-3,0,3,-2,4,2,-2,-3,6,4,-7,6,4,-6,6,-4,-7,12,2,-2,4,16,-9,2
1/80,0,-2,0,-5,-3,6,-1,1,-8,-2,10,-1,6,8,4,-6,6,-7,5,-12,7,0,-8,6,-12
1/87,0,0,-3,-5,6,1,-4,-2,-3,-6,-5,-7,-2,-6,4,-2,0,-12,9,15,-6,-12,2,6,-19
-41/33,0,0,-3,3,-2,-1,1,1,1,-8,-9,8,-4,-6,1,6,6,13,8,14,-2,-10,4,5,-8
-57/71,0,0,-2,1,-3,2,5,1,2,0,-10,-5,0,8,-6,1,0,1,-5,4,-13,-4,-9,6,13
-56/73,0,2,2,1,-2,-6,3,1,-3,-2,-5,-5,-4,-6,1,6,-2,-11,3,2,-6,-1,6,10,8
-57/70,0,0,0,-5,4,6,2,1,1,-5,-1,-2,2,-6,4,-10,10,10,3,-4,6,15,-16,3,-18
-26/35,1,-2,0,-5,0,-7,-3,1,-8,6,-5,10,-6,-7,4,-2,4,10,-4,0,-16,-16,-6,-4,2
-16/39,0,0,4,3,-5,-2,1,-2,-4,10,-4,6,6,-1,4,-2,0,8,-8,7,-5,-10,2,10,-7
-15/28,0,0,0,-5,-2,6,5,-2,-4,6,-5,2,-9,-6,0,6,0,1,4,-1,0,-8,6,6,-1
-17/28,0,2,0,-5,6,4,-8,1,-3,-5,4,-1,-5,-1,-6,-10,-9,-10,-11,6,-13,-14,1,10,14
-31/34,0,-2,0,3,-1,2,-2,-2,-6,-5,-10,6,-7,-1,12,6,0,4,-4,-12,2,-11,-6,18,9
-16/17,0,2,0,-5,-5,-1,-2,1,6,4,1,5,4,4,-6,-10,4,-6,10,-9,14,6,-3,6,2
-13/5,0,2,0,3,-3,-7,5,1,6,0,4,11,-7,-4,-6,6,-2,8,5,15,12,-15,-3,-6,2
-27/11,0,0,3,1,-2,6,-3,0,6,4,6,10,-6,8,0,0,0,1,16,12,8,10,-16,-12,-5
-18/35,1,-3,0,-5,-1,4,3,1,6,-8,3,-7,3,-1,0,-3,6,-8,2,7,12,-1,-16,-6,13
-17/35,0,-2,0,-5,0,2,-8,1,1,-7,10,11,0,1,0,-6,-4,-5,12,-12,7,-1,15,-16,-6
-28/69,0,0,0,1,0,-6,-5,1,0,-5,-9,10,12,-9,-7,-6,11,-1,14,0,-6,11,12,-12,8
-30/67,-1,0,0,3,-2,4,-3,1,-3,4,-7,7,-7,12,3,5,-9,-13,0,2,-9,8,-10,-16,8
-35/69,0,0,0,1,-2,2,3,1,0,10,-9,10,8,4,8,4,-13,-10,5,8,2,4,-13,-10,-9
-41/39,0,0,4,1,2,-2,-6,1,-9,6,-1,6,-4,8,7,-4,4,-10,5,-15,14,-16,-10,-3,14
-89/85,0,2,0,1,-3,-5,-2,-2,-6,4,0,10,6,10,0,-11,-7,-1,-5,3,12,-6,16,-13,-1
-89/83,0,-2,2,-5,0,1,-6,1,-3,6,3,5,-3,-6,-6,2,-4,10,2,-12,-1,5,-16,-13,-3
-28/41,0,2,2,1,-1,6,-3,1,-3,-5,-1,-6,6,-7,0,2,-1,8,-12,8,-4,-9,10,-17,5
-31/41,0,2,2,3,-2,-5,5,1,-4,-3,-10,-7,6,4,1,9,4,1,12,-6,-13,-10,3,0,-6
-50/79,1,2,0,3,0,0,2,1,6,0,-1,11,3,-6,11,7,10,-13,2,-9,-5,-8,16,-8,-10
49/40,0,2,0,1,4,2,5,1,3,6,-6,-8,-2,-2,10,-4,4,6,5,4,11,-4,-16,-9,-12
97/79,0,2,3,3,6,-6,5,-2,1,-4,-9,-8,-5,1,0,6,-2,2,-5,-3,-6,-8,6,-8,8
54/61,-1,0,2,0,0,-6,-6,1,-4,-10,-1,-6,2,10,-8,2,10,-4,-8,16,-7,-16,-16,12,2
26/15,-1,0,0,-5,-5,-7,-3,-2,4,2,1,-5,12,-3,-6,-4,6,6,12,-12,-13,11,14,12,2
-5/36,0,0,0,1,-1,-6,-5,1,1,7,1,-2,-6,-1,6,3,-9,-10,8,-12,-4,2,-3,-14,-5
-4/37,0,-2,-2,-5,6,0,-1,1,-8,3,-1,-8,-6,9,-6,-10,10,8,0,-3,-13,-8,8,10,-2
-33/74,0,0,-2,-5,0,-5,2,-2,-8,6,-5,-8,12,6,-1,-10,6,4,1,-5,5,-8,0,6,-14
-11/26,0,-2,2,1,0,-2,6,1,0,2,-9,8,-9,12,12,-9,-1,10,-11,-6,-13,13,-16,3,2
30/7,1,0,0,-5,0,-5,2,-2,-3,-2,-1,7,6,6,7,-2,-4,13,12,5,2,13,-4,-8,-2
59/43,0,-2,0,3,4,-5,3,1,3,-1,1,-5,8,-12,0,6,-12,8,12,-15,-2,-1,-9,6,-3
37/66,0,0,3,3,-2,4,1,1,-8,4,8,-11,-1,-3,0,-9,0,-3,-12,-3,10,-8,1,-13,1
-59/11,0,-2,4,0,-2,2,1,1,-8,0,-1,6,-6,-2,-11,-6,-12,-7,11,0,2,4,-8,0,-9
-10,-1,-2,0,-5,-5,1,1,1,-3,3,-8,11,-1,4,6,6,9,8,9,-12,-5,-15,-16,6,-9
-46/97,1,-2,3,-5,-5,2,3,1,-7,6,-10,6,0,12,-11,-9,4,-11,-14,-15,-13,-16,10,18,4
-49/92,0,2,2,1,4,1,-1,-2,0,-2,10,-11,8,10,2,-4,6,13,9,-9,-7,-8,5,4,-3
-51/94,0,0,4,-5,0,-1,-8,-2,-3,4,3,-2,1,10,3,-2,0,-13,3,-15,-13,5,-4,18,-7
-17/31,0,2,3,1,-2,6,-8,1,6,-4,2,-7,-6,2,-1,6,2,-1,-3,14,12,0,-3,12,10
-23/48,0,0,1,1,0,-1,-6,-2,-7,4,-9,-2,7,-1,-8,7,6,-3,0,2,-6,9,4,2,12
-76/25,0,-2,0,1,-3,4,3,1,6,3,1,-1,2,4,-8,-11,-14,-11,-4,0,-7,-8,-5,1,2
52/61,0,2,3,1,4,-7,6,-2,-3,-1,1,5,-3,-2,0,-11,-13,-4,-5,13,-14,-4,-3,-14,-9
20/9,0,0,0,3,-5,-5,-5,-2,-3,0,4,-1,6,8,0,-2,10,-1,-12,-3,-4,10,-4,-2,-2
23/12,0,0,1,1,-5,1,-4,-2,-7,3,-1,-2,-3,2,0,-10,6,8,-12,6,-13,-16,-16,-9,-7
22/29,-1,-2,3,0,0,1,3,1,-9,-6,-1,-7,-6,1,-1,-4,-11,4,-3,4,-7,13,-3,-3,7
20/33,0,0,0,-5,-2,2,2,1,6,-4,1,-3,-6,-2,-8,0,-9,13,-13,4,-7,-16,3,6,-6
-16/35,0,2,0,-5,-2,-5,4,1,4,6,-9,-2,-4,4,0,1,7,-2,-10,-9,4,-6,-4,-12,14
-37/67,0,-2,2,3,4,2,2,1,3,-5,-5,-11,-6,7,-8,-2,-4,-13,0,-4,-10,15,6,-6,-14
-30/71,-1,0,0,-5,4,-5,1,1,6,7,2,-5,12,4,1,6,10,-6,4,4,2,-16,-13,18,-1
-35/74,0,-2,0,1,0,6,2,1,-6,-2,1,-8,-4,7,6,6,-3,2,-6,10,-10,11,-7,-14,-10
43/67,0,2,1,1,6,0,-3,-2,-3,-5,-8,-2,-3,-1,0,-9,6,-6,0,6,-9,-16,-13,-7,-2
-15/31,0,0,0,1,-1,2,2,-2,-3,6,2,-2,-7,-12,0,-11,9,4,8,-4,-5,8,-15,10,-8
-42/19,1,0,3,1,-2,-6,-3,-2,-4,10,10,11,4,5,0,1,6,10,4,13,-2,-15,-4,12,8
97/28,0,2,1,-5,4,1,5,1,-3,3,-5,10,-7,2,13,7,-14,-2,8,0,-14,-1,-4,-10,8
48/7,0,0,2,-5,6,-5,-6,1,-4,4,-4,-6,-6,-1,-6,-9,9,-2,4,-4,-4,0,-16,6,-14
6/37,-1,0,0,3,4,2,-6,-2,3,-5,2,-8,-3,10,6,1,0,-2,0,12,12,-4,16,-8,-19
-77/85,0,2,0,1,0,0,-2,1,3,-3,-4,-6,-4,5,11,-2,6,6,-14,14,4,-14,0,-12,2
-49/13,0,-2,0,1,-2,-2,-3,1,-8,2,2,-5,-6,-1,0,-4,2,-2,-11,6,-13,-8,15,10,-3
-5/44,0,-2,0,0,-2,6,-3,1,4,3,-6,-1,-6,4,-2,-4,-1,1,-12,-3,4,-9,-16,-13,3
-40/17,0,2,0,3,0,1,-2,0,-4,9,-7,10,-4,7,0,9,-11,5,-12,0,-7,13,3,5,5
-22,1,-2,2,1,0,-5,6,1,-3,6,-5,-2,-3,8,0,-2,-3,-7,12,-12,-13,-8,0,12,2
10/9,1,0,0,-5,2,-5,2,1,-9,3,-1,-10,-2,-4,3,9,-4,4,5,13,-16,-4,6,10,3
48/17,0,0,1,1,0,6,-2,-2,-3,-2,2,-2,-9,-6,0,-12,2,-2,-8,6,-14,1,-15,1,-14
23/8,0,2,4,1,4,4,2,-2,-7,0,1,2,6,-10,0,3,-7,2,16,4,12,13,12,-17,-6
-47/85,0,2,0,1,-5,2,-2,1,6,0,-6,2,-9,-1,-8,-4,4,4,5,3,-5,-14,-4,12,0
49/69,0,0,4,1,0,-1,5,1,0,6,2,-2,-6,6,-10,5,4,1,-8,-5,11,-16,6,0,7
26/35,-1,2,0,-5,-1,-7,-4,1,2,3,-1,-11,2,1,6,6,0,0,-6,3,-6,-16,-11,-1,-14
-29/23,0,-2,0,3,-3,2,5,-2,0,-10,1,-5,0,4,7,-2,11,5,9,-12,5,-8,-4,1,13
-26/19,1,2,4,1,4,-7,-3,-2,6,7,-4,-7,-1,-10,7,9,0,-4,3,7,11,-10,0,-17,1
-27/19,0,0,2,3,0,0,6,-2,-3,2,1,-7,-6,7,12,1,-9,-1,2,-3,-8,15,2,-2,10
9/35,0,-3,0,-5,6,2,-4,1,6,4,1,2,-3,9,7,-4,0,2,8,8,-10,-7,2,-6,-1
19/9,0,0,0,1,4,-5,-3,1,-4,6,-5,6,-3,-1,0,6,0,-11,-14,-8,-10,10,4,10,-18
44/19,0,-2,2,1,0,1,2,-2,1,9,8,2,-9,5,13,-11,0,6,-13,-3,-4,6,14,-3,-8
22/9,-1,0,-2,-5,0,2,-1,-2,-3,-2,1,5,-9,-12,8,-4,11,10,-6,-12,-2,-11,-9,3,-5
91/62,0,-2,3,1,-1,-7,3,-2,6,4,2,2,-6,-2,0,6,-5,8,-11,8,-9,-15,2,-14,2
92/65,0,2,0,-5,4,-2,-4,1,-7,0,1,6,-6,-12,-4,6,10,-5,4,-9,-11,8,4,10,-12
-49/4,0,-2,1,1,4,-5,-4,1,-3,-3,3,-10,-9,4,0,-3,-4,-5,4,-15,11,1,-7,-13,0
-47/3,0,0,2,3,6,-6,1,1,-3,2,-5,-7,-9,-1,-8,-6,6,2,-10,-12,-11,5,9,-17,5
-51/4,0,0,4,3,-5,2,-8,-2,-6,0,-9,-2,-6,-2,-8,-2,-2,-2,11,3,14,11,-3,12,-2
-73/7,0,-2,0,-5,6,2,-4,-2,2,-7,-7,-5,0,12,-7,-3,6,8,-3,8,-11,10,-15,8,18
-74/5,-1,-2,0,1,4,-6,-4,1,-4,7,1,-11,-6,7,-1,6,6,8,-8,12,-1,0,-1,3,-5
-77/5,0,-2,0,1,0,-5,2,1,-8,-7,-4,6,-6,-10,0,-2,-1,-1,8,4,-2,-10,2,-12,-2
-44/65,0,-2,0,1,0,-2,-4,1,3,-7,6,-7,-6,-2,-6,-2,-4,-4,-11,-15,14,5,-9,-1,13
-41/64,0,2,4,0,-3,0,-5,1,-4,-1,-9,-6,-4,-3,0,-4,0,-1,-5,13,-8,-14,-4,-14,-2
-40/9,0,0,0,0,0,2,2,1,-6,-7,1,-8,8,1,12,-2,0,1,10,-15,0,-8,-3,6,7
-11/27,0,0,3,-5,0,0,-3,0,-8,7,-9,11,-2,-2,0,-2,2,8,-8,-3,-9,-8,-3,-15,-1
-7/13,0,-2,0,1,-1,-2,-5,-2,-8,-3,-5,-2,-1,8,13,6,6,1,5,4,4,8,-4,6,-10
-5/28,0,2,0,-5,-5,-5,5,-2,-4,-4,3,-2,0,1,0,-11,8,2,2,-7,-13,-16,0,3,-1
-38/69,1,0,-3,3,-1,2,-3,1,0,6,1,-2,6,-4,0,-2,1,2,3,3,2,9,3,-15,17
-19/61,0,-2,4,1,2,-5,-1,1,3,9,10,-5,-6,6,4,-2,-1,-4,-14,13,-7,-8,-6,3,-18
-10/29,-1,2,0,-5,0,2,-6,1,2,-6,-5,6,0,-1,7,-6,-1,-1,-12,6,4,8,12,8,12
-27/65,0,0,0,-5,4,-2,-4,1,-3,0,-1,-2,-5,-9,3,-9,-7,-7,-3,15,0,-8,-3,6,-6
-31/67,0,-2,3,0,-1,-5,2,-2,0,5,-10,-2,0,-2,-3,7,13,-1,0,-12,-16,4,0,12,-18
47/43,0,-2,1,-5,0,0,-4,-2,-3,6,-1,2,3,-12,-8,6,6,0,-8,-5,6,15,0,10,13
-21/34,0,0,4,1,-5,6,-2,-2,-9,3,-2,10,3,12,0,6,-11,0,8,0,12,10,4,0,1
-23/31,0,2,2,-5,2,4,-6,1,-7,5,2,-5,-1,2,3,6,-12,-2,-5,4,8,-6,-4,-8,-14
18,1,-3,3,-5,4,-5,4,1,6,-10,10,10,-6,-6,-6,6,0,6,0,-3,-4,0,-4,6,11
35/4,0,-2,0,1,2,6,-3,1,-8,4,2,10,-3,-2,0,-9,0,13,-14,0,2,5,7,18,14
19/64,0,2,4,-5,4,6,-3,1,6,-5,-7,-11,-3,2,-4,4,-4,2,5,-7,11,-1,12,-6,8
17/61,0,-2,-2,1,-5,6,-8,1,6,-2,-1,-6,-9,-9,-6,-9,-4,-4,14,-7,-1,10,0,10,-2
17/60,0,0,0,1,6,6,-8,1,-6,2,2,-8,6,-6,0,6,-7,-3,2,4,-10,-8,3,-12,-1
25/17,0,-2,0,1,2,1,-2,1,-3,10,-9,-2,4,-1,0,6,6,-5,12,0,-14,-9,2,1,-6
-53/81,0,0,-3,1,2,-5,-4,1,-3,-2,2,-2,-6,4,-2,-10,-9,1,12,13,-10,6,0,-7,17
-41/57,0,0,-3,0,4,2,-3,-2,-3,-5,-6,-7,-4,4,4,1,-5,-13,5,-12,-6,12,1,4,11
-42/55,1,0,0,1,-2,6,5,1,-8,3,6,-5,-6,-6,-10,-11,7,8,4,-9,-13,-10,-3,0,8
-25/28,0,-2,0,-5,4,6,1,1,6,-2,-4,10,-3,8,-11,-3,6,-2,-14,-4,-11,-8,-3,8,-6
-13/12,0,0,2,3,0,-7,-5,-2,-4,4,8,10,6,0,-8,4,0,-13,4,-12,-9,-4,1,-6,-6
92/29,0,2,-3,0,6,-1,-6,-2,-7,-6,4,10,1,-6,0,-7,0,-11,-10,-15,-13,-1,6,-7,2
-65/73,0,2,0,-5,0,-7,-3,1,-3,6,3,-6,-4,2,0,6,1,-11,12,4,-6,2,6,4,-1
-71/73,0,2,-3,1,-3,-1,-3,-2,3,5,-6,-10,-6,-2,0,-3,6,-4,2,-12,-6,8,1,-13,-6
-68/71,0,-2,2,1,-3,-6,-8,1,1,-8,-1,6,-5,8,12,6,-14,-10,4,4,14,-16,0,-4,-2
-9/97,0,-3,2,1,6,-5,6,1,1,-7,-8,6,-3,8,0,-3,-4,-2,6,-4,2,12,8,-13,4
-38/55,-1,2,0,3,-2,-1,3,1,2,5,2,10,8,-1,0,-12,0,2,-14,6,-10,-1,3,4,-5
-69/44,0,0,1,-5,-2,6,2,-2,-7,6,-5,-1,-6,-6,0,6,7,-8,10,12,-14,10,6,-14,-4
-35/22,0,2,0,1,-2,6,-1,0,1,-4,-4,11,-5,8,8,-6,4,6,4,-3,2,0,-8,10,14
-15/44,0,0,0,3,-2,2,1,-2,-9,0,6,-5,-5,7,12,-4,0,4,4,15,-6,-8,-16,-6,-3
-8/21,0,0,0,-5,0,6,5,1,0,4,2,-5,6,8,3,-10,0,-10,8,4,-2,-4,2,3,8
33/14,0,0,-2,-5,0,6,-5,0,0,0,-5,-2,-6,6,-8,-2,-11,5,2,-7,-4,-14,1,0,10
29/20,0,2,0,1,-1,-6,-3,-2,-8,-10,3,10,-3,4,13,2,2,4,12,3,2,5,6,-12,-6
-47/9,0,0,2,0,4,0,-3,1,-3,-1,3,-2,0,4,-8,3,-2,-10,-12,11,0,-6,-6,0,-2
-92/5,0,-2,0,-5,0,-5,-6,1,-7,0,-7,2,-9,8,-6,-10,-7,1,-6,-8,5,-15,6,9,8
-44/57,0,0,-2,-5,0,6,-3,-2,-9,6,0,-7,4,10,12,6,6,-4,-8,-12,7,0,-16,2,-10
-59/91,0,2,2,-5,2,-2,-1,-2,-3,6,-1,11,-9,-7,-1,-9,-12,-8,12,6,-2,13,0,8,16
-61/88,0,-2,2,-5,-2,1,-3,1,-8,-8,6,-6,-3,5,-6,-10,6,-13,-10,-12,7,0,2,18,-1
79/35,0,-2,0,-5,-5,1,5,1,-4,-10,3,-5,12,-6,1,6,11,-13,10,5,6,4,0,-1,13
53/96,0,0,3,-5,0,-5,5,1,-9,6,-4,-1,-5,-6,-7,-10,-9,-1,0,3,2,6,4,-6,17
55/96,0,0,0,-5,0,4,2,-2,6,3,-1,-2,-6,2,-1,4,10,-10,8,14,4,15,-12,0,11
55/97,0,2,0,0,0,6,-5,1,3,7,6,-8,-1,2,1,1,5,-2,3,5,-2,8,-16,6,4
51/100,0,0,0,0,4,2,-8,-2,-3,-3,-7,6,0,-10,13,6,0,1,-12,0,-4,8,0,-12,-7
20/59,0,2,0,1,4,2,5,-2,-8,7,-1,10,-2,-12,-2,4,10,8,5,3,7,8,5,1,-2
18/59,-1,0,0,1,6,2,5,1,1,-10,-7,-2,-6,7,0,1,10,-7,3,-12,7,11,1,9,7
14/53,-1,2,0,1,-3,2,1,1,6,5,-9,-11,6,-4,-6,5,-3,-3,4,-2,-13,8,-16,12,-12
-13/98,0,2,1,-5,-1,-7,3,1,-8,-5,4,8,-6,0,13,1,0,5,-12,-5,-2,-8,12,10,-8
97/85,0,2,0,1,0,6,-2,1,-9,-3,0,6,-6,-9,-11,6,4,10,1,10,-13,-16,0,-6,8
86/29,-1,2,2,1,2,6,-1,0,-4,-6,10,-2,0,-1,6,-2,4,13,12,6,-13,0,2,-14,-2
84/29,0,0,4,1,-5,0,1,1,4,-6,-1,-2,-3,4,7,-4,11,-1,4,-13,-4,6,-7,-1,14
12/97,0,0,4,1,4,0,4,1,3,6,3,-2,8,2,-1,-12,-5,2,-10,3,-8,12,6,0,4
11/98,0,2,3,-5,0,-1,-1,-2,-8,4,-9,10,-3,-1,-6,-2,-13,-6,2,8,-14,11,4,-1,10
-39/23,0,0,3,-5,4,-7,-6,-2,0,0,2,-5,8,-6,-11,-6,4,-12,2,16,0,9,6,-12,17
39/97,0,0,-3,3,0,-7,3,-2,-8,4,-6,-2,-3,2,1,-2,-11,-8,10,-3,-1,5,0,-1,4
13/31,0,2,-3,1,6,-7,1,1,-6,0,2,-8,-1,0,-6,11,0,4,-14,3,2,6,3,-14,2
-23/33,0,0,1,0,-2,-6,-5,1,-7,4,-10,-2,6,-2,12,-2,4,-5,-2,3,-2,1,1,0,-18
-23/34,0,2,2,1,6,0,-2,0,-7,6,-9,-7,2,-10,6,-14,1,1,4,-15,-14,-16,1,-12,-2
83/98,0,2,4,-5,4,2,-4,1,6,-8,-4,-2,-6,-9,6,3,-10,0,2,-9,2,10,0,1,18
41/49,0,-2,2,-5,2,-5,2,1,2,-10,-10,-7,-4,-7,0,1,9,-8,-14,8,4,4,17,8,-12
-19/59,0,2,2,3,0,2,-3,1,6,10,-9,-2,-3,1,-6,1,10,6,-14,2,-2,-16,-4,2,5
-16/61,0,-2,1,0,-5,-5,6,1,6,3,4,-11,8,1,11,-6,-4,-4,8,14,4,15,14,-15,2
-14/61,1,2,2,1,4,2,-6,1,-9,-4,-1,-2,4,-1,-8,-6,0,-4,-3,0,11,6,0,6,8
-53/89,0,-2,-3,1,-1,6,-3,1,6,-5,-8,-1,10,7,4,-10,6,-1,8,2,14,8,2,-8,2
-54/91,-1,0,4,-5,-3,-2,-3,1,6,4,-9,7,0,9,-6,1,-2,2,3,-9,-13,8,-3,-15,-5
69/65,0,0,0,3,0,-2,5,-2,-7,3,1,-2,6,4,-6,3,2,2,4,-12,-8,-6,10,18,-2
57/91,0,0,0,-5,0,-2,4,1,1,6,10,7,6,4,0,6,-9,13,-14,-12,2,-8,0,-4,2
26/45,1,0,0,-5,-3,-7,1,0,-4,-1,-2,-1,0,-1,1,6,-11,1,12,-8,2,10,-3,-1,-13
55/86,0,-2,0,3,0,0,-3,1,6,5,2,-7,-3,-12,-8,-4,-3,8,-14,-15,-16,-14,14,2,8
53/87,0,0,1,1,-1,1,4,-2,-8,-6,8,-11,0,-4,-4,-10,6,-13,8,-12,7,-15,12,6,-12
-38/23,-1,-2,1,1,2,-5,2,1,0,4,-4,-2,-3,-9,-3,-4,-12,10,-3,-4,-13,4,1,12,10
-36/23,0,0,3,3,0,6,5,-2,0,-4,-1,6,-7,-10,0,-11,0,-6,3,5,2,-1,-9,2,-9
-45/32,0,-3,0,0,-5,6,2,-2,6,3,8,-7,-6,12,-7,-10,2,4,-12,16,-4,5,-11,2,-18
49/5,0,-2,0,1,-5,0,2,1,-9,-2,4,-3,-6,2,-6,-2,6,-8,4,-12,-10,6,-3,-10,-3
-9/73,0,-3,2,-5,4,6,2,-2,-3,4,-6,-7,-6,-1,1,-12,6,-7,-12,-15,-6,-4,0,-6,12
73/86,0,-2,3,-5,-1,2,2,-2,3,3,-7,-2,6,-12,13,0,0,-11,8,9,-11,13,12,9,10
-22/23,-1,2,0,3,0,1,-6,1,0,2,-9,-6,-3,-7,0,6,-7,8,-10,-9,-14,-8,-4,-6,10
15/11,0,0,0,1,-2,6,-5,-2,-6,-2,2,6,6,-6,-6,-9,-2,6,2,8,-13,11,-4,-16,10
-21/43,0,0,2,1,6,4,-4,-2,3,9,6,-2,10,-12,0,6,4,-7,4,5,-13,6,6,-17,8
-25/42,0,0,0,-5,4,-1,3,1,1,6,-5,-3,6,-4,12,3,6,-1,12,-3,2,-15,-10,-13,7
-40/57,0,0,0,1,-1,-5,3,-2,3,4,-1,6,-6,5,-6,6,-1,-2,11,4,-10,4,0,12,8
92/67,0,-2,2,1,-3,6,-1,-2,-7,6,6,-2,0,7,8,0,2,-13,0,-7,7,-4,14,10,-2
82/35,-1,-2,0,-5,0,6,2,-2,-8,-2,-5,5,-4,-2,2,3,-9,2,-3,-12,-10,0,-4,-14,3
83/38,0,2,0,1,6,-5,-3,-2,0,-4,3,-7,0,6,-6,-6,2,8,12,3,-2,8,0,3,13
-72/65,0,-3,0,1,2,-2,1,-2,6,-1,2,-2,-6,7,-6,7,-4,1,-5,10,7,12,-6,3,2
-35/33,0,0,0,1,-2,-5,4,-2,6,9,-4,10,-4,-4,-4,-3,9,2,10,0,-4,-8,15,12,-1
-40/37,0,-2,0,0,-5,6,5,1,3,-3,-1,-8,10,8,-1,6,0,-8,-2,-12,-16,8,-8,9,14
-11/31,0,2,1,0,0,1,5,-2,-3,0,2,-2,-6,-1,-2,-2,-4,-7,-8,-12,-13,6,2,-17,-2
28/37,0,2,1,1,4,6,5,-2,6,-10,0,-8,-3,0,-11,-6,-4,-1,10,3,14,0,0,6,14
53/69,0,0,-3,3,-2,2,-6,1,0,-10,3,-5,-6,8,-6,-10,8,0,6,13,-9,8,-3,-4,-12
50/71,-1,2,0,0,6,-5,5,1,6,6,-5,-2,-4,7,12,-2,-14,-1,-2,4,4,-14,-6,-8,-2
57/70,0,0,0,-5,2,2,2,1,3,-5,3,-3,7,-1,-6,7,-4,2,11,0,-2,-11,12,-12,-3
46/15,1,0,0,-5,2,2,5,-2,-7,-4,2,-2,-6,-1,0,-6,0,0,-8,3,14,-10,1,6,-6
-53/42,0,0,0,-5,6,-5,-3,0,-9,4,-4,-5,-4,-4,4,-10,-7,1,12,-15,-13,8,12,-9,-18
-57/41,0,0,-3,0,0,-5,-3,1,-6,-5,4,-3,6,8,-2,6,-4,5,-2,13,-7,-4,3,1,-18
-94/71,-1,2,0,-5,-5,-6,2,1,-4,-3,-2,-5,6,-12,-8,3,-2,-2,-3,4,-6,6,-16,2,16
17/39,0,0,2,1,-5,-2,-8,-2,4,6,6,11,-6,7,8,1,1,2,-11,-2,-7,-4,-3,-8,-12
19/40,0,2,0,0,0,-6,-5,1,-6,6,-5,-1,-7,12,-1,-4,4,2,-4,8,10,11,14,1,-2
-49/37,0,-2,-3,1,4,-5,6,-2,6,-5,-4,-8,-7,-6,11,5,-2,8,14,0,4,9,3,12,-18
-32/25,0,2,0,1,-3,-6,-3,0,3,-5,-9,-2,-7,4,4,-2,0,6,2,-9,-11,2,9,6,2
13/33,0,0,0,-5,-2,-7,-3,1,-4,-2,-1,-1,-3,10,0,-6,-4,-12,-12,13,-10,-7,-4,-6,-3
-29/43,0,2,-2,1,4,-1,-1,-2,6,-10,-9,2,1,-12,11,-10,10,-1,11,-12,-4,-16,4,-14,8
-29/42,0,0,0,-5,0,6,1,-2,-3,-10,3,-7,-6,1,1,1,-13,13,-5,2,-13,-11,-4,1,9
-53/70,0,2,0,-5,2,-5,3,1,-6,-1,-5,-8,-6,-4,-8,-10,6,6,-13,8,14,-4,4,1,-2
-57/68,0,0,2,-5,6,6,-2,1,3,5,6,-6,-9,-3,-1,6,13,6,-3,3,10,-7,-15,6,0
65/23,0,2,0,0,6,-7,-3,1,0,2,10,6,7,1,7,6,9,10,-11,13,11,-11,1,2,18
61/35,0,-2,0,-5,-2,2,-1,1,3,6,1,-7,-3,6,-6,6,-1,-13,4,8,-13,-1,16,-8,6
25/44,0,-2,0,1,-2,-5,5,0,-4,0,-8,-6,-7,-4,0,10,0,8,4,8,-5,9,10,-9,-6
27/43,0,0,2,1,2,2,2,-2,4,-2,1,5,-3,-12,12,-2,-2,1,1,-9,7,-4,-4,-14,-13
11/26,0,2,0,-5,0,-2,2,-2,-9,-4,-10,7,-7,-12,-8,-2,0,-7,10,6,-13,10,10,-12,-14
13/27,0,0,1,0,4,-7,2,1,-3,-5,-1,-3,-7,-6,0,-4,-12,-1,8,-5,11,15,4,-4,8
11/30,0,0,0,1,0,-6,-1,0,6,4,-1,-7,12,-10,-6,1,6,-7,5,-13,-7,-16,-4,-6,6
38/25,-1,-2,0,1,0,2,-4,1,-9,-4,-10,-2,0,-6,0,6,4,1,5,-12,2,10,6,-6,18
-97/22,0,-2,1,0,-2,-5,4,1,-3,-10,-4,-8,-1,8,4,-6,11,-2,5,0,-5,6,4,-14,8
-98/27,1,0,2,1,0,-6,2,1,6,7,-5,-3,-9,4,11,6,-4,6,-2,-8,-4,10,-4,1,-14
-47/10,0,2,0,3,-2,6,2,0,-6,-2,8,7,-3,5,-8,6,-4,8,-12,-9,2,-4,-5,-2,-12
-100/19,0,-2,0,0,-3,-5,4,-2,6,10,-4,-7,-6,4,0,-2,-4,10,-12,0,-8,13,6,1,-18
-7/93,0,0,2,1,-2,1,2,-2,-6,2,2,5,-6,10,0,-2,4,-11,-14,-12,6,12,0,1,16
-2/91,1,2,2,-5,-2,-2,5,-2,6,3,2,2,-6,5,13,-2,-9,-13,-4,6,-13,6,3,-9,1
29/45,0,0,0,-5,4,6,5,1,-8,-10,-1,7,-6,-10,6,1,0,2,8,-3,12,-9,1,-16,12
75/49,0,0,0,-5,-3,2,2,1,6,4,1,-10,0,5,8,4,6,-1,2,-9,11,5,10,-1,1
68/47,0,2,1,0,0,0,-8,1,-4,6,3,6,6,-6,3,-10,-14,8,-3,13,-8,9,-1,6,-8
36/19,0,0,1,3,6,-6,4,-2,4,-5,-4,6,-6,4,8,-2,4,8,5,2,4,6,14,-6,-6
12/7,0,0,0,-5,0,4,-4,1,-3,10,0,10,-1,-7,-8,-11,10,-12,0,3,-11,6,0,9,7
55/57,0,0,0,1,0,4,6,-2,-3,5,-1,-8,1,8,-3,-2,-2,10,16,0,-13,5,-10,-7,6
-41/46,0,2,1,1,4,-1,5,1,0,4,-1,-5,-4,9,0,4,4,-10,14,4,2,0,-15,-14,9
-26/29,-1,-2,4,1,-5,-7,6,1,3,-6,-9,-1,8,12,-6,-11,0,-6,-12,12,2,-12,4,-9,13
67/20,0,-2,0,3,4,-5,5,-2,-6,0,-1,-7,-4,2,2,-10,-12,1,-5,0,-6,6,6,6,2
69/19,0,0,2,-5,6,-5,-4,-2,-7,-2,-6,11,-5,0,-11,0,4,0,14,-15,6,11,-3,-10,17
13/92,0,-2,2,1,2,-7,2,1,0,7,10,10,-4,4,0,6,-4,4,-12,12,-16,0,3,12,2
70/29,-1,-2,0,1,6,-6,2,-2,0,-6,-9,-5,-6,4,0,6,-3,0,2,3,2,10,17,-4,3
71/30,0,0,0,-5,-1,-5,6,-2,-4,9,-1,10,-6,8,-3,6,-12,2,0,-12,14,-5,3,9,-2
12/5,0,0,0,0,0,-5,3,-2,3,3,-8,-3,0,7,10,5,-13,-7,4,-9,-2,-9,12,-12,-4
73/28,0,2,0,-5,-2,-5,-6,1,6,3,8,5,-9,-2,7,-2,-14,-3,-4,3,-11,13,-3,10,-2
73/26,0,-2,-3,1,6,-2,-1,1,-3,-3,-10,11,-6,8,2,5,-2,8,4,-5,-11,0,4,18,-18
31/44,0,-2,1,-5,-2,2,5,1,-9,-2,-10,-2,-3,12,0,-4,0,-7,-10,10,7,8,8,0,2
-14/25,1,2,0,1,6,2,5,1,-6,-10,1,-3,1,-3,3,-2,9,-6,12,6,-5,8,3,3,12
-37/97,0,-2,1,1,-1,-1,-3,-2,3,-4,-1,-11,3,0,11,6,-4,-5,12,-9,-10,10,2,10,4
-38/97,1,2,4,3,0,4,5,1,-4,-7,6,-2,-2,4,-7,6,4,1,-12,12,-6,13,2,-15,4
-31/25,0,-2,0,0,0,-5,5,-2,-9,6,-10,10,6,7,-8,1,-1,-4,-3,14,-5,4,4,-10,13
-29/27,0,0,-3,0,-2,2,-4,-2,6,-10,0,2,-6,-1,13,1,-4,-6,4,-15,-14,4,12,-2,-2
50/89,1,2,0,3,2,2,-3,-2,4,-2,3,-6,0,12,6,-9,2,2,5,-1,-10,-5,4,-8,11
13/23,0,-2,4,3,-1,-7,2,1,0,6,1,10,-6,1,0,3,6,1,14,13,-1,-1,14,0,-5
-29/6,0,0,0,0,0,-6,5,-2,-4,-10,-8,2,-7,12,-7,-14,4,-1,5,6,14,-10,15,-13,3
-66/19,1,0,0,-5,0,0,4,-2,-3,-3,-8,-5,3,6,-8,-4,7,-10,6,12,-13,4,-3,12,-3
-25/14,0,2,0,-5,6,2,2,1,-3,0,-9,-7,-9,-9,-6,-6,0,-11,10,5,-16,-8,-3,-6,10
22/85,-1,2,0,0,0,-5,-2,-2,6,-10,-5,10,12,8,-6,-14,0,1,5,-9,11,-9,17,-9,-14
19/83,0,-2,3,1,4,-1,3,1,-8,-5,-9,6,-3,12,0,5,0,-3,-11,2,-14,-8,-16,-14,12
-72/37,0,0,1,1,-3,2,-1,1,6,7,10,-8,-6,-12,-4,-2,-14,-5,4,16,-13,6,-3,10,8
-71/39,0,0,0,-5,-5,-2,-3,1,-4,3,-9,-7,2,8,-7,-10,-11,1,3,-12,7,-16,4,-1,14
94/77,-1,-2,-2,-5,-2,2,4,1,2,-5,-4,-5,-6,1,-8,-4,-4,-3,4,4,7,-10,9,-3,-12
49/39,0,0,0,1,6,-2,2,-2,-6,-7,1,-1,0,4,-6,-4,-14,-13,8,0,-9,-14,16,18,-3
-38/41,1,-2,3,3,0,6,2,1,-8,0,-8,-7,6,-10,3,0,0,13,14,0,4,0,-4,-14,11
-35/38,0,-2,0,1,-3,-1,-3,-2,-3,0,-9,10,-9,8,-10,2,2,-11,-11,-4,-16,-16,10,12,-3
-93/80,0,0,0,-5,-1,6,2,-2,6,-4,-10,-2,7,4,4,-4,6,13,8,-3,-4,-6,3,-7,-14
-95/89,0,-2,0,1,-3,0,-5,1,-3,-2,4,-1,-5,4,11,6,-10,8,-14,-6,10,-9,-16,-8,-5
-94/91,-1,-2,0,-5,0,-2,1,-2,6,7,4,8,7,8,-8,-2,6,-1,1,-9,0,-14,15,3,-13
-47/45,0,0,0,3,0,1,2,1,-3,-5,-8,-2,-3,-2,-8,-2,6,-8,6,-8,2,6,12,-6,3
5/17,0,2,0,-5,6,4,-2,-2,-8,-7,-2,-7,-7,-6,8,3,10,1,8,-4,6,-8,16,-1,14
20/3,0,0,0,1,-2,4,4,-2,-4,-8,8,-5,-3,8,-6,6,-10,-1,-10,5,-2,13,3,-6,2
26/73,1,-2,-3,-5,6,-7,6,1,6,2,-1,10,-4,-2,2,-6,4,1,-2,4,-6,-7,-3,12,-6
22/75,1,0,0,3,0,2,-3,1,-9,5,4,-7,8,-2,-11,-3,0,-10,14,-15,0,-9,-4,-15,8
69/41,0,0,2,0,6,0,2,1,-7,9,1,-2,6,6,-8,-12,4,13,-5,3,2,10,-4,-15,5
66/41,1,0,2,-5,0,6,1,-2,-9,7,10,6,6,-4,0,4,6,-2,-2,10,-10,5,12,-14,-6
71/35,0,2,0,-5,0,-5,2,1,0,6,1,-7,-5,-6,0,0,-4,-1,8,-12,4,13,2,-6,2
33/19,0,0,3,0,0,6,-3,-2,-3,-5,-5,6,-3,-1,-8,-6,0,-5,4,-13,8,8,-4,18,2
11/6,0,0,4,3,0,-5,3,1,-8,-8,2,-2,-5,4,0,1,-4,5,3,-12,11,-16,7,-1,11
67/36,0,0,-2,-5,-3,-5,-3,-2,4,6,2,10,3,9,7,4,13,8,-5,4,12,4,-4,12,-4
-13/47,0,2,4,3,-2,-7,3,-2,6,-5,-5,-3,8,1,3,-9,4,10,11,-15,-8,13,-3,-6,-3
-10/49,-1,-2,0,-5,0,6,2,1,1,3,-9,-6,8,2,-8,6,0,-4,10,4,-2,-14,16,12,-14
-69/85,0,0,0,0,-5,-5,-2,1,-7,7,-4,-11,-6,-1,8,-4,6,-11,8,-12,0,13,0,-6,-6
23/22,0,-2,2,1,-2,-5,-3,-2,-7,-4,-7,5,-4,10,-11,6,0,4,8,2,0,-4,-1,-12,3
-49/3,0,0,2,1,-1,2,6,1,-4,5,-7,5,-1,-2,-6,3,8,-13,8,-15,-13,-12,4,4,-6
-51,0,0,1,-5,-3,2,-8,1,6,6,3,5,-1,6,-6,-6,1,-2,5,8,2,13,1,-12,12
-51/2,0,0,-3,1,-1,6,-8,-2,-3,-10,-8,-6,-5,-3,0,-3,6,-1,10,-8,0,-10,-3,8,6
30/13,-1,0,0,-5,-3,-2,4,-2,-4,0,10,-2,0,10,-8,-2,-7,8,-14,-6,-7,-8,8,-1,13
97/37,0,2,4,3,4,2,-3,-2,6,2,3,-8,0,5,-8,-4,11,1,4,-15,4,-15,-3,-15,8
99/37,0,-3,0,-5,0,-1,3,1,1,4,2,-8,1,2,0,6,-7,8,9,3,-5,6,0,-16,11
-14/81,1,0,4,1,-1,-5,6,0,6,-5,-9,6,-6,4,-10,-4,0,-10,4,-4,-14,13,0,-10,-2
-19/77,0,2,2,-5,-2,-6,-3,1,1,0,2,-1,-6,-1,-4,11,10,-13,12,8,4,-8,-12,6,-1
-23/74,0,-2,-3,3,-3,-1,3,1,-7,-2,3,-8,6,2,-6,10,-13,-6,-14,13,4,0,2,-14,8
47/31,0,-2,-3,-5,-3,6,1,1,-8,0,2,5,-3,-7,-8,-12,-4,-2,10,6,-4,12,4,-10,14
-13/40,0,-2,0,3,2,-7,6,-2,2,-5,-6,-2,0,4,3,-3,0,-4,8,3,-10,-14,-4,-15,17
-11/48,0,0,3,-5,0,-6,5,1,2,-2,3,7,6,9,0,-12,0,1,9,3,-14,-14,-3,9,2
51,0,0,2,1,4,6,-8,-2,-3,6,-1,2,10,12,-1,-6,-4,8,5,-15,-13,-6,2,10,-3
49/6,0,0,1,1,6,-6,5,1,1,9,3,10,2,-6,-11,6,0,5,-11,8,6,-1,4,-14,-10
41/83,0,2,0,0,4,1,2,-2,-8,-8,1,-2,-4,9,8,6,-14,-10,9,-9,10,-9,-16,-17,-2
38/83,1,2,0,-5,6,-5,5,1,2,-4,-8,5,-6,8,-6,-4,-11,4,-14,-2,-11,-8,-16,3,-2
13/28,0,2,4,-5,-3,-7,6,1,-8,4,6,-2,12,4,-3,-2,-9,8,-11,4,4,6,4,-13,9
43/82,0,2,1,3,-1,2,2,1,-8,5,-9,-5,6,-1,-11,-6,0,8,8,0,7,9,-16,-14,6
46/79,1,2,1,1,-5,6,5,1,-7,4,1,-11,-6,-6,3,-2,-1,-4,8,14,-7,-8,12,18,10
13/21,0,0,2,-5,0,-7,3,1,-3,-7,-1,-7,7,-6,0,1,-1,-4,2,12,-4,8,12,4,-1
62/25,-1,-2,0,-5,2,1,6,1,6,0,-10,8,8,6,4,7,0,-8,0,-5,-14,13,4,10,11
-50/17,-1,-2,0,1,6,6,-2,1,-6,0,-1,-2,7,6,-2,-9,6,-2,12,2,5,10,4,6,10
-53/19,0,2,0,1,-2,0,3,-2,-9,3,2,-2,6,-1,0,-10,-5,0,-5,-4,-13,0,16,-6,-8
-103/39,0,0,-3,-5,-2,-2,-1,-2,6,10,-1,-8,-1,9,0,-6,-14,13,-12,2,2,-16,-3,4,8
-102/43,-1,0,0,3,-2,6,-8,-2,3,4,2,-7,-1,-12,4,6,4,4,4,6,-4,8,14,12,18
-103/40,0,-2,0,1,-5,2,2,1,-8,-5,1,-2,12,4,-6,0,0,2,-2,8,-2,6,4,-10,8
-52/21,0,0,0,-5,0,-7,-3,1,-8,0,1,-1,-3,-6,4,1,-1,-3,-4,5,-16,-15,4,6,-6
-8/47,0,-2,0,-5,-5,6,-6,1,-3,-4,0,2,7,-2,3,3,7,6,-10,-12,14,-11,0,12,17
35/41,0,2,0,1,-2,4,2,1,-6,6,10,10,6,-1,4,6,-2,-3,-13,-1,4,-16,5,6,-2
60/61,0,0,0,-5,6,4,-5,1,0,7,-6,-2,3,-9,7,-12,-14,-4,9,4,10,-8,-1,-6,2
1/45,0,0,0,-5,-5,4,2,-2,-4,7,-1,2,-1,-2,0,-11,-2,-10,10,14,-1,13,-4,0,-10
-39/100,0,0,0,-5,4,-7,5,1,-8,-8,-8,-2,8,12,0,-11,6,0,12,0,-2,-10,2,6,-8
-36/101,0,0,2,1,-3,6,-6,-2,-9,3,3,10,-3,-9,-6,-2,6,-12,-6,4,7,-16,-16,-12,13
64/61,0,2,1,3,4,2,2,1,-3,-7,-4,-2,-5,4,-6,6,-4,-4,-10,3,6,-10,-6,-6,-5
10/41,1,-2,0,-5,-3,-5,3,1,-8,-2,2,-2,6,4,8,6,4,8,-2,-9,-4,13,-7,10,-1
21/38,0,0,2,1,-1,-5,4,-2,2,-5,3,-2,-3,-1,-3,1,4,-2,-13,-15,11,-6,-16,18,-14
47/2,0,2,0,1,4,-5,5,-2,1,0,-1,-2,3,4,-8,11,0,-12,9,14,7,-16,-6,12,-7
45/2,0,0,0,-5,2,1,2,-2,3,-5,2,-8,-7,-6,-8,-6,0,1,4,-1,-4,-1,-4,12,7
13,0,2,0,1,-1,-7,-3,-2,-3,9,-9,10,0,-1,1,5,-4,13,3,4,-1,6,5,-10,-2
84/73,0,0,-2,1,-5,-5,-1,-2,-8,2,-6,11,-6,4,-6,3,4,8,-7,12,-6,-6,-3,-8,18
86/71,1,2,0,1,-3,2,-5,-2,-4,7,-9,5,-7,-1,-11,1,-7,-2,2,4,7,4,3,8,-14
17/13,0,-2,2,-5,-2,-2,-8,-2,-9,-5,10,10,-5,-2,0,-6,-12,1,-8,-9,4,-15,14,8,12
83/64,0,-2,-2,1,0,-5,-4,0,3,0,-9,-7,6,-4,-6,-9,0,-3,-14,-12,-6,-5,0,18,12
-53/103,0,2,1,1,2,2,5,-2,4,9,-10,10,-6,8,-6,-10,10,1,11,3,-11,-9,-3,10,-7
-51/100,0,0,0,1,-3,1,-8,1,6,-4,6,-2,-5,0,-6,-3,0,0,-14,-4,-5,-8,16,-1,-4
-54/97,1,0,3,-5,4,-5,-3,-2,-8,-5,-6,-7,12,10,-3,-10,-9,1,8,-1,-5,-16,-3,-8,4
-13/4,0,-2,2,1,4,-7,4,-2,4,-2,-1,-1,-9,1,13,6,2,5,-3,11,2,-15,0,8,12
53/84,0,0,2,-5,2,4,5,1,6,0,2,-7,1,4,6,-10,-2,-6,12,-2,-10,-14,-3,2,-5
52/85,0,2,0,3,-5,-7,-2,-2,-3,5,-5,6,-1,5,0,1,-2,1,2,-12,-14,8,3,-1,2
55/29,0,-2,0,1,0,2,-5,1,-3,-6,10,10,-2,-10,4,-9,1,-13,8,-12,-2,-8,3,10,-2
4/23,0,-2,-3,1,-3,1,6,0,0,0,0,-2,-6,-6,8,-2,-4,10,8,4,-13,-1,17,9,3
-15/29,0,0,0,1,-5,-5,2,1,-3,-6,1,-7,8,-2,10,7,-14,-2,3,-6,-13,2,2,12,1
-46/85,1,-2,0,3,0,6,-2,1,-7,2,-4,-5,-6,10,-4,-3,-14,-12,9,-4,2,-4,12,-3,8
-41/90,0,0,0,1,4,0,-6,1,-3,-2,-2,-7,-4,-2,3,-2,6,8,-4,-12,11,8,4,10,-10
-43/88,0,-2,2,-5,-2,2,2,-2,-3,6,-8,2,0,-1,-6,-4,10,-5,-2,-8,-13,-1,-3,4,14
13/44,0,-2,0,3,-2,-7,2,1,-3,-8,2,5,-6,-1,-6,6,0,-2,-7,-5,-13,11,-8,10,-3
14/43,1,-2,-3,1,0,2,5,1,-8,4,-9,11,-9,-12,4,1,-11,1,-4,-15,6,-1,-15,5,-3
-43/45,0,0,0,1,-5,-5,-1,1,-4,10,-1,11,6,-1,0,0,2,1,-4,14,-11,-8,8,3,8
-17/12,0,0,2,-5,4,-5,-8,1,1,4,-9,2,-7,4,-4,1,13,13,6,15,-1,6,8,6,2
4/99,0,0,4,-5,-2,6,-1,0,-8,10,3,-8,-3,4,-3,9,4,1,2,-12,-2,8,2,-6,10
-4/99,0,0,1,3,-2,-6,1,1,2,3,-1,-7,-9,10,-6,1,0,10,8,-8,14,-16,3,3,-14
-2/97,-1,2,2,1,-5,-5,2,1,6,2,0,-5,-3,6,-6,0,-9,-3,-8,-5,11,8,7,-2,4
-2/93,-1,0,0,1,-3,6,-3,0,-8,3,2,5,-1,-12,4,-2,0,-10,-5,-1,-13,-4,-10,6,5
-1/31,0,-2,1,1,2,-5,-5,-2,-4,3,2,-1,0,-6,-7,1,0,5,-10,13,5,13,-3,-6,-2
13/71,0,-2,2,1,4,-7,-1,1,6,4,-4,-2,10,4,-4,-2,4,-3,8,4,7,13,1,-10,-13
8/73,0,-2,4,-5,0,2,2,-2,6,4,3,6,-1,-4,3,-9,11,-5,-2,12,-6,8,6,6,-2
70/11,1,-2,0,1,-2,-5,5,1,-8,0,3,-2,6,-2,13,6,0,-5,-2,-1,-1,6,8,10,-5
71/91,0,-2,4,-5,0,-2,-4,1,-8,-2,3,10,-6,4,8,2,0,2,4,-12,-13,0,-16,1,-10
64/91,0,2,1,-5,-2,-2,2,-2,-3,4,1,-5,-9,6,4,-10,-2,0,8,-5,-7,-14,-3,-14,0
-21/26,0,0,1,1,-2,-2,-4,1,-6,6,-4,-8,7,0,2,6,4,2,-12,0,-13,-16,-11,-6,-12
-64/77,0,2,3,-5,-2,6,-3,1,-3,-10,-10,-6,12,12,2,-3,5,-8,2,4,2,-10,3,9,11
-17/39,0,0,-2,0,6,-2,-8,1,-3,6,-7,-5,-4,9,-6,-7,-4,5,10,8,-8,-9,-16,-6,0
52/9,0,0,2,-5,4,-7,-6,-2,-6,0,1,2,-3,-6,7,7,-4,0,-12,-12,2,-16,14,18,8
55/7,0,2,0,-5,0,-6,2,1,-8,-5,1,6,-7,-7,0,-4,-5,8,-13,-3,7,-14,-11,0,14
-23/19,0,2,-2,0,-3,6,2,-2,-7,4,-1,-6,-4,6,-4,-6,4,2,-13,-8,-4,-8,-4,12,-5
47/65,0,2,0,1,0,-2,1,-2,-8,6,-9,-2,-1,12,-8,-4,6,-1,-3,12,-13,-8,12,-10,17
33/26,0,0,-2,0,0,-2,5,1,3,-10,3,-10,1,-10,13,-10,4,13,2,12,0,15,12,1,-12
-55/18,0,0,0,1,0,0,-3,-2,3,-4,-5,7,-7,7,4,7,13,2,5,-12,-16,-8,1,-10,8
-41/55,0,2,0,1,-2,-5,5,-2,-8,-2,-4,-2,-4,-10,0,-10,-7,-6,2,6,-2,-5,-16,-6,-1
-80/11,0,-2,0,0,-2,2,-6,-2,-4,-1,-10,5,-4,0,0,0,2,4,12,6,11,4,6,-8,2
3/70,0,0,0,-5,0,4,-1,1,-8,6,3,11,10,0,0,-9,-9,2,12,-12,1,4,-5,3,2
9/70,0,0,0,-5,4,6,-3,1,-3,-5,-5,10,-4,1,-3,5,13,10,10,0,-13,8,-13,-12,-2
3/71,0,0,3,3,4,6,4,-2,-3,-1,-8,7,0,-6,12,10,-11,1,5,4,4,-8,3,-6,16
-87/94,0,0,0,1,-1,2,-3,-2,4,-10,6,-5,3,8,3,7,-9,10,-10,-12,4,-12,12,-6,-19
-65/24,0,0,0,-5,2,-7,5,1,0,9,-9,-2,12,-6,7,-4,4,-2,16,-3,0,6,-7,-6,13
-66/25,-1,0,0,0,0,2,-3,1,-3,-7,3,-11,12,-6,-7,-2,-1,5,-14,-4,-6,-12,-6,1,-5
32/33,0,0,1,-5,-2,6,-6,1,-8,-5,4,6,0,-7,-6,10,-13,2,10,0,-2,5,4,10,-13
43/30,0,0,0,-5,-3,2,-6,1,-6,3,10,-2,-1,-1,-7,-3,10,-11,4,-3,1,-1,16,-7,10
-29/8,0,-2,-3,1,2,4,1,-2,-3,-10,-1,8,-7,5,8,1,0,-13,2,16,14,4,6,-1,-12
-26/7,1,2,3,-5,-5,-7,-5,1,-6,-5,-1,-6,6,2,-7,3,-14,-1,8,-9,-10,-8,1,6,-5
-20/7,0,2,0,-5,4,6,-6,1,3,6,6,10,3,5,-8,-3,-14,10,12,-1,-4,6,15,10,10
-30/7,-1,0,0,-5,-1,-5,2,1,-4,-2,-5,8,6,12,0,-4,-2,-3,-10,13,2,11,-8,18,1
-38/25,1,2,0,0,-1,6,-3,1,0,-3,-9,-10,4,-1,12,6,-11,6,-5,6,-5,5,-1,1,-18
7/16,0,2,0,1,0,4,-1,1,-4,-3,-1,-8,3,6,0,6,2,-4,3,6,-9,8,-3,6,3
19/29,0,-2,0,-5,0,0,2,1,3,-6,6,-6,-5,-7,-8,11,-2,6,12,-12,-13,-4,-1,-1,-2
40/61,0,2,0,0,-2,1,-3,-2,6,2,-1,2,-7,8,0,-7,-1,-4,4,6,7,5,2,-10,11
33/62,0,0,2,1,0,0,2,1,-3,4,2,-7,6,-1,0,-2,-9,-2,-3,8,-13,-6,12,12,-5
31/61,0,2,4,1,4,0,5,-2,-4,7,-10,-7,6,7,11,-4,6,-4,8,12,5,-15,-4,18,11
-21/17,0,0,-3,1,-1,4,-2,0,-3,0,8,2,1,-10,-6,-7,-14,-10,4,8,2,-7,6,6,14
79/43,0,2,2,1,0,2,2,1,1,4,-10,10,-3,-12,8,6,-4,0,12,8,-1,4,-4,-6,1
74/39,-1,0,0,0,4,-2,-3,-2,-9,3,8,-11,-5,10,-4,-2,-14,2,4,-5,2,-12,-5,0,-14
33,0,0,-2,-5,0,6,3,-2,6,-2,-6,5,-2,4,-2,-11,13,-2,12,-9,-11,13,-10,-6,14
102/7,1,0,0,-5,-1,-1,-8,0,6,-1,10,-8,-6,4,0,9,8,10,-4,-9,-11,6,3,-7,17
97/7,0,2,4,-5,2,6,-4,-2,0,-10,-5,6,6,4,1,6,6,6,12,-12,-16,15,12,-1,8
-86/23,-1,-2,3,1,-1,6,2,-2,0,-3,3,-7,2,-1,-11,6,6,-3,-4,-1,0,-12,16,6,-6
-86/25,1,2,0,3,0,-5,-6,-2,-8,6,-10,8,-1,-1,0,-9,4,0,0,12,-2,8,-3,-15,2
-19/5,0,2,0,1,4,-5,2,1,6,-7,-8,10,-4,-2,-6,6,1,-7,5,8,5,-6,14,-17,6
-29/36,0,0,0,1,4,2,5,1,-9,-10,10,6,-6,-2,-8,3,-5,6,2,4,-13,-16,-3,18,18
-29/35,0,-2,0,-5,-1,-5,2,1,3,-10,4,5,-9,4,3,-12,-4,2,10,-1,10,2,12,9,-9
47/23,0,2,2,1,-2,-6,2,-2,0,-8,-4,-1,0,-6,-8,-11,-1,-2,4,7,14,-8,-9,-6,8
97/46,0,2,3,-5,6,6,4,1,0,-2,1,-5,3,-6,0,-10,-4,-8,4,13,2,10,-16,9,8
97/44,0,-2,0,3,-2,-1,-3,-2,-3,7,8,6,-6,7,-8,-3,-7,-5,-11,-12,-6,-1,6,-4,8
34/25,1,2,0,-5,-3,-5,-8,1,-8,-4,0,-6,3,-2,0,1,4,10,4,-12,-13,-10,-3,-14,-2
38/99,1,0,-3,3,-2,-5,-1,1,1,-5,-9,-2,-5,-10,0,-10,6,10,-11,-9,-5,6,1,18,10
-103/89,0,2,-3,1,4,-6,-3,-2,-9,0,10,-2,-6,1,-10,-2,-14,1,-12,0,11,-4,12,-8,-2
16/51,0,0,0,0,4,2,-2,-2,-8,-4,2,-2,-6,4,-1,-2,6,4,4,8,-4,-7,4,-14,-8
56/11,0,2,4,1,-2,4,-6,1,-8,9,-1,-3,6,4,-6,-12,0,0,4,-3,-11,-4,-16,-12,-6
55/13,0,2,0,0,0,-2,3,-2,2,-7,-5,11,6,5,0,-2,-11,-5,-12,-3,-16,-6,-12,1,5
53/11,0,2,-3,0,-2,-6,5,-2,-3,-10,-6,-7,6,4,8,-10,-3,-1,-14,11,-10,-6,-1,-1,-1
-4/47,0,2,3,1,2,-6,4,1,-9,5,1,10,0,10,3,3,-1,-1,-13,10,-2,-12,-15,12,6
25/9,0,0,0,1,-3,2,3,-2,-3,-4,-1,10,12,-2,-6,-2,-4,-8,0,-1,6,6,9,18,-10
43/73,0,2,0,-5,-2,6,6,-2,-3,0,10,-1,-6,-1,0,-4,2,1,4,-4,-6,5,-6,-17,2
47/71,0,2,3,-5,4,2,-1,1,1,-5,10,-7,-2,4,-8,-3,4,-5,-6,4,-1,-1,0,-14,-8
51/73,0,0,-3,3,-5,-5,-8,1,3,6,1,5,6,-4,7,-4,-5,-4,2,-12,-6,6,-3,-16,-7
-55/73,0,-2,0,-5,0,4,-5,1,-3,-4,-9,10,-6,5,0,-4,0,4,-12,-12,-6,4,8,6,7
-55/68,0,2,0,3,0,6,-2,-2,-3,0,-9,-2,-6,9,3,-2,0,-1,-8,12,0,-5,0,6,-2
-57/37,0,0,2,3,4,-1,5,1,4,4,6,-8,-5,12,2,-10,6,-2,-11,-9,-7,11,0,18,-1
-53/39,0,0,-3,1,-3,-2,2,1,-3,6,-5,6,1,0,0,-10,2,-3,12,3,-13,12,7,3,16
-19/31,0,-2,2,3,-3,-5,6,1,1,-4,2,-10,1,-2,4,-4,0,-5,4,8,7,-14,6,-17,-9
25/24,0,0,0,1,4,6,-5,1,6,-3,1,10,0,-4,-7,6,13,1,8,12,-6,-8,14,0,9
85/48,0,0,0,1,-1,-5,-8,1,6,-4,-5,8,-6,-6,-6,3,5,4,-14,-3,-2,-12,4,-12,-5
-58/15,1,0,0,-5,-1,2,6,1,-3,-10,1,-1,-6,10,10,-3,6,-10,-7,-12,-16,13,3,-17,2
-59/15,0,0,0,-5,6,1,-3,-2,-6,-1,-7,8,-9,-10,-6,6,-12,1,-4,-2,4,-8,0,0,-5
-88/93,0,0,2,-5,0,-5,-5,1,0,-3,2,-7,-2,-12,0,3,-10,1,-12,6,-2,-5,4,12,2
-41/44,0,-2,0,-5,-2,2,4,1,-3,-4,-10,-5,-4,4,0,-12,-10,1,16,0,11,4,-7,-15,2
-41/45,0,0,0,-5,-2,-5,-3,1,6,0,8,10,-4,-6,0,-2,-12,10,12,-7,-13,8,9,-3,-2
-49/75,0,0,0,1,0,6,-1,-2,3,0,2,-7,-9,0,4,-7,1,-1,11,-15,12,-10,-3,10,14
-48/71,0,0,-3,0,0,-5,4,1,-4,5,-5,-5,2,1,0,-3,-2,-3,2,4,4,5,-6,-15,-10
-44/75,0,0,0,0,0,-6,4,1,6,2,1,-6,-6,-1,13,-6,6,-5,16,-5,-13,10,8,12,10
-23/36,0,0,3,-5,4,6,2,1,-7,-4,-1,5,12,5,13,-2,0,6,5,6,2,-16,3,-1,-19
-34/37,-1,-2,3,-5,0,-5,-8,1,4,5,0,-8,-4,4,0,-9,8,1,11,2,-9,-10,3,-1,13
-18/17,-1,-3,4,0,0,0,-2,1,-8,4,10,-8,-1,-1,4,-2,-4,-10,-6,-12,-1,-8,6,12,-18
-18/61,-1,0,-3,1,0,4,2,1,6,2,10,11,-5,10,8,-9,-5,-4,10,13,-10,0,3,-3,5
-15/62,0,0,0,0,-5,-5,5,1,1,-10,2,6,-1,-4,-8,6,-1,-1,10,-12,-13,0,12,5,11
49,0,2,1,1,4,2,5,-2,-8,7,10,-8,6,-4,4,-6,9,-10,-2,-12,0,-8,6,-14,5
-95/62,0,-2,0,-5,6,2,-3,1,3,-1,2,10,2,4,0,5,-4,-1,11,11,-13,11,6,6,-7
-91/59,0,2,2,1,-1,-7,6,1,-6,-2,-1,10,6,4,-8,6,10,-2,10,-12,-2,-16,-4,6,-18
-97/60,0,0,0,1,4,-1,-1,1,-8,-3,-6,7,10,-12,0,-10,-2,-11,12,5,-13,10,16,6,8
-35/81,0,0,0,1,4,2,-3,1,-4,4,-8,-3,0,8,0,0,4,-3,5,-9,12,-7,0,-8,-2
97/23,0,-2,2,3,0,4,-6,-2,0,-5,0,8,1,-10,0,1,10,-3,12,-9,-2,8,16,-12,8
49/12,0,0,0,1,4,1,2,1,2,0,8,8,4,-2,-6,-3,11,0,-12,-8,-6,5,17,-3,-1
-71/65,0,-2,0,3,4,-2,4,-2,1,2,-4,-8,8,6,-10,-2,6,6,-12,-12,-4,-7,2,-6,-5
-27/37,0,0,1,-5,4,6,-3,1,-8,6,3,-8,-6,-1,0,-7,-1,13,4,8,6,-1,4,2,-6
-79/9,0,0,1,1,-5,2,6,1,0,-5,-5,-7,-6,-3,-2,1,-12,5,4,6,4,4,-6,10,10
55/36,0,0,0,1,0,6,-6,0,2,-5,3,-5,-4,1,-8,1,-4,-2,-11,-15,-7,0,-16,6,-6
-79/10,0,-2,0,-5,-1,-1,-3,-2,-4,-3,-1,10,-4,2,0,6,6,2,-4,8,11,4,-12,-6,-2
-79/13,0,-2,2,1,6,-2,1,-2,-3,3,-9,10,6,2,-8,-6,5,13,-12,5,2,4,4,9,3
17/24,0,0,-2,0,-2,4,-8,-2,-8,3,-6,-6,12,0,1,-2,-4,-10,4,-15,2,-1,-4,-12,-19
33/49,0,0,2,-5,0,0,-4,-2,3,-4,2,-8,12,2,10,-7,-4,1,-10,-12,10,-8,2,-12,13
67/98,0,-2,1,-5,6,-5,-3,1,-3,3,2,6,-6,4,12,-6,10,-2,-5,4,2,8,10,0,8
53/7,0,-2,1,-5,2,0,-1,-2,-3,7,3,-10,-1,-1,0,-10,6,2,8,9,-4,-8,-8,-6,2
-43/29,0,2,-2,1,0,1,6,1,1,-6,6,-5,-9,-1,12,-14,10,-10,-14,16,6,-14,12,6,11
-38/27,-1,0,4,3,6,2,2,1,6,3,-7,2,8,4,-11,-4,10,1,12,-4,-6,-7,3,-10,8
45/17,0,0,0,0,-1,-5,-2,1,0,-10,1,10,-3,4,3,0,-1,-6,-2,-5,-8,-7,7,12,0
43/26,0,-2,3,3,0,-2,4,-2,-4,-4,1,5,-3,-1,0,2,-4,-13,-12,14,-2,-15,-4,3,-4
23/13,0,-2,4,-5,2,-2,1,1,-7,-2,-4,-5,0,9,6,-2,-4,-3,-12,15,-1,-11,6,-6,0
81/52,0,0,2,1,2,-2,-3,1,6,4,-9,6,7,4,-6,-2,0,-7,10,4,-2,-16,-9,-15,10
85/52,0,2,0,-5,-5,-2,-8,1,6,10,2,10,-5,-10,0,4,-14,8,-4,4,11,-8,-3,2,1
-61/62,0,2,-2,-5,4,1,-3,-2,1,0,2,10,-6,4,0,-7,0,-13,-4,0,-5,-8,-16,12,6
-71/43,0,2,2,1,4,-5,5,0,-6,-8,2,-5,7,-12,12,-4,6,-3,4,-12,14,-8,-3,6,-12
-73/43,0,-2,2,-5,4,4,1,1,-3,4,3,-1,6,-12,-10,-6,8,-5,-14,3,-11,6,3,8,2
-68/41,0,-2,0,-5,0,-5,-8,1,-3,-2,10,-7,6,5,-6,1,-14,6,-2,6,-16,-14,-3,-7,2
41/63,0,0,3,-5,-5,6,-6,-2,-4,3,1,-2,-4,6,-3,2,-7,8,0,-4,-6,-10,2,-6,1
57/64,0,0,0,0,6,-5,1,1,3,-3,-9,6,-1,9,-11,6,10,-10,3,-1,-4,-6,16,6,-2
50/11,-1,2,0,1,-2,2,2,1,-3,2,-9,10,-6,7,-6,3,-13,0,-14,-5,-13,-1,16,6,-1
98/23,-1,2,2,1,6,0,2,1,0,5,3,-6,-1,12,8,-2,0,-7,3,3,-7,0,3,10,-18
-83/43,0,2,1,0,2,0,-3,-2,-4,0,6,-2,6,-12,6,1,-9,13,5,-15,0,5,0,0,-3
-50/29,-1,-2,0,1,4,-5,-1,-2,3,-6,-7,-10,-1,-2,-6,-11,2,13,4,-15,-2,0,-6,18,-6
-55/31,0,-2,0,-5,0,0,1,1,-9,4,2,-2,7,-6,-8,6,-12,5,-11,8,-4,12,-4,-12,-7
-53/30,0,0,0,-5,-2,1,-4,1,-4,-4,-1,-10,6,-7,0,-10,6,-7,4,6,-11,4,11,8,8
-54/29,1,0,1,1,0,-5,-3,1,4,-6,-9,-5,6,-4,-7,6,9,-11,-8,0,-13,12,11,-10,3
1/32,0,-2,3,1,6,4,-3,-2,6,10,2,-7,8,-3,0,-7,-12,-5,2,8,-5,8,5,0,9
4/31,0,2,2,1,0,-6,-1,-2,1,-7,2,-11,6,-7,-6,1,-12,13,8,6,-4,10,2,3,9
91/95,0,-2,0,1,-1,-7,-3,-2,-3,6,1,6,-9,5,0,-9,-14,4,8,-5,14,-14,10,-6,12
43/47,0,-2,1,3,4,6,-6,1,-4,-2,-2,-2,-6,-1,3,-4,-2,-2,16,4,-4,10,6,9,17
86/89,-1,2,1,1,0,-1,-3,-2,6,3,-7,5,-3,-1,7,-4,-1,8,-3,-5,-13,-15,-4,-8,13
87/89,0,0,-2,1,6,0,-4,-2,-8,-10,8,-6,-4,1,8,-6,6,10,2,-12,-4,-8,10,-8,-9
17/9,0,0,0,-5,0,6,-8,1,3,-10,-9,-1,-1,8,0,-6,-11,1,-10,4,-4,5,6,-10,18
8/67,0,-2,1,1,0,-5,-4,1,-9,-5,-1,-7,0,1,-6,1,0,-10,0,-13,12,0,4,-14,18
-24/35,0,0,0,-5,6,-6,-1,1,-8,-2,-7,-8,-5,10,4,3,0,-2,5,-7,-5,-14,-4,-7,13
64/89,0,-2,2,3,0,6,3,1,-8,5,0,-11,2,8,12,6,0,-4,2,2,-6,11,3,-8,-10
83/11,0,2,2,-5,-2,-5,-5,-2,6,-8,4,-2,2,12,-8,-9,-4,2,4,0,-2,-6,0,10,-14
-89/66,0,0,4,3,-2,0,-6,-2,-4,6,2,-7,3,-2,0,-6,-2,4,-11,-9,8,-4,14,-13,14
11/95,0,2,0,0,0,-6,-3,-2,-9,-4,-8,-10,-5,-4,7,0,-4,8,8,-9,-8,10,-16,-1,2
5/99,0,0,0,-5,-2,6,-3,1,0,-1,6,-2,-7,8,2,-9,-3,-5,11,16,-8,-11,8,6,-3
7/96,0,0,2,1,4,-5,-3,-2,-9,-2,1,10,12,2,-6,7,6,-10,-8,16,-1,-4,-3,-6,-14
-94/101,1,2,4,1,0,2,-4,1,6,3,-9,10,6,12,-8,-10,11,-10,3,14,-2,10,-6,-3,-2
-92/99,0,0,2,1,-2,-5,-3,1,-7,-7,-9,-7,-6,-1,-6,-6,0,-13,-4,-4,-6,12,14,-15,-3
-88/95,0,2,0,1,0,-5,5,-2,-3,-10,10,-11,8,4,12,6,-5,10,5,8,6,-9,6,8,17
-89/96,0,0,0,1,-3,1,6,1,6,5,-1,8,6,-1,-4,1,-2,-3,9,3,12,0,3,-13,-10
-47/16,0,2,-2,0,2,-6,-3,-2,6,-5,1,-8,2,-9,-8,9,6,-7,0,-3,-1,0,2,-6,13
-95/28,0,2,0,-5,0,4,-3,1,0,-5,3,11,-6,6,12,-2,-12,8,4,-5,-10,-7,8,2,-6
-9/22,0,-3,2,-5,-2,6,2,1,-3,6,2,-2,0,-4,12,-6,-4,-10,-13,-7,14,4,3,-6,-2
-1/63,0,0,-3,-5,-3,6,1,-2,0,2,1,11,0,9,0,-4,4,8,-14,13,2,-5,16,-10,8
1/59,0,-2,2,-5,-2,0,5,-2,-6,4,1,-3,6,6,-1,10,10,8,8,4,10,4,6,-12,-9
-1/59,0,2,0,1,0,4,-6,1,3,0,-8,-2,6,12,-6,-2,10,4,2,0,-6,-1,4,3,6
-61/37,0,-2,-2,0,-3,4,-3,1,-8,-2,-9,-8,-6,10,8,-2,-4,-13,0,5,4,-15,1,6,-14
-99/25,0,0,0,-5,0,-5,5,1,6,5,2,7,-3,2,0,5,6,6,2,11,14,-16,4,3,13
-48/13,0,0,1,1,0,-2,6,1,4,5,-9,10,-1,-10,-6,-11,0,10,14,15,7,-6,4,-13,-18
11/2,0,2,3,1,0,6,2,1,-8,7,-8,-11,7,2,-3,-11,10,-11,-4,-15,14,-4,8,5,0
-61/42,0,0,2,-5,-2,2,2,1,-8,-7,8,-5,12,-6,-11,2,-14,-13,3,6,14,-8,-13,-8,-8
98/75,-1,0,0,1,2,0,2,1,-3,4,-4,-11,0,4,-6,6,-4,8,-10,-5,0,-16,-7,-15,2
49/37,0,2,0,1,-3,-5,2,1,-3,-5,3,-8,-9,10,0,-10,-4,4,-7,13,-11,-6,3,9,9
-63/38,0,0,1,1,4,4,2,-2,-3,6,-1,10,12,-1,0,3,5,10,14,-5,-2,8,-4,0,14
-5/11,0,-2,0,-5,-2,-1,5,-2,6,-10,-1,10,-9,1,-6,-2,-2,0,-12,0,2,-8,1,-7,16
-24/53,0,0,2,0,-5,0,2,1,-3,0,-9,-2,-9,-9,-6,5,6,-5,0,6,-1,11,12,-8,-18
-28/13,0,-2,1,1,0,-2,1,-2,1,0,-5,-3,-6,8,1,-10,6,4,10,-9,-2,-12,-12,1,1
-86/39,-1,0,2,3,-3,-2,-1,1,-3,5,-4,-1,-7,-1,-8,-2,6,-2,-13,13,4,-10,2,10,3
-83/41,0,-2,-3,1,-1,-5,-1,1,1,10,2,10,6,4,12,6,-2,-13,-3,2,11,8,0,10,-5
-5/37,0,2,0,0,4,-1,-3,1,-8,5,-7,-8,8,12,-8,11,0,6,4,0,-5,0,6,-8,-10
-28/9,0,0,-2,1,-2,6,6,1,6,9,-8,8,1,8,0,-2,0,13,-2,-5,-9,-10,-3,-1,8
-29/7,0,2,2,-5,6,6,-3,1,-3,-10,10,-2,-1,4,-11,-9,-4,-8,8,0,4,-4,-9,12,-14
34,1,2,2,1,-5,-5,-8,1,3,-4,3,-10,-3,5,1,-12,0,8,-10,-12,14,-9,12,12,-14
-21/76,0,0,1,1,6,-5,-3,-2,-4,2,-1,-2,-3,9,6,-10,-14,-5,8,-8,-16,11,0,1,8
92/91,0,-2,-3,-5,4,-2,-3,1,-7,2,4,-7,-2,2,13,6,-7,0,8,-9,-13,-9,-3,0,-7
-65/51,0,0,0,1,0,-7,-2,-2,6,4,-1,6,-6,12,11,-10,6,1,8,-3,-16,12,14,6,7
-28/57,0,0,4,1,0,2,4,-2,6,0,10,-1,-4,-2,-11,1,-14,8,-12,-1,-14,-9,-10,10,13
-27/53,0,0,0,1,0,6,6,1,2,-5,3,5,6,-10,11,5,0,-4,12,-3,-9,-7,0,-14,14
-31/57,0,0,2,-5,-5,6,-4,-2,-6,-7,-10,-8,6,8,7,-11,6,-5,4,-1,-2,-5,-16,-15,11
-32/31,0,2,2,0,4,-5,2,-2,-9,9,2,-6,-5,-6,4,-10,0,-6,14,-2,-10,12,0,1,-5
9/79,0,0,4,0,6,-1,1,-2,-8,-5,6,-11,-6,7,6,-3,10,4,5,-8,-10,-8,12,-17,-13
5/83,0,2,0,1,6,2,-5,-2,6,-4,0,-2,-6,2,-6,10,-12,-5,4,14,-8,10,-16,-17,13
-55/32,0,2,0,1,0,-6,-6,1,-4,4,2,10,-6,2,-6,6,-3,-13,-14,7,6,-14,1,-7,-3
-19/11,0,2,4,-5,-2,1,-5,1,-3,6,10,-2,-7,-4,0,-11,11,4,-3,-3,-13,12,4,10,-2
37/26,0,-2,-3,1,-5,-2,-5,1,-4,6,-5,-11,3,-1,-6,-11,7,-1,11,15,-16,1,17,-6,6
19/13,0,2,0,1,-3,-2,-3,1,-3,-8,3,-5,-2,-6,1,-4,4,-7,14,6,-5,5,2,-2,14
-11/36,0,0,1,3,0,-5,2,1,6,6,-10,10,0,4,2,6,-2,5,2,-12,2,5,12,-8,9
-11/42,0,0,2,-5,0,-5,2,1,-4,-5,1,-7,-4,7,0,-3,0,8,-2,12,-6,4,0,-7,2
57/80,0,0,0,-5,0,-1,-4,1,-3,-2,-4,-6,-2,-12,12,6,2,-5,8,14,-1,-8,-4,3,-13
19/27,0,0,-2,1,2,-6,1,1,-4,-4,3,-11,6,1,8,-6,6,5,16,-4,-6,5,5,6,-3
4/25,0,2,0,0,4,-1,-4,-2,6,0,-1,-8,10,4,1,-3,6,-1,-14,4,11,-16,-16,5,17
-89/98,0,-2,3,-5,-5,-5,4,1,1,9,2,-8,-6,-9,1,-2,-9,-7,-2,16,0,11,3,-13,8
-92/95,0,-2,0,-5,-5,1,4,-2,-7,5,4,-2,2,7,4,6,6,4,-14,-12,-1,-10,1,6,12
-31/61,0,-2,1,-5,-3,4,-6,1,-3,0,-10,-6,12,9,0,6,-14,-4,-14,6,-11,8,-3,-8,-14
-31/63,0,0,0,-5,-2,-1,-3,-2,-3,-5,-10,5,-3,6,2,-12,0,-2,-8,3,-11,-16,-3,-14,-18
2/81,1,0,2,-5,2,-5,-3,1,0,3,-5,-3,-9,5,0,3,-4,0,3,-4,-2,0,12,-2,0
6/85,-1,0,0,1,0,6,-2,-2,-3,-8,2,2,-7,4,-6,-4,-4,-1,12,-15,-8,0,0,4,-13
-19/18,0,0,2,-5,-1,-5,5,1,-3,6,3,8,-3,6,-8,-6,10,1,8,3,-8,-15,4,-7,-10
-73/90,0,0,0,3,-1,-5,3,-2,6,-3,-1,10,0,-7,-10,1,-14,13,-8,-15,-11,-14,-15,-1,1
-71/87,0,0,2,1,4,-5,1,1,-3,-6,8,5,0,9,6,-10,1,-1,0,-12,7,0,0,1,2
-37/47,0,2,1,0,2,2,2,-2,-3,-4,10,-11,4,1,3,-3,1,8,-12,15,-16,-14,3,3,-12
-19/67,0,-2,3,-5,-2,2,-6,1,-8,3,-8,-2,-5,-6,8,6,4,8,0,-1,2,-1,-11,-10,2
-16/65,0,2,0,1,4,-2,5,-2,0,-4,-5,-5,0,7,4,-12,-7,-8,10,11,-13,8,8,-8,5
39/67,0,0,2,0,2,-7,6,1,-3,3,-1,-2,-7,8,6,0,10,1,0,-12,7,-15,-6,12,14
-10/97,-1,-2,0,3,4,6,-6,-2,-8,0,-9,-1,0,10,0,9,-3,1,-11,13,7,-4,2,-1,4
-11/94,0,2,4,0,0,-5,6,-2,2,6,-1,-2,2,-1,3,-4,6,-11,-8,0,6,6,12,-14,17
-35/79,0,2,0,1,6,-5,2,0,6,-5,10,-6,-9,2,-6,6,-4,-2,8,15,-2,-8,7,10,-7
89/18,0,0,-3,3,0,2,-3,1,-9,9,8,10,-4,-10,-6,-6,2,-10,5,2,7,-1,-4,-13,2
80/11,0,2,0,1,-2,6,5,1,-3,-7,-9,2,-1,-10,-7,1,0,4,4,-6,-10,15,4,18,-10
80/9,0,0,0,-5,-3,-6,1,-2,4,-2,-6,10,-6,7,-6,1,6,-11,-14,2,-2,5,-8,-9,1
-97/43,0,-2,4,0,0,-5,-1,-2,-8,7,1,11,0,-12,0,-3,-1,2,0,0,7,1,14,9,8
-43/61,0,-2,-3,-5,-1,2,5,-2,4,-4,3,-7,-5,-1,0,1,1,-4,4,5,14,-7,2,-10,2
-32/75,0,0,0,1,4,0,-1,-2,6,6,10,-2,4,10,11,5,6,-4,4,4,2,-14,-6,8,-7
-32/71,0,-2,-2,3,0,6,6,-2,3,-7,-2,5,-4,2,-10,6,-7,-1,-14,4,-5,-1,-3,-14,12
-39/77,0,0,3,-5,-2,-7,1,1,-8,4,4,-11,6,4,0,-7,-4,-1,-12,6,-1,15,6,-12,1
-37/80,0,2,0,-5,2,2,-3,1,-3,-8,1,-11,-9,10,12,-11,-10,1,-14,14,10,8,-16,-17,-2
-43/85,0,-2,0,1,4,-5,-2,-2,-6,6,8,5,0,-1,4,11,-10,10,-2,-1,-10,5,1,-6,17
-41/85,0,2,0,0,6,-1,-2,1,-9,-4,-5,-2,-4,-2,-6,9,-3,-4,-14,4,2,15,2,6,-2
-39/80,0,0,0,0,0,-7,4,-2,-3,-10,3,-8,12,7,-2,6,-11,10,-11,2,2,1,5,12,8
-37/78,0,0,4,-5,4,-2,5,-2,-3,-5,10,-11,12,-4,0,9,-13,-1,4,-2,-13,5,-4,-8,1
-37/81,0,0,-3,3,6,-5,2,1,6,4,4,-11,0,8,8,1,0,-4,4,-6,-6,10,12,-12,-10
29/42,0,0,-3,-5,-1,2,-1,1,6,-10,-4,-6,-4,-7,1,9,13,1,5,-8,-13,15,-3,-10,12
38/11,1,2,-2,1,-2,6,2,1,-6,3,-9,11,0,1,-8,6,2,-1,0,-12,7,8,17,-1,-9
38/13,-1,-2,2,-5,0,-2,3,1,6,2,-1,-7,6,-10,0,9,6,-6,-4,4,-2,4,16,6,-12
-25/17,0,2,0,0,4,2,-2,-2,6,3,-10,6,0,-3,10,-9,-2,8,-10,-4,-14,-4,3,6,8
50/9,1,0,0,-5,0,6,5,-2,-8,-5,-5,-7,-6,-3,-11,-3,4,1,3,-9,-10,9,-4,12,-2
-43/42,0,0,4,-5,4,1,4,-2,-3,3,-9,-2,-9,-1,-6,6,4,-3,-8,-7,-7,10,16,9,-19
-44/45,0,0,0,-5,0,2,-3,-2,-8,3,10,10,-4,8,3,-11,-1,6,-12,6,12,6,2,-6,-3
-68/93,0,0,1,0,-3,-5,-8,1,-3,-5,2,-8,-6,8,0,1,6,-11,0,5,-2,-15,-3,18,-7
-27/31,0,0,-2,-5,0,-5,-4,1,3,4,2,5,2,-1,1,7,2,8,5,0,-13,-4,-7,0,-1
-25/31,0,-2,0,0,4,-5,2,1,-8,-7,2,6,2,4,0,6,5,-4,-3,-9,-13,5,12,10,2
-12/41,0,0,3,-5,-3,6,-3,1,3,0,-5,-10,6,-4,4,-3,7,2,8,2,2,6,-4,12,12
15/46,0,0,0,1,-1,-5,2,1,0,-4,2,2,3,2,13,5,-7,0,16,12,5,-8,3,-13,14
15/73,0,0,0,-5,6,2,2,-2,-8,4,2,-7,-6,-2,12,-2,0,2,-5,2,-6,5,-16,-12,-2
9/77,0,-3,2,-5,-2,-5,4,1,0,-7,-9,-2,-1,10,12,9,-14,5,4,-3,2,8,-16,-6,-12
7/37,0,2,0,1,6,1,-3,1,1,3,-9,-8,-4,-4,-1,3,6,-3,-12,0,11,6,-7,-8,2
74/23,-1,2,0,1,0,2,4,1,0,6,-1,-11,-6,6,10,7,0,1,2,-15,-2,-4,-11,-14,8
77/26,0,2,0,1,0,-2,4,-2,6,9,-4,-6,-6,-2,-8,-7,-3,-2,4,-9,-2,5,-5,12,17
98/83,-1,2,4,1,0,-5,-6,-2,3,3,0,-2,6,-3,0,6,11,-2,3,8,-10,-8,-16,4,-14
-22/41,1,2,-2,0,0,0,-4,1,-3,5,-10,10,6,7,-6,1,0,-13,8,6,7,11,-13,8,-9
-13/22,0,-2,4,0,-2,-7,5,1,-3,-4,-4,-6,-6,-6,10,11,6,2,-4,3,-5,-16,10,-1,8
27/47,0,0,0,-5,0,-5,-5,-2,0,4,1,7,6,-3,3,-9,-12,-1,-12,-12,-1,-6,1,-15,-14
15/23,0,0,0,-5,-3,-5,5,1,0,-5,-6,-6,1,-4,0,-4,0,5,4,4,-6,8,3,6,-12
36/25,0,0,0,1,-5,1,-3,1,6,7,-7,-10,6,-2,-8,6,-4,0,-3,-4,-2,0,-4,-8,-13
71/101,0,2,4,-5,0,4,2,1,-3,5,-5,-8,12,10,6,9,0,-1,10,-12,10,-10,2,4,11
68/101,0,2,3,-5,-5,6,-8,1,-3,0,-2,-2,2,8,-7,11,-2,-11,-12,6,-13,12,5,1,-7
17/25,0,-2,0,1,-1,-1,-8,1,-4,5,1,2,-7,7,-6,-10,-4,13,8,3,11,11,-6,6,3
65/99,0,0,0,1,-2,-7,4,1,2,5,4,-5,12,2,1,4,11,1,-2,-2,-10,-8,12,10,-2
-4/67,0,-2,0,1,4,4,-3,-2,6,-4,-2,11,3,8,0,-4,-4,6,0,2,-11,-14,2,-4,16
1/63,0,0,0,-5,4,-6,-1,1,-9,-4,2,-5,4,7,-7,6,-11,4,4,0,-13,-1,8,1,-14
13/63,0,0,2,-5,-2,-7,5,1,-8,7,-9,-5,-5,4,8,-6,0,1,-3,6,11,-10,4,6,-1
17/64,0,-2,2,3,0,-1,-8,1,-3,-1,-2,10,2,4,2,6,10,4,-4,8,-5,-4,6,-13,6
-5/94,0,2,0,3,-5,6,1,1,-3,7,-9,-7,3,4,3,-6,-12,5,2,2,-10,4,1,-9,-14
-13/16,0,-2,3,-5,-3,-7,-3,-2,-3,4,-5,-7,-6,-6,-6,6,-7,-5,-6,-7,2,-10,-16,0,-5
-41/43,0,2,0,0,0,-6,2,-2,2,-3,-7,-11,-4,-12,3,2,-2,4,4,12,-11,-15,-4,2,-5
63/94,0,0,0,1,4,-5,1,-2,-4,0,2,-2,-5,0,3,6,9,13,-3,10,-8,-11,2,-6,3
31/47,0,-2,-3,1,-2,6,2,-2,6,9,-10,6,-6,4,3,-2,6,1,2,-12,6,-4,3,10,17
74/95,-1,2,0,0,0,6,-3,-2,-8,-7,6,-11,-6,-1,-6,-2,-7,-13,-14,13,-4,-8,1,3,-2
-39/17,0,0,-2,0,6,-7,-2,-2,6,-2,-5,2,-6,1,12,-11,6,8,12,0,-13,11,2,-14,-10
-2/11,1,-2,3,3,-2,2,-5,1,0,9,-4,-7,-1,6,1,1,-4,-8,-8,-9,-11,11,12,-1,13
-8/3,0,0,2,1,-5,-6,2,-2,-3,6,10,-7,-1,-1,1,-3,-7,8,2,-3,2,8,-4,0,13
-25/8,0,2,0,3,-5,-5,3,1,-8,6,-2,-7,-7,-1,-6,-4,0,4,-11,14,11,11,-4,-17,-5
42/61,1,0,-2,1,4,-1,5,0,1,3,-1,10,-9,12,-7,-2,-2,-4,6,-8,-11,2,3,4,-6
20/29,0,2,0,1,2,4,-3,1,3,-6,-8,-5,-6,-6,0,6,0,8,10,-4,2,1,14,1,14
23/16,0,-2,2,0,0,6,5,1,-7,-2,0,10,-5,12,3,6,-12,8,-7,-12,11,15,-12,-3,-18
-64/9,0,0,1,3,6,1,-3,-2,-8,0,8,-10,-7,-12,11,-10,4,-11,12,8,-16,13,4,18,17
-62/11,-1,-2,-2,1,-2,-5,3,-2,-3,-8,-10,-6,0,-4,4,-14,0,-4,4,-6,-16,15,-12,10,0
-63/11,0,0,2,1,-2,6,-6,1,3,-10,-1,8,-9,-4,6,6,4,-8,-12,-9,-2,-8,1,1,-18
-25/96,0,0,0,1,-5,-5,1,-2,3,2,-6,2,-9,-10,7,6,-11,13,3,-8,-8,-4,12,-8,-2
-13/28,0,-2,1,-5,4,-7,2,-2,6,9,-7,-7,-6,-2,-6,10,0,-12,12,-12,12,-14,-13,6,12
-9/26,0,0,0,0,2,-2,3,1,-4,5,-1,-2,-6,-2,1,6,-9,2,16,-4,-14,12,4,10,-5
-3/14,0,0,-3,-5,6,2,4,1,6,-4,-6,10,8,4,-10,-6,6,-7,-6,-2,-9,13,-6,2,3
61/24,0,0,2,-5,-2,0,3,1,-3,4,-5,8,0,4,0,6,4,-13,4,-15,-7,-4,4,-4,2
68/25,0,-2,0,3,0,2,-8,1,3,-5,1,-5,1,-6,8,6,6,10,-14,-15,-1,13,-3,-14,16
66/23,-1,0,2,-5,0,-5,5,-2,0,-10,0,11,10,-6,6,3,1,6,-12,2,7,4,3,-9,18
73/64,0,2,3,3,-1,-5,2,1,-3,-5,-8,2,12,-1,-6,11,-5,-13,8,8,-11,-10,-4,-2,17
76/63,0,0,0,-5,-3,2,6,1,6,0,-1,-7,0,8,10,11,0,8,3,15,-6,-16,14,6,-2
71/62,0,2,-2,1,4,4,-3,1,-8,-2,2,-6,-3,-4,7,-6,6,-2,4,-12,5,13,6,-8,-14
-47/24,0,0,-2,3,-3,-5,2,1,-4,0,-1,-2,10,8,-8,-10,-14,4,-8,2,10,-8,-3,-10,14
-21/13,0,0,-2,1,2,-2,4,-2,-3,3,-9,-11,-1,2,4,-2,6,-4,11,8,-6,1,1,-8,8
-17/29,0,-2,0,-5,4,1,-8,1,-3,-6,-2,-5,-9,6,8,-2,0,-7,-12,3,12,4,-3,-12,8
-43/13,0,-2,2,0,2,-2,5,1,6,3,3,-6,3,-1,3,5,13,1,2,-12,-7,10,-1,18,-14
-9/31,0,-3,0,-5,6,-6,2,1,-9,10,2,-7,-6,4,-6,-6,0,1,-14,-1,10,-16,6,-8,-1
-62/15,-1,0,0,0,-5,-5,2,1,6,0,-10,5,2,-10,-8,6,-4,-13,12,6,2,11,-4,-4,8
38/67,1,-2,2,1,4,-6,-3,1,0,4,-1,-2,-2,-2,-11,-11,9,2,0,15,-4,-12,-3,10,17
-58/79,1,-2,-3,1,-3,6,-3,1,6,-10,-9,10,-2,-3,0,6,5,8,5,-6,-10,-8,10,6,-18
-98/83,1,-2,1,1,-1,-1,5,1,-6,10,4,-7,6,-1,-4,-2,-5,8,11,-15,14,-16,-16,0,-6
-47/42,0,0,2,-5,4,-6,-4,1,2,-5,2,6,0,-1,-8,-6,0,2,4,-15,-4,-16,6,-6,1
-89/87,0,0,2,3,-5,-6,5,1,0,-6,-1,5,2,4,12,-2,-1,13,11,-12,-13,-14,-16,-13,-18
-45/43,0,0,0,-5,-5,-5,6,-2,-3,5,-10,10,-9,-12,0,-2,-11,-2,-13,4,-10,10,-3,-6,-7
-96/85,0,0,0,1,6,1,-2,1,-8,3,3,6,8,-4,-8,11,0,-8,-14,5,-13,-16,-1,-10,8
-97/87,0,0,1,-5,0,-5,5,1,-3,-6,3,-2,-6,-9,1,-11,6,13,-12,6,5,-8,6,6,8
-45/44,0,-3,0,1,-2,-5,-3,1,3,-8,10,-7,7,-2,-6,-7,5,-6,-10,-12,-10,-15,-6,-6,-7
57/58,0,0,1,-5,0,1,-3,1,-4,-6,-5,-2,0,8,-6,-9,-2,-10,5,10,5,-6,17,-10,14
-15/34,0,0,0,0,4,1,-2,1,3,-8,-9,-2,6,8,-8,-6,-11,-3,4,-8,11,-14,12,1,13
-28/67,0,-2,0,1,4,6,5,0,4,9,-9,-8,12,-4,-6,-6,-13,-11,0,6,-1,10,-4,-6,-12
-35/68,0,-2,0,1,6,2,-2,1,1,4,-1,-8,2,4,8,-11,-12,-13,-12,14,-6,4,12,18,-18
-33/67,0,0,2,-5,0,1,3,-2,-3,-4,3,-5,0,-1,-6,10,0,2,0,15,14,-1,-4,0,-10
52/11,0,-2,3,1,-2,-7,2,-2,3,10,4,6,-6,-10,6,-10,0,8,5,-3,-4,10,-7,1,8
-49/10,0,-2,0,1,4,6,1,1,6,-1,1,-2,8,12,0,-9,0,-4,2,14,-2,-16,1,6,2
-44/7,0,2,-2,-5,0,1,4,-2,-4,-7,2,7,2,-4,1,-10,0,-1,-12,0,-11,-5,-3,-12,2
1/39,0,0,2,1,-1,-2,1,0,-3,5,-10,-5,6,-9,0,-12,6,-11,2,-15,2,-7,3,-1,-12
-73/44,0,2,-2,1,-2,2,-3,-2,6,0,1,-5,3,-1,10,-2,6,-2,2,6,-11,-8,-6,2,-18
-30/49,1,0,0,-5,4,2,5,1,-3,9,10,-5,0,4,13,-12,5,-2,1,8,14,0,-11,-14,10
27/82,0,0,0,-5,-5,2,-3,-2,6,-5,6,-2,6,-1,-2,-11,-14,-2,2,6,-8,4,10,0,10
13/42,0,0,2,-5,6,-7,-3,1,4,4,-10,-5,0,6,-6,7,10,2,4,-1,7,10,3,-6,-14
-77/26,0,-2,-3,1,0,-2,3,1,-3,4,3,10,0,4,-6,1,6,8,-2,9,14,6,5,-1,1
5/18,0,0,0,3,4,2,2,-2,-4,-10,-6,11,-9,-6,-3,-3,6,13,11,8,-14,6,2,2,-18
11/37,0,-2,2,1,0,2,5,1,-3,-4,2,-8,4,5,1,-6,-4,-6,5,-15,2,4,-3,0,10
12/37,0,0,2,1,-2,6,-3,-2,4,4,-6,-8,-6,-2,-6,-2,-3,8,3,-12,4,10,-4,12,-6
57,0,0,3,0,-1,-5,-5,1,3,0,-9,-7,6,-7,4,-14,6,-8,9,-4,2,-8,3,2,-12
-41/35,0,-2,0,-5,4,6,-1,0,6,-1,-9,10,-4,-9,0,6,-14,6,-6,-5,-8,-14,2,6,12
-54/61,1,0,0,1,-1,6,5,1,-3,4,1,10,7,4,0,-11,-4,-4,2,-7,-6,-16,10,-1,2
-48/17,0,0,4,-5,-2,2,-2,1,6,-2,1,-3,-7,-4,7,3,0,8,2,-12,-14,12,14,-8,8
-26,-1,2,1,1,4,-7,-3,1,-4,5,-5,10,2,-6,0,-2,13,4,-12,-9,-6,-14,3,10,7
-67/74,0,2,2,1,-3,6,2,1,-3,2,-4,-8,-3,4,2,6,10,-5,-5,6,11,-4,6,0,-5
-4/61,0,-2,0,1,-2,2,2,1,1,-10,-10,-1,6,4,10,-4,6,-4,5,2,0,4,-3,10,0
-3/64,0,0,-3,-5,4,1,2,1,-9,3,-1,-8,-9,-4,-2,3,8,0,12,-15,0,8,4,-15,1
49/36,0,0,2,1,0,2,3,1,6,6,4,-7,2,-10,1,7,5,-11,12,-4,4,-6,0,9,-1
49/102,0,0,-3,1,0,-5,-2,-2,-8,4,-6,10,6,4,-8,-3,1,2,2,-12,-6,4,-8,-12,-3
22/51,1,0,-2,-5,0,-5,-2,1,-3,4,-4,-6,0,6,-3,6,6,-2,2,0,1,8,14,1,8
52/99,0,0,-3,3,-2,-7,5,-2,4,3,10,-2,8,-1,2,-6,0,-4,-3,10,-13,8,-4,-14,16
17/33,0,0,1,1,-2,-5,-8,1,0,-8,-2,-2,3,4,-3,-4,-4,-10,12,11,-5,10,-16,-17,-9
-103/78,0,0,1,1,4,-2,2,1,-3,-4,3,10,-5,1,-6,-6,0,1,8,7,-10,2,-6,-6,-12
49/30,0,0,0,1,-1,-1,-4,0,3,7,-9,-6,3,-1,3,-2,0,13,14,12,-2,8,2,-16,3
-89/3,0,0,-3,3,4,-5,-1,1,-3,0,-1,-3,6,10,-2,1,9,-4,8,4,6,-8,-16,-13,6
-91/3,0,0,2,1,6,-7,5,-2,6,-10,3,-5,-6,2,2,-7,11,8,-14,-4,-10,4,-4,1,10
-13,0,-2,-3,0,0,-7,-3,1,6,4,10,-11,4,6,1,-10,-10,-3,-10,-1,7,11,-5,-1,-8
-89,0,2,0,1,6,0,-3,1,-8,-1,-10,-7,-3,4,12,6,-4,-2,12,8,2,-15,-16,-13,8
-47/4,0,2,3,-5,-1,4,4,1,-8,10,-9,-5,-3,10,-8,6,5,8,-4,0,-2,-14,15,12,12
-25/2,0,2,0,-5,-3,6,-3,1,-4,-7,3,-1,6,4,7,-2,-7,6,4,16,4,12,8,-14,17
-17/3,0,0,0,1,0,1,-8,-2,6,-2,0,-5,6,1,4,0,-14,4,-4,-3,-2,1,4,-10,9
-40/27,0,0,0,-5,-2,6,-3,-2,-3,7,1,-8,-6,0,4,-4,6,0,12,14,-13,-4,12,8,-18
-37/27,0,0,1,1,0,0,5,1,6,-2,8,-11,-4,2,0,-11,5,6,5,6,4,-16,-3,2,-2
34/33,1,0,-3,-5,-2,1,-8,1,6,2,8,-5,1,12,7,1,10,8,4,6,-7,6,-11,10,-3
101/91,0,-2,0,-5,0,-2,2,1,4,-10,-9,-5,-3,10,-3,6,4,-10,2,-3,14,-16,2,6,-1
-17/21,0,0,-3,-5,2,-6,-8,0,-4,9,3,-2,-9,5,-6,-11,-2,-1,4,-9,2,0,14,12,2
-62/79,-1,2,-2,-5,-1,1,3,-2,-8,6,-10,-3,-9,9,2,6,-5,-3,8,-8,11,-8,3,-10,-2
-31/39,0,0,4,0,-3,-2,-3,-2,3,2,-10,-2,-5,4,0,-10,0,1,4,0,2,-1,8,-12,2
-43/12,0,0,0,-5,-5,-5,6,-2,2,2,1,10,-3,-1,-11,-2,-2,10,-12,15,-10,-16,3,9,1
-45/14,0,-3,0,-5,4,6,5,1,-3,5,1,-5,-4,-4,-6,1,0,-11,-14,10,-13,8,3,12,8
7/46,0,2,2,1,0,2,-6,1,0,-8,8,-7,7,12,10,0,6,6,-11,-7,-2,-1,1,0,17
7/47,0,-2,4,1,2,-1,5,1,3,-7,-1,-10,6,5,3,6,-12,8,10,11,-11,-7,4,-6,-2
-97/82,0,-2,1,3,4,-5,-3,1,1,-7,6,10,6,6,-8,1,-12,8,8,-4,2,6,-3,-1,8
-96/79,0,0,2,0,4,-5,3,1,6,-5,-4,-2,8,-1,0,-11,0,-2,-14,14,2,-8,-4,10,17
-99/82,0,0,3,-5,0,4,3,1,-8,3,-5,-7,6,-7,4,-10,-4,-13,-3,0,11,10,-3,1,16
42/5,1,0,0,1,-3,4,2,1,-3,7,-9,8,-2,-6,-8,3,-4,-7,-6,-15,12,1,-4,6,14
-59/8,0,-2,0,-5,4,-5,3,-2,3,-10,3,-7,6,-2,3,-2,-12,-1,12,-3,-14,8,0,-15,-19
-28/5,0,2,0,1,-5,2,-3,1,-4,-4,-9,-11,-3,10,13,-7,0,4,3,-3,7,4,17,-6,-7
63/5,0,-3,0,1,2,2,3,1,6,4,-7,-7,-4,-1,3,-6,0,1,4,-15,-6,-14,-11,-6,-2
65/7,0,-2,0,-5,-2,-7,-6,1,2,4,-9,-8,12,4,-11,-11,-4,6,4,-5,-13,-7,-10,-2,10
16/35,0,-2,0,-5,0,-1,3,0,-3,6,-10,6,-1,-2,-10,-7,0,8,12,-15,-10,-10,-8,3,14
2/39,-1,0,3,-5,-3,-2,2,1,-8,-4,-1,8,12,8,-6,-3,0,-4,-12,-15,7,4,6,-14,-7
-43/44,0,2,2,3,-2,6,5,1,6,4,3,-2,0,-1,-10,1,-1,-10,5,8,-6,-14,-3,-12,-12
-11/69,0,0,4,-5,0,6,-5,-2,0,0,-7,-2,-5,12,0,-6,0,-7,16,-15,7,4,3,-8,-9
-4/23,0,2,0,-5,4,2,2,1,0,7,4,-3,2,-1,-6,-2,-10,1,-14,0,-8,-4,6,12,11
-47/39,0,0,0,-5,4,-2,5,-2,6,-2,-4,-3,3,-6,-8,-2,8,10,16,-4,-11,-16,12,-14,-18
53/31,0,-2,0,1,-5,-5,2,1,-8,-5,2,-7,-9,6,-3,-10,-2,-7,11,12,-13,-4,0,-15,14
13/17,0,-2,2,1,-3,-7,-2,-2,-8,4,10,-5,6,8,0,9,-4,8,8,14,4,2,0,6,6
89/33,0,0,-2,0,-2,-1,-3,1,6,6,-4,-11,0,-1,0,-4,-7,0,5,6,-13,-4,-3,-13,-12
40/19,0,2,0,0,4,4,2,-2,-3,-2,2,-1,4,2,-8,-4,4,4,2,-9,-1,0,6,10,9
1/57,0,0,3,0,2,-5,2,-2,-8,0,6,10,-6,4,-2,-10,-4,-2,8,3,-6,-10,-9,2,-4
70/3,1,0,0,1,4,-6,6,-2,6,-2,-9,10,0,4,8,1,-4,-5,12,-9,1,-16,2,3,13
-55/83,0,2,0,1,0,0,-6,-2,-3,0,-8,6,0,-1,12,9,0,6,5,6,-2,5,-16,-10,9
-59/80,0,-2,0,1,2,1,2,1,-8,-2,-9,-2,8,-6,0,1,-12,1,-3,6,-13,-11,1,-3,-2
68/9,0,0,0,1,6,-1,-8,1,-3,3,3,-11,3,-2,-6,-4,0,0,8,-9,5,-15,3,2,18
-101/78,0,0,-2,-5,0,-2,6,1,-4,-5,0,-2,2,-6,0,-11,6,5,10,13,7,-7,-5,-15,-9
-50/39,1,0,0,-5,6,-2,1,-2,-8,-3,8,-8,6,5,-6,-6,-4,8,-11,0,-14,10,1,-6,-3
-51/38,0,0,-3,-5,-2,6,-8,-2,-3,-2,6,5,-6,-10,6,-2,0,-10,12,-12,-10,-9,3,-6,13
95/51,0,0,0,1,-5,-1,-2,1,-9,5,-4,-7,-4,7,-8,-11,-7,-5,8,4,1,-7,10,3,-18
91/50,0,-2,0,1,2,-7,5,1,-8,3,-9,10,-6,-1,-8,-7,5,2,4,2,4,8,-16,2,-1
-31/24,0,0,4,1,-5,-1,5,1,-3,-5,-10,-6,-6,-2,13,-4,-9,2,-14,-12,-14,0,-3,-6,-18
-21/23,0,0,-3,1,-5,6,2,1,0,-10,-1,-7,6,1,-8,-10,10,-2,-12,6,14,-9,14,18,2
-1/84,0,0,0,-5,-2,0,4,-2,-8,10,2,10,6,-2,-2,1,13,1,4,-5,-14,-16,12,6,-6
-33,0,0,2,1,0,-6,4,1,-3,-2,-4,-8,6,-4,8,2,-13,6,-10,9,5,10,-7,-3,-1
27/34,0,0,2,0,4,-5,-2,-2,-3,-5,-5,-6,-7,4,-11,1,4,0,-10,8,-11,6,5,18,3
-9/28,0,-3,-2,-5,-3,0,-1,1,1,0,3,8,-9,6,0,7,4,6,4,-1,8,8,10,2,-7
-30/83,-1,0,0,1,2,6,5,1,3,6,3,-7,-1,-4,0,0,-4,1,0,-9,-13,-10,-16,-8,-6
26/11,-1,2,0,3,-2,-7,1,-2,-8,-4,-1,7,12,-6,0,0,6,-10,12,5,7,9,-4,1,8
28/11,0,-2,-3,1,-2,6,4,1,-3,0,3,-5,10,-1,0,6,-12,-6,12,13,0,-14,-16,4,-19
-60/67,0,0,0,1,2,-1,-4,-2,3,5,10,6,-5,-10,0,-4,6,8,0,-2,-4,-5,3,0,10
-33/95,0,0,0,-5,0,-5,6,-2,1,3,1,-7,-4,-4,8,1,6,13,8,2,4,13,-4,-9,1
3/64,0,0,0,3,-3,2,6,-2,0,6,8,5,-3,4,8,-12,-11,10,4,14,4,-16,0,-3,17
28/73,0,2,0,1,-3,2,-4,1,3,-1,3,-7,1,8,-10,0,-2,1,-13,0,-6,-16,8,1,-6
27/70,0,0,0,-5,-3,-5,2,1,0,-3,0,-2,6,-6,10,-2,7,-5,2,0,2,-16,6,-2,8
28/75,0,0,0,1,0,-5,-3,-2,-4,-5,-9,-6,0,-6,2,-3,-10,2,4,6,11,13,6,-6,-14
7/19,0,2,2,1,4,6,6,-2,0,-5,-6,2,8,1,-6,-2,0,-2,0,-12,-13,-4,-11,1,-1
-6/25,1,0,0,1,0,-6,6,1,-4,4,2,-5,7,1,-6,-14,-2,8,3,-15,2,5,2,-17,-10
-5/23,0,-2,0,0,2,-6,-6,-2,0,-2,-1,-2,-9,7,4,10,2,-5,4,2,2,-4,0,-14,-2
-29/28,0,2,3,-5,0,-5,-6,0,6,-10,-1,-3,-6,-2,-1,6,0,-11,-10,-3,12,-9,-11,3,17
65/66,0,0,0,3,-2,-7,-1,-2,-3,3,-2,-2,-3,1,-6,-7,-4,13,-12,-1,2,-1,4,-14,8
31/33,0,0,3,1,-2,2,2,1,6,6,-10,-7,8,2,0,6,-4,-10,-4,13,12,-15,17,-6,-14
65/61,0,-2,0,1,0,-7,5,1,1,-5,-4,-3,-3,-4,-6,6,5,-4,12,6,-11,6,3,-9,17
64/67,0,2,2,1,0,-6,-3,-2,4,7,10,-8,-3,-6,3,11,1,4,0,5,-10,10,-11,9,-10
64/65,0,-2,0,-5,-1,-2,1,1,3,-4,3,-10,-4,10,8,-4,-5,10,-14,4,-13,0,0,0,-14
-71/63,0,0,-2,-5,0,1,-3,1,6,0,-1,-6,12,4,3,-4,6,-13,12,-12,-1,12,-3,-10,13
-70/81,1,0,0,1,6,6,-4,1,-8,-7,3,11,-4,-7,6,-10,-4,-1,-6,-12,2,5,-1,18,1
-73/80,0,2,0,1,4,-1,4,1,6,-1,-1,-1,6,2,3,5,0,-1,8,5,-11,5,12,6,-7
-34/39,1,0,1,1,0,-2,-8,1,6,3,10,-7,-6,6,-11,6,-4,-8,8,-15,-16,5,16,6,-5
43/29,0,-2,2,0,-2,2,2,-2,3,-6,-7,11,-3,-1,-8,-6,-4,5,4,-7,-6,4,-3,-14,3
41/44,0,2,2,3,-2,1,3,-2,4,-3,-9,11,-4,-2,4,3,-4,0,-4,13,-4,-14,-10,-3,-14
34/3,-1,0,2,1,-3,6,-8,1,-9,0,2,7,6,4,-6,6,-9,-7,4,-15,7,-8,4,2,3
67/2,0,-2,4,1,2,2,-3,1,-4,3,10,-2,0,-12,4,9,6,-5,-5,-13,-13,6,1,9,-12
-17/36,0,0,2,-5,0,2,-8,1,0,10,-5,-2,4,2,10,-3,-9,13,8,-3,14,8,7,0,-2
17/45,0,0,0,0,2,-5,-8,1,2,0,1,-5,0,6,-6,-2,5,6,5,4,-13,12,-4,12,-5
-4/33,0,0,-3,1,-2,-5,-3,1,6,0,-4,8,12,4,0,-11,2,4,10,14,2,6,1,-12,14
-35/24,0,0,0,1,6,4,6,1,3,6,-5,-10,-1,1,-8,-2,0,-8,-2,-3,-7,-16,12,-14,2
-37/21,0,0,2,-5,-3,2,6,-2,3,4,-9,-11,6,12,-6,-4,-10,-11,12,3,-11,0,-4,-7,14
59/14,0,2,4,-5,4,6,2,-2,-9,-1,-6,-6,0,4,0,6,-12,4,2,-5,1,10,4,-6,-2
53/15,0,0,0,-5,4,6,3,0,6,3,10,-1,8,9,-6,-10,10,10,10,4,12,13,-16,10,-7
-82/49,-1,-2,3,-5,6,2,1,1,3,6,1,-11,-4,9,12,7,-1,-6,-8,7,2,-14,0,10,-6
-35/26,0,-2,0,1,4,-2,5,-2,-9,-7,2,-7,6,4,-2,6,0,10,-13,8,-5,4,2,5,-14
-75/49,0,0,0,-5,4,6,6,-2,-8,-10,2,-2,1,4,-2,-11,-3,-7,6,15,-10,8,-16,-10,17
-72/47,0,-3,1,0,0,-5,4,-2,-4,-2,3,-2,-4,-4,3,0,4,6,-14,4,11,-7,12,9,-13
-19/7,0,-2,-2,-5,-1,2,1,1,-8,-10,0,6,8,7,-1,2,-9,1,4,-7,-10,-6,2,-13,-2
7/75,0,0,0,1,-1,0,4,1,-3,-8,-1,10,12,9,-8,-9,2,4,4,5,5,0,2,6,-12
79/42,0,0,-3,-5,6,-1,6,1,-3,6,1,8,-6,8,-7,1,-3,-3,-10,-12,7,4,1,6,3
58/61,1,2,2,1,2,-5,3,1,6,-10,-10,-11,-9,12,-11,7,-4,-4,-14,-15,14,9,1,-8,-14
28/39,0,0,0,1,-5,-2,-4,1,-9,-8,10,2,0,-10,4,-6,0,10,4,-12,-2,-8,4,3,2
-45/89,0,-3,0,-5,6,1,-1,-2,-3,0,10,-10,-6,7,6,0,2,6,12,-9,-14,8,12,-8,11
-49/93,0,0,3,1,6,-5,-3,1,-4,4,2,10,3,-10,4,6,10,13,12,2,-1,15,1,-13,-12
-25/59,0,2,0,0,-1,0,3,1,4,-2,-4,2,10,7,0,-10,10,1,12,-12,-6,10,14,18,-14
-17/25,0,2,0,0,0,-5,-8,-2,-8,-8,-1,5,-3,-9,4,6,-14,1,-12,3,0,13,-11,-13,11
-12/29,0,0,-2,1,-2,-1,3,-2,-8,-6,6,-7,-6,8,13,-2,-12,13,8,-15,7,8,0,6,6
-31/72,0,0,0,1,-3,1,2,-2,-3,-2,-10,-10,12,-10,-8,6,-4,-11,-10,15,-2,12,-10,10,-5
-37/23,0,2,4,1,4,-5,-3,1,0,4,-2,-11,-6,-1,-6,1,-12,-1,12,8,2,-4,12,-13,5
-73/45,0,0,0,1,-3,1,5,-2,0,3,-4,2,-2,7,1,6,0,10,-2,-5,-11,5,0,-14,-6
17/10,0,-2,0,0,4,1,-8,1,0,6,3,6,-6,-4,0,9,-4,-11,-6,16,7,-8,10,0,-10
-94/25,1,-2,0,0,0,1,4,1,-4,0,-9,2,-1,-4,-8,-2,0,1,8,7,-9,6,10,-14,-2
44/23,0,2,2,0,0,6,-3,-2,0,-5,1,10,-3,9,12,1,-7,2,4,3,5,8,6,1,6
45/22,0,-3,0,3,-2,-5,-4,1,-3,-4,-9,-10,-4,-1,0,6,0,-1,4,0,12,-11,4,-6,-14
85/46,0,2,0,1,-3,2,-8,-2,0,-4,4,-6,-6,-7,6,1,6,4,-3,6,-7,11,-6,0,2
-31/13,0,-2,0,3,-5,-2,6,1,6,4,-10,-7,7,5,0,6,-4,8,2,0,-13,13,-6,2,8
-18/7,1,0,2,-5,6,1,6,-2,0,3,-2,-2,2,-2,-11,-7,0,2,2,9,7,-11,-10,18,2
39,0,0,2,-5,2,-7,2,0,-6,10,-1,10,-9,-3,8,-2,0,-7,-4,-15,-10,12,4,-9,2
-13/35,0,2,0,-5,6,-7,-3,-2,-4,6,-1,-7,8,8,12,-2,5,4,-5,15,-11,11,12,-10,-4
-28/71,0,2,3,1,-5,-5,-6,-2,-3,0,-8,-10,10,10,-6,-9,-3,-1,6,4,11,4,12,10,-6
-25/21,0,0,0,-5,-2,-5,5,1,-3,3,10,11,8,8,4,3,-2,-12,-12,7,8,15,3,6,18
-71/67,0,2,-3,-5,2,2,2,-2,-3,-4,1,2,-7,-4,-6,6,2,-7,0,-12,4,0,1,18,-2
-72/67,0,0,2,3,4,1,-3,1,-3,0,-4,-2,0,4,1,6,-5,-10,0,-3,12,5,14,12,-4
-25/11,0,2,0,1,-2,-6,1,1,0,5,-5,-6,0,1,4,6,-10,4,5,14,0,-16,-3,-2,14
-39/16,0,0,4,-5,-5,-7,2,-2,-4,5,0,5,-5,7,-8,-12,6,-1,8,-1,-16,8,-6,-10,8
-41/15,0,0,0,0,0,6,6,1,6,-4,-1,-2,-4,10,-6,-9,-4,-10,12,-1,-6,6,4,-1,5
29/100,0,-2,0,-5,4,-1,5,1,6,-10,-9,-1,0,10,0,-14,2,8,2,2,-14,12,3,9,11
26/43,-1,-2,3,-5,4,-7,4,1,-4,-4,-4,6,0,-12,0,6,-5,-1,4,4,-6,-9,4,3,-12
-27/40,0,0,0,3,-3,6,-3,1,-6,4,-4,-6,0,4,-8,-6,0,-2,12,4,14,8,-4,6,16
-17/20,0,-2,0,3,-2,-5,-8,1,-8,-10,1,8,-3,4,0,-4,1,8,-5,-12,-7,10,-16,2,-2
-55/86,0,2,0,-5,0,4,-3,1,-3,-8,1,-2,-6,-12,2,6,6,-2,4,8,-6,4,-15,10,-12
-52/87,0,0,1,1,0,-7,-3,1,-3,-6,10,5,1,5,0,-2,-11,5,5,11,-10,13,-5,-15,17
83/16,0,-2,0,3,6,-6,-6,1,-8,6,3,2,-6,0,8,-3,-9,-1,12,5,0,-11,0,-6,-8
-26/45,-1,0,0,3,4,-7,-1,1,-8,-7,2,-1,-6,6,1,6,4,0,4,2,2,2,-16,-12,5
-45/56,0,-3,0,-5,6,-5,-3,-2,3,-5,1,-2,-6,1,-8,-6,-11,-1,8,4,-8,4,3,-16,14
-23/28,0,2,2,-5,0,-5,4,1,-7,2,10,-5,0,-1,0,2,10,-6,-14,3,-6,0,-3,0,1
14/45,-1,0,0,1,-2,4,-4,1,-3,3,2,10,-3,8,10,-6,4,-8,2,4,-7,-14,-6,10,-1
-59/69,0,0,2,3,2,-5,-4,-2,0,0,-9,-10,-6,-4,-6,1,-12,-1,11,4,-11,-7,4,4,12
-62/69,1,0,0,1,4,-5,-5,-2,0,-8,-10,-2,-4,5,4,6,2,8,-5,-15,-5,-7,-16,10,6
-68/65,0,-2,0,0,-1,-2,-8,0,-8,4,-4,-11,-5,-10,-6,0,2,-3,-10,-15,-1,8,5,6,-9
-28/15,0,0,0,1,-3,6,2,-2,-3,-7,-7,-2,6,-6,-8,-4,4,8,5,7,-8,8,0,-13,-5
-27/16,0,0,2,-5,6,-5,-1,1,-8,4,-1,5,1,-6,1,1,-2,2,-5,8,12,-8,4,8,1
-70/53,1,2,0,1,-1,-5,3,1,-3,3,-7,-6,-6,-10,-1,5,-4,13,-4,6,5,12,12,-12,14
-8/41,0,-2,-3,0,6,-1,5,-2,-4,0,-2,6,6,-1,0,3,0,1,9,3,-2,10,-3,8,-18
6/77,-1,0,2,-5,-2,6,6,1,6,4,10,10,-9,7,11,-10,-1,13,-7,2,-10,-16,12,6,-9
27/25,0,0,0,-5,0,6,2,-2,6,6,3,10,1,4,-6,-3,0,-7,8,9,-6,12,2,-15,17
48/49,0,0,0,-5,-2,2,-1,-2,-6,3,-9,-8,1,12,-8,1,0,-8,2,2,-6,-9,2,-12,8
25/26,0,-2,0,-5,0,-2,3,1,-6,4,-9,-6,-6,-3,4,1,10,13,11,-15,2,-1,0,-6,11
14/17,-1,2,2,1,2,2,-2,1,-3,2,1,-2,0,8,1,-11,0,13,4,3,-4,11,-1,0,2
-71/58,0,2,0,3,-1,6,-6,1,-9,-6,1,-5,8,-6,13,9,6,-3,6,-12,10,-4,14,18,-1
-72/59,0,-3,2,-5,-3,6,-3,1,-8,6,-2,11,0,-6,0,1,10,-11,2,0,10,-6,0,-12,-6
83/59,0,2,-3,1,4,2,-3,-2,-8,-2,-2,6,6,0,-7,-7,10,-4,8,-8,-6,-16,0,6,-1
-4/9,0,0,1,-5,-1,2,-4,1,-4,-4,3,-5,-5,4,4,6,0,2,2,-15,-7,-10,-4,-14,2
-39/88,0,0,-2,1,-2,-7,-3,-2,0,3,-1,-2,-6,4,-10,-9,0,-1,-2,0,12,-7,-4,-9,-10
-3/49,0,0,2,-5,2,2,-1,-2,-4,10,-5,-7,2,8,3,-2,0,-1,4,5,2,-14,3,1,14
-2/49,-1,2,0,-5,-3,-5,4,1,3,-8,-2,-1,10,-7,-8,-2,6,8,8,4,-10,-14,-13,-14,-1
-5/96,0,0,0,1,0,6,5,-2,-6,6,10,-7,7,8,0,-2,0,4,5,0,2,4,4,10,-12
-7/94,0,-2,-2,1,0,0,2,-2,6,0,-2,-7,0,-1,3,-7,-4,-1,-12,-6,4,5,4,-1,8
29/2,0,2,0,-5,0,-5,-5,1,-8,-10,1,5,0,-10,-6,1,4,-7,3,11,-13,-8,10,1,2
61/3,0,0,-3,-5,-1,1,-4,-2,-3,4,1,-2,-3,-4,0,-6,7,-13,8,0,6,6,6,5,-12
-16/19,0,-2,0,0,0,-6,-4,-2,0,3,-1,-2,-6,9,8,1,-12,5,12,0,-8,-1,2,0,8
20/37,0,-2,0,3,4,1,4,1,6,-5,-2,-8,-5,7,0,0,-12,-4,2,-3,5,6,-3,0,-2
33/73,0,0,4,-5,0,-1,-1,1,4,-5,3,-8,10,-7,13,0,-11,6,-4,0,-6,-9,2,10,6
34/71,-1,-2,1,1,0,2,-8,1,-8,4,-8,8,2,6,0,-6,0,6,2,4,14,10,17,-17,17
13/37,0,2,1,3,2,-7,-1,1,-9,-1,-4,-8,-9,2,0,6,6,2,2,8,10,-14,12,-2,-14
-65/79,0,2,0,1,2,-7,-3,-2,-3,3,-4,-11,6,4,4,-10,2,-12,4,5,4,-8,-15,10,-5
-35/39,0,0,0,1,4,-2,-1,-2,-3,4,0,8,-6,-2,3,6,-10,-5,0,-12,-4,-8,-3,10,10
15/17,0,0,0,-5,0,6,-2,1,-3,-4,1,11,6,7,0,-14,-10,4,6,-15,2,0,-11,10,11
-39/46,0,0,0,1,0,-7,4,-2,0,-2,4,-2,6,6,8,-6,5,-1,4,-9,14,6,12,10,6
-38/45,1,0,0,1,2,4,6,1,-3,2,0,5,-1,0,11,6,2,-2,8,6,-2,-15,11,-10,9
-25/51,0,0,0,-5,0,6,-2,0,6,4,-1,-7,-6,-1,-3,-2,7,-2,4,3,-2,-16,-4,3,-9
-18/73,-1,0,2,0,6,2,-1,1,3,6,-10,10,-7,12,0,-3,-12,1,-11,0,-6,-16,-1,6,-2
-20/69,0,0,0,1,0,-5,2,-2,0,3,6,-8,-1,1,-3,0,6,6,9,-8,-9,0,-15,-6,17
-7/24,0,0,3,1,-1,2,3,-2,-6,9,2,6,-9,1,-2,-10,6,-3,-5,11,7,-16,-12,0,2
-77/18,0,0,0,1,0,-5,-3,0,-4,6,-7,-1,-9,-2,8,-12,4,-2,-14,-9,-5,5,-4,-8,3
-79/16,0,-2,4,1,-3,-5,5,0,6,6,-4,10,0,6,0,-7,-4,1,5,-15,2,4,2,12,14
19/68,0,-2,-2,0,-3,0,-2,1,0,0,-4,-2,6,6,-10,-4,0,0,11,-15,5,12,-3,-6,-1
17/69,0,0,3,-5,-1,2,-8,-2,0,7,-4,-8,-6,10,4,-9,-4,2,2,-4,11,-7,-4,2,14
-41/18,0,0,0,1,-1,2,-1,-2,-4,0,-9,-2,-4,0,-11,3,0,4,-14,-12,-4,10,12,-15,-12
79/75,0,0,0,1,6,-5,-3,1,-8,7,10,-2,-6,7,0,-10,6,-2,-14,-1,-8,4,-4,6,-10
75/14,0,0,0,-5,-2,2,-4,1,3,-3,3,-2,6,4,4,7,0,10,-8,-15,7,10,-1,-9,8
77/10,0,-2,0,1,0,-1,-5,1,6,0,8,-8,6,-12,-7,5,9,4,12,6,2,-16,-3,-12,-14
23/5,0,2,0,1,0,0,-3,1,-7,6,8,-8,12,-3,8,7,7,1,0,-9,-5,0,7,-16,-5
66/19,-1,0,2,1,0,4,3,-2,6,-4,1,-2,-6,12,2,-4,0,-10,2,6,2,-8,6,12,-19
11/20,0,2,0,3,0,-1,5,-2,0,-7,1,-3,-3,8,0,-3,13,6,1,-12,4,5,5,-8,18
-15/53,0,0,0,-5,-1,4,4,1,3,5,3,-1,8,4,0,5,-4,6,8,-5,6,-9,-4,-15,-19
-33/100,0,0,0,0,0,-5,-3,0,-6,6,-9,-2,-6,-1,-6,-11,-4,10,4,13,2,10,-4,-12,14
-98/81,-1,0,2,1,-2,0,3,-2,3,-8,3,5,6,7,3,-4,-7,-4,6,-9,11,-9,6,6,14
-97/81,0,0,0,1,2,4,2,-2,-3,0,-8,10,2,7,10,-10,11,2,-14,15,-13,-8,0,-6,8
-49/40,0,-2,0,1,-3,1,-5,1,1,3,-4,5,6,4,0,6,-11,1,2,-12,-4,-14,2,-6,8
-94/81,1,0,2,0,-3,6,5,1,-9,-4,-9,10,-6,-10,-8,6,4,8,-11,3,-2,-10,8,12,11
22,-1,2,-2,0,0,-1,2,-2,-4,6,-1,-7,-7,-2,3,-9,6,-8,-11,3,2,-7,4,-2,2
-61/48,0,0,3,-5,-3,6,-4,-2,0,0,3,10,3,2,-2,-2,10,-13,2,-2,-2,-9,16,-17,-2
46/43,1,2,-2,-5,0,-5,1,-2,-7,-3,-5,-7,2,-12,-8,-10,0,-4,4,0,-5,1,0,-9,7
45/71,0,0,0,3,0,2,5,-2,3,0,-5,-7,-7,4,-6,6,0,4,16,4,11,2,-12,3,10
43/70,0,2,0,-5,0,-6,-3,1,-4,-4,8,-2,-3,-1,-6,-3,-1,5,-14,8,-4,-1,-1,12,10
-28/19,0,-2,0,1,-1,-5,2,-2,3,-8,1,10,-6,4,2,-11,-12,-5,-6,0,7,10,-3,-6,17
-83/59,0,-2,0,-5,-3,1,-3,1,2,-2,2,-2,6,-10,0,1,10,-4,-12,2,-7,8,0,-14,13
-89/57,0,0,-3,1,4,1,2,-2,-8,-7,-2,11,-6,4,-8,-2,-11,8,-10,0,-16,-7,5,-13,-6
-44/27,0,0,2,1,0,-5,3,1,1,6,3,-10,8,6,0,6,0,8,3,2,-14,6,3,18,-2
-46/29,1,2,2,3,2,0,3,-2,-7,-6,1,-2,-6,5,1,-10,13,8,0,-3,0,8,0,-14,-7
-43/66,0,0,0,1,-2,-1,-3,-2,-4,7,-4,-5,-5,-1,4,5,-11,6,-12,-3,2,-14,3,-6,-10
-32/67,0,2,1,1,-5,2,5,1,-6,3,6,-1,-3,-1,0,6,-2,-2,0,-12,-2,-15,12,5,-18
-22/49,1,-2,-2,-5,0,1,5,-2,6,-2,4,6,4,-4,0,-11,-14,5,5,2,-6,5,6,-8,1
-33/41,0,0,-3,-5,0,1,2,1,6,3,6,8,6,4,-3,6,-4,-5,2,4,-2,-8,3,-4,-12
-34/43,1,-2,-3,0,-5,4,-8,1,-9,10,1,-5,-3,-12,13,-2,0,1,2,-4,11,-14,2,-15,-6
3/10,0,0,0,0,0,6,-6,1,-8,0,-1,-8,-4,-3,12,1,0,1,2,11,-16,2,1,0,-7
10/79,-1,2,0,-5,4,2,-3,1,-3,-4,8,10,-3,-6,-6,-11,-14,-3,-8,3,10,-8,4,-9,12
4/39,0,0,0,0,0,-2,5,1,2,-5,4,10,-9,10,0,-4,-4,-8,11,0,7,6,14,0,8
-97/33,0,0,0,3,-2,2,6,1,3,-5,-4,-2,-9,-7,0,-12,4,-2,6,8,-4,10,-5,10,8
-1/46,0,-2,1,-5,4,4,1,-2,0,-5,-6,-8,6,-7,2,-6,-5,-8,5,5,2,-6,15,1,-5
1/47,0,-2,-2,3,-3,-5,-3,-2,-3,0,-6,2,-9,7,3,-2,-1,13,-3,-12,11,5,-3,-6,-1
-27/35,0,0,0,-5,-2,2,1,1,-3,10,2,-3,6,-2,8,6,-4,0,-2,5,-4,5,0,6,10
-73/60,0,0,0,0,-2,6,1,0,-8,6,-8,6,0,8,0,-3,6,5,8,15,-11,-14,-3,-10,-5
-73/58,0,-2,1,1,4,1,-4,-2,-3,-6,-9,-6,2,-2,11,-6,-14,-13,5,3,-11,10,3,6,-9
62/43,1,-2,2,1,-3,-1,2,0,6,0,-10,6,-1,-12,-6,-3,13,-3,10,4,-7,-15,6,6,-5
66/43,-1,0,-3,3,0,2,-3,-2,-3,9,-8,10,-2,-12,0,-14,0,1,-7,16,2,-8,-13,6,-12
-17/74,0,-2,2,0,-1,2,-8,1,-3,-5,-9,-8,-6,2,3,-11,-5,0,2,-3,14,8,6,-10,-1
-77/36,0,0,3,1,0,-5,-3,-2,6,-10,-4,-2,12,7,0,6,-4,2,4,14,-13,-7,-3,-6,3
9/98,0,-3,-2,-5,-1,-5,-6,-2,-3,3,-1,-2,-9,4,8,-11,-4,1,4,-12,4,9,-9,-6,-5
-69/76,0,0,4,1,-2,0,-6,-2,-7,4,0,-2,8,4,-6,11,0,10,4,2,4,-8,-16,8,-1
-56/87,0,0,-3,1,-5,2,-5,-2,6,-6,1,11,-6,6,-6,6,6,4,1,-9,6,13,6,10,-2
-62/49,1,2,-3,-5,-2,6,2,-2,6,2,-10,8,2,-1,-11,6,0,-13,4,-7,-11,-14,4,6,17
-18/59,1,-3,-3,0,-5,1,-6,-2,3,4,6,-5,12,9,3,11,10,-1,11,-3,-2,13,-7,12,16
31/83,0,-2,3,-5,4,2,-1,1,-8,3,-10,-11,-1,-1,4,-10,0,1,3,0,-11,9,-16,-14,-9
17/42,0,0,2,-5,0,2,-8,1,-3,-5,1,5,-6,-1,12,-4,4,6,-12,3,12,-8,12,10,-7
38/15,1,0,0,3,-3,-6,5,1,-3,-10,8,-2,6,-7,6,0,0,4,2,10,2,6,16,5,-5
37/19,0,2,-3,1,2,-5,-1,-2,6,-4,0,-11,-4,7,0,1,13,6,2,-1,-11,-15,-7,-1,1
-11/84,0,0,4,-5,0,-1,5,0,6,2,0,-5,2,2,1,-2,11,8,5,-3,1,-10,6,6,-3
28/31,0,2,0,1,0,1,-6,1,-3,3,2,-7,-4,-12,4,6,4,-13,-10,-12,4,5,-4,-1,3
22/23,1,-2,2,-5,0,2,5,1,0,-4,-5,-7,-6,1,-7,-10,-12,-12,12,9,-14,8,12,1,-2
28/29,0,-2,3,1,-3,-5,-3,1,-4,-6,8,-2,6,-2,-6,6,5,-8,5,16,11,8,2,0,10
23/10,0,-2,0,3,6,2,-3,1,-7,4,-2,-1,-1,-2,0,11,-1,-7,2,0,10,4,-16,1,0
21/23,0,0,0,1,6,-6,6,-2,0,4,-5,-2,-2,-7,12,7,-12,-1,8,12,-10,-8,-15,10,2
-8/85,0,2,0,1,6,2,-2,1,3,-2,2,-1,-1,12,-6,5,-11,-11,2,15,4,8,-11,0,14
4/49,0,2,4,-5,-2,1,5,1,-3,-4,-1,-7,12,9,4,0,10,-11,4,-9,12,8,-16,1,8
-30/13,1,0,0,1,4,-2,3,1,-8,7,3,6,-5,-6,0,-2,0,-12,10,6,-8,-7,4,-4,6
-91/41,0,2,1,1,-5,-7,-3,-2,-3,3,-7,-2,6,0,0,0,2,10,4,-7,6,6,-3,-15,-18
-17/8,0,-2,2,-5,-1,-6,-8,1,6,4,-7,-2,3,-7,8,-2,-1,-11,5,-5,-6,9,8,6,-7
-17/6,0,0,3,3,6,-5,-8,-2,-3,-7,1,-6,-5,4,12,-10,0,-3,14,13,-13,-16,17,10,-5
-51/41,0,0,2,1,2,6,-8,1,-3,5,-4,-2,6,-1,13,-2,0,8,8,16,-1,-4,12,-7,1
-50/41,-1,-2,0,0,-1,2,2,1,6,7,-9,-1,6,-4,-8,5,-4,-2,4,-12,-13,13,-12,0,2
89/61,0,-2,1,0,-1,6,2,1,-3,7,-10,5,0,-10,-7,-2,-11,-4,-12,5,12,-4,4,-13,10
44/29,0,2,0,1,0,-6,5,1,-3,-6,-5,10,10,10,-6,9,-14,-7,8,15,1,-15,-10,-14,18
31/20,0,-2,0,-5,-5,2,3,1,-3,5,-10,5,6,12,-6,3,0,1,8,-13,0,-4,-3,6,-8
93/56,0,0,2,-5,4,6,2,1,3,-8,-10,8,-9,2,-4,-2,2,6,-11,-12,-5,-11,14,-12,-14
-29/84,0,0,1,-5,6,-6,6,-2,6,-10,8,5,1,-10,0,-4,-4,5,0,7,-6,-12,16,6,2
41/13,0,-2,3,0,-3,-2,5,1,1,0,-9,-1,-4,1,8,1,4,-11,8,6,-14,-8,-9,-13,14
-77/23,0,-2,2,1,0,-5,1,-2,0,-5,-4,-11,-7,-4,1,-9,-14,0,8,13,-8,6,-3,-1,-2
-78/19,-1,0,0,-5,-3,-7,6,-2,6,-7,-1,6,-1,-7,-2,4,4,6,-3,-3,14,8,15,-10,8
36/97,0,0,0,1,-3,-6,2,1,-8,0,-5,-2,0,9,-8,-6,-4,10,16,8,-10,0,-7,-14,4
15/32,0,0,0,1,4,-1,4,-2,-8,-4,0,-10,-6,-1,-8,-9,4,-2,9,13,7,-7,8,-12,1
-19/14,0,2,1,-5,-5,6,6,1,-4,0,1,5,6,-7,4,6,6,-5,3,-12,14,13,12,-8,12
-81/44,0,0,2,-5,-2,0,2,1,2,-5,-1,7,-6,2,-6,10,-4,0,4,4,-11,-10,12,-4,11
-83/44,0,-2,3,-5,-2,6,1,1,3,-5,-9,-8,0,10,-8,4,-3,8,1,-9,12,4,0,6,8
-43/24,0,0,3,1,2,0,-5,1,-8,-8,0,-7,-6,-1,-6,-6,7,10,12,4,14,-4,3,-9,2
75/8,0,0,0,-5,0,4,2,-2,6,9,-8,2,0,-1,-6,6,-2,-6,12,7,-2,12,12,1,17
71/10,0,-2,0,-5,2,4,-6,1,4,10,-10,5,3,4,10,-4,-4,10,-10,-12,-1,-16,1,-1,2
23/3,0,0,0,3,-3,6,-6,-2,-7,-1,10,-7,0,-2,8,6,-4,6,-12,5,-7,-9,-7,12,8
71/8,0,2,-3,0,-1,-5,5,1,2,-1,-5,-3,-6,-4,-7,6,-9,2,-10,-12,-4,8,-16,6,12
34/97,1,2,-2,0,4,2,-8,-2,-6,6,-2,-11,-6,8,-6,6,6,-7,11,-9,8,5,6,-14,4
35/101,0,2,0,1,-5,2,3,1,-3,-5,4,-2,-5,12,12,1,-5,-7,10,4,14,-7,-4,-7,14
21/50,0,0,0,1,0,-1,-3,1,3,4,6,10,6,10,0,1,-3,-3,4,-8,14,0,4,6,-18
-25/62,0,2,0,-5,0,-5,1,-2,-4,4,2,7,8,-4,8,10,-9,-11,-4,-1,11,-9,-12,-10,17
28/23,0,-2,0,1,2,-5,3,-2,0,-4,3,6,3,4,-6,-2,-4,2,2,6,-5,12,-16,12,9
-64/25,0,-2,0,-5,0,6,-4,1,4,4,-8,-6,-5,4,4,-2,-4,-13,-12,16,4,-16,-4,-6,17
-63/26,0,0,-3,1,0,-2,-1,-2,6,0,-7,7,0,1,-7,2,0,10,-6,0,11,6,7,-6,12
-17/30,0,0,0,1,-1,6,-8,-2,4,-5,8,10,8,-2,2,-11,-7,8,1,13,-13,-14,12,-12,6
28/41,0,-2,-2,1,0,2,-3,-2,-4,-5,-5,10,6,1,7,-11,4,-5,-14,-3,-5,-4,2,-10,-13
-59/28,0,2,-2,-5,-2,1,1,1,6,4,1,5,-6,0,1,-6,-12,-3,-10,-15,-8,-6,6,-14,17
-85/88,0,-2,0,-5,-2,4,-8,1,0,-7,8,5,6,-2,3,6,0,-2,-3,3,-2,0,3,0,-1
35/12,0,0,0,1,-1,-5,-1,-2,-3,6,-8,-1,6,7,-8,-2,6,13,2,-12,7,-8,-11,-7,10
-23/32,0,-2,0,3,-5,6,2,-2,-7,-7,-1,-8,-9,-4,0,-2,-4,-1,6,-3,-13,-10,-10,2,-10
-71/9,0,0,4,3,0,-5,5,1,6,-4,1,-7,-3,8,1,-6,-4,4,2,-12,2,15,8,0,12
-74/3,1,0,2,0,-5,2,5,-2,2,3,-9,-11,-4,-1,-6,1,-1,10,8,-8,4,13,0,-8,8
-26/89,-1,-2,0,1,4,-7,-6,-2,-3,4,-1,10,6,4,-8,-2,0,2,12,9,8,-15,2,-8,3
96,0,0,4,-5,0,-5,5,0,0,0,3,-7,-6,-4,4,6,-3,4,-10,6,12,-4,5,-3,8
92,0,-2,2,0,-3,2,1,1,-7,-4,1,10,10,-4,0,-2,13,4,8,-3,6,6,15,3,8
53/45,0,0,0,1,0,4,5,-2,-6,4,6,10,3,2,0,-10,-4,4,8,8,-7,2,2,-8,-3
-11/86,0,-2,1,-5,0,2,-5,1,-8,4,6,5,4,-12,11,-3,2,2,-3,12,-5,10,-4,10,8
-13/31,0,-2,0,-5,-5,-7,-1,-2,3,-5,2,5,-4,-10,8,1,-9,4,-12,3,7,-16,2,2,-14
5/63,0,0,0,-5,-1,-5,3,1,-8,4,-5,10,-6,7,-6,-2,6,-2,-2,15,-7,-8,3,-16,9
5/61,0,-2,0,0,6,0,-4,1,6,0,-9,10,-1,-6,0,7,-4,-4,2,-15,7,-16,-11,3,-5
19/93,0,0,-2,1,2,1,-3,1,-9,-5,2,8,-9,9,0,-4,-3,-2,6,-4,-5,11,12,0,-3
8/31,0,-2,3,-5,4,6,2,-2,-3,-2,2,10,8,7,0,6,-7,10,4,0,-1,6,12,6,14
-86/97,1,2,-3,1,6,1,1,-2,-3,5,-7,-7,-6,-1,1,-2,10,10,8,-12,-10,-1,-6,-3,4
-87/101,0,0,0,1,2,1,-6,-2,-8,-10,-2,-2,-6,4,2,6,0,-7,-13,-12,-7,-10,15,8,-3
-86/95,-1,-2,0,3,4,4,2,-2,6,4,10,-5,1,-1,-6,1,-14,-10,0,15,-5,5,3,6,2
-92/101,0,-2,-2,1,0,-1,1,-2,-7,10,-10,-11,-3,5,0,6,-1,10,-14,-12,0,-16,4,-2,-9
-47/51,0,0,2,0,0,-5,-2,-2,-3,6,-2,-1,-3,8,-8,11,2,-5,-2,4,-7,5,12,0,8
51/91,0,0,0,-5,2,-2,-8,-2,6,7,-8,-2,-2,-10,-10,-2,4,-11,2,-8,2,2,-11,-12,8
14/23,1,2,3,1,-2,-5,-3,-2,0,-5,6,7,-7,4,11,-6,6,8,4,11,10,15,16,9,2
11/49,0,-2,2,-5,0,-5,2,0,-9,-7,1,-8,0,4,-3,-4,0,0,0,-15,-11,-16,0,3,2
15/47,0,0,0,3,4,2,-4,1,-3,-2,1,-7,2,-10,3,-10,-4,5,5,15,2,0,6,6,-9
-78/49,1,0,2,-5,-1,-7,2,1,-4,0,6,-8,12,6,-6,1,-2,1,-2,-8,-13,8,10,3,-18
-39/68,0,0,0,1,0,-7,-2,1,-6,0,-5,-7,0,4,0,6,10,8,16,4,-8,-10,6,-7,-14
55/8,0,-2,0,1,0,0,-4,-2,0,-2,3,-6,-6,1,2,-10,-4,-7,-12,-13,-5,-16,6,6,10
19/10,0,2,0,-5,-2,4,1,1,6,0,-5,10,1,-9,-11,-2,-2,13,-11,13,-14,6,12,-15,-1
35/17,0,2,0,1,-3,6,-2,-2,-8,3,-9,2,-1,4,-6,-2,11,-11,8,-7,-1,8,14,-14,11
52/83,0,-2,1,-5,4,-7,-3,1,3,4,2,2,-1,4,-6,-4,6,-10,8,8,0,6,-16,-1,-5
-2/9,-1,0,-2,1,-5,6,-3,1,6,5,8,-2,-6,4,12,1,-13,-12,4,5,-5,-8,15,-14,14
-5/29,0,-2,0,1,-3,6,4,1,-8,-6,10,5,-6,7,-3,-6,0,-3,5,-15,-11,-14,-12,-1,2
-19/34,0,-2,2,-5,-2,-1,-2,1,-3,-7,-10,-1,8,-1,1,-3,6,5,-10,-5,-16,8,16,-14,8
-13/34,0,-2,3,1,0,-7,-2,1,-8,0,6,6,0,7,2,-4,-4,-1,-12,8,0,9,14,-12,-1
73/71,0,-2,0,3,0,2,-3,1,6,3,0,-7,-6,-2,12,9,-9,-4,-14,4,-11,-14,-5,1,18
29/9,0,0,4,-5,-1,-1,1,1,-6,-10,8,-3,7,12,0,-3,-11,-2,12,3,7,-6,-16,-14,-18
-71/29,0,-2,2,1,-3,4,-3,-2,-3,-6,-1,-3,2,4,0,-2,-12,-1,14,-12,-5,-16,15,-15,-1
-50/11,1,-2,0,-5,-2,6,2,-2,6,-4,10,-5,-4,9,-1,-12,13,10,-12,-5,2,-4,0,6,13
-92/15,0,0,0,1,6,-6,6,1,-7,3,-4,-2,0,5,0,6,6,2,-12,-4,11,15,-3,-14,1
86/69,-1,0,1,-5,-2,0,4,1,0,0,1,-2,1,-1,0,0,4,4,-12,8,2,-8,-6,-16,-9
84/67,0,0,0,1,4,1,4,1,0,3,1,-7,-3,-4,0,-10,7,10,0,11,-4,13,3,-14,17
89/68,0,2,-3,0,2,-5,-2,1,-8,-4,-1,-5,6,8,4,5,8,-13,-11,4,10,8,3,-13,-7
43/35,0,-2,0,-5,4,6,-4,-2,-8,-5,3,-10,0,-1,-11,-4,7,-8,5,8,-14,-14,-5,0,-2
-86/57,1,0,0,-5,-5,2,2,-2,3,0,3,6,10,-1,-3,-7,-4,-7,-11,6,-13,1,6,18,-6
-89/58,0,2,2,0,4,-1,2,1,2,-6,1,-1,-7,-6,6,-2,-14,-4,-6,8,5,-14,12,-13,-12
80/13,0,-2,0,-5,4,-2,2,1,-3,-3,1,-7,3,-1,0,-6,-4,-7,12,8,12,6,-5,-10,17
-81/85,0,0,0,3,4,6,-2,-2,-3,-8,-1,5,-6,4,6,3,7,-4,-10,11,4,4,11,-6,-1
-85/86,0,2,0,3,-3,-5,-8,0,6,-1,-8,5,-4,-12,10,-2,0,-5,-14,-3,8,13,2,-16,2
49/74,0,-2,2,1,-1,-5,5,1,-9,2,8,-8,12,8,8,2,0,-1,2,15,0,5,5,-15,-5
46/73,-1,2,0,1,4,-1,3,-2,-7,-4,2,-6,-5,-1,6,11,-3,10,-12,16,-6,-4,9,18,-9
49/76,0,2,1,1,2,-5,-3,-2,3,3,10,-1,7,12,-4,-2,0,-3,8,-12,-13,-12,-4,10,-6
23/82,0,-2,2,1,0,-1,5,-2,-7,6,3,2,6,2,4,1,0,-13,8,-2,4,-9,12,-4,-10
25/48,0,0,0,3,0,2,2,1,-3,-5,-9,-7,0,2,0,1,-10,-7,-12,-1,1,5,2,-16,2
2/49,1,-2,-3,-5,4,-5,3,-2,-6,5,2,-1,-1,1,2,-4,-4,-2,8,-1,11,10,4,-7,-2
-1/48,0,0,0,0,0,2,-5,-2,3,5,-1,-5,0,-6,-8,-11,-4,2,6,-12,-10,-6,12,-1,10
-5/66,0,0,0,3,-2,-5,5,-2,-8,5,-1,5,6,7,3,2,13,0,-4,2,-7,-8,16,-6,-10
-3/22,0,0,2,-5,-2,-5,-3,1,-8,-5,-8,-2,-9,4,4,3,-12,2,2,13,-2,8,-4,10,13
-37/7,0,-2,2,-5,-5,-5,-6,-2,-8,5,-1,-11,-3,8,-6,-2,-1,2,12,-2,10,5,16,-14,-1
37/88,0,2,1,-5,-2,-5,4,-2,6,-5,-5,-11,0,4,-2,1,4,-2,4,-13,14,-16,-4,-1,2
35/87,0,0,0,1,0,2,-4,-2,-6,-6,-1,-10,-9,6,-8,-10,6,0,8,-15,-10,-9,7,0,18
49/33,0,0,2,1,-2,6,-6,-2,-8,-4,-5,-10,12,12,4,-11,-14,-3,-5,16,-4,8,-6,6,-2
71/19,0,-2,2,3,-1,2,-1,-2,3,3,2,-1,12,-4,-4,-10,2,-5,-4,-12,2,5,-16,-6,1
42/13,1,0,2,1,6,-2,5,1,-3,4,-1,2,-3,4,-6,-2,10,-8,-10,7,-13,-8,-3,-16,-13
47/15,0,0,0,-5,0,-5,-6,1,-4,6,1,10,6,-4,-8,6,-9,-13,4,-15,-13,1,-4,8,-19
-65/27,0,0,0,1,0,-7,-6,1,-3,-10,-2,-7,-1,-3,-6,6,-13,-11,-3,13,-8,10,10,1,14
11/18,0,0,0,0,0,2,5,1,3,0,1,-2,-6,10,0,-11,-7,-13,-2,0,-1,-5,-11,12,14
18/43,-1,-3,2,-5,-3,4,-6,1,-8,6,8,-2,8,-12,11,-4,-2,0,5,-9,11,12,9,6,-2
43/40,0,2,0,3,-2,-5,-1,1,1,-2,-1,10,-9,-1,8,5,10,-1,14,-12,-2,11,12,-6,1
36/73,0,0,3,-5,-1,4,2,-2,-3,3,1,8,0,2,12,-4,-9,-5,8,-3,-6,6,5,6,2
6/29,-1,0,2,1,-3,0,-4,1,-3,-6,-4,11,6,-6,-11,5,-4,-8,4,-8,-2,-7,14,1,10
-24/7,0,0,3,-5,2,-5,3,1,-3,0,2,5,6,9,4,6,4,10,-10,-4,-6,-14,-13,-2,1
-73/6,0,0,2,3,0,1,-6,-2,3,-5,-2,-1,-7,4,-6,-11,-3,5,4,-9,-11,0,3,-15,-2
-76/9,0,0,0,-5,4,-6,4,1,1,-1,-9,-2,4,-4,4,4,4,-7,4,-15,4,-14,10,2,8
52/47,0,-2,0,1,6,-7,-3,-2,2,3,3,-7,-5,-1,3,10,10,-1,5,-4,-6,13,-12,3,-6
-21/4,0,0,2,1,-2,4,3,1,1,-7,10,-8,-6,2,-10,6,0,-2,12,-7,-1,-8,3,-8,10
77/101,0,2,0,1,0,-1,-3,1,2,7,-4,5,-6,12,7,-2,-4,1,8,-4,7,4,-8,-9,8
15/19,0,0,0,3,2,-1,3,-2,6,9,-1,-6,-1,4,0,-6,0,-13,-10,10,-14,15,2,2,10
30/37,-1,0,0,0,-1,4,-1,1,1,4,-5,-8,0,4,0,6,6,10,4,8,7,9,2,0,-13
-7/26,0,2,3,1,-5,-2,2,1,-3,-5,-1,-8,-5,12,-11,-2,-2,-10,-14,-12,-11,10,16,-13,-1
29/13,0,-2,-2,1,0,-2,2,-2,0,-10,2,-7,-6,-9,-8,6,0,-5,16,-15,2,-16,14,2,2
59/17,0,2,0,0,0,-5,-2,1,-8,-5,-4,-5,-4,-4,6,-2,-12,2,-14,13,-2,15,2,-15,-2
81/32,0,0,-2,0,4,6,-6,1,-3,-1,10,-1,8,4,-1,-12,6,-12,3,-1,-2,-5,3,-2,-13
81/31,0,0,2,1,0,4,1,1,-3,-8,2,-2,0,-1,8,6,-1,6,3,8,-1,-8,-3,-7,0
81/37,0,0,0,1,-5,-5,-1,-2,4,0,-4,-8,-1,12,12,-6,4,-4,11,5,-5,-16,-6,-3,1
-22/13,1,-2,4,0,0,-2,2,-2,-6,-4,0,-8,-2,4,4,-3,-2,-5,2,12,-7,-14,-3,10,-6
7/45,0,0,0,1,4,6,-3,0,-6,-3,4,-11,-6,-4,4,3,-4,-4,4,-12,-4,-9,12,-17,-14
41/87,0,0,3,1,-2,-6,6,1,-3,-6,10,-1,-4,-2,0,10,6,6,-14,6,-1,-16,3,-10,-2
23/39,0,0,3,-5,-1,-2,-3,1,-7,4,1,-6,8,2,-7,-10,9,4,-14,-3,-14,13,-4,10,11
-26/5,-1,-2,0,1,0,-7,2,-2,0,-10,2,-2,3,-12,0,6,-12,8,-14,13,4,-14,-4,-6,1
-51/11,0,0,2,3,-2,-6,-8,1,6,-1,2,6,-6,7,0,-7,9,5,4,-9,-13,-14,-4,-1,-2
9/34,0,0,2,-5,0,-6,-2,1,-3,-2,3,-10,4,10,0,-11,-2,-11,0,4,0,-16,1,5,18
-7/73,0,-2,0,1,6,-5,-6,1,0,6,-5,10,-3,2,-11,11,-4,4,-3,-9,-6,9,15,6,-10
-3/25,0,0,0,0,6,1,-5,1,6,-5,4,-6,0,-10,0,-6,7,-13,1,-15,-7,-7,-3,-3,-1
-7/76,0,-2,3,1,4,2,2,-2,-4,-1,0,-2,6,2,-7,-6,0,6,-10,-4,2,10,11,-14,1
-55/8,0,2,0,0,0,4,-3,1,-9,-2,-4,10,-4,4,-8,5,-14,10,-14,-1,2,-16,4,-14,-5
-28/3,0,0,1,1,0,-5,-6,1,2,10,2,-2,-6,2,3,-4,-14,-4,3,9,2,-4,14,5,6
71/53,0,2,3,1,-2,-6,-1,1,-4,0,1,-5,2,4,-1,5,6,10,4,-12,2,10,-12,6,-12
11/69,0,0,1,3,0,-6,5,1,0,4,6,-7,0,-12,-8,-14,0,-1,-4,14,-5,-8,-12,-6,-7
-37/29,0,2,-2,-5,-5,-5,-3,1,-3,-6,3,-11,0,-6,0,6,-11,-7,4,-9,-10,4,-4,10,-14
51/13,0,0,0,-5,0,-2,-8,0,3,-3,1,-2,7,4,3,6,-4,6,0,-12,-7,-12,-8,6,14
49/10,0,2,0,1,2,2,-1,-2,-8,-7,-1,-5,8,6,11,6,4,-4,8,10,14,-16,-7,0,-14
-39/38,0,0,-2,0,-5,-7,2,-2,6,6,-8,6,0,-4,4,-2,4,8,-5,-4,-6,4,2,6,8
-33/2,0,0,4,0,0,1,-4,1,6,-1,1,10,-5,2,0,6,-4,10,-14,3,-14,-8,-4,10,-2
-41/4,0,2,4,1,0,-6,5,1,3,-8,-9,7,-4,-2,0,1,0,-1,0,2,-13,-8,12,10,-18
-41/2,0,-2,2,-5,4,6,2,1,4,2,-9,6,-4,-6,-7,-10,11,-2,3,-2,-5,-4,2,-10,2
-28/11,0,2,0,1,-2,2,3,-2,6,-5,-1,-2,-1,-6,12,3,10,-5,-10,0,4,-4,2,0,-3
12/35,0,0,0,-5,2,2,6,1,-3,-7,3,-1,-9,4,-8,6,-4,-5,10,-9,-13,8,3,-14,1
75/71,0,0,0,-5,-3,-6,-3,1,-8,-5,-4,-8,2,4,6,5,-2,8,-12,4,1,1,10,-12,-3
25/23,0,-2,0,1,-2,-1,1,-2,0,7,-2,-7,10,12,0,6,-3,-6,11,-13,-7,-10,6,10,-14
19/34,0,2,0,1,0,-5,-2,1,6,-1,-9,-1,8,-6,1,0,-3,-10,4,-5,-6,-8,0,-6,-10
99/79,0,-3,4,-5,0,-5,-4,-2,-8,9,-10,-2,6,6,-11,-2,-2,-11,8,-15,-14,-8,-11,-9,2
16/13,0,2,3,-5,0,-2,-3,-2,-8,0,6,-11,-6,12,0,6,13,-11,-13,-12,-5,-1,-3,-3,12
37/11,0,-2,2,-5,-2,2,-3,1,6,-4,-5,-11,-7,-10,-3,5,6,-11,-2,5,-4,5,3,-8,12
-38,1,2,-3,-5,2,2,-3,1,6,7,-2,7,3,2,6,-3,-2,-5,-10,-9,4,-4,4,10,9
27,0,0,0,1,4,2,-1,1,0,-1,-9,11,0,2,-6,-2,10,-1,-13,-4,2,12,2,0,-18
23/6,0,0,-2,-5,-1,-6,4,-2,-7,0,-5,-5,-6,7,-6,1,0,10,8,4,-5,-4,-16,9,8
19/91,0,2,2,-5,6,-2,-5,1,0,-5,6,-8,-3,8,0,-2,-4,-5,8,15,-13,-1,1,12,-2
47/62,0,2,4,1,-1,-6,6,-2,-3,3,2,-6,-6,8,-8,6,-2,2,11,11,7,-14,0,10,2
22/3,1,0,1,-5,0,1,-3,0,-3,-5,-4,-3,12,-10,0,-2,10,-3,8,-15,14,-14,-1,-12,-7
79/31,0,2,2,3,6,-5,-6,1,3,-2,2,-6,-4,4,0,7,13,-11,-11,0,-5,4,1,-12,13
61/41,0,-2,4,1,0,4,3,-2,-4,6,3,-1,6,5,-3,6,-4,-13,4,-12,2,9,-13,-17,2
41/33,0,0,0,-5,-2,-5,-1,-2,3,5,-5,7,-4,-1,1,6,-3,1,8,10,7,0,-13,-9,-2
29/15,0,0,0,0,6,-5,5,-2,-3,-10,-10,-10,8,-2,-6,10,6,1,6,5,-7,-8,5,0,14
-40/41,0,2,0,-5,2,-6,-3,1,6,4,-9,11,6,4,-6,4,10,2,-14,6,14,4,16,18,17
-13/7,0,-2,0,-5,2,-7,2,1,6,2,2,2,-5,6,0,3,-11,-2,-2,14,6,-10,10,-14,0
46/21,-1,0,2,-5,0,-1,2,1,-7,4,-1,10,10,4,-6,-3,4,13,4,7,7,10,-4,-12,1
-5/52,0,2,0,3,0,-2,6,0,-8,-2,4,-8,-9,4,-8,-7,-13,-3,12,12,4,1,-3,1,0
24/49,0,0,2,-5,4,-5,2,1,6,6,-1,10,3,-1,-8,7,13,5,4,-4,1,-16,-3,9,-13
43/7,0,2,1,-5,-2,-5,5,-2,-6,-7,0,-7,-6,-1,-2,-2,8,2,-10,6,2,1,-4,2,8
85/16,0,2,0,-5,2,4,-8,1,-3,-10,0,-2,0,12,4,-6,11,10,-12,4,6,-9,12,-2,-7
-14/19,-1,2,1,1,-5,0,-1,-2,-3,9,-9,-7,2,4,-8,6,-2,2,5,4,7,-4,-3,6,6
19/35,0,-2,0,-5,-3,-5,-6,1,-3,-5,-4,-7,-1,10,-6,-6,2,-4,-14,-9,-7,11,8,-6,8
-11/29,0,-2,0,3,0,-5,-4,1,6,-6,-8,-1,-6,-4,0,-6,6,-3,-6,6,-2,-6,16,18,-2
29/56,0,2,2,-5,4,-5,3,1,-9,-10,-8,-2,8,-9,0,-2,0,1,0,-4,-10,-8,12,6,2
73/60,0,0,0,1,0,2,-1,1,-4,6,1,-2,1,-2,4,6,-14,-10,-3,-9,-11,6,6,1,10
16/43,0,2,-3,1,2,-5,5,-2,6,-8,-1,-2,6,-12,-6,10,4,-2,2,15,-14,-10,3,8,2
19/44,0,-2,2,1,-2,-1,1,1,6,0,3,-2,6,-10,0,-2,-12,13,-4,0,2,6,0,10,-12
19/5,0,-2,0,0,2,-1,2,1,-3,-1,1,2,-6,8,13,-2,-4,10,2,-3,-11,9,-15,18,13
5/23,0,2,0,1,4,6,5,1,0,-2,3,-10,-7,-9,6,-2,-9,6,-12,8,-13,11,-4,-6,-1
-1/25,0,-2,0,-5,4,2,-6,-2,3,6,-9,-10,-6,-12,-6,3,13,-7,10,-4,4,-14,-16,-14,-1
-89/24,0,0,2,3,4,6,2,1,-8,-5,-9,-8,-9,8,4,-2,-4,-1,-13,-4,4,13,3,-13,1
80/19,0,-2,0,1,6,-1,-5,-2,-8,0,-1,-8,2,7,-8,9,6,10,-12,-12,-13,8,0,-12,14
-88/21,0,0,-2,-5,0,0,6,-2,-8,4,0,-11,-4,-1,0,6,0,8,4,-9,-6,-15,-7,-8,11
25/86,0,-2,0,1,-3,-5,-3,1,-3,-2,1,7,0,-12,-6,0,9,10,4,-12,7,-14,4,10,14
25/87,0,0,0,1,0,2,-3,1,6,-6,2,-5,-6,-4,-10,4,5,13,0,0,-6,6,2,-14,12
-51/55,0,0,0,1,-2,-1,-8,1,6,-5,-7,-6,-1,7,0,-3,6,-7,4,0,2,-6,-5,0,2
-45/52,0,0,0,1,-3,-2,-5,1,0,6,-1,-10,-7,4,-6,-2,6,-1,10,7,12,13,-8,-7,8
-51/47,0,0,2,0,4,-5,-8,-2,6,-7,-1,-1,-6,-2,3,-3,0,13,4,-5,-5,4,4,-6,-14
-45/47,0,-3,0,-5,4,-1,1,-2,-3,-5,3,2,0,8,3,-12,0,2,11,-12,2,6,4,-14,-6
47/97,0,-2,2,1,-3,2,5,-2,4,-2,-10,-1,6,8,-8,3,11,-5,2,-8,-9,11,-10,-8,4
49/95,0,-2,0,1,4,-1,-1,-2,-3,-5,-5,11,-4,9,4,6,5,10,8,3,-5,-14,17,-14,-5
47/92,0,2,0,-5,0,-5,2,1,0,0,0,-2,-6,9,-8,6,4,-2,4,13,11,-9,-11,18,-7
-25/93,0,0,0,-5,2,6,3,-2,-8,7,2,-11,0,8,0,-10,0,13,3,-2,-2,-8,4,-1,-14
44/27,0,0,-2,-5,0,-5,4,1,3,6,-1,-2,8,12,-4,-3,4,4,11,-8,-14,11,-12,10,-6
14/65,-1,2,0,1,0,-2,4,1,6,-7,0,-5,-5,7,12,6,6,8,6,-9,-14,8,-16,-10,11
35/51,0,0,0,1,4,-5,-2,-2,3,-3,-7,-2,-3,10,0,10,5,-1,-12,13,2,-14,-3,12,-18
-37/36,0,0,-2,-5,2,-5,1,1,2,5,-5,-11,8,-10,-3,-10,-7,-5,-8,-12,-16,9,12,2,-14
22/53,-1,-2,1,1,0,-1,5,1,-3,9,2,-1,-5,7,-6,5,6,1,10,5,4,11,6,12,-13
47/30,0,0,0,1,6,0,4,1,6,-10,0,-7,-2,10,-8,4,10,6,2,8,-6,-11,1,-1,2
91/60,0,0,0,1,4,-7,6,1,6,-7,2,-8,0,-6,0,5,-4,4,-10,-12,-16,8,0,3,-19
-9/85,0,-3,0,-5,-2,-5,-2,1,-8,3,-5,-5,-6,4,2,6,-9,1,12,-9,-2,11,-15,-14,-2
1/85,0,2,0,0,4,0,-2,-2,-3,3,-9,11,-6,10,-4,-7,-7,6,-12,3,-10,11,-4,-2,8
64/29,0,-2,0,0,2,-5,5,-2,-8,-6,1,6,-7,4,-2,-3,9,5,5,10,-1,2,6,-15,2
59/33,0,0,-3,1,-2,2,-4,-2,-4,6,-1,10,6,8,-4,-7,-12,-3,5,3,-6,-16,-15,1,8
10/11,-1,-2,0,1,-2,-5,-3,-2,-8,6,0,10,0,4,-6,-2,-7,5,2,14,-2,5,-3,6,18
81/85,0,0,0,-5,2,-6,-2,1,6,5,8,-8,0,2,-6,-12,0,-4,4,-3,-11,-14,12,0,13
79/84,0,0,4,-5,4,4,-5,-2,-6,6,-5,-5,-3,-4,0,7,0,-8,3,-4,-6,4,-11,0,3
59/71,0,2,1,3,-2,6,2,-2,6,0,1,-2,-6,-10,-8,6,-12,5,8,4,-6,8,12,18,14
85/31,0,2,0,-5,4,-5,-8,1,6,0,2,6,-6,-6,-6,5,-3,-3,12,-5,-2,-15,-9,-12,-5
85/27,0,0,0,1,2,6,-8,-2,0,4,-6,-5,8,6,-11,-9,-7,6,5,-12,-6,4,16,0,2
-38/17,1,-2,0,1,-5,2,-2,1,4,-5,4,10,-6,-6,-8,-14,-4,-3,-2,-4,-1,10,7,3,-2
-49/43,0,-2,3,1,4,-5,-3,-2,-3,4,-1,6,0,-12,-8,6,-4,6,5,5,-2,-6,-16,3,1
67/6,0,0,3,3,-1,-1,2,1,-3,4,6,-2,-6,-1,11,2,-2,10,-5,16,1,-7,-4,-15,8
16/55,0,2,0,-5,-2,2,-3,-2,1,3,3,-2,-9,6,4,6,-2,8,4,-8,2,0,-1,-13,8
16/53,0,-2,-2,-5,-2,1,-3,1,-4,7,3,8,2,-10,1,5,-7,5,0,6,-2,-16,2,-14,-14
79/39,0,0,0,-5,-3,-2,-4,-2,-3,-4,6,-2,-7,5,-6,3,4,8,9,8,-2,4,0,6,-6
62/7,1,-2,0,-5,-5,6,-3,-2,-4,9,-10,-6,3,9,-3,-10,-4,4,16,3,2,-8,16,0,8
-85/18,0,0,0,-5,-1,-1,-8,1,-8,9,-4,-7,-3,-12,-8,6,-4,-10,4,-2,4,4,14,6,14
10/103,-1,2,0,1,0,1,-1,1,-8,-8,2,-2,6,-10,3,-11,0,8,11,-1,0,11,-4,6,-14
5/94,0,-2,0,-5,6,-6,-1,-2,4,0,-5,-6,-6,-4,3,-14,-7,2,8,8,4,-14,-3,-6,2
15/44,0,0,0,-5,-2,1,-1,1,0,4,-7,10,-6,9,-8,6,4,4,12,-15,-13,-15,4,1,-19
1/23,0,-2,-3,-5,-5,-5,2,1,0,-3,-9,6,6,9,0,-4,0,13,-14,-12,-2,10,-6,18,-18
-46/13,1,-2,-2,-5,6,-2,2,-2,-7,0,6,-2,4,-1,-3,-2,0,8,3,0,-6,12,4,-8,14
-44/31,0,2,2,-5,0,6,-4,1,2,6,2,-3,-4,-6,-6,-6,0,8,5,4,-13,1,1,-3,14
-4/39,0,0,2,1,-2,-2,-5,1,-8,-5,0,6,-7,-6,-8,-4,6,-7,3,13,-1,-14,0,2,-14
-98/67,1,2,4,1,-5,1,-3,-2,-8,-7,1,2,-6,8,0,1,-4,-13,0,-5,-13,-1,-3,3,3
-33/53,0,0,2,-5,0,-6,-4,-2,-3,-3,-1,-6,4,-6,-6,5,10,-1,2,-12,-6,15,3,-12,-2
-73/38,0,2,1,1,-2,-5,2,-2,1,-5,-7,8,-6,-4,-3,3,7,4,4,8,-11,4,15,-6,8
-69/34,0,0,2,1,0,-6,-2,-2,-7,0,-1,5,-5,-2,-6,0,-12,-4,4,-6,-1,-8,0,-14,2
-95/59,0,-2,0,0,-5,-5,2,1,-8,0,3,-1,-6,1,-6,1,10,-6,4,-1,12,-8,-4,6,-3
-44/17,0,-2,3,-5,0,0,-2,-2,-3,2,3,-2,-5,2,8,5,-10,10,8,-15,11,8,10,12,18
17/89,0,2,2,1,2,4,-8,-2,6,2,10,10,6,4,12,0,0,-10,5,-12,-11,-8,6,-8,-7
67/85,0,2,0,-5,4,-5,-2,1,-4,10,3,5,-5,-10,-7,6,8,-1,-5,8,-7,-7,1,5,-3
-100/79,0,-2,0,1,4,-5,5,-2,-3,-1,4,-2,1,4,-6,1,-1,13,-7,16,-7,-8,-4,-13,-2
-17/37,0,2,2,1,-3,0,-8,-2,3,4,1,-8,0,-4,0,-9,2,-10,-12,7,-10,-8,5,-15,-1
-5/17,0,-2,0,3,-5,0,-2,1,-4,-1,2,-6,-3,-4,-6,-12,-12,10,-3,5,-6,4,8,-4,14
-91/30,0,0,0,1,-5,-7,-1,1,6,-2,-4,10,-6,8,-2,-2,-1,0,4,16,11,1,-13,-7,2
-23/7,0,2,0,-5,-2,-6,-3,-2,-7,-4,1,10,7,4,6,-2,6,-10,-14,-4,0,-14,10,-4,13
-71/98,0,-2,-3,-5,4,2,2,1,-3,-5,1,2,-3,-12,0,6,-11,-11,8,-12,-8,8,12,0,16
-49/85,0,-2,0,1,0,-6,-2,-2,3,10,1,-7,-1,-4,-8,2,-14,4,12,-9,-13,-5,-12,6,-1
-44/79,0,2,2,1,0,-5,-3,-2,4,7,3,-1,-6,4,0,-3,6,-7,-12,14,-2,-8,17,-7,-5
-23/40,0,2,0,0,-2,1,3,-2,-7,3,-7,-2,2,-2,4,-2,-1,-13,3,-1,14,13,-3,8,9
-67/49,0,-2,2,-5,-1,-5,-3,1,-6,4,-4,-5,-9,-3,6,-4,0,4,-5,-9,-4,1,-7,-6,-2
18/13,1,-3,0,3,0,-2,-3,1,1,-5,1,11,-6,12,12,-12,-11,1,-11,8,-6,8,-16,10,3
35/27,0,0,0,1,4,-1,6,1,-8,-8,1,-2,-6,-2,4,6,6,8,-12,-6,-6,6,6,-6,-13
74/69,1,0,4,3,6,6,-5,-2,0,-5,0,-11,-4,-1,-3,-6,-9,0,4,-12,-4,1,16,-14,-2
-8/71,0,-2,0,1,4,1,2,-2,-9,6,6,-2,-6,-12,-11,6,0,-3,8,4,-6,0,10,-7,-2
61/94,0,2,1,-5,-5,1,2,1,-9,-5,1,-5,-4,-1,3,6,-1,-13,4,-2,11,-1,-16,-6,0
61/90,0,0,0,1,-2,-5,-6,-2,0,4,-8,-7,2,-1,4,-4,-2,-13,-8,4,10,-16,0,18,10
44/31,0,-2,1,3,0,2,-3,-2,-8,6,2,-2,-6,-4,6,-6,9,-1,-5,0,-13,-10,-7,-6,-1
87/61,0,0,2,1,0,2,1,-2,-3,-10,6,7,-1,-12,0,-2,-14,-4,11,-15,0,-10,12,-12,-18
-34/25,-1,-2,0,1,4,-5,-8,-2,2,2,4,-7,-6,8,10,-7,0,-7,11,-8,2,-6,1,6,-8
-17/14,0,-2,-2,-5,0,-1,-8,-2,3,-4,2,-8,-1,12,-3,1,5,8,-14,0,-6,12,-4,-3,2
9/43,0,0,0,1,-1,6,4,-2,-4,4,-2,-7,6,-12,-2,-3,7,8,10,-1,-6,15,4,-7,-6
-41/11,0,-2,1,1,-2,2,-3,-2,-3,7,4,-2,-4,12,8,-4,0,13,12,-15,14,8,12,18,-6
69/61,0,0,1,-5,2,6,6,-2,-7,2,-2,2,7,7,-6,-6,4,-4,-11,-4,0,-1,0,6,-9
-32/13,0,2,0,-5,2,-2,-3,1,-8,-7,10,2,-9,0,-8,-9,0,-5,3,4,-14,-9,-8,-6,-12
-29/14,0,-2,2,-5,4,2,-3,1,-6,-10,-5,11,-5,-6,-6,-11,0,-4,-12,4,4,-14,1,-8,13
-44/9,0,0,2,1,0,4,2,1,-3,-5,-6,-6,0,-10,-11,-3,2,1,-3,4,7,12,1,-8,5
-23/51,0,0,0,1,-2,2,-2,-2,-7,-3,10,8,10,0,12,-6,-7,-7,-7,15,0,-7,-7,-8,5
101/27,0,0,0,-5,4,2,2,1,6,6,-4,8,6,5,4,6,-1,1,-5,13,-6,13,10,-7,-7
29/23,0,2,-3,-5,4,6,-6,1,0,-10,-1,11,4,2,0,-9,-5,-10,-3,4,-11,-16,0,6,6
-26/37,-1,2,0,0,6,-7,2,-2,6,-2,6,-8,0,4,-8,1,2,-8,4,14,7,8,14,6,17
27/98,0,0,1,-5,2,0,-5,1,-6,9,-2,-2,0,-1,-8,6,-3,1,5,2,-6,4,-1,3,-18
23/98,0,2,2,-5,6,6,1,-2,-7,10,8,-2,-5,2,0,6,9,-1,5,0,-6,-7,-11,-1,6
-31/38,0,2,0,1,4,-5,2,-2,-3,5,-10,-1,-3,-9,10,1,-4,-13,10,13,0,1,16,-9,2
5/93,0,0,0,1,-5,-1,1,-2,-3,-2,2,-5,-3,-1,-8,2,-4,-3,2,-12,-2,5,-4,12,6
89/93,0,0,-3,1,0,6,-4,-2,-4,10,2,-6,2,-4,12,-6,-10,-7,8,-6,7,-6,-9,-13,10
85/93,0,0,0,-5,2,2,-8,1,-6,3,2,-7,-5,-4,6,-9,-4,10,12,8,-4,-8,-7,-9,12
-41/26,0,-2,2,3,0,-2,2,1,-8,-2,-6,-10,-4,-4,10,6,-3,1,12,16,-5,5,-3,-6,-2
36/95,0,-3,0,1,-1,-1,1,-2,1,3,10,10,4,-1,0,6,0,-10,-12,-3,10,-7,0,6,-14
3/32,0,0,1,1,0,6,1,1,6,4,3,6,0,12,0,-3,-4,2,8,-5,4,1,4,-17,13
5/37,0,-2,0,1,-3,-5,-3,-2,6,-8,6,-8,8,6,0,1,7,1,12,-4,-4,-7,4,1,8
-37/35,0,2,0,-5,0,-6,2,1,6,-10,-1,-11,0,-4,0,-7,6,-1,8,4,0,-4,-13,-14,7
-38/31,-1,2,0,1,0,-5,1,1,-3,10,2,-1,-6,-3,4,4,-14,-1,2,15,7,5,-8,-1,-14
-17/50,0,-2,0,-5,6,0,-8,1,-3,9,-10,-6,-4,8,4,1,-11,-8,12,9,14,15,-16,-8,12
-10/21,-1,0,0,-5,6,0,-5,-2,-3,2,2,5,12,4,-1,11,6,-1,-12,-4,-8,6,-3,-17,11
36/17,0,-3,-2,-5,2,-1,-2,0,-8,-8,-2,10,-3,6,-6,0,6,8,-3,16,2,-9,0,6,-12
94/13,-1,2,0,-5,-2,-2,-6,1,-3,-4,3,-6,2,4,-8,1,0,4,12,15,6,5,1,-15,1
24/5,0,0,0,1,4,2,5,0,4,0,3,11,0,-2,-2,-4,0,-6,12,3,14,5,6,-1,2
-18/23,1,-3,2,-5,-3,-6,2,1,0,5,1,5,-6,12,0,6,-14,-7,0,-4,4,5,1,1,8
-33/43,0,0,1,1,0,-5,-6,0,3,-5,-5,10,-5,-12,4,-6,-5,5,6,-12,12,1,0,-2,14
-42/71,1,0,-3,1,4,-6,2,1,6,0,4,2,2,4,4,-11,-13,13,5,4,7,8,4,-14,-5
-41/74,0,-2,0,1,6,6,-3,-2,-3,0,-7,-8,-4,8,-8,1,-4,2,2,-8,-7,2,2,12,14
-48/73,0,0,1,-5,-5,6,-3,1,3,7,-8,10,-3,8,6,-10,4,-8,-14,-9,-6,-14,6,3,10
-23/49,0,2,-3,-5,-1,6,2,-2,-7,0,-4,-3,-2,-9,-8,3,-1,8,-4,2,-6,8,-3,-6,-3
-27/91,0,0,2,-5,-1,-2,-3,1,0,6,-4,10,-6,1,6,-4,0,-12,1,14,4,-8,0,18,1
-51/73,0,0,0,-5,6,-5,-8,-2,-6,3,2,2,-2,4,0,6,11,-4,8,-8,-6,-16,12,18,-9
-25/33,0,0,0,1,-2,0,-3,1,-3,4,3,-10,-9,0,13,1,10,8,4,-8,0,8,-4,-12,10
-54/65,1,0,0,0,6,-2,4,-2,6,9,-9,-1,6,8,0,-9,-5,-6,-13,13,-11,-8,0,-14,-2
-26/31,1,2,1,3,-1,-7,2,0,4,4,2,6,-3,4,-11,-10,6,-1,-11,-12,-4,-4,-4,2,-3
84/17,0,0,0,1,-2,-5,-2,1,-3,6,-7,10,-6,-4,-11,-11,6,-3,12,14,4,-8,-13,-4,13
87/19,0,0,-3,1,-3,-5,4,-2,3,-10,4,2,-3,5,-8,0,-7,-4,-14,-4,-2,8,3,10,-2
85/18,0,0,0,1,0,-5,-8,-2,2,4,3,-2,-9,12,0,6,1,-10,12,8,-11,-14,-15,-14,-1
19/55,0,2,0,1,-2,0,-4,1,-4,9,0,7,6,-2,4,3,0,8,11,-3,-8,8,3,-14,-12
13/51,0,0,0,3,4,-7,-2,0,-8,2,-9,-6,-4,8,-6,2,-5,-6,-6,-8,-5,-14,16,0,17
-26/87,1,0,0,3,-3,-7,-3,1,-9,-6,-7,6,3,-6,0,1,-3,0,-14,6,6,-15,-1,-10,2
-15/101,0,0,0,1,0,-5,5,-2,2,4,-6,-7,10,10,-6,1,-10,1,4,-15,0,10,5,-1,-10
-8/67,0,2,2,-5,-2,-1,-3,-2,0,-5,8,-2,1,-7,6,9,4,-10,0,-1,4,12,-4,2,1
-57/31,0,0,2,1,-5,6,-6,1,-3,6,2,-6,-6,4,-10,-7,-2,13,4,-5,-2,8,4,-10,8
-37/9,0,0,3,1,-1,-6,5,-2,-3,-5,-1,-11,-6,9,3,6,11,-5,3,14,-6,6,-4,18,2
-71/17,0,-2,-3,1,-5,-5,-2,-2,6,-10,-7,6,8,7,-3,-2,0,-5,5,-12,-1,13,12,-2,17
-18/29,-1,-3,-2,3,6,6,1,1,-4,-6,-5,-6,-7,-9,2,-2,-11,5,11,-15,-2,6,-4,0,18
37/73,0,2,1,3,6,1,-3,-2,-3,4,-5,-11,-6,-6,-6,-2,9,5,-6,5,-6,11,7,-12,-3
46/77,-1,-2,-3,-5,-2,-6,1,1,-7,6,2,-2,12,-7,0,-10,-2,2,0,5,4,-15,1,10,-12
47/75,0,0,0,0,-3,-6,2,-2,0,9,6,-5,-6,2,-8,3,-14,0,5,4,7,-14,14,3,-1
-67/7,0,-2,1,-5,-2,-1,2,1,-4,6,8,8,6,9,-8,-6,2,8,-5,-15,-14,6,3,12,-2
-65/8,0,-2,0,-5,4,-7,5,1,1,10,10,-2,-6,12,-2,-2,-14,8,-14,5,-16,-10,2,3,-2
8/57,0,0,1,0,-3,6,1,-2,3,0,8,-6,12,-10,-3,-6,-2,5,4,15,-7,-10,6,-2,-6
-89/34,0,2,1,-5,6,2,-2,1,-8,-5,-1,-2,-6,1,-6,-2,-4,1,5,10,7,4,12,-13,2
-91/32,0,2,-3,1,-2,-7,2,1,6,-10,-6,5,-6,4,0,-9,4,2,5,15,-6,-8,3,5,-14
-90/29,-1,0,0,0,2,-1,4,-2,6,-6,-1,10,4,12,12,6,5,0,8,4,12,-6,3,0,-18
-41/62,0,-2,3,1,-1,-5,-3,-2,-9,-8,2,-7,-4,-4,-6,3,4,-11,-14,0,-2,10,-16,6,3
-4/35,0,2,0,-5,0,2,-3,-2,-3,0,1,10,4,-2,-11,0,0,-2,2,-12,2,15,0,-6,2
-87/44,0,0,0,1,-2,-6,-1,-2,-3,-10,1,2,-6,10,-3,-2,0,2,-12,3,-8,11,14,0,-8
-44/89,0,-2,1,0,0,-1,-5,0,3,6,3,10,2,-7,6,-10,-14,-10,8,-3,-5,4,6,-8,0
54/97,-1,0,3,1,2,-1,-3,1,-4,-5,-4,-8,6,-6,-6,7,0,10,2,4,2,-16,1,1,4
-43/92,0,2,4,1,-2,-1,-5,1,0,5,3,-8,6,-1,0,-9,-4,-11,2,6,5,10,6,6,2
-80/49,0,2,0,-5,2,-5,-5,-2,0,-2,1,10,-1,-6,0,2,1,-1,-11,16,-5,-15,-12,0,-14
-4/69,0,0,2,-5,2,6,-3,1,0,-8,-9,5,0,1,1,5,10,8,8,-1,-16,-10,-4,6,-18
-16,0,-2,2,-5,2,2,4,-2,3,9,0,-2,6,2,-11,-4,-4,-7,5,5,2,-16,-9,-4,-2
-79/5,0,2,0,0,-3,-5,-3,-2,-8,3,-5,7,-6,-4,-7,6,-2,-2,12,-15,0,4,12,0,6
-46/19,-1,-2,0,1,0,2,5,-2,-7,6,-5,-5,-6,2,12,-2,0,-13,-10,8,-7,8,-7,-1,11
-66/83,1,0,-3,3,0,-5,3,1,-3,-7,10,-2,6,-2,12,3,6,-6,4,14,-13,-8,-16,10,-9
-64/87,0,0,2,1,0,1,-6,1,-4,-6,-8,-2,6,-2,0,1,8,-5,4,6,-13,6,-9,-14,-8
-3/74,0,0,2,0,-5,-5,-3,-2,0,-1,1,-8,7,7,-4,-3,-4,-10,9,-8,-13,-16,-4,6,-7
-15/17,0,0,0,1,-2,-6,-2,-2,4,2,-8,-5,6,-9,-8,-6,-4,4,2,8,12,12,-6,2,-14
-61/68,0,2,-3,1,0,2,-2,-2,-3,7,-9,-8,-3,-6,-6,1,-13,-13,8,0,14,-16,-4,-16,-10
-56/83,0,-2,3,1,0,6,5,-2,-9,3,10,10,7,4,-6,-4,-3,-5,-12,3,7,-6,-16,-9,-2
3/38,0,0,4,0,4,2,2,-2,4,10,-9,-2,12,12,-11,4,-12,1,5,-1,-13,-7,17,12,-10
1/72,0,0,-2,-5,-1,0,-3,-2,6,-1,-4,10,-5,10,13,-2,-5,-4,-13,2,1,-4,14,12,-1
-67/96,0,0,-3,1,-3,2,2,1,1,0,10,10,-5,-9,6,0,-1,-10,-5,4,-7,-12,-3,12,8
-68/97,0,2,4,-5,-5,-6,-8,1,4,0,-1,2,-1,1,10,-4,-4,10,-10,0,-13,-5,0,-6,4
-5/41,0,-2,0,-5,0,-5,-4,-2,-3,-7,0,-2,6,0,10,-6,6,-1,2,10,-6,-8,10,1,14
-5/21,0,0,0,-5,4,2,2,-2,4,-8,4,6,-1,-4,4,-2,-9,-5,-10,-12,-10,4,-7,6,-5
-95/97,0,2,0,-5,0,-5,-6,1,0,-4,0,-7,12,8,-11,-10,10,10,10,-8,-16,4,17,-6,4
-20/87,0,0,0,-5,0,-5,1,1,0,-6,-2,10,0,1,0,-3,13,6,4,0,7,5,-16,-13,10
-20/89,0,-2,0,3,-1,2,6,1,-4,3,-5,10,3,-2,-1,-4,0,13,6,0,-2,-7,12,-8,-3
-19/86,0,2,4,0,-3,-1,5,1,3,3,4,-7,7,-12,4,1,-4,-1,4,4,7,-6,6,-6,10
-11/43,0,2,-3,3,0,6,6,-2,-9,6,3,6,2,-12,-6,6,6,-13,8,-12,-7,8,6,-12,10
-73/29,0,2,0,-5,6,-6,4,1,3,-6,-8,5,-4,-3,-6,-2,2,13,-2,0,-11,-7,6,1,-3
-29/9,0,0,1,3,0,-5,-1,0,3,-10,-1,-2,2,6,4,-6,8,8,-10,0,-1,9,4,-6,18
-54/19,-1,0,2,1,4,-5,1,-2,6,-5,-1,-2,-5,-1,-8,-2,6,-2,-12,12,-16,13,12,6,-18
-81/4,0,0,0,1,6,-1,4,-2,-4,4,3,2,-1,-12,-6,1,-12,-13,-12,-9,-6,12,-4,0,-2
-83/4,0,2,-3,1,-3,0,-4,-2,6,4,10,10,10,4,-6,3,0,2,4,-12,14,8,0,0,1
83/71,0,2,-3,1,6,1,2,-2,3,6,1,-10,7,-1,0,-4,-2,8,11,4,10,12,0,-6,8
-48/5,0,0,0,3,0,-6,-3,-2,6,-7,-5,-7,2,10,0,-3,-14,-1,2,-9,-9,-7,0,-15,-3
-19/37,0,-2,0,0,0,1,2,1,-4,2,-6,-8,2,-3,-11,-2,-7,-3,8,-5,4,10,-16,5,14
-78/95,-1,0,0,-5,-2,-7,3,-2,-4,-5,1,-6,0,4,-11,3,-4,8,-12,11,12,-5,-1,-1,2
-77/97,0,2,2,1,0,4,6,1,-8,4,-10,-11,-6,-10,6,-6,-4,2,-11,9,12,5,4,0,4
-83/71,0,-2,0,0,-5,2,6,1,-6,6,-1,-2,2,-6,3,6,6,-2,4,4,-9,1,0,1,-10
41/7,0,-2,0,-5,0,-5,4,-2,-9,10,-4,11,-4,-12,-4,4,0,10,8,13,-13,-6,-16,6,-10
83/14,0,2,-2,-5,-1,-5,6,-2,-3,-5,8,6,3,4,-11,-10,10,-10,-2,-5,-7,5,0,2,8
97/30,0,0,0,3,0,-5,2,-2,0,10,-9,10,12,-10,-2,-7,-7,-4,12,-12,7,-16,4,-10,8
38/79,1,-2,-2,-5,0,6,2,1,-3,-5,0,-2,-6,-1,4,-4,-2,-11,-14,-1,-2,-8,1,-17,-3
43/79,0,2,2,-5,4,-5,1,1,6,7,-1,-5,0,-1,0,2,-9,0,8,-9,10,-8,10,-16,12
40/79,0,2,0,1,0,2,3,-2,0,-3,6,-2,-6,-4,1,-4,-2,-1,3,3,-2,-8,-16,0,-8
-11/28,0,2,0,-5,0,2,3,-2,3,4,-1,-6,-5,4,-6,6,10,2,-12,4,-13,8,-7,-8,-7
-32/85,0,2,0,3,4,2,-2,-2,-8,4,-10,-11,3,-9,8,0,-13,-10,16,-3,2,10,-9,-17,6
-7/17,0,2,1,1,0,-5,-2,-2,-3,5,4,-2,-7,6,-10,-4,0,-8,-4,-9,2,-14,-4,18,10
-16/43,0,-2,0,-5,4,-1,-6,1,-3,5,-5,-7,-2,-12,-1,-2,0,6,5,-15,-14,0,-12,-12,2
79/41,0,-2,1,-5,-2,6,-3,0,-8,0,3,6,6,-4,-4,6,6,-12,8,3,4,4,-3,2,-4
-25/22,0,-2,0,3,-2,1,6,-2,6,4,-1,2,-6,-10,2,-3,8,-1,10,-2,14,2,-7,10,1
-47/5,0,-2,0,1,2,2,5,1,-3,-5,3,6,-9,-4,-8,-11,-13,-2,11,3,0,11,3,6,-7
-51/8,0,0,2,-5,2,-5,-8,1,6,3,-9,2,8,10,0,-10,0,2,-12,9,7,4,-6,0,-6
84/95,0,0,0,1,-5,-5,2,-2,-3,-2,3,-8,-6,4,6,-6,6,13,10,-15,-8,8,0,-17,3
63/10,0,0,0,1,-2,-5,-3,1,0,6,-4,-5,0,4,7,-3,-12,-10,3,8,1,-9,-16,-6,-6
65/8,0,2,0,1,-3,-7,-5,0,3,3,3,-7,3,6,8,6,6,4,4,-4,1,0,12,-12,-1
18/71,-1,0,-2,-5,0,1,-5,1,-3,-5,-6,-1,-6,8,0,-3,-9,10,4,4,2,-8,-16,-9,9
-31/30,0,0,0,1,-2,0,6,-2,1,-1,-10,-2,-6,4,-6,6,6,10,16,6,-5,-8,14,0,-3
-46/3,-1,0,3,0,-2,0,-3,-2,-7,-2,-9,-10,-6,10,-11,2,-12,-1,2,-9,7,10,-16,6,-7
-75/44,0,0,0,0,-2,4,4,1,-8,-3,1,-2,6,7,0,-4,4,13,-8,-1,-5,15,-3,18,5
-27/28,0,0,0,-5,-5,-6,-3,1,-3,-1,-5,-2,12,-10,0,-3,0,-5,12,-9,-4,1,12,12,-3
41/32,0,2,0,-5,-2,-1,2,1,6,-2,1,2,-4,12,-6,1,7,8,-6,-15,1,-16,-1,4,7
47/90,0,0,0,1,4,-5,-5,1,3,-4,-5,5,-1,-6,-8,9,-4,-4,4,3,4,13,3,0,12
-30/43,-1,0,0,-5,0,6,-3,-2,6,-7,-9,-3,7,-12,-11,1,-12,-8,0,6,-16,-10,-7,6,3
-59/84,0,0,1,-5,-5,2,-3,-2,-6,10,1,-7,8,12,4,-12,-12,10,-12,-12,2,-1,-4,-7,0
-4/77,0,2,-3,-5,-2,-5,-4,1,3,-5,-1,10,8,-4,-7,-2,-13,-2,3,16,1,0,10,-6,2
-5/77,0,-2,0,-5,-2,-5,1,-2,6,6,1,5,-6,5,8,-6,5,8,12,-5,-2,8,-5,-15,8
-11/80,0,-2,0,0,0,2,-4,1,-4,3,-1,6,7,4,-11,-2,-11,-12,-14,5,2,5,0,-1,1
-68/21,0,0,2,-5,-1,4,-8,1,3,2,-9,-3,4,8,-8,-9,1,-11,5,-12,4,13,12,-6,14
-69/22,0,0,-3,0,-2,2,-1,1,-7,3,10,-8,-5,5,-8,-11,-2,-3,8,4,5,-7,0,6,2
-43/34,0,-2,-3,0,-5,-6,-2,1,-8,5,-9,10,-6,-1,0,3,6,6,3,3,2,-16,-7,-12,-2
35/48,0,0,0,1,2,2,5,-2,2,4,-9,-7,-6,8,-6,1,-4,2,2,-4,2,-10,12,-13,-18
65/94,0,-2,0,3,0,-7,5,-2,-8,4,3,-1,-7,6,3,0,4,4,9,13,-2,-8,2,-10,2
-96/55,0,0,0,-5,-2,6,-1,-2,-4,5,-9,10,12,6,-6,-7,-12,10,10,0,-2,-1,4,1,-6
-79/95,0,2,0,3,2,1,-3,-2,1,4,2,6,6,-3,-6,0,4,-5,9,-9,-1,4,-4,18,13
-40/47,0,2,0,1,4,-5,-1,1,2,4,-9,5,-9,4,3,6,8,1,-12,-12,4,10,6,-4,9
-46/15,-1,0,0,3,4,1,-5,1,-7,-3,1,6,0,-6,3,-14,0,10,2,-12,-2,0,-3,1,-2
-101/43,0,2,3,-5,-1,-5,-6,-2,-8,0,-1,2,-1,-12,6,-4,0,-1,2,6,4,-5,7,-17,17
-98/43,1,2,2,1,6,-5,-3,-2,6,6,-4,5,-2,-12,2,-2,-4,-10,-12,-15,-1,-6,-16,6,-5
-95/42,0,0,0,-5,0,1,2,1,6,6,-4,10,4,4,11,0,6,-1,2,15,6,-4,0,-12,10
61/88,0,2,-2,3,-2,2,-4,-2,6,5,-7,10,-6,4,-3,6,-2,-13,4,-3,-2,-7,3,10,-2
60/89,0,0,0,-5,4,-1,5,1,-8,4,4,-8,8,4,-6,-4,-2,1,4,-4,2,5,10,-8,-3
91/29,0,-2,1,1,-1,-7,-4,-2,-9,-6,2,-2,-4,9,-6,7,-1,2,-14,-4,14,5,4,-12,-2
89/29,0,2,0,-5,0,-5,-5,-2,3,-6,-6,-8,0,4,-3,-2,4,-8,-3,14,-16,-16,14,-13,-4
-45/29,0,-3,0,-5,-2,4,-4,1,0,-6,2,8,-6,4,-4,-3,-9,8,-3,6,11,13,-5,-14,13
-47/32,0,-2,1,-5,-2,1,5,-2,-3,2,0,10,4,8,-8,-4,0,-4,2,5,-13,0,-3,6,17
-78/59,-1,0,-2,1,0,-7,2,1,-8,0,-9,-7,2,-2,0,-10,10,-7,6,12,-5,4,-4,-3,-13
10/71,-1,-2,0,3,-1,-6,-4,-2,-3,5,-1,-7,-6,7,4,-4,-5,10,-5,4,10,-14,5,-9,2
97/45,0,0,0,1,0,2,5,-2,6,-8,10,2,-6,2,3,4,-9,13,5,-8,-14,-10,-6,-1,8
49/23,0,-2,0,1,4,2,5,-2,0,4,-8,-2,-5,-1,-6,-2,6,4,0,-9,-4,4,3,6,10
45/8,0,0,0,3,4,-5,6,1,-4,-7,-7,8,12,7,-6,0,-4,5,-7,11,-11,10,-3,-9,11
38/23,1,2,4,-5,4,-1,6,1,0,9,3,6,-9,7,-6,-2,10,0,9,0,-13,15,-7,-1,14
41/23,0,2,2,3,0,-5,-3,1,0,-1,-1,-2,-4,-1,-8,-9,-14,-5,16,-9,4,4,15,2,14
69/10,0,0,0,1,0,1,6,1,-7,-2,1,10,-1,4,0,-2,0,13,-13,0,-13,8,-6,-6,17
-19/30,0,0,0,0,6,-5,-4,1,-8,10,10,-2,-9,-6,-4,-10,-2,8,8,-12,-2,0,-7,-14,2
41/22,0,-2,2,1,-2,-6,5,0,-3,3,1,-2,-4,-3,-1,-6,-13,-10,12,-3,-1,12,3,-17,-3
8/49,0,-2,2,-5,2,-6,-3,1,6,-5,-4,10,-6,6,-1,-6,-9,6,2,3,4,-5,-16,-14,-6
-68/55,0,2,0,-5,-2,6,-8,1,6,9,1,-7,-6,1,-6,3,-7,-7,16,3,-14,8,6,0,9
-71/51,0,0,1,3,-3,-6,-2,1,6,-4,-4,-11,-6,-6,0,10,-9,10,-14,-12,-14,10,10,-12,13
-69/52,0,0,2,-5,-5,-2,3,-2,-7,-8,1,-7,-1,8,12,6,0,6,0,-15,-1,-8,8,-15,8
1/77,0,-2,0,-5,-2,6,-6,0,-8,-8,-4,-7,6,-10,7,6,8,-10,-3,10,-2,12,6,-12,2
-2/79,1,2,-3,1,6,4,-5,1,-3,6,-5,10,4,12,0,-14,0,-1,12,8,4,-8,-4,6,0
-23/39,0,0,3,3,0,-2,-4,1,-7,-10,2,10,8,4,0,5,0,4,10,-12,-14,10,0,6,-14
-79/93,0,0,-2,1,-3,-6,2,-2,-3,4,2,11,-5,-6,13,-6,0,-10,8,3,-6,4,-12,0,17
-37/45,0,0,0,-5,4,-1,-4,-2,4,3,-10,-11,-6,10,-8,-6,9,1,5,15,7,-7,-4,8,13
-32/35,0,-2,0,-5,2,-5,-6,-2,-3,3,1,-5,-3,-1,1,6,-2,-11,12,-12,-13,-6,10,-7,-12
-9/67,0,-3,-3,3,-1,0,-4,0,-6,0,1,5,-6,2,-11,1,-2,1,0,8,-10,-14,0,3,-7
-5/34,0,2,0,-5,2,2,-2,1,6,0,10,2,-4,5,-1,6,6,10,9,-4,-13,5,10,-10,9
-49/12,0,0,-3,1,2,2,2,-2,-8,-5,-1,7,0,8,8,6,-5,10,-14,-12,-13,8,6,-6,-2
-97/35,0,2,0,-5,-5,-5,2,-2,-3,-5,1,-6,2,-3,-8,-4,-11,1,-3,0,-5,-1,3,4,8
-97/37,0,-2,1,-5,2,1,-3,1,-8,-4,-1,-8,-6,4,12,6,-5,10,12,14,-11,-8,-16,-3,8
7/36,0,0,-3,1,2,0,6,1,-4,4,-1,-6,2,10,0,-4,-4,1,-12,0,-4,-7,-13,-15,12
19/71,0,-2,2,-5,2,2,6,1,-8,-8,-5,-1,-7,-10,-6,-14,-11,13,2,4,2,1,-10,-7,12
-75/13,0,0,0,-5,-5,-2,-5,-2,-9,0,1,-2,10,0,1,-3,-13,13,8,-4,14,10,0,-14,2
11/71,0,2,0,-5,0,-5,5,-2,-8,-5,0,-2,12,2,3,-11,-2,-13,14,4,-2,-16,4,12,2
13/69,0,0,0,0,0,-7,-3,1,0,-5,-2,11,12,-2,0,-10,0,0,0,6,2,-8,2,18,12
-42/47,1,0,2,1,0,4,-6,1,0,-5,-5,10,-3,7,3,9,13,-5,-2,5,6,4,14,-6,2
-29/31,0,2,0,1,0,0,-3,1,-3,-10,2,10,-9,-4,10,-4,-1,-5,8,9,-13,-7,3,6,12
13/46,0,2,2,-5,-5,-7,5,1,0,4,-5,-7,-3,4,1,3,4,-7,6,-12,-4,0,6,12,1
23/96,0,0,0,1,4,0,3,1,-7,0,10,5,4,-2,-6,1,0,-7,-3,-15,-16,5,6,-1,-9
71/15,0,0,0,0,-3,1,1,1,-8,-8,-9,-7,-7,10,7,-11,0,-5,-5,-12,10,-12,6,-12,2
-55/29,0,2,0,0,0,6,5,1,6,-6,3,-6,6,8,6,-2,-4,-8,2,4,14,4,2,-12,1
40,0,2,0,-5,4,2,-5,1,-8,4,-5,-2,12,4,10,-10,7,6,0,15,5,1,-16,-7,8
66/67,-1,0,-3,1,0,6,-6,1,-3,-5,2,-2,-6,6,-6,-3,8,-4,0,3,11,-9,2,-12,-18
-21/38,0,0,-2,1,0,-5,3,-2,-8,-5,-4,-5,-9,6,-6,0,0,-1,0,8,-4,-10,4,-16,10
-39/79,0,0,2,-5,0,-7,5,1,-8,2,-5,10,0,0,-8,-2,0,13,-3,12,7,-8,6,-6,18
-19/35,0,2,0,-5,4,-5,5,1,6,0,3,-6,10,4,-3,-14,0,-4,-12,9,-8,6,16,0,-12
-66/17,-1,0,0,1,0,1,-2,-2,3,7,10,10,0,1,0,1,0,10,11,-4,7,2,11,-12,3
3/86,0,0,-3,-5,-3,0,2,1,3,-8,-10,-6,-1,-12,-3,6,-10,-1,-2,-4,11,-8,11,-9,6
4/89,0,-2,0,-5,-3,4,4,1,4,-7,1,-7,-3,6,-6,-10,1,4,2,13,-2,-10,10,-8,-13
-26/17,-1,-2,-2,3,-2,-7,-2,-2,1,6,-2,-2,6,-6,-1,-2,-1,-11,-12,-5,4,6,-4,6,-18
-30/19,-1,0,0,0,6,-5,-6,-2,-9,5,10,2,6,-12,-6,-14,6,1,2,-9,-11,1,8,0,2
54/7,1,0,-2,-5,-2,-5,5,1,3,4,-8,10,0,4,2,-6,13,0,-2,8,-10,-4,-9,-6,-14
73/37,0,2,1,-5,6,-1,-3,-2,-4,7,2,-8,-2,4,-6,0,0,8,0,6,-11,-9,-4,-17,-5
52/15,0,0,0,3,-1,-7,-3,1,-3,-5,-1,8,-9,6,-11,9,-9,-11,4,4,2,-10,15,6,9
-56/41,0,-2,2,1,-3,4,-4,-2,6,-4,-9,5,6,7,0,-10,9,-2,-11,-15,-14,5,8,-1,8
-31/89,0,2,4,-5,-1,-1,2,1,6,0,-10,-6,-3,-1,0,-11,6,-10,4,-3,7,5,-4,-8,-6
-33/91,0,0,-3,-5,0,-2,2,-2,6,0,2,-7,10,4,7,-12,0,-1,2,13,-4,-4,2,10,0
31/32,0,-2,-2,1,-1,1,-1,-2,2,7,-10,-5,-2,2,0,-6,-11,2,1,0,-13,11,7,-15,-2
-603/2,0,0,0,3,-5,-5,-3,1,-3,5,-2,10,1,8,-1,6,8,8,-5,-3,2,-8,6,-13,-18
-601/3,0,0,-2,-5,4,6,5,1,-4,6,-9,-10,8,1,11,7,6,-5,5,-5,-2,-16,2,-12,16
-100,0,-2,0,-5,6,-5,-6,-2,-3,4,-2,10,2,1,0,-10,0,-8,-10,12,2,-14,3,9,9
-17/23,0,-2,4,1,4,2,-8,-2,0,-1,6,-7,7,10,1,2,0,2,10,-12,-2,6,3,-3,14
-36/49,0,-3,0,-5,2,6,4,-2,3,-2,-4,-10,6,4,-3,10,0,-5,-12,-3,-10,-4,4,-10,-2
29/70,0,-2,0,-5,6,4,-5,-2,2,-10,1,10,-6,-6,0,3,1,-2,-12,12,-10,9,0,5,-2
13/34,0,2,3,0,-1,-7,-2,-2,-4,7,-7,-2,-5,-9,-8,-4,6,-13,4,-2,4,-6,-15,3,13
-15/32,0,0,0,-5,-3,-5,3,1,2,-3,4,-2,-4,-6,2,-2,0,8,-3,5,-5,0,16,8,18
22/13,-1,2,1,1,0,-2,2,1,3,-3,4,5,6,2,-6,6,-4,-6,-8,6,-6,4,-16,6,2
-74/9,-1,0,2,-5,-3,6,2,1,6,-3,-5,-11,10,6,0,-11,0,-1,-10,-9,-13,-1,11,18,-5
-63/10,0,-3,0,1,0,-5,-4,-2,-9,3,3,11,1,-2,0,0,10,5,-10,-2,-16,-8,12,-3,-2
-58/9,-1,0,0,1,4,-5,2,1,4,-10,-4,-5,-4,2,-1,-4,-10,2,12,-9,10,10,9,4,-10
33/91,0,0,0,-5,0,-2,2,1,-3,4,1,-2,-1,-2,0,3,-7,-13,6,0,11,-1,10,18,2
97/17,0,-2,0,1,4,-5,-2,1,-8,-2,-9,-10,6,12,8,-10,-14,8,14,-5,-4,-16,-1,6,8
-39/11,0,0,2,1,-2,-7,5,1,-3,6,10,-7,-4,8,12,-3,0,2,12,-12,12,0,-6,6,8
-75/43,0,0,0,1,0,-5,2,1,6,-4,8,-1,-3,-12,0,-12,0,0,12,-12,-10,8,-10,5,-1
-33/20,0,0,0,-5,0,6,-5,1,3,2,3,-2,6,-2,-6,-3,0,8,-6,13,-13,4,-13,-6,11
-70/39,-1,0,0,1,-2,-2,2,1,6,6,1,10,0,-3,0,-7,13,-10,-5,-15,-1,-10,-4,-12,-18
-43/49,0,-2,3,-5,0,2,-3,-2,-3,-5,-1,10,10,-1,4,-10,6,1,4,-15,-2,-1,-10,-6,10
-85/98,0,2,0,-5,0,6,-8,1,-3,4,-1,6,4,-6,8,-14,0,10,-10,-8,-2,-14,4,-7,0
-62/9,1,0,3,-5,0,-1,6,-2,3,-4,-10,2,6,-6,8,0,0,-1,10,2,-13,5,12,3,2
-23/15,0,0,0,-5,0,-5,2,0,-7,-5,0,5,-3,6,7,-6,-13,4,-14,-5,-5,4,-6,-7,-10
-64/75,0,0,0,-5,6,-5,2,-2,-4,6,2,-5,2,-2,-6,-4,-2,-7,-14,5,-6,8,-3,-6,2
-38/67,-1,2,0,0,2,6,-3,1,-9,0,3,-5,6,4,-11,2,0,10,0,-9,-2,-15,1,-15,1
-40/67,0,-2,0,-5,-3,-6,-5,1,-4,-7,1,10,-4,2,0,-3,-1,8,0,-8,-2,-15,-13,6,13
-59/26,0,-2,0,-5,6,-2,4,1,3,10,10,10,-3,-4,8,0,-12,2,9,3,12,-4,12,-17,14
-45/94,0,0,0,1,0,4,6,-2,1,-4,8,10,0,-9,3,6,-12,1,-12,-9,4,-16,17,1,-6
-45/92,0,-3,0,-5,0,6,-3,1,0,7,-1,-5,6,-7,-8,9,6,10,8,-12,-1,13,-16,-6,-5
-81/8,0,0,3,3,4,4,-4,1,6,-5,8,10,-5,-4,-11,-4,6,6,8,0,1,15,2,-6,10
72/25,0,-3,0,-5,-1,-6,-4,1,-3,4,10,-1,6,-3,2,-7,-4,5,-13,5,4,8,10,-13,8
98/71,-1,2,0,1,-1,6,-1,-2,-8,-5,-10,6,1,-4,-6,6,0,-8,-8,4,4,1,0,6,-3
-62/13,1,2,2,1,-1,-2,1,1,-4,6,-10,10,-1,-4,-6,3,10,10,4,8,2,-15,-3,5,8
-61/10,0,-2,0,3,2,1,3,-2,6,7,-4,-2,-9,0,-6,-2,-4,-13,-7,2,-1,-6,12,-6,6
-56/17,0,-2,3,1,0,6,-2,1,-8,-3,-10,-7,6,-2,12,-2,-2,1,2,-15,-16,5,3,-12,13
-53/20,0,-2,0,-5,6,4,2,1,6,6,-6,2,-3,8,-8,-10,0,1,-14,-12,-16,8,-3,-4,-3
6/83,1,0,3,0,-5,-1,2,1,3,9,10,10,1,-2,-6,-11,-11,6,-14,7,-4,-4,-16,-9,3
10/33,1,0,0,1,-2,6,1,-2,-3,-5,-5,-5,8,10,12,-4,6,-13,-3,6,-4,-4,-10,3,-6
28/99,0,0,-2,1,-2,2,-6,-2,0,-5,0,-5,-2,-2,-6,-6,-12,-11,4,2,2,13,-4,-6,-18
-46/57,1,0,-2,3,6,-1,5,-2,-7,-5,3,-1,-2,4,-2,-3,8,-10,0,5,12,11,6,-3,14
51/16,0,0,0,0,0,-5,-8,1,-9,-4,-5,-11,6,-2,-8,-11,-4,8,4,0,10,0,-16,18,-12
-86/21,1,0,2,-5,0,6,-3,-2,-4,-10,-8,-5,-2,-1,0,-10,-12,-12,5,11,-2,4,7,10,10
-91/22,0,-2,-2,1,-2,-7,-4,-2,-4,9,8,10,0,4,0,-11,-1,1,-4,10,-10,10,12,-17,13
-17/41,0,-2,0,3,-1,4,-8,-2,6,4,-1,-2,6,6,-8,11,-3,-2,-10,5,-14,-16,12,4,0
89/82,0,-2,0,0,0,-6,-1,1,-8,-5,6,-7,6,-4,4,-2,11,-10,-11,-3,-4,-15,-16,-13,-6
43/42,0,0,1,-5,2,2,3,1,6,10,10,-5,-7,-1,-3,-2,0,-6,2,16,-6,13,0,12,-3
86/83,1,2,2,-5,4,6,-3,1,-6,6,1,2,-5,-1,12,6,-4,-2,-11,3,-10,-10,-16,6,-14
91/87,0,0,3,1,0,-7,2,-2,4,-6,-8,10,10,2,1,-6,0,8,16,3,-2,-4,12,-9,8
47/35,0,2,0,-5,4,4,-3,1,6,5,-10,-3,12,8,-8,6,-14,13,2,-7,-16,-6,-7,-12,0
96/71,0,0,2,-5,2,1,5,1,6,2,-8,-2,-5,7,-1,-4,1,8,1,4,-11,9,1,12,-18
-82/27,1,0,2,-5,6,-1,-6,1,4,-5,-5,5,-4,-9,6,1,-2,1,-14,-3,4,8,-16,3,3
-41/14,0,-2,4,-5,-5,4,-3,1,6,-3,8,-2,-4,4,1,6,10,-7,4,4,8,-10,0,12,-2
71/31,0,-2,0,-5,-2,-1,3,-2,2,0,2,-5,-6,-12,3,-14,1,-11,8,-12,-6,11,5,18,-3
69/7,0,0,2,-5,-1,-5,2,1,-7,3,2,-1,-5,8,-10,-2,0,-11,-10,8,11,10,-16,10,-1
68/7,0,-2,1,-5,4,-6,-8,-2,-3,-10,1,-2,-9,-2,-7,-10,10,10,3,14,-6,10,6,-12,-14
-32/3,0,0,4,0,-3,4,6,1,-4,0,1,2,3,-6,12,9,11,8,-10,4,-10,8,-12,8,0
-83/26,0,-2,2,3,-3,-2,-3,1,-8,-10,-4,-2,-1,9,-8,9,9,10,8,3,-10,-6,0,12,8
-81/22,0,0,0,3,-2,-5,5,-2,1,-3,-5,6,4,-4,0,6,4,-10,2,0,-16,4,0,2,17
-93/53,0,0,1,3,0,4,-3,1,-3,6,-10,-2,2,4,-6,5,6,-13,4,-4,-16,5,-4,-13,17
-21/8,0,0,0,1,4,6,-3,-2,2,4,-5,10,2,6,-6,-14,9,-1,4,-12,-2,12,-5,3,-6
-52/45,0,0,0,1,-2,-7,2,-2,2,-2,-1,-8,4,-6,-4,-11,-4,-10,12,-1,-2,-16,16,-6,8
-19/17,0,2,3,3,2,-5,-2,1,3,-2,-1,-7,2,4,0,-6,4,13,-8,-12,-4,8,-16,0,-6
25/54,0,0,0,-5,0,-6,2,-2,2,4,-2,-2,-3,-7,0,-2,-1,6,-10,-4,2,8,12,10,-1
-31/35,0,2,0,-5,-5,4,2,1,3,3,-10,-10,-6,4,-10,-10,0,-1,1,0,-1,8,1,-2,5
-65/71,0,-2,0,-5,0,-7,4,-2,6,-3,1,-10,8,4,7,6,-4,13,-10,4,6,0,-16,-16,-3
-35/13,0,2,0,1,6,-2,-3,1,-3,-2,-1,-2,8,4,11,-12,-1,2,-10,-15,-2,0,-4,10,-12
23/44,0,2,2,0,-2,0,-3,-2,-7,-5,-4,6,0,1,-6,4,-13,13,4,-4,14,-8,0,4,-18
23/45,0,0,0,3,-5,-6,3,1,-7,-2,-9,2,6,4,-8,6,-9,-2,-12,-15,-6,-16,16,0,6
-94/5,1,2,0,-5,-5,0,2,1,6,4,6,5,-6,8,-8,5,0,8,10,9,-11,-16,3,-9,8
44/91,0,-2,2,-5,0,-2,-3,1,6,4,-5,-7,-6,-1,2,6,0,8,3,14,-2,-9,8,-2,-2
49/88,0,2,-3,1,-2,2,2,1,-3,7,0,-7,2,10,-11,0,-1,2,-3,8,-1,-8,-3,-7,17
-96/19,0,0,0,1,6,2,2,-2,-3,-1,-1,-6,2,-1,6,-12,-13,-4,-12,-15,-4,-8,-3,6,12
-49/8,0,2,-2,1,0,0,-3,0,4,-5,-8,-2,12,-4,-6,-2,6,10,11,8,-8,-16,-4,-8,14
-12/95,0,0,0,-5,-2,2,-4,-2,-9,9,-7,-5,-6,-1,-6,-4,0,10,9,-15,10,-4,12,-6,14
-45/74,0,-3,0,0,-3,-5,4,-2,4,0,-10,-8,12,-10,8,5,6,-11,5,8,0,4,2,3,12
-59,0,2,0,-5,4,-6,-4,-2,6,0,3,-2,2,2,-6,7,-12,2,10,10,11,-11,-4,-6,-18
39/76,0,0,2,3,4,-7,1,-2,-4,6,-5,8,-6,4,6,-14,-3,-1,-2,3,-1,11,12,-12,0
36/77,0,-3,3,-5,-2,1,-3,-2,-6,-5,-8,-8,-6,-3,4,6,-2,-3,-14,0,7,-10,-16,-12,10
-15/79,0,0,0,3,0,4,5,-2,6,7,-8,-10,-6,-3,2,-4,-14,-4,-2,6,14,-8,3,0,-7
-11/40,0,2,0,1,0,0,4,1,-8,0,4,-2,-1,-6,-6,10,-4,2,2,-3,0,-8,-1,3,-6
-13/41,0,2,3,1,0,-7,2,1,-8,4,-1,-1,6,7,4,-11,6,-8,-10,-4,11,5,3,1,2
-68/19,0,2,2,1,0,-6,-8,-2,-8,4,4,-8,-6,-4,0,-6,-4,8,2,-9,-2,11,2,-15,8
60/11,0,0,0,0,-2,-1,1,1,6,4,-4,6,-9,-4,8,-2,-4,-4,2,-8,-7,12,5,12,3
-84/67,0,0,-3,1,-3,2,3,-2,-9,10,-1,-8,-7,-6,-8,7,0,2,0,-3,11,11,3,6,12
-34/19,1,-2,2,3,-3,1,-8,-2,-4,6,-1,-1,8,2,-6,-3,-4,-13,4,-1,-5,-4,-8,18,-12
77/2,0,2,2,1,0,-6,-3,-2,0,-3,1,-7,-6,-6,-6,0,11,13,-4,4,-13,8,16,-7,-9
-21/55,0,0,0,1,-2,-6,3,0,-3,6,3,-2,-3,4,-6,6,-1,8,8,14,11,-8,-7,-6,5
11/62,0,2,2,3,0,-5,4,1,-3,10,2,5,-7,6,0,5,-4,-4,4,5,1,-1,4,-15,8
-86/37,1,2,-2,1,2,-5,5,-2,3,4,-9,-8,-6,-1,-6,0,-1,1,8,-12,-6,11,10,3,10
-79/37,0,-2,-2,1,4,6,-6,-2,-9,4,1,-8,-4,-4,3,1,-7,10,-10,12,2,4,4,-16,-9
-7/69,0,0,-2,1,4,-5,-1,0,0,-7,1,-1,10,12,0,3,-7,-8,-12,-15,-14,-15,-4,-1,8
4/83,0,-2,0,3,0,-6,5,1,-4,0,3,-2,-5,-1,0,-2,0,-7,-14,-12,2,0,-16,1,-10
5/59,0,2,0,-5,-3,2,1,1,3,-4,10,-8,-9,10,4,-2,10,6,-8,-15,2,15,-4,-6,-14
5/58,0,-2,0,1,0,1,-3,1,6,-6,-1,10,-7,1,6,-3,-1,-7,-14,13,4,4,-10,10,-7
41/19,0,-2,2,-5,-5,-1,6,-2,3,6,-7,-2,-4,-6,0,-2,10,-2,3,-9,11,-7,-4,-14,2
41/21,0,0,4,-5,-2,2,-5,-2,4,9,1,-7,-4,-1,10,9,6,4,14,6,10,-4,-16,-6,13
83/41,0,2,0,0,0,-1,1,1,3,3,1,-6,6,1,0,-10,-4,-1,8,8,-4,-15,0,9,8
91/17,0,-2,-3,1,2,-7,-2,1,0,3,-5,8,2,-6,-2,-6,-4,-7,-10,-12,8,-12,1,3,-3
25/77,0,-2,0,-5,-2,2,3,1,2,-5,3,5,-5,4,10,6,4,13,-5,13,2,12,-6,9,6
25/78,0,0,0,-5,-2,-2,5,-2,-3,2,10,-10,-5,-1,11,-3,-4,-5,5,-12,-9,-8,-16,-2,-18
-37/93,0,0,0,1,0,2,-5,1,-3,-10,2,-11,-3,8,6,-9,0,10,4,-12,-2,-16,7,-10,-12
82/99,-1,0,3,-5,-2,6,4,-2,-3,-7,-2,-11,-4,10,0,-9,4,-2,9,-12,-14,-6,3,-15,-3
-23/2,0,-2,2,1,4,-5,2,-2,-7,5,-10,10,8,-4,-8,-3,0,-10,-11,-12,-11,13,12,-6,10
43/19,0,2,-2,3,-3,-5,-3,-2,6,4,1,-8,7,-1,-6,3,-12,-3,-10,0,-11,-16,17,-1,-18
86/33,-1,0,2,1,-2,1,3,-2,0,6,3,-10,6,-1,8,-3,13,-2,-10,4,-10,-5,0,-17,-2
-20/81,0,0,0,1,2,0,2,1,2,9,3,10,6,-1,-11,-9,-12,0,4,-13,14,-15,10,0,-9
-25/82,0,-2,0,1,2,2,2,1,4,-4,-1,-7,6,-6,12,6,6,-12,-12,14,-2,0,-4,1,-14
-75,0,0,0,1,-1,1,-1,0,-8,-5,10,7,-9,7,11,-2,-4,2,-14,6,-6,-1,-3,-17,2
69/2,0,0,-2,3,4,0,-4,1,-7,7,10,-5,-6,-1,7,6,4,-13,12,-8,-6,-1,-4,6,18
73/3,0,0,0,0,2,6,-3,1,-3,-4,-1,-8,-6,-4,10,6,4,-13,-12,-7,-11,-7,12,12,-10
37/27,0,0,4,-5,-2,4,-6,-2,-3,-2,-1,-11,-6,4,-8,4,6,-2,5,12,12,8,6,0,-8
88/5,0,-2,0,-5,0,0,-3,-2,-3,-4,1,-7,-3,4,-6,9,0,-10,5,-6,-8,-6,11,-14,10
34/13,1,2,3,0,2,-2,-8,-2,-3,4,-5,2,-1,-3,-8,-4,0,5,-2,3,-13,13,15,-6,-2
-90/47,1,0,0,3,-2,-5,2,1,6,-3,6,-6,7,10,3,-3,-3,-4,4,-4,-2,9,-13,3,-2
-91/48,0,0,-2,1,-1,-7,-6,1,1,-5,-1,-7,4,10,-7,11,0,8,12,-15,2,15,6,10,-12
67/29,0,-2,-3,-5,0,-5,1,0,-3,-6,-9,-11,8,1,0,1,-4,-8,-5,-4,7,8,7,-6,-5
33/13,0,0,0,1,0,-2,-3,1,-4,6,-2,-1,-6,1,0,-2,6,4,0,-12,-11,12,12,-14,-7
-89/38,0,-2,-2,3,-1,4,3,-2,4,5,-5,-7,6,6,0,5,0,2,-3,6,-10,13,0,-13,-9
-87/34,0,0,3,3,-5,6,-2,-2,-3,-10,-6,6,-4,0,13,0,-1,-2,-13,-1,2,-8,-16,-1,14
-65/72,0,0,0,1,-1,-7,2,1,-3,3,-5,2,0,4,-6,-2,-1,-3,-10,0,-13,-7,2,-6,2
-63/58,0,-3,2,1,-5,-1,-3,-2,1,-6,-1,-10,-6,-1,6,-6,6,-5,2,5,4,-16,6,2,-5
-64/35,0,2,0,-5,-5,1,-3,1,6,0,0,-3,-6,12,0,-11,-12,6,-12,-4,-10,-8,8,6,8
13/16,0,2,3,3,4,-7,-3,1,6,0,-9,-2,-4,-4,8,-10,0,-6,-4,16,-13,-6,4,-15,10
54/25,-1,0,0,3,4,4,5,1,0,4,-1,2,-6,4,0,6,-4,1,4,3,-13,8,-4,-1,-7
-29/15,0,0,0,1,-5,-5,-5,1,6,-10,-9,-2,8,8,4,-2,-2,0,2,-4,-8,-15,-5,6,10
-19/79,0,-2,2,0,4,6,-5,1,-3,-4,-1,10,6,9,-8,-6,-2,1,11,12,7,-8,-9,-15,2
-18/79,1,0,-2,-5,-1,-5,2,-2,1,-3,10,2,1,8,4,3,4,0,-12,-15,-13,-8,14,-4,8
-36/7,0,-3,0,-5,0,-6,1,-2,6,0,8,-5,-4,-6,-6,6,-3,-5,-7,3,-6,1,3,-6,-5
-37/3,0,0,4,-5,2,-5,3,-2,-8,6,-4,-11,2,4,11,-4,10,13,-3,-15,12,-10,-3,0,8
26/29,1,2,1,-5,6,-7,2,-2,1,-6,10,-1,8,6,6,4,0,-5,1,6,-5,-15,0,5,-1
91/11,0,-2,4,1,-2,-7,3,-2,6,5,-4,-2,-6,4,-1,6,0,-11,9,-9,10,5,14,-4,17
31/4,0,2,2,1,4,4,6,-2,6,6,-10,-2,-6,4,-6,4,0,-5,-8,-12,10,9,-5,-6,-2
-3/77,0,0,0,-5,-2,1,5,1,4,0,6,7,-6,1,8,-11,9,-8,6,-15,-2,-4,-4,12,-12
-1059/4,0,0,1,3,-1,-5,2,1,-8,-10,-1,-7,-6,-1,-3,-10,6,2,8,-3,7,6,2,-14,10
-1055/3,0,0,0,3,-3,-5,5,-2,-3,-4,1,-1,-1,8,10,-4,6,0,16,-4,11,-4,-3,12,-2
44/93,0,0,-2,0,0,-1,2,1,-8,-5,2,2,-5,4,-7,6,-11,-1,-8,-1,2,5,2,10,14
22/47,1,-2,2,3,0,-6,2,-2,-4,-1,-9,-2,-1,2,3,-2,1,-10,11,3,-5,2,-6,1,2
-35/73,0,2,0,1,2,6,-1,1,-4,-5,-7,6,0,-4,-2,-6,10,1,4,-3,-6,-4,4,-6,0
-34/71,1,2,4,0,-1,1,-8,-2,2,9,1,7,-6,12,-4,-14,0,-5,8,4,-2,2,6,-10,12
-15/26,0,0,0,-5,6,-2,-3,1,6,-4,3,6,-6,7,0,-4,-4,-3,-12,-12,2,-4,15,0,14
-17/26,0,-2,-2,-5,-3,-2,-8,-2,6,-2,-1,-2,2,-6,-8,-12,-4,-6,4,4,6,-6,12,-12,11
35/33,0,0,0,1,-2,-5,3,1,-3,4,-6,-5,-1,-6,0,-6,0,10,-11,-4,-5,8,0,12,-2
-9,0,-3,0,-5,-1,-5,-3,-2,4,7,-1,-6,8,5,-6,-2,-5,-7,-8,0,2,-8,0,1,13
-23/37,0,2,4,1,0,-5,5,1,-7,-5,-1,-8,6,7,0,6,0,8,10,-9,2,8,-4,6,10
-25/39,0,0,0,1,4,-2,6,-2,-4,-5,-2,-1,-2,-6,6,-6,6,-2,-12,4,-5,8,10,6,-10
-43/73,0,-2,2,1,0,-6,2,1,6,4,-9,-1,2,-1,7,-2,0,10,11,0,-6,6,-11,18,2
-22/61,1,-2,-3,-5,0,6,-3,1,-4,-5,-1,5,3,4,13,-4,0,-4,4,14,11,-12,11,-16,14
33/28,0,0,0,-5,0,2,2,-2,6,-2,-1,-2,-4,9,0,-9,-3,0,-14,-12,7,-1,-3,-6,8
-66/29,-1,0,4,-5,0,-5,2,0,1,-6,-6,7,7,-6,-6,6,-14,-3,4,-9,-10,-1,1,-13,-5
-67/28,0,-2,0,-5,0,6,2,0,-3,0,3,-6,-7,-10,12,-4,-7,-7,-5,-12,10,-8,6,-16,8
11/17,0,2,-2,1,0,-6,-2,1,6,4,-4,-2,8,12,4,6,0,-2,2,13,4,4,6,3,1
65/44,0,2,0,0,-2,-7,5,-2,6,3,-5,-8,6,-2,0,-12,10,-4,10,13,-11,-10,3,10,12
93/95,0,0,0,-5,4,6,5,-2,6,-5,-10,-2,-5,-3,-8,-10,-3,-3,2,3,-2,-8,-5,-8,10
11/36,0,0,2,-5,0,-5,2,1,-3,3,-9,2,1,1,-8,6,-4,2,-8,3,-13,8,-16,18,12
49/22,0,2,2,1,-2,-5,2,-2,-4,6,-4,2,-3,-12,-10,1,-2,-1,-10,-8,-5,6,4,-14,14
-52/69,0,0,2,3,-5,-7,3,1,0,3,-4,-2,-5,-2,11,6,-12,13,-12,15,-1,10,-7,-3,-12
-54/71,-1,0,2,1,0,-5,3,-2,-9,6,-7,10,-1,4,-2,11,-7,-10,8,4,2,11,14,3,-7
-25/34,0,-2,0,-5,0,-5,-2,-2,0,-3,-6,5,0,-2,4,-11,0,-10,-14,-12,-4,-1,3,-14,-12
47/14,0,2,-3,-5,-5,-5,1,1,-3,6,1,-1,-6,12,-8,-2,6,0,4,-12,6,4,-10,-12,-18
97/13,0,2,1,0,6,-2,2,1,3,5,8,-5,-9,0,10,3,6,-7,-14,-1,-13,8,-10,10,8
76/81,0,0,4,-5,0,-5,5,1,4,-8,-10,-3,1,4,12,-11,2,10,8,7,2,11,4,9,-3
1/43,0,2,3,0,6,2,-6,1,-3,-1,-9,-1,12,-12,-6,-4,-9,-3,14,9,-2,5,10,1,13
-1/40,0,-2,0,-5,-2,6,2,1,0,0,-2,-8,-6,1,-6,-6,2,10,-4,5,-2,-7,10,6,-4
2/31,-1,-2,2,3,6,1,2,1,2,4,2,-8,6,8,0,-10,-2,-13,4,-15,-16,-8,-9,0,2
-18/25,-1,0,0,1,4,-5,-6,1,4,3,3,-7,0,-6,-6,0,6,4,-3,3,2,-14,6,3,8
-32/9,0,0,0,-5,4,-5,-3,-2,-4,3,-2,-2,-6,-4,-2,2,5,-2,4,8,-8,-10,0,-6,11
-98/25,-1,2,0,1,-3,6,-4,1,-4,10,6,10,-6,9,1,-4,0,6,-3,-9,1,-9,-3,-1,-1
46/67,1,2,0,0,-1,2,2,1,-7,-10,3,-8,0,2,0,-4,-5,6,0,-12,-6,-1,6,6,-10
-39/2,0,0,3,-5,0,-7,-5,1,-3,-3,-9,7,-6,4,-1,9,0,-4,-7,13,-2,-11,4,2,-19
23/43,0,-2,0,1,6,-1,6,1,-7,-5,-1,-5,8,-12,12,1,-7,-11,3,3,10,-16,-3,6,-8
47/77,0,2,0,-5,-2,-5,-4,1,-8,-2,1,-6,-9,4,-8,5,0,-8,8,6,7,8,4,10,-3
-23/18,0,0,2,3,-2,4,5,1,-7,10,-4,-7,-6,-4,0,-4,-2,-11,-6,11,6,1,3,10,-6
57/34,0,0,-3,1,-1,6,-2,1,-3,2,10,10,0,12,8,11,0,2,-3,-9,7,-1,15,6,8
63/23,0,-3,4,1,0,-5,-6,-2,0,-2,-9,2,-6,10,-6,-3,-4,10,-14,10,8,5,-4,-6,13
28/27,0,0,2,1,6,0,-3,-2,3,6,-2,-8,-9,4,-6,1,-11,1,8,-15,-6,8,4,12,10
51/26,0,0,2,1,6,-2,-8,-2,-8,-5,-9,6,0,4,7,-14,-11,-1,8,-9,-5,-5,6,12,2
5/49,0,-2,0,-5,-5,6,-5,1,-8,6,-6,-7,6,12,-4,0,-4,2,4,4,2,6,10,10,-7
-84/73,0,0,2,1,6,-1,1,1,6,-4,-4,-5,2,1,-1,6,0,-12,14,6,-6,-10,-4,18,1
-51/104,0,0,4,1,-2,-2,-8,-2,-3,-8,2,10,-9,4,6,0,-5,13,-6,4,6,-14,4,5,13
-55/97,0,-2,0,1,0,-6,5,0,1,0,-7,5,10,4,1,0,6,8,-10,-4,6,-8,12,-14,4
-49/100,0,-2,0,1,2,-1,3,-2,4,2,-2,-6,-5,-6,-11,6,4,-1,5,4,7,2,12,-6,-6
58/81,1,0,3,-5,0,0,5,1,-3,-10,-8,-2,-3,4,4,4,1,-1,8,8,11,-15,16,8,-12
31/42,0,0,3,-5,-5,-6,-5,-2,-8,-10,-10,-2,-1,-12,3,-6,0,13,-3,2,1,5,3,2,8
31/45,0,0,0,0,0,1,-4,1,-3,4,-10,11,-6,4,-6,6,-2,6,4,6,-10,-11,16,-15,-12
28/43,0,2,4,1,4,6,2,-2,2,-7,1,-2,-6,-12,10,6,-4,5,-3,-8,-10,-14,0,10,2
-88/67,0,-2,0,1,0,-5,2,-2,-8,4,2,10,6,-4,12,-10,0,4,0,3,-10,-14,8,6,-9
-69/16,0,0,0,-5,2,1,4,1,-7,-5,8,6,-4,-10,0,0,-4,8,8,13,-2,8,1,12,16
9/56,0,-3,2,-5,0,6,6,-2,-8,10,-1,10,-6,-1,2,1,6,2,-10,12,-13,-14,-8,-10,8
9/58,0,0,-3,0,-2,-5,5,1,6,-6,-8,10,2,6,-6,-4,-5,-6,4,2,11,-15,-4,-8,1
-17/87,0,0,2,1,2,2,-8,-2,6,-6,-1,-6,0,-1,0,-4,-9,-6,-5,14,-6,9,-3,3,-10
-1/64,0,-2,0,1,2,2,-3,1,4,-3,0,2,6,4,7,-10,-4,-11,12,-12,-13,-14,-1,2,2
-61/25,0,-2,0,-5,0,-1,2,1,0,-5,-5,10,8,-6,3,-4,0,-13,11,2,-4,4,16,-7,-13
-28/39,0,0,-3,1,6,-2,-3,-2,0,5,3,5,-6,8,-6,-6,-7,1,12,4,-4,-15,0,-12,0
-41/37,0,2,3,-5,0,2,-4,-2,6,9,10,-8,-4,-7,6,-2,-13,-4,-14,8,2,-16,14,0,0
-47/11,0,-2,-3,-5,-2,-5,2,-2,6,4,2,2,-2,2,-8,-3,4,1,-7,8,7,10,4,6,-1
-19/56,0,2,2,-5,-2,-5,2,1,-3,-3,-4,7,0,-4,-8,6,-13,10,8,0,11,0,5,12,13
-55/48,0,0,0,1,0,-5,1,1,3,7,0,-3,-9,-9,8,-9,4,-5,-14,-12,2,1,6,-12,-2
-103/6,0,0,-3,-5,-2,4,2,1,6,6,10,2,-6,4,3,-2,-4,-12,-14,12,10,4,12,2,8
-8/17,0,-2,2,1,2,4,-2,1,-3,7,-5,-6,-6,4,0,0,5,-7,-14,-1,7,10,-7,-13,-3
-31/68,0,2,-2,-5,-5,6,-2,-2,6,2,-10,7,-1,7,-7,-7,9,13,-5,-12,4,-12,0,-15,-5
59/89,0,2,4,1,-3,1,-6,1,3,6,-2,7,7,5,0,10,-12,13,1,16,-5,-7,-11,-8,-19
-41/75,0,0,0,3,-3,-5,3,-2,-4,4,-10,5,-4,6,0,-3,-4,-7,8,2,-5,-9,3,-2,-3
-64/55,0,-2,0,0,-2,-1,4,-2,-8,-7,10,-2,0,4,8,4,6,4,4,12,-7,-15,3,-14,8
9/20,0,-3,0,-5,-5,-5,2,1,-4,0,-6,-1,2,4,-11,3,10,8,2,12,10,15,7,0,-6
-87/43,0,0,0,-5,6,2,-3,-2,2,-10,4,-8,-6,-12,4,-2,-10,-2,-8,-15,-2,4,-4,-16,-6
-87/41,0,0,3,3,4,0,1,1,-4,-10,-9,-1,6,-2,-6,7,-1,-3,2,-8,-9,10,-3,10,-1
-44/23,0,-2,-2,1,0,-6,-3,1,0,-5,-8,-5,-9,7,0,-7,0,10,12,3,-11,-15,4,-8,-9
95/27,0,0,0,3,0,-5,4,1,6,-2,0,-7,-7,1,0,-2,-2,0,8,-12,-5,2,-6,6,12
73/8,0,-2,4,3,4,2,1,1,1,7,-9,5,-5,-10,-6,6,-10,10,5,-3,-11,-4,0,-6,9
37/4,0,2,2,-5,-5,-6,2,-2,-3,-7,8,-11,12,4,0,-6,-12,0,4,-4,2,-15,12,-1,-12
-29/41,0,-2,4,0,2,-5,-3,-2,-3,-10,-7,10,6,-10,0,-6,0,4,-7,-4,10,11,-3,-1,2
-55/79,0,-2,0,-5,0,2,6,-2,2,-2,0,2,8,-7,-6,-14,6,2,12,-1,-8,-8,-4,5,-6
90/13,1,0,0,0,-5,-2,2,1,4,-1,-9,-11,-4,4,0,-9,6,-5,-12,6,4,6,-3,10,-10
-81/40,0,0,0,1,-5,2,6,-2,6,3,-1,-5,12,2,0,7,-13,8,10,8,-1,4,16,6,-5
-37/5,0,2,0,0,0,1,-3,1,3,10,-5,-11,8,2,4,-3,2,-6,8,-3,-13,1,0,0,0
-53/3,0,0,1,0,0,-5,2,-2,-3,0,3,10,0,7,0,-10,-2,-5,-13,0,-2,8,10,10,2
13/14,0,-2,2,-5,0,-7,1,1,-9,5,3,-6,-9,-1,7,-3,6,10,2,0,2,-16,-16,6,14
-53/24,0,0,2,0,-5,6,1,1,-6,0,3,-11,6,-3,-6,-10,-11,2,-6,5,-1,-9,4,0,11
-55/21,0,0,0,-5,0,4,3,0,-6,-2,-8,-2,0,0,3,6,5,-1,-8,4,-14,8,8,6,10
74/51,-1,0,1,1,0,-5,-2,-2,-3,-4,-9,-11,8,4,-8,6,10,-6,-10,-6,-5,-16,12,-4,5
-72/35,0,-3,0,-5,0,-5,-3,1,-8,-5,-9,7,-6,4,12,-14,5,-7,11,-1,4,8,-3,18,17
34/91,-1,2,1,-5,-3,-2,-8,0,1,2,-1,10,-7,0,4,-4,9,-12,2,16,-4,8,-4,-8,9
-1/21,0,0,1,-5,-5,-5,-3,1,1,4,-4,10,-9,4,-6,-7,-14,1,5,-4,-16,-16,-11,18,-2
-35/97,0,2,0,1,-5,-5,1,-2,-6,4,1,-2,6,-9,-1,-6,2,8,-3,8,-7,-11,4,1,4
-36/97,0,-3,-3,0,4,6,2,0,6,-5,-1,6,-6,7,-6,-14,10,0,-4,-2,4,-7,-10,-7,4
33/89,0,0,-2,0,0,1,-3,1,1,-7,0,-2,-3,7,-11,-4,0,0,-14,-12,14,12,8,-8,8
35/86,0,2,0,1,6,-6,4,-2,-8,2,-9,-1,-3,-12,0,-6,6,8,5,15,14,-5,-9,6,-12
19/75,0,0,0,0,4,4,-1,1,3,-2,3,-5,8,-4,-8,-4,10,-6,-14,-1,2,-16,-3,-8,-6
-1/15,0,0,0,1,0,-6,-4,1,-8,-1,-6,-3,-4,4,0,9,-2,-13,-8,0,14,10,17,-7,-8
66/25,1,0,0,1,0,6,-3,-2,6,-1,-1,10,-6,-4,0,10,4,-10,10,0,10,-15,-11,-10,13
69/26,0,0,1,-5,0,-2,-6,1,-7,-4,3,-11,6,-6,6,4,-14,-1,5,-5,14,-9,-4,12,-2
32/21,0,0,2,-5,-5,-5,-3,1,3,-2,3,6,2,-2,12,0,-12,-3,-12,14,-9,6,4,-13,8
-5/22,0,2,0,1,-2,4,3,-2,-3,0,-10,-7,-3,4,11,9,7,-6,8,4,12,5,-11,6,-2
-27/50,0,0,0,0,-5,6,-1,1,-4,6,1,-2,-6,4,-6,10,5,13,-12,0,-6,-11,3,-1,-14
-85/21,0,0,0,-5,0,-5,-8,1,6,6,-2,-2,0,-2,1,-3,0,2,-3,16,11,10,1,12,-18
-55/61,0,-2,0,3,0,-5,2,-2,0,4,-2,11,4,7,-2,5,-2,-4,8,-15,4,8,-13,-3,-6
-29/40,0,2,0,-5,6,2,5,-2,-3,-10,-1,-2,-4,0,-11,6,6,13,12,-9,12,10,8,0,-10
-27/38,0,0,4,-5,6,2,-5,-2,1,-8,-5,-5,8,-7,-7,-4,10,-2,-14,-6,-2,0,-9,10,-6
103/91,0,2,-2,-5,4,-2,2,-2,1,-2,-9,-6,6,-12,0,-11,0,8,-14,14,10,0,-13,-3,8
99/94,0,-3,4,-5,0,6,5,1,-3,10,6,6,-9,8,3,-7,0,-5,4,6,-7,-8,15,0,-1
-47/59,0,-2,2,3,-1,2,-4,1,3,4,-9,10,0,-9,-8,-3,10,-12,5,-13,6,-9,-16,-1,-18
-49/59,0,2,2,1,4,-6,-3,1,-8,0,6,5,-5,2,8,3,10,0,3,-8,5,11,8,-16,-2
51/47,0,0,-2,1,2,-5,-8,1,-3,-1,-5,-1,-4,4,3,6,7,1,-12,-5,2,-8,8,-3,2
17/14,0,2,2,-5,-1,-5,-8,1,-6,-3,1,-7,10,6,-6,-7,6,-5,8,-4,6,0,12,-6,2
53/42,0,0,2,-5,-5,-1,-3,1,0,9,-6,10,-6,4,-6,-10,-12,0,-11,14,-8,5,2,5,9
-73/5,0,2,0,-5,-2,2,3,1,-3,-8,-10,-2,10,4,0,-6,11,-8,-4,8,-11,-4,12,-1,2
-35/4,0,2,0,1,4,2,-3,1,-4,9,1,-5,-7,4,-7,-2,4,1,10,13,2,10,9,-16,-1
43/12,0,0,2,3,6,-1,2,1,-8,-4,2,-5,-9,-1,-11,6,-4,1,8,-9,14,-16,12,10,17
-80/57,0,0,0,-5,-3,2,5,-2,-4,6,4,5,-5,-4,8,-11,7,-11,10,15,-9,0,-1,0,10
-77/61,0,2,3,1,0,1,5,-2,-3,9,0,5,-1,-2,-6,11,-5,-4,1,6,0,8,4,2,12
22/43,1,2,1,0,0,6,-1,1,6,3,2,-5,-1,-12,-6,3,4,1,-13,5,7,-1,-5,8,-1
-36/61,0,-3,1,-5,4,-1,-1,-2,-6,-5,-5,-2,-1,-2,-11,-9,2,-4,8,-9,-8,0,3,-17,8
-82/3,1,0,4,3,-1,1,4,-2,3,0,-1,-7,-4,6,-1,6,6,-12,-6,8,-13,8,-4,-14,-12
87/76,0,0,-3,-5,-5,0,-3,-2,-9,-10,-10,-7,1,6,-7,5,0,6,-12,-5,-1,8,-1,-3,-14
25,0,2,0,-5,-2,6,-3,1,6,-2,-7,-7,6,-4,0,-2,-7,2,8,6,-11,8,-4,2,-2
31/25,0,2,0,1,-2,-5,-5,1,0,3,-10,-5,6,9,12,11,0,-4,8,-15,-4,15,0,-1,-5
71/27,0,0,-3,1,-5,-6,-6,1,1,-5,-8,-8,-2,4,-6,3,0,10,8,-12,-2,9,-4,1,-7
7/39,0,0,0,1,-2,-2,5,-2,-4,0,-4,-7,-6,4,12,-4,-4,13,4,-1,-7,-6,8,-14,6
92/73,0,-2,1,-5,6,-5,5,0,-7,10,-1,-5,6,-1,-6,7,-11,6,6,-6,-6,10,-4,18,-14
49/53,0,-2,-2,1,-2,2,3,1,3,-2,-4,-5,4,6,-11,5,2,10,-12,-4,-1,5,3,10,0
89/71,0,2,2,-5,0,-5,1,1,6,-10,3,-3,-6,-6,6,-6,-4,-2,-4,4,-13,-14,4,-13,-2
85/72,0,0,0,-5,4,2,-8,1,-3,-2,-2,10,-6,4,0,-10,-2,2,-14,0,2,13,12,-6,-6
-25,0,-2,0,3,0,2,-4,-2,-8,-2,6,-8,6,-6,3,6,0,-11,2,-6,4,-8,-3,0,-7
93/41,0,0,-3,-5,-1,2,-5,1,-3,6,-10,2,6,-6,-6,-11,4,4,4,12,-1,-1,-7,-12,-6
31/48,0,0,-2,-5,4,0,4,1,0,2,-10,5,-7,-9,-11,-3,-12,8,5,-5,-5,8,1,0,6
85/23,0,-2,0,-5,0,0,-8,-2,0,10,2,5,-3,7,-6,-10,-2,-1,-13,11,2,-10,8,12,-19
-41/68,0,-2,0,3,4,-5,-2,-2,6,6,10,10,-4,-10,0,-9,-2,1,4,-12,-5,-8,8,-6,2
-57/16,0,0,-3,3,-3,6,-5,1,6,7,1,-2,12,-1,0,5,-3,-1,2,4,-16,6,9,0,-3
-53/8,0,-2,2,3,-2,-5,-3,-2,6,-8,-5,6,-3,12,7,-10,6,10,8,8,-10,-8,3,-14,0
-57/5,0,0,0,-5,-3,6,-4,1,3,-4,2,5,-6,1,0,-2,-12,13,-12,-4,-6,15,-8,3,8
32/89,0,2,0,-5,6,2,-3,0,-4,4,1,-8,4,-4,-7,1,4,-11,4,-4,-13,-4,-10,-8,-1
32/85,0,-2,0,-5,-3,6,-2,1,6,9,-9,10,-6,7,-2,-3,13,-10,-4,8,2,-14,-3,-10,13
-89/23,0,-2,3,0,6,-5,2,-2,0,10,0,-7,-4,-2,6,-11,-5,-11,-10,-4,12,-16,-4,-13,-2
48/13,0,0,4,0,-1,-2,2,-2,-3,-8,10,6,10,8,-3,2,7,0,-7,-15,-2,13,-4,6,-3
-39/47,0,0,0,1,0,-7,2,1,3,6,0,-7,-6,-6,3,-11,0,-10,-8,-6,-10,-14,-3,6,16
6/25,-1,0,0,-5,-1,6,2,0,-8,9,1,10,2,-7,-1,-6,-4,-2,11,15,7,8,12,18,8
-6/95,-1,0,0,1,4,-5,-3,-2,-8,0,-4,-2,8,7,0,-3,9,8,-6,8,-1,-8,4,-9,12
-1/91,0,-2,2,-5,4,-2,2,1,-3,6,4,10,8,-6,-11,1,10,2,14,-15,-6,10,3,6,-2
-31/10,0,-2,0,1,0,-6,-6,-2,-3,2,-10,-2,-6,2,7,-12,-5,-5,-14,12,4,5,-8,6,16
-66/23,1,0,-2,1,0,-1,-5,1,0,4,4,-5,-1,10,-6,-12,-4,-5,-14,8,-1,-1,3,-6,-18
-16/41,0,2,1,1,0,-5,2,0,-8,-10,8,5,6,12,1,3,-14,13,-3,-8,-8,8,1,-6,2
-44/81,0,0,2,3,0,6,5,-2,0,-5,-1,7,3,-1,0,-10,6,-2,5,-12,-2,-8,4,5,-18
-41/80,0,-2,0,-5,-5,6,5,1,-3,10,-9,-11,-4,-7,1,-10,-4,-1,-12,-4,2,11,6,12,13
-24/43,0,0,3,-5,-1,6,2,1,6,3,-4,5,-4,-12,12,5,-9,-10,12,-5,7,12,-9,-1,2
-29/2,0,-2,-3,3,-1,-5,5,-2,-4,-10,2,-8,1,8,6,0,-11,10,11,-3,2,8,2,-6,-14
-44/83,0,-2,3,1,0,6,2,-2,6,4,1,-6,-6,1,-1,1,1,5,-7,8,-2,5,-16,-12,-7
47/55,0,-2,0,1,-2,6,3,1,6,2,3,-2,-6,1,-8,11,5,1,1,-3,14,-8,-4,0,1
-71/45,0,0,0,1,2,6,-4,-2,6,4,6,-2,0,1,-8,6,-4,-12,2,-12,10,-8,4,-6,-13
3/67,0,0,2,1,-2,-5,2,1,6,10,-9,2,6,2,-4,-14,0,4,0,-4,-7,15,2,10,-19
-61/83,0,2,-2,-5,6,-6,2,-2,-8,-5,3,-7,12,-4,0,6,-1,-13,-14,-5,-1,5,-16,2,2
41/34,0,-2,1,0,0,2,-2,1,6,3,-2,10,-4,2,-2,10,-2,-5,8,8,14,8,6,-6,17
30/19,1,0,0,1,-5,-5,5,-2,0,-8,-9,5,12,12,6,-6,-14,13,-8,-12,5,12,16,2,2
-58/65,-1,2,0,1,-2,-2,-3,-2,-8,-10,-1,11,-6,-1,4,-14,0,10,-10,-4,11,11,-16,-6,8
-55/67,0,-2,0,1,0,-5,-3,1,-6,10,-1,6,-1,8,6,-3,-14,10,0,6,-13,-7,12,0,11
10/51,-1,0,0,-5,-2,1,-2,-2,6,4,4,-1,-6,-12,-4,1,-4,0,-8,-15,2,6,4,-12,-2
17/36,0,0,-2,3,-1,1,-8,0,-9,3,-1,-7,0,8,0,0,0,1,-3,-12,-10,-15,9,-6,-8
-18/89,-1,-3,0,1,-3,-1,-3,-2,2,7,-1,-2,2,4,1,-4,8,-13,-10,-8,-13,-10,16,-8,2
-35/71,0,-2,0,1,-3,-5,5,-2,-8,-2,3,-11,-2,12,-8,-3,-2,-1,10,4,-2,-9,-11,-12,8
-93/14,0,0,0,-5,-1,4,2,-2,6,-5,-10,5,6,8,6,-3,4,-4,-2,-15,7,8,2,-1,2
-95/16,0,2,0,-5,-2,1,-1,1,3,3,-9,8,-6,1,0,-14,-12,-11,8,-12,10,8,1,-6,-12
61/30,0,0,0,1,0,6,-5,1,1,5,2,5,4,6,1,-2,6,-13,0,-9,-13,6,6,-8,-12
-3/44,0,0,0,1,-2,0,5,1,-3,2,-9,2,12,4,2,6,6,-12,4,-12,-13,0,1,6,14
95/7,0,-2,0,-5,-5,-5,3,1,3,-8,10,-2,0,-9,-6,-10,6,4,11,0,4,-8,0,-9,-10
95/8,0,2,0,-5,4,6,2,1,-3,4,-1,6,-6,7,12,-2,0,-4,4,4,7,0,-3,-14,-5
24/43,0,0,3,3,0,-6,2,0,-3,10,-6,-8,-6,-12,0,-10,2,-10,4,-5,-2,0,-3,-4,2
14/13,-1,-2,2,1,4,-2,2,1,-8,10,-9,-2,6,7,-10,11,-4,-3,-12,10,2,-1,-10,-14,-6
91/45,0,0,0,1,-2,-7,3,-2,-3,6,-1,-5,-2,0,0,-3,8,-5,-4,-9,2,-1,3,6,7
-98/33,-1,0,1,1,-2,6,-3,1,0,3,-9,-1,-7,2,0,6,-9,8,-6,6,0,4,1,-10,2
-101/27,0,0,-3,3,-3,1,6,1,-3,6,-6,7,6,4,0,6,4,0,5,0,10,10,2,-14,-2
32/77,0,2,0,-5,-2,6,-3,-2,0,7,-4,5,10,-4,0,3,2,2,-12,6,-13,-16,-7,0,3
37/75,0,0,0,1,0,-5,5,0,6,0,1,-11,-3,0,-7,-11,4,8,3,-4,-2,8,0,1,-18
59/75,0,0,0,1,0,0,-5,-2,2,-5,-9,-7,2,-2,1,-12,-12,4,4,-12,-16,-5,0,3,10
64/7,0,2,0,-5,2,4,2,0,-9,-4,10,-7,2,10,0,7,-13,-3,9,-8,7,4,2,-8,6
74/13,1,-2,-3,3,-3,-2,1,-2,3,0,-1,-11,-6,4,-11,-9,-12,10,5,-9,-1,-9,-13,-10,2
71/12,0,0,-2,3,4,6,-3,-2,0,-10,-2,-7,2,12,4,6,0,-4,12,-12,12,0,12,4,-18
35/6,0,0,0,1,-3,-5,2,1,6,4,3,-8,12,-1,0,11,-2,10,-14,4,-4,-4,1,1,2
-48/49,0,0,-3,-5,0,1,1,1,3,6,10,5,0,6,0,0,0,-13,8,8,-13,-8,12,8,8
-3/65,0,0,0,1,-2,-2,4,1,6,-5,1,-7,-6,4,8,5,-4,-7,-14,7,2,-6,-3,9,13
61/21,0,0,0,-5,4,-6,5,1,0,-2,-4,-2,12,8,13,5,-9,-13,4,-4,11,13,-16,-16,16
-77/37,0,2,1,1,0,-6,2,0,2,2,-9,-8,8,4,-7,6,13,-5,12,6,-13,-16,16,12,-2
40/21,0,0,0,-5,-3,-5,-1,0,-8,-3,-9,-5,-9,-4,-11,0,-14,0,4,8,2,-10,-16,2,-2
44/21,0,0,2,-5,0,6,5,-2,-3,0,-1,-7,1,-2,4,-2,13,-1,-10,3,-5,-6,10,-6,3
63/46,0,0,2,1,-3,-1,4,1,0,-7,-4,10,-4,8,-11,-2,-11,13,-11,0,2,-9,-3,3,14
-10/31,1,-2,0,1,4,4,-4,1,-6,-3,2,2,-6,12,-10,-2,-4,2,11,-3,4,4,16,-12,-18
-53/93,0,0,1,-5,4,-6,-3,-2,-6,-2,2,-2,6,-6,12,-10,-2,-1,5,-6,-16,1,0,6,14
-31/40,0,-2,0,-5,4,-5,-4,-2,-3,9,-10,10,-1,-3,-6,-3,-12,10,4,2,12,-4,-4,-12,3
8/47,0,2,2,3,6,2,5,-2,6,2,4,5,2,4,3,-12,0,1,3,-9,-10,15,15,-1,-18
-61/34,0,-2,4,-5,4,6,-2,0,3,4,-8,-2,-6,4,-10,-10,0,-13,-8,-4,-10,1,6,0,-3
-58/35,1,2,0,-5,-3,-5,-1,-2,-4,-10,2,6,0,-6,0,-3,10,-5,8,-9,-5,-16,12,12,-3
83/4,0,-2,0,-5,4,4,-3,1,-3,0,-9,-6,-1,-4,6,-12,4,-11,11,4,-10,0,0,4,18
-52/5,0,2,0,-5,4,-7,-1,0,6,6,-6,-10,1,0,-8,-11,-7,10,10,-3,4,5,10,4,-5
73/18,0,0,0,1,-5,6,2,-2,-3,-2,1,10,6,8,-6,9,10,-5,12,-12,-11,4,-4,6,-1
-72/17,0,-3,2,-5,6,-5,-2,-2,1,-4,-1,10,3,8,10,-6,10,-1,-3,6,-2,-4,6,-6,-6
-34/79,1,-2,1,-5,4,-5,-8,-2,-3,-8,-4,-2,6,7,-6,-3,6,10,14,-12,-2,-8,-7,-9,18
-32/81,0,0,2,1,-2,4,-3,1,-3,6,-9,-1,8,9,-6,-2,-1,4,-5,-5,6,-16,-3,6,10
-63/43,0,-3,2,1,0,6,-1,-2,-8,10,10,-2,-4,-12,-1,-3,-11,8,12,8,4,-10,4,3,-12
-62/43,-1,2,0,0,4,-5,6,1,-3,-5,-10,10,10,-12,8,-6,-13,-6,-11,-1,-6,8,-3,-14,8
-55/38,0,2,0,-5,0,1,3,-2,0,10,2,-5,8,7,-6,-2,6,13,8,-12,12,-16,1,1,-1
-34/7,1,-2,0,-5,-2,2,-8,1,-3,7,-10,10,-6,-9,3,-11,6,8,-12,8,-5,-15,0,0,-5
-30/89,1,0,0,0,-2,0,4,1,6,3,1,6,6,4,12,6,4,5,5,3,11,-16,-16,-8,2
-34/93,-1,0,-3,-5,-1,-1,-8,-2,1,-2,2,-1,2,-9,1,-4,4,6,2,4,2,-8,-7,-6,-12
-1/78,0,0,-2,1,6,-2,2,1,-3,9,-4,-7,-1,2,-7,3,-9,1,8,-8,-1,0,-7,-10,12
59/2,0,2,2,-5,-1,2,-3,0,6,6,-1,10,8,12,12,1,-12,0,4,4,-16,-15,7,-6,-5
-76/65,0,2,0,-5,6,-2,2,1,-9,3,4,6,-1,4,2,6,0,-10,4,-5,2,13,-16,6,2
-80/67,0,2,0,0,0,6,6,-2,-8,-2,0,-7,-3,7,-6,6,9,8,0,8,11,13,2,-6,6
-57/79,0,0,2,3,6,-5,4,1,-3,-10,-2,5,-3,4,13,6,4,8,-8,5,2,-8,-1,12,-8
-56/79,0,2,0,1,4,-1,5,-2,-4,6,-10,10,-6,12,4,-10,11,13,0,-12,2,-8,-3,1,-12
-59/78,0,0,-2,-5,4,-2,-5,1,-9,9,6,10,6,4,0,-14,-12,-11,11,3,-7,15,4,-15,-14
11/91,0,-2,4,-5,0,-2,3,1,1,10,1,-2,-3,7,-8,-10,2,-7,8,-12,-1,1,0,5,-14
11/92,0,2,-2,-5,0,4,-3,1,0,-5,-1,-2,-6,4,-6,1,-1,-8,-2,-1,-10,6,1,10,-18
55/3,0,0,0,1,0,2,1,1,-8,0,-1,-1,8,-1,1,3,-4,5,4,12,-10,6,14,10,18
52/31,0,2,2,0,4,-7,5,-2,6,-8,2,-5,3,-4,13,1,-11,1,8,8,-8,-4,12,-9,-6
98/37,1,-2,1,1,0,1,-1,1,3,-4,6,-8,0,-2,6,-2,-7,10,16,-3,4,2,12,-12,12
99/35,0,0,0,-5,0,4,2,1,4,-7,8,-1,-5,-10,-6,4,0,-8,4,-2,-6,-8,-8,-10,-2
-9/40,0,-3,0,0,4,-5,1,1,-3,6,1,-10,8,10,-6,6,6,-3,12,-13,7,-10,4,0,-3
40/13,0,2,0,1,0,-2,1,1,-9,-5,0,5,-7,-1,13,0,0,-4,-10,0,4,-16,-1,10,11
-83/9,0,0,0,-5,-2,4,-3,-2,-3,2,-1,7,8,1,-6,-11,-7,-7,16,-6,-6,-10,0,-8,-14
-81/7,0,0,2,-5,-5,6,2,1,6,-4,0,7,1,-1,3,-6,0,10,8,6,-13,10,-4,-1,-6
21/53,0,0,3,1,2,-5,-6,1,-8,3,-1,7,-6,9,-6,5,-13,-1,-12,-1,2,-16,0,-10,10
-43/68,0,2,1,-5,2,1,-2,-2,-4,4,-4,8,1,-1,0,3,2,-11,1,9,-10,1,-4,8,3
42/43,-1,0,1,1,-1,-5,3,1,-3,5,10,10,12,-12,1,6,9,6,8,-12,2,-6,-4,18,-7
-24/23,0,0,-3,1,0,-5,-3,-2,0,-2,3,10,2,2,2,-9,7,-7,5,7,-4,-8,-12,2,-6
-17/81,0,0,3,0,-3,1,-8,1,1,-1,-10,-11,-6,-12,0,-10,0,8,-14,-7,-6,6,-7,1,8
-47/48,0,0,0,-5,-1,0,-1,0,3,-2,1,2,-6,-4,-8,2,-11,13,8,7,14,12,-7,10,9
70/79,1,2,0,1,-1,-5,5,-2,3,9,-9,2,-5,4,7,3,13,4,-14,0,-7,-8,-4,-15,2
71/79,0,-2,1,-5,0,-6,-3,-2,4,-7,6,6,-1,-3,0,6,-11,-3,12,-12,4,-8,0,-4,6
55/12,0,0,0,-5,0,2,-5,-2,6,6,-6,-7,6,-6,13,10,0,8,4,-6,4,-7,-3,10,18
96/19,0,0,2,0,-5,1,2,-2,-4,-7,1,10,-6,-3,4,3,13,-4,8,8,-2,-9,-16,1,-3
81/7,0,0,-2,-5,6,-6,2,-2,-3,-3,4,8,0,6,0,-14,-1,1,-12,12,2,5,0,-12,8
-76/31,0,-2,1,-5,4,1,2,1,6,7,2,-7,-3,6,10,6,2,4,-14,13,-6,-1,2,-14,-12
92/51,0,0,2,-5,6,6,-2,-2,-7,7,8,5,-6,4,0,9,0,-5,12,9,-1,-14,6,-1,-14
97/52,0,2,0,1,0,-2,6,-2,-4,-5,3,-8,6,-4,4,10,5,-8,8,7,-13,0,8,-3,8
-70/31,-1,-2,0,1,-1,6,6,-2,-4,2,2,-11,-9,-1,3,6,-4,1,16,5,10,-8,3,-10,-2
31/7460,0,-2,0,1,6,-5,4,0,-3,0,-10,10,-6,0,0,6,1,-7,3,4,-13,15,-8,-12,-7
31/7459,0,2,2,1,0,6,2,1,3,10,-10,-6,-6,12,0,7,0,-1,-12,-12,-13,-15,-7,18,16
12/2485,0,0,0,-5,6,-6,-3,1,1,-10,-8,10,-4,-1,0,-6,10,-7,-12,4,-6,-14,-4,10,2
10/2489,1,-2,0,1,4,-6,3,-2,6,-1,-1,8,1,-2,-8,1,-7,-4,12,9,2,-11,-16,-3,-12
-33/16,0,0,-3,0,0,0,3,-2,6,6,-9,-6,12,-4,-8,1,11,-6,2,6,-10,13,-8,10,-2
-45/7,0,0,0,-5,-2,2,-3,1,6,-4,-4,-7,-6,-12,0,-2,-2,-4,5,-12,-6,8,4,8,5
-47/8,0,-2,0,1,-5,6,-4,1,-4,-4,-4,-2,-4,8,-8,-2,-9,-6,-5,4,-13,-1,14,18,-14
18/79,-1,-3,2,1,0,-5,2,1,3,-4,3,10,0,-2,-6,6,-1,10,-14,8,-8,-8,-15,-1,8
15/82,0,0,0,3,-2,6,6,1,6,-8,-2,-7,6,8,1,-10,0,1,12,8,10,-5,0,-6,8
-95/87,0,0,0,0,4,2,6,1,-9,-6,-8,-11,-7,5,-6,-7,-12,0,-8,-12,2,-7,16,3,-6
61/72,0,0,0,1,-5,-5,5,1,-3,2,3,-7,-9,7,0,-10,2,-13,-4,-12,12,15,12,12,-13
62/75,1,0,0,-5,-1,2,-3,-2,6,3,-10,-7,-6,-4,11,-6,-13,-3,-8,-15,-2,2,5,-1,14
51/82,0,0,3,1,0,1,-8,1,3,9,2,10,6,-2,-11,-2,13,-1,9,-12,7,-4,1,-14,-6
17/27,0,0,4,-5,6,-5,-8,-2,6,-4,10,10,-1,8,0,-12,4,8,0,-13,-5,-6,-3,0,-6
-23/47,0,-2,0,0,4,0,-1,1,-7,10,4,-1,3,2,3,1,6,1,4,-13,-2,0,3,-15,-4
-35/53,0,-2,0,1,-5,-5,-3,1,6,6,-4,2,12,-6,4,5,-2,5,-5,-13,-14,-14,14,4,12
45/43,0,-3,0,3,6,-5,2,1,6,-8,-9,2,-7,-12,-8,-9,8,6,0,0,4,-14,12,1,-4
64/53,0,-2,0,1,-5,6,5,-2,-9,6,8,-8,-3,9,-8,5,11,1,-4,8,10,-9,1,6,-2
60/59,0,0,0,1,-3,1,3,-2,-8,-7,3,5,-6,-10,12,6,10,4,4,3,2,-16,4,-6,2
-39/32,0,0,-3,1,2,-7,5,1,3,4,1,-6,-6,2,-8,6,1,4,4,2,-11,10,0,0,8
-39/31,0,0,4,0,-2,-7,-3,-2,-8,-3,2,-7,6,-7,0,10,13,-3,-10,8,2,-6,-7,-15,-12
-79/61,0,-2,0,0,4,2,-3,1,3,6,8,2,0,-2,-6,6,9,-4,-12,-2,-8,4,12,6,-13
25/84,0,0,0,-5,-1,0,-4,1,-8,4,3,-2,-2,4,0,-3,0,-6,12,0,11,-5,-4,-6,-2
-4/4645,0,-2,0,1,2,6,3,1,0,-4,2,-7,0,-3,-8,1,-11,2,-8,-9,-10,-11,8,-8,11
-9/9289,0,-3,1,-5,4,-5,-5,-2,-8,0,-4,2,12,5,-8,1,-9,-5,-14,5,-7,-15,-4,-10,-3
57/7,0,0,2,-5,4,2,-3,1,6,-2,8,-11,-6,4,-6,1,-7,1,4,-13,-1,8,1,1,2
-12/49,0,0,-3,-5,-1,-5,-5,-2,-9,4,-1,7,-3,-2,0,1,-4,10,5,6,-8,-10,14,0,8
-13/48,0,0,1,1,4,-7,-1,1,-3,10,3,-5,-5,-4,1,-2,2,10,-12,13,14,6,-16,6,16
25/3,0,0,0,1,-5,-5,2,1,-6,-10,-4,5,-7,4,-8,-4,2,-10,14,-9,2,-10,4,-12,8
43/55,0,2,0,1,-2,2,5,-2,-3,-4,4,-7,1,-1,0,1,6,-5,-12,5,10,-4,-15,-12,-19
94/19,1,2,2,1,0,6,-3,-2,3,-5,10,-2,-2,-7,-8,-2,-11,-5,-8,-12,0,15,-3,8,-18
92/19,0,-2,3,3,2,4,6,-2,-7,3,-9,7,-9,-9,6,6,0,1,4,-15,-16,4,3,0,12
92/21,0,0,0,-5,4,-5,-5,1,-7,5,-4,-7,6,12,-3,6,0,10,8,2,7,8,4,10,-5
5/19,0,-2,0,0,-1,1,5,-2,-6,3,-4,-5,-3,-2,0,6,6,-10,-12,12,-2,10,15,8,17
43/20,0,-2,0,1,2,-5,2,1,-3,0,-9,-8,0,-1,0,-4,-9,-12,-4,-4,4,-10,-16,-8,-6
-76/39,0,0,0,1,-1,-2,6,1,-3,-2,6,7,-6,-10,-2,5,-4,-1,-12,6,0,6,8,-6,8
52/69,0,0,-2,-5,6,-7,4,-2,0,10,3,-10,0,4,0,6,-7,1,4,-9,7,-14,1,-6,0
-50/61,-1,2,0,-5,6,-6,6,1,1,6,10,8,-6,4,-10,9,0,-4,14,3,-13,6,-16,1,-1
43/13,0,2,0,1,4,-2,-6,1,-8,10,-1,-7,-6,-1,0,-10,-13,13,6,-9,-8,-14,6,-8,2
-26/73,-1,2,0,3,-5,-7,2,1,-3,-4,1,2,-6,4,-8,-14,-11,13,0,-1,-6,-8,6,9,-14
73/25,0,2,0,1,2,-5,1,1,6,-10,-2,-10,-9,2,-2,-9,0,-11,11,-3,-11,5,3,12,1
71/24,0,0,1,-5,0,2,5,1,6,0,3,5,8,4,2,-2,-14,-11,4,-12,11,4,4,-6,-6
20/101,0,2,0,1,6,0,2,1,-3,-10,10,6,-6,6,0,-6,-3,4,0,-7,-7,5,6,18,-12
-7351/33,0,0,2,-5,-2,2,1,-2,-8,4,-4,-10,-7,-6,0,-2,9,5,-10,2,-11,6,6,-15,-4
-7353/32,0,0,4,0,4,1,-3,1,3,3,-7,6,-6,-1,8,6,6,-7,12,0,0,-8,2,-7,8
-95/3,0,0,0,0,4,1,-3,1,-4,6,-1,-6,2,4,-11,-2,-4,-1,3,4,-2,10,-11,-6,14
7/44,0,-2,2,1,-2,-5,3,-2,6,3,-1,8,6,8,-3,-9,-9,-8,5,3,4,-16,4,18,8
17/87,0,0,0,0,4,6,-8,1,-3,-6,1,10,4,-6,7,-2,2,-5,5,-15,6,-6,-4,-6,8
-43/60,0,0,0,-5,0,-6,3,-2,-3,6,6,10,2,-1,3,10,6,1,-10,0,-8,-16,10,-14,-6
-45/19,0,0,0,-5,-3,6,2,-2,-8,3,-9,-2,-4,-6,4,-10,-4,-10,-3,-15,-1,-14,12,-3,-1
-59/93,0,0,-3,1,0,1,3,0,6,-3,2,-6,-6,-4,-8,6,-12,-10,9,6,-13,2,12,-1,2
60/29,0,0,0,-5,4,6,2,1,6,-6,2,10,-5,12,0,-10,6,-5,2,6,-13,-1,4,-9,-14
9/37,0,0,3,0,4,0,2,-2,-4,-5,8,-8,6,4,13,6,-4,1,6,0,-4,13,-16,-12,8
21/76,0,0,4,1,-5,-1,-4,-2,-8,-4,8,6,-6,7,-6,7,-4,8,-3,-12,-6,13,16,-8,8
-96/5,0,0,0,1,4,6,-3,1,-3,-2,10,-2,-4,-2,6,-6,2,-12,4,3,-4,5,-3,-1,2
-83/74,0,-2,-2,1,-1,4,-5,-2,3,6,6,-8,-5,-9,-10,-2,6,-5,-5,6,-5,-8,0,3,2
-80/73,0,2,0,1,0,1,4,-2,-8,3,-10,-1,-6,-1,-6,-6,2,8,2,-15,-6,11,-3,-8,-3
-29/99,0,0,1,1,-2,4,-3,-2,-3,-10,-8,-11,6,7,1,6,6,-10,-11,-3,-6,8,-4,6,-14
8/41,0,2,0,1,-5,-5,-5,1,-8,7,2,10,6,-3,-10,6,0,13,-3,3,-4,-14,-9,-6,18
20/21,0,0,0,-5,-1,-1,2,-2,-3,-5,-4,-2,12,10,8,-10,-11,8,8,8,-10,8,16,-4,12
-10/39,1,0,0,0,-1,-2,5,1,6,0,-1,-3,-6,0,1,-2,-14,1,14,-1,6,-11,-6,6,2
-68/45,0,0,0,3,0,-6,-8,1,-4,5,-10,-5,-3,4,1,-3,-4,-4,-11,3,-13,0,-4,3,12
95/93,0,0,0,1,0,0,2,1,-8,4,2,-2,-1,-9,-8,10,1,1,-12,0,12,8,2,0,5
-3/41,0,0,2,3,-5,-5,-6,1,-9,6,-5,11,6,1,-8,-10,0,-7,3,-12,4,-7,4,-9,-5
-70/47,-1,2,0,1,2,2,-4,-2,-4,0,0,-6,-7,-1,3,7,-2,-1,4,-12,14,-4,-4,18,-14
-69/50,0,0,0,0,4,0,4,1,-7,-4,-4,2,1,2,-8,-4,-4,8,10,5,-8,8,-5,-6,-3
6/61,-1,0,4,-5,-5,-5,-3,-2,-3,-7,-7,-6,-4,1,1,-2,5,-4,4,12,-7,4,4,2,-6
-22/71,-1,2,3,1,0,-5,-3,1,1,-4,2,-3,-7,4,-7,-10,1,-2,16,4,0,-1,7,-1,-3
71/16,0,-2,4,-5,-5,0,2,1,-8,0,10,-5,-9,5,0,4,6,-12,-14,-12,7,12,1,-13,9
70/13,-1,2,0,1,-1,-2,-3,0,-6,0,3,-1,-6,-12,6,-6,0,-8,4,-5,0,-8,12,12,-4
-14/41,1,-2,4,1,-5,-6,5,1,1,2,3,-2,6,8,-6,6,10,-10,5,0,-9,-4,-4,6,8
-30/23,-1,0,0,1,-2,2,6,1,0,-4,-9,10,-4,1,1,-3,-5,-13,-11,-9,-4,4,-4,-14,-5
-29/54,0,0,1,-5,4,-5,-3,1,-3,-10,1,10,2,-1,-11,-10,0,-7,16,8,-5,-7,11,10,-6
-81/97,0,0,0,-5,-1,-6,-5,-2,-6,-10,3,-5,-1,4,4,10,-10,13,11,13,4,8,9,-6,4
36/59,0,-3,1,-5,0,6,-3,1,-3,6,10,-2,-7,-1,-7,-10,10,1,-10,-12,7,-10,-16,-12,18
33/61,0,0,2,0,0,-5,2,-2,-6,4,-4,-1,6,4,-8,-10,-10,-4,16,-3,-5,-8,-16,0,13
77,0,-2,0,1,0,6,-4,0,6,3,0,-2,-5,5,-10,-10,0,10,-3,0,-6,-7,-16,6,-14
41,0,-2,0,1,0,0,1,-2,6,-5,1,-8,-4,-2,0,1,2,2,-12,-15,-6,-4,4,2,-3
93/74,0,0,3,-5,-1,-6,1,0,4,-2,-10,-8,-6,10,10,0,0,6,2,-15,-14,6,4,1,3
70/89,-1,-2,0,1,-3,-5,-4,0,-3,-4,-4,-2,10,4,-2,0,6,-2,-8,6,4,11,-9,-8,-1
-49/73,0,-2,-3,1,-3,0,2,-2,-3,-10,-10,-8,10,-6,-6,-11,-13,10,10,-5,-6,-1,-7,3,-14
-17/48,0,0,4,3,-3,2,-8,1,-8,6,1,-7,12,12,-10,-2,8,1,8,-8,11,-7,0,0,-14
-19/48,0,0,-2,-5,0,-5,6,1,6,0,-1,-2,8,-2,0,-2,-5,-7,12,6,-13,10,8,6,-18
-32/15,0,0,0,3,-2,2,3,1,0,2,-6,-7,-6,4,2,0,9,1,-3,-15,-16,1,1,18,-10
-34/83,1,2,0,1,0,2,-8,1,4,2,-1,-7,-9,4,-2,5,13,-13,5,13,-2,6,-16,1,17
-56/97,0,2,0,1,2,-5,4,-2,-8,-4,8,-8,12,5,0,6,-12,5,5,-9,2,-10,-11,-15,4
52/45,0,0,0,0,0,-7,2,1,-8,-2,8,-7,0,-1,0,2,-14,5,-11,-13,6,6,0,8,8
2/27,-1,0,2,-5,4,0,1,1,1,0,0,-7,0,8,8,-14,-9,1,-3,6,6,-16,16,-6,17
-92/49,0,2,2,-5,0,-1,6,1,-7,6,10,-2,8,10,2,-4,-2,6,8,14,-5,-10,1,1,-7
-5/2993,0,-2,0,-5,2,6,6,1,2,-2,2,6,6,-6,-11,4,6,10,8,0,-6,-1,12,0,6
-18/8981,-1,-3,-2,-5,-2,-1,-1,-2,-3,-7,-6,-11,8,10,11,-2,4,8,-14,7,2,4,6,-14,-6
-23/8977,0,2,2,-5,6,-6,5,1,-7,-2,-4,7,8,-2,3,6,6,10,5,4,4,-14,17,-9,-18
-16/73,0,-2,-2,-5,-3,4,1,1,-9,-8,2,-5,6,12,-7,-2,2,-10,2,4,-6,-15,0,-6,14
-6/35,-1,0,0,-5,0,-5,5,1,3,0,-1,-2,-6,4,-8,6,-11,-10,4,10,-6,-8,12,-13,2
-31/18,0,0,-2,0,4,6,2,1,-4,4,-10,-7,0,9,-6,5,-1,-8,-12,-3,-13,-15,6,-14,17
20/39,0,0,0,-5,4,-2,-3,0,3,-7,10,-5,-1,4,0,-2,4,-10,16,15,-13,12,1,3,12
25/4,0,2,0,0,0,1,-6,-2,1,0,-1,-10,0,-6,-6,1,-2,-7,5,-12,2,4,2,-4,-14
-35/66,0,0,0,1,-2,-5,-4,-2,0,0,1,-7,2,5,1,-12,-1,-12,-14,6,-9,12,14,-8,-14
43/48,0,0,0,1,0,6,2,-2,6,4,-1,2,-6,-1,-6,-6,0,1,12,6,-1,-4,5,2,10
-61/12,0,0,-2,1,4,-1,-6,1,-6,6,-9,6,-6,4,-6,6,9,-13,-10,-5,-16,-4,7,-14,12
-61/11,0,2,1,-5,-2,4,-3,-2,3,-4,8,10,4,-7,-7,-11,-4,-13,5,14,7,8,12,4,1
-85/22,0,-2,0,1,-2,-5,-8,1,-6,-5,6,10,-9,4,0,5,-9,-2,-10,-15,10,8,14,-4,-18
-87/187,0,0,1,-5,-2,-6,-2,-2,-8,-10,6,-8,-9,4,10,1,11,13,12,-4,-9,-16,-9,6,0
-28/43,0,-2,1,1,2,-6,6,1,-8,-1,-1,-7,0,-12,0,-10,-10,-10,9,2,4,6,15,9,-6
-96/37,0,0,2,0,0,-1,-6,0,-8,-5,0,-8,-3,8,11,-10,4,-13,-12,6,2,-8,6,-6,12
-36/77,0,0,3,-5,-2,2,-3,1,3,0,1,-7,12,-1,-6,-2,6,13,4,4,2,0,4,3,-2
2903/17,0,2,2,-5,0,2,-2,1,-8,6,3,8,-6,-10,-6,6,-7,8,4,-1,1,15,-16,-6,10
-93/70,0,0,0,-5,4,2,-3,1,-4,3,-10,2,-6,6,0,9,-4,-2,-5,3,-2,-16,7,-6,-2
34/21,1,0,1,-5,6,2,-8,-2,2,5,-5,-2,0,-6,-8,6,-2,8,10,3,6,4,-3,6,9
-71/15,0,0,0,1,4,2,-1,-2,2,5,10,-2,-9,-6,0,2,-9,6,5,-12,-9,-15,12,8,2
-70/17,1,2,0,1,-2,0,-2,1,0,4,-5,-7,6,-4,-6,0,2,-5,2,-6,14,1,0,4,-2
45/26,0,0,0,1,-2,-2,2,0,-3,3,-1,-1,-6,-4,-6,6,6,8,-14,-8,2,-8,10,10,-14
61/12,0,0,2,0,2,-5,5,-2,3,6,10,10,-4,1,6,3,0,-13,12,-5,1,11,9,2,9
31/7,0,2,-2,-5,2,2,-6,1,3,0,-10,-2,-7,1,-6,0,-2,-3,-7,-9,-10,12,-16,12,12
-88/29,0,2,2,3,0,2,-3,-2,-6,-6,-9,10,12,4,-11,-2,4,6,-13,3,-13,10,-12,4,-6
-16/45,0,0,0,-5,2,-6,2,-2,-6,0,-8,6,0,6,-6,-6,0,10,11,-4,0,13,3,2,-2
-13/45,0,0,0,-5,0,-7,2,1,-3,4,10,-2,-9,9,-10,1,6,-6,16,7,4,-6,1,10,8
-64/7,0,-2,-3,-5,4,0,2,1,0,-3,-9,-8,7,4,7,-10,13,-6,-3,2,-2,15,3,1,-9
-50/33,-1,0,0,-5,-2,-5,3,-2,6,-7,6,-1,0,2,0,6,-9,2,12,8,14,-10,11,-6,2
61/26,0,-2,0,0,4,-2,2,1,-3,0,-7,10,7,-1,-6,-4,-5,-13,-12,13,2,-8,-7,-7,12
-67/31,0,-2,3,0,2,2,5,1,2,10,2,-2,-3,4,1,-2,0,-10,-5,6,-5,15,6,18,16
-68/33,0,0,1,1,-2,6,-8,1,3,-5,-4,-2,-4,0,0,-2,0,-1,-12,4,7,-14,-3,-6,8
-31/65,0,2,0,1,0,-2,3,1,6,-5,-10,-11,-6,0,-6,1,4,8,-2,-4,-1,-14,12,-8,-2
-101/61,0,2,2,-5,4,-1,6,1,0,-4,-1,-7,-6,6,0,7,-4,-4,16,4,-13,-12,3,0,0
-99/61,0,0,0,-5,0,0,-6,1,-8,-2,6,-5,-3,8,-7,-12,0,-4,4,-4,-5,-4,14,-7,-18
-68/7,0,2,2,-5,2,6,-8,1,6,4,-1,-7,-7,8,0,5,-12,0,11,-15,-7,-14,-3,3,11
-11/97,0,2,-3,-5,0,-1,-4,1,3,-2,-5,2,-7,10,-8,5,8,5,5,-6,-11,-1,-12,-14,4
-33/40,0,0,0,1,0,-6,2,1,-8,-8,8,2,-2,7,0,-2,0,-10,5,15,-16,6,4,-12,12
83/10,0,-2,0,1,4,6,-1,-2,2,-5,1,-8,0,-1,1,1,-13,8,8,-1,-16,-10,0,9,11
46/47,1,-2,3,-5,0,-1,2,-2,-7,0,1,-8,0,4,3,6,4,-10,-8,12,7,4,3,12,-14
17/26,0,2,2,1,4,-2,-8,1,-8,-2,-5,-7,-6,10,-6,3,6,-5,-10,-1,-2,13,2,-1,-14
43/2,0,-2,2,-5,4,0,-3,1,6,6,6,-2,-6,-1,0,1,-4,-7,2,-4,-13,-10,-7,-6,17
20,0,-2,0,1,0,6,2,0,-4,7,-1,-7,6,4,4,2,-1,-11,8,8,-14,-11,1,6,8
-41/23,0,-2,-2,-5,-2,-5,-3,1,0,-7,-5,-3,-4,6,-6,6,-4,8,-4,15,0,15,0,0,14
-85/43,0,-2,0,1,0,-5,-8,1,-3,-2,3,6,-3,-12,-2,-3,11,-10,5,7,2,11,16,0,14
-84/43,0,0,-3,1,4,-5,-6,1,-3,2,-2,5,12,-12,0,3,-1,2,4,4,-7,10,2,-3,-14
50/99,-1,0,0,0,-2,1,-5,-2,-8,0,-4,10,2,2,4,6,6,-1,4,-4,7,8,-8,-8,-2
2028,0,0,2,-5,-3,-7,2,-2,0,-1,-9,-6,-3,8,0,-2,6,-2,0,15,2,-14,4,-12,13
-83/16,0,2,-3,-5,-5,6,5,1,6,6,-1,10,2,-10,-2,6,2,-7,4,-4,-1,15,0,-3,-2
-39/7,0,0,-3,-5,4,-7,-4,1,-3,4,-8,-2,-6,-10,0,-6,6,8,11,-15,2,-4,12,-16,17
42/19,-1,0,3,1,0,6,-3,-2,-3,3,3,-5,0,4,3,-7,-2,0,-12,0,14,-8,0,9,-10
41/6,0,0,0,0,4,-1,-3,-2,-8,-7,3,10,-4,-7,-8,-6,6,-6,0,3,6,-11,-4,-10,6
41/2,0,2,-2,3,-3,2,6,-2,-3,-4,-5,10,-4,10,0,7,-5,8,-10,8,2,-14,3,1,-10
81/4,0,0,2,0,-5,-5,3,1,-8,9,-4,10,10,12,13,9,10,-1,4,9,-13,1,4,-6,-1
87,0,0,-3,3,6,-1,-6,-2,6,-10,-7,10,-6,-6,10,-12,2,4,8,13,11,-14,-6,-6,-9
86/5,-1,2,0,1,-3,6,1,1,6,2,3,-3,8,-1,0,-6,-4,-1,2,4,2,13,-9,9,-18
-97/25,0,-2,0,1,0,-6,1,1,-3,-5,3,-2,-3,10,0,7,-11,10,-4,13,-8,-14,3,9,8
-99/23,0,-3,-3,3,0,6,-4,1,0,-7,-2,-2,7,4,4,-6,-4,10,11,12,14,5,4,0,12
-50/43,1,2,0,1,2,6,-6,1,-3,9,2,-8,6,-12,0,-7,7,-8,-12,-4,10,-16,4,10,13
-47/44,0,-2,-3,0,-2,2,2,1,1,6,-7,-7,-9,-3,-8,6,-9,1,4,6,2,-6,3,-8,-2
-95/88,0,2,0,1,-2,2,-3,1,6,0,10,-2,8,-6,-6,2,-4,10,4,-9,-4,11,-4,6,14
59/23,0,2,-2,-5,-3,0,1,-2,0,-3,3,-7,12,-4,0,4,-12,-7,2,-3,-6,5,-12,-14,10
88/13,0,2,2,3,0,-2,6,-2,-3,0,-6,-2,8,4,8,3,0,-10,3,-9,-4,8,-16,2,9
-64/41,0,2,4,0,-2,6,2,1,-4,3,6,-2,6,-9,-8,-4,6,-7,-10,15,-13,-12,4,18,-6
-67/40,0,-2,0,1,-2,4,2,-2,-3,6,-9,11,7,12,0,11,-4,-1,-5,-12,-11,2,-12,-8,-2
-29/38,0,-2,2,1,-2,1,2,-2,6,-10,10,-2,0,1,0,10,0,-10,12,-15,-9,13,1,2,0
-91/47,0,2,-2,1,6,-7,-1,-2,-3,5,-10,10,-3,12,3,-10,-12,1,16,-5,5,-9,0,-8,-1
-93/47,0,0,4,0,-1,1,-6,1,-4,3,-10,-11,-6,4,3,6,0,-4,10,3,12,8,2,12,13
-38/5,1,-2,0,-5,6,-5,-5,1,-4,-2,3,-7,-6,-6,-10,1,6,1,-2,-15,-6,2,15,10,17
-80/21,0,0,0,-5,-2,1,2,-2,-8,10,-1,-2,-5,12,13,6,4,2,6,14,4,-16,9,0,2
-80/17,0,-2,0,1,4,-6,-2,1,-8,-8,10,-8,-6,-1,1,-2,-14,13,8,10,2,-6,6,10,8
101/33,0,0,-2,1,-2,6,4,-2,-8,-10,-10,-2,0,4,0,-10,6,10,4,14,-13,12,-4,2,14
49/16,0,2,2,1,-5,6,-6,1,-6,2,-5,-5,12,4,12,5,-4,-7,1,2,4,-14,8,3,9
98/31,-1,-2,-2,1,2,-5,1,1,6,7,2,5,2,10,-6,6,-13,13,12,4,2,10,14,1,-7
-51/31,0,0,1,-5,0,-5,-8,-2,6,-10,2,11,-6,9,-8,-10,-7,-11,2,-15,6,5,-4,-4,-18
-49/32,0,2,3,1,4,6,3,1,-3,5,-9,-3,10,0,0,2,6,13,2,0,6,4,2,12,2
-104/97,0,2,3,1,0,-7,2,1,-6,6,-5,10,-5,-7,0,1,0,4,12,6,-14,-16,-16,-1,4
-92/85,0,2,0,1,4,4,-2,-2,-7,-5,-9,-3,-3,-4,12,6,0,2,-3,-12,-6,10,-15,-14,8
5/56,0,2,0,-5,4,4,4,-2,1,-5,-7,-5,-6,8,7,-4,0,0,-12,-9,-6,-4,6,4,14
8/59,0,2,-3,-5,-1,1,4,1,-3,-5,10,-10,-6,-2,13,3,10,-8,4,16,11,1,-8,1,-7
-81/46,0,0,2,1,0,6,-5,1,0,3,2,-6,-2,8,1,-14,-4,-10,5,2,-8,2,-6,9,-2
-81/43,0,0,-2,3,-3,-1,-3,1,0,-5,2,-2,12,-12,13,-10,0,4,-6,-6,-4,-7,8,12,2
-83/42,0,0,2,-5,-2,6,-3,-2,-3,6,0,10,12,4,-4,-9,-5,10,8,8,-10,-9,0,10,1
-6/43,-1,0,-2,0,2,-5,2,-2,6,-5,0,7,-6,-12,0,6,0,2,-14,8,8,11,-11,6,0
88/29,0,-2,-2,-5,0,6,-3,1,3,-6,10,2,6,-4,-11,-2,0,1,0,0,-6,13,3,0,-14
-71/18,0,0,2,-5,-3,-5,2,-2,-3,-5,0,-1,-6,12,-10,0,0,13,4,-12,-13,0,10,-6,6
-69/19,0,0,1,3,-5,-5,-3,-2,-7,-2,-4,-5,-6,-10,-11,1,-11,1,-7,14,-2,6,1,-1,-18
48/5,0,0,0,-5,-2,6,-3,1,-3,-1,-1,-2,7,-6,11,0,6,8,5,9,10,-8,-4,10,-19
29,0,-2,1,0,4,1,6,-2,2,-10,-4,6,-4,1,-3,6,-4,1,-10,6,-1,-15,8,1,-19
-71/31,0,2,2,1,0,-5,4,1,-8,-5,2,10,3,12,0,-6,-4,2,8,-12,-16,6,-5,-16,-19
-2899/24,0,0,1,1,0,-7,-5,-2,-4,2,-1,8,12,-4,-10,3,0,-10,5,7,-4,0,2,6,1
-5795/46,0,2,0,1,-5,-6,2,1,0,-7,-9,10,-4,-9,8,1,0,-13,-14,-9,-6,-11,3,-14,-9
52/73,0,2,1,0,0,-7,1,1,-3,-5,4,-7,-6,-3,4,-2,-4,-7,5,15,-6,5,-4,8,-18
-29/96,0,0,2,-5,2,0,-6,1,6,-10,3,-10,-5,-4,6,-10,6,2,4,6,5,5,0,12,-19
-29/95,0,-2,0,-5,6,-1,-4,-2,-8,-10,2,10,2,6,-6,1,-5,-3,-10,5,-13,6,14,-13,2
-61/15,0,0,0,1,-3,0,2,0,-4,2,-4,-6,7,8,0,1,-4,-13,-10,-7,7,-4,0,6,-4
-65/19,0,2,0,0,4,-7,-1,-2,-4,0,-1,10,6,-1,-1,-2,11,-5,14,3,4,-9,6,6,-7
-7/33,0,0,4,1,-2,6,1,1,-4,7,3,10,1,2,-8,1,6,-1,-7,-4,-13,-1,-1,9,-18
-23/96,0,0,-3,0,-3,4,4,1,-7,7,-9,-8,0,4,-8,11,0,-8,8,7,1,6,17,-4,6
-78/85,1,0,0,1,-3,-7,-2,1,-8,10,-6,-2,2,6,10,-12,6,5,0,-15,7,11,-13,0,3
-37/43,0,-2,0,-5,-3,6,5,1,-4,4,0,-11,-7,-12,0,10,4,-10,-2,0,0,-6,0,-6,11
1/22,0,2,-2,0,-2,1,1,-2,-4,-2,-2,-3,4,4,-6,1,-4,2,-11,12,-4,0,12,0,2
-78/47,-1,0,2,-5,4,-7,5,1,4,6,1,10,4,4,3,5,-11,-5,1,-3,-8,5,-3,-7,1
37/12,0,0,2,1,-3,0,-3,-2,-3,7,4,-11,0,8,0,-12,1,5,5,13,-13,15,10,12,8
17/93,0,0,1,-5,6,0,-8,0,-8,-1,2,-10,8,2,-10,-3,-14,-7,-10,12,-6,0,10,-14,8
13/97,0,2,1,0,6,-7,5,1,-8,10,3,10,6,4,4,6,4,-10,8,7,14,-8,-16,9,4
21/94,0,0,2,1,0,6,-3,-2,-4,5,-8,2,-6,12,3,-6,-11,-7,4,12,-16,13,-12,-2,-14
11/85,0,-2,0,-5,0,-1,-2,1,-3,0,10,8,-1,-9,-1,-6,0,-5,-2,13,-6,-16,8,0,13
10/83,-1,-2,0,-5,0,0,6,1,0,-5,1,-10,10,7,-3,6,-7,1,2,-5,-16,8,-16,10,-18
14/61,-1,-2,1,1,2,1,5,-2,0,-3,8,-5,0,-3,2,-3,0,-4,8,-4,0,-14,4,6,-12
21/85,0,0,0,1,-3,1,-2,1,-4,-2,-5,-8,-9,-2,-3,0,0,-7,9,-3,-14,4,12,-8,7
-31/21,0,0,2,-5,0,2,2,-2,0,6,-10,-3,6,-10,-7,-6,-2,-7,0,8,-13,-8,-4,-3,-7
-79/23,0,2,0,1,0,-1,4,1,0,-10,6,-2,-3,-10,0,-3,0,-7,-2,10,-6,4,17,4,-12
-79/27,0,0,-3,1,-3,6,-3,1,-3,-2,3,-5,8,-1,7,-3,1,6,2,15,-5,4,-16,10,14
46/9,-1,0,1,1,6,-5,1,-2,-7,-10,3,8,0,1,-4,-9,-4,-7,8,4,-13,-8,-4,8,9
507,0,0,3,3,-5,-7,2,-2,-3,3,3,2,2,5,6,-4,10,-10,4,-8,6,13,15,-15,2
1013/2,0,2,1,1,2,-6,2,-2,1,0,-9,10,0,-12,1,1,4,-10,11,-9,-7,13,-7,-8,17
-97/24,0,0,-2,-5,-5,1,-3,-2,6,-7,-5,-5,6,6,0,9,8,1,-2,-12,1,-4,12,1,8
-75/82,0,0,0,1,4,-5,-3,1,-9,6,-10,5,6,12,-6,-4,0,6,-6,3,-5,-8,1,-6,-12
-74/83,1,-2,-2,-5,2,-6,2,-2,-8,-2,-9,-11,6,-3,7,7,-4,2,-10,8,-13,10,-16,3,14
32/79,0,-2,-2,1,4,-6,-5,-2,-8,-2,3,7,3,4,2,6,-3,-13,8,12,-2,-8,1,12,-5
58/13,1,2,0,-5,4,-2,5,-2,6,-10,-1,10,-5,8,6,-11,11,-10,4,-8,-2,1,12,2,9
-94/79,-1,-2,2,1,0,2,-1,-2,-3,3,-1,5,-5,4,-8,6,-4,-10,3,0,-11,-8,-6,6,-6
-91/79,0,-2,4,1,-3,-7,4,-2,3,6,-1,-8,3,-1,0,-4,6,-7,8,-9,-13,-8,12,6,-2
-21/50,0,0,0,1,-1,-5,-3,-2,1,0,-7,-11,6,4,10,9,6,13,-14,2,-10,-7,0,-14,18
-65/28,0,2,0,-5,-1,-7,-3,1,6,6,2,7,-6,4,-6,-2,6,4,1,8,14,1,16,-9,-6
5/69,0,0,0,1,0,4,2,1,0,4,-1,7,4,-4,0,11,-14,-12,-5,-9,-2,12,-3,-2,-1
47/50,0,2,0,-5,2,-1,-3,1,2,-4,-5,-2,4,-10,-8,-6,-2,1,3,0,-2,-6,6,-14,8
-36/5,0,0,0,-5,2,4,2,1,6,4,1,-2,-6,-4,0,-2,7,-1,12,6,2,-15,3,0,-3
-73/13,0,-2,1,3,-1,-2,2,1,-3,10,1,-7,-9,-6,0,-2,1,-1,8,-12,-11,4,7,-3,-10
-73/14,0,2,3,-5,4,-5,-3,-2,-8,4,-4,-2,0,-1,0,-2,4,8,9,-8,-11,-8,12,-1,7
-69/11,0,0,4,1,-2,0,2,-2,-7,0,-5,-11,-1,-4,0,5,-12,-1,-8,15,-6,5,4,6,-19
52/17,0,-2,4,0,4,-7,-2,1,-4,6,-1,11,8,-2,8,6,0,-5,2,-12,2,-4,8,-10,2
27/16,0,0,-2,3,-5,-1,1,-2,2,-10,1,-8,0,10,1,-7,6,-11,5,-2,2,-15,6,-6,-2
55/47,0,-2,0,-5,0,0,3,1,-3,-3,8,-11,6,10,3,-3,-1,-3,-7,-7,5,-14,10,-2,2
-25/29,0,2,0,3,0,-1,2,-2,-3,-6,-4,-2,7,7,-1,6,-5,1,3,8,-5,1,12,-15,-18
67/91,0,2,-3,-5,-3,-2,2,-2,6,-3,-9,-2,-6,-2,6,-2,-11,-10,-5,0,4,8,-16,9,-12
33/46,0,0,-3,3,0,2,1,1,0,3,-9,-5,2,7,8,6,-2,-2,10,-12,2,8,-1,-2,18
-74/63,1,0,0,-5,6,4,-3,-2,-4,7,10,-11,-3,6,1,-3,-9,13,8,-4,2,-8,9,0,-2
-5572,0,-2,2,1,4,-5,-3,-2,-8,-2,-1,-2,-5,-6,0,1,13,6,4,-3,0,5,6,9,0
-927,0,-3,-3,-5,0,-1,-3,1,-6,4,3,6,6,-10,1,-2,-7,-10,12,6,2,10,6,-1,2
-73/59,0,2,2,1,-5,2,-1,-2,-3,3,-1,-3,12,-4,6,-11,10,1,5,10,-11,10,6,2,-6
-71/54,0,0,2,-5,4,2,3,-2,-8,-2,-5,6,-5,-6,4,-3,-13,-7,9,-12,2,5,0,-6,8
-73/55,0,-2,0,3,-2,-6,2,1,-4,-4,6,6,0,-10,13,6,13,2,-10,13,-11,15,-3,-13,-3
93/5,0,0,0,1,-5,1,2,-2,4,6,-10,2,0,-4,0,6,-1,1,-12,-9,-6,11,12,18,-18
93/4,0,0,2,-5,-3,6,-6,1,2,4,-10,2,0,5,-6,6,-4,13,0,-15,-9,4,-13,-6,8
96/5,0,0,0,0,2,2,-4,1,6,-2,-9,-10,-1,4,-6,-6,-9,8,-2,3,-5,8,6,-12,-6
-40/61,0,-2,0,1,0,2,-3,1,-3,-4,-5,5,-9,-10,-8,1,0,-4,-10,12,-5,10,1,1,3
-41/61,0,2,1,3,2,6,4,1,6,-2,1,-1,-4,0,1,6,11,-4,0,-12,2,13,3,10,8
71/46,0,-2,2,1,0,6,-3,1,0,4,-9,-8,1,4,0,-7,9,6,10,-12,6,-4,-4,6,13
69/50,0,0,0,1,2,4,3,0,-7,-3,-6,10,0,8,0,-4,6,-1,-14,-4,-13,-16,5,3,12
82/19,-1,2,2,0,-1,-5,1,-2,4,6,10,-5,-4,-10,1,-3,-1,8,-10,16,12,4,6,6,14
-67/79,0,-2,0,-5,4,4,2,-2,4,-5,2,-1,-5,7,0,6,10,-11,-5,7,-16,-8,-11,-14,2
-60/17,0,0,0,0,-5,4,-2,-2,6,-4,-1,-2,2,10,4,-4,0,6,16,13,4,-15,-3,18,-2
64/31,0,2,1,-5,-5,-5,1,1,6,5,2,2,10,4,-6,-4,8,1,16,-15,10,8,6,10,5
37/78,0,0,1,1,-3,-2,-6,1,-4,-5,3,-11,-6,4,-10,1,13,-13,-2,8,2,8,0,1,17
31/79,0,2,2,-5,6,-5,-4,1,6,6,-10,-2,-6,-7,0,-2,0,-7,-11,3,-16,-8,5,6,17
16/39,0,0,1,-5,6,-2,-1,1,-3,3,-6,-2,-2,-3,0,-2,-9,-1,2,-15,7,1,12,9,-4
-53/13,0,2,1,-5,-5,-2,-4,1,-8,4,0,10,-6,1,8,-10,4,-2,-12,8,4,0,8,-12,-5
7/76,0,2,3,1,-3,1,2,-2,-3,-7,4,-7,-2,4,0,-6,9,-2,4,0,-13,2,12,6,-2
-31/55,0,-2,0,3,-2,6,2,1,-8,7,-10,-7,-4,-6,4,-9,0,-13,-11,-9,2,-7,10,-17,8
29/36,0,0,2,0,2,6,-5,-2,0,-10,3,-2,0,4,0,6,11,-2,8,-1,2,-16,-16,10,1
-39/83,0,0,2,-5,6,-7,5,1,1,-5,2,-2,-7,-1,-8,-14,-5,10,8,11,-4,-12,-16,10,-14
17/79,0,-2,-3,-5,-2,-5,-8,1,0,4,2,5,6,8,4,3,-4,-7,2,-5,2,-8,-3,2,16
97/3,0,0,1,1,-2,0,-3,-2,-8,9,-1,-7,-6,-6,2,11,0,5,-3,8,-13,5,12,-15,8
-59/12,0,0,3,-5,4,6,2,-2,-4,-5,-1,6,-3,-1,-8,-4,-12,8,5,2,11,13,12,0,-8
-55/12,0,0,0,3,0,1,5,1,-3,6,-4,-2,-2,10,-6,-2,-1,4,12,6,-10,0,12,6,1
35/13,0,-2,0,1,-5,-2,-3,-2,6,-2,8,-10,8,-4,0,3,0,5,3,14,14,12,4,9,8
-95/48,0,0,0,-5,-5,2,-4,1,6,-3,-5,-7,-5,0,-8,3,-14,5,-4,-15,-11,4,3,10,-1
43/9,0,0,0,-5,2,6,4,1,-3,-5,-1,10,2,-1,4,1,-9,5,2,-5,7,4,-3,-6,14
-19/60,0,0,0,-5,4,-1,-3,1,-4,-4,-7,-8,12,4,1,2,7,-10,-12,-12,-5,0,-16,-1,10
-54/25,1,0,0,-5,-3,0,-5,-2,-9,0,-5,5,-4,10,7,3,6,10,-12,3,-13,0,4,-12,-2
-59/24,0,0,2,1,0,2,5,-2,6,-4,-10,5,-4,7,0,5,-12,-13,12,7,-2,-10,11,12,11
-62/21,1,0,2,-5,4,0,-1,-2,6,6,-10,11,12,4,12,-2,-12,1,3,-15,-6,-10,11,-17,-14
-22/39,-1,0,0,-5,0,-2,3,1,-3,0,-5,2,-1,2,-6,7,0,10,4,0,4,5,-4,6,-8
-67/39,0,0,-2,1,0,-2,1,1,-8,-7,3,-7,0,-4,-4,-3,-12,6,-5,0,-2,10,12,0,1
-30/79,-1,0,0,1,4,-1,2,1,-4,4,3,-1,10,6,4,9,2,-7,5,0,10,-8,6,3,-14
-29/80,0,-2,0,1,4,-5,3,-2,1,-10,2,2,0,-12,8,1,0,1,-4,0,4,8,-6,-14,-1
91/9,0,0,1,1,-3,-7,6,1,-3,2,8,-1,-6,5,-11,6,6,-3,8,-3,-13,-8,8,6,-1
-1/50,0,2,0,1,0,6,4,-2,-8,4,-9,-2,8,-4,-11,6,-10,-4,11,0,-2,-9,-16,-1,-1
-82/55,1,-2,0,-5,-2,1,2,-2,-9,-5,-7,-5,-4,1,0,0,-5,8,0,0,-8,-12,16,-8,13
-83/58,0,2,1,-5,0,2,-1,1,6,-6,-9,2,-6,-1,2,7,-12,-3,-4,-12,-11,-4,0,-7,-18
15/68,0,0,0,3,-1,-5,-2,-2,6,4,10,-5,0,6,0,-3,2,1,8,3,-13,6,12,10,1
11/68,0,2,0,-5,0,-5,-2,0,1,-2,2,6,6,4,12,6,0,-10,12,8,2,8,6,1,-2
103/27,0,0,2,1,-2,6,6,0,-4,0,-9,5,-3,8,-11,7,4,-10,-2,9,-16,15,-3,-8,10
84/11,0,0,1,1,-2,2,2,1,-6,-4,-6,10,-4,6,-3,-6,-4,-7,-12,-4,-16,-7,0,-7,-9
-25/23,0,2,0,-5,0,-5,-1,1,0,0,2,-2,-1,-12,-7,-2,6,-3,4,-1,-8,1,-1,-15,8
70/43,1,2,0,1,4,4,-3,-2,-3,-4,3,-11,0,-12,12,1,5,8,8,-9,2,-11,12,18,5
-75/71,0,0,0,1,4,6,-4,1,-4,0,-6,-7,-6,2,-6,-10,-4,-5,8,4,-16,12,2,8,-19
-11/181,0,2,1,-5,0,4,3,1,-9,6,-9,-8,8,4,-6,-4,6,-11,1,6,14,12,6,-15,-3
-9/179,0,0,1,3,0,1,3,1,3,-2,10,-7,-3,7,2,-12,-7,-3,0,4,-1,-15,-13,1,8
-38/715,-1,2,0,-5,-2,-2,-3,1,0,-1,3,-2,-9,4,-6,-4,5,13,8,-15,2,-9,-11,-8,-10
-36/713,0,0,2,0,4,-5,-6,1,0,5,2,2,6,4,11,-2,7,8,-14,14,2,-10,4,3,-18
-35/67,0,2,0,1,0,0,4,1,2,0,-2,-2,6,1,4,-10,5,-7,0,0,-4,-8,16,-12,-12
-36/47,0,0,-3,-5,6,0,-4,1,6,-1,-8,2,0,5,3,-10,5,-11,2,-3,-6,10,11,-9,-5
77/31,0,-2,2,1,0,-5,2,1,-3,-3,2,10,12,4,-1,-4,6,10,4,-6,-4,-15,6,1,-6
78/31,1,0,0,-5,4,-7,-3,1,0,10,2,-11,6,9,2,-3,0,8,2,14,6,13,-16,-17,-9
79/29,0,-2,2,1,4,-1,-3,1,-8,-6,2,-8,-1,-2,10,4,0,-10,2,-3,-2,4,16,8,18
83/32,0,2,1,-5,4,1,4,1,-4,-10,-8,10,8,-12,0,-2,6,4,-10,-4,11,-12,0,18,11
95/6,0,0,0,3,-2,-5,-3,1,1,4,-8,-7,8,1,-6,9,4,4,-13,12,0,-15,12,-6,-2
93/8,0,0,4,1,-1,2,4,-2,-8,-5,-10,10,0,-6,0,-7,0,-13,8,8,-10,-10,4,6,-13
-3/58,0,0,2,1,6,-6,-6,1,-8,-6,-2,-2,-5,-6,-1,6,5,10,12,-9,8,-9,12,-14,-6
-53/85,0,2,0,3,-2,4,-2,-2,-3,-5,-9,-8,0,-4,13,-10,-4,2,4,0,10,-8,14,1,12
3/19,0,0,-3,1,6,6,-1,-2,-3,7,1,-1,-9,8,-6,6,-7,13,-2,-9,-6,4,4,0,-3
-8/31,0,2,3,1,-3,2,2,1,-4,-2,2,2,8,9,-8,6,0,-7,-12,-4,0,11,-4,-7,14
-3/31,0,0,-3,1,4,0,4,-2,4,9,2,-5,-4,7,6,6,6,0,16,-7,-6,-5,-4,6,2
11/50,0,2,0,-5,0,2,-5,1,-4,-3,3,6,-3,4,-6,-2,-7,0,5,4,-5,-6,-8,0,-7
-65/7,0,2,0,-5,0,-7,5,-2,-8,0,-10,5,6,10,-11,4,6,1,-10,-5,2,0,-7,12,-2
-64/27,0,0,3,0,4,2,2,-2,3,5,4,7,4,-1,3,-2,-2,-1,8,3,0,-1,5,-10,0
7/86,0,-2,-3,1,-1,-1,1,-2,6,6,1,-5,-6,-12,12,11,11,10,0,0,12,0,12,2,-7
5/84,0,0,0,-5,4,1,6,-2,6,-5,-9,-5,2,-10,0,9,6,6,8,5,2,0,2,-9,2
41/89,0,2,1,-5,0,6,-5,1,-8,-4,-9,-7,-4,7,4,-3,8,13,12,3,-6,-6,-4,-8,-6
-44/25,0,2,0,3,0,-5,2,1,-3,4,-4,-5,0,-12,4,7,-11,13,-14,9,-6,13,-3,-4,14
38/21,-1,0,2,-5,2,-5,4,1,0,-5,-8,-6,0,-4,1,-9,4,-8,-4,-15,-6,-1,6,-14,-13
40/23,0,-2,0,1,4,-5,4,-2,0,5,-9,10,6,-2,8,-12,6,-2,6,-5,-2,9,2,-7,1
-68/15,0,0,0,1,4,-5,-8,-2,-4,0,3,-6,-1,2,-6,0,8,6,-8,-4,0,5,11,-12,14
-36/67,0,-3,2,-5,0,-5,-6,1,6,-2,1,-2,0,4,0,-7,-7,0,0,13,11,-16,2,12,8
-91/73,0,-2,-2,1,0,-7,-4,1,2,0,3,-2,-6,8,4,-2,8,6,4,-12,-6,0,12,9,-5
-37/66,0,0,3,-5,-2,0,-1,-2,-4,0,-1,-11,10,-1,-7,6,-1,-6,4,11,-6,-16,2,6,18
66/31,-1,0,0,0,0,-5,6,1,4,-2,2,2,-6,8,6,11,4,-2,-10,13,2,-16,-3,-8,8
97/14,0,-2,-3,-5,-2,-6,-3,-2,6,0,10,7,-5,-4,0,1,2,-11,4,10,-11,-15,11,-15,8
92/13,0,-2,2,1,-1,-2,5,-2,-7,4,10,11,7,-6,0,1,6,-12,4,-3,-5,0,4,12,2
-59/13,0,2,3,3,0,-2,-6,-2,-4,7,-5,-8,0,-12,0,-10,-12,-2,-3,-12,2,11,2,-1,-12
82/29,1,-2,-2,-5,4,2,-3,1,2,-6,-8,7,-4,12,13,-3,-4,2,11,12,0,10,1,12,1
56/37,0,-2,0,1,-2,4,-3,0,0,6,1,-8,0,2,13,-4,10,6,5,-12,-10,8,4,-7,0
93/23,0,0,0,0,4,-5,1,1,0,0,-10,5,-4,-10,4,-12,6,5,-4,9,-13,15,6,9,11
-1/34,0,-2,0,0,6,-5,-2,1,6,2,1,-7,1,0,-3,-2,-13,-7,8,-7,2,13,0,12,-14
-10/77,-1,2,0,-5,-2,2,2,1,-6,4,-1,-7,-7,-4,-11,-14,4,8,4,3,14,-5,3,18,5
-52/9,0,0,-2,1,-3,-7,5,1,3,7,-1,5,-6,10,0,-10,10,10,1,-8,-13,-16,0,-17,-12
-49/9,0,0,2,1,0,-1,-3,-2,-3,4,-4,10,-1,7,12,-10,-4,-10,-12,-12,2,-15,5,6,17
-4/87,0,0,-2,0,-3,2,5,-2,6,-6,3,-1,8,-3,8,1,-12,6,0,8,-2,12,12,0,-5
-1/29,0,2,4,1,-2,-5,1,-2,-9,-6,4,2,-3,4,1,6,-2,-5,-12,3,-9,-8,1,0,-7
25/41,0,-2,0,3,6,-6,-5,1,6,3,10,-10,6,4,-6,2,-11,10,3,-5,-10,4,-10,18,-19
29/44,0,2,0,-5,-2,4,-3,1,-4,-10,2,-7,0,1,12,-6,-2,-1,9,-15,1,2,-16,18,-10
29/48,0,0,-3,1,6,-1,-3,0,-8,-10,-5,-1,10,1,-3,-4,-4,6,-12,-12,-16,-7,12,-1,2
17,0,-2,2,3,2,-5,-8,-2,-8,-5,8,-2,-6,-6,0,6,-7,-6,-14,-4,-2,-4,-12,-8,-7
7/58,0,2,1,1,2,6,4,-2,4,-6,6,-7,-9,-9,3,0,0,6,-10,4,6,4,5,-8,13
27/56,0,0,2,-5,4,2,-6,-2,-3,4,3,-2,10,-12,-7,10,-5,-10,16,5,-6,8,12,18,6
-92,0,2,-2,1,4,6,-1,-2,-7,-3,2,-5,-1,4,4,-2,-13,8,2,11,-2,11,0,-12,-12
-85/87,0,0,0,1,0,-5,-8,-2,-8,-6,-5,10,-3,-6,8,-10,-3,-1,-2,-12,-14,-4,4,-6,-12
-68/99,0,0,3,1,-2,4,-8,1,6,-2,1,10,0,12,-8,-10,6,-13,5,8,-8,5,-3,10,2
-8/87,0,0,0,1,0,0,-3,0,-4,-6,-1,-7,2,6,0,-10,-7,-13,3,-15,11,8,-16,6,9
35/79,0,-2,0,1,-5,-1,2,1,-3,0,-9,10,-7,4,-3,3,-10,-1,2,-15,-4,-8,9,2,-2
-78/61,1,0,0,-5,0,-7,3,1,0,5,4,-1,-2,-4,0,-4,-1,-4,3,3,-2,-8,-11,-8,18
-11/59,0,-2,4,0,0,-5,2,1,6,-10,-1,10,-4,4,-7,9,10,-11,6,3,11,5,16,-6,9
-11/976,0,2,2,0,0,0,-3,1,-3,-2,-1,5,0,0,2,-4,-9,-4,-4,0,-9,8,5,10,-14
-78/6833,1,0,2,1,4,-7,-1,-2,3,6,-7,-7,-4,-2,-6,1,-5,-3,12,-9,4,-7,12,-6,6
-8/683,0,-2,1,-5,-2,2,2,1,3,3,1,-6,-3,-10,-4,3,-9,6,8,-9,-10,5,12,6,-14
-37/3418,0,-2,0,1,4,4,2,1,-4,-7,2,-11,3,12,8,4,-12,5,-12,-6,-4,0,1,2,5
13/58,0,2,0,3,0,-7,2,-2,-8,-6,-1,-7,6,-2,8,-2,-10,10,8,-8,-6,5,4,2,-2
13/57,0,0,2,1,-5,-7,2,-2,-4,4,4,-2,-4,-1,12,6,8,5,-14,4,2,-16,4,-16,17
-99/58,0,0,-2,3,0,1,5,1,-3,-6,8,11,12,4,-6,0,7,-2,12,-12,-13,8,-16,-1,-7
-100/57,0,0,0,-5,4,-6,-5,-2,-6,9,-1,-3,-5,10,6,6,-5,2,-3,-12,2,-1,2,-10,-3
43/41,0,-2,-3,1,-3,0,5,1,-9,-4,-9,-7,6,-1,13,-2,-14,8,4,8,14,10,16,0,12
-41/86,0,-2,1,-5,-3,1,-1,-2,-8,-5,-4,-8,-4,-12,7,6,7,13,11,-1,-14,13,-3,-4,2
101/15,0,0,0,3,2,-5,-4,1,-9,0,0,-11,-5,-6,1,-3,-5,-5,4,-1,-13,-6,2,18,1
-52/55,0,-2,0,3,-2,-7,-3,-2,3,-1,3,-6,6,-4,0,-2,-4,1,-2,-3,0,5,-16,10,-10
-52/53,0,2,0,0,-3,-7,-3,-2,-3,6,1,-1,2,-12,0,5,0,1,2,3,2,0,14,2,-7
41/88,0,-2,3,-5,-2,-5,-3,1,3,-5,-4,-3,-4,10,2,3,-11,-6,14,15,-16,11,-3,10,-7
43/90,0,0,0,1,4,-1,6,1,-3,-3,-9,-2,-1,-1,2,7,11,5,5,0,4,1,-4,4,-14
17/71,0,2,0,3,6,-5,-8,1,-4,-5,-9,-5,8,-3,1,-6,-13,-11,4,4,0,9,8,6,11
-11/78,0,0,0,3,0,-2,-3,1,-3,-1,-5,-7,0,-3,-2,-2,-10,-1,4,-15,2,10,12,-6,12
-39/97,0,0,0,-5,-2,-7,4,1,2,0,-4,-5,-7,8,1,-9,4,-13,-14,-12,8,10,14,-4,4
-41/95,0,-2,0,1,-1,-6,4,-2,-8,9,-9,-6,-4,2,12,-4,-14,-6,2,3,0,-10,4,-17,-10
69/40,0,0,0,-5,-1,-5,2,1,-7,4,10,5,0,4,0,-9,-11,-10,9,-15,-13,15,-15,6,-5
-4/81,0,0,0,1,6,1,4,-2,-3,7,-8,-5,-5,-6,3,-3,-4,5,4,8,-7,-7,12,6,8
-7/78,0,0,4,1,-3,-2,4,1,1,-2,8,2,-6,-6,0,-10,7,-8,2,-8,2,11,-4,-6,-1
-59/51,0,0,0,1,-5,6,-2,-2,6,-2,3,-7,-1,-2,0,1,-12,5,12,12,11,9,1,-14,0
-59/52,0,2,-2,1,4,-2,-4,1,-8,-4,-5,8,-6,10,0,-10,-12,-12,-6,-9,4,-8,3,6,9
-67,0,-2,-2,3,6,4,4,1,6,7,-9,10,2,-10,-6,-2,-4,0,-5,12,11,-6,-3,-2,-6
17/37,0,-2,0,-5,4,4,-8,1,-6,9,-1,-8,1,4,-7,6,0,5,1,-15,14,4,-5,10,13
41/5,0,2,0,-5,2,1,5,1,-4,3,-6,5,-4,5,-6,-10,-1,-8,-14,4,-5,2,-3,-15,2
-91/2,0,2,2,1,-3,-7,2,1,1,-1,2,-5,6,-10,0,-12,-4,-1,2,-12,2,6,-11,-9,12
-90,-1,-3,0,0,0,2,6,1,6,-8,3,-2,-2,-3,-1,6,2,10,2,0,14,5,-4,-9,-6
-52/19,0,-2,2,-5,6,-7,-3,-2,-3,4,-7,10,12,4,3,-2,0,-7,-10,2,0,4,4,-1,14
-61/21,0,0,2,-5,2,6,-5,-2,-9,-2,3,-7,-6,-10,-6,-10,2,-13,-10,0,0,10,2,18,7
11/257,0,2,-3,-5,0,-5,2,-2,-4,3,0,10,-6,-9,-8,-2,8,1,4,-3,14,5,0,6,7
7/129,0,0,-2,1,4,-6,3,-2,1,-4,-1,5,6,-12,11,-6,4,10,-8,4,2,12,1,-12,3
-46/65,1,2,0,-5,-1,-2,-3,1,-7,10,-9,8,-7,4,1,-7,6,-10,5,5,4,6,2,-9,-18
83/45,0,0,0,1,2,1,-5,0,-3,6,8,-2,-1,4,-3,3,-4,-7,3,3,2,-6,0,6,-2
-83/93,0,0,1,-5,-5,-5,-3,-2,-3,7,2,-5,7,-4,0,-2,0,4,8,-12,-7,10,0,0,18
-30/11,-1,0,0,3,-2,0,2,1,4,0,8,-8,-6,4,10,-2,1,2,-2,7,2,4,-1,-15,9
-5/97,0,2,0,-5,0,2,4,-2,-4,3,-1,-2,0,1,8,-4,0,-10,12,-12,2,-16,-3,12,4
-5/99,0,0,0,1,-2,2,-3,-2,-9,-7,-7,-7,-3,-10,-8,-2,6,6,3,-7,-13,15,4,6,12
30,-1,0,0,1,0,-5,-3,-2,3,4,1,-6,-4,6,-10,-4,-14,8,-12,14,7,-9,12,-6,-6
-91/23,0,2,-2,1,0,-7,3,0,0,7,1,-7,12,7,0,-4,-14,-13,5,14,4,-6,0,0,-14
37/2,0,-2,4,0,-1,6,-1,1,3,-2,3,-11,-9,4,-8,-2,0,-10,8,5,-2,-14,12,10,8
-81/41,0,0,2,-5,4,-5,2,-2,3,6,-9,2,6,-10,6,2,0,10,5,-12,-2,8,-11,-6,-10
-94/31,-1,-2,2,1,-2,0,2,1,-8,4,2,-6,-3,9,-8,-6,6,-13,5,4,-8,8,2,10,2
-89/30,0,0,0,0,-3,6,4,1,3,-1,-9,10,2,6,-6,2,4,-13,-14,12,-14,4,-10,-13,1
101/14,0,2,2,-5,0,2,-5,-2,-4,4,-5,-1,6,-2,-8,-9,5,1,-8,4,-13,-14,-4,-9,2
-138/11,1,0,2,-5,-2,-5,-5,-2,-7,-1,1,10,12,8,-6,-4,-7,-12,1,0,11,4,-16,-6,-6
-277/21,0,0,0,-5,-1,-6,2,1,1,-7,6,-2,6,4,0,9,-4,-10,9,-12,-7,1,16,-17,14
-140/11,0,-2,0,1,-2,-5,6,1,0,4,2,-1,8,10,-10,4,6,-2,-5,15,-6,8,-4,-1,5
-141/13,0,0,3,0,-5,-2,2,-2,-8,6,-9,6,0,4,-8,-12,-14,-8,5,-5,11,-15,-3,0,10
85/41,0,-2,0,1,-5,2,-8,-2,2,-3,-2,-8,6,-2,0,-3,-4,-4,4,13,2,-1,-11,-1,12
47/96,0,0,3,0,6,6,6,1,2,-7,-9,-11,-6,4,-8,6,6,13,-11,8,14,4,10,-7,2
-85/23,0,2,0,3,-2,4,-8,1,0,3,1,2,-9,9,-3,7,6,-7,0,-3,7,-6,4,9,-3
-85/31,0,-2,0,1,-3,-1,-8,1,-8,4,2,-2,-4,-4,4,-10,6,13,-10,-5,14,-12,-3,3,13
-85/28,0,-2,0,-5,2,1,-8,1,2,-1,10,-6,6,4,4,-2,-3,8,8,-15,-4,13,-16,10,11
-37/89,0,2,2,0,4,6,6,-2,-4,-2,8,-11,-3,4,0,-10,4,-1,2,4,2,-11,-7,-8,-3
17/5,0,2,0,1,6,-6,-8,-2,6,6,-1,5,4,-12,0,-2,10,6,9,-6,-4,8,1,-9,-2
-22/21,1,0,3,-5,0,6,2,1,3,10,-9,-1,-6,-6,6,-14,-4,6,4,15,-13,-10,-16,-14,9
-67/25,0,-2,0,1,4,0,5,-2,-3,-3,6,-2,-6,6,-6,-2,2,8,-5,4,7,-8,-16,-17,8
37/65,0,-2,0,0,4,-2,3,-2,6,-8,-6,-11,-3,12,0,-12,6,0,8,8,-6,-16,2,-8,-18
-74/15,1,0,0,3,0,0,2,1,-3,-8,-2,-11,1,-6,0,1,4,-7,11,0,14,-14,-9,-6,8
58/3,-1,0,0,3,-5,0,-3,-2,0,-10,-5,10,-2,2,-6,-4,0,0,-11,2,10,13,8,-14,-8
71/99,0,0,1,0,-2,-5,3,-2,-4,-10,8,-6,8,-2,-2,-7,0,-10,2,-12,0,1,1,-1,-8
-49/99,0,0,1,1,-2,0,2,1,-6,-5,-4,8,-6,-1,6,9,-11,4,2,13,-1,-4,16,6,-5
-47/99,0,0,-2,1,-2,6,-1,1,-3,9,10,10,-1,10,-8,-4,0,-2,2,-5,-16,-8,2,-2,-2
-71/11,0,-2,2,-5,-2,1,-4,1,0,-5,-6,10,-6,-6,13,6,-11,-10,1,-12,5,-6,6,12,8
-75/11,0,0,0,-5,-2,-5,-3,-2,1,0,-9,-5,2,-6,12,-6,-1,10,3,3,-11,-6,14,-6,10
-41/48,0,0,-2,1,0,6,-3,-2,4,6,-1,-2,-4,4,12,-10,0,-11,3,-9,-11,5,1,-6,-12
-39/49,0,0,2,-5,-5,-7,5,1,6,3,3,-1,-1,9,-1,-4,6,-10,-8,3,-1,8,-4,-1,10
-49/54,0,0,1,1,4,-5,6,-2,4,-4,1,-2,-6,-10,10,-14,6,8,12,8,-6,-1,-3,-12,17
-76/71,0,2,1,0,0,-1,2,1,6,-5,-9,10,-2,7,0,-4,13,1,3,4,-10,-8,12,-10,-12
-101/15,0,0,0,-5,4,-5,-3,-2,0,4,4,10,0,10,1,6,11,8,-10,-13,-8,9,1,-8,18
21/59,0,0,1,1,0,1,-4,0,4,0,-2,-1,6,-1,6,-4,10,-11,4,13,4,-1,2,-15,10
22/61,-1,2,0,3,0,2,-4,1,-8,-5,-5,-8,-6,-4,-6,6,-9,-4,-12,10,-4,-15,12,18,14
-33/4,0,0,-3,-5,0,-5,-3,1,-3,0,0,8,-7,0,-6,-7,-11,8,2,-9,-4,-6,16,-17,-6
-98/11,1,-2,3,1,-2,2,2,-2,1,0,-1,10,1,4,0,2,0,2,8,12,0,12,0,18,17
-3/26,0,0,-2,-5,-1,-2,5,1,-4,4,-9,10,-2,7,-6,-10,-4,-5,-10,3,14,4,-1,-8,16
93/14,0,0,-3,-5,0,0,2,1,-3,-5,-10,-8,-2,-2,4,6,0,-4,4,-9,2,0,12,-10,-10
46/7,1,2,2,-5,4,2,-4,1,-7,3,3,5,-4,-4,4,0,-11,13,-11,-3,-2,-16,16,-14,13
-7/53,0,2,4,1,0,-6,2,1,-4,9,10,-7,0,4,-6,5,-9,-7,-10,8,-6,-14,0,-15,8
-3/50,0,0,0,-5,4,-5,2,-2,-3,-2,-1,2,0,-6,-8,-3,-1,6,-8,-12,-5,10,0,10,-14
-1/54,0,0,4,-5,-5,-6,5,-2,-4,6,-10,10,-7,-3,4,0,6,4,5,-6,4,-4,-7,10,13
3/56,0,0,0,-5,-2,-5,-3,1,-8,9,0,-1,-2,6,-11,-3,4,-11,0,0,-2,13,14,-17,-5
-74/25,-1,2,0,1,-5,-1,6,-2,-3,-2,-6,-11,6,7,-3,-2,8,-10,4,-15,4,8,0,12,2
41/25,0,-2,0,-5,6,4,2,-2,-3,-8,10,-8,-4,0,-6,6,6,-3,2,4,-11,5,-16,-14,-9
-3/40,0,0,0,-5,0,2,-3,1,1,-4,1,7,3,-6,1,1,-7,4,8,16,-14,6,12,-8,12
-92/75,0,0,0,-5,-1,-1,3,1,-7,-1,3,-5,-3,0,6,-2,11,1,-11,-7,2,-8,-3,-14,-2
-93/73,0,0,2,-5,-3,1,6,1,-8,-5,-10,-5,-3,2,-6,-6,4,8,0,-5,-6,10,11,12,-6
-13/84,0,0,3,-5,2,-7,-3,1,-6,3,-4,-3,-6,7,12,1,6,6,8,-8,-7,-15,-5,-3,8
7/97,0,2,4,1,-1,6,-6,-2,2,0,-7,10,-5,7,-6,-9,0,1,8,4,-5,4,-4,10,4
9/101,0,-3,2,3,6,2,-3,-2,-3,4,-5,-7,0,6,-6,-4,-2,-6,0,11,-1,-1,-4,-14,2
70/9,-1,0,0,1,0,0,-3,1,6,4,-7,-5,7,10,1,-6,0,10,12,4,4,8,-12,6,9
45/23,0,0,0,-5,-5,4,3,1,0,6,6,-5,-6,6,-1,-2,-4,0,-10,-15,7,4,1,-8,12
67/19,0,2,3,-5,4,-1,-3,-2,1,-7,-4,5,10,10,12,-4,-4,4,-5,-5,-13,8,2,2,2
22/93,-1,0,1,-5,0,4,1,1,-4,2,2,10,-7,4,0,-3,0,4,8,2,12,-14,12,5,2
10/49,1,2,0,-5,-1,2,6,-2,3,6,-10,10,8,8,12,-10,4,-4,-14,0,7,4,8,-2,8
87/43,0,0,2,3,-5,6,-3,1,-8,-10,0,5,2,-12,6,-2,-4,-1,2,15,6,-8,-3,18,-14
-60/37,0,0,0,-5,4,-5,2,-2,-4,6,-8,-8,2,-4,12,6,-4,-2,-12,-15,10,2,4,-17,8
14/27,1,0,3,1,4,2,5,1,-3,6,3,-1,12,-1,-1,6,0,-8,10,-12,7,10,3,-8,-6
71/29,0,2,1,0,4,0,-3,1,6,-6,3,-2,-6,-2,-10,-2,10,8,-7,-12,-4,-16,0,0,13
66/17,1,0,-3,0,0,2,-2,1,1,0,-9,-6,4,-7,-4,9,9,1,4,5,2,10,12,10,12
7/40,0,2,0,1,-5,6,-3,-2,6,-1,10,11,-3,-12,-8,6,7,-11,-12,-15,-13,-10,2,-12,2
-39/20,0,0,0,-5,-2,-7,-3,1,-3,3,3,10,0,-1,-6,-10,0,-13,2,14,7,0,12,0,-2
-32/21,0,0,-2,-5,6,-1,-4,-2,-6,-2,-4,10,-6,8,0,-3,10,13,1,10,10,5,6,6,-14
80/3,0,0,0,0,-5,-5,-3,-2,-9,-5,6,10,0,-2,7,10,0,2,-2,4,-13,-14,12,-12,9
-39/5,0,0,0,1,-5,-7,3,1,2,-1,8,10,6,-6,7,-10,6,2,11,-12,-7,-14,-4,-13,-1
-77/15,0,0,0,1,0,6,-3,1,-3,7,1,-7,-6,6,0,10,-10,-5,2,8,-5,5,-12,18,13
-81/13,0,0,0,-5,0,-2,3,1,-3,-2,-1,-2,-3,8,2,-10,-2,-11,-14,-9,-9,-6,-4,10,12
-38/59,-1,-2,3,1,4,0,-3,1,-3,7,1,-2,-9,10,0,6,10,-10,2,-2,14,6,-7,2,8
25/94,0,2,0,1,2,-5,3,-2,-3,4,-7,6,7,6,3,2,-13,-2,-8,-13,-1,13,-16,-8,-5
-95/51,0,0,0,-5,6,-5,-2,1,0,-8,3,-2,-1,9,-6,4,0,6,8,-1,-16,-8,-16,0,9
-87/76,0,0,0,3,6,4,-3,-2,0,-10,-9,-8,0,-1,0,-10,7,1,-14,-5,8,-15,6,-15,11
-62/39,-1,0,2,1,0,-2,-3,-2,-4,-5,-10,-1,-1,4,-6,0,11,2,2,-9,6,-4,-3,-1,-5
-54/41,1,0,4,-5,4,6,-6,0,-4,10,2,-2,6,2,6,-2,5,-5,12,13,2,4,-4,6,12
-58/41,-1,2,-3,1,-5,2,3,1,3,-10,10,-8,6,1,0,-6,-11,-1,16,5,-5,-10,-10,3,1
-11/25,0,2,0,1,0,4,2,-2,2,10,2,-8,-3,10,-8,-2,11,2,4,-9,-14,13,10,0,2
-77/103,0,2,0,1,0,6,-3,-2,-6,-8,-1,-2,10,-2,0,6,-4,-10,4,3,10,13,1,-9,-3
-91/80,0,2,0,1,6,-7,-3,0,-8,9,2,-6,6,12,-10,-4,10,1,6,8,7,9,-3,6,-3
-71/27,0,0,0,0,6,6,5,-2,3,0,1,5,6,5,4,6,0,1,-3,-12,6,-6,-6,-8,-4
37/25,0,2,0,-5,4,0,5,-2,3,-1,1,-11,-1,1,6,1,0,-5,-4,-8,6,6,6,-15,-7
118/5,-1,-2,0,-5,2,-5,-1,1,-9,-5,-5,-1,12,9,-2,5,-12,-3,4,0,7,6,0,6,2
115/6,0,0,0,-5,6,-5,2,1,-7,-3,-1,10,7,-12,-6,6,-4,-1,10,-15,-6,5,-10,12,12
-8/93,0,0,1,3,4,-1,3,1,-3,-10,2,-2,3,2,-6,4,-9,-2,-3,3,-13,-7,6,-6,10
-9/77,0,0,-2,-5,-2,-1,3,-2,-9,-1,10,-10,10,-6,-8,1,-4,-10,-2,-12,-5,5,-3,-14,-6
185/13,0,-2,0,-5,6,-2,-4,1,-6,-5,10,-11,-4,-6,0,-6,-10,-2,0,-9,-8,4,2,-14,9
192/13,0,0,2,-5,0,-2,2,1,-3,-5,1,6,12,7,3,-2,-12,-8,4,8,10,13,12,-14,8
-44/51,0,0,4,1,0,-5,-2,0,-3,-1,-10,10,-6,8,0,-9,10,2,14,14,-13,-14,0,10,-2
-1/18,0,0,3,-5,-2,-5,3,0,4,-5,3,10,6,12,1,11,-11,-3,4,6,-6,-8,2,-6,17
-13/77,0,2,4,-5,-2,-7,-3,1,3,10,-9,-2,-3,7,0,-4,-2,-5,-14,-4,2,10,-3,3,0
-13/76,0,-2,-3,1,-1,-7,-4,-2,6,-5,10,-8,8,4,11,-12,10,-7,8,15,-14,-8,-16,-6,-1
-38/29,1,-2,2,-5,-3,-1,5,1,-3,-6,10,2,10,9,0,-10,-7,-1,12,5,8,-4,5,2,-10
21/71,0,0,2,1,-1,2,1,-2,-4,6,1,-6,0,4,-8,6,-10,-8,-11,4,10,12,12,-4,-12
19/96,0,0,2,0,-5,-1,5,1,-4,6,-9,-5,6,-9,-2,-2,0,-4,12,-9,-6,-15,2,6,-5
-82/79,1,-2,2,0,-2,-1,-3,-2,-3,5,-4,-6,-4,0,-6,-7,9,-1,-2,2,4,-8,3,-15,-4
-22/31,-1,-2,0,1,0,-6,-3,-2,-8,-10,2,-5,0,4,11,-3,4,-6,-2,-12,-6,-16,10,10,1
-67/91,0,-2,0,-5,4,-2,2,1,-8,-4,10,-7,-4,8,-6,6,4,5,-5,-4,0,0,12,10,8
-70/93,1,0,0,1,0,-5,-3,1,-4,-1,2,-2,6,4,0,-6,-5,0,-10,12,-11,-1,-4,0,13
-11/15,0,0,0,3,0,2,2,-2,6,6,-1,-5,-7,2,10,-10,-11,-3,-14,12,7,6,6,-14,-3
-1/47,0,2,2,-5,4,-5,-3,1,-4,-5,-4,10,-3,-9,3,10,4,-3,9,4,-4,8,12,3,14
-56/37,0,2,-3,1,0,0,-3,1,-9,6,2,-8,-6,4,-6,-4,-12,1,5,-8,14,-8,-16,-14,-12
48/91,0,0,2,-5,4,-2,-3,-2,-8,-5,2,-2,-3,-6,-11,6,-9,4,-12,-9,2,-1,4,-10,-10
60/7,0,0,0,-5,4,1,5,-2,6,0,-9,6,8,2,3,-3,-7,4,4,-15,6,-6,10,12,-1
61/7,0,2,-3,-5,-3,-5,3,1,1,-5,-1,2,-6,8,4,-2,0,-13,-3,6,5,-11,0,0,-5
-21/44,0,0,0,1,-2,2,2,1,-4,4,-9,-10,-3,-2,0,2,-7,5,8,8,-6,-16,-3,3,10
-39/85,0,0,0,3,-1,-7,-2,1,-4,-4,2,-7,4,-3,4,6,2,1,2,8,2,13,4,-14,3
-69/89,0,0,1,3,0,0,-3,1,-7,0,-7,-7,0,4,-8,6,0,-7,8,-12,-2,0,12,-8,18
-65/89,0,-2,0,0,-5,-7,2,-2,4,4,-2,-2,6,8,1,-3,-4,4,-14,-12,-8,13,0,-8,-1
-47/6,0,0,0,-5,4,1,6,1,-9,-8,10,5,12,7,-8,-3,-2,1,3,12,-14,-14,4,-3,8
14/87,1,0,-2,1,0,1,1,-2,3,-6,-1,-2,-1,-7,0,6,-14,13,-14,4,-16,-10,4,-15,11
14/85,-1,-2,0,1,6,0,-2,-2,-8,6,6,-2,8,1,-6,6,-2,4,4,2,11,10,0,2,-6
-13/69,0,0,-3,1,-2,-7,-3,-2,0,-5,2,-5,-6,8,10,6,7,1,-13,12,-13,8,-16,-17,9
83/12,0,0,2,-5,2,-5,2,1,-3,3,-7,-5,-3,-9,-7,6,-2,5,-2,2,-1,-14,0,6,-6
-39/76,0,0,0,-5,2,-7,-1,-2,-3,6,-9,7,0,5,4,-6,6,8,0,-12,7,6,-3,3,-12
-85/44,0,2,0,3,-2,-1,-8,1,6,-2,3,-7,12,-6,0,-11,6,-1,-13,-12,-1,8,6,-10,13
89/20,0,2,0,1,4,-1,1,-2,-3,5,6,-5,0,-2,-6,-4,-9,8,3,-12,7,1,1,-13,10
91/19,0,2,2,1,6,-7,2,-2,2,-5,-9,-10,0,-2,13,-6,-9,13,12,13,4,-16,3,18,-6
99/19,0,-3,4,3,0,2,1,-2,0,6,0,10,6,-12,0,6,4,2,2,4,-4,4,3,-12,8
-104/11,0,-2,0,1,-2,-7,-5,-2,-3,0,1,-8,-9,-7,-3,-7,6,-1,4,-12,-8,-16,3,18,-7
37/33,0,0,2,1,-2,-1,2,1,2,-7,3,-11,12,6,0,-9,0,-1,6,12,-5,-8,-4,6,-6
-41/70,0,2,0,-5,0,2,2,-2,-3,0,-1,8,-4,8,-6,-3,0,-1,5,-15,-10,11,-9,-14,9
1/313,0,2,0,3,0,2,2,-2,-3,-3,-8,-11,-4,-6,0,4,8,-5,10,-12,-6,4,6,-8,2
-4/311,0,2,0,0,2,-5,-5,-2,-3,6,-9,-2,-3,5,-8,1,4,6,4,4,6,-8,-3,-17,-6
-7/97,0,-2,1,1,0,2,5,1,-8,-5,6,-5,-6,9,-3,6,-1,10,-12,-12,7,-1,4,6,4
-6/97,1,0,0,1,-2,6,-3,1,6,4,-1,10,6,-10,0,3,0,-2,0,9,-4,4,8,-6,4
-33/89,0,0,2,1,0,2,-3,1,3,-1,4,-7,-9,-9,-11,-4,0,10,-12,-8,-10,0,4,-8,-10
-71/49,0,2,4,-5,6,0,-1,1,3,-3,0,-6,0,0,-6,-2,-4,-4,-12,-12,11,-5,0,6,1
-65/44,0,-2,0,1,-2,-7,-6,1,-8,6,-9,5,-2,8,12,3,-12,-4,-11,5,5,1,3,2,17
-71/44,0,-2,0,3,-2,-5,5,1,-3,5,4,10,-1,9,-6,-6,0,-6,8,-12,-4,13,6,3,-12
-56/59,0,-2,0,1,0,-5,-1,-2,-3,-7,-4,-2,1,-6,7,-4,10,6,2,0,-6,11,12,6,-18
-37/88,0,-2,2,3,-2,-5,3,1,-3,0,-9,-11,4,10,8,-7,-11,6,12,-1,-2,6,0,-12,-6
-7/96,0,0,-2,1,2,-1,-3,1,0,-2,-1,6,6,4,4,-10,5,5,2,-7,7,-14,-4,-9,-6
71/11,0,2,0,1,-2,2,-3,-2,-9,-5,-4,-6,12,-1,-6,-2,4,5,-12,-12,-11,13,-3,12,-14
80/87,0,0,0,0,0,-6,-5,1,3,-6,-4,-7,6,4,4,1,6,-4,11,3,-8,-12,1,-14,-10
-61/100,0,-2,0,0,4,6,2,-2,-3,-7,-5,-5,6,7,-3,3,-10,-13,2,-12,-6,10,-8,4,0
-91/81,0,0,2,1,-1,-7,-1,1,6,7,-5,-11,8,-6,0,6,-1,1,-13,-13,-5,6,-6,12,17
-1/265,0,-2,0,0,6,-5,2,0,-8,6,-1,-1,4,-4,0,5,-2,1,12,-2,2,6,3,6,-18
-3/440,0,0,0,3,-2,-5,-1,1,-4,4,0,-5,-5,-1,-2,-4,-4,-10,2,-2,4,10,-3,12,-2
-5/882,0,0,0,-5,-2,-1,5,1,6,-7,-2,10,-1,4,6,6,2,2,-12,14,7,-9,-3,12,12
-4/485,0,2,0,-5,4,6,-4,-2,-8,6,6,7,-3,-7,12,-4,-11,-10,4,-12,-2,-10,4,1,4
-1/162,0,0,0,1,-3,0,5,-2,-4,-5,-1,6,12,-1,-6,-3,6,10,2,-15,-6,15,2,-9,9
-43/76,0,-2,3,0,6,0,4,-2,3,-2,-1,-10,-6,-1,12,-3,0,-4,8,-12,-4,9,-4,-8,2
-43/78,0,0,1,1,-5,-2,5,-2,6,-5,2,-2,12,-1,-6,-9,10,-10,9,12,11,4,1,10,-18
52/41,0,-2,-2,-5,-5,-7,2,-2,6,3,1,10,6,-6,0,-2,-4,8,8,4,8,-10,3,-6,14
51/2,0,0,0,0,0,-6,-8,1,4,4,1,10,-6,-1,4,0,-2,-13,-14,-12,11,-6,-9,-12,-9
50,1,-2,0,0,2,4,3,1,0,0,10,10,8,8,-7,11,-5,-4,4,11,4,8,-7,5,2
-84/13,0,0,3,1,-1,-2,-3,-2,-3,-1,0,-7,3,4,-6,6,0,-6,2,-8,-5,-9,2,-15,8
-61/45,0,0,0,3,4,-5,-3,-2,-3,-1,-1,-10,-5,5,0,-3,-7,-13,0,13,-4,-10,12,-3,9
-60/43,0,0,0,3,4,4,3,-2,-4,-2,-9,11,-1,-12,-6,-10,0,-3,-5,4,-13,13,-3,-7,3
-89/101,0,-2,0,3,4,-5,-3,0,6,-2,4,-7,8,-6,0,-2,13,-10,5,12,11,-8,-8,-13,10
33/74,0,0,2,3,0,-5,2,1,6,6,-9,-8,-6,12,-6,7,-14,4,-12,-5,-11,8,-4,-14,-6
35/83,0,2,0,1,-3,6,-3,1,4,9,3,-2,0,-6,-11,6,4,-5,8,-12,5,5,-16,6,12
97/57,0,0,4,1,6,-1,-6,-2,-3,3,-2,-2,-3,-4,12,-9,7,-7,-11,14,4,6,-4,-2,8
95/56,0,2,0,-5,4,2,-6,1,-8,-2,1,-2,6,-1,0,-2,-4,-10,-10,-15,-8,5,-4,-1,18
27/50,0,0,0,1,6,-6,1,-2,-3,6,-8,-7,3,-4,6,-2,6,1,4,3,-13,15,12,-10,11
5/87,0,0,0,-5,2,0,5,1,-4,-6,-7,2,-6,2,12,3,-11,4,-14,-1,-5,8,4,3,-13
-98/3,1,0,2,1,-3,0,1,1,-8,-4,10,6,-7,-3,-10,-6,-10,13,-8,0,-5,-11,-16,-12,-2
-63/5,0,0,0,1,4,1,4,-2,-3,0,6,-2,-6,-3,0,-6,-9,13,-12,14,-13,-4,-6,-14,1
-37/46,0,-2,2,3,0,-5,-3,1,0,7,3,-11,8,4,6,6,-2,4,4,-8,12,-8,11,-8,8
13/77,0,-2,1,-5,-2,-7,-4,-2,-6,3,-5,6,-7,-9,4,6,6,-6,10,0,-13,13,-9,-6,2
51/38,0,0,0,3,0,2,-8,-2,6,-2,-7,2,-3,8,4,-2,4,-10,4,4,14,-4,2,-9,-5
-60/61,0,0,0,1,-5,0,5,1,-9,0,-4,-5,-6,7,0,3,-4,-4,-3,0,-9,-15,6,3,-14
46/75,1,0,0,-5,6,0,-4,-2,-7,4,-7,-7,-1,12,12,-2,-7,5,4,-9,12,13,14,-4,11
-31/98,0,2,2,-5,0,1,6,1,4,9,-10,-6,6,-6,-1,-4,0,10,4,10,-5,-16,15,0,13
29/71,0,2,1,0,0,6,-3,-2,-8,-10,8,-2,6,8,7,-12,10,-1,1,4,2,4,14,-6,-2
17/35,0,2,0,-5,-2,6,-8,-2,3,-1,3,-5,-5,-7,-4,-6,-10,-6,4,-3,-1,-5,0,18,8
41/17,0,2,-3,1,4,6,-2,1,-4,0,8,-7,-4,-4,11,6,-4,1,-12,15,0,10,0,-8,13
45/41,0,0,0,-5,4,1,-3,1,4,4,-1,10,6,10,-11,3,10,13,8,-12,-4,-9,-4,-12,14
-26/83,1,-2,2,-5,-2,-7,-3,1,6,0,0,-6,2,1,0,-6,0,-5,9,-4,12,13,-16,12,-12
-40/93,0,0,0,0,-2,-6,6,0,2,5,2,-1,2,-4,10,0,-3,10,4,-12,-6,6,-11,6,-7
-46/31,-1,-2,2,0,-5,-1,-3,1,-7,-4,2,-7,12,7,0,-2,0,8,-4,15,2,2,4,-13,18
38/5,-1,2,0,1,-5,-5,5,1,-8,-2,-1,-2,-3,10,0,11,-4,10,4,7,-16,10,0,18,-18
74/11,-1,2,2,0,-2,0,3,1,-3,-5,10,-11,3,4,7,-4,-2,6,8,-15,-14,-8,12,18,11
-89/46,0,2,0,-5,4,-5,5,1,0,-4,1,5,2,10,-8,6,-7,-2,-14,-12,11,-4,16,-13,3
-97/4,0,-2,3,1,2,-5,2,1,-6,-5,1,-7,0,12,7,6,-1,-7,4,6,-10,8,6,-6,8
-7/41,0,2,-3,1,2,1,3,1,2,-8,-8,2,6,-4,6,-7,-4,6,10,-15,-10,-16,-3,0,-12
-17/86,0,-2,2,1,-2,-6,-8,1,-4,-5,-4,2,1,-12,-6,-4,-1,1,8,-9,-10,-8,4,1,2
19/1170,0,0,0,-5,-1,-2,2,1,-3,0,8,5,12,-1,-6,6,6,4,-2,-5,2,-1,1,-2,-8
38/2341,-1,-2,3,0,-2,6,-5,1,-4,-5,-1,2,-4,4,2,6,6,0,1,0,-16,-4,9,-17,-12
13/781,0,2,-3,-5,-2,-7,-3,1,6,-5,-4,-1,0,12,0,6,6,-13,-7,4,-5,-14,-15,18,2
38/2343,1,0,0,1,-2,-5,-1,1,6,9,-5,-10,6,-4,-6,6,-4,1,3,4,10,-7,12,-14,-5
9/46,0,0,1,-5,6,-5,2,-2,0,0,-9,8,10,10,-6,6,6,-11,9,-5,4,8,12,6,-9
-31/50,0,2,0,-5,-3,-1,2,1,-8,6,-10,-7,-2,-7,0,6,0,2,9,-2,10,-10,17,10,17
-44/85,0,2,0,-5,0,1,-2,1,-8,6,-8,5,12,-6,-11,-2,-2,-10,-4,6,-1,-4,0,10,17
99/71,0,0,1,0,0,2,3,-2,-3,0,3,-8,8,4,4,-11,8,10,10,4,7,5,16,-9,-12
96/73,0,0,0,-5,0,6,-4,1,-3,-10,-1,-2,3,1,-3,-4,9,13,5,-7,-6,-16,0,-7,-1
-39/40,0,0,0,1,4,-7,-6,1,6,6,6,-11,-9,-1,11,1,-14,6,-14,-2,-6,0,3,12,-6
-19/75,0,0,0,1,-3,0,1,1,-6,-2,-1,10,8,4,2,6,-4,-5,8,4,2,-8,1,-6,8
94/65,-1,-2,0,-5,4,-2,2,-2,3,4,-8,-1,12,8,-8,0,-2,-12,8,-12,-2,-10,-6,10,13
98/67,-1,-2,1,1,6,2,-3,1,-4,-1,2,5,-4,-2,11,9,10,-8,0,-5,-13,-5,-4,-6,11
101/64,0,-2,2,3,6,1,-3,1,1,-5,-10,8,-3,-1,0,-2,-4,-12,12,13,-9,9,12,10,14
-74/53,-1,-2,2,1,-3,-5,2,1,-9,0,-1,-11,4,2,11,5,-4,0,-10,10,0,-16,-3,-3,9
57/94,0,0,2,-5,-3,-6,6,1,-8,-2,-9,8,2,5,3,-3,4,4,-14,-3,14,9,-3,0,-5
-81/31,0,0,1,0,-1,0,-1,-2,6,5,2,-3,-5,-3,-6,-3,4,-5,11,-3,0,-15,-9,6,-12
-79/33,0,0,-3,0,-2,4,5,1,-4,-7,2,6,2,4,6,-6,2,-1,1,-5,-11,4,-7,3,-18
-75/32,0,0,0,-5,0,6,6,-2,3,-2,10,-2,-7,10,12,-6,-4,-4,4,0,-6,-12,2,6,-1
52/67,0,2,4,1,0,-7,3,1,-4,0,-4,-5,-7,4,-8,-12,-11,1,0,-1,5,-7,0,-6,2
50/69,1,0,0,1,-1,-6,3,0,0,2,4,11,-3,6,0,-4,4,-7,8,-6,4,-1,1,3,10
68/11,0,2,0,3,-2,-5,-8,0,6,6,-5,5,-5,-7,11,-9,13,-7,-14,-9,2,8,0,6,-6
-51/44,0,0,4,1,-2,-5,-8,0,4,3,-1,6,-3,6,0,1,10,-5,-12,4,-8,-16,14,-10,3
-2/53,-1,-2,0,3,-5,4,3,-2,-8,-5,-1,5,-3,-6,-11,5,-1,-1,3,-12,2,6,6,-8,2
-85/37,0,-2,0,3,0,2,-8,1,1,6,-1,-8,-1,8,13,-6,2,10,-7,9,0,-9,-6,2,-6
-89/39,0,0,1,-5,0,-2,-5,1,-6,2,4,10,-3,4,0,1,-9,1,4,3,-5,-11,12,-13,8
-40,0,-2,0,1,-3,6,5,-2,2,-10,-1,-10,-6,10,0,5,0,-5,-13,-15,-11,12,-3,-14,-12
11/32,0,2,-3,0,0,-5,2,-2,4,2,3,-7,-6,10,10,-6,2,-3,8,6,7,9,12,-10,-1
4/95,0,-2,0,0,6,2,2,-2,-3,6,-6,-7,0,-4,-1,6,-10,-11,3,10,5,-11,-4,-8,-14
-55/63,0,0,0,-5,0,-5,5,-2,-3,-10,2,-2,-6,12,0,4,0,-5,-11,-13,14,11,-6,-6,14
-84/95,0,0,0,1,6,-5,6,-2,6,-2,-1,5,3,2,4,-6,-3,1,-11,-9,-7,-8,-4,18,11
32/31,0,-2,-2,1,2,-1,6,1,0,4,2,10,-6,-1,0,5,2,-5,-7,8,14,0,-4,-10,8
-97/75,0,0,0,3,6,0,-3,1,-8,-2,-1,2,6,-6,-6,-6,4,2,3,6,2,5,-4,-15,8
-33/25,0,0,0,-5,0,6,5,1,6,4,-8,-8,6,4,0,-9,10,1,4,-12,7,-5,12,6,1
53/8,0,2,0,-5,0,-5,-3,1,-8,5,-9,10,-7,-12,0,-10,-14,0,8,-15,14,-15,-12,-7,2
93/19,0,0,-2,1,-1,-1,-3,-2,-8,4,-10,8,6,1,-8,-4,1,1,11,-6,-13,-9,-4,-6,-7
47/10,0,-2,0,-5,0,-6,2,1,3,-2,-1,8,-6,4,-8,6,-10,-5,8,15,12,-14,5,12,8
-57/46,0,0,-2,-5,6,1,-3,1,0,-5,-8,-1,-6,0,4,1,0,10,-12,6,-10,0,14,10,-2
-67/3,0,0,0,0,4,-5,-5,-2,-6,-8,10,11,-6,6,6,5,-7,5,-5,6,-13,-1,-10,-12,-7
-84,0,0,0,1,-3,6,4,-2,6,5,-5,11,-9,4,4,-9,0,8,4,-1,11,-1,12,-8,-2
-69/13,0,0,-3,1,-3,-2,-3,1,-7,-5,-5,2,-6,-2,4,-9,-9,8,-4,3,14,-4,-10,-12,-2
-73/9,0,0,2,1,0,0,1,-2,-4,-5,4,5,-6,7,-6,-2,4,-10,2,5,-11,12,6,-14,6
-86/61,1,2,1,0,-3,0,2,-2,-3,10,-2,10,6,-1,8,6,6,-4,-14,-3,10,4,12,-4,9
-19/22,0,-2,-3,1,-2,-5,2,1,-9,4,-5,-2,-6,2,0,6,0,13,9,5,-1,-14,-4,-1,-6
-77/89,0,-2,3,1,0,-6,-6,1,6,-4,-9,-7,-4,10,12,6,8,1,-12,-9,-4,8,11,-8,12
-29,0,2,4,1,-3,2,2,1,-8,-10,-6,-2,-6,-7,-6,-10,-14,10,4,12,8,8,16,-8,-3
-86/3,-1,0,0,-5,0,-6,5,-2,6,10,1,5,7,-1,1,6,-5,5,5,3,-14,2,12,-6,17
-99/74,0,-3,1,-5,0,0,-4,1,-8,0,0,-8,-6,-10,-8,6,-7,-3,-4,9,-6,-1,17,-8,3
-91/88,0,-2,3,1,-2,-7,5,-2,-8,-2,3,-8,-3,-10,0,6,4,4,0,4,0,8,14,0,-1
-46/45,1,0,0,0,0,2,-6,-2,-7,-5,1,-7,8,4,0,3,-3,2,4,15,-4,5,-3,-12,-18
-83/98,0,-2,1,-5,2,1,-3,1,-3,5,-6,-3,2,7,-6,6,-4,1,6,-15,-13,-14,0,-8,-18
-74/57,-1,0,3,3,4,-6,3,-2,6,4,-8,-11,12,8,4,6,-3,-10,-14,8,-7,5,4,8,9
-71/24,0,0,4,1,-2,1,-6,0,-8,7,10,2,8,-4,-8,-2,-4,2,12,-12,-10,-14,-4,-14,-14
-67/23,0,2,4,-5,6,-5,2,-2,0,4,-1,10,1,2,10,-14,13,13,-5,4,-7,13,-13,1,8
26/47,-1,2,-2,0,4,-7,-6,1,-8,-3,-8,-5,-6,7,3,-2,-4,-2,-14,-12,1,-10,-7,0,-6
-19/39,0,0,1,-5,2,-2,2,1,2,4,8,-7,-4,4,4,6,6,-3,-13,6,-6,11,0,-1,10
-5/31,0,2,0,3,0,6,-3,-2,6,-5,2,10,12,-1,-6,1,-11,8,-12,13,-2,-10,-16,10,2
-64/15,0,0,0,1,2,6,5,1,6,-5,-10,10,-3,4,4,-10,0,5,-13,0,-4,0,-16,18,-3
-66/85,-1,0,0,-5,0,4,-2,1,-6,-2,4,-1,-3,1,0,1,-2,1,-12,-6,-2,5,-7,18,0
-51/53,0,0,-2,3,0,2,-8,1,-9,4,4,10,1,-4,-6,5,-4,10,0,0,4,-5,10,-7,12
-23/67,0,2,4,3,6,-5,-5,-2,-7,7,-1,6,-9,12,4,-10,0,2,0,14,-5,-16,-12,-12,-2
-20/37,0,2,0,-5,2,2,3,0,-3,-5,2,-8,-6,-9,4,1,-7,-4,5,-12,-11,-14,6,-15,1
25/69,0,0,0,3,-5,1,-3,-2,0,-8,-1,-3,-6,-3,-8,-6,-4,4,-2,16,12,5,-3,-1,-6
-67/26,0,2,-2,1,0,-2,-6,1,-6,5,2,5,12,4,8,6,-11,-10,-5,3,11,4,0,-7,-1
64/15,0,0,0,0,4,-6,-6,-2,-3,-5,-9,-11,-9,-4,0,6,-1,-10,0,13,11,8,-3,10,-18
41/4,0,-2,1,-5,-1,6,-5,1,-6,5,10,8,-4,8,3,11,-7,-13,-13,8,-13,-9,3,6,18
-49/78,0,0,2,1,2,-2,1,1,-3,0,-9,-10,-7,4,12,-3,4,-2,4,-12,14,-8,-3,3,6
-16/29,0,2,4,-5,-3,6,-1,1,-3,-6,-1,10,2,4,-6,3,-4,4,12,-12,-6,6,7,-10,2
27/74,0,0,-3,-5,-1,1,-3,1,6,-10,1,-8,-6,6,2,-10,9,-10,5,13,2,8,16,-1,-3
-22/15,-1,0,0,1,0,0,5,1,-4,3,-9,8,-5,-4,-2,1,-14,-1,10,-12,-4,9,-4,0,-12
-9/59,0,0,1,-5,2,-5,4,1,-8,7,3,-2,6,1,7,-2,10,4,-12,5,-13,15,-16,0,-2
-7/58,0,-2,4,1,4,2,3,1,-3,-6,-7,-8,-7,7,0,1,0,1,4,0,-2,-14,-5,18,6
-59/21,0,0,4,-5,-3,-5,5,1,6,4,-5,-1,-6,-9,-2,-4,-12,-5,-14,-15,-11,8,5,1,-13
-76/27,0,0,-3,1,0,0,-5,1,0,0,10,-2,2,4,13,9,-1,13,-11,-12,-13,5,3,-4,-9
56/13,0,-2,-3,1,2,-2,2,1,-4,4,-8,-5,-9,-6,-4,1,10,-1,-14,-7,-10,15,6,6,-1
24/65,0,0,0,-5,0,-2,-4,-2,-8,7,-1,-7,-6,2,0,-6,6,1,2,6,-13,11,16,-9,-7
23/66,0,0,2,3,-2,2,2,-2,-7,0,-4,10,0,-6,0,-2,-3,1,2,9,0,15,-9,-9,-14
23/65,0,2,0,0,6,-2,5,-2,-7,-3,10,10,-4,10,-10,-10,0,-5,-11,-12,2,-1,3,2,-10
-71/37,0,2,2,3,4,1,3,-2,-3,-7,-1,-8,4,-10,10,4,6,-11,0,-12,-6,-14,-4,10,12
59/25,0,-2,0,1,4,-6,4,-2,6,6,4,6,-5,1,-6,-6,-12,-6,-11,0,-5,-16,15,-12,-18
61/20,0,-2,0,1,0,-5,-4,1,6,3,8,-5,-6,12,-6,-9,4,-13,6,-15,11,11,3,-1,10
63/32,0,-3,2,1,-2,-5,5,1,3,0,2,-2,-3,-4,-8,11,-3,-10,8,8,-4,12,6,0,-12
59/31,0,-2,2,0,0,-5,2,1,-6,6,2,-2,-1,-1,7,3,-12,-8,-12,11,0,11,3,-2,-14
-86/63,-1,0,2,-5,-2,-5,1,-2,-4,-4,2,-6,-1,-1,-8,-6,1,6,2,-12,-10,8,-11,-8,7
-83/61,0,2,-2,3,6,4,1,-2,-9,4,-8,-3,-7,-10,-11,3,-4,-4,8,-1,-1,4,0,2,-12
-46/33,1,0,0,1,-2,6,6,-2,-7,5,-1,-6,6,-3,4,11,-4,1,8,-12,14,0,-4,6,2
3/35,0,0,0,-5,4,-1,2,1,2,6,-2,-2,6,2,-6,-2,6,-5,-12,4,-6,0,3,-6,14
-4/57,0,0,2,3,0,6,2,-2,6,-2,2,-7,10,-12,6,0,-2,10,-10,-15,-2,13,-4,9,-3
-79/38,0,2,2,-5,-3,2,-1,-2,3,-5,-6,-3,12,4,8,-4,-11,-8,2,-5,6,4,-5,8,16
-65/59,0,-2,0,-5,-2,-7,5,1,6,6,2,6,7,-1,3,-6,10,2,4,-15,11,-8,1,-8,8
-21/20,0,0,0,1,4,2,-1,-2,3,-5,4,5,-6,-7,12,-2,-2,2,2,9,2,-1,-4,-9,13
-33/28,0,0,2,-5,0,1,2,1,-8,-2,3,-5,-6,7,-8,-2,6,10,8,-9,2,4,-9,0,-6
34/77,1,-2,2,-5,-2,-5,-8,1,6,3,-7,7,7,-6,0,11,-11,2,9,8,-1,-1,4,10,8
35/78,0,0,0,1,-1,-2,6,1,-3,0,-1,10,-7,-6,0,0,-11,-11,-8,3,-6,5,-4,-10,2
25/58,0,2,0,1,-5,0,-5,1,0,-6,8,-5,4,8,0,-7,0,5,-13,13,-6,15,12,10,-10
56/83,0,2,3,1,-1,-6,-5,1,0,6,-9,6,2,-4,-8,6,6,-6,4,0,2,-10,-16,5,-1
58/79,-1,2,0,0,4,-6,-3,-2,-3,-10,10,-5,6,-1,10,6,6,-2,5,6,14,-8,2,10,18
-42/67,1,0,1,1,-1,-5,-3,-2,-8,-4,-10,-1,-1,4,-8,11,0,-12,0,-6,-6,4,5,-13,-14
74/7,-1,-2,3,-5,0,-5,-3,1,0,2,0,-11,-3,1,-8,1,0,6,12,-15,7,9,-3,-6,13
46/57,-1,0,2,-5,-5,-5,-6,-2,-7,-5,-4,-1,6,5,8,-6,-11,-10,-2,-4,2,-4,17,-15,14
44/57,0,0,2,1,0,2,-3,-2,0,3,4,-2,0,4,-8,-9,-3,-4,2,6,-5,-7,-3,-14,2
-14/39,-1,0,1,1,4,-2,-3,1,6,4,6,-6,-9,-4,6,-3,-12,-7,-10,6,7,13,6,4,-18
-7/37,0,-2,2,1,-5,2,-4,-2,3,10,-10,-8,-6,4,-6,6,5,13,8,3,-4,11,1,-6,2
97/11,0,-2,0,-5,-2,2,5,-2,-3,6,6,6,6,-6,-6,-14,2,4,4,5,14,8,4,2,8
95/14,0,2,0,-5,2,-5,-3,1,-3,9,-5,-7,-9,8,6,1,-9,-1,-12,3,12,8,6,0,18
92/31,0,-2,3,-5,0,-5,-4,-2,-7,-5,2,-10,12,8,12,-2,6,10,9,3,-2,6,17,-14,2
-94/21,1,0,0,-5,2,4,-6,-2,-3,3,-4,6,-6,8,-8,1,0,-10,4,8,1,9,4,6,-18
-95/21,0,0,0,-5,4,-6,-5,1,-3,4,-7,7,2,-6,-6,-6,-4,-2,4,13,-13,-16,-1,-1,-9
-44/19,0,2,1,0,0,2,6,-2,3,4,-1,5,-7,4,-6,2,0,-2,0,11,-5,5,-15,-15,-2
-85/39,0,0,0,-5,2,-2,-8,-2,-4,-4,2,10,-7,-9,10,-2,0,8,8,6,-10,-6,12,0,-2
-1/33,0,0,2,-5,-2,4,4,1,-6,6,0,-6,-5,-1,6,6,-7,13,-12,2,14,9,2,-15,2
-61/41,0,2,1,-5,-1,0,4,1,-8,6,-4,-1,6,4,-6,3,-10,-13,-12,-9,2,-6,4,-10,-14
-11/75,0,0,0,1,0,-5,-3,-2,6,9,1,2,6,-6,-6,-4,5,-5,2,-2,-2,-1,0,-16,5
-3/20,0,0,0,3,4,6,3,1,-3,10,-1,6,1,4,0,6,-5,-1,-12,-6,5,9,-6,18,8
-29/69,0,0,2,0,4,-1,2,1,0,-10,10,-6,-6,2,-6,6,5,-13,11,11,11,-1,-3,-12,1
100/37,0,2,0,0,-2,0,2,-2,-8,-1,-9,-8,6,-12,6,9,13,1,11,2,-2,12,-5,0,2
-78/35,-1,0,0,-5,4,-7,1,-2,-3,4,-9,10,0,10,-10,-9,0,-5,8,0,-5,-8,9,2,8
-73/85,0,-2,0,-5,2,2,-2,-2,-8,6,-9,11,3,6,-3,-10,6,8,-11,-8,-11,0,2,0,-14
-31/6,0,0,1,3,-3,2,-4,-2,4,3,-10,8,-4,4,1,-2,4,-1,8,5,-6,-14,-4,-14,10
-59/14,0,-2,1,-5,2,-6,2,1,0,-7,-4,-7,4,2,-4,-2,-12,4,-8,-5,-16,2,0,3,-7
-71/33,0,0,0,-5,-2,2,2,1,-3,-2,3,11,-6,4,-8,-6,4,-8,10,-12,11,-4,2,2,2
-38/15,-1,0,0,-5,4,6,-6,1,-4,4,-1,-3,-2,1,4,-3,-7,8,6,14,-13,-14,0,-9,13
-73/31,0,-2,2,1,0,2,-3,1,3,6,2,-1,-5,0,-11,-2,-14,1,4,-9,-11,-15,0,10,-14
-9/23,0,0,2,1,-1,1,1,1,0,4,-5,6,12,4,-6,1,-11,-4,8,-12,-11,-14,-11,6,12
-19/91,0,-2,0,-5,-5,-2,5,1,-9,-5,-7,-7,-9,-2,3,-4,6,8,-12,-15,-8,-5,-3,9,-8
-25/91,0,-2,0,-5,6,-2,-1,-2,6,4,-4,6,6,4,-8,-4,9,-4,8,0,2,5,-4,-14,-12
-85/13,0,-2,0,0,4,-2,-8,-2,-4,-10,3,10,6,-4,-4,-9,6,4,12,14,8,15,12,-17,18
35/92,0,2,0,1,2,-1,2,0,0,6,-9,-8,-3,-1,12,-10,0,-1,2,-12,-6,12,-7,-14,-14
-15/103,0,0,0,-5,6,0,-6,-2,3,3,-1,-7,-1,-9,8,-7,0,-13,-14,5,-7,-15,1,6,12
-9/101,0,0,0,-5,-5,1,-4,1,-4,-10,-9,-8,1,12,8,-4,6,-3,-2,-3,8,4,4,-6,2
31,0,2,4,3,0,-5,2,1,6,-7,-10,-1,-1,12,-11,-2,-9,4,5,-15,-2,6,3,18,-1
1/26,0,-2,2,3,-2,-2,-6,-2,6,3,6,-5,-4,2,-6,-6,-7,-12,-2,-15,-4,-16,-3,-10,-18
91/61,0,2,4,1,2,-7,-3,1,-8,4,-6,-6,2,-6,-10,6,6,-4,4,-13,4,0,12,8,-2
92/61,0,-2,-2,3,0,1,3,1,-7,0,2,-5,12,1,4,-6,-10,-4,2,3,-6,-9,3,-4,10
-35/57,0,0,0,1,6,-6,2,-2,-3,-4,2,2,7,-10,4,-2,-4,13,4,9,-11,-7,3,8,-2
71/21,0,0,2,-5,2,-5,2,-2,-4,-7,-9,-2,-3,6,0,6,11,-2,-11,-12,-4,-4,-1,5,8
-75/8,0,0,0,1,-2,0,2,1,-3,4,1,5,1,-3,4,-4,6,-3,4,-15,-4,1,11,-10,-18
-28/59,0,2,-2,1,-3,-1,2,1,1,4,1,6,3,4,-3,5,10,10,4,15,-13,13,14,-6,13
10/99,-1,0,0,3,-2,4,-3,1,6,-2,3,-6,3,-7,4,-2,-11,-10,4,-6,11,1,17,-6,-12
-59/9,0,0,1,1,-1,-5,4,1,-9,4,-8,2,-9,10,-10,6,-12,8,14,6,14,10,-3,-6,-6
70/17,-1,-2,0,1,0,4,-2,-2,-9,0,-9,-2,12,4,-3,-3,0,6,-8,6,-2,-10,15,0,-8
62/15,1,0,0,1,6,-5,2,-2,-8,-5,-10,2,7,8,2,6,6,-8,-11,12,7,-4,-6,-1,-6
47/81,0,0,-3,3,0,6,4,-2,6,-8,-5,-8,0,-4,-8,-6,-3,-10,4,15,2,-16,-4,18,13
50/77,1,2,0,-5,-2,0,5,1,1,-3,-2,6,-1,-1,-2,-11,-4,4,-4,-9,0,-8,8,-12,12
39/68,0,0,-3,-5,-2,-7,-2,-2,3,4,-1,-8,1,2,3,-2,-12,-5,-4,-1,-7,0,-3,-14,10
35/69,0,0,0,1,0,6,4,-2,0,3,-5,-6,8,10,-6,-11,13,5,5,-3,2,15,4,1,6
57/25,0,0,0,1,0,-5,2,1,-8,6,6,5,12,-1,-6,-3,0,8,3,6,0,-15,6,6,3
-86/67,-1,2,2,3,-1,-1,4,1,-4,9,-1,10,3,-1,-6,10,6,1,0,-4,-5,6,-16,10,-9
83/91,0,-2,0,-5,-1,-2,5,-2,-3,0,-5,-1,8,12,-6,-6,6,-6,5,6,-11,-14,0,-12,8
-6/23,-1,0,2,-5,4,0,3,1,0,4,-2,10,-6,-3,-8,-11,0,13,-8,13,-6,-6,-4,-10,2
-11/34,0,2,4,-5,0,2,-2,-2,-4,0,8,-5,6,-4,6,1,-5,-5,12,-15,6,0,0,6,7
-4593,0,0,3,1,4,-1,2,1,3,-10,-9,-3,12,12,1,6,11,1,-12,3,11,5,-8,9,2
84/83,0,0,-3,1,-2,-1,-4,1,2,-5,-10,-10,-7,9,-6,-10,13,4,-11,6,12,10,-16,18,14
87/82,0,0,0,1,-1,6,2,1,1,-10,-5,-10,6,-9,0,1,-4,-7,-2,3,14,-15,-11,-10,14
-27,0,0,-3,0,2,6,1,-2,-9,-7,-10,-5,-6,8,4,-4,-4,8,0,0,2,0,10,-15,17
-39,0,0,0,3,4,-7,6,1,3,3,1,6,-7,-1,-6,-2,-1,-8,16,-9,14,1,-13,5,-6
-67/44,0,2,3,-5,-2,2,6,-2,-4,4,-6,8,-6,-10,-6,-2,-4,2,-5,4,7,-15,2,6,-6
29/6,0,0,2,1,-2,6,-6,1,-3,-10,1,10,-9,-12,0,-6,-1,-2,5,-12,-2,0,0,6,12
37/45,0,0,0,3,-3,-5,-3,1,-3,6,-9,-11,12,4,12,-6,0,10,2,-9,-2,-8,-3,-6,-1
16/89,0,-2,1,1,4,-5,-3,-2,6,-5,-9,-1,-6,5,0,-10,-4,6,11,-12,-16,-8,-3,-8,-14
76/5,0,-2,0,-5,-1,2,2,1,2,0,-5,-6,-9,-2,1,7,10,-5,2,2,-4,6,-6,-6,0
-73/47,0,2,0,-5,4,6,2,-2,-9,-2,-5,2,-7,-7,3,4,-9,-1,2,0,-11,-8,1,3,-2
-72/43,0,0,4,-5,2,-5,-4,1,-3,0,-7,-7,-6,-12,-6,-2,0,-13,10,-9,-2,0,-1,10,13
-102/31,-1,0,-2,0,4,1,-8,0,-6,6,2,-2,-7,6,-8,1,-5,6,-7,-8,-13,-6,6,2,2
-101/31,0,2,1,1,-5,4,5,1,-9,6,2,5,1,-12,0,9,-9,-10,-13,5,-11,-16,0,1,12
382/19,1,2,2,-5,-5,1,-3,-2,6,3,-7,-11,-6,4,-10,1,-7,-10,8,11,-6,-8,0,-10,-6
379/21,0,0,1,-5,2,2,2,1,2,6,-8,10,6,8,-6,5,6,-4,-10,0,-11,-16,4,9,3
381/20,0,0,0,-5,-1,-5,-3,0,3,-4,-6,-3,-6,-1,-8,-2,6,10,2,-15,7,-8,-16,12,1
73/38,0,-2,4,0,0,-5,2,-2,3,0,6,7,3,4,-6,-12,0,4,-2,-2,-11,-1,0,-14,-6
75/37,0,0,0,1,4,-5,-3,0,3,9,-4,-8,-6,4,-11,-2,0,4,5,11,-6,-8,17,6,6
-77/69,0,0,2,1,0,2,-3,-2,0,6,-1,-2,4,4,4,-2,0,5,-6,4,-16,-16,8,9,-18
-82/69,-1,0,-2,-5,-1,6,2,1,0,4,6,-7,-4,4,8,6,0,-1,4,-15,2,2,-16,-10,-1
67/90,0,0,0,3,2,4,-1,-2,-3,5,10,-7,-3,-4,-8,3,-7,-8,-5,-5,14,8,3,12,-2
-25/97,0,-2,0,-5,4,4,2,1,6,-5,8,-2,-6,1,0,-2,6,10,2,15,-13,-16,-3,-17,4
-43/67,0,-2,4,-5,-5,4,-4,1,6,0,1,-7,-7,-1,11,-2,-2,-5,0,-12,10,-16,4,6,10
-1981/2,0,2,-2,1,4,-5,-3,-2,6,10,8,11,-6,4,4,6,-12,10,3,-15,10,-16,8,-6,2
69/29,0,0,0,1,-1,2,-1,1,-7,-6,3,5,6,6,-1,6,0,-2,2,0,-14,8,3,-6,14
13/95,0,-2,0,-5,4,-7,2,-2,1,-1,-1,-7,-6,7,1,7,-2,-13,-11,-15,2,-6,-3,-8,11
10/97,1,2,0,-5,2,-6,5,1,6,4,10,-1,4,4,11,1,6,13,12,5,-2,-1,12,12,4
-7/32,0,2,1,1,4,2,6,-2,1,-5,-2,-1,-3,7,1,6,11,-11,-13,-1,14,-7,1,-12,12
71/36,0,0,0,0,0,4,-1,1,-3,-4,-1,-2,0,-3,13,-2,-1,13,8,-12,-6,-8,-8,6,10
-83/46,0,2,0,1,0,1,2,-2,0,3,3,7,6,-6,0,-2,-1,8,2,13,2,-16,0,6,-7
-89/70,0,2,0,-5,0,1,5,1,-8,-3,4,10,-5,-10,6,-3,1,13,8,-3,-2,-4,3,-13,2
-77/40,0,2,0,1,0,2,1,1,-3,6,10,7,-5,4,7,6,-4,13,4,-6,-13,-1,-11,0,5
5/39,0,0,0,3,6,-2,4,1,-9,6,-1,-2,-6,12,0,-9,4,-6,2,12,-13,-15,-16,1,-2
23/41,0,2,2,-5,4,-5,-3,-2,-7,3,-2,-2,6,-4,-1,6,-2,13,-8,14,-13,5,-15,2,-2
-10100,0,2,0,0,0,2,5,1,-4,0,6,8,0,2,12,-4,0,4,-14,8,-6,-6,3,0,-12
-3368,0,2,3,1,0,6,5,-2,-3,-2,3,7,0,1,-11,-10,-1,-3,-2,15,-5,-15,-1,-17,-18
36/37,0,0,2,-5,0,-5,6,1,-9,3,6,-8,8,4,1,-9,0,1,-4,-12,1,13,1,-10,-14
83/49,0,-2,2,-5,6,6,4,-2,-4,2,-9,-5,-5,8,-6,3,13,-10,-7,-12,7,8,0,-16,-10
83/50,0,2,0,1,-5,-5,-6,1,-3,6,6,-3,8,-6,-8,6,-7,5,10,15,8,11,0,-3,6
67/93,0,0,1,1,0,2,-6,-2,-8,4,2,5,12,7,-6,1,2,-13,-5,-9,-6,13,14,-9,-18
67/89,0,-2,2,-5,-5,6,-3,-2,-6,3,-1,10,-2,12,-6,4,6,-8,-5,5,2,-1,-4,-8,2
-46/55,-1,-2,0,-5,-2,0,2,1,-7,-2,3,10,7,-9,12,-4,2,6,8,4,4,-16,-8,-12,2
97/35,0,-2,0,-5,6,-5,6,1,6,0,2,10,-6,-1,-6,-2,8,13,8,3,2,4,-12,0,8
101/35,0,2,0,-5,-5,-5,3,-2,6,-5,-6,-2,-1,-4,11,-3,-4,-11,12,-5,7,12,10,-14,2
-87/40,0,0,0,-5,0,-5,5,1,-8,-10,3,-2,-6,1,-8,-4,-7,-7,12,8,6,-16,-3,-14,8
-88/41,0,2,3,-5,0,-5,-6,1,-3,-5,4,-2,6,-6,-8,-2,0,2,1,5,7,6,10,-1,-12
92/83,0,2,1,1,0,-5,2,1,-7,-4,-4,10,10,-2,1,-6,0,1,4,5,-14,-8,-16,6,6
89/42,0,0,2,-5,4,-5,-4,1,6,-10,-7,-2,-9,4,2,6,-13,-5,2,-15,14,-1,9,-13,12
95/61,0,-2,0,-5,-2,6,4,1,4,6,-4,-11,2,-2,6,-2,0,-4,0,15,-4,4,0,2,-18
-48/31,0,0,2,-5,-1,-6,3,1,-8,-4,2,-2,0,-1,-7,9,10,4,-2,-1,2,0,12,3,17
58/19,-1,2,3,1,6,2,6,-2,-4,-10,-8,-2,6,4,-6,6,-9,-3,4,-3,-14,13,6,9,5
60/19,0,0,0,-5,-1,2,-3,-2,6,2,-9,-7,-6,-10,-6,-2,2,10,-2,-7,-6,8,-4,5,17
13/98,0,-2,4,-5,0,-7,4,-2,2,-5,0,7,-4,-10,-6,-7,-1,2,-14,-5,14,4,2,2,-2
45/79,0,-3,0,-5,2,-6,4,1,-6,-1,1,-7,7,-12,0,6,-7,-2,-10,11,8,-8,2,-7,12
45/4,0,-3,0,1,-2,-5,1,1,-8,-2,10,10,-6,-2,0,-6,-13,-8,16,6,-16,6,1,9,-8
88/9,0,0,3,1,0,-5,-5,-2,-4,9,-9,10,4,2,-6,-6,-11,-5,-3,4,10,0,12,6,8
-31/76,0,-2,1,3,0,-1,5,-2,1,4,-10,-2,-6,8,4,-10,0,2,11,-12,11,-16,-16,0,-4
17/57,0,0,4,3,-2,-6,-8,-2,1,-5,-5,7,-3,6,0,-2,-2,-4,-4,0,5,-12,12,-14,10
79/38,0,-2,-2,3,4,6,1,-2,-6,-5,-4,-2,-6,-4,-2,-4,4,-7,8,-5,-6,4,5,-12,7
77/61,0,-2,3,1,0,2,-5,1,-4,4,4,2,10,8,-3,1,11,-4,-12,12,4,5,6,0,3
79/61,0,2,2,1,-3,1,-3,1,-6,6,-1,10,1,4,6,6,0,-4,8,8,-7,4,-3,-7,5
-51/61,0,0,2,0,0,1,-8,-2,-3,-5,-1,-2,6,4,10,-10,6,-4,2,-13,-4,8,0,-8,-6
76/45,0,0,0,1,6,-5,-1,1,-6,-5,2,-6,-3,4,6,6,5,2,-13,-12,-10,10,-16,10,14
75/47,0,0,0,0,-2,4,5,1,2,0,-9,2,-2,12,3,-2,-4,0,3,14,0,-12,0,-6,2
-91/69,0,0,0,1,6,-7,5,-2,0,-8,10,5,-9,-6,0,-2,4,-10,2,-8,-6,-4,6,6,3
-91/12,0,0,3,1,0,-7,-3,-2,6,3,-9,2,-4,-3,-8,1,-7,6,8,3,4,8,2,-6,5
-55/56,0,2,0,-5,0,-1,-5,-2,2,9,-10,8,10,4,4,6,-4,-4,-4,-15,-1,-8,-4,18,-2
-54/53,1,0,3,-5,4,4,1,1,1,-4,6,6,6,1,-6,5,11,-8,5,4,-4,4,-1,0,-12
-58/21,-1,0,0,-5,-2,-1,5,1,2,-10,3,7,-9,6,-8,-2,6,4,-3,12,-7,0,-12,-15,-12
95/64,0,-2,0,-5,-1,-1,-5,1,0,4,2,-7,-6,-4,0,0,0,-7,3,-4,7,-11,-16,-17,12
95/63,0,0,0,-5,4,4,5,1,3,3,-6,-7,-5,4,-7,3,11,-6,6,-12,2,8,-3,12,8
101/65,0,2,0,-5,0,-2,-5,1,-3,-7,-9,-10,2,6,-7,-14,0,-2,4,3,-11,10,12,6,0
-69/88,0,0,-3,1,-2,2,5,1,-7,-10,-1,-2,8,6,-6,1,-1,-4,-14,-3,-4,-4,4,-14,8
-36/95,0,0,0,-5,0,-5,-1,-2,3,10,-9,-6,0,-3,7,-4,4,-10,4,-12,-9,-8,16,-7,11
-8/53,0,-2,2,-5,-3,-5,-3,1,1,3,-7,10,0,-4,-10,5,-2,10,-8,-9,2,10,4,6,-5
-7/52,0,-2,2,1,2,-2,-1,1,6,-4,1,10,-6,-1,-6,9,0,0,4,-12,0,8,2,-8,-14
18/67,-1,-3,1,0,4,-1,3,-2,4,-7,4,-2,-9,4,-6,-10,-7,-5,0,-15,-13,11,12,18,-14
-64/97,0,-2,0,0,6,4,-5,1,-3,4,0,-1,-3,4,4,5,0,-1,-3,4,2,-10,3,-10,4
-58/97,-1,-2,0,1,4,6,5,1,-6,-10,2,-7,-6,-1,-8,-4,-14,-13,2,7,0,9,-9,8,4
21/55,0,0,0,1,-2,6,4,1,6,6,-4,-3,-7,5,13,-4,0,-1,8,10,0,4,1,0,-13
-5/43,0,2,0,1,4,0,1,1,-8,10,-4,-6,-6,-12,1,-2,6,13,10,16,2,10,12,-6,18
-4/43,0,-2,-2,3,-3,6,-4,-2,-3,-5,1,-11,-9,-12,2,-9,-11,8,4,-12,-9,5,-4,-15,17
86/25,-1,-2,0,-5,-2,-5,5,1,-4,6,-9,7,10,-1,-4,-2,0,10,-2,6,14,-8,12,-3,2
-87/83,0,0,0,3,-1,-6,4,1,6,-10,10,-2,-5,1,0,5,0,-5,-2,-6,2,-7,-16,1,-18
50/17,1,2,0,-5,-5,-6,-2,-2,3,7,1,-5,2,12,8,-2,-2,-1,4,8,-11,5,-4,-14,-2
11/97,0,-2,0,3,0,-5,-3,1,-6,-2,-9,5,-9,-6,-6,-10,-11,2,5,6,5,-5,3,2,4
-1/57,0,0,3,1,4,-5,2,-2,6,4,-7,-11,2,10,8,5,-14,-1,-3,3,-7,0,-3,0,-7
27/4,0,0,0,-5,-3,2,5,1,-3,3,1,-5,-6,-3,-8,2,-4,-8,9,-5,-11,11,6,1,-1
-71/2,0,-2,0,3,-2,2,1,1,-4,-5,3,-7,7,1,-6,-2,0,-13,8,-12,-16,-1,4,6,-2
96/83,0,0,-3,1,4,2,2,-2,-4,-4,-5,5,-6,7,1,-3,6,-5,8,-12,10,2,-16,-4,-6
48/43,0,0,0,1,4,6,5,1,3,7,-10,-2,-3,-12,-6,-2,6,8,8,-12,-1,8,1,2,1
-41/94,0,2,0,-5,2,-5,2,-2,4,3,-8,-7,-4,7,3,0,-14,13,4,15,-9,6,12,10,12
-100/49,0,-2,0,-5,-1,1,3,-2,-3,-3,-1,-8,6,-12,0,-2,0,-10,3,-5,-13,-15,-4,0,14
-91/8,0,2,-3,1,-5,-7,6,-2,-8,3,-1,-2,-5,4,-6,-3,-2,-10,-11,-9,-5,11,12,-2,-2
-95/6,0,0,0,-5,0,-5,-3,1,3,-10,1,-2,8,4,8,1,0,4,0,6,-1,8,-16,-9,1
83/47,0,2,2,-5,-1,6,-4,1,4,5,3,-8,-9,-4,3,1,6,-10,4,-15,-10,-15,0,10,-9
87/32,0,0,0,1,-5,-5,3,-2,6,-10,-7,11,-5,-3,1,-9,8,-6,2,7,-9,-11,12,5,-6
40/17,0,-2,0,-5,-2,2,-2,1,-3,4,6,6,-6,9,-10,1,4,-10,4,4,-6,11,-12,-9,-13
-72/89,0,-3,0,0,4,2,3,1,-3,6,10,-5,-3,-10,12,-6,13,2,8,6,-7,-15,7,-8,-5
-32/93,0,0,2,-5,0,2,-3,1,4,3,2,-5,-6,4,13,-2,4,0,0,3,-1,4,12,-10,8
-79/43,0,-2,-2,-5,-1,1,6,-2,3,9,-9,-6,-7,-12,-6,-2,6,10,-10,-15,8,4,-3,-14,-2
27/10,0,0,0,1,2,-5,4,1,-3,2,3,7,2,8,0,6,4,-5,4,-12,-4,-14,17,1,-14
52/19,0,2,-2,1,-5,-7,-4,-2,6,-10,6,-6,6,2,0,-2,7,-8,4,-8,-1,15,-16,-4,-1
-47/35,0,-2,0,-5,-3,0,-3,-2,-8,-8,-9,-2,-6,-2,-8,-3,-4,1,-8,16,-6,13,1,8,2
-9/61,0,-3,4,0,-3,6,5,1,0,-8,-5,-3,-6,8,-6,-11,-7,-4,-14,-12,6,1,3,10,8
20/49,0,-2,0,-5,-3,0,1,-2,-4,4,-1,2,2,-9,4,1,6,-7,5,10,7,0,-3,6,8
26/19,-1,-2,1,0,2,-7,-3,-2,-3,0,3,-2,10,0,0,1,-1,-4,11,-15,-4,0,16,-10,-2
-49/81,0,0,4,1,4,2,-3,-2,-8,9,8,-6,6,2,7,-6,-4,2,-12,14,-8,-16,3,-6,9
29/54,0,0,2,3,-3,-5,-3,-2,6,-10,-1,-6,-6,6,-11,6,4,-8,-4,-2,-4,0,12,9,8
88/63,0,0,2,-5,0,-5,-3,1,-6,-4,-9,6,-5,-1,-3,-4,6,-3,12,-5,4,-9,3,-10,18
82/65,1,-2,0,1,2,-2,4,1,4,7,8,-3,-4,6,-6,-6,0,8,4,-8,-13,13,12,6,1
-7/23,0,2,0,1,-3,4,-3,-2,0,-4,-4,-5,-4,0,8,-6,-4,-1,5,-6,7,-12,-3,5,-2
65/53,0,2,0,-5,2,-7,1,-2,2,4,1,10,-7,7,-7,5,4,8,3,-12,2,5,-9,-8,17
5/89,0,2,0,0,4,-5,2,1,2,-5,-1,-7,-4,8,-8,-12,0,5,8,8,11,1,-5,-8,-2
-61/87,0,0,-2,3,2,6,6,-2,-8,-6,-5,8,0,-4,4,-10,-2,-13,2,-9,-14,-7,8,18,-9
52/79,0,2,0,-5,-3,-7,2,-2,-9,-5,-1,-2,10,7,-11,-6,-4,8,-2,12,-11,-8,-5,-6,-3
-61/53,0,2,0,-5,-2,-5,6,0,3,-10,-2,-2,-6,0,-3,5,-1,-13,9,-15,11,-8,6,8,8
46/35,1,-2,0,-5,-5,-5,6,-2,-7,-1,-9,2,1,2,-1,4,5,-6,14,11,-4,-14,-13,3,-14
-7/48,0,0,0,1,-5,-5,-3,1,6,0,4,5,12,4,10,0,4,13,0,6,-6,-4,-7,-6,-18
-22/79,-1,-2,3,3,0,-5,5,1,3,10,6,-2,12,4,8,-2,0,1,-10,-2,-1,-8,8,6,0
43/21,0,0,-2,-5,-5,6,5,1,-3,7,-5,-3,-5,-1,7,11,-4,8,0,-6,7,11,4,8,2
90/41,1,-3,0,0,-2,-6,-3,-2,-3,6,-5,-8,6,-2,13,3,-1,4,-8,-12,-14,-14,6,-1,-12
17/86,0,2,-2,-5,0,6,-8,1,-3,-5,-6,5,0,-12,8,-4,4,13,8,-15,4,8,0,-10,-10
-5/1506,0,0,0,1,4,-1,-3,1,6,-5,-4,-11,-3,4,0,9,-11,-10,3,-9,0,8,6,6,-14
103/11,0,-2,-3,3,-2,6,2,1,-3,-5,0,-1,4,-4,-6,3,6,4,8,-12,-5,-1,1,-6,-18
28/95,0,-2,0,1,-3,6,-3,-2,-8,-10,-1,2,12,2,0,3,10,13,12,4,2,-10,12,0,18
71/32,0,2,2,1,2,2,1,1,-3,3,-5,-2,-3,-6,0,-4,0,-1,2,-12,-6,15,10,-8,-5
53/2,0,2,2,1,6,6,4,-2,-3,-5,3,-2,1,2,-7,-10,6,-8,6,0,-5,11,0,-14,2
70/27,1,0,0,1,-2,-5,1,1,2,2,-4,-6,-5,-6,4,-12,-9,2,8,-3,-13,4,0,0,8
68/27,0,0,2,1,4,1,-8,1,-8,-3,-1,-2,-6,7,12,-4,-1,5,-4,4,11,-8,-4,8,-2
91/4,0,2,1,1,0,-7,-1,1,-8,4,0,-3,-2,-12,7,3,1,8,8,3,-6,-16,12,6,2
65/24,0,0,0,3,4,-7,-6,-2,-9,4,-10,-3,-6,-1,0,-2,-11,8,-4,8,4,5,1,-9,-1
9/55,0,0,0,-5,-2,1,5,1,-3,-8,3,-5,0,4,0,-2,-12,1,5,3,-7,-8,10,-9,3
11/25,0,-2,0,0,0,0,6,1,-8,3,-2,5,-9,4,0,6,-5,5,-2,15,-14,-6,2,6,2
-188/13,0,2,1,1,4,-2,-3,1,-3,3,2,2,-5,-12,-8,6,7,-1,12,0,-13,-7,-3,12,-14
-53/7,0,2,4,-5,4,4,1,1,-4,0,10,-2,10,-6,-4,-10,-4,-11,-12,-9,-2,-16,-4,-3,-14
58/5,1,-2,0,1,4,-1,5,1,3,-10,-2,-5,4,10,0,-3,-4,-11,8,15,-13,15,-16,1,-1
77/67,0,-2,4,1,0,-6,-3,1,-9,6,3,2,-6,2,0,-11,-7,-5,0,-12,4,11,-16,2,14
73/65,0,-2,0,-5,-3,-2,-3,1,-4,-1,-1,5,2,-6,-6,-4,6,-5,-11,-9,-11,-8,12,-8,-2
-23/59,0,-2,2,-5,0,-6,6,-2,-7,-4,10,-8,-6,-12,4,-7,10,-10,16,6,-4,6,4,-14,17
86/37,-1,-2,2,0,4,-1,-5,1,-6,-10,-10,-8,12,-1,-3,1,0,10,8,-8,10,6,2,-6,-2
-97/6,0,0,0,1,-3,6,5,1,-8,-5,-1,11,-6,5,0,6,13,0,-6,2,6,-16,-3,-16,8
-53/91,0,2,2,-5,0,-2,5,1,3,2,3,5,7,-2,4,-10,-13,-7,-6,-12,-16,5,3,6,-2
-79/3,0,0,3,-5,-2,-5,-6,1,1,6,0,5,-6,12,12,10,-4,0,4,-3,-6,4,8,-6,14
-5/3913,0,2,0,-5,0,-2,-3,1,2,-5,8,-2,-7,-12,-6,-4,-3,13,2,15,4,-7,6,18,-3
-6/3913,1,0,0,-5,-1,-2,5,1,-8,5,-1,10,0,-12,0,3,11,6,4,-4,-2,-4,4,0,13
578/57,1,0,1,-5,-2,-1,-8,-2,-8,-7,-9,-2,-1,1,8,0,4,13,-5,11,2,2,6,-14,-3
579/58,0,0,0,1,2,6,2,1,6,-6,10,-2,-7,6,-6,-2,-9,8,8,-3,0,-1,1,-6,-6
-29/50,0,-2,0,1,0,-5,6,1,6,-10,-5,-8,2,4,12,-2,-11,2,-2,-13,-11,0,2,8,-2
-63/88,0,-3,1,1,-2,-5,-3,1,6,-3,-7,2,10,4,1,-4,1,6,-11,4,-11,13,-6,10,-6
72/67,0,-3,0,-5,2,2,-3,-2,6,-5,-6,-3,4,10,1,6,11,5,0,8,2,6,-15,-1,-7
73/68,0,-2,0,1,0,6,-2,-2,-9,4,2,-1,0,2,-8,3,-1,-12,8,16,-11,-14,10,-8,-3
85/66,0,0,0,-5,-2,6,-8,0,6,6,-4,-1,4,7,4,-2,-4,-6,-2,5,5,15,-16,9,13
92/17,0,2,2,-5,0,2,-2,-2,-7,-7,-1,-7,3,-1,3,4,-1,-1,12,2,11,2,-4,10,14
94/15,1,0,0,3,4,-5,-3,1,-8,3,-4,2,8,-12,-8,-2,6,8,2,-5,-5,0,4,-6,-6
94/43,1,2,-2,3,4,-5,4,1,3,6,-9,-6,1,-12,-8,-11,-9,-10,1,3,-13,13,-1,-3,-18
-102/37,1,0,1,-5,-1,6,-8,-2,-9,0,-1,-8,-6,-6,-3,5,0,-4,9,4,2,8,-16,12,-10
43/25,0,2,0,1,4,-1,3,1,6,4,-4,10,-6,-1,1,6,6,4,-8,11,0,12,14,10,-2
43/27,0,0,2,1,-1,-5,-5,-2,-3,6,-4,6,0,-1,11,-11,-14,6,-7,8,-6,8,12,-6,-14
581/57,0,0,-2,1,6,6,-4,-2,3,0,-1,-2,3,4,0,-4,0,1,-10,4,12,-8,0,6,-7
289/28,0,2,0,-5,2,-5,-8,-2,-8,4,2,-7,3,-6,-8,6,6,1,5,16,-10,1,-15,-16,-14
53/61,0,-2,-3,-5,4,1,1,1,6,-5,-5,10,-6,5,1,-10,6,-4,-3,13,10,-4,-4,-17,0
45,0,-3,0,3,-5,-6,5,-2,-4,4,-1,-2,-5,4,0,-2,6,-7,12,-9,-1,-4,4,6,18
25/73,0,2,0,1,-1,-5,2,-2,1,0,-1,-8,6,12,4,1,4,-6,6,-7,-6,4,4,6,12
-49/17,0,2,2,1,-5,-5,-2,1,1,0,10,-2,-6,6,3,7,-9,-2,-4,-3,-4,8,12,-9,-14
30/47,1,0,0,1,6,6,4,1,3,0,-4,-2,-6,1,3,1,10,13,-12,0,-2,-1,5,10,-14
34/93,1,0,0,3,0,-5,-8,1,3,-2,2,-1,-6,7,1,-4,0,1,-8,-12,7,8,1,3,8
89/45,0,0,0,-5,-5,-5,2,-2,-8,4,-9,-7,-6,1,-4,-9,7,-3,4,2,11,4,0,-13,-6
21/58,0,0,-3,1,4,2,2,1,-9,-6,10,8,0,-4,11,3,-4,-12,8,8,2,8,4,10,-10
109/5,0,-2,0,-5,-1,2,5,1,6,4,-4,10,-4,-3,-7,6,0,8,-6,7,-13,5,-8,6,-4
53/3,0,0,2,1,-2,-1,6,1,6,-5,-4,-6,-5,-9,4,-10,6,8,0,4,14,5,-16,6,2
57/10,0,0,0,-5,0,6,-3,1,6,-8,0,10,-6,-4,2,-9,-4,13,4,-4,-1,-10,-3,12,-1
59/13,0,-2,3,-5,-1,-2,5,1,-3,0,-9,5,-6,12,11,6,-12,6,8,-8,2,-4,3,-4,0
-69/25,0,0,0,1,6,-5,-6,-2,-7,10,-9,-2,-6,7,2,1,10,8,5,-3,11,-10,3,18,-12
25/37,0,2,0,1,0,6,2,-2,6,3,1,-8,-5,10,0,-3,8,10,2,-12,4,-15,0,-3,8
-32/97,0,2,1,-5,4,6,2,-2,1,7,1,-10,-6,-6,12,-11,-12,-2,9,-3,12,11,3,0,4
-31/97,0,-2,0,3,6,2,-3,-2,-8,2,-10,2,4,2,0,-2,-4,-4,16,6,-14,-15,-7,-6,4
86/79,1,-2,2,0,6,-5,2,1,0,4,4,-3,7,-1,-6,-10,6,5,4,-12,-5,-8,1,0,14
85/79,0,2,0,-5,-3,6,-8,-2,-4,6,-5,-2,12,4,4,6,0,-10,-14,5,-13,-8,4,-6,14
-95/77,0,-2,0,-5,-2,-5,2,1,4,-3,-10,-6,-3,-6,0,-6,6,-11,1,6,-2,-14,12,6,-19
-95/78,0,0,0,3,-3,-2,3,1,-3,-5,-9,-8,-3,7,-7,6,-1,5,-10,-4,-2,8,12,2,-12
-9/20,0,0,0,1,6,-5,2,-2,-8,4,-4,-1,-6,-4,-11,-12,-4,-1,5,6,-6,4,9,6,-12
8/39,0,0,-2,1,4,-2,2,1,1,-3,2,-8,0,-2,-8,9,10,-3,4,8,-6,-16,12,-9,8
56/75,0,0,0,1,4,1,-3,0,-8,-4,-8,-5,-2,5,4,6,13,-13,2,0,0,-6,-4,0,-3
-55/36,0,0,0,0,0,2,5,1,-8,-5,-1,10,-1,-7,12,11,-10,8,12,-9,-8,12,10,0,-12
3/76,0,0,2,-5,0,-5,5,-2,3,-4,-4,-7,6,-1,8,-4,-2,-10,12,6,-16,8,8,12,18
21/86,0,0,0,1,2,2,-3,1,6,-5,-4,10,-5,-12,-6,-2,10,4,-10,0,6,-16,0,-15,-3
25/93,0,0,0,1,4,-6,4,1,6,0,2,10,1,-2,3,7,4,1,11,8,14,-9,-13,-4,11
-62/17,1,-2,2,-5,0,-5,-2,1,6,10,-10,6,1,4,-8,-10,-4,1,8,14,4,0,17,-6,11
-95/44,0,-2,0,-5,-2,6,3,1,-3,9,2,-10,2,5,-11,-10,-13,2,2,-12,-7,-10,4,10,2
95/97,0,-2,0,3,-1,-5,5,1,-9,-3,4,-2,6,-10,-11,5,-4,-7,-14,-12,-6,15,6,-14,4
97/31,0,2,-3,1,-5,-1,-3,1,-3,-4,2,11,-3,-6,-6,-6,6,-4,2,-8,11,-8,16,6,8
21/43,0,0,-2,1,-5,0,-3,1,-6,4,-7,-7,-1,-12,-10,-3,-1,-1,-12,-4,-13,5,-3,18,-12
-83/14,0,-2,2,-5,0,-5,2,1,-4,0,-1,10,-6,5,-11,5,-4,-10,0,-5,-6,10,0,0,8
-89/11,0,-2,2,-5,-2,6,6,1,-8,9,6,10,-6,12,6,6,1,-5,8,11,-1,8,0,-13,17
39/53,0,0,0,0,0,-7,5,-2,-4,-1,6,2,-3,5,-10,5,8,6,-12,-4,7,11,0,-6,-3
30/31,1,0,0,3,4,-6,1,1,-8,6,2,-3,-6,-10,-1,6,-1,0,2,-4,-6,-15,15,12,16
-96/61,0,0,2,1,2,4,-3,-2,1,-8,3,5,4,4,4,1,-9,-4,5,9,-13,-14,2,12,6
-17/65,0,-2,0,1,2,-2,-8,1,6,10,0,-1,-6,4,-2,1,0,-4,2,0,-16,0,-4,-12,12
-15/16,0,0,0,3,0,-5,5,1,1,3,2,-1,-6,5,4,10,-4,2,8,-15,-2,-1,-4,-12,-14
-28/37,0,-2,4,1,-3,2,-6,1,-8,4,4,-8,-9,-10,-11,-3,6,-7,-14,3,-2,12,16,-14,14
-20/67,0,2,0,1,-1,1,2,-2,6,4,-9,-11,2,6,-8,-2,10,-6,0,3,-5,13,4,6,14
30/67,1,0,0,-5,0,0,-3,-2,6,9,6,8,-9,-12,0,-10,0,-1,0,8,10,5,-7,18,8
53/32,0,2,1,0,-1,4,3,-2,3,-5,-1,-5,7,10,6,-10,13,-2,-10,3,-1,-10,-4,-13,6
56/31,0,-2,2,1,4,-6,-3,-2,3,0,2,-2,-3,0,4,3,6,8,-8,-4,12,-6,-7,3,3
1/91,0,2,0,-5,-3,-2,2,-2,-4,6,0,-11,8,-1,-11,9,-12,5,-7,-9,6,13,12,6,-6
2/87,-1,0,4,3,0,-6,4,-2,6,-6,1,-2,6,4,10,-2,-4,2,-3,13,7,-11,-4,-9,-6
-61/56,0,2,1,-5,4,2,5,1,6,4,-5,2,7,6,-6,-3,7,-13,-5,16,10,5,-10,6,2
17/38,0,2,2,0,6,-1,-8,-2,6,-10,-4,-2,6,12,11,5,-2,2,-12,-3,7,-16,0,1,12
51/89,0,0,2,1,4,6,-8,0,2,4,-9,5,-3,-6,-6,11,-4,-13,3,0,10,6,-7,-8,-6
23/85,0,-2,0,1,4,6,-2,-2,-7,5,2,6,0,4,1,10,4,8,-4,-4,-13,-4,-3,18,-9
-2/37,-1,2,1,1,4,2,2,1,-3,6,1,-8,12,1,11,2,-4,-13,2,-6,6,-8,-6,-10,3
65/58,0,-2,0,0,4,-7,-6,1,-3,-6,2,2,12,4,0,5,0,-10,-12,3,-14,12,-3,6,2
17/40,0,-2,0,1,-3,-5,-8,1,-3,7,-9,10,-3,1,7,-3,-2,-1,-2,14,2,-9,-13,-1,-14
83/55,0,-2,0,0,-2,-6,-3,1,-4,4,-4,-5,3,-9,0,-3,0,1,4,-4,5,6,0,10,1
-83/36,0,0,-2,0,0,-6,4,-2,2,9,-6,-7,-2,-6,-8,6,0,-8,2,-9,-14,8,0,8,8
-101/57,0,0,3,-5,6,4,2,-2,6,3,-1,-5,0,4,-1,1,-2,-2,9,4,-14,0,4,-3,-3
-50/27,1,0,0,0,-5,0,6,1,-4,-2,-4,-2,0,6,-4,-10,-1,-5,0,8,-7,-1,1,2,17
-49/15,0,0,0,1,4,-5,3,-2,-3,-10,-5,2,0,5,-7,-2,7,13,16,4,7,0,4,-15,11
-25/6,0,0,0,-5,4,4,-1,1,-3,7,2,10,-4,10,-6,-10,6,1,2,5,-13,4,-6,-12,0
-46/79,-1,-2,2,-5,6,-6,-6,-2,-7,9,-8,10,-4,-4,0,-2,0,-4,8,10,-6,-8,-3,-16,-5
-67/45,0,0,0,0,6,-5,2,1,-8,2,-2,-11,-6,12,4,-3,11,13,-5,-12,-9,-1,12,6,14
-95/56,0,-2,0,-5,-3,6,5,1,6,-2,-8,-3,12,-3,-4,-2,6,-10,12,14,-13,10,-6,-4,1
-68/43,0,2,1,1,-1,-1,-8,-2,-3,7,0,8,-9,-12,0,6,0,-6,-7,2,12,5,10,18,-6
-94/95,-1,2,0,0,4,-1,5,-2,3,10,0,6,-6,1,-8,-4,7,13,12,-1,7,-1,4,-17,2
-1/98,0,2,0,-5,-5,4,-3,1,-9,0,6,-7,2,-4,-6,2,5,6,-10,-3,4,-8,17,6,8
-11/96,0,0,2,1,0,1,3,1,-8,-7,8,10,6,1,-6,6,-14,-7,-6,-9,-5,-1,-7,-15,10
12/95,0,0,0,3,0,1,-3,-2,0,4,6,11,2,6,-8,-4,-1,2,-3,7,-6,-14,11,0,14
17/96,0,0,0,1,0,-6,-8,-2,6,-10,4,2,10,-4,13,1,0,-6,4,3,14,0,14,-6,-4
44/59,0,2,0,3,0,2,2,-2,4,6,6,10,-9,6,-6,-2,10,-7,16,8,0,-10,9,0,3
43/59,0,-2,0,-5,0,-5,3,1,-8,3,-9,10,8,-1,-11,6,10,-1,10,15,12,-6,3,-14,-5
43/61,0,2,0,3,0,6,-5,1,-3,-3,10,-6,0,-1,10,0,-4,-4,11,-4,-10,0,1,-17,2
40/59,0,-2,0,-5,6,0,2,0,-9,4,-4,-7,6,0,11,6,10,2,-6,0,-4,-7,3,-16,2
22/89,-1,-2,-3,3,0,0,2,1,6,4,1,7,8,-10,12,-11,4,6,12,-4,-6,0,0,-8,17
12/53,0,0,1,3,4,6,-5,1,-3,6,-5,-5,-6,2,4,5,6,1,-3,16,11,15,3,1,6
11/54,0,0,2,-5,0,6,5,1,6,3,10,-2,-5,-6,-6,-9,6,-10,-14,0,14,13,16,10,10
-46/39,-1,0,0,1,4,-2,4,-2,-7,6,-6,2,2,4,0,-4,-1,-7,5,-12,5,6,-1,1,12
23/87,0,0,1,3,6,-5,2,1,-7,-6,-1,-5,12,1,6,-6,-12,-8,4,-12,-4,13,0,-6,-12
23/84,0,0,-2,-5,0,-6,5,-2,-7,-7,-7,-1,8,-4,10,-9,1,10,8,15,2,0,2,18,2
-23/20,0,-2,0,1,2,-6,5,1,-7,0,10,-10,-6,-6,4,6,9,13,-10,-9,-10,11,0,-6,14
-60/19,0,0,0,1,0,1,-3,-2,-3,-4,-5,-6,12,0,-3,6,-9,-7,0,16,-16,0,-3,-9,1
-6/83,-1,0,3,1,6,-5,2,-2,-6,4,-9,-11,0,4,8,4,4,-2,10,-15,11,11,-16,-6,11
86/81,-1,0,4,-5,4,6,-3,1,3,-4,-4,10,0,-1,0,-9,-1,2,-10,-3,-1,4,-16,-3,-1
-7/85,0,-2,0,1,2,6,-2,-2,-3,-10,-4,5,6,8,12,6,-2,-3,3,-15,14,-6,6,-10,-3
-17/79,0,2,0,1,0,-1,-8,-2,-9,9,1,-8,-2,2,0,-12,1,10,6,-5,-13,-8,-4,0,7
91/59,0,-2,1,1,0,-7,2,-2,3,-2,3,2,12,10,-6,-10,10,-1,-11,3,7,6,-8,-7,-3
91/58,0,2,0,1,-5,-7,-3,1,-8,-6,4,6,2,1,-1,11,10,8,2,-12,0,-7,0,4,-6
-93/43,0,0,1,-5,4,-6,4,1,6,-5,-10,-2,2,-12,-6,-14,0,-13,-10,13,-11,4,2,-15,12
-79/8,0,2,-3,-5,0,-5,2,1,-6,4,-7,-8,7,-6,-6,6,10,13,-12,-8,-2,4,-4,12,2
-94/9,1,0,2,1,-2,-5,3,-2,6,-2,-2,-1,7,1,-8,3,-12,1,-11,6,2,-6,-3,-9,1
-61/20,0,2,0,-5,-2,-5,-3,1,-3,10,-1,-2,12,-12,-1,6,0,-13,2,7,-4,13,3,-12,-2
103/16,0,2,-2,1,-2,-5,3,-2,-3,4,-1,10,8,-10,-6,-4,-4,-13,11,-1,0,-4,4,10,12
94/23,1,-2,2,-5,2,6,-1,-2,0,2,-9,-7,0,5,-8,-9,7,-11,2,2,-10,8,2,-6,-4
97/25,0,2,0,-5,-2,6,-1,-2,4,-5,-1,-3,-6,4,4,-10,4,0,16,5,-7,4,3,10,8
76/61,0,2,0,-5,0,6,5,1,6,-4,8,-10,-6,4,8,3,-4,-4,-12,-15,-4,11,6,-13,-3
77/57,0,0,0,1,0,-5,-1,-2,3,10,-4,10,-2,2,-7,-10,-5,-8,4,14,-4,15,5,-3,5
85/29,0,-2,0,0,0,4,-8,1,6,-6,-10,-1,10,4,-8,-12,0,-7,4,-9,-1,-7,-3,6,6
-33/64,0,0,2,1,0,6,-3,-2,6,0,1,10,-5,1,1,11,-7,-4,12,6,0,0,-4,10,8
19/85,0,2,0,-5,-5,6,-2,1,-8,-4,8,-3,6,0,-8,6,5,-3,2,-9,-7,-15,2,-15,3
-35/76,0,2,0,1,-1,4,-6,-2,6,3,-9,8,12,-4,-6,6,-5,6,12,-12,-8,11,2,9,-14
-99/28,0,0,2,-5,0,-1,-3,1,-8,-5,-6,10,-5,-2,0,-10,0,-5,0,-8,2,9,-1,6,-14
89/12,0,0,-2,0,-5,0,-5,1,-8,-4,1,6,-5,7,-6,1,-4,1,3,-3,4,-10,-4,-13,-1
44/5,0,2,0,1,0,2,-6,1,6,5,0,-1,-6,-1,6,-4,6,-5,-2,16,-10,13,-4,1,8
-43/31,0,-2,-2,1,4,6,2,-2,-3,6,2,8,-2,-1,-6,-2,-5,-11,2,-12,-6,-4,9,6,8
99/43,0,-3,3,0,0,0,5,1,-3,-4,4,6,-4,-12,1,-10,10,2,4,-8,-6,-4,3,-14,-14
76/49,0,2,1,-5,-1,-5,-3,1,6,-1,10,-1,-4,2,-6,-12,6,10,12,4,7,-14,7,-3,3
43/45,0,0,0,-5,6,-5,1,-2,-8,3,1,-5,12,-1,4,1,0,13,-6,10,4,-16,4,-12,-12
14/101,-1,2,2,1,4,-5,2,1,-4,4,-7,-1,-6,8,4,6,-1,6,16,0,-8,-16,10,-1,1
95/4,0,-2,0,0,6,2,5,1,6,-7,4,5,-3,-1,-8,-4,11,-7,2,0,14,-1,0,0,-13
-45/71,0,-3,0,-5,-1,6,-6,1,1,4,-9,-2,-3,10,-1,-10,-9,4,-4,4,-4,10,3,0,-14
-23/35,0,-2,0,-5,4,-1,5,-2,-7,4,-6,-6,-6,-10,0,6,2,-8,2,-6,2,-8,0,12,1
-23/93,0,0,2,1,-1,-5,6,1,-7,4,2,-6,-3,4,0,-2,1,-1,-8,8,-10,-1,4,18,-6
67/13,0,2,2,3,2,-2,-3,-2,4,2,-4,-2,-7,-4,-11,11,-10,8,-5,-4,2,13,6,10,6
78/73,-1,0,0,-5,0,-7,-6,1,6,4,-2,5,-6,4,-7,1,-14,1,3,-15,-6,11,-4,-4,12
81/73,0,0,-2,1,6,0,-5,-2,-8,-5,-9,-6,8,8,0,0,0,-8,-3,3,-6,4,-7,6,14
-35/72,0,0,0,1,4,-5,-3,1,-9,-5,3,7,-3,0,-6,-10,-1,-10,6,7,4,-5,10,-14,-14
35/99,0,0,0,1,-2,-6,5,1,-3,6,3,-1,-1,-4,0,1,8,2,4,3,7,-10,16,10,13
34/101,1,-2,2,1,2,-6,-8,1,4,3,3,-8,8,12,0,-2,6,-2,12,-15,6,15,6,6,-12
-3/95,0,0,0,0,0,-1,5,-2,-4,-2,-1,-2,6,-7,0,-12,-1,8,5,0,-2,-8,3,6,2
86/73,-1,-2,3,3,2,2,1,-2,6,-1,-5,-7,-5,-1,0,0,8,-6,-14,2,-6,-6,-3,10,1
-85/97,0,-2,0,0,-3,2,-8,1,2,-4,-6,2,6,-1,-7,-11,9,6,14,4,-7,4,7,6,4
29/92,0,2,-3,0,6,1,-4,-2,0,-10,-6,-5,-9,-12,6,-11,-12,-6,-5,-13,-5,-16,-16,-14,14
-49,0,-2,2,1,2,1,-6,1,-4,0,-9,-7,-2,4,0,-14,0,5,0,3,4,-9,12,-7,-13
-99,0,0,2,1,0,-5,2,1,-6,-5,-7,-8,-3,6,-8,9,0,-5,-14,2,-6,15,-9,6,-14
-99/49,0,0,1,-5,0,6,1,-2,-3,4,1,8,3,2,0,-6,6,-12,-4,15,10,12,1,12,-1
-103/50,0,2,0,1,-2,-6,4,1,-8,-7,6,-8,6,8,0,0,0,4,-3,14,11,4,3,0,-1
-44/71,0,-2,0,-5,0,2,-3,1,-3,10,-6,11,-5,1,12,-2,6,-11,4,4,2,-4,0,3,2
-49/65,0,2,0,1,4,-2,2,0,6,6,-7,2,0,12,-4,6,2,-5,-8,8,-13,4,-1,10,2
69/64,0,0,4,1,-3,-1,-3,1,-7,-8,10,-5,3,5,10,-10,-2,-5,2,-15,-6,12,1,18,11
-79/18,0,0,-2,3,2,-5,-5,-2,6,2,10,-5,-9,-2,10,6,6,0,2,-15,4,4,0,5,8
-93/40,0,0,0,0,-3,4,-1,0,0,10,-10,-1,-1,12,4,0,1,-3,4,4,-7,-6,3,1,-3
-93/38,0,0,2,-5,6,0,5,-2,-8,0,-10,10,-1,-4,-4,-6,-2,5,1,-7,0,-1,0,10,8
-64/11,0,2,2,-5,-2,-6,2,1,-3,10,-4,10,-3,4,0,0,-2,-2,-2,8,14,11,8,12,12
-64/13,0,-2,-2,0,-5,-2,3,-2,3,-2,2,-2,-6,2,-8,-2,6,-10,4,0,5,5,2,4,-7
-60/13,0,0,0,-5,-2,-2,5,-2,2,4,-2,-2,6,4,-8,6,11,2,5,11,-16,5,6,2,17
85/61,0,2,0,3,4,-5,-8,-2,-8,0,-1,10,0,12,-6,-14,-4,-4,-11,-4,1,4,14,10,1
39/70,0,0,0,-5,4,-7,5,-2,-6,-2,2,10,-9,7,-11,4,-7,-7,3,-9,7,-7,16,10,-9
38/71,1,2,2,3,-5,0,1,1,-9,2,10,-8,-5,1,-3,6,-4,10,-12,4,-2,-16,3,6,14
3/34,0,0,2,-5,-2,0,-2,1,-8,-10,2,7,2,-7,0,-9,7,-1,8,-13,0,10,3,-1,-2
-1/51,0,0,1,3,-2,2,-2,1,-3,-2,8,6,-5,8,-6,-2,-3,0,4,-9,-4,-16,5,-15,10
35/23,0,2,0,1,-1,2,2,1,0,0,0,-5,-6,4,-8,6,7,-11,11,5,-13,-15,12,-8,-10
-70,1,-2,0,1,4,-5,5,1,-4,-5,1,-8,-6,8,-8,3,0,-7,-11,2,-8,4,5,8,-18
17/76,0,-2,2,-5,4,4,-8,-2,-3,0,1,11,-5,4,-2,-11,0,-12,-10,-6,7,1,4,-6,2
17/75,0,0,0,1,0,1,-8,1,-4,4,10,-2,12,-6,6,6,9,-5,2,3,-1,10,8,-3,18
14/73,-1,-2,3,1,-1,-5,-3,1,-3,0,-8,5,3,-9,-6,-10,0,-7,-3,6,-6,2,-6,6,-18
15/74,0,0,0,1,2,-6,5,1,-8,10,-5,-8,-3,12,7,-2,0,8,4,3,2,-16,3,-9,0
-3/34,0,0,-2,3,0,4,-2,1,2,4,1,8,-6,1,10,6,0,8,-14,-1,-1,-14,-12,-10,10
-3/35,0,0,0,-5,-3,-5,2,0,-8,3,2,-7,12,4,-8,10,-3,6,8,0,-13,12,3,-8,10
76/65,0,-2,0,3,-5,-2,2,1,0,6,0,-2,10,1,-8,-10,0,-10,-10,-5,2,-6,2,-14,-14
56/67,0,-2,3,1,-5,0,6,-2,6,5,-5,6,12,12,-11,-14,0,-4,0,-4,2,-16,6,0,-5
61/68,0,-2,0,0,-2,1,-2,1,6,0,-5,5,-7,10,13,11,13,-13,-14,-4,-2,8,0,18,2
22/19,1,2,0,3,0,-5,5,-2,2,0,-2,10,12,-6,-11,6,-13,10,-3,-6,-9,-16,2,10,11
-89/37,0,2,2,0,0,6,-1,-2,-3,6,3,-8,-6,-2,0,6,-2,-7,-12,14,-6,-1,8,-13,7
-2/61,-1,2,3,0,4,6,-1,1,2,0,-6,-2,-5,-10,4,5,4,-4,12,-4,2,5,0,-12,-18
-92/21,0,0,-3,-5,-3,-5,5,-2,-7,-8,3,-2,12,-12,-6,3,9,-7,-12,-8,-1,5,8,-12,13
-95/17,0,-2,0,0,0,6,-2,1,1,7,-5,2,-2,4,7,6,-4,5,-11,-9,-8,6,-3,-1,-4
83/30,0,0,0,3,0,4,-4,-2,6,-2,1,-8,7,6,4,-3,0,-6,-4,2,0,5,0,-14,14
-39/95,0,0,0,1,4,-7,-3,-2,6,-4,-9,2,-6,-4,-6,6,0,-2,12,6,4,8,0,-12,-3
-63/73,0,-3,1,1,-1,2,4,1,-3,3,-1,2,-9,7,-7,-4,-7,-2,5,12,-6,8,-16,12,2
-64/73,0,-2,3,1,4,-5,5,1,3,-5,-4,11,-9,4,-8,6,-10,-2,-10,-15,-6,5,2,6,6
-58/51,1,0,2,1,0,-6,-2,1,-6,-10,-7,-2,0,-4,6,6,6,6,-8,-8,6,-4,0,-9,6
18/11,-1,0,0,0,-2,-5,2,1,6,0,-9,-2,-3,1,0,-2,0,-1,4,-3,10,8,3,12,-2
35/18,0,0,0,1,4,6,4,-2,-6,10,-1,-8,0,4,-6,0,-4,-1,16,-13,11,15,-4,-12,-7
92/77,0,2,4,-5,-2,6,2,1,-7,3,-6,-1,-9,7,0,1,-4,-5,-5,-15,12,13,-16,-2,8
33/82,0,0,1,0,0,-5,-5,1,-4,-4,-4,10,6,0,6,-2,6,-10,-10,4,0,10,-7,-17,-18
-17/75,0,0,0,-5,-2,2,-8,-2,-3,0,-9,-7,6,-4,-6,-2,0,8,5,-12,0,2,16,-6,-18
-16/77,0,2,2,-5,-2,1,-6,-2,-8,3,2,10,-5,4,-8,6,6,0,8,-3,6,-14,-3,18,9
-1007/3,0,0,4,-5,0,4,-1,1,-8,6,-9,-7,1,4,6,-10,-4,-2,2,2,-9,13,-4,5,8
-22/35,-1,2,0,-5,0,6,6,0,6,-4,1,10,-1,6,0,5,-2,1,-12,0,-10,1,16,-3,-6
-43/74,0,2,3,-5,4,2,1,1,-9,10,1,-8,-1,-1,0,1,4,1,3,-9,7,-15,-3,1,-12
81/70,0,0,0,-5,-5,4,5,1,1,3,-1,2,-3,10,-4,-9,-2,-1,-13,-12,2,-8,-4,-6,9
-15/89,0,0,0,-5,4,2,-4,1,-3,6,-9,7,-2,4,-7,-14,-4,1,12,-5,-2,11,4,-8,-18
-2/15,1,0,0,-5,4,6,4,-2,2,-2,-10,11,-3,4,-7,-2,-4,13,-2,-9,10,8,4,6,7
-49/16,0,-2,0,1,6,2,5,-2,3,-4,-9,11,6,2,0,-10,1,10,-12,8,-10,6,16,0,12
-95/29,0,-2,0,3,6,1,-6,1,3,-6,2,6,6,8,1,-3,-4,1,-5,-15,-8,6,0,6,-14
-59/20,0,-2,0,3,-1,6,2,-2,1,9,3,-5,-5,-4,6,-7,-12,0,-10,6,-13,0,2,0,-1
-60/73,0,0,0,0,-3,6,2,0,6,-2,3,5,-3,-2,0,11,-2,-13,9,-15,-6,-12,4,-15,-3
-59/74,0,-2,2,0,4,-5,-1,0,6,0,-1,-8,-2,6,4,-4,-12,-2,-2,12,11,4,-4,-6,10
-37/54,0,0,-2,0,-3,2,3,1,0,-7,-2,-11,0,0,-6,6,-9,10,10,-13,-11,6,0,2,3
71/80,0,2,0,-5,0,1,-3,-2,-9,2,4,10,7,0,12,3,11,-5,9,-12,-2,6,-6,0,17
-43/30,0,0,0,3,4,6,5,-2,3,6,3,-7,-4,-1,0,6,-4,2,-12,8,-16,-4,8,-14,-2
4/51,0,0,1,1,6,-1,-2,1,6,4,-7,-3,6,-2,2,-6,-4,13,4,0,-11,-4,3,10,12
72/65,0,0,0,0,4,-2,-1,1,-3,-7,-2,6,3,9,-1,-10,6,6,5,14,2,1,-11,-12,2
-44/87,0,0,0,-5,0,4,6,1,6,-6,-4,-2,-3,10,1,-11,9,-5,4,-2,0,-9,6,-2,-12
-39/86,0,0,2,-5,-2,-7,6,-2,6,10,1,-1,12,-12,-8,7,-4,-8,-4,15,-13,-4,-5,-10,-6
-34/11,1,2,4,1,-2,-5,-8,1,-4,-10,3,10,2,-10,8,4,-4,13,10,5,4,1,9,-8,-3
-42/43,1,0,4,1,0,-1,4,-2,4,-8,3,-6,6,-12,1,3,0,1,8,-3,-5,9,-8,10,-9
-40/43,0,-2,0,1,4,1,2,-2,-8,6,2,10,12,-12,4,-14,-4,-1,1,12,4,-4,11,-12,-10
-77/19,0,2,2,1,0,4,-3,-2,6,0,-5,-1,-3,2,-6,-3,10,5,10,0,6,8,-13,-13,2
-65/69,0,0,0,1,-3,-7,2,1,0,-7,-10,10,-6,-10,-8,-2,8,8,12,-12,-6,10,-3,-12,-12
-70/67,-1,-2,0,1,4,-5,-6,1,1,-10,8,-5,8,9,4,1,4,1,0,8,-7,-4,-16,-1,8
78/37,-1,0,1,-5,-2,-7,-4,-2,-4,-5,-9,-8,-6,6,7,-3,0,5,5,0,-4,-10,6,4,14
-76/49,0,-2,2,-5,0,-5,-3,1,-3,-7,-9,-1,-1,8,6,3,-4,2,-10,-12,2,6,9,-15,11
-76/51,0,0,1,-5,0,4,-2,1,-8,6,-8,-2,-6,-12,0,-6,0,10,2,-3,7,-10,1,0,14
23/94,0,-2,2,3,-1,6,6,1,-7,-3,1,-2,-3,-10,3,6,-9,-6,3,2,2,-8,-5,-16,-12
-46/53,1,2,3,1,-5,-6,5,1,-7,6,3,10,3,-1,-6,5,-4,-5,-12,12,10,-11,-11,-15,3
74/9,1,0,0,1,4,2,6,1,-8,-4,-1,-11,-1,-1,-7,2,2,-2,4,-12,-13,-4,12,10,10
57/83,0,0,1,1,-3,2,2,1,-3,6,4,-1,6,0,-3,-2,-1,-8,-8,-1,-1,-9,-16,9,14
-100/7,0,-2,0,-5,-2,-5,-1,1,1,2,1,-6,2,-2,-4,6,-9,8,1,0,-2,-16,4,-15,3
-48/29,0,0,0,0,-5,2,-3,1,-3,-6,-2,-1,-5,7,1,-6,-3,10,12,0,7,-10,8,18,8
-71/25,0,2,0,-5,-1,-6,-5,1,-4,-2,8,-7,-9,6,-11,0,-12,13,-12,-12,-8,6,-15,0,8
-31/84,0,0,0,-5,4,2,2,1,-3,7,-10,-2,-6,4,0,0,-1,-8,-3,0,-8,-8,12,-10,-14
-21/37,0,0,2,1,-2,-5,-1,1,6,4,3,-8,-5,-4,-6,-6,11,-7,-14,-4,-2,1,12,-6,17
75/86,0,0,0,1,-5,4,1,-2,-4,-5,2,-10,-4,-12,4,3,-4,-5,12,3,-2,-7,-4,0,10
81/61,0,0,4,-5,0,-1,2,1,6,-1,3,-2,-7,-1,0,-4,-9,-4,8,-8,4,8,0,-10,2
4/93,0,0,2,1,-2,0,-4,-2,0,7,2,-2,-3,-10,-6,6,-14,-5,-6,15,8,5,-12,-6,8
-623/2,0,-2,2,1,-1,6,2,1,-4,6,-1,-2,0,7,0,-11,-4,13,9,-12,-2,5,3,-13,2
-620,0,2,0,3,4,-5,-4,-2,-3,-10,-10,-7,-5,-4,-6,6,-4,8,4,3,-8,-6,-13,3,9
-77/54,0,0,-3,1,0,6,2,-2,-4,-5,-4,10,0,-10,0,6,0,-4,2,4,-2,-4,-15,6,18
77/71,0,2,-3,1,0,0,2,1,0,-8,3,7,-3,6,1,3,-9,4,-5,4,-6,-11,-4,-8,1
7/31,0,2,-2,1,-1,-5,-4,1,-8,-10,2,-2,4,10,-4,-2,4,10,1,14,12,-4,2,18,10
11/48,0,0,3,3,0,6,-6,-2,-8,-2,-4,8,6,7,7,3,4,10,-3,0,-14,6,-16,12,2
-62/77,1,-2,1,-5,-2,2,6,-2,-8,-5,-10,-8,0,-1,0,1,9,-10,-10,-3,7,6,6,6,7
-89/5,0,-2,0,1,-1,1,-5,1,-9,-5,2,-10,2,12,2,-2,0,4,2,-15,10,-7,1,-13,12
-97/32,0,2,1,1,0,6,-5,-2,6,4,-9,-8,-4,-6,11,-2,-4,1,8,-7,-2,-9,-9,-2,8
-18/77,-1,-3,0,-5,-2,-5,5,0,-3,-2,-5,-1,6,4,6,-2,4,1,8,-12,-7,4,0,0,-6
29/75,0,0,0,3,-1,6,-4,1,-3,-10,2,6,-1,-1,-6,-4,10,-4,-8,6,-13,0,6,-8,-18
35/74,0,2,0,1,-2,2,2,-2,3,-2,-8,-8,-1,9,4,-4,6,5,-4,14,4,13,-10,2,2
58/45,1,0,0,3,-2,2,-3,-2,3,-10,-9,6,0,1,-6,-10,-4,-13,0,7,4,5,-4,0,-2
-83/30,0,0,0,-5,-1,0,-3,1,-8,-2,-8,5,2,-1,-6,0,-9,-3,-6,8,4,8,0,6,14
-98/89,-1,-2,3,1,-5,2,4,-2,6,0,-5,-6,0,-3,-3,0,7,-1,4,-12,-8,5,4,-8,-12
49/62,0,-2,0,1,4,2,-5,1,-6,-4,2,7,6,-9,0,6,-11,-10,-14,-12,14,8,-3,-6,11
-77,0,2,-3,1,0,2,-3,1,-3,10,4,-10,-6,4,0,6,2,-7,9,4,6,0,4,10,8
5/72,0,0,0,1,6,2,2,-2,-8,3,4,-5,6,9,11,6,-14,1,12,3,10,9,1,-4,-6
77/37,0,-2,4,1,0,6,2,1,-8,-4,10,-8,8,1,0,-2,-13,6,-11,12,-13,-8,8,12,1
-97/78,0,0,2,0,-1,-2,-4,1,6,3,1,-7,-6,-3,6,7,6,-5,-2,-9,-10,0,4,2,8
-61/35,0,2,0,-5,0,6,1,-2,-6,3,-1,-8,-6,-1,6,-10,4,-13,11,-15,-13,4,0,18,13
-71/21,0,0,1,-5,4,-1,6,1,-3,-1,-10,-5,-7,-1,11,-4,-5,-1,10,-12,11,11,6,-9,-10
56/59,0,2,2,1,-2,-5,1,1,-4,-1,-6,-5,0,-4,0,-2,10,-2,6,3,6,6,-3,-13,17
55/74,0,-2,0,-5,0,-1,6,0,3,-1,-6,-8,-4,10,6,6,-4,-5,-13,12,-2,5,-16,-15,17
-52/17,0,2,1,1,2,-7,-2,-2,-3,3,8,-5,8,4,-6,-2,9,6,6,3,2,-1,4,1,0
-68/35,0,-2,0,-5,6,-5,-8,-2,6,-5,-1,-10,6,6,6,-2,0,5,2,4,7,15,4,12,6
-74/35,1,-2,0,-5,4,6,5,1,-3,6,-4,-11,7,4,8,6,1,4,0,0,-11,-9,2,0,18
68/83,0,2,4,1,-3,4,-8,-2,6,-5,10,-11,0,-4,0,-2,0,1,4,8,-7,-4,-16,10,-5
-81/14,0,0,4,-5,2,2,-1,0,-3,-5,1,10,3,7,7,-6,9,10,4,11,11,-4,9,-15,-6
-57/8,0,0,4,1,0,2,6,1,-3,4,-1,-5,-9,4,1,-4,-11,4,0,5,-13,-1,-4,6,-12
-55/89,0,2,0,3,0,-5,3,1,-8,4,6,-2,-9,-3,7,11,1,-8,5,-12,-13,-9,12,-8,10
-43/79,0,-2,-2,3,2,-1,-1,-2,-8,0,1,-2,4,-1,12,-11,0,10,-12,-15,-9,-8,-16,18,9
-41/78,0,0,2,0,-2,-2,4,1,-8,4,3,7,-4,-9,-3,-2,-4,0,12,5,7,-4,-3,10,2
50/43,-1,-2,0,0,4,-6,5,-2,4,4,1,5,6,-12,7,1,0,-13,4,5,-6,-16,0,-15,6
49/44,0,-2,4,1,-2,0,-1,1,6,4,1,10,-4,-4,-6,-10,7,-2,-13,-15,10,10,0,1,2
-43/33,0,0,1,-5,-2,-5,-4,0,-8,4,-7,-7,-1,-1,10,-4,-4,-13,11,4,-2,5,6,0,-2
-63/76,0,-3,-3,1,0,6,1,-2,4,4,3,-11,-1,4,-6,6,-9,13,6,14,-5,10,15,-6,12
15/31,0,0,0,-5,0,1,6,1,-4,6,2,-5,-3,12,4,4,0,8,-14,0,2,-8,14,9,-2
29/61,0,-2,2,3,-2,-1,-3,1,-3,-10,-6,-8,-3,-1,8,11,4,-4,5,-12,0,6,10,3,18
46/63,1,0,2,-5,-2,1,4,-2,-7,6,0,-5,-6,-2,0,7,2,-5,-11,10,-4,11,4,3,2
-88/5,0,2,0,1,0,4,-3,1,6,2,2,-8,-9,5,4,1,4,-10,-5,6,-13,-10,12,6,-2
7/68,0,-2,1,1,0,4,-2,-2,-6,0,-9,-2,6,4,-11,-14,10,10,2,-9,2,-8,-16,1,17
62/47,1,2,4,-5,2,4,-1,1,-6,-8,-10,-2,-3,4,3,-2,4,13,-14,-4,-13,-16,6,-3,13
-49/64,0,-2,2,1,0,2,-3,1,-9,4,-1,-5,-6,-12,3,6,-2,-13,-14,6,2,-7,-8,12,-2
89/3,0,0,0,-5,-3,-5,1,-2,-4,7,-5,-2,6,-6,8,0,0,-4,8,0,-2,-15,12,-13,13
88/3,0,0,4,1,0,6,4,1,4,10,10,-2,-7,9,0,7,9,-1,2,8,-9,-16,3,1,9
73/24,0,0,0,0,0,-1,-3,-2,0,-8,-7,-7,2,-12,12,-2,10,4,-14,0,-11,15,6,1,8
54/65,-1,0,0,1,-5,-2,3,1,-8,4,10,-1,-2,-2,-7,-2,11,-3,0,0,4,-9,16,6,1
31/41,0,-2,0,-5,0,-1,-6,1,-8,-4,-10,-2,6,-4,1,1,-1,10,-11,6,2,1,2,3,8
55/14,0,-2,0,-5,0,1,-1,1,-4,-4,0,5,-6,8,8,-6,-7,-6,-3,13,7,11,-16,-14,9
60/17,0,0,0,1,6,0,-2,1,-3,-3,-5,-10,-6,-6,0,6,0,1,-4,0,-11,8,-9,-17,-7
61/16,0,2,4,1,6,1,1,1,3,-7,-4,-7,8,7,-8,-2,-3,-13,10,15,-2,5,15,1,2
-32/639,0,0,-3,-5,-5,2,1,-2,3,-8,-9,-5,7,5,11,9,-11,10,-7,4,-4,0,7,-6,9
-34/641,-1,2,2,1,4,4,-8,-2,-9,-5,-1,-6,-6,6,4,-2,0,-12,8,5,-16,-5,12,-17,14
-31/639,0,0,4,1,-1,-5,-6,1,-4,-1,-10,-2,-6,-2,8,-2,11,2,12,4,2,0,0,-12,11
-89/42,0,0,-2,-5,2,-5,-3,-2,-3,4,6,-10,-3,10,-8,-4,13,6,8,14,-2,4,7,-13,-3
94/75,1,0,0,1,0,6,5,0,6,-8,3,-7,10,7,-8,-6,2,5,-6,14,-6,8,15,6,-1
-22/29,1,2,3,1,0,2,4,-2,0,-6,3,-8,-5,4,-6,-4,4,4,9,-1,-8,-6,-4,-6,16
-46/87,-1,0,2,0,-1,-5,5,0,-7,-6,10,-2,12,4,4,6,-9,-6,-8,0,0,-10,12,-14,-5
23/73,0,-2,2,3,0,4,-3,1,-7,-5,10,2,-7,7,0,-2,0,8,8,-9,-6,-1,4,-15,8
21/11,0,0,0,1,-2,-1,2,-2,0,2,4,-8,4,-2,11,-4,0,13,10,-5,-2,-4,-12,-13,12
67,0,2,2,-5,-5,0,3,-2,-8,0,-5,-6,7,0,4,-2,1,1,-5,6,-10,9,-9,12,8
-989/2,0,-2,3,1,2,-6,1,1,-7,9,8,-2,-6,-1,-8,10,0,13,10,9,-14,-4,4,-6,2
-497/3,0,0,2,1,-2,6,-1,1,-8,-10,1,10,-6,6,-6,-9,-9,-6,3,-12,-1,-4,-4,3,-1
-16/27,0,0,2,1,6,2,6,-2,-9,-5,-10,-7,-9,-6,-3,4,-14,-8,-10,0,-10,10,-4,6,12
29/38,0,2,-2,-5,0,2,2,-2,-3,-10,-9,6,-5,4,4,-2,0,5,4,15,10,11,2,0,-12
-96/59,0,0,4,3,0,1,2,1,-3,7,2,7,-7,4,8,-4,10,-3,-8,-12,-4,5,-6,-1,-9
103/33,0,0,0,0,-2,4,3,1,6,-2,-5,10,2,4,-6,-10,-2,1,-6,0,-2,-6,3,-2,-5
104/31,0,-2,2,1,-2,-7,2,1,-3,2,2,-3,1,4,0,6,-14,2,-8,15,-16,10,-16,9,10
99/34,0,-3,0,1,0,2,-2,1,-3,3,-6,-8,12,-9,-6,-2,6,1,-11,3,4,-10,1,-1,8
-100/53,0,2,0,3,2,-5,4,1,1,7,10,-2,-3,4,-8,5,6,1,2,-9,-9,8,3,18,-1
1/40,0,2,0,3,0,2,2,-2,-9,-5,2,-7,12,-7,4,-14,-9,1,-6,13,14,0,2,-14,-7
-101/79,0,2,4,1,6,1,2,-2,2,0,-5,10,6,-3,1,6,-4,-7,14,0,8,-8,14,8,10
-76/13,0,-2,-3,1,2,-2,-6,1,-8,-5,10,-10,8,-7,12,-2,10,-1,4,13,0,-10,-3,-6,-5
-49/68,0,2,3,1,-2,2,-2,1,-8,-1,-4,10,-3,1,-3,-2,-4,-12,0,15,-10,4,-4,-14,8
49/32,0,-2,3,1,2,-6,4,-2,6,-8,10,-2,-1,-10,-7,-11,-2,1,-8,-4,-2,-1,10,-1,2
47/4,0,-2,3,3,0,0,3,-2,2,3,-10,-2,-7,-6,-8,-2,6,-1,-6,4,7,6,0,12,17
39/56,0,0,1,-5,2,-7,4,1,-4,-3,-5,-8,-3,10,4,5,-10,2,12,15,-13,9,-12,8,17
-26/63,1,0,-3,-5,4,-7,6,1,1,-10,-5,7,10,10,-11,6,8,-3,0,-3,2,-6,-4,-6,6
20/73,0,-2,0,1,2,-1,-3,1,-3,4,1,-2,6,9,-6,-3,0,-8,3,-8,-6,-8,-16,-1,-4
23/71,0,2,0,1,0,-6,-6,-2,-7,-2,6,-2,-3,6,-8,6,6,-7,4,4,-11,11,2,10,17
-19/78,0,0,0,1,-2,-2,-1,1,-8,6,-2,5,2,4,4,1,4,13,-3,-7,5,-4,-15,-15,8
55/48,0,0,0,0,0,-1,-1,1,-6,0,4,-2,-7,7,-6,6,-1,8,4,-9,2,12,12,3,-8
19/59,0,-2,0,-5,-1,6,-3,1,-3,3,-10,-5,-6,4,-3,0,10,-5,8,8,14,-16,-3,-14,-13
-93/79,0,0,-2,1,-2,4,1,-2,-6,-5,-10,10,-1,-6,0,-2,6,-1,2,-2,7,-8,-13,-6,14
-50/71,1,-2,0,1,-5,-1,-5,-2,-8,3,-1,6,-6,-9,0,10,6,-13,4,4,-11,4,-4,18,-8
-59/57,0,0,0,-5,0,-1,-1,-2,-8,4,10,-5,-5,2,-6,-2,-12,8,4,-5,-5,8,3,-12,14
95/3,0,0,0,1,2,2,-4,1,-3,6,3,10,-6,10,-11,-2,6,-7,-10,-12,14,-14,-6,0,-1
-46/17,1,2,-3,0,4,-5,-2,1,-7,0,-8,-1,-3,9,0,6,-4,4,-14,0,-16,9,2,-10,12
-54/5,1,0,0,1,0,2,-3,1,-8,-3,-1,-8,-7,9,-6,4,0,8,5,-6,-11,-5,4,-3,2
53/92,0,2,2,-5,4,2,-1,-2,0,0,-5,-2,-3,8,0,-10,-4,-7,12,-5,2,-7,12,6,8
57/92,0,0,4,0,2,-5,-3,1,0,2,-5,-10,-6,12,-8,-4,-5,1,3,16,-8,-14,12,8,8
64/43,0,2,-3,0,-1,1,-4,1,-8,-5,-9,5,8,-12,-11,3,-2,-2,2,-3,-16,11,14,-1,14
76/31,0,2,4,1,2,2,2,1,-8,0,2,-8,-6,12,0,-9,-9,8,4,0,10,-5,10,2,8
39/14,0,0,2,-5,-1,-7,-3,1,3,0,-5,-5,0,-12,-2,0,0,-10,8,-3,-13,6,0,-8,-14
64/63,0,0,2,-5,0,6,5,-2,-4,6,-6,10,-4,1,-1,6,6,10,5,4,-5,4,12,-6,-5
68/63,0,0,0,-5,-2,-5,-8,1,0,-7,6,2,-6,-12,-11,6,-7,8,4,-4,-8,10,-7,1,-14
74/57,1,0,3,-5,-3,6,4,-2,-3,9,1,-11,6,-10,0,-2,6,5,8,-2,-6,10,0,-12,12
75/58,0,0,0,1,-2,-6,4,1,1,-6,-1,-6,-7,2,0,-3,-4,-11,-7,-4,10,-4,16,12,-2
89/25,0,-2,0,3,-3,0,-4,1,6,3,3,-2,-6,8,0,6,-4,1,8,-12,4,-10,12,-13,0
21/20,0,0,0,1,2,1,1,1,-6,-5,0,2,12,1,0,10,6,5,-8,-9,12,-5,-8,5,6
65/29,0,2,0,1,-2,-7,-3,1,3,-6,-1,-2,-9,1,-8,-4,-4,8,6,-12,5,-8,-4,-6,-19
67/30,0,0,0,1,4,6,-3,-2,-8,0,-9,8,6,-6,13,-14,6,-10,-5,-9,-1,1,2,-14,8
-7/442,0,-2,1,1,-1,-2,-2,-2,-8,0,3,-7,-3,10,-8,-11,-14,6,-14,12,-14,-8,12,-14,-14
-19/887,0,2,0,1,-1,4,2,1,6,-2,1,-5,-5,4,7,6,-1,1,10,9,-13,-15,-8,-6,12
-19/886,0,-2,4,-5,2,2,3,1,6,-8,3,-6,-6,5,-6,-4,7,6,-12,-5,-14,8,5,0,14
9/38,0,-3,3,3,-3,-5,5,-2,-9,4,10,-7,-6,0,-8,6,1,-4,-12,-9,11,6,-10,-15,-2
79/3,0,0,3,3,0,-1,5,0,3,6,4,2,12,-12,-8,-2,-10,1,11,11,-13,4,16,-3,14
-50/7,1,2,0,-5,4,-5,2,0,2,-8,0,2,4,10,1,6,10,-10,-8,4,-1,11,-4,18,3
-27/4,0,0,-3,1,4,1,-5,-2,-4,6,2,-2,-3,-1,12,-11,1,-7,-3,-5,4,6,-3,-8,13
87/31,0,0,0,0,2,6,2,1,6,-10,2,-8,6,-4,0,-4,4,-7,-14,8,4,6,2,4,-18
25/49,0,2,0,-5,4,-1,-3,1,-6,2,1,7,-9,4,0,9,10,-5,-3,-2,-13,-6,3,12,2
23/53,0,2,0,-5,4,2,2,1,-7,6,-7,10,-3,-2,-6,5,4,-11,5,11,-10,-15,12,-1,9
81/95,0,0,0,0,6,-5,2,-2,0,0,-7,-7,-7,4,1,3,-7,-6,-10,14,-6,-12,6,-16,8
27/32,0,0,0,-5,2,4,6,1,-8,0,-9,10,-6,8,0,6,4,6,-2,2,-10,13,12,-12,-6
71/28,0,-2,3,-5,6,1,-3,-2,-3,4,-4,-7,-5,-6,0,0,-4,-8,3,-12,10,10,8,-15,14
-29/92,0,-2,0,1,-5,2,-3,1,0,-10,-4,-2,-3,12,-6,4,-7,-5,5,-1,-4,8,4,6,-1
-21/97,0,0,3,1,4,1,5,1,-3,-3,10,-7,2,4,10,2,0,4,8,0,-5,-6,-16,3,4
64/69,0,0,4,1,-2,1,-3,1,0,3,10,10,-6,-10,4,-14,-14,13,-12,-15,2,-4,3,12,8
59/73,0,-2,-2,0,6,-1,2,1,-3,-7,3,-2,-9,-12,-2,1,-12,-2,4,4,-6,-15,12,-10,11
53/83,0,2,0,3,4,-5,3,-2,1,2,-10,-5,-6,7,-6,-10,4,-3,-12,-12,-6,13,-16,6,-7
73/21,0,0,0,-5,-3,2,2,1,-8,0,-6,10,2,-1,-8,-10,7,6,-10,-4,-11,10,-3,-6,-12
77/18,0,0,2,1,0,-5,-4,1,-8,6,6,-1,-7,8,-2,3,0,6,10,-12,2,8,-8,1,11
71/23,0,2,0,-5,4,4,-4,-2,0,6,-9,-11,-6,4,-8,6,0,-10,8,-12,-10,-9,-7,1,-14
74/21,1,0,1,-5,-2,-6,-1,1,-3,-1,-5,-11,6,0,-6,-3,-13,-4,12,-12,-6,4,8,10,2
-76/85,0,-2,0,0,4,-5,-2,1,-3,0,-7,-7,-7,4,0,-2,-4,8,12,6,-4,1,4,8,7
-67/41,0,2,0,-5,-3,6,2,-2,6,0,0,10,6,-12,11,6,0,1,-5,-9,4,-14,2,-12,-1
94/5,-1,-2,0,1,6,4,6,1,-3,9,-7,-8,0,-10,-8,-10,0,4,-14,-9,4,-16,12,-6,-14
-2/71,1,-2,0,-5,-3,-5,2,1,-4,4,8,10,-4,10,-6,7,9,5,12,4,-16,-11,-3,-13,-6
29/79,0,-2,2,-5,0,1,5,1,-9,-10,-5,-6,-5,4,4,1,2,-1,10,-7,-2,-8,-8,6,-14
-7/30,0,0,0,1,2,-5,-5,1,-4,6,2,8,2,2,0,-6,6,10,-12,15,2,-9,16,12,12
-7/44,0,2,-2,1,-2,-1,4,1,-3,6,-5,7,6,-10,-6,6,2,-13,2,3,-10,8,8,-17,-14
19/51,0,0,1,1,0,6,-2,1,-3,-10,10,-8,1,4,10,6,4,1,10,-15,-1,15,12,6,-18
-66/53,-1,0,2,0,0,6,4,-2,3,3,-4,-5,2,4,0,5,-9,-12,-12,-15,6,12,12,-1,2
-66/49,-1,0,0,-5,0,-1,3,-2,-3,-5,8,10,-7,-9,8,6,-12,-11,4,4,7,0,4,8,13
87/17,0,0,0,0,0,6,-2,1,-4,-10,-9,-5,-7,4,-10,-6,0,2,3,15,-4,13,10,0,-12
19/79,0,2,0,1,-3,-6,5,1,6,2,1,2,12,7,12,-3,6,6,4,6,2,-8,-3,-3,-10
11/41,0,2,4,3,0,6,-3,-2,3,9,-4,-8,6,8,12,-4,-12,-2,-11,-1,-2,-14,0,9,-12
93/29,0,0,2,1,4,-5,6,1,0,-6,-10,-6,2,8,1,6,-5,0,1,4,2,8,6,-7,8
91/27,0,0,-2,1,4,-7,-3,1,-8,-1,4,10,-6,4,-4,-4,4,4,14,0,-11,0,7,-6,14
-88/45,0,0,0,0,0,6,-4,0,-9,0,2,2,-3,10,0,-9,7,-11,11,-1,4,-16,14,0,2
-65/83,0,-2,0,1,-1,-7,1,-2,-4,0,-1,8,-6,-10,0,6,4,-8,2,7,7,4,-16,0,8
-43/32,0,2,2,-5,6,-5,-3,1,6,-4,10,-5,2,-1,12,11,-14,5,5,4,14,10,4,-3,-2
-73/83,0,2,1,3,0,2,5,-2,-8,4,-4,5,8,-4,0,6,-12,-1,10,14,-11,-4,-16,0,16
-71/78,0,0,3,1,2,-2,5,1,6,-3,-9,-5,4,-4,0,0,0,-5,1,-12,2,6,-4,12,1
-17/295,0,2,0,-5,-2,2,-8,1,6,3,-4,-2,3,-4,-8,-11,10,-11,-2,4,-2,-10,-5,10,8
-12/293,0,0,0,-5,-2,0,2,1,6,-2,-1,-8,-9,1,-11,-2,4,10,-10,-6,2,13,4,12,14
-50/47,1,-2,0,-5,0,2,-3,1,-9,2,-2,-3,-3,4,3,-4,-14,-5,-5,-12,7,10,4,-14,8
-55/91,0,-2,0,-5,0,-2,2,1,-3,-5,3,-8,3,-9,1,-2,-3,-10,-10,-2,-16,0,4,-8,-14
-77/95,0,-2,0,1,0,2,5,-2,-3,2,-1,-2,0,-6,0,9,-4,-7,-7,8,-11,-12,-4,0,-9
-43/54,0,0,-2,-5,6,4,2,1,-3,-10,8,-8,3,-1,8,6,4,2,6,-12,-11,12,-3,0,8
-44/53,0,-2,0,3,0,-5,6,-2,-4,5,-4,-7,10,6,-8,5,10,-11,5,-12,2,4,0,-1,8
76/25,0,2,0,-5,4,0,4,1,-3,10,-1,-1,7,5,-6,2,-4,2,-6,-4,-6,-7,5,-8,-10
-97/72,0,0,1,-5,-3,2,2,-2,2,7,3,-6,-7,-4,0,2,-4,8,-14,-9,4,15,4,6,8
52/779,0,-2,0,-5,4,-7,5,-2,-8,4,-9,2,6,-10,-6,6,-12,-1,-7,-9,-4,2,9,-6,-12
49/780,0,0,0,1,2,-2,4,-2,6,5,4,-8,6,-6,6,-2,-9,-2,5,3,-2,-16,-6,2,-12
55/42,0,0,0,-5,0,2,-4,1,-3,-7,-5,10,-6,12,0,1,2,4,4,4,-4,-7,2,12,8
-15/68,0,0,0,-5,0,-5,-2,1,-3,9,-9,-2,-5,12,12,0,0,13,8,3,-8,11,11,6,17
37/61,0,2,2,1,0,6,-6,-2,0,6,-7,-11,6,-7,12,-6,0,-4,-4,-6,-8,10,-5,-7,-14
-64/103,0,-2,-3,-5,2,6,-3,-2,-3,-2,6,-2,-5,-10,11,-2,-1,13,16,-13,-16,8,12,1,0
-66/101,-1,0,2,1,0,-1,5,1,6,4,0,2,3,6,-1,-2,9,8,-12,10,-2,-16,-4,-9,-2
-34/49,-1,-2,2,-5,-1,6,-8,1,0,6,-5,-6,1,1,-10,-3,10,13,-10,-12,8,11,11,-14,-19
-71/53,0,-2,3,-5,0,6,1,-2,-8,7,2,-2,-6,1,-6,5,-2,2,-10,-12,-13,2,3,6,8
-72/55,0,0,0,1,-2,0,3,-2,-3,-3,-4,5,-4,4,-6,6,0,5,8,15,-6,-16,-7,6,7
89/81,0,0,1,3,-2,-5,3,-2,-8,3,-8,10,-3,12,-1,-10,-2,8,-14,13,-13,-5,16,-13,5
89/84,0,0,4,-5,0,-5,-3,1,-3,0,-4,-7,-3,4,-8,6,-4,2,4,8,0,0,4,-13,6
-44/5,0,-2,0,0,0,6,5,-2,-3,-8,4,-1,-3,-6,4,-4,5,6,0,-7,4,11,4,6,-6
-16/49,0,-2,0,-5,6,2,-3,1,6,-4,6,10,-9,-1,8,-14,-3,-10,14,-9,-11,-15,1,-6,1
-43/65,0,2,0,3,6,-2,2,1,-3,-1,-9,10,-6,-1,-8,-2,-12,4,2,3,-13,-11,0,5,1
-55/92,0,2,0,0,0,2,2,1,0,-10,-2,7,2,-2,-1,-6,0,5,4,4,4,-10,-16,2,10
-80/7,0,2,0,-5,0,-1,-3,-2,-3,4,-2,-2,-6,8,4,-12,6,1,-2,3,1,-4,4,-17,17
-76/7,0,-2,3,-5,0,-5,5,1,-4,3,-4,-2,-5,-1,-11,-2,4,13,4,11,-4,-8,11,-7,12
-53/33,0,0,2,1,-2,4,-6,-2,-4,2,-1,-8,-7,-6,1,-10,10,-7,-4,6,-7,4,-3,-15,13
-60/11,0,0,0,1,-2,-5,-1,-2,-3,9,3,-2,-7,-6,-2,10,6,-4,8,2,-6,0,-5,9,12
42/67,-1,0,2,1,0,-5,-4,1,6,-3,-9,-1,-4,5,-6,1,-1,8,0,6,-16,15,-5,6,11
7/690,0,0,0,1,4,6,3,-2,0,2,-4,-2,12,-4,1,9,6,-2,-11,-5,-6,4,8,10,-4
8/6839,0,2,-2,-5,-5,-5,2,-2,-3,10,-1,10,12,-1,-11,-14,6,-11,8,14,11,-8,-3,10,-6
3/2281,0,0,0,-5,0,6,4,-2,6,7,-9,2,6,1,4,6,-5,-5,12,-12,2,10,-16,-17,10
2/1709,1,2,2,1,2,-1,-3,-2,-4,0,4,-3,3,6,0,-2,4,2,11,2,-10,-4,4,-13,3
13/6835,0,2,0,1,2,-7,-3,1,-3,-4,-5,-3,6,9,-7,2,-4,-7,3,8,-4,8,6,-10,-5
40/81,0,0,0,3,6,-1,1,1,3,5,2,10,-6,6,-6,10,0,2,-11,12,-9,-11,-7,-6,12
25/64,0,2,0,-5,-3,2,5,1,6,0,-4,-5,10,-10,0,3,4,-10,-7,-3,-2,-6,6,-9,10
91/55,0,2,0,1,-2,-7,-1,1,-3,-10,10,-2,0,-1,-3,3,-4,-13,8,0,1,12,0,12,-18
45/86,0,0,0,-5,4,-5,5,-2,0,9,-4,10,-6,-12,-8,-9,2,10,8,4,-2,-15,14,-6,8
-387,0,-3,0,-5,0,1,-3,1,0,3,4,-7,2,-1,0,-4,-13,6,8,-15,-13,-14,-4,-16,8
-778,-1,-2,-2,1,-2,0,-3,0,0,-4,-4,7,-6,-3,0,6,0,-2,4,4,-11,-6,12,-14,-14
79/76,0,2,1,-5,0,-6,6,-2,6,-4,1,-2,12,2,10,-6,6,-4,-2,14,-13,4,6,9,-8
89/16,0,-2,1,1,0,-5,-3,1,3,4,1,-1,3,-10,13,6,-12,-6,6,-8,-16,8,-16,-13,-13
8/85,0,-2,0,0,-5,1,-2,-2,1,-2,1,-1,-4,6,4,-10,8,2,6,-15,-11,-8,-6,-6,-1
6/41,-1,0,0,0,0,1,-3,1,6,6,-9,-7,6,4,-8,-4,0,6,-12,0,4,-1,7,10,-18
-24/71,0,0,4,-5,-3,-1,-4,0,3,4,10,-2,8,-10,-8,-12,6,-8,-14,4,12,-16,12,18,18
100/3,0,0,0,3,-3,1,2,1,6,3,1,-2,1,-10,4,-6,0,13,12,-4,7,11,0,10,8
-12/73,0,0,4,3,-2,-5,4,1,-4,-4,-9,-8,2,5,8,6,6,0,8,4,-6,0,2,-14,5
-13/43,0,-2,2,0,-1,-7,-3,1,1,-8,8,-8,-6,-12,-6,-6,0,8,3,4,-6,-8,12,12,8
19/81,0,0,1,3,-1,0,-3,1,-3,0,2,-2,-7,-2,1,1,-7,-13,-10,13,4,-8,1,18,-7
14/83,1,2,-2,1,2,-5,-1,1,-3,4,3,10,-6,0,-7,-14,10,-7,4,4,-5,4,-16,2,8
6/59,1,0,2,1,4,6,2,-2,0,-4,-4,10,-6,4,-8,-3,10,-6,5,-15,-4,10,3,-14,-18
89/2,0,2,3,1,2,6,-6,1,6,4,-4,2,-3,1,0,6,-11,10,12,13,-13,-5,0,-13,-1
89,0,-2,2,-5,-5,4,-3,-2,-4,-7,-9,-2,-9,10,-8,3,-14,6,-11,-3,-5,-12,4,-13,-10
-59/82,0,2,0,-5,0,-5,2,1,-4,-4,3,-7,6,-1,2,-10,-12,-5,-4,0,14,13,0,18,13
-8/1083,0,0,1,-5,4,4,2,-2,-9,-4,-10,2,-6,10,-6,-2,0,1,3,-15,-11,-4,-16,2,-13
-3/271,0,0,3,-5,0,-5,2,-2,-9,7,3,-7,0,-1,-6,-4,-3,-1,4,-9,7,-14,-4,-6,-12
-11/1086,0,0,1,3,0,-5,2,1,3,-5,-1,10,-7,10,-4,-9,-2,1,11,4,-13,5,12,12,3
-2/361,-1,2,3,3,-5,-5,-3,-2,-4,4,3,6,-1,-4,0,-11,-7,1,-5,-9,-8,-10,-16,3,17
11/691,0,-2,4,-5,0,6,4,-2,3,0,0,5,-6,-6,-11,-11,2,6,2,-7,-2,8,-4,1,-5
3/173,0,0,0,1,6,-5,4,-2,2,-8,-9,-7,-6,10,0,-14,-14,6,5,16,-13,8,4,9,18
27/29,0,0,0,1,4,-1,5,1,-6,-6,-6,6,6,4,3,-11,4,1,-14,-9,0,-11,4,6,12
14/57,-1,0,0,1,4,-5,-3,-2,6,6,-1,-10,1,-6,8,-4,0,-1,-8,-8,-5,-8,-4,-7,1
15/53,0,0,0,1,0,0,3,0,1,-8,10,-1,8,1,-4,5,10,-5,2,-5,-2,-4,4,-3,-3
-5/677,0,-2,0,1,-5,-5,-3,-2,3,3,2,10,-1,4,3,-6,8,-4,16,-13,-4,8,4,10,-3
-27/52,0,0,1,-5,0,-2,1,-2,3,3,3,10,-6,4,-1,-2,-10,-5,2,11,-2,0,-10,-14,8
91/12,0,0,3,1,-2,-7,-4,1,-8,10,-5,5,-1,-1,-6,0,-12,-2,-12,-12,-10,0,10,8,-13
-29/33,0,0,-3,-5,-2,6,6,1,0,-10,2,6,-3,4,8,2,-7,2,-8,15,4,1,3,6,-12
-28/33,0,0,2,1,-2,-1,5,-2,3,6,8,10,-3,4,4,0,-4,10,4,-12,-13,15,3,6,3
-34/3,1,0,-2,-5,4,-6,-8,-2,0,-5,1,8,6,10,4,-10,2,-1,12,7,-1,-16,-13,10,12
26/83,-1,2,-2,1,0,-7,-3,0,-3,-5,4,10,7,4,11,-3,4,6,-3,0,2,10,-16,12,0
-65/54,0,0,0,0,6,-7,4,1,1,0,3,-1,-5,-2,-11,1,-4,6,-4,-12,-10,8,-4,-7,9
-67/80,0,2,0,0,4,6,-1,-2,-9,6,-4,-3,0,-1,-6,-2,0,4,-5,-9,-14,-6,-7,0,12
41/42,0,0,-3,-5,4,-5,2,1,3,0,0,5,-4,4,4,-4,1,-1,6,11,14,-16,12,-12,-1
-93/32,0,0,2,3,4,-5,-3,1,-3,-1,-10,2,-3,7,0,0,0,0,-6,-4,-1,5,4,10,-12
-49/45,0,0,0,1,2,6,5,1,-8,-4,3,-2,-9,4,2,-4,13,-7,-10,-3,-14,12,6,1,-18
877/7,0,2,0,-5,0,6,3,-2,3,4,10,-7,-6,2,-6,6,2,5,8,-12,7,8,3,-14,-18
98,1,-2,-3,1,6,6,-3,-2,2,4,-5,-11,6,-12,-1,-2,0,1,5,-4,-11,-4,14,6,8
879/5,0,0,0,-5,-1,6,3,0,-3,-2,-9,10,6,8,-11,-6,-10,-1,8,-7,-4,0,-3,-14,8
-11/62,0,-2,-2,-5,0,-5,3,-2,6,3,2,-8,-3,-1,10,-10,6,-4,-10,-4,-16,4,-13,-3,-10
41/46,0,-2,4,-5,-3,-5,-6,-2,0,0,3,-2,-4,7,12,-11,-11,-10,-7,-1,12,-10,14,2,12
79/91,0,2,1,-5,0,-2,3,1,-3,-1,2,-7,0,4,12,-4,1,2,-10,2,0,4,4,-6,12
396,0,-3,4,-5,0,-6,2,1,-3,3,-2,2,0,4,4,-2,-12,8,-14,-15,-2,0,-4,-7,8
1585/3,0,0,0,0,-3,-5,1,1,3,4,-1,6,8,-2,-6,6,-7,-11,4,5,-16,13,-3,-10,10
1/31,0,2,4,-5,4,-5,5,1,-8,6,2,-1,-5,-4,0,0,7,2,3,5,-11,-6,1,-14,-7
-10/59,1,2,0,1,-2,-6,2,-2,-3,3,-2,10,-5,4,0,6,10,-1,0,-5,-7,1,-1,-6,17
-11/61,0,2,1,1,0,-6,-3,1,6,-4,3,6,-7,4,-11,-2,-12,-4,3,4,-6,-5,-4,1,12
75/43,0,0,0,-5,-1,-1,2,1,-8,-3,-1,-1,-6,-12,10,3,4,1,-11,-8,14,5,-7,-9,-2
29/59,0,2,4,-5,6,-6,-1,1,0,-10,3,-2,0,-1,3,-6,10,10,2,-15,4,8,2,0,0
23/60,0,0,0,-5,0,4,6,-2,-7,-8,-10,8,-6,-7,6,-4,8,8,-14,8,7,-8,12,6,10
-40/23,0,2,0,0,-3,-1,3,1,0,-8,-5,-11,6,4,-2,3,-4,-1,2,-5,7,-6,10,6,-2
-25/58,0,-2,0,-5,6,4,5,-2,-9,-6,-1,11,0,2,4,1,-7,-10,0,0,10,-11,11,2,2
-92/51,0,0,-2,3,-5,2,-2,1,-7,0,-1,-8,12,-4,-8,1,2,-6,4,-9,8,6,12,12,10
27/38,0,0,1,1,-5,6,5,-2,3,5,-9,11,8,1,0,-4,-12,6,8,6,-4,-10,-3,9,2
83/80,0,2,0,1,-1,-1,2,1,6,9,-9,-7,6,-2,-11,9,0,10,-13,6,2,-1,0,-8,2
49/78,0,0,-2,1,4,-2,-1,1,6,4,-5,-2,-9,-4,0,-6,-11,6,-12,6,-10,-9,-16,-6,-9
26/75,-1,0,0,0,0,-7,5,1,1,6,-6,2,6,-4,7,-10,11,6,8,12,-1,13,0,-14,-9
-71/7,0,2,-2,-5,-3,2,-6,-2,-8,2,3,10,6,-3,4,-7,-4,10,2,-12,14,8,0,10,8
-65/9,0,0,0,1,4,-7,-5,1,-8,-2,1,8,-1,12,0,-12,0,2,-12,-7,7,-16,12,-15,-14
32/23,0,2,2,1,6,4,5,1,0,3,-9,-2,12,8,-10,-10,6,5,3,16,0,-7,2,-10,1
64/49,0,2,0,-5,-3,-1,-6,-2,2,0,2,-6,6,-4,13,-4,-4,-2,4,-8,2,1,0,12,-1
-47/27,0,0,2,-5,2,-5,2,1,-8,0,-10,8,-6,7,-8,0,0,-8,12,-12,0,-16,8,10,-18
-88/73,0,-2,1,0,0,0,-3,1,-3,-1,1,2,4,4,10,-6,0,13,-12,-4,-6,-4,-4,5,17
-91/72,0,0,-2,1,4,-7,1,1,6,-5,-7,11,-6,7,4,-6,0,2,-11,-15,-4,6,14,3,-10
-46/101,1,2,1,0,6,4,6,1,-7,-4,-6,-8,-6,-6,-6,1,10,13,2,-5,11,-4,3,10,10
-52/99,0,0,0,-5,-2,-7,-5,1,-3,6,3,6,8,-3,-8,-3,7,-4,9,14,-6,-15,0,-6,7
-67/32,0,2,1,1,-5,-5,-3,1,-3,-8,-9,-1,-6,-4,0,3,4,-8,-5,13,12,-9,-4,-4,-6
23/4,0,-2,-3,-5,-2,-1,-1,0,-7,9,-4,-2,6,4,0,3,-5,-5,4,14,4,-6,0,10,-6
43/11,0,-2,0,1,-2,4,1,1,2,-2,10,2,-4,-1,0,6,-1,-2,-3,0,2,1,12,10,-13
-86/41,1,-2,1,1,-2,-1,6,-2,6,-5,1,-10,6,-1,-10,6,-9,2,6,7,11,-16,4,5,-12
644/5,0,2,0,1,6,-5,2,-2,-7,6,3,-2,-6,-6,-11,-2,4,-10,-14,2,12,-9,-11,-2,-14
643,0,2,3,1,4,-6,2,1,-4,-4,1,2,4,-2,13,9,0,-2,0,12,-4,10,3,6,12
45/59,0,0,0,0,-2,6,6,-2,3,4,4,-10,2,2,8,-12,10,13,14,0,-13,-8,-7,4,-2
43/60,0,0,0,1,-1,6,4,1,6,6,-7,2,7,-1,0,-2,-4,6,3,13,-7,6,2,6,8
39/22,0,0,-3,-5,-2,-7,4,-2,3,4,6,11,7,6,0,10,-12,0,-14,3,-11,-8,-16,-2,-6
73/74,0,-2,0,1,4,4,5,-2,6,10,10,-8,0,-10,0,-10,6,-2,8,-7,-11,-4,6,-3,2
-22/63,-1,0,4,-5,0,4,4,1,-9,9,-5,10,12,1,0,3,-12,-4,-4,8,2,6,3,-7,1
53/71,0,2,3,-5,-3,4,6,1,-3,9,1,10,6,7,-8,-10,-4,-3,-12,4,-4,-8,-13,0,2
13/20,0,-2,0,0,6,-7,-1,-2,3,-4,-9,-2,2,4,-7,-6,0,-8,11,-12,-13,0,6,-17,0
-82/19,1,-2,-2,1,0,-5,-1,-2,-3,3,3,-2,-4,8,1,6,4,4,4,-7,2,-1,-1,1,10
-2/31,1,2,-2,-5,-5,2,6,-2,-8,0,2,-7,-2,-10,12,6,-4,-8,-12,-9,-6,-15,-3,4,2
68/57,0,0,1,-5,-5,4,-8,-2,6,3,-5,5,0,7,-6,6,-7,-3,8,8,11,1,0,6,8
83/88,0,-2,0,-5,-2,6,2,1,6,-2,-6,6,-9,4,0,6,-9,-1,2,5,-11,0,0,6,-14
85/84,0,0,0,-5,0,6,-8,-2,-8,7,-7,11,-7,-2,-6,5,10,-1,-4,10,7,-4,12,18,18
83/84,0,0,-3,-5,-3,1,-6,1,0,4,-1,-8,12,1,1,6,0,-12,-11,-12,-2,-8,0,8,-6
19/98,0,-2,2,-5,-2,6,-3,1,3,6,1,11,-6,-2,10,-2,-2,-6,-2,-4,-13,0,-16,10,10
65/34,0,-2,0,-5,6,-7,-2,-2,6,9,2,-2,6,12,-8,-2,-2,-11,4,12,-6,-14,12,8,2
-161/5,0,-2,0,1,-2,6,6,1,-7,7,-5,11,-6,7,-6,6,-11,2,10,8,-13,6,11,-9,16
-645/22,0,0,0,1,-2,0,1,-2,-3,4,-1,-1,12,-1,0,-6,10,6,-14,-9,-6,-16,-6,-9,2
62/33,-1,0,2,-5,-2,6,-5,1,-4,4,-10,-2,2,7,6,-12,-4,1,-3,-9,4,13,4,18,-1
-87/37,0,0,1,1,-2,4,2,-2,6,-10,2,-8,8,-10,-1,-9,6,-8,5,4,-1,-4,8,1,-6
-41/34,0,2,2,1,-2,1,-2,1,-3,6,2,2,-4,4,8,-2,6,-6,8,-15,-2,-15,17,1,1
-18/19,1,0,2,1,2,2,-3,-2,-6,-2,8,8,-6,4,-1,5,10,-3,-14,0,0,2,12,-6,18
70/33,-1,0,0,1,-2,2,5,1,3,5,-10,8,-7,-10,-8,-4,-1,6,-14,2,-14,8,-6,-1,8
35/39,0,0,0,1,-3,-2,1,1,6,-10,4,7,3,4,0,-10,-4,6,-2,-8,11,4,6,-15,-5
-74/29,-1,-2,1,3,-1,2,-3,1,-8,-6,6,-11,0,-10,0,-12,-14,1,2,3,-9,6,6,-2,12
-77/31,0,2,-2,1,0,-5,2,-2,-4,-4,2,-5,6,-4,-6,-4,-4,1,11,6,11,-8,-1,6,-12
71/78,0,0,3,0,4,-2,-6,-2,-3,-4,10,11,0,-6,3,1,2,-6,-12,-12,-13,-14,12,12,-2
-33/76,0,0,2,-5,0,2,5,-2,-3,5,-1,10,7,10,0,6,4,-2,-12,7,11,10,-4,-14,-12
23/26,0,2,-3,1,-2,-2,6,1,-7,-7,-1,-2,-3,1,0,9,4,-8,2,8,-2,-12,4,6,-18
68/79,0,-2,2,1,-5,1,-8,-2,-6,-4,-10,-2,8,8,-6,-4,10,-6,16,0,7,-8,3,10,-6
-81/2,0,0,-2,-5,0,-5,-6,-2,-8,5,6,-2,12,0,-10,-2,0,8,6,3,6,8,11,6,8
89/62,0,2,-2,1,0,-5,2,-2,3,6,2,-2,-6,8,-11,-14,0,6,2,-13,-1,0,0,-13,12
77/32,0,2,0,1,0,0,-3,-2,2,4,0,6,0,-10,0,-2,0,4,4,-12,2,-1,2,-6,-2
67/26,0,-2,2,-5,-2,-2,5,1,3,-8,1,-8,-6,5,-6,-2,8,-10,-5,-12,0,15,-4,6,13
44/71,0,2,2,1,0,1,-4,-2,-4,3,-4,-5,0,4,0,-4,-4,2,12,4,-13,-9,-4,0,-6
-38/6839,-1,-2,-2,-5,0,2,-5,1,-3,-2,-4,-1,2,0,-6,-12,-4,5,-2,-4,-13,-15,-4,6,12
-41/6841,0,2,1,-5,0,-5,3,1,1,-2,2,8,-4,-2,10,1,0,-1,2,-1,10,-16,2,0,12
20/43,0,-2,0,1,-1,-5,-5,1,-3,-10,3,-6,10,-12,-8,-6,-4,4,2,11,4,-4,4,0,-18
-3/73,0,0,2,1,0,4,-3,0,-3,2,3,-2,-6,6,-6,6,6,-2,12,-12,-6,1,1,10,-12
-13/95,0,2,0,1,2,-7,2,-2,3,-7,-5,-2,12,-9,1,-10,6,-1,12,-9,-5,-10,1,18,3
-45/34,0,0,0,3,6,-1,-2,1,-8,7,4,-2,-3,2,0,7,9,-8,2,14,-4,0,4,-8,17
75/16,0,0,0,1,-3,6,-1,-2,-3,0,-9,10,-6,4,6,6,0,-7,-10,-3,2,15,4,6,6
9/92,0,-3,0,1,4,-1,5,1,0,-2,-1,-5,-6,1,11,1,-9,6,-6,-15,12,8,11,3,10
-37/15,0,0,0,-5,6,2,-1,-2,-9,9,3,-11,3,4,13,7,-4,4,-12,6,-2,11,1,6,-2
-18/71,1,-3,2,3,-2,2,5,1,4,-5,-4,-1,-3,2,7,0,2,2,-10,4,7,-7,-3,-6,-18
-23/71,0,-2,-3,-5,-1,6,5,1,-7,-2,-7,-7,-6,-1,2,-4,5,10,12,4,4,13,-16,-15,-18
-6/53,1,0,-3,1,-2,6,2,-2,-3,6,3,-3,6,12,-8,5,0,10,-3,-12,-16,-10,-7,8,-1
-7/55,0,-2,0,1,-2,0,5,-2,1,-5,2,2,6,10,12,-4,-10,-7,-6,6,-1,-16,2,1,-2
36/67,0,0,-2,1,-2,-5,5,1,-3,-2,2,-5,-6,1,-10,1,0,1,0,0,-10,-16,12,12,-12
35/66,0,0,0,1,-2,-1,-3,1,-9,-5,2,-6,7,4,1,3,4,8,-12,-12,10,0,-15,18,10
-11/91,0,2,1,-5,0,-2,4,-2,3,3,-8,-3,-6,9,-6,6,-9,-8,-3,4,8,-10,15,-9,11
-16/93,0,0,0,1,6,-5,5,1,3,6,2,-2,1,-4,-11,6,5,8,8,9,-2,5,14,0,-2
-53/84,0,0,-2,-5,4,0,-6,-2,-8,-5,1,-6,0,2,4,-10,-4,-5,4,8,4,10,12,0,10
-187/39,0,0,2,-5,0,-2,-8,-2,3,3,-9,7,8,-10,0,-6,-14,-7,12,-7,14,-14,-4,12,6
-93/19,0,0,2,0,0,-5,-3,-2,2,-10,-10,7,12,4,12,-4,-4,13,3,6,2,-4,-6,-3,-9
-73/37,0,-2,4,1,-5,-5,-3,1,-8,0,-2,-8,6,2,-8,1,4,4,-13,-6,-11,-4,0,18,10
-79/41,0,2,4,1,0,-6,-3,1,6,7,-1,-2,6,-6,0,-9,-4,8,8,3,12,4,1,10,-7
-33/19,0,0,3,1,0,2,-4,-2,4,-5,-9,-2,-7,-3,0,-3,-1,6,-12,-1,-1,5,0,-8,-14
-80/93,0,0,0,1,2,6,1,1,1,-4,2,-7,-4,8,-2,-6,-11,6,12,-7,6,-1,1,-14,8
-17/62,0,-2,2,3,4,2,-8,1,-3,5,2,5,-9,0,4,-14,-14,-3,9,4,4,0,0,0,8
-33/5,0,0,0,1,0,-1,1,0,-8,-4,3,5,-6,4,-11,-14,-7,8,-3,7,-13,8,10,1,7
95/21,0,0,0,-5,-3,6,5,1,6,0,6,8,7,-4,6,-6,10,8,-2,0,-13,-16,6,-10,6
49/47,0,-2,2,1,0,4,-4,1,-8,3,-5,-5,2,1,3,3,-5,-1,4,3,-1,4,-4,-4,-2
-26/67,1,2,-2,-5,4,-7,-4,1,-3,10,2,-7,12,0,0,3,2,10,0,12,-14,5,9,-6,-7
-69,0,0,4,0,0,-1,3,-2,-7,-10,-2,-2,0,-6,0,-4,9,1,8,-1,-6,-12,-3,6,2
-13/67,0,-2,0,1,0,-7,-3,1,6,-4,4,5,6,-12,0,6,-5,13,0,-3,-5,-9,4,-12,17
-16/69,0,0,0,1,-1,-1,4,1,0,-5,3,10,-6,-4,-8,0,6,5,-14,-12,-6,-8,5,18,-18
-63/31,0,-3,0,1,-3,1,-3,1,6,-5,2,6,0,8,2,-2,-7,-8,8,0,-10,4,4,0,6
-83/3,0,0,2,-5,0,6,6,1,-8,4,-2,-10,0,-6,-6,6,-4,13,-14,6,7,8,0,0,10
58/9,1,0,-3,0,-3,-5,2,-2,-3,-10,3,11,-1,8,-6,-4,-4,-11,4,9,-6,2,7,0,2
-64/95,0,2,0,-5,4,2,2,-2,-8,0,1,-8,-6,-12,-10,-3,-9,8,-5,-3,-2,4,-7,8,-2
-69/98,0,0,-2,-5,-2,-5,-3,1,-7,0,3,10,-4,2,-6,-6,-14,2,-12,6,11,6,9,-2,2
-24/97,0,0,-2,3,-5,-1,5,-2,-3,6,-7,10,2,4,8,-6,0,6,4,-8,1,8,4,-12,4
-26/97,-1,2,2,-5,-1,-7,6,1,0,0,-5,5,-6,-4,0,11,9,-5,-14,-8,-9,-14,10,8,4
-22/87,-1,0,1,1,0,6,-5,-2,-3,-6,-1,-8,-6,8,-10,6,-1,10,11,2,2,-4,4,10,-3
99/91,0,-3,2,-5,0,-2,-3,1,-6,5,-4,-2,-1,4,8,-14,6,-1,-2,0,14,13,12,-8,-2
-23/13,0,2,1,1,4,-2,-1,-2,-7,-2,3,-2,-6,7,-6,-2,-14,-6,1,-15,7,15,17,3,2
93/59,0,0,0,3,-3,-5,4,1,-6,-4,-10,-5,-6,6,-6,6,10,-7,-3,-8,7,-8,6,6,8
-5/87,0,0,0,3,4,4,-5,-2,-3,-6,6,10,12,4,0,6,8,4,4,4,2,-15,0,0,5
-100/59,0,2,0,-5,0,-5,-3,-2,6,4,1,-5,12,-1,0,-3,10,-4,-2,-9,0,-5,-4,-6,-10
-51/29,0,0,4,-5,6,-1,-8,1,-8,-6,1,10,0,-10,-8,-9,-4,8,4,-4,-7,8,-4,-14,-2
-105/61,0,0,0,1,6,2,5,-2,-6,2,3,-6,-6,6,-11,2,-11,-4,5,-6,2,-4,11,-15,10
59/7,0,-2,-3,-5,6,2,-5,-2,-3,-2,-10,-5,7,4,-8,6,-12,-7,0,-12,-6,6,-13,18,2
7/65,0,-2,0,1,-3,-2,-4,1,0,4,1,-6,-7,-7,-7,-7,-9,-6,-12,-1,-5,12,-16,0,12
7/67,0,2,4,1,4,2,-1,-2,6,-2,-1,7,-6,4,0,-2,8,-7,0,13,0,5,-9,10,12
5/32,0,2,0,3,2,1,-5,1,-8,0,-5,7,-5,1,-11,-2,-2,-3,11,6,-6,0,-6,3,-12
27/68,0,0,2,-5,0,-1,-2,1,-9,2,-1,2,-6,4,-6,-4,5,8,-13,0,-14,10,6,18,3
-13/90,0,0,0,1,6,-7,5,-2,6,6,-7,-7,-3,1,-6,-10,-9,1,-7,-3,-11,5,10,-1,-12
-6/91,-1,0,2,-5,0,-2,3,-2,2,9,3,-8,0,8,4,-9,13,5,4,-3,4,12,1,-12,8
42/41,1,0,-3,1,0,-5,-5,-2,6,-10,-4,6,6,-2,10,-4,-3,-13,11,-4,-13,13,12,6,-7
59/42,0,0,0,-5,0,4,4,-2,4,0,3,-10,-6,2,0,-6,-12,1,10,8,4,6,-1,10,8
-6/977,1,0,-2,1,-2,2,6,1,1,7,10,10,-5,-2,4,-11,-4,0,-4,4,-9,-8,-13,3,-2
-37/6840,0,0,0,-5,-1,2,-3,-2,-3,-7,-5,-11,-6,4,-6,-4,-12,-5,-4,-15,-9,-8,-3,0,8
41/38,0,2,3,1,2,4,-5,-2,-3,4,-4,-8,-4,4,13,-9,-4,8,1,14,-8,8,9,-14,17
-97/31,0,-2,0,-5,6,-5,-3,-2,6,-3,2,-5,-7,-1,6,-6,-14,-4,-8,-12,0,-9,8,-7,8
-6/73,1,0,2,-5,4,-1,-4,1,6,-5,-1,-1,4,-6,0,-7,1,8,4,-12,-6,0,-9,-3,8
-31/85,0,-2,0,-5,-2,1,-2,1,3,4,-10,2,-6,12,10,-14,-4,2,-12,4,5,-14,3,-6,2
79/63,0,0,-2,-5,-2,-6,-3,-2,2,10,8,10,-9,-10,4,-2,4,-1,-11,-8,11,4,-7,-15,-10
84/65,0,0,0,1,-3,-2,-5,0,6,-5,-4,-2,-3,-3,0,9,-14,-5,8,-4,10,6,2,2,-6
117/16,0,0,-3,1,0,-7,-6,1,-8,7,8,-2,2,-4,3,-14,-9,8,12,4,7,-10,16,-10,-9
-73/4,0,-2,0,0,-5,4,2,1,-4,-10,-5,-6,-2,-7,0,1,-13,-6,-12,-15,-11,-4,-13,6,14
-17/98,0,-2,4,-5,2,-5,-8,-2,-3,0,-5,10,-7,4,-11,-9,-4,-10,-3,-1,0,-8,2,-17,-4
5/22,0,-2,0,-5,-2,0,4,1,6,7,-9,-8,-6,-4,0,1,0,-5,8,-12,4,10,-6,-14,-8
22/101,-1,-2,-2,-5,0,2,6,-2,-3,3,-9,-7,12,4,-10,-6,8,6,2,6,11,0,1,-1,0
-96/83,0,0,0,-5,2,6,2,1,-8,-3,-1,2,0,-9,1,6,-2,6,-14,4,-9,10,-16,-1,-14
-86/27,-1,0,3,1,4,-5,2,-2,-3,3,6,-5,-6,-1,6,-10,4,-10,-4,-15,-4,-15,14,-13,-2
979/25,0,2,0,-5,0,-1,2,1,6,0,-4,2,6,5,-4,-3,-7,-1,2,12,-1,15,-11,-13,0
37/17,0,-2,0,3,0,-6,-2,-2,-3,0,-10,-11,-9,6,-11,-10,8,-13,-7,-13,-13,5,2,1,-2
-62/85,1,2,0,0,2,-6,-2,-2,-4,-7,-10,-6,-3,-10,-2,6,-4,-2,11,15,-6,8,12,-8,14
-60/89,0,0,0,1,2,-5,-6,-2,-4,0,0,5,8,1,-8,6,6,13,-2,0,-13,6,-16,-8,-18
-45/8,0,-3,0,-5,-3,-1,2,-2,-8,-1,6,7,6,-9,-8,-3,-10,2,14,-3,5,2,-9,5,3
43/77,0,-2,2,-5,-2,-1,4,1,4,4,2,10,6,-1,-7,-14,6,1,12,3,-1,0,3,9,-14
41/76,0,-2,0,0,-2,6,2,-2,-9,7,-1,10,-4,-1,-11,-9,-4,-10,-8,4,-10,12,4,6,6
74/81,1,0,1,0,-1,1,1,-2,6,6,1,-11,6,7,-11,-2,6,-8,-10,11,2,5,14,-10,-18
74/85,1,-2,0,-5,-5,-5,-2,1,-9,0,-1,-11,-1,-12,0,0,-2,5,11,8,-10,-6,-15,-15,-7
-36/53,0,0,0,-5,4,1,3,1,6,9,-10,10,-6,2,0,5,4,4,6,-1,-2,8,2,-6,-10
67/12,0,0,0,-5,-5,4,1,1,-9,-5,3,-2,8,4,-2,6,7,4,-5,-9,-7,8,16,-10,12
93/89,0,0,-3,1,4,6,-6,-2,-3,5,-10,-2,6,12,11,9,11,-11,4,-4,14,13,3,-8,5
91/88,0,2,3,1,-2,-7,-6,1,2,-2,10,-7,-7,0,-8,-2,-1,4,-2,-12,-1,-8,0,-6,14
-41/65,0,-2,0,-5,0,-2,-3,1,-6,3,2,-2,-4,-1,-11,-3,5,-1,-10,3,6,-6,-3,-6,7
-92/47,0,-2,2,-5,2,-5,-5,-2,-7,4,-6,10,-6,4,3,-11,-4,13,0,4,10,13,2,-12,-19
-91/46,0,-2,1,1,-3,-7,-3,-2,0,10,-9,-1,-1,2,0,5,0,2,-2,-2,-11,-6,6,-16,-7
-99/47,0,-3,-2,-5,0,6,6,1,-6,0,10,-5,-5,1,3,6,8,0,8,4,-16,8,-6,0,13
40/3,0,0,0,-5,2,-1,-6,-2,-8,2,3,8,0,10,-3,-2,13,-12,-8,-3,11,11,4,4,-5
88/27,0,0,1,3,0,2,-6,-2,-4,3,-5,-1,2,8,12,6,6,10,4,-13,-11,-14,12,-3,-2
-5/71,0,-2,0,1,6,2,-3,0,-3,9,-9,2,-3,1,6,-6,0,8,-2,4,-10,8,-1,2,14
-75/37,0,0,0,0,2,-5,-4,1,-6,4,3,-8,-4,5,-11,6,9,4,-5,-3,6,-9,6,-13,-9
-77/39,0,0,3,1,0,-2,2,1,3,4,-6,-2,-6,6,8,-11,-1,8,14,-12,-1,4,-4,-17,12
-93/97,0,0,4,1,0,-5,2,0,-3,4,-10,-8,-7,9,-11,6,-2,-2,-14,-3,7,-14,2,6,4
-66/79,1,0,4,1,0,6,5,1,-8,4,10,-7,-7,5,-8,-4,-4,1,16,-9,11,-8,-3,-8,17
25/66,0,0,0,1,-2,6,-3,-2,3,3,-1,-7,-6,12,-11,-10,6,-1,2,3,-4,6,3,-15,2
23/67,0,-2,1,-5,-5,-5,5,1,-7,0,8,10,-3,6,-6,5,-7,10,0,10,2,6,3,3,-1
-23/64,0,2,3,-5,2,2,-1,-2,-7,4,-10,-1,12,10,-6,-9,0,-2,-12,5,4,-8,-3,1,18
59/81,0,0,2,1,-5,4,5,1,-8,-3,-1,-5,2,-7,0,-14,-12,1,2,4,-14,-15,9,-15,2
-7/71,0,2,-2,1,-2,2,-4,1,6,-3,-9,11,2,-9,-2,-11,-12,-10,8,4,5,-8,6,9,-2
-10/73,-1,-2,0,1,0,0,5,1,-3,0,4,-5,-2,-7,-6,-4,13,-4,-12,3,-6,13,11,12,-12
-67/6,0,0,3,-5,0,-5,2,-2,6,9,-7,-3,2,-3,0,-11,-4,0,-5,-7,-16,0,-3,10,-12
65/84,0,0,0,-5,-2,-7,2,0,1,-5,1,-7,-6,-9,0,-6,-4,10,-14,3,-4,6,-6,-1,8
-94/15,-1,0,0,-5,-3,-5,-3,-2,2,6,-6,10,8,12,-8,-9,-3,-2,8,-5,2,8,6,1,2
-98/15,1,0,0,1,-2,1,5,1,6,6,1,-6,-4,-4,12,11,-2,4,4,5,-6,-1,12,9,-8
-43/840,0,0,0,-5,-2,-6,-5,-2,2,3,-9,2,-5,-1,-6,0,0,8,5,-9,7,4,-6,-10,-6
15/37,0,0,0,-5,-5,6,2,1,2,7,10,-8,0,-10,3,10,-2,8,12,-8,7,6,12,-6,-5
-39/37,0,0,2,-5,-3,-7,-3,0,1,-4,-5,-8,6,7,-6,3,-12,0,10,-9,10,-16,-4,-14,0
-7/43,0,-2,2,1,4,-5,2,-2,6,3,-6,-2,-6,-12,6,-10,2,-6,5,-3,2,-7,2,0,2
83/25,0,-2,0,-5,-1,-5,-3,-2,3,4,3,11,2,-10,-8,-11,0,-8,8,13,2,-16,0,-17,12
-11/54,0,0,0,1,0,2,-6,-2,-3,10,-9,-3,0,10,13,6,-14,-10,8,13,-10,-6,8,2,-14
-5/51,0,0,0,0,-3,-5,-2,1,-4,0,1,-10,6,4,1,6,1,4,4,-3,4,-16,-6,12,-14
36/325,0,0,0,-5,2,-2,4,1,1,-4,-8,2,-4,1,-6,6,-4,10,4,4,7,-1,3,-15,-3
78/649,-1,0,-2,3,-2,-7,-4,-2,3,6,1,-2,-3,-2,0,-10,10,2,8,3,-1,-6,-4,3,2
81/10,0,0,0,1,4,6,2,-2,-3,4,-5,-10,-5,8,0,-10,-14,2,2,2,7,8,-10,-8,3
82/9,1,0,-3,1,-2,6,5,-2,0,6,4,-2,-4,4,-10,-3,-2,1,1,-4,-16,-14,14,8,2
-48/91,0,0,-2,-5,2,-2,-4,1,6,-5,-2,-3,-7,10,-11,-3,2,4,8,15,2,4,-16,1,8
-49/90,0,0,0,1,-2,2,2,1,-3,5,6,11,12,4,-8,5,-10,1,-13,-6,-4,-14,-4,-7,-6
-49/24,0,0,1,1,-2,-5,-1,-2,-4,-2,2,10,0,-9,-6,10,-7,4,5,3,-16,10,4,18,10
-87/53,0,0,4,0,4,-5,3,-2,0,-10,-1,-7,3,6,6,5,4,-10,12,-12,-13,10,0,-6,-2
-87/80,0,0,0,1,-3,0,2,1,-3,-10,-8,-8,2,-10,0,-6,-4,-4,4,0,-6,6,8,-14,-12
-83/79,0,2,-3,-5,0,-5,5,1,-8,3,8,10,-6,-6,10,9,-10,1,4,-12,-6,-8,0,9,-7
-6/65,1,0,0,-5,2,-2,-6,1,-3,-3,-4,10,10,12,-11,-4,4,1,10,2,6,-8,-4,12,-14
-95/34,0,2,0,-5,-3,-6,-2,1,2,10,-1,10,0,-6,-3,-7,-4,0,12,13,-10,10,0,-15,8
55/4,0,2,0,-5,0,-5,4,1,6,0,6,5,-3,10,4,-2,4,1,-11,6,-7,6,-4,-6,-18
87/80,0,0,0,0,4,4,2,-2,6,-10,1,5,-6,8,-8,-3,-2,-4,-14,-4,-13,-14,16,6,0
-18/713,-1,-3,2,-5,0,-1,4,1,0,4,2,10,-5,-6,-2,-2,-1,-6,5,4,8,-8,-4,-14,2
-13/717,0,0,0,-5,6,-7,1,-2,4,-1,-1,10,7,-1,-8,10,-4,-1,11,14,-16,10,-3,-6,-10
-67/73,0,-2,4,0,-2,1,1,1,1,4,-1,-6,-6,-4,8,7,-5,8,-5,-1,-6,-7,14,-14,6
-73/12,0,0,4,-5,-3,-5,4,1,-3,-4,3,-10,-1,-10,6,6,0,0,12,14,-11,1,-5,18,10
-62/7,-1,2,2,-5,6,-6,-3,1,-3,4,-10,10,-6,7,-6,6,1,4,-4,0,12,8,0,3,-12
-4993/12,0,0,0,0,-5,2,3,-2,-9,-7,-5,-1,-1,-3,-7,-4,-4,10,8,12,0,8,1,-6,-14
-4987/12,0,0,1,-5,4,-5,-3,1,6,-5,-8,10,8,-6,-6,-14,6,2,-14,15,-13,-6,12,-2,-19
-20/31,0,2,0,-5,6,-1,4,-2,-3,3,2,-6,-7,8,1,-2,-13,-5,10,7,-13,11,-16,-6,-6
19/39,0,0,4,3,4,-2,2,1,-8,0,-1,-6,-1,-4,-6,6,-2,13,0,-6,-16,-4,15,-12,-14
40/77,0,-2,0,-5,-2,6,6,1,-3,-2,-9,8,-2,1,0,-4,10,-2,11,5,-4,15,2,-3,-14
-85/103,0,-2,0,-5,0,6,-8,1,-3,4,2,-1,0,4,2,1,6,1,12,12,-13,15,-3,-10,10
-86/99,-1,0,0,-5,-2,6,-5,-2,4,-5,-9,8,-9,-1,7,-3,0,-6,-14,-1,-7,-6,2,0,0
-91/76,0,-2,2,1,-2,-7,6,-2,6,5,-5,-5,-7,-2,8,-4,6,5,2,6,-10,-1,5,-3,-10
37/62,0,-2,2,-5,6,-5,-3,1,-8,-7,2,-11,-2,7,-6,6,-4,1,8,14,-5,8,-4,2,7
-1/65,0,2,0,3,-5,-2,-5,-2,2,-2,1,5,-4,-2,1,-9,9,-2,-10,10,2,-4,12,-15,9
-19/27,0,0,2,-5,4,6,-1,1,-3,-3,-4,10,6,4,-6,-3,-4,-10,-4,0,-13,10,-5,0,12
-57/82,0,0,1,-5,-3,0,-6,1,6,2,-1,-5,6,-4,10,10,-11,1,5,15,-4,-14,3,1,13
-79/42,0,0,0,-5,-5,-5,2,1,4,3,-8,7,3,-10,0,0,6,-6,4,-3,-5,4,-3,0,11
91/22,0,2,2,1,-2,-7,-3,1,-3,4,-1,2,1,-4,4,4,0,6,-6,14,14,-14,2,-10,6
31/6,0,0,2,-5,4,1,-3,1,-3,10,-10,7,-6,-2,1,-2,-11,-13,-14,-4,-16,6,12,6,14
-29/39,0,0,2,-5,0,-2,4,1,4,-10,-1,-8,0,-6,-2,4,2,-12,3,10,-8,-14,-16,-12,5
-59/71,0,-2,4,-5,0,2,2,1,-3,7,-8,-3,-3,0,0,-3,-12,-10,-12,4,-16,5,-16,10,14
-21/101,0,0,1,1,2,6,-3,1,-3,9,-5,-6,-6,4,0,3,-4,10,8,-12,-2,-4,0,1,10
-41/63,0,0,3,-5,6,2,5,1,-8,6,-8,-10,-4,-1,-6,-11,0,-2,-13,0,10,1,10,-8,17
-57/50,0,0,0,1,4,-1,-5,1,-8,-10,-4,10,12,-2,0,3,-13,-3,-13,16,12,-6,8,-2,9
37/96,0,0,-2,1,2,2,-3,1,-3,-5,-6,-11,-4,12,-8,-2,0,-2,-10,-8,2,5,4,6,-2
-46/61,1,-2,2,1,4,-5,-4,-2,-7,-2,0,-3,10,8,6,-12,-11,-4,-12,-9,-5,-8,-5,-17,2
92/79,0,-2,-3,-5,-1,2,-3,1,-7,5,-1,10,-3,-10,0,6,7,-7,-12,-9,2,-8,12,-15,-18
-37/16,0,-2,3,1,0,-5,2,1,6,3,10,-11,-1,4,-10,-3,0,10,-13,-5,2,0,12,-12,2
-4947/74,0,0,-2,-5,6,-5,-8,-2,6,-5,-1,-8,-4,-10,4,-4,-11,-5,-14,5,-2,6,-4,6,8
25/57,0,0,0,-5,4,-5,1,-2,-9,-2,-9,6,12,7,-4,1,-7,-1,5,5,-8,2,14,0,-2
31/58,0,2,3,-5,-2,1,-6,1,-6,-6,-10,-2,-6,-4,6,-6,2,-2,11,0,-7,-8,4,-9,2
25/31,0,2,0,1,-3,-5,2,-2,2,-1,2,10,-6,1,11,-3,6,-4,9,15,2,10,6,2,0
-37/59,0,2,3,-5,6,-5,-5,-2,2,0,-6,-11,2,4,10,-6,10,-10,3,13,7,-15,2,-2,2
-37/63,0,0,2,-5,4,6,-3,1,6,10,-7,-11,-4,-3,-10,-2,10,5,4,-12,0,12,4,-6,12
-61/43,0,-2,-3,1,2,2,2,-2,-3,-4,-9,5,-1,-12,-6,-9,-3,-13,4,6,-13,12,-5,10,-1
-29/34,0,2,1,0,-3,4,-2,1,1,-10,3,-7,10,12,-8,-3,-10,-3,2,2,-13,-9,3,-3,10
26/69,1,0,1,1,4,-7,-4,1,0,-4,8,-2,-9,-6,8,1,-4,-10,3,-1,7,-15,10,18,14
-51/52,0,0,-3,-5,2,-2,-8,-2,-8,2,-6,-8,-6,1,-6,-6,2,4,9,5,-13,5,0,10,-18
-52/23,0,2,2,1,-2,-7,2,1,0,0,-1,-7,-6,4,4,-4,1,-4,4,6,-10,-16,2,6,12
-79/31,0,-2,0,-5,-5,-5,5,-2,-6,-2,2,10,-6,10,4,-10,-13,2,12,-4,7,4,2,-1,6
-79/32,0,2,2,3,-1,0,2,-2,0,6,-1,8,0,9,-8,6,-4,-10,10,8,4,4,12,-8,2
20/47,0,2,0,-5,-2,-1,6,-2,-4,3,-5,10,-6,2,3,-11,0,10,4,-5,2,-15,-4,-17,10
-63/86,0,0,2,1,-3,2,2,-2,-4,-4,-5,-8,2,-12,4,-2,-3,-6,-4,-8,12,-8,3,-1,-3
-32/43,0,2,2,3,6,-5,-3,1,-8,-4,10,10,6,-12,-6,-3,-2,-13,-2,0,5,15,12,10,9
-57/83,0,0,4,0,4,6,2,1,4,6,0,-1,6,-10,-6,-2,4,-7,2,4,7,-4,-16,12,10
71/47,0,2,3,3,0,-5,6,-2,6,-5,10,5,-6,8,3,11,4,13,0,-12,-1,-11,-4,0,-12
74/49,1,-2,2,-5,2,2,2,1,-8,-3,3,-11,12,-2,6,6,2,-13,3,13,-8,11,1,-3,-3
33/53,0,0,0,3,0,6,-3,1,6,-4,8,-7,0,10,-3,5,-12,8,-8,-8,-13,-11,3,10,-7
6/67,1,0,3,-5,2,1,5,1,-4,7,-9,-2,6,7,12,6,6,10,0,-12,1,12,10,-10,-6
89/22,0,-2,-3,-5,-2,6,5,-2,-8,-5,-4,7,8,-4,11,-2,-2,1,12,-6,11,-7,6,-13,-14
37/6,0,0,0,-5,0,-5,-4,-2,6,4,2,-11,0,10,8,-3,6,-8,-6,-3,-10,13,1,-1,-9
-16/79,0,-2,4,1,-2,2,2,0,-8,-7,1,-5,-3,4,0,-11,-9,-2,4,-13,2,-8,-6,12,17
89/39,0,0,2,3,-1,-2,5,-2,3,-4,0,2,-6,-4,-10,-7,2,10,11,3,7,15,-4,-13,-12
39/80,0,0,0,1,-1,-7,3,1,4,4,-4,-7,-6,9,8,-2,4,2,10,8,-5,12,-5,12,-10
-9133/3,0,0,2,3,6,0,-1,1,3,7,-10,10,-6,1,-8,0,6,4,6,8,2,-16,12,2,8
-44/37,0,2,0,1,0,-1,-3,1,6,0,3,-8,-1,-10,-8,6,-2,5,-11,-3,-13,-6,12,-7,12
-43/35,0,2,0,-5,2,2,-3,1,2,-5,-4,-2,-6,-1,-11,-4,0,-13,5,-2,-14,6,5,3,-1
35/37,0,-2,0,1,2,0,-5,-2,4,-5,3,-8,-7,6,4,4,4,-8,-3,-9,-13,-6,3,2,-18
-5526,1,0,1,-5,4,6,3,-2,-8,9,1,-11,8,8,4,-2,-1,2,-14,10,2,-1,-1,-10,12
46/945,-1,0,0,-5,0,-5,-3,1,-7,4,2,-1,2,4,0,6,-10,8,-11,-2,-11,10,-12,10,-3
-77/46,0,2,0,1,0,0,6,-2,0,-2,1,-8,-6,10,-10,-9,-11,-6,4,15,-10,10,8,-17,-10
11/64,0,-2,1,-5,0,0,-1,-2,3,-8,-8,-5,-4,8,4,-3,-14,13,-12,-15,2,6,12,0,-2
7/57,0,0,2,1,0,-5,-3,-2,-3,6,3,-2,3,-2,-6,-3,-13,-3,8,-15,10,-10,16,-12,2
67/34,0,2,0,3,-5,2,-2,-2,0,-2,3,11,6,-1,-11,6,2,-12,-5,11,-2,-1,-7,-6,-14
-21/61,0,0,2,1,-1,0,2,1,-8,6,-8,10,-6,-4,3,-14,0,-4,4,3,-14,9,-7,-14,-3
98/95,-1,2,0,1,-2,-5,2,-2,6,-4,10,-2,-6,6,-1,2,4,6,4,-8,-2,8,4,0,-13
93/98,0,0,0,-5,2,-5,5,1,0,3,-10,11,-3,4,-6,1,6,-10,10,-15,7,-9,10,-7,-1
-457/65,0,2,0,1,2,-2,2,-2,-3,4,-9,-7,10,-9,11,-4,-4,-5,-14,-4,4,12,12,6,-8
-71/79,0,2,2,3,-2,6,-4,1,-3,-1,-7,-2,10,-1,7,3,8,13,-11,-12,0,-8,16,-1,-9
-26/465,-1,0,0,3,2,-7,1,-2,0,5,2,-10,-5,-7,-8,-9,-4,2,0,16,-1,11,4,18,10
93/49,0,0,3,-5,-5,-5,-3,1,6,0,-10,-2,0,4,0,6,-4,8,8,-8,7,5,8,1,-10
89/51,0,0,2,1,0,0,-2,0,0,-5,6,-7,0,4,1,-3,-9,-1,2,4,-4,6,2,-13,3
-103/42,0,0,0,-5,-1,-1,-6,-2,-4,4,4,-7,6,-6,-10,3,-4,0,-3,0,-6,-7,-3,1,18
-80/53,0,-2,0,0,4,4,5,0,-3,4,-6,-3,-9,6,-6,5,13,-2,2,7,-6,-16,-3,-2,-14
29/41,0,2,1,1,4,-5,-4,1,6,-10,6,6,6,8,-7,-6,2,4,14,0,-6,13,-4,12,2
-27/29,0,0,-3,0,-3,-5,-6,-2,3,-6,-4,-2,-2,2,0,4,-1,6,8,15,11,15,-4,0,3
-31/43,0,-2,-2,-5,0,0,-5,1,6,-2,-10,8,-6,-12,-6,3,-4,-7,-12,6,2,8,0,1,-12
100/91,0,2,0,-5,-3,-2,5,-2,-3,-2,3,-3,-7,4,0,-9,7,-3,6,3,-10,-10,16,5,-13
19/63,0,0,0,-5,-5,2,2,1,-6,-1,10,-2,12,8,4,-2,9,6,-8,12,-14,-16,-3,9,8
5/41,0,2,0,1,-1,-1,-3,1,-4,-1,4,6,6,-10,0,-14,5,-2,5,14,-16,-15,-16,-10,-1
-9/46,0,-3,4,3,-5,-5,6,1,0,-5,10,7,-1,4,6,-10,-3,2,-3,-5,0,-15,-16,-7,6
-59/49,0,2,2,-5,0,4,-3,1,3,9,-9,6,6,-1,0,6,-12,-2,2,-12,14,0,-3,-6,3
97,0,2,-2,1,0,-6,6,1,-3,10,-10,5,2,7,-7,-2,-4,-11,-12,15,4,0,-3,-17,8
7/69,0,0,2,1,2,-5,1,1,0,-1,2,-1,-1,6,7,6,-12,-7,4,-9,-14,-8,4,-10,-5
-58/3,1,0,2,-5,6,4,-4,1,-9,-10,-1,-6,6,4,-8,6,-1,10,10,8,-9,11,4,-7,-2
-79/87,0,0,-2,-5,-1,2,2,-2,6,-6,-1,10,-6,8,-6,1,13,-13,14,-15,-4,4,11,-6,10
97/4,0,2,3,-5,4,-5,2,-2,3,-5,2,-2,-6,6,0,-9,0,-1,-12,12,11,5,4,0,8
97/5,0,-2,0,-5,-3,-1,3,1,-3,-7,2,-8,3,7,4,-4,-4,-13,8,0,14,-6,4,12,8
38/17,-1,2,2,0,6,1,-2,1,-3,0,0,-11,-5,-4,12,-6,-14,13,0,0,0,-14,9,-12,1
37/20,0,-2,0,-5,0,-1,4,1,-8,-5,-1,-11,6,-1,0,-2,0,-4,-12,-7,14,-15,4,-6,9
53/90,0,0,0,3,6,6,2,1,6,-5,3,8,-7,0,3,-10,-2,-1,-2,0,-5,-6,-8,3,-14
53/91,0,-2,-2,-5,-2,-2,-5,0,-6,-4,-1,2,2,4,0,-10,13,10,-4,4,-6,10,-12,-14,-7
-49/72,0,0,-2,1,-5,-6,-4,-2,-4,4,1,-1,8,-4,-10,1,2,8,-14,3,0,11,9,5,14
-10/27,1,0,0,3,0,1,3,-2,-3,-4,10,8,-4,-4,-8,-11,6,1,-14,-12,-13,-8,14,-15,-18
-23/56,0,-2,2,-5,6,-5,-4,1,-7,-8,-5,-6,-3,7,1,6,-4,1,4,-5,5,0,0,-6,-2
55/9,0,0,0,3,0,-1,-3,1,-3,3,-9,10,-6,6,-6,0,0,6,4,0,-6,8,-3,-1,-2
29/68,0,2,2,3,0,2,-2,-2,-8,-10,1,2,-5,-3,-4,10,-11,-7,-10,0,-10,-1,-5,2,8
47/16,0,-2,2,1,4,6,-3,1,-3,-5,2,5,7,7,-8,1,-14,-8,-2,-12,8,-7,12,3,-5
-53/2,0,-2,0,-5,-5,-6,3,1,6,-5,-1,6,0,4,0,-10,5,-13,2,13,-4,6,14,6,2
-61/91,0,-2,1,-5,0,-2,-3,0,-3,0,0,-5,6,2,0,11,-9,-13,-14,7,-11,-4,-6,-17,14
-49/260,0,2,0,1,-3,-2,2,1,-6,7,-1,-7,-6,4,-10,-2,-7,10,3,3,-2,-8,7,-3,17
-49/263,0,2,0,1,4,2,-3,-2,6,3,-5,-10,-6,8,4,-6,-2,-7,4,15,-6,5,6,6,16
-61/26,0,2,2,1,-3,-2,2,-2,6,4,6,-5,2,-3,13,6,11,-13,4,5,-13,8,1,-14,3
10/73,1,2,0,0,-2,4,-6,-2,4,7,0,11,6,1,-1,-2,-13,-4,1,3,-6,-6,12,12,8
85/13,0,2,0,1,-3,-2,-8,1,-8,4,-4,6,6,4,0,-2,-2,8,-11,10,-1,4,-4,18,-18
-98/103,1,2,2,1,-2,6,-3,1,1,-5,0,-2,8,-6,4,-3,-4,6,12,8,7,8,1,-15,-6
-97/100,0,-2,0,-5,-1,-5,-5,-2,6,-8,-9,6,1,4,0,-2,0,-1,6,12,2,13,6,0,8
-83/100,0,2,0,-5,4,4,3,-2,0,6,-4,-2,6,5,0,-7,-2,10,-12,-15,-13,-14,0,2,10
70/93,-1,0,0,1,-2,-1,-3,-2,-3,-7,2,6,6,-4,-8,-3,11,1,3,6,5,-5,0,-15,-1
-63,0,-3,-3,1,-2,0,2,-2,2,-3,1,10,-3,1,-11,6,-2,5,11,-12,-4,8,1,-15,-14
100/97,0,2,0,-5,4,-5,2,1,-4,10,-7,2,-3,-1,4,3,-4,-8,3,8,-13,9,12,2,4
52/49,0,2,-3,-5,2,-7,-3,-2,6,7,-9,6,0,1,-4,-10,-12,10,-8,-4,-4,13,-4,18,-6
87/67,0,0,0,1,6,4,5,-2,4,-10,-5,2,0,4,4,6,13,-7,0,6,2,0,3,-10,1
35/22,0,-2,0,1,-2,2,1,1,3,-3,3,-5,0,2,-6,-14,-11,-5,-10,11,-13,-7,-4,-12,14
-4/73,0,-2,0,0,-5,-6,-5,-2,-4,0,-7,-8,-6,4,0,4,-7,-11,2,-13,-6,12,-12,12,-2
86/45,-1,0,0,3,0,2,2,1,2,0,0,-7,-6,-1,-1,6,-11,-3,9,-12,12,-9,6,-7,-7
-106/61,-1,-2,1,-5,0,6,2,1,-9,9,-9,10,-9,-6,-4,-10,4,-4,0,-15,7,-4,-1,18,8
-88/3,0,0,1,0,0,2,3,1,-3,3,3,-7,-9,7,4,-10,0,-7,6,-3,10,-16,3,-6,12
-73/19,0,-2,-2,-5,2,1,-5,-2,-3,4,10,10,0,-12,7,-6,-2,-1,2,-15,-11,6,-4,4,10
-67/17,0,2,1,0,0,-6,-2,1,-3,-5,2,-7,6,5,13,4,5,10,-5,12,-10,-12,-16,-8,17
-102/23,-1,0,2,-5,0,-5,-8,-2,0,-5,-5,10,-2,-6,-11,-2,0,8,3,-5,5,8,10,3,-2
16/81,0,0,0,-5,-3,2,-3,-2,-3,6,-5,-10,6,-7,12,1,9,13,-2,14,-13,-14,1,-6,8
81/91,0,0,0,-5,4,-2,2,-2,3,9,6,-7,8,10,4,-4,6,-5,-6,7,-6,11,3,0,6
74/47,-1,2,2,-5,6,-6,1,1,-3,-5,-2,-11,7,4,3,-4,-4,2,10,0,11,0,2,-7,-4
73/49,0,2,0,-5,0,-6,-5,-2,-3,-5,1,-2,-5,2,1,1,0,0,-11,-1,-11,8,16,-6,5
9/85,0,0,0,1,0,-5,-2,0,6,10,-9,-2,3,5,-8,-2,0,13,-10,15,6,-4,14,6,-7
79/9,0,0,4,0,6,1,2,-2,-9,-5,-9,-2,0,-1,8,11,10,2,-2,-12,-11,4,-4,9,-14
81/13,0,0,-3,3,-1,-2,4,1,6,-2,3,6,-7,-10,-8,7,-4,2,-12,-15,10,9,12,18,-3
-79/30,0,0,0,1,0,1,1,-2,-3,-5,8,-1,0,8,-8,-6,0,-11,3,3,-1,4,0,-6,8
67/66,0,0,-3,1,-2,0,-4,1,-6,-5,-5,-11,-3,8,12,11,0,-4,-5,-2,-14,11,-16,1,16
62/67,1,-2,0,-5,4,-5,-5,-2,-3,2,-10,10,2,10,0,0,0,8,0,8,11,-14,6,-12,-12
-32/55,0,2,0,-5,-2,4,-4,1,-4,4,-5,11,0,-1,-6,-4,1,-1,8,-1,-4,-8,5,-14,-7
4/21,0,0,1,-5,4,6,4,1,-8,3,3,-7,6,6,0,-11,5,1,-11,-12,0,-4,-3,12,-3
-85/19,0,-2,0,-5,6,2,-8,-2,0,2,-1,-2,-7,5,0,6,0,6,-14,4,2,-14,5,-6,8
-11/50,0,-2,0,3,0,6,5,-2,-8,-4,10,10,-6,1,-8,-2,0,10,2,-1,-4,-10,-4,-6,-2
619/50,0,-2,0,3,2,-1,-1,1,3,-4,-9,-7,-6,2,1,1,8,8,10,8,-13,-1,-4,0,-12
155/13,0,-2,0,1,2,-2,-3,1,-9,5,-10,6,-3,4,-10,6,-2,4,3,2,5,0,-7,3,9
-8/1731,0,0,3,3,0,-1,2,1,4,-5,-1,8,-1,7,2,-10,10,-6,11,15,14,8,10,-14,-6
71/6,0,0,0,1,6,2,-4,1,6,6,8,10,-6,-10,-1,1,-2,-8,5,-12,4,8,-16,-12,2
32/43,0,-2,1,-5,-5,-5,-3,-2,-4,2,-9,-6,6,-12,8,6,6,-1,4,13,-11,4,6,-12,12
-51/83,0,0,2,1,0,-5,-8,1,-8,7,-6,-5,-1,-6,-4,1,-1,1,12,-12,2,11,-16,3,13
-25/56,0,2,0,-5,0,2,6,1,-3,-1,1,-11,-6,12,8,-2,2,-1,5,-12,-14,-10,-6,-1,-19
4/45,0,0,0,1,-3,-5,2,1,-9,6,10,-5,-6,4,0,-4,-7,-2,-8,-12,-5,-6,5,-17,-12
-47,0,2,2,1,0,-5,-3,-2,-4,4,0,11,0,-3,-8,-10,6,10,8,-12,10,-10,4,3,2
-17/24,0,0,2,1,0,0,-8,1,2,6,-4,10,-6,-10,1,6,-10,5,-12,8,-13,4,-6,3,-3
-67/95,0,2,0,1,-2,-6,6,-2,-6,-5,-9,-7,-9,-1,-6,-3,-13,8,-5,10,7,-14,8,10,-12
37/49,0,2,0,-5,-2,-5,1,1,-4,-5,-8,-11,6,10,-8,-14,-14,2,1,-12,-10,13,-3,10,-9
80/101,0,2,0,0,4,-5,2,-2,4,3,1,6,2,5,0,-4,-14,2,4,11,-2,0,6,-6,8
79/105,0,0,0,-5,-3,2,5,1,-4,-4,-10,-6,-9,4,4,-2,5,-10,8,12,12,4,12,12,2
-51/76,0,0,1,1,4,-6,-8,-2,-9,-7,3,-6,-4,-6,-8,9,6,-5,-4,12,14,-4,3,6,17
95/12,0,0,0,-5,4,-1,5,1,2,7,-9,10,6,4,-1,-4,5,13,-3,-1,11,-8,11,6,-6
1009/16,0,2,1,-5,2,6,5,1,3,-2,3,5,12,-12,11,2,0,-3,-14,-9,2,5,4,-10,-12
1009/19,0,2,0,3,-5,2,2,-2,6,-10,-9,-7,-6,6,-11,6,-5,-5,-4,10,-6,2,-16,2,-13
-97/98,0,2,0,-5,0,2,2,1,-8,6,-2,-5,-6,-6,7,-11,-2,10,-8,-12,-8,2,7,6,8
-101/95,0,-2,0,0,2,-5,6,-2,-4,7,-9,-8,6,2,10,-2,0,1,-14,0,12,-16,-16,-6,10
-17/84,0,0,-3,-5,4,-5,-8,1,-3,-2,-9,10,-6,6,0,6,-14,2,4,15,-11,5,3,-9,12
-37/50,0,2,0,-5,-2,6,2,1,6,4,4,-11,-6,8,11,-4,-5,-11,-7,3,2,-1,-4,-16,8
-2/75,1,0,0,0,-5,-5,1,1,-3,-4,2,6,-6,12,4,-10,6,4,4,-15,1,1,2,10,1
-332/37,0,2,2,1,4,2,2,1,-9,-7,8,-8,-6,-2,12,-12,4,13,8,-15,-16,11,0,12,0
-16/75,0,0,0,0,0,2,2,1,-3,4,-7,-2,-6,8,-2,-11,4,2,8,6,-13,-1,12,-1,17
26/95,-1,2,0,3,6,-7,-5,-2,-3,-2,-9,-2,-7,-2,-4,1,6,8,2,6,-6,-6,-3,12,-8
53/85,0,-2,0,-5,0,0,-2,1,-4,-5,-5,-7,-5,4,-6,-10,10,-11,-10,3,-6,-7,0,6,17
-76/97,0,-2,2,1,4,-1,2,1,-8,-2,3,-5,6,4,12,-11,6,2,6,-12,7,11,-4,9,4
-73/97,0,-2,0,3,0,1,4,-2,-3,9,-5,6,-6,4,0,-2,7,-11,0,-5,-11,-14,12,0,4
27/65,0,0,0,3,2,-2,-3,0,-4,-5,-5,-10,0,7,0,6,0,-8,8,-15,4,-16,-16,-13,-2
31/66,0,0,0,0,-2,-5,-1,-2,-3,6,-10,-5,6,6,8,-3,-2,0,-5,-12,11,13,8,6,8
-56/67,0,2,3,1,6,4,2,1,-3,-8,-9,-2,-6,-12,-11,-6,0,-4,0,0,-13,6,4,4,8
1/66,0,0,0,-5,-2,2,-3,-2,-3,4,-1,5,2,9,12,-6,-7,-10,4,0,-5,5,4,-16,-2
-14/183,-1,0,2,1,0,6,6,1,4,0,0,10,2,6,-11,1,-3,-4,4,0,-1,8,6,8,2
-20/179,0,-2,0,1,0,4,5,-2,0,-2,-7,-6,7,5,0,0,9,-1,2,-12,-8,-16,-4,-14,13
42/47,-1,0,0,1,-2,0,5,-2,-9,-5,-1,-5,-9,-9,3,1,-13,-6,0,13,-6,-14,0,-9,-10
-37/25,0,-2,0,3,2,4,-5,1,-6,-7,2,-11,10,-7,-6,9,2,6,16,-12,-2,-14,4,0,-4
-42/25,-1,0,0,1,0,1,3,1,6,-2,2,-7,-6,12,11,6,-4,-7,12,12,-4,6,-16,6,-3
58/59,-1,-2,-3,3,0,6,2,-2,6,-10,-1,-1,7,4,0,-2,10,10,-12,6,4,-5,14,6,-5
-20/79,0,2,0,-5,-5,-6,-4,1,-8,-5,-4,5,-3,4,0,-10,4,4,-12,-9,7,-8,2,0,3
-91/53,0,2,2,1,4,-7,2,1,6,-3,8,6,-4,8,-8,5,-7,-10,0,13,-5,4,4,-8,13
63/4,0,0,-2,1,-1,-6,2,-2,6,2,-1,-7,7,2,-1,6,0,4,4,-13,14,4,-16,-12,8
31/43,0,2,2,3,-1,4,5,-2,-3,-2,-10,7,-5,-12,-1,-12,-10,-8,-14,12,-5,-8,-4,6,0
-41/20,0,-2,0,1,-3,-1,-4,1,2,4,0,-7,-4,-1,12,6,-1,10,10,-3,7,6,2,-12,12
83/26,0,2,-2,-5,4,-2,-3,0,-4,4,-6,-5,-4,7,12,1,0,1,-3,3,11,9,0,12,-10
84/23,0,0,-2,1,4,4,2,1,0,6,-5,-1,8,-1,4,6,-3,10,-14,13,-4,11,-6,-14,13
4/27,0,0,0,3,-2,-5,2,-2,-3,-1,1,10,-4,-9,0,6,6,2,8,-1,-10,5,-16,4,-7
87/28,0,0,1,-5,0,4,5,1,-4,-10,-6,-2,4,4,-6,-7,0,10,-4,-15,-8,5,9,8,13
7/24,0,0,3,1,0,1,4,1,3,4,1,-2,-7,4,8,6,-4,13,5,-3,-5,-16,3,6,-10
72/7,0,-3,4,-5,-3,2,2,-2,3,-7,-4,-2,-7,-2,0,-11,4,-10,-4,-12,-5,8,12,-14,-18
76/7,0,2,3,-5,-2,-1,-5,1,-3,6,-6,-3,-6,-6,-11,-4,0,1,-12,-3,-5,-15,12,-14,9
-731/23,0,-2,2,1,2,2,-8,1,0,4,1,10,-1,-1,12,0,4,13,2,6,6,5,-13,12,12
-53/71,0,-2,3,3,4,0,2,-2,6,4,2,-6,6,9,-6,-10,-14,13,4,4,-5,-15,4,-6,-6
18/85,1,-3,0,-5,4,2,-2,1,0,7,-8,-2,1,-4,0,-4,-3,10,12,0,-10,-16,15,-7,2
58/51,-1,0,-2,0,-1,6,-2,-2,3,-10,6,-7,-6,-6,-6,-10,-3,1,2,-12,-6,-14,-4,5,13
53/50,0,2,0,-5,4,-6,5,1,-9,-8,-2,-11,2,-1,4,-10,7,8,4,-5,-13,-15,-3,3,12
44/85,0,-2,0,1,0,2,-2,-2,-4,6,1,-8,-6,10,-11,6,-4,5,-6,-12,0,-14,4,9,12
-47/82,0,2,1,1,2,4,-1,1,3,0,-2,-2,6,-6,-8,5,0,-5,-2,8,0,5,8,-7,-19
-46/83,-1,2,0,-5,4,-1,-5,-2,-7,-8,8,7,-5,-6,0,-6,5,-1,-4,-12,-4,13,-16,12,-1
67/48,0,0,1,3,-2,-6,-5,0,-4,-7,-2,5,-2,-2,4,6,0,-5,-5,4,7,15,-8,-12,-2
39/88,0,0,2,0,-2,-7,-3,1,-9,10,8,-5,0,-2,0,6,7,-2,4,3,2,-8,4,5,2
-60/29,0,0,0,3,-3,-6,6,-2,-3,-6,1,2,-6,6,11,6,-2,6,-8,12,-13,-4,6,-6,11
-38/33,1,0,2,-5,-2,0,-3,1,6,-4,3,-6,2,8,-6,-2,4,-6,2,2,-5,0,-4,3,8
-68/63,0,0,2,-5,0,-5,-8,-2,-9,-1,-7,5,2,12,-11,-2,-12,-1,-14,0,-7,2,1,-6,10
-31/11,0,2,1,0,-2,-1,-3,-2,-6,9,-10,2,0,2,4,-6,-12,-11,8,16,-8,-15,-7,-12,14
-94/33,1,0,3,-5,-2,6,-4,1,-3,7,0,-2,-7,-6,-8,6,9,0,-10,3,11,-8,-8,4,1
100/39,0,0,0,-5,-1,-2,2,1,1,10,-4,10,8,-6,7,6,-1,10,8,14,5,5,-3,-6,-6
35/8,0,2,0,1,-2,-6,5,1,-3,-5,4,-7,-4,10,3,-9,6,5,4,-15,4,-9,-16,-8,1
47/46,0,-2,3,3,4,1,5,-2,0,9,1,-10,-3,6,-8,6,0,-1,8,-3,0,5,1,18,8
-40/7919,0,2,0,0,4,-6,-6,-2,4,0,6,-10,-9,-4,-2,1,4,-3,12,5,-13,12,-10,6,-6
-39/7922,0,0,0,1,0,-7,-2,0,-8,-1,-5,10,2,4,3,-4,6,1,8,-15,-6,4,-4,5,-14
7/94,0,2,2,1,-2,4,2,1,-3,4,2,-2,-5,-6,3,1,6,-2,-14,6,0,10,0,-12,-6
-86/73,1,2,3,-5,4,6,-1,1,-3,-7,-9,-8,-6,-1,3,-3,-11,-5,10,8,-6,9,1,18,17
75/61,0,0,0,0,4,-5,3,-2,-3,-2,10,-2,-6,4,4,6,1,-4,4,8,12,4,2,6,14
71/38,0,2,2,-5,-5,6,2,-2,-8,-3,10,-10,-1,10,1,2,-5,-10,14,-12,12,-14,4,-12,-2
76/75,0,0,0,-5,2,-5,-5,1,-3,9,-9,10,-5,4,-6,6,9,-10,-12,3,-10,-14,1,6,6
-31/36,0,0,1,-5,0,-6,-1,1,6,-5,-10,-1,-9,1,6,-11,10,-4,12,13,11,-8,3,-3,11
-29/78,0,0,3,1,-3,-2,-4,-2,3,-10,-10,10,-6,4,10,-4,-14,-1,0,0,-10,-15,4,9,8
34/43,-1,2,0,1,6,0,-8,-2,0,3,-1,10,-6,-12,-6,-2,-1,10,6,0,-10,10,-16,-3,-12
72/83,0,0,2,-5,-5,-5,5,-2,-3,4,1,-2,-1,-10,4,5,5,4,4,0,-13,0,-16,6,-5
-13/74,0,2,0,1,0,-7,6,1,6,4,8,-8,-6,-10,-7,0,0,0,-2,2,7,8,3,9,-5
27/95,0,0,0,-5,4,2,4,-2,-3,6,-4,5,12,10,-6,0,6,0,4,-8,-13,-15,2,-14,6
-42/31,1,0,3,1,6,0,2,1,1,-5,2,10,0,-4,13,-4,-9,8,9,-9,-16,-8,-6,-10,-4
-40/19,0,-2,0,1,2,0,2,-2,6,-2,-2,-1,0,8,-6,-4,0,8,-8,-15,8,12,17,-15,12
6767/48,0,0,1,1,2,-5,5,1,4,0,6,-2,-6,1,-8,-2,0,-1,-5,-9,-11,-9,-16,-9,12
6770/49,1,-2,0,-5,-5,2,5,1,6,-4,3,-2,6,-3,2,-4,-9,-13,12,-2,-5,-8,4,18,-12
48/65,0,0,0,3,4,-2,4,1,3,4,4,10,-7,-4,1,-14,1,5,-12,4,-10,-14,-4,-6,2
-713/12,0,0,2,3,-1,4,-1,1,-7,4,-10,-6,7,1,-6,-6,0,-1,-12,8,8,6,6,-12,-5
-359/6,0,0,0,1,0,1,5,-2,-3,5,-4,-2,-4,-10,-8,-6,11,-7,4,16,-16,5,-15,6,12
17/29,0,2,-3,3,-3,2,-8,1,-4,-6,2,-2,-7,12,-2,6,-7,-1,4,0,2,15,1,8,-5
38/59,1,2,3,0,-3,4,-4,1,6,0,-1,-3,-3,4,7,-10,10,-10,-8,8,-10,5,-10,0,8
-33/65,0,0,0,0,0,-2,5,-2,4,4,-1,-5,-6,4,12,-4,-12,8,4,-15,10,-14,7,2,-14
-38/39,-1,0,-2,0,-5,-2,-5,1,1,-7,3,10,-3,12,10,-11,-2,4,-10,11,11,-16,-6,8,-2
-25/86,0,2,0,-5,4,-5,-4,-2,6,-2,-1,8,-5,-12,6,1,0,0,-12,3,-2,-4,8,-12,-1
49/71,0,-2,1,1,-5,-6,2,-2,-3,-4,-6,5,3,5,-1,1,11,-4,-10,4,12,-16,6,-2,-10
83/70,0,-2,0,-5,4,2,3,1,4,3,-1,10,-6,-10,3,6,-4,10,4,14,7,-10,0,-8,-6
-13/59,0,2,3,-5,4,-7,-4,-2,-4,4,-7,-6,-6,-6,-8,6,10,1,-3,6,2,0,-6,-9,8
93/91,0,0,-3,-5,0,-2,1,-2,-4,4,-10,-8,-3,-4,-11,-3,9,-6,-10,4,-16,9,4,0,14
94/89,-1,-2,4,1,2,-5,5,1,3,-10,1,2,-1,-6,-8,-3,-9,0,14,-3,2,-4,7,-8,12
-8/101,0,-2,2,1,4,6,-3,1,-8,4,1,5,-3,12,11,-2,6,5,5,3,-2,-10,-4,1,-14
-70/29,1,2,0,1,-5,6,2,1,-9,-6,-10,10,12,2,-10,-2,6,1,5,-12,-13,13,6,-1,12
14/97,-1,-2,-3,1,-3,4,-3,-2,1,9,10,7,-1,-1,0,-9,0,-6,4,0,-2,6,11,-10,4
-77/27,0,0,1,1,0,2,5,-2,-8,-3,-9,-8,7,1,0,-7,0,-8,-14,5,4,-16,0,-7,-10
-83/24,0,0,-2,-5,0,-1,-1,-2,-3,-4,3,-3,-4,2,3,0,4,0,2,-15,7,6,0,12,-3
75/779,0,0,0,1,-5,1,-4,-2,-8,5,3,-5,6,9,-6,-2,-2,0,-11,-13,11,-6,3,-6,-2
-29/30,0,0,0,3,2,-1,2,1,-3,-10,-4,-7,6,-9,4,-9,0,-6,4,0,-2,13,-1,0,0
18/367,-1,-3,1,1,6,-6,6,-2,-3,-2,0,-1,8,-12,0,-9,-11,6,2,-3,7,-5,10,12,-2
-32/89,0,-2,-3,1,-5,1,-4,1,-8,9,-1,-7,0,-6,0,-7,-1,2,-10,0,-6,-14,-7,-8,-2
-32/87,0,0,2,0,6,-5,4,1,3,-6,-9,2,10,7,-6,-10,2,2,8,-13,-1,4,1,-1,11
-60/7,0,0,0,-5,-3,2,-5,1,-8,-5,10,10,8,8,0,0,-12,4,12,-9,-2,-10,2,12,14
-97/54,0,0,3,3,0,2,-3,-2,6,-5,4,-2,-7,10,1,10,-4,6,-14,-5,-7,4,12,0,8
-94/11,-1,2,4,0,-2,-5,-1,-2,0,-7,-1,-2,6,7,-8,-4,-4,-6,16,8,-4,6,12,-7,13
-597/5,0,0,0,0,2,-5,2,1,4,3,8,7,6,-6,-11,6,0,-1,16,-15,12,11,12,-14,9
-49/1789,0,-2,2,1,-3,0,-4,1,-9,0,-6,-5,1,-1,-6,6,4,2,-2,-9,4,-10,3,6,1
-50/1791,1,0,0,0,-2,-5,2,1,-3,5,4,-7,-9,-9,6,3,-4,4,0,14,-14,-14,-15,6,11
22/83,1,-2,2,1,0,6,-5,-2,6,0,-10,5,-7,8,0,6,-2,10,6,-12,2,-4,-16,-15,8
-101/63,0,0,-3,-5,0,-5,-1,1,-3,5,1,2,-6,-4,-4,-2,0,2,2,-4,-7,6,0,-1,-4
-103/60,0,0,0,-5,0,-5,5,-2,4,0,-5,-5,-6,10,0,6,-11,-10,14,-12,-7,1,-8,12,-19
-38/93,1,0,2,1,6,6,-3,1,6,9,2,6,-5,-1,-6,9,4,-13,-7,-3,-14,-6,14,9,-6
-67/30,0,0,0,-5,-3,-6,-3,1,-4,7,-5,7,12,-4,-6,-6,-4,5,-5,9,8,-10,-16,-6,8
83/31,0,-2,3,1,0,2,6,1,-9,-1,2,-2,-5,7,-2,6,6,-3,2,-3,-10,10,0,-7,9
40/91,0,2,0,-5,2,-2,4,1,2,10,3,6,8,12,-6,-3,6,-10,1,-1,-4,-15,2,6,-6
85/42,0,0,0,-5,4,4,-8,-2,-9,4,10,-2,3,-6,-10,-4,-1,6,-3,-12,14,-9,-6,12,-10
-13/6843,0,0,2,1,0,-7,-3,1,-4,9,-8,-7,-3,2,-6,6,-4,-5,8,-5,-16,-10,6,10,-3
-10/6841,-1,-2,0,1,6,2,4,1,-4,9,2,-2,-4,-10,-6,-10,8,4,4,8,-13,8,0,18,-1
-54/7,-1,0,2,-5,0,-1,-6,-2,1,9,1,-11,-5,1,-8,-3,-13,10,4,2,14,-14,-3,-8,8
-7/25,0,-2,0,1,4,6,2,1,6,0,-9,-5,3,-2,7,-10,-1,1,4,-7,10,8,5,0,6
-91/18,0,0,0,1,0,-7,5,1,-3,5,2,-10,6,-1,-6,-2,-9,-7,4,0,1,0,-4,6,1
-38/77,1,-2,4,-5,-2,6,-4,1,-3,-1,-1,-8,-3,4,12,7,-9,8,5,-15,2,-4,12,6,-1
47/27,0,0,0,1,4,-5,2,-2,2,7,-9,7,2,-9,-8,1,0,-13,-10,6,-1,6,16,-12,17
-71/76,0,2,1,0,4,1,-5,-2,-8,-5,6,-7,-6,4,0,6,0,6,2,-12,-11,8,4,-15,8
60/71,0,0,0,-5,-5,2,2,-2,3,-10,8,-2,-7,-3,-4,4,4,1,8,4,-2,-10,-16,-3,6
29/35,0,2,0,-5,0,-1,6,-2,1,-10,0,-8,-7,5,0,3,6,-11,-11,4,-9,10,-3,10,6
67/47,0,-2,0,-5,-3,2,-3,1,-8,6,1,-2,-6,-4,3,-11,0,-6,-5,10,11,-9,-6,6,8
9/62,0,-3,3,-5,2,2,1,-2,6,-3,2,11,-6,2,4,-3,5,-1,8,-8,-10,-10,8,1,14
9/61,0,0,1,1,4,2,-5,-2,-9,5,-1,-2,2,-2,-1,4,0,-4,-12,4,-2,12,3,2,-5
14/69,-1,0,4,1,-5,2,2,-2,0,-2,-6,-8,12,2,3,-12,-7,-6,2,-12,-11,10,12,-15,-13
74/25,1,-2,0,0,6,-5,2,1,4,-2,-4,-11,12,9,-6,-2,-11,-10,12,8,-10,-16,-4,9,-14
-53,0,2,-2,3,-1,6,5,1,-6,-4,-5,-2,-4,4,0,-10,4,13,-7,-3,-14,4,12,-6,17
12/85,0,0,0,-5,4,4,-2,-2,6,2,-1,-6,-5,12,-10,9,4,4,5,-5,-16,0,4,-12,8
9/44,0,-3,0,0,-2,6,-5,-2,3,-10,0,5,3,4,0,0,8,-5,8,-9,-1,0,-5,-14,-14
69/55,0,0,0,0,-2,2,-3,-2,-7,-4,1,-5,-7,4,-6,6,10,-10,12,13,2,11,-4,-14,14
-83/60,0,0,0,1,-5,2,-3,1,-4,-7,-9,6,4,7,6,-4,10,-8,5,0,12,10,0,6,9
-67/33,0,0,2,1,-2,-1,3,1,4,-4,-9,2,-3,7,-6,-10,8,-8,-5,-15,5,-6,0,-8,18
-65/33,0,0,0,0,-2,-7,2,-2,-3,7,-1,10,3,7,-6,6,-4,4,4,15,-1,-12,-4,2,-13
5/31,0,-2,0,-5,-2,2,-3,1,-3,-5,2,-6,6,-3,13,9,8,-2,8,0,6,0,-3,-15,-10
43/16,0,2,-3,-5,-1,2,-3,-2,3,3,-2,-2,-5,-1,-6,-10,4,1,-12,13,11,-8,4,18,14
-25/38,0,2,0,0,2,6,5,-2,2,2,1,-8,-7,2,-6,-4,6,-6,-10,-12,-7,4,12,-12,-6
77/85,0,-2,0,1,0,4,-2,-2,1,-4,-6,10,-6,4,0,-2,-3,-5,10,-15,0,4,16,3,-14
18/83,-1,0,4,3,-2,2,-3,1,-8,10,1,10,-6,4,-8,6,6,-5,-12,-3,-2,5,-16,-12,-3
77/3,0,0,2,1,0,-5,2,-2,6,4,-5,8,-6,4,4,6,4,-1,3,-1,4,0,-16,0,-6
-80/31,0,2,0,1,4,2,-3,1,-3,-10,2,8,6,8,12,7,6,-5,-12,-1,2,13,0,1,-2
86/53,-1,2,-3,-5,-5,-5,-4,-2,-3,-4,10,-5,-6,-1,-10,5,-7,4,3,-5,-8,10,-3,-1,8
88/51,0,0,0,1,0,1,-2,-2,-3,-2,1,8,-6,7,3,10,0,6,16,-12,6,8,-4,-15,-9
97/61,0,2,0,-5,4,-5,-3,-2,6,9,-9,-2,-1,10,0,-11,0,-4,-6,15,-6,8,4,-1,8
-25/49,0,-2,0,-5,2,-5,-3,1,3,-4,-8,8,-7,10,7,1,-4,-6,8,8,-6,-10,12,12,2
-17/43,0,2,4,-5,2,6,-8,1,-8,-4,-9,-6,-6,-12,-11,9,9,-7,4,-12,-8,-15,-13,2,-18
-48/67,0,0,4,1,4,0,2,1,-3,3,-5,-6,-5,-2,0,6,0,1,0,10,-13,-1,0,18,12
-35/12,0,0,0,1,0,-1,1,1,-4,3,1,-1,12,9,2,6,-2,1,8,4,2,-9,-6,-14,14
-47/20,0,-2,0,-5,4,2,1,-2,6,-7,-2,10,-6,-6,-8,1,-11,-10,12,-1,-10,-8,-1,10,-3
-35/58,0,2,0,1,-2,-5,6,-2,-4,-6,2,5,10,-12,-11,1,10,10,4,14,-13,13,-4,6,-5
-86/31,-1,2,1,-5,6,2,-5,1,6,6,2,10,6,-1,0,6,2,-4,4,-4,7,11,-4,-14,-6
26/61,1,-2,0,0,0,-7,-5,1,4,0,-5,6,-4,7,3,6,-4,-4,0,15,-4,-14,8,-14,10
77/86,0,2,3,1,0,-5,-4,1,4,10,-1,-6,8,-12,-6,2,7,2,-11,2,14,10,-16,6,-14
-85/67,0,-2,0,-5,-2,1,-8,0,6,-8,-1,-6,-2,4,-11,6,2,-8,0,-15,-13,1,12,-1,10
97/82,0,2,4,-5,-3,-5,-3,-2,3,-1,-7,2,6,12,-6,9,10,-12,-12,5,2,5,6,-12,8
-83/2,0,-2,4,-5,0,-5,4,1,-6,-7,-5,2,6,1,-3,-6,-4,-4,-14,4,10,-7,0,3,-6
86/85,-1,-2,0,1,0,1,-2,1,4,6,-4,-6,2,-1,-6,-10,-13,1,2,6,10,9,-3,-14,-5
-79/58,0,-2,-3,1,-2,0,-3,1,-8,-6,3,6,-6,-9,-6,6,-1,1,-2,-4,2,4,-3,-12,-6
82,1,2,3,-5,4,-5,2,1,-3,-3,-1,-2,-4,-3,-6,6,8,-5,8,-5,7,-16,12,-15,-12
88/43,0,2,0,-5,0,-1,-5,-2,-3,-1,-4,11,3,-12,0,-4,-12,1,-12,6,-7,15,3,-8,-2
84/43,0,0,0,1,-3,-5,5,-2,6,-4,2,2,-6,-12,-4,-12,0,-11,-12,-12,-6,2,10,-6,8
-46/21,1,0,1,-5,-1,-5,2,1,-7,9,8,2,-1,-4,6,6,-1,1,12,-15,-2,-14,-6,8,17
-66/815,1,0,0,1,0,2,5,-2,-8,6,3,-2,-6,4,6,-6,4,-6,-14,0,-2,-12,2,-17,-6
-63/814,0,-3,-2,1,-2,2,-5,1,-6,-5,-9,-8,-1,8,-8,3,-1,-6,-10,-5,-2,12,0,0,14
96/97,0,0,3,1,4,1,-3,-2,6,-1,-2,-7,-1,4,13,9,-10,-5,-12,-15,-6,-14,-16,10,4
-52/11,0,2,3,0,-2,-7,2,1,1,3,0,10,12,8,-6,6,4,-5,2,-12,-2,2,-10,-8,-12
55/16,0,2,0,3,0,2,-3,-2,6,-1,8,-2,1,4,-8,2,4,1,5,-8,-13,11,12,6,-6
33/95,0,0,0,3,0,-5,2,-2,3,6,2,-6,-6,-6,-2,11,-2,1,-14,8,-10,11,-6,5,-2
-64/17,0,2,-2,1,-3,2,-2,-2,-8,6,-5,10,-4,-10,-8,6,-12,8,-8,9,2,0,4,1,9
13/84,0,0,3,-5,4,-7,-3,1,3,6,-6,-2,0,9,0,11,-4,1,8,2,-6,8,5,-6,8
87/41,0,0,3,-5,-3,4,-1,-2,-3,-10,10,-1,6,8,6,-10,4,-6,8,-12,10,-14,1,-15,13
-37/52,0,-2,1,-5,4,-2,2,1,-3,4,-9,-11,-3,9,4,-4,0,8,8,-1,5,8,4,-6,-1
-95/43,0,2,0,3,4,6,2,1,-3,4,-5,-2,-6,-12,-8,3,-7,1,9,-5,2,0,1,6,-14
-2/47,1,-2,2,0,-2,1,-4,1,-8,4,-9,-7,0,8,3,6,0,4,-3,0,-1,-5,12,-8,13
-28/85,0,-2,0,1,-1,-1,-2,1,0,3,10,-2,-6,7,-8,3,1,-1,-8,-13,2,-16,6,-3,8
93,0,0,3,1,4,0,-3,-2,-3,-4,-10,-5,-1,8,-8,-10,0,10,4,3,-14,-10,10,6,-1
5/98,0,2,0,-5,2,2,2,1,-4,4,2,10,6,-1,1,-10,4,1,8,-3,8,10,-4,5,-12
51/4,0,0,1,-5,6,1,-8,1,3,7,-5,-7,2,4,2,-4,6,6,4,3,-2,13,1,9,10
-17/46,0,2,-3,0,0,-5,-8,1,0,0,3,-1,0,1,0,6,-12,-12,11,3,-5,10,-5,10,1
-15/56,0,0,0,-5,4,-6,2,1,6,6,10,10,12,-2,8,1,4,-5,2,2,2,8,12,-14,-14
79/20,0,-2,0,-5,6,0,5,-2,1,-5,-8,-6,1,-10,7,-6,0,8,-7,2,-16,4,-10,6,8
-1/76,0,-2,1,0,-5,6,-6,-2,-3,-5,3,10,-9,-1,1,-4,0,-13,8,0,4,-14,9,10,10
-69/73,0,0,-2,-5,0,-6,-1,1,-7,6,-5,-3,0,4,4,-2,13,6,-11,2,-6,-6,-6,-1,-6
-73/21,0,0,-3,-5,4,6,2,-2,6,7,-4,-6,-6,-6,2,7,0,1,4,5,-11,5,-16,-8,-6
71/48,0,0,0,1,-3,-5,3,1,-3,3,6,-6,6,4,-8,9,-11,6,16,-12,-8,6,3,-6,1
-59/50,0,-2,0,-5,-2,2,-3,-2,4,4,1,-8,-9,-4,-6,-6,-12,-8,-14,15,-6,-10,-15,12,-14
54/5,-1,0,0,0,-1,1,-3,-2,-4,-4,8,5,-3,7,8,-11,4,-5,5,6,5,-1,-13,-15,-10
41/27,0,0,-2,0,2,0,3,-2,-6,2,-9,10,-4,2,12,6,0,-6,11,0,2,-7,-7,6,9
-89/81,0,0,4,-5,0,-5,4,1,2,10,1,-5,-9,6,-6,6,6,-5,10,5,-6,-1,0,-13,-13
-45/61,0,0,0,-5,0,-5,-3,-2,-4,3,-1,-8,6,-10,-6,-3,0,-4,-12,15,2,8,4,-15,-9
-22/59,-1,2,2,1,0,-5,-1,1,-6,6,-4,7,-6,-1,12,-2,10,-4,14,-12,12,4,-16,-6,12
-25/63,0,0,0,-5,-5,-6,2,1,6,-3,6,-7,-6,12,11,-10,-4,6,5,10,-10,10,4,-6,-6
45/101,0,0,0,0,2,4,-5,-2,-3,-8,-7,2,-1,10,10,-2,0,13,5,-3,1,-11,-13,-15,-8
-77/71,0,-2,0,1,0,4,2,1,-9,5,10,8,-9,12,1,-12,2,4,5,4,-13,15,4,1,17
-89/72,0,0,0,0,0,-5,3,1,-3,-2,10,2,0,5,11,-4,0,-5,2,8,-5,2,-4,-13,0
-59/31,0,2,0,1,-1,-1,2,-2,3,3,2,-5,10,6,0,-12,-12,-13,4,-3,4,13,3,12,8
-71/381,0,0,2,1,-3,-5,-6,1,4,-2,1,10,-6,-10,8,-4,0,6,-11,-12,2,-7,0,0,-5
31/92,0,-2,3,3,4,-5,-6,1,0,-5,-10,-8,12,-2,-6,7,-4,10,8,-2,-2,-6,0,-7,1
-31/77,0,2,-2,-5,-2,-5,-5,-2,-4,-4,-10,10,-9,-1,-6,-4,-1,6,-14,5,-6,10,12,-13,-8
-23/83,0,-2,1,1,0,4,2,-2,-7,9,-2,10,-6,-2,13,-3,-9,4,14,12,-9,-10,-16,9,-1
-19/85,0,-2,0,1,6,2,-2,1,2,-3,-1,-2,12,-10,0,-9,6,-6,8,-12,-6,-12,1,0,11
10/21,1,0,0,-5,-5,4,5,1,6,-4,1,-8,6,1,-6,1,-3,-2,4,0,-13,-14,-16,-10,-14
737/28,0,-2,1,-5,0,4,3,1,4,-5,1,-7,-3,5,0,-11,-1,5,-5,-15,-2,-16,-3,-6,-5
736/29,0,-2,2,0,-2,6,3,1,-7,-6,-10,-5,-9,9,-6,-10,5,8,-12,6,-2,12,16,3,0
-51/49,0,0,2,-5,-2,-5,-8,1,2,-2,1,-2,8,-1,0,-4,-9,-4,-7,10,-16,-8,-3,10,8
73/23,0,-2,2,-5,4,-6,5,1,0,-5,10,-2,12,4,-8,6,6,4,2,-12,-11,-6,-3,-12,-6
35/11,0,2,0,1,-2,0,2,-2,-4,3,6,-7,-2,7,-11,6,-14,-10,-8,6,-2,4,10,-1,0
-56/25,0,2,0,1,4,-5,-1,1,6,3,1,-2,-3,2,0,-6,0,-10,-2,6,11,8,2,10,-9
-101/44,0,-2,4,1,-2,4,6,1,-6,4,-4,-8,12,7,-6,-4,-5,-10,5,13,11,12,3,-10,17
-47/13,0,2,4,-5,-3,-2,3,-2,3,-5,-7,-7,8,10,-8,6,0,-3,-14,-15,-13,-4,-16,-16,7
-40/7,0,-2,0,-5,6,4,-3,1,4,6,3,2,1,-4,2,6,2,-5,5,-9,-7,-1,-4,-3,2
64/59,0,-2,4,-5,4,4,-3,-2,1,-4,-1,10,12,-1,0,1,10,1,-14,12,-13,-14,-4,18,-4
68/59,0,2,0,-5,2,-6,-8,1,3,10,-4,-6,-7,9,6,6,10,-1,8,-3,-5,5,17,10,-12
64/27,0,0,3,1,-3,6,2,1,-6,-8,0,8,0,-3,0,-9,6,8,8,3,4,-4,-5,1,-12
-19/243,0,0,2,1,-2,-5,2,1,6,6,1,-7,6,8,-6,-4,-9,-10,-2,-12,2,-12,-12,-14,9
-37/489,0,0,2,1,0,2,2,1,-3,-7,1,-11,7,4,-7,3,-11,13,-14,-12,-9,11,4,-6,-6
90,1,0,0,1,-1,6,2,-2,-8,5,-4,-5,6,-1,-6,-4,-9,1,5,3,-2,10,0,-6,-14
-43/3,0,0,1,1,-3,1,2,-2,-3,-4,-9,6,0,-1,0,4,-7,1,10,-9,-4,-6,4,6,11
-71/62,0,-2,2,0,-3,0,-4,0,-4,-2,2,-7,-7,4,0,-6,-2,8,-12,-12,-11,10,-1,1,2
-53/47,0,-2,2,1,0,-5,-4,-2,-6,-10,10,-6,-9,-10,3,-10,-4,1,8,-4,2,-10,5,5,12
-13/21,0,0,-2,-5,-1,-7,4,-2,6,-1,1,-2,2,-1,-8,0,4,-4,6,6,-2,5,3,0,-2
-44/69,0,0,1,1,0,0,1,1,0,-2,2,-1,6,4,0,-4,-9,2,12,3,0,15,14,6,-12
77/41,0,2,-2,1,0,-6,5,-2,-8,-2,8,-5,6,-1,-8,-6,4,-3,-2,0,7,8,9,12,6
32/17,0,2,4,1,0,-5,-2,-2,6,6,3,-6,7,-12,-8,-7,-4,-1,-14,0,11,-14,16,-14,10
100/43,0,2,0,1,6,6,-3,0,-3,5,-4,6,8,-12,3,6,-4,13,2,-3,7,5,4,-1,17
-37/85,0,-2,0,-5,4,-5,-2,-2,6,-2,-2,-11,2,4,0,-2,0,10,1,2,-8,11,2,-1,8
36/35,0,-3,0,-5,4,-5,-6,-2,-8,-4,-5,-5,0,-6,0,-6,2,13,1,-8,0,6,1,1,13
-35/52,0,2,0,1,0,-2,3,-2,-8,4,10,-5,6,4,10,-3,4,4,-3,8,10,6,12,2,-9
-39/50,0,0,0,3,6,-7,2,-2,-9,2,3,-10,2,-10,1,5,-12,5,-11,10,11,-8,16,-6,7
104/3,0,0,3,1,0,-7,6,-2,0,-2,-1,-5,12,-4,11,6,-11,0,9,-5,-4,-10,0,-8,8
-2/55,1,2,0,1,-2,-5,-3,0,6,7,10,-8,0,8,-6,0,-14,2,4,13,-13,13,4,-1,10
2/55,-1,-2,0,-5,-2,-5,-4,1,-3,0,-9,5,1,-10,-8,-3,-4,-11,12,0,-13,10,-16,12,-2
-71/3,0,0,3,1,-1,4,3,1,3,6,-4,8,-1,2,8,7,-2,-6,4,-12,-11,-15,-6,6,-3
49/38,0,-2,-3,1,-5,1,-3,-2,4,0,2,-8,-1,8,12,-2,-3,4,4,-7,2,-11,6,-10,-2
83/81,0,0,3,-5,4,-6,-4,1,-3,7,6,5,12,6,6,2,4,-13,-2,-1,14,0,0,-14,-2
96/43,0,0,-2,-5,-2,4,2,1,4,4,-1,-5,-9,-12,0,-3,0,-2,4,-4,10,8,-4,2,-5
8887/77,0,-2,4,-5,-2,-5,-4,-2,0,3,-1,11,-7,6,0,6,-7,-13,12,-1,4,-11,12,3,9
8885/77,0,2,0,-5,-2,6,2,1,-8,-2,-2,2,0,4,3,11,-4,-2,5,-12,-1,10,2,12,1
52/35,0,-2,0,-5,-3,-7,4,1,1,0,-9,10,-6,9,-6,1,-4,5,9,9,11,5,1,-14,-3
-41/713,0,-2,3,1,-3,2,1,-2,0,4,2,10,-4,-10,0,-2,0,-2,4,-8,0,-4,6,10,1
-44/43,0,2,2,-5,0,0,2,-2,3,4,8,-2,-3,-12,7,-3,-4,10,3,-9,-2,-12,3,1,8
-42102/7,-1,-3,2,-5,-3,2,4,-2,6,-4,-9,11,-4,6,-6,-3,-1,8,8,-12,14,-6,16,10,-3
-21049/4,0,-2,1,1,-3,-6,6,1,-4,2,-10,8,0,8,6,-6,13,0,-7,-9,12,10,8,10,8
2/65,1,2,0,0,0,-2,2,1,3,0,3,-2,-3,-1,0,10,-1,4,4,-9,-4,-4,14,-12,14
-101/48,0,0,0,3,4,-1,5,-2,3,9,-5,10,8,4,10,0,-11,-4,-12,15,14,8,10,-2,8
73/44,0,-2,2,-5,-2,6,-4,1,-8,4,-1,-2,-6,6,0,-2,5,6,-8,12,-11,8,-11,-14,17
67/44,0,-2,3,1,-2,1,2,1,-3,-10,-4,7,-5,0,6,-9,10,10,-5,-1,-2,8,12,6,2
67/46,0,2,0,0,2,-5,1,1,0,0,-8,-6,-6,12,-6,-6,-4,13,-5,4,2,-6,0,8,0
-111,0,0,2,0,6,-6,-3,-2,0,-4,-9,-11,-6,-6,-10,1,0,-4,5,-15,4,1,-8,12,18
-57/59,0,0,0,1,4,1,6,1,6,4,10,2,-1,-1,0,6,10,5,-2,-1,-13,-8,1,-15,2
-55/59,0,2,0,-5,0,6,-3,0,-8,5,-1,-5,-7,-4,-6,-3,10,-6,-12,-6,7,-1,0,-1,-2
-37/71,0,2,2,-5,0,-1,3,1,-6,6,-1,-11,-7,5,4,1,-4,-7,-12,4,-2,-8,10,-3,6
-58/17,-1,2,2,-5,4,-5,-2,-2,6,-10,-9,2,12,-9,-6,-12,0,-12,-5,14,2,-8,2,10,8
46/89,-1,-2,2,-5,-1,1,2,1,-7,2,-10,-2,-4,-6,11,6,13,1,4,12,12,0,-7,-8,8
-73/34,0,-2,2,3,-3,6,-2,1,6,-8,8,-8,4,-9,4,-3,0,10,2,6,-11,8,16,6,8
44/49,0,-2,4,-5,0,6,6,1,3,-5,1,-5,7,-10,3,6,-9,1,-4,-13,-4,9,-4,6,13
43/52,0,2,2,-5,-3,-2,-4,1,3,-5,-5,-6,-4,-1,-6,6,-11,2,8,4,2,-8,9,-14,8
21/83,0,0,-3,1,0,6,5,-2,-3,-7,2,11,12,-10,0,-10,8,1,-4,5,4,8,-16,2,2
88/67,0,2,2,0,0,-5,2,1,6,9,1,6,6,-6,-8,6,-9,4,0,-12,14,-4,4,0,-7
6/71,1,0,0,1,6,2,-6,-2,-8,-2,3,6,-2,5,-8,6,-14,2,-14,4,-13,-4,4,1,1
89/13,0,-2,2,1,2,-2,3,0,-8,-10,-1,-8,10,6,-6,-3,-7,4,-8,8,-5,-4,3,-13,-9
-43/23,0,2,2,3,-5,2,1,-2,0,-5,8,10,8,-1,8,-3,0,-8,-5,6,11,-5,2,0,-6
-47/22,0,2,1,1,-2,0,5,1,-3,6,10,10,0,6,-8,-12,6,-7,2,0,-6,-8,3,-13,-1
-69/26,0,0,4,3,-1,-2,5,0,-7,2,-1,10,12,10,4,-11,6,-13,-5,-5,-2,-8,-3,9,-6
7/43,0,2,1,1,-3,-5,2,1,-3,6,-4,-3,-3,-12,4,7,0,-5,-5,8,2,0,12,2,-14
893/61,0,-2,0,-5,-3,2,-5,1,1,-1,6,10,-6,4,-8,0,6,-4,-12,4,-1,8,-3,-4,12
892/61,0,2,-2,1,-1,4,5,-2,-3,-5,2,-1,6,4,4,-11,13,-4,-12,6,12,1,-7,8,18
-38/21,1,0,-2,-5,4,-5,3,1,-9,-5,1,10,1,4,1,-2,0,-13,-6,-9,10,-4,-3,-6,5
-57/97,0,0,1,0,-5,2,-3,1,3,5,-5,-8,-4,6,0,-10,2,8,12,0,-11,-12,-16,6,4
-27/49,0,0,0,-5,6,-1,2,0,4,5,-1,10,-6,-6,4,2,4,-3,-14,-13,-13,13,5,-7,2
81/11,0,0,4,0,-2,-5,6,1,-4,10,-9,-8,7,1,-2,6,-2,13,4,14,11,13,12,0,-2
43/5,0,-2,0,3,-1,-6,6,0,0,-8,-8,-5,6,-1,-6,-6,4,-2,-11,-3,-10,-15,1,-15,2
70/61,-1,2,0,1,0,0,1,1,-4,-2,1,-1,-3,1,12,-9,10,-4,12,-12,-2,1,2,3,-2
37/31,0,2,0,3,0,2,3,-2,-9,-2,2,-11,6,-2,-10,2,4,13,-8,-9,-14,-8,4,5,18
-83/39,0,0,2,1,6,-2,2,1,6,-5,-5,2,12,-4,0,-10,-4,10,-8,-4,6,-14,0,-3,17
-74/147,1,0,-2,-5,0,2,4,-2,6,0,8,-11,-6,9,11,-3,-14,-10,5,12,1,-8,-12,10,-4
-71/30,0,0,0,3,0,-5,2,1,-8,4,-5,2,12,-2,-6,6,10,-11,-2,-12,-10,-1,-12,12,-7
93/7,0,0,1,-5,4,-5,-5,1,6,-4,-10,-2,6,-6,4,3,-4,-8,2,-12,-2,0,-15,-15,-3
90/7,-1,0,0,-5,4,4,-3,1,-8,-5,-10,-10,-9,-10,-2,6,-2,-7,-12,16,-13,-14,11,10,8
-93/5,0,0,0,0,6,2,6,1,-3,6,-10,10,1,4,11,-2,4,6,-14,-12,6,6,-16,-8,9
-72/77,0,-3,2,-5,-2,6,-4,1,4,9,-1,10,-9,12,0,11,-2,4,12,14,-2,15,9,6,6
-45/41,0,-3,0,3,-3,2,-3,1,-3,-10,3,6,6,-6,-11,6,-4,-3,-14,-3,-5,-8,0,10,14
46/81,-1,0,0,0,2,4,2,-2,-7,-7,-1,5,-5,12,-3,5,6,-7,-12,-9,4,-8,12,18,-12
-88/63,0,0,1,-5,0,-5,-3,-2,3,2,-5,-2,0,6,-6,-4,-3,-6,-11,-5,-10,-4,2,1,-18
-93/64,0,0,0,-5,0,0,-6,-2,4,0,-10,10,-6,-7,0,-10,4,8,5,-12,-4,-7,-4,5,14
73/27,0,0,1,-5,0,-5,-4,1,-3,6,-5,2,0,-4,0,-10,0,10,-12,6,-11,-8,14,6,1
-79/17,0,2,0,-5,4,1,-2,-2,-8,0,1,-6,-6,12,0,-2,-3,-10,11,-1,14,4,10,-14,-3
-104/57,0,0,2,0,-2,-7,5,-2,-3,-5,-9,-2,-6,7,-8,-2,0,4,-11,-7,-2,10,-6,-12,2
53/73,0,-2,0,1,2,-5,2,-2,-9,3,-6,-2,7,1,10,-10,1,6,8,0,-6,-8,0,-14,11
-11/83,0,-2,-2,-5,0,1,2,1,4,10,-4,10,-4,-6,2,0,-2,8,4,3,4,-4,-16,-1,-14
-34/55,1,-2,0,1,-2,-6,-8,-2,-3,0,-9,-1,12,4,-11,3,-4,4,-7,-5,-4,-14,12,-6,2
-17/73,0,2,4,1,4,-6,-8,1,-3,-3,-8,-2,-1,-2,-8,-4,5,13,14,-4,-6,8,10,-7,-19
-17/72,0,0,2,1,6,-5,-8,1,6,-4,-1,11,-6,6,4,-2,10,-13,-3,5,-2,8,-16,-6,3
94/33,-1,0,3,1,-2,-6,-3,1,4,0,4,-3,-3,-4,-8,6,0,10,3,3,-10,-7,-4,0,17
45/88,0,-3,0,1,-2,4,5,1,2,4,-1,11,4,-6,-11,-10,2,-8,4,-5,-8,-5,15,6,8
-737/6,0,0,-3,1,0,-5,3,-2,-9,-1,-9,-5,-9,10,-4,-2,4,-4,-5,-15,0,-7,3,-12,3
-737/5,0,-2,0,0,0,-6,-4,1,-3,6,-1,-2,-2,8,-7,-3,4,0,-5,16,2,-14,12,-6,13
-46/95,-1,2,0,1,2,-5,-4,-2,-7,4,-1,2,4,-7,2,10,-2,13,5,12,-13,11,10,-2,6
38,-1,-2,0,3,4,6,-3,1,-3,0,2,8,-6,4,-6,-6,-4,8,4,9,-10,11,6,-12,-18
71/20,0,2,0,1,-2,6,4,-2,3,-4,-6,6,-7,-4,4,-6,-11,4,-13,-12,-13,1,-3,-17,14
86/49,-1,-2,2,-5,-3,-6,-3,-2,-8,9,-1,8,12,-1,-6,-7,-11,-5,8,13,-10,-9,-12,1,2
-70/9,1,0,0,1,-1,4,-3,-2,-3,-10,6,-2,2,4,1,-14,-7,0,-11,-12,0,0,3,10,12
61/58,0,2,2,1,-1,-5,3,1,3,-6,-1,-2,1,2,0,-2,6,-13,5,-15,7,10,16,-1,18
-41/30,0,0,0,-5,6,-6,-5,-2,0,-5,1,11,-4,1,11,-9,-11,-5,4,2,5,4,-4,12,8
19/97,0,2,0,1,4,2,2,1,-3,0,-4,5,-5,4,3,-2,-14,-1,8,-13,-5,-8,3,-16,4
92/95,0,2,0,1,6,2,3,-2,-7,-8,0,-7,7,9,0,-3,-2,4,-12,4,8,-6,-7,6,-3
-39/92,0,0,-2,3,-3,-7,-4,-2,0,-1,-1,-8,-2,9,-6,0,-9,-3,2,14,7,-16,2,-1,13
-58/85,-1,-2,0,-5,-5,2,-2,1,-3,-10,0,-7,6,9,-6,6,-7,-5,-10,0,14,4,16,1,12
-67/68,0,2,4,1,4,-5,-2,1,-8,-7,-7,-2,0,6,-6,-2,6,8,-5,-6,0,8,10,-14,-5
-55/53,0,2,0,1,0,2,5,1,6,4,-9,-7,-2,8,-10,5,0,-7,-3,6,7,13,7,6,-9
-49/55,0,-2,0,1,-2,2,-4,1,-3,-8,2,-11,-6,8,-6,-6,10,5,-12,2,12,-14,-4,2,-12
71/5,0,2,0,3,-5,-1,-3,1,-3,7,-1,6,1,4,-2,1,-13,2,-12,-12,-13,-9,-4,-14,1
89/24,0,0,0,-5,2,2,2,-2,-4,-5,-5,5,-7,2,6,6,6,-7,0,5,-11,11,2,-13,-2
-48/7,0,0,0,-5,-5,-5,5,1,-8,-10,-6,-7,12,6,4,-2,0,6,-12,5,11,12,2,6,-6
97/41,0,-2,2,0,0,1,-4,-2,-4,-2,10,-2,6,8,0,-2,-9,2,11,-3,-2,-6,-8,-6,8
-65/86,0,-2,0,1,4,-7,2,-2,3,6,-9,-5,0,-12,8,6,-13,8,14,2,10,0,4,-10,2
-62/89,1,-2,2,3,-3,-5,-1,1,-3,-1,-10,5,-6,12,-7,5,0,1,8,7,7,-8,4,-8,-2
55/21,0,0,0,-5,0,0,4,1,3,-2,1,-7,4,-10,0,6,6,-7,2,0,-14,5,16,6,-14
68/95,0,2,0,3,4,-5,-8,-2,-3,2,3,-2,12,-2,0,6,-11,2,-8,0,12,2,0,2,2
69/94,0,0,2,1,2,2,-6,-2,-7,3,2,-7,6,-7,3,-12,0,-7,-3,4,-1,0,-13,0,-9
-52/95,0,2,0,0,-1,-7,2,-2,-8,-5,-5,-1,0,10,-8,-10,-4,-11,-2,-4,2,-15,2,-1,16
4/87,0,0,2,1,4,6,-6,1,-3,-6,-1,-1,8,-1,-2,11,-7,-2,-13,-3,14,1,11,-6,10
-71/16,0,2,1,3,6,4,2,-2,-4,4,-9,-2,-3,4,3,-11,-14,8,4,-12,2,1,-7,6,-18
65/9,0,0,0,0,2,-7,5,-2,-4,-2,-8,7,-4,-12,4,3,7,10,4,16,2,8,-16,0,11
-173/8,0,-2,1,1,6,-6,-5,-2,6,4,-8,-7,-5,8,-6,-6,-14,2,4,3,4,-14,2,12,2
-95/23,0,-2,0,-5,-3,2,-3,1,0,4,-1,-7,3,4,4,0,0,-2,8,7,-14,5,-7,-10,3
82/97,1,2,4,1,-2,-5,-3,-2,-8,3,-5,-5,-4,2,-6,-6,10,4,-10,6,2,11,-16,6,4
77/100,0,-2,0,1,0,2,-3,1,-3,-8,3,-6,-7,2,12,-6,4,-1,-3,-8,-10,-9,0,-3,-6
17/77,0,2,4,-5,-2,-1,-8,-2,-3,6,-4,10,0,-2,-8,-2,-3,1,-6,0,-4,6,17,6,-2
17/80,0,2,0,0,-1,0,-8,1,1,10,-9,-7,-6,4,-3,-12,6,-2,-8,4,-13,-4,4,-17,8
-25/7,0,-2,0,-5,0,0,5,-2,-8,9,1,10,-6,8,-10,-14,-4,6,8,-3,-4,-4,1,-8,-18
-99/10,0,0,0,1,0,6,-6,-2,-4,6,10,-5,0,10,0,-10,-2,-7,4,5,12,-7,14,-9,-6
-56/99,0,0,4,1,-2,-6,-3,1,-3,-4,2,-2,6,10,0,6,0,-5,8,-13,-2,6,6,-6,-10
-73/69,0,0,-2,3,4,4,6,1,0,-2,-7,-7,-3,-2,-2,0,0,1,-11,2,-11,6,2,-8,-2
-77/68,0,-2,0,1,0,-1,-2,1,6,4,-9,-5,7,8,-8,10,6,-4,9,-1,7,11,3,10,14
84/31,0,0,2,1,-1,-1,-5,-2,-4,9,2,5,6,-10,-10,-3,6,-1,8,3,-6,0,1,10,-14
-505/22,0,-2,0,1,-2,-6,4,1,-4,10,2,-7,-6,-2,8,6,2,2,-12,3,7,-1,17,-15,1
-1009/45,0,0,0,1,-2,1,4,1,-4,-2,2,-2,-5,4,7,-10,-4,-3,2,-9,12,-10,1,1,-2
4/75,0,0,0,-5,0,1,2,1,-6,3,8,-8,-6,2,-6,-7,-11,-1,-10,2,-13,8,4,-1,13
-20/43,0,2,0,0,0,-5,5,1,-4,4,10,-7,-1,-12,12,-6,6,4,-8,-3,-11,-1,-4,4,18
-4/59,0,2,1,0,6,-5,-3,-2,-3,-2,-1,-7,-6,-9,-11,6,10,2,-10,-12,14,8,-3,10,8
-7/29,0,2,2,1,6,0,5,1,6,-6,10,-11,-5,-2,-7,6,-14,2,2,10,4,12,3,12,17
69/17,0,0,3,1,2,2,-2,-2,-7,4,0,-6,-2,10,10,6,-9,-8,10,11,-6,0,6,2,17
-38/91,-1,2,3,-5,-1,-2,2,1,-3,-4,10,10,-6,-6,0,0,-4,-2,11,0,11,-12,-3,-12,7
-91/71,0,2,1,1,2,-7,5,-2,1,6,-1,10,-6,1,12,-2,-7,-6,-14,4,7,-4,10,-13,1
-563/47,0,-2,4,-5,-2,-6,-4,1,1,0,-8,2,-5,10,3,-11,-12,10,8,8,-13,8,4,-10,1
-282/23,1,0,0,1,-3,1,-3,1,0,-10,3,7,-7,2,-8,2,6,10,-2,-12,-1,-14,5,-14,-3
-43/40,0,-2,0,-5,0,-1,1,-2,3,-2,-5,6,-7,-1,-2,-10,-12,8,-7,3,6,13,11,1,18
-37/95,0,2,0,3,-5,6,5,-2,-8,0,-4,-11,0,9,4,5,-7,-2,8,-15,10,0,-16,12,8
11/76,0,-2,0,3,0,2,6,-2,6,0,3,-11,-6,1,4,0,0,-6,5,14,0,-8,12,6,-5
-46/43,-1,-2,2,3,-1,-5,-1,1,-7,-4,-1,-2,-6,-12,-6,7,-7,-4,-12,-4,7,-10,16,-6,16
-51/43,0,0,3,-5,4,2,-8,1,-8,6,10,-5,-5,-12,2,4,-4,13,2,11,7,-14,6,12,7
-43/48,0,0,2,0,-2,2,2,1,-3,9,1,5,-4,-1,-1,-6,-1,13,-10,12,0,-14,-5,0,14
41/54,0,0,1,-5,-2,2,-3,1,6,-8,-1,-7,-4,6,-4,1,0,1,-12,-15,-10,10,-16,6,-5
-40/99,0,0,0,1,-2,-5,-6,1,4,4,-1,-6,-4,6,8,3,4,-2,-2,6,0,-7,4,0,-14
-78/67,-1,0,0,-5,6,-7,-1,1,-6,4,3,11,-6,1,-3,-6,4,-3,0,5,-1,10,4,6,2
35/9,0,0,0,1,6,2,-6,1,-3,7,-4,-2,0,1,-10,-6,-7,4,4,6,12,12,-7,-7,2
103/23,0,-2,0,1,-3,-1,2,1,0,6,-1,11,-2,4,-3,6,-7,4,-10,16,11,-15,-8,9,-14
69/25,0,0,0,-5,-5,-1,5,1,-7,3,-10,-7,-4,-9,-8,9,-12,-12,5,-12,-10,1,3,-8,8
68/23,0,2,0,1,-1,6,-8,-2,0,-5,2,10,-3,12,12,-4,4,-13,-14,15,2,12,2,18,13
71/72,0,0,3,-5,6,6,2,1,-6,5,-10,-7,-6,-2,-11,-10,0,5,-12,-12,-13,8,6,-2,8
46/41,-1,-2,4,3,-2,2,-4,1,-7,0,8,-6,6,4,-6,-7,6,10,1,-5,-10,-8,0,2,1
7/27,0,0,0,1,0,6,3,1,-9,4,6,-2,6,-1,4,-2,11,5,-14,3,7,8,3,3,-19
-10/91,1,-2,0,-5,-3,-2,-3,1,6,-5,-5,-5,6,-2,11,3,-2,-11,-14,-15,5,-6,0,-6,-14
-8/91,0,2,-3,-5,-5,-2,-1,1,6,-1,-10,-6,-1,8,1,11,4,10,-11,8,-7,0,12,0,13
79/28,0,2,3,-5,-3,6,4,-2,6,-5,0,-7,6,-9,0,-3,-13,-1,-3,-15,10,4,7,6,-14
-61/59,0,2,4,3,-3,-5,2,-2,-3,-8,1,-7,6,9,-6,-12,10,-13,5,-5,-14,11,4,-8,18
-51/59,0,0,0,-5,-5,0,-8,-2,1,6,8,5,-5,8,-11,6,10,-13,8,3,2,10,16,0,-5
-28/31,0,-2,-3,1,-2,2,5,1,6,6,2,-2,-1,12,6,-3,0,-1,4,3,-11,6,-3,12,12
102/97,-1,0,0,3,-3,-5,-8,-2,6,4,1,6,2,8,1,-10,6,13,9,-12,-4,-10,3,9,4
-14/45,1,0,0,1,0,0,-3,-2,4,10,1,2,-6,-10,0,-3,0,-7,8,0,-8,-4,-11,18,-2
45/58,0,-3,0,-5,-3,2,-3,-2,-8,-6,3,10,-3,10,1,10,-14,-1,-6,-1,-13,4,6,-6,13
-4/199,0,-2,1,0,4,6,5,1,1,4,-1,-2,4,7,0,-4,-4,-2,-12,-15,8,8,1,-1,-18
41/39,0,0,1,-5,4,-2,5,-2,0,6,-5,10,-4,-2,0,6,-1,5,2,-9,-2,-16,-7,-6,10
103/2,0,-2,2,1,-1,-6,-4,1,-8,-5,-5,5,-1,6,0,-2,6,-5,0,13,2,-6,10,-3,12
29/47,0,2,3,3,2,0,2,1,2,-10,-9,2,-9,-6,3,-14,-4,-4,-11,5,-6,10,-3,1,-2
-17/951,0,0,-2,3,-5,4,-8,1,6,-1,3,-2,3,12,0,1,4,13,2,6,0,1,-4,18,14
-14/951,-1,0,0,1,2,-6,2,1,0,-5,-1,-2,-4,1,-7,-10,6,-5,-14,-15,-16,-16,-6,6,13
-13/293,0,2,2,1,2,-7,4,1,2,6,10,6,8,8,-2,10,-11,-8,4,9,7,-1,-4,6,11
-4/97,0,-2,3,-5,-1,-5,5,-2,-3,-5,1,-3,-6,2,-10,-10,5,-1,-2,-12,12,-8,0,6,4
98/33,1,0,4,1,-2,2,-3,-2,-9,10,10,-1,-9,8,10,-9,2,-1,-4,-6,-1,-8,-3,1,2
102/31,1,0,2,1,-3,2,-8,1,3,6,2,-7,-9,-1,0,-7,11,-5,14,2,-13,9,-3,-14,-10
64/87,0,0,-2,-5,-1,2,5,-2,-3,-6,1,-7,12,8,7,-7,-11,6,-12,12,2,-14,-3,2,-2
70/87,1,0,0,1,4,0,4,1,-3,-6,-5,-1,-6,2,6,-2,-4,5,4,-15,-9,5,0,12,-14
-91/54,0,0,4,1,-2,-7,5,1,-8,4,1,7,-3,1,1,-3,-14,13,2,-12,4,-8,4,-3,0
-24/31,0,0,4,1,-5,1,-3,-2,-4,-5,2,-8,0,4,0,-4,-4,13,5,6,0,1,3,-14,11
-1994/3,1,0,0,-5,6,6,-3,-2,6,-5,2,2,-6,4,6,6,6,2,4,-13,-6,-11,2,6,-14
-665,0,2,0,1,2,4,5,1,6,-7,8,8,8,1,10,-10,-4,1,-4,-9,-13,10,12,0,-18
-64/69,0,0,1,0,0,2,-3,0,0,10,-9,6,0,0,-6,-6,-4,1,-14,-9,-5,11,12,-1,-6
-31/26,0,2,1,-5,2,-2,-5,0,-3,7,-10,5,0,-6,0,10,-4,8,-11,6,6,-10,12,2,-7
-64/47,0,2,0,-5,0,-5,3,-2,-3,3,-9,8,3,2,3,1,-7,-8,-12,11,-14,0,17,-13,2
57/62,0,0,0,1,4,6,3,1,-3,6,2,5,8,10,13,-10,0,-8,-12,-15,0,6,2,6,-6
-43/14,0,2,0,-5,-3,-1,2,0,-3,0,-1,2,0,-1,0,-2,0,-2,0,-1,12,15,0,-1,-9
-89/28,0,2,-3,-5,0,2,6,-2,-9,-7,-5,2,10,-1,3,6,-1,0,11,-9,11,6,-6,-13,2
-22/45,1,0,0,1,0,-5,5,1,-4,-3,-7,-7,2,-9,7,6,0,-1,12,11,11,4,-3,6,-14
-17/60,0,0,0,0,-5,-6,-8,-2,3,-4,-2,-7,6,10,-8,6,-12,-6,-8,-12,4,-9,3,8,13
69/14,0,0,4,-5,-5,-5,5,1,-7,6,4,-10,-7,12,-6,-2,-13,6,3,-8,-2,9,12,-10,-14
97/20,0,-2,0,0,-5,6,-3,1,2,6,-7,-2,-1,8,-4,-12,-2,10,-14,-15,-1,13,15,-6,8
-2/83,1,-2,4,1,4,2,4,1,-3,6,-7,-2,-9,9,1,9,-1,-4,8,14,-1,12,-16,-6,-18
12/65,0,0,0,1,6,-2,-3,-2,-4,10,-10,10,12,0,13,-3,-2,-5,-14,-13,4,13,2,6,17
99/29,0,0,4,0,0,6,-3,1,-3,-6,-4,-7,-7,-3,-6,6,-4,-13,12,16,-5,1,9,-6,-14
-42/79,1,0,0,1,-5,2,1,1,-3,-1,3,7,-6,-4,-11,-2,-4,6,-12,-7,-16,-8,12,-2,8
82/83,-1,-2,1,1,6,-6,-1,1,-9,2,-4,-2,-4,6,-11,-2,2,1,-3,3,-5,-14,-16,-1,8
-26/75,1,0,0,1,-1,-7,-5,-2,3,6,-4,10,-2,-6,0,7,-5,-2,-3,6,7,10,-4,-7,-7
-104/41,0,-2,4,1,0,-7,1,1,3,4,-6,10,6,4,-2,-2,-4,-12,11,4,-13,15,-4,-8,-12
-103/38,0,2,1,3,0,6,-3,-2,6,-3,3,-2,-9,-12,2,4,13,4,-14,0,-14,8,-6,6,-18
-47/49,0,2,-2,-5,2,6,5,-2,-3,-7,6,-6,-4,7,-8,-2,-10,-1,5,-4,-9,-11,6,-9,12
-65/41,0,-2,0,1,4,-7,5,-2,-3,-8,-5,-6,6,7,-7,-3,-1,-10,-5,0,-4,-1,8,6,-3
71/14,0,2,2,-5,0,-6,3,0,6,5,-7,10,6,4,-8,-10,-4,1,-10,-12,-5,-7,17,18,0
-81/50,0,0,0,3,-2,-5,-3,-2,-4,0,1,-2,8,-1,4,-2,11,13,4,0,-10,-14,10,5,2
-57/10,0,0,0,1,-1,-6,-3,1,-3,5,4,6,2,4,-8,6,6,1,12,0,7,0,6,-1,-2
-45/68,0,-3,0,-5,4,4,-2,1,-4,10,-1,2,-6,0,-6,11,-1,-4,-11,-2,7,1,0,3,6
-43/10,0,-2,0,1,6,2,5,1,-8,4,-5,6,6,-1,-6,-3,-3,10,4,-4,-8,-6,-6,-16,18
64/21,0,0,2,-5,-1,-5,3,-2,4,0,6,5,-6,-6,-8,-6,0,4,11,-9,-4,9,0,6,8
-80/33,0,0,0,-5,-2,-1,6,1,-3,0,-1,-7,10,12,-8,-14,0,1,4,-9,-13,9,0,1,-9
-36/29,0,0,0,1,0,2,2,1,-8,-6,10,5,3,8,4,6,-4,13,10,-5,14,4,10,12,-10
52/33,0,0,1,1,-2,-7,3,0,-9,9,-9,-11,-6,-12,-7,6,6,-2,-12,7,11,6,6,-14,-5
55/34,0,2,0,0,0,0,-2,-2,-3,4,-1,-1,-9,-1,-7,-2,6,8,-12,-1,-13,-15,6,-9,14
-73/36,0,0,3,-5,4,6,-5,1,-3,-7,-10,7,-1,6,0,-4,6,-11,12,6,-11,11,2,-7,14
-91/93,0,0,0,1,2,-7,6,-2,-3,0,2,-2,-4,6,0,9,4,2,-12,10,7,13,6,6,2
-89/93,0,0,0,0,-1,2,-3,1,-8,3,2,10,-6,-6,-8,-3,-4,-8,-14,6,-2,9,-3,-13,-14
-75/61,0,0,0,1,-3,-1,4,1,6,-2,-9,-7,0,10,0,-4,-4,-4,-2,2,2,-8,12,6,14
-91/58,0,-2,-3,1,6,-7,-3,1,6,-6,0,-2,7,-7,-6,1,-4,-2,8,6,-1,-8,16,0,8
-33/13,0,0,2,-5,0,-2,-3,1,-3,6,2,-1,-4,-7,-10,-4,-2,4,-2,4,4,1,2,6,-9
-89/104,0,-2,2,-5,-1,-2,5,-2,2,-4,6,10,8,8,-8,6,0,-10,-12,-12,14,1,0,-13,-6
-91/106,0,-2,2,1,0,-7,1,1,-3,-5,-2,5,2,-9,-8,5,-12,6,8,15,10,-10,0,0,14
91/6,0,0,0,1,2,-7,4,1,-9,7,1,-7,-7,12,0,-10,-7,-1,11,-4,-8,0,8,-6,8
-61/84,0,0,4,-5,4,-5,-1,1,-4,4,-2,-2,-1,4,8,6,0,-13,1,-15,7,-6,4,-6,11
17/50,0,2,0,3,-5,4,-8,-2,6,4,-9,10,-1,2,6,0,4,-13,4,-9,-2,4,12,-6,3
17/48,0,0,1,-5,4,6,-8,1,-4,6,2,-2,6,-12,0,-2,-11,0,8,-12,0,0,15,4,2
12/41,0,0,3,1,4,-6,-4,1,-6,4,-9,-2,6,4,0,0,0,-11,8,8,2,-14,0,-2,3
-93/89,0,0,0,0,2,2,5,1,6,-8,-10,-5,6,-12,0,1,-5,2,12,5,-2,10,3,-8,-13
-93/88,0,0,2,3,-2,-5,2,1,2,2,-10,5,-6,-6,8,-2,11,-3,14,8,12,8,-16,6,2
-1/73,0,-2,0,1,-2,-5,-1,-2,-8,-1,-1,8,8,-4,6,-2,-2,-1,12,-15,-6,11,-4,-9,-1
-86/7,-1,2,0,-5,4,2,6,1,4,-2,2,-6,-6,-1,0,6,-4,6,4,-12,6,8,8,0,-12
-66/59,1,0,2,1,0,4,-3,1,6,0,-1,-10,10,-12,-6,6,10,-2,8,-15,-7,12,-6,6,2
-26/43,1,2,3,1,-3,-7,3,-2,-3,2,3,-2,4,-12,-10,-2,11,-2,-10,0,6,-8,6,0,8
-102/41,1,0,2,-5,-5,2,-8,1,6,-4,-9,-6,6,12,0,-3,6,0,0,-6,10,10,6,1,14
-7/86,0,2,0,1,0,-5,-1,1,-3,6,2,-2,-4,-12,-8,1,-5,1,-2,13,4,8,-3,-14,-4
-70/27,-1,0,0,1,0,-5,-1,1,-8,-4,-6,10,-6,10,-6,3,2,-11,8,11,-13,-14,4,6,8
-94/87,-1,0,0,1,2,-5,-3,-2,-3,-6,-9,10,-6,6,-8,-2,-4,-3,-12,4,4,-14,-4,0,-9
-91/87,0,0,3,1,-2,-7,2,1,-3,-6,1,-6,-1,4,1,-6,2,-1,-4,0,7,11,-16,-6,-14
20/91,0,-2,0,-5,-2,-2,-4,-2,-8,-4,-8,7,6,-1,6,-12,1,-5,-8,2,-16,13,-13,-13,-19
53/865,0,-2,0,0,2,0,3,-2,1,4,3,-2,3,4,-10,-10,0,-1,-3,-2,4,10,17,-8,0
55/866,0,-2,0,-5,0,0,-3,1,-9,-5,10,-5,-1,4,-6,-10,0,8,4,13,-2,-14,-16,-7,14
-50/59,1,-2,0,1,-3,-5,5,-2,-3,-5,-9,-6,6,-1,-6,-2,10,2,5,13,11,8,15,18,18
47/20,0,2,0,1,-3,1,-1,1,-3,-1,2,-5,-4,-1,-8,-7,8,-10,4,4,11,-9,6,9,12
-20/71,0,-2,0,0,4,2,3,1,-3,2,0,-5,0,6,0,1,0,5,-6,4,-4,8,3,10,1
-19/72,0,0,-3,0,2,2,-3,1,-3,0,-9,-6,1,1,-7,0,0,4,5,0,6,-10,8,4,-14
-26/49,-1,2,2,-5,0,-7,-3,1,-4,3,-6,-8,-9,-4,1,-11,-4,1,-14,-4,10,4,0,-17,18
-27/7,0,0,2,-5,-3,4,4,-2,2,0,-5,-8,-7,4,0,-12,-4,4,2,-4,-2,-9,-3,0,-7
-53/15,0,0,0,3,2,-6,4,1,-8,10,-9,-1,8,7,6,-10,-12,1,-14,-1,4,11,12,-12,-9
38/69,-1,0,0,-5,0,1,-3,1,0,3,2,-7,6,-6,12,10,-4,-11,11,0,2,-6,2,-3,12
43/68,0,-2,2,3,4,2,-2,1,-8,9,-6,7,0,-1,7,6,-9,2,-12,-9,11,-10,-3,-12,11
-1/175,0,-2,0,-5,-5,0,-1,-2,6,0,8,2,7,-7,-3,6,-14,-5,-2,2,-9,-6,14,-6,12
-3/352,0,0,0,1,-2,2,-3,-2,-6,0,3,-1,-6,2,12,6,-9,-8,2,2,11,10,-6,-14,-10
-4/75,0,0,0,1,-1,2,2,1,3,10,-1,5,-3,8,4,1,4,-7,12,-8,-6,0,-4,-10,-5
-86/13,1,2,2,1,-5,-2,-3,1,0,0,-1,-5,1,-1,0,-4,0,-7,-7,-7,1,8,-5,12,-3
101/100,0,-2,0,-5,-1,-5,-4,1,0,10,1,10,-6,-2,6,-2,-3,1,4,11,-6,-6,4,-15,13
50/51,-1,0,0,-5,-3,0,-2,-2,6,-8,10,-6,-6,-6,0,6,-4,-13,-11,-9,0,-8,-3,-7,8
100/19,0,2,0,1,4,-5,3,-2,-8,3,-6,-2,-4,10,-10,-9,10,2,4,13,-7,-6,-3,-10,-3
22/87,1,0,4,-5,0,2,5,1,4,-6,8,5,-4,-2,0,6,4,1,3,8,12,-1,8,9,-18
43/81,0,0,2,1,0,2,-6,0,-8,-5,1,-7,-9,-1,3,-9,0,-12,-13,5,-13,-10,1,10,-1
44/79,0,-2,0,0,0,-5,-3,1,-3,0,10,-1,12,-4,11,6,-14,10,4,-15,14,-8,6,-14,8
72/97,0,-3,2,-5,0,6,-5,-2,-9,9,10,-5,0,6,-8,-2,4,2,4,-15,-8,-1,-12,6,4
-6/47,-1,0,0,3,0,-1,-1,1,-8,3,10,6,12,4,3,-3,-14,-3,2,-3,11,-16,-3,10,-2
-7/103,0,-2,4,1,-5,6,-1,-2,4,-4,-8,-11,0,6,0,2,2,-2,1,-1,2,-16,-15,6,-6
-80/77,0,-2,0,-5,-2,0,-1,1,-3,-5,-5,6,6,7,1,-11,0,-13,-14,-12,-14,1,4,-6,-2
-76/79,0,-2,4,-5,2,0,1,1,-4,-3,2,10,-9,-6,-6,1,1,-4,5,15,-7,-8,12,18,-6
73/90,0,0,0,-5,0,-5,4,1,-8,-4,8,-6,-5,1,0,0,-4,1,2,14,-11,10,14,-4,18
-8/29,0,-2,-3,1,-1,-6,2,-2,4,-6,-10,8,4,-10,6,6,6,-1,-4,-12,5,-16,-16,10,-4
-78/7,-1,0,4,-5,-2,-7,4,1,6,6,3,-5,-3,4,6,-14,-9,-2,10,-8,-6,-9,12,0,-7
83/20,0,2,0,0,0,2,2,-2,-8,2,0,-1,-9,4,-10,6,-4,-13,-12,6,-8,8,0,-15,-5
-58/13,-1,-2,2,1,-3,-2,-5,1,-3,-10,8,-11,-6,-2,4,2,-5,-10,12,2,-4,-10,-3,0,12
-21/80,0,0,0,1,-3,-1,5,1,-9,5,-10,-2,-1,-4,0,-9,4,4,11,-9,-13,-14,0,-14,-1
-29/68,0,-2,-2,-5,-1,6,-2,1,2,-10,-8,10,-6,-1,0,-2,8,-8,4,-4,4,-4,5,10,8
-43/72,0,0,4,3,-1,-5,-6,1,-3,0,-5,-2,-2,-1,1,-12,13,-1,12,8,-2,1,12,-10,-2
-35/44,0,-2,0,1,-2,-6,2,-2,2,-5,-1,-3,-7,12,-6,-6,6,-11,11,-6,8,0,6,-12,9
-71/36,0,0,2,1,-1,0,1,-2,4,2,1,-10,1,-1,-6,-4,0,1,8,-12,6,4,-4,6,-2
-31/69,0,0,2,3,0,0,2,1,0,9,-10,-2,2,-6,12,6,-5,-10,0,-15,10,10,1,6,-2
26/27,-1,0,0,1,-2,-7,-5,1,6,4,-5,11,-5,-10,0,0,-7,-2,4,3,0,12,-13,2,-4
18/61,1,-3,0,-5,-2,0,6,-2,-3,-4,-9,-5,-6,-6,-6,6,11,-4,-11,5,4,8,12,-15,-13
-30/107,-1,0,0,1,6,1,5,-2,-8,9,-1,2,-9,-6,0,-4,-4,2,5,-5,12,-10,0,10,9
-61/39,0,0,2,-5,6,-2,5,1,1,7,-10,-7,10,-1,6,1,4,-13,-6,4,14,4,4,3,18
-44/95,0,-2,0,3,0,0,3,-2,-6,0,-5,-8,6,-10,-7,-14,-7,4,10,-8,-6,-4,-4,-1,2
1/78,0,0,2,0,-5,-2,6,-2,6,4,-6,-6,10,8,0,6,2,6,-14,-12,8,8,-10,-17,-3
3/77,0,0,2,-5,-2,2,-5,-2,-3,7,-7,8,-3,-7,-2,2,0,-13,2,7,6,11,4,-2,8
47/91,0,-2,2,-5,-5,-2,2,1,-4,3,1,10,4,-6,-8,-9,0,6,2,4,-2,8,-15,12,8
-59/89,0,-2,1,-5,4,2,5,-2,1,3,2,8,2,4,10,-2,-12,-3,-12,-7,-4,0,-6,-8,-3
-9/34,0,-3,1,1,-1,6,-2,-2,6,-2,-4,-2,0,-6,-4,2,6,2,-2,0,11,8,2,-9,-18
80/17,0,2,0,0,2,6,-2,-2,6,5,3,5,-3,6,1,-2,-4,1,8,14,7,-10,12,9,8
61/101,0,-2,0,-5,-2,2,1,-2,-8,2,-9,-2,-6,2,4,10,6,-13,2,-9,-4,6,-3,2,13
72,0,-3,-2,1,2,6,-3,1,-8,3,1,6,-1,1,0,3,-4,-4,-4,2,1,13,6,18,-7
-43/59,0,2,-3,1,-2,-5,4,-2,6,6,-10,-6,8,-1,-11,-4,10,-7,-11,-9,4,-10,3,-7,10
-14/293,1,-2,0,1,0,4,2,-2,6,-4,1,-2,6,5,-7,-4,0,-7,12,14,-4,15,17,6,-14
10/81,1,0,0,1,0,6,-5,1,-4,-5,-7,-8,-1,-2,8,6,-4,4,-4,2,14,-5,-16,-1,-2
-52/7,0,-2,2,-5,-1,-7,6,-2,-3,-4,-4,-5,6,7,12,-6,0,-2,4,16,-8,-8,-16,6,-13
54/91,1,0,1,-5,4,-2,-4,1,-3,0,-10,8,1,7,-3,9,6,10,11,-12,-8,5,6,0,13
65/42,0,0,0,-5,2,-7,-5,1,-3,-4,-1,10,-3,8,1,-4,-7,-5,5,-8,-1,4,8,10,-9
35/61,0,-2,0,1,-3,2,6,1,6,-7,-9,-2,-6,4,-4,-9,-4,-4,4,-9,2,-11,-8,-1,12
30/61,-1,0,0,1,4,6,2,-2,6,10,2,6,-7,8,-3,6,-11,-4,-6,-12,14,-6,0,6,-4
-63/20,0,0,0,1,-3,-5,-3,-2,-8,6,8,-3,3,10,-6,-4,-4,1,-13,2,-8,-8,11,10,-10
87/71,0,0,-2,3,-1,-5,6,-2,-3,-10,-1,-2,-9,4,-2,-6,6,-1,-4,4,-16,8,-8,-13,2
87/70,0,0,0,-5,0,6,4,-2,6,-10,2,-1,3,12,8,-6,-12,8,-10,5,8,4,6,18,18
94/63,1,0,0,-5,0,-5,2,-2,-3,9,2,-2,6,4,-8,2,0,2,-3,0,0,-1,-5,-16,-2
-101/34,0,2,0,3,0,0,-2,-2,6,5,10,-7,8,8,-6,3,-14,1,4,8,-2,-1,12,-1,-7
-103/58,0,-2,2,0,2,4,6,-2,-3,-6,10,10,1,-3,-8,6,4,10,11,-12,-13,8,12,12,-6
-53/54,0,0,3,1,0,-6,2,1,6,-4,-9,5,-6,10,-4,-10,-10,2,-14,-12,2,15,12,-8,8
-18/539,1,-3,0,-5,-2,2,1,-2,1,4,-1,-2,-6,12,-8,-6,-12,10,-14,14,2,-15,4,-14,-2
-47/81,0,0,0,-5,-1,-6,3,1,-8,5,-1,-7,1,-6,-8,-14,6,-10,12,-9,-13,8,-6,-8,-5
-79/11,0,2,0,3,-2,6,3,-2,-4,-4,-8,10,-5,7,-6,1,-7,-2,-4,9,10,4,2,6,-2
38/3,1,0,4,0,0,-5,1,1,-3,5,1,-7,12,2,0,1,0,-2,-14,-5,-8,12,0,18,18
89/55,0,-2,0,1,-2,-5,4,-2,-3,0,-5,10,12,7,0,6,6,-11,-10,-12,2,13,-6,-13,-3
-99/37,0,0,-3,3,0,-5,4,1,3,9,1,-8,0,4,-8,3,0,-1,-3,3,7,-14,4,18,3
42/73,1,0,1,1,2,0,2,1,-4,-8,2,-3,8,-4,0,6,5,8,2,-3,-6,13,8,3,7
78/55,1,0,0,1,-2,-7,5,1,-3,5,3,6,-4,7,0,-2,0,-3,-13,12,-14,-15,14,-14,0
76/55,0,2,0,0,-2,-5,-6,1,3,2,-4,5,2,6,-2,-6,7,6,5,4,12,-12,2,3,5
-11/101,0,-2,2,0,0,-5,5,-2,-3,6,10,11,12,2,13,-12,0,2,12,-1,-13,12,-6,10,17
-8/99,0,0,-2,1,-2,6,2,-2,1,0,-5,10,-6,-4,0,-2,-4,-5,4,8,-10,1,4,-8,-1
-68/27,0,0,0,-5,-3,2,-8,0,2,-4,8,6,12,9,0,-4,0,2,-6,-12,0,-15,12,-12,10
51/98,0,0,-3,-5,-3,4,-8,-2,-4,-7,-10,-5,6,9,2,-10,-12,-11,6,4,5,10,1,1,-3
11/27,0,0,3,3,0,4,-3,1,-4,0,-5,-5,6,4,-10,-9,-9,-5,2,8,10,-15,-4,-3,-2
-606,1,0,1,3,6,-5,-5,1,-3,5,-1,5,8,-3,12,-4,-4,-13,-11,-9,-13,4,-3,-8,8
-609/2,0,0,-2,1,0,2,-1,1,2,-10,-8,-5,3,-6,2,-10,-1,4,-11,-2,4,-6,6,-3,6
-14/53,1,-2,-3,1,4,6,-1,-2,-8,-8,-5,10,-2,4,-3,5,6,-6,12,8,-13,5,4,9,8
-27/47,0,0,2,3,-1,-5,5,1,-9,9,-1,8,6,-1,3,-2,-7,-2,8,-8,7,13,-7,-3,11
57/46,0,0,2,1,-5,2,-4,1,0,-5,1,-1,-5,-10,6,9,2,-7,4,-6,11,12,0,-12,-6
55/46,0,2,0,-5,0,-6,-5,-2,0,6,-1,10,-1,-1,8,-4,8,1,-8,10,-11,-6,0,-3,2
62/41,-1,2,3,0,4,-5,-3,1,2,10,-10,-10,6,-12,0,-2,9,-5,2,11,7,-16,-4,-6,10
35/89,0,2,0,1,-1,0,-3,-2,-9,5,1,11,-6,-1,10,-4,-9,2,-10,-13,-11,4,1,-8,-2
88/31,0,2,-3,1,0,0,3,0,3,6,2,-5,-3,8,-6,-6,0,-12,-4,10,2,-8,-3,-6,-1
91/30,0,0,0,1,6,-7,1,-2,-3,-2,-6,-11,-4,-10,8,-4,4,10,-12,-7,-4,-10,4,6,-6
-24/25,0,0,0,0,-2,4,2,1,3,-4,-10,10,-7,6,-11,6,-7,-5,-8,8,-8,0,15,-3,1
98/3,-1,0,0,1,4,4,-1,0,6,2,3,-2,-3,-1,0,-3,-4,1,2,13,2,15,2,3,1
48,0,0,-3,1,-3,-1,2,-2,6,3,8,10,-9,2,2,1,0,-3,3,-7,4,-16,6,10,-13
61/29,0,-2,2,-5,-3,1,5,1,4,-6,4,-10,-6,7,0,-3,-2,-13,-2,6,7,6,-4,3,-10
31/13,0,2,-3,-5,6,-2,2,-2,-3,-10,-10,-6,2,4,12,-3,6,-12,5,-4,-13,-6,-11,0,-14
-41/53,0,-2,2,1,-3,4,2,1,0,3,-1,-7,-4,-1,2,5,6,6,-2,3,-1,8,-6,-16,-14
1/51,0,0,2,-5,0,6,-2,-2,4,-2,-1,-2,0,2,-8,-4,6,1,-2,-15,-5,6,-5,-3,-5
-15/73,0,0,0,1,-5,1,2,1,6,0,-2,-2,-4,8,0,-2,-1,10,5,8,-6,8,-3,10,10
-79/28,0,-2,3,-5,4,-6,3,1,-8,0,4,-2,6,7,11,6,13,-13,9,8,-9,4,9,-7,2
-85/79,0,-2,0,3,4,-6,-8,1,-8,6,-9,-7,-6,-4,6,-9,7,-10,-12,13,-6,-8,-4,3,-1
-84/79,0,0,1,1,-1,6,2,-2,6,-2,6,6,4,-12,-6,10,-4,-11,6,6,-4,-8,2,6,10
97/9,0,0,-2,3,-5,-5,1,1,-8,3,-4,-5,-4,-4,-11,0,-3,-13,3,3,2,0,1,1,8
50/67,-1,-2,0,1,2,6,4,1,-8,-5,1,2,-3,4,-4,-6,-2,-10,0,16,-5,4,-4,-2,2
59/29,0,2,4,3,6,4,6,1,2,-6,8,-7,-3,2,-6,5,-12,-10,-4,-15,-13,-10,-6,6,-10
21/10,0,0,0,1,-5,-6,2,1,-3,-4,1,-6,-9,9,-6,6,1,-8,-2,3,4,-12,2,10,17
-93/34,0,0,-3,1,2,1,-2,1,6,6,-10,-1,6,-3,-6,-4,4,-6,8,0,-13,-14,8,0,-4
-66575,0,2,0,1,0,4,2,0,6,0,-9,-7,8,-9,-8,1,-11,1,5,16,-16,-7,0,-12,-1
-97/99,0,0,-2,0,-2,-1,-3,1,-9,-2,-1,-2,6,-10,6,6,-2,-3,8,4,8,11,2,-8,8
19/69,0,0,2,1,6,-5,-6,1,0,6,4,10,6,4,-7,-2,-2,-2,-12,15,4,5,12,10,-14
1/8330,0,-2,0,-5,-3,-5,-2,1,2,-2,-2,-2,1,-4,-10,-10,-4,-1,-11,-12,2,-8,4,3,8
-1/4164,0,0,0,0,0,1,4,1,-4,-5,3,-11,6,4,12,-4,-13,-10,8,5,4,10,-16,18,-18
84/97,0,0,-2,1,-1,2,1,1,-8,7,-8,-1,-7,6,0,-4,-2,1,-12,7,5,6,4,12,4
-2/121,-1,2,0,1,-2,-6,3,1,-3,-5,3,-7,-6,7,-2,-2,0,2,-6,-4,-8,-16,6,5,8
50/41,1,2,0,1,0,6,6,1,-3,0,-5,-1,6,-6,0,-10,-14,6,-10,3,-8,11,3,-15,-6
37/41,0,-2,3,-5,2,6,5,1,3,7,-9,-11,6,10,-2,3,0,-4,4,-15,-13,-6,15,3,8
-30/59,-1,0,0,-5,0,-5,-4,1,-8,0,1,10,-6,-4,0,1,10,-2,-10,9,12,-4,4,-6,10
-81/16,0,0,2,-5,0,6,-3,1,-3,-2,-2,-7,-6,10,8,-6,4,10,-12,15,-7,-15,12,6,8
14/71,1,2,2,1,4,4,3,0,3,10,-5,-7,-5,-2,0,6,-9,8,4,4,-16,0,0,8,-10
48/391,0,0,2,0,0,-1,-2,-2,0,7,-9,-10,8,-12,3,5,-14,-10,8,6,-13,9,-16,6,-6
97/780,0,0,0,1,-1,-2,5,1,-3,4,2,-7,2,4,13,6,6,10,-2,-9,-4,-10,5,3,8
68/21,0,0,-2,-5,0,0,-8,1,1,-4,10,-2,0,-10,2,-2,-4,2,5,-8,-10,11,2,-9,14
-5/89,0,-2,0,1,2,-1,2,1,-8,-5,-5,-8,-1,2,2,3,9,2,8,-15,-4,12,5,-8,10
15/389,0,0,0,1,-5,4,4,1,0,2,1,-6,-1,1,-8,-2,-4,5,11,-12,0,5,15,-14,-6
-48/23,0,0,1,-5,4,1,-4,-2,0,-5,6,2,-4,7,4,-2,-2,1,-6,2,-7,10,12,2,10
4/35,0,-2,0,-5,-1,6,-3,1,6,7,2,6,0,8,-11,1,9,6,8,4,2,4,-4,-14,2
19/8,0,-2,3,-5,-5,-5,-3,1,3,-4,-1,10,4,4,4,10,-1,-2,-14,6,4,-10,1,-16,2
81/34,0,0,2,3,-3,0,-2,-2,-4,6,-9,-5,1,5,2,-11,0,-6,16,-4,10,-10,4,-8,-3
55/39,0,0,0,-5,0,-2,5,-2,6,7,3,-7,-3,4,-8,-3,6,6,-3,7,2,-16,0,6,-2
-61/81,0,0,1,-5,-3,2,5,-2,-6,6,10,5,6,4,-10,-4,6,-13,-3,2,-10,4,6,2,2
-63/82,0,-3,0,1,4,6,-3,1,0,4,8,-1,6,2,0,-6,-10,-6,-5,-9,-16,-14,-7,6,2
-57/617,0,0,1,1,0,2,-4,1,-4,4,10,2,-2,-2,8,1,-9,6,-4,-15,-13,9,-10,12,-6
-40/33,0,0,0,1,-2,4,-5,1,-9,3,3,-5,-6,-1,0,-6,6,-7,3,13,-16,6,12,6,10
-390/11,-1,0,0,-5,-2,-7,2,1,-8,-5,-10,-2,0,12,-7,-11,6,-11,-6,12,0,-7,-16,-8,13
-76/67,0,-2,-2,1,-5,2,-3,1,-3,-1,-1,-3,6,-1,-6,-10,-1,6,0,3,-8,15,-9,-1,-5
31/11,0,-2,4,1,-2,-5,-4,1,3,4,-10,5,-6,4,6,-6,10,2,8,-7,-7,-12,-10,8,14
-23/270,0,0,0,3,0,6,2,1,-7,7,6,-2,-1,8,0,-10,1,-7,-11,-4,0,1,0,-2,2
-27/272,0,0,2,1,0,2,-2,1,-3,4,-9,-2,10,4,0,-12,-14,-5,-3,8,-9,5,7,10,-5
-14/97,1,2,0,1,4,0,-3,1,3,4,3,8,10,6,7,-2,7,-5,11,4,14,-14,12,1,4
-77/90,0,0,0,1,0,6,2,1,0,9,-5,-5,6,-1,-11,6,-4,4,8,0,-6,13,6,10,10
-47/12,0,0,1,1,0,-5,-5,1,-8,9,-5,-6,6,-7,-8,-2,0,-7,1,-1,-5,-15,0,10,-12
-3813/2,0,0,4,0,-1,4,-5,-2,4,6,-10,7,-4,8,0,6,-9,-2,10,-6,0,-15,-13,-3,-12
-3813,0,0,-3,1,-3,-1,6,1,-3,6,-10,6,-4,-7,0,1,6,8,8,-3,14,-14,2,-17,8
23/33,0,0,4,1,-2,6,5,-2,-7,9,-9,-7,-2,4,-8,6,-11,-6,4,3,14,12,2,-6,18
-20/97,0,2,0,1,6,2,-3,1,-9,-1,-9,-8,7,-4,6,-2,-11,13,2,-9,7,-9,14,3,4
100/11,0,-2,0,-5,-2,0,-5,1,3,-5,-9,7,-3,-1,8,-6,0,5,10,3,-1,-4,-16,-6,13
-13/49,0,-2,0,-5,-3,-7,5,1,3,-3,2,10,-3,2,0,6,0,-8,-11,-12,14,-10,-15,-3,7
-14/85,1,2,0,1,-5,4,-2,1,6,6,-7,6,8,-7,-8,3,6,4,-10,-8,0,2,-4,10,-12
-11/370,0,2,0,-5,0,-1,1,-2,2,3,-8,-8,-4,12,0,-9,5,1,8,12,2,-6,14,18,14
-93/2,0,0,0,1,-2,6,-3,0,3,-8,-10,-7,2,-6,-8,-11,-12,-7,-10,-5,-5,13,-16,-6,10
-91,0,-2,2,1,0,-7,5,1,-3,-2,-6,-7,8,4,-7,-3,10,4,-12,-15,-2,9,1,-6,14
-16/63,0,0,3,-5,0,-5,-1,-2,6,7,0,-7,3,-4,-8,10,-2,1,11,-1,7,0,12,10,-19
-77/83,0,-2,4,1,0,-5,-3,1,2,-5,8,-8,-6,4,0,-2,-14,-1,-8,-15,-13,1,-16,-6,0
-27/76,0,0,-3,1,4,6,2,-2,2,9,10,-2,6,8,0,-6,-4,2,-11,16,2,4,1,5,-19
-95/82,0,2,0,1,-2,6,-4,1,-8,3,3,10,6,-1,-1,-3,0,-2,5,2,7,10,9,-9,7
28/53,0,-2,2,1,0,0,2,1,0,-4,-8,10,6,4,0,5,-11,-1,8,14,2,-5,7,8,-7
-29/217,0,2,0,-5,2,-5,2,-2,0,-10,2,-6,-6,8,-8,-4,6,-3,-14,-6,-13,5,4,-12,13
86/55,1,-2,0,-5,-2,6,-3,-2,3,10,2,10,-6,-1,-8,6,1,1,11,-15,-5,-16,0,-1,-6
83/57,0,0,1,1,-2,2,5,-2,6,-2,-6,-1,-6,4,1,-12,-4,2,8,-5,-1,11,0,10,17
-65/88,0,2,0,3,-2,-7,4,1,-4,6,-9,6,0,-9,-7,3,6,-11,-12,4,-14,-16,-5,1,11
-77/73,0,2,2,1,0,-5,2,-2,-8,7,-2,-2,-5,-3,-6,2,-12,-10,-12,-12,-6,4,-3,-6,-4
-46/51,-1,0,1,-5,2,6,-2,-2,-7,3,2,10,6,2,-8,-4,-5,1,16,0,2,4,-12,12,8
89/74,0,2,0,3,4,6,6,-2,0,4,1,-8,0,-9,-8,-11,-2,4,5,0,-5,-7,2,-13,-2
89/72,0,0,-3,1,-1,-1,4,-2,-4,-2,3,10,4,4,0,-2,-7,-6,-8,-3,2,10,0,-13,2
-20/57,0,0,0,0,-5,-1,-3,-2,-8,7,-10,7,8,-6,0,1,0,-1,-12,12,14,5,7,12,5
-8/39,0,0,2,-5,2,-2,6,-2,3,-4,1,5,-5,4,2,1,-12,-6,-10,-3,10,8,-3,5,-12
1/97,0,2,-2,1,4,4,-1,-2,4,5,-1,6,-1,-1,-11,7,-14,-7,4,-15,-13,-7,4,9,4
3/97,0,0,1,-5,-3,6,-3,-2,-9,0,-2,10,-2,-12,2,-3,-12,-13,-3,0,2,11,-4,-3,4
-17/90,0,0,0,3,0,-5,-8,-2,-4,-2,4,6,3,7,-11,-9,2,-7,10,6,1,-11,4,18,17
-41/88,0,2,3,1,-2,-5,-4,-2,-6,-5,-6,-2,-4,-6,-8,6,8,-5,-7,-15,-6,6,-4,2,-4
63/25,0,0,0,1,6,0,-1,0,-4,-4,-5,-8,-6,-6,-8,-9,6,-3,-12,4,-13,-6,6,18,-8
-21/64,0,0,0,1,4,-5,4,1,6,4,-5,-6,6,10,-6,-2,-4,-12,2,4,-13,13,7,-7,-4
-76/47,0,2,2,3,-3,2,-6,1,-6,0,3,-7,-6,0,3,1,-13,-10,2,-2,-2,-10,4,-14,18
-14/87,-1,0,2,1,-2,2,-1,1,1,-6,1,-5,-4,1,4,-4,-4,1,8,-12,1,0,6,-3,-14
-991,0,-2,2,3,6,2,6,1,-8,-3,2,-2,-3,-2,-6,6,6,-1,-7,4,-2,15,2,6,3
6/101,-1,0,4,1,-2,4,5,0,-6,-5,-2,6,0,4,0,2,-7,-7,-8,-4,10,-15,-4,6,2
2/99,-1,0,-3,1,-2,2,2,-2,-4,-4,-8,-1,-6,4,-6,-4,5,-7,4,3,-1,-14,12,6,8
11/46,0,-2,0,0,0,-1,-3,1,0,4,-5,-6,0,-6,0,-10,7,-3,8,-9,-9,4,-9,-12,-6
-63/40,0,-3,0,1,-1,0,5,1,-4,-10,-2,-5,-7,8,6,5,0,-5,-3,-4,-2,-10,-4,-17,-1
20/63,0,0,0,-5,0,1,-3,1,1,-2,-1,-2,0,-6,1,-6,4,-2,-6,-9,-6,-14,12,12,-12
-11/637,0,2,-2,-5,0,-2,2,1,6,4,3,-1,6,-3,12,6,-2,8,12,-15,4,-10,-4,18,-6
-18/85,-1,0,0,3,2,1,-2,-2,-9,0,1,-3,0,-6,4,6,6,-7,4,3,4,-16,0,-14,2
51/94,0,0,1,3,-2,-5,-8,1,4,0,-1,-10,0,-6,3,10,-1,-8,-10,14,-13,8,-6,10,-4
-31/33,0,0,3,-5,-2,1,2,-2,-3,3,-10,-2,8,8,11,3,1,5,-6,5,2,-8,6,3,10
74/41,1,2,2,3,-5,4,-3,1,-4,4,-9,-11,6,-4,11,-6,11,-7,-14,6,2,-8,-4,-8,-6
-73,0,-2,0,-5,-3,-5,6,-2,-9,3,-1,8,8,-1,0,-11,6,-10,-14,-13,-11,5,10,-1,-5
-67/16,0,-2,0,-5,-1,-5,3,1,-8,2,-8,-8,-3,4,1,3,-4,1,-5,-3,2,-14,11,2,-18
18/55,-1,-3,0,3,-2,-6,-3,-2,6,2,-2,8,0,1,8,10,-7,-6,-12,-12,1,-4,8,9,3
93/781,0,0,2,-5,-2,0,-4,1,-4,-8,-10,2,7,-6,1,-3,0,8,16,4,6,8,16,-14,-18
91/781,0,2,0,1,-2,-7,5,-2,-3,-1,1,-3,6,-1,-6,2,-11,6,5,4,-10,8,10,1,-12
-48/25,0,0,0,1,2,-1,5,-2,-4,-5,-1,-8,3,-6,-6,-11,-5,-10,-2,-15,-16,15,-4,-14,14
-35/23,0,-2,0,1,0,1,2,1,0,4,4,-2,0,5,0,6,0,2,3,-4,-13,8,6,18,2
69/103,0,0,-3,-5,0,-1,4,-2,-7,-5,1,5,2,10,8,-4,0,1,-12,-15,10,13,0,-10,-2
65/107,0,2,0,0,-3,-7,-3,-2,1,-2,-4,-6,-3,10,12,0,-3,10,-3,14,-6,12,1,-16,3
-37/17,0,2,2,-5,-2,6,-2,1,6,7,-9,-11,-3,-1,-11,6,-11,-1,14,-1,2,8,1,-10,-7
-9/95,0,0,0,3,4,2,5,-2,-4,-5,3,2,-3,10,-6,-6,4,2,4,0,14,-9,1,4,1
-13/100,0,-2,0,-5,0,-7,5,1,3,0,2,10,-6,-3,6,-9,6,-11,4,-1,-4,5,15,8,2
-60/31,0,0,0,0,0,2,2,-2,0,0,2,-5,1,2,8,-9,0,2,1,-3,2,10,-6,6,18
-43/75,0,0,0,-5,4,2,-5,1,1,-4,3,-1,-6,-1,-6,-2,0,-2,10,6,2,-8,-16,-4,-5
-97/20,0,2,0,1,6,2,-3,-2,-8,3,6,-10,-4,-10,0,3,6,2,-12,8,0,11,0,3,8
-59/87,0,0,3,1,-3,-5,-3,1,-8,-6,0,-8,12,2,-8,-2,-12,2,-10,5,-16,8,4,-6,6
-35/6,0,0,0,1,4,-5,2,-2,-8,0,-1,-7,-6,6,4,1,6,-7,4,0,-2,-14,-3,6,2
80/79,0,-2,0,-5,4,0,5,-2,6,3,3,-5,4,8,-4,0,6,6,-10,-8,11,-8,-7,-10,7
64/25,0,2,0,1,-2,2,-3,-2,-3,9,1,10,0,-4,-6,6,6,-1,1,-7,12,6,0,-9,1
25/6,0,0,0,3,2,0,1,0,6,0,1,6,-1,4,-8,5,-14,0,6,13,-13,-8,-4,8,-12
-9/76,0,-3,0,1,0,4,4,-2,6,3,6,2,-7,12,-8,1,-2,-11,4,5,-13,-16,-4,-1,11
-5/76,0,2,0,-5,4,-1,-1,-2,-9,4,-2,-5,0,-2,-3,10,-12,-11,-14,-8,-6,13,12,-15,13
-69/43,0,0,2,0,-2,6,5,1,-7,6,-6,10,0,-12,-3,-2,1,10,16,3,10,-16,-15,0,2
31/14,0,-2,1,-5,-2,-5,4,1,-8,-2,-10,2,-1,-10,11,-10,6,13,2,-1,-13,-14,1,12,6
42/71,-1,0,0,1,-3,6,2,-2,-8,4,0,5,7,1,6,2,13,1,2,4,-5,-8,6,2,8
39/71,0,0,2,-5,6,-7,-3,1,6,5,-7,-11,-4,-4,-11,-9,0,-2,6,4,-2,-5,0,18,2
29/78,0,0,3,0,4,-2,-3,1,-6,-10,-9,6,3,5,0,6,6,8,-13,4,4,8,-13,12,-5
39/31,0,0,1,1,0,-7,-3,1,6,-4,2,-8,-2,1,-8,-2,-13,-6,4,-2,2,-10,1,-3,8
-79/14,0,2,2,-5,-2,6,5,1,-9,9,2,-10,8,-2,-6,3,0,8,-3,15,-4,4,-4,6,-19
88/75,0,0,0,-5,0,2,5,-2,3,-5,-6,2,-6,6,-10,-14,10,-2,12,3,8,-8,6,-12,-1
46/17,-1,-2,0,1,-3,-5,-2,1,-7,4,1,-1,-7,7,7,-4,10,4,4,-4,-6,-6,1,-1,9
52/77,0,-2,2,-5,-2,-7,-6,-2,6,-10,-1,-2,1,10,-6,-9,6,-10,-12,8,-1,-14,12,12,2
93/43,0,0,2,1,2,6,3,-2,-3,-5,-10,-10,7,-12,-8,-6,-1,-1,4,5,4,-1,3,0,17
-11/63,0,0,2,-5,0,6,-4,-2,-8,0,-1,8,6,-10,8,3,6,2,14,8,12,10,5,-12,16
-55/2,0,2,0,-5,0,-5,5,0,3,4,10,-6,-3,4,-6,0,-2,-5,8,-12,7,-6,-3,-8,12
-1/58,0,-2,2,3,4,0,6,1,-8,-6,-1,10,-6,4,0,4,0,2,8,-5,-10,-8,10,-14,-12
88/71,0,-2,2,-5,0,-6,4,1,-8,0,-9,-7,-2,4,-6,0,10,-5,-11,4,-1,5,6,-8,10
-92/9,0,0,-3,3,-1,2,2,-2,-7,6,2,6,6,7,-8,-2,6,-3,-13,-9,11,-14,12,1,3
-31/66,0,0,2,1,-2,-5,1,1,6,6,-10,11,6,12,-2,6,6,1,5,4,-10,-6,4,-14,8
37/5,0,-2,0,1,-2,2,-3,1,1,3,-9,-11,8,8,0,6,-9,-3,-14,11,2,12,-4,4,-12
-5/1168,0,2,0,-5,-2,-1,4,-2,-3,5,4,6,10,6,0,-10,-7,13,5,12,-6,-8,5,-7,6
17/53,0,2,2,1,0,-5,-8,-2,-3,3,-5,-2,-9,-4,-8,5,0,-11,-14,4,-7,-6,12,0,-14
-14/397,1,2,0,1,0,4,-4,-2,-3,-5,1,-1,6,4,-6,6,8,-2,-12,-9,10,13,10,6,8
-7/198,0,0,0,1,-2,0,-3,-2,3,9,-6,-2,-6,12,-1,-2,0,6,-3,0,0,-6,1,-10,7
-59/40,0,2,0,-5,-5,-6,-1,1,2,0,-8,-2,-6,5,-8,6,-12,-6,-13,11,-6,1,-9,-14,-1
-79/12,0,0,-2,0,0,2,-4,-2,-8,7,-9,-2,-1,4,1,6,0,1,4,16,-7,4,-4,18,2
-67/12,0,0,2,1,6,0,-1,1,0,0,-4,-5,8,-2,8,6,0,8,-5,-12,-8,0,8,-1,-3
3/5620,0,0,0,-5,0,-5,-6,1,-3,3,-8,11,-6,-1,0,6,6,13,10,-15,-13,-15,3,12,-13
5/5618,0,2,0,3,-1,-1,1,1,-4,5,-1,-6,-6,-7,11,5,-14,-4,12,15,-6,-1,0,-14,-2
-47/67,0,2,2,-5,0,-1,-3,0,1,-1,3,-8,6,8,-8,6,-9,1,0,4,-14,8,12,6,2
89/90,0,0,0,1,2,0,5,1,-3,7,-1,-1,1,4,1,-9,-1,-8,12,-4,-2,5,6,-13,-6
57/44,0,0,2,-5,-2,2,-3,1,2,-1,-6,-11,-3,-7,0,6,1,-4,8,-12,-16,12,10,0,1
53/41,0,2,-2,3,0,6,-1,1,-8,-7,-9,-8,6,4,-8,-10,-1,1,5,6,0,4,12,-14,-14
-71/66,0,0,1,1,-2,6,-1,1,-6,-7,-8,-3,-9,-4,0,3,-4,5,11,-12,-2,-16,-3,1,-3
10/93,1,0,0,-5,-1,-5,2,-2,6,0,2,-7,0,-1,6,-10,10,-1,4,4,-8,-6,11,0,12
-42/97,-1,0,2,1,6,-6,2,-2,6,3,-5,-2,-4,-1,-2,-10,-2,-1,-8,8,-14,2,16,-8,4
-74553,0,0,-2,-5,4,0,-4,-2,-3,-4,-6,10,7,4,0,6,8,-4,0,-12,-14,-8,-4,1,8
87/10,0,0,0,0,-5,2,1,-2,3,-10,10,-2,12,-1,-1,-2,-5,-1,-12,14,-5,-8,-12,-14,8
92/5,0,2,0,3,-2,-5,5,-2,-7,4,6,10,-7,2,6,6,-12,0,-4,-12,-11,8,-1,12,8
-4/1881,0,0,0,1,-2,2,6,-2,6,4,10,10,8,8,-6,6,11,1,4,-12,10,-1,9,1,-12
-34/47,1,2,2,3,4,6,-8,-2,1,4,-7,-8,6,-1,3,1,0,-1,-6,-15,4,5,-4,-2,3
-13/25,0,-2,0,1,-2,-7,-4,0,-3,-2,-4,6,-4,2,0,-2,6,-10,4,-12,-2,-15,4,-8,-6
-81/5,0,0,0,1,0,0,5,1,-6,6,-8,-1,-2,-6,-8,-7,-9,-8,1,-13,-1,1,-12,12,11
-101/60,0,0,0,0,-3,0,-6,-2,-3,6,-10,-1,12,-9,13,-2,-7,6,1,-15,6,-16,-3,-14,-8
-11/57,0,0,0,3,0,1,4,-2,-4,4,-9,-2,-9,4,1,-4,10,6,3,13,7,1,10,-10,-14
-17/93,0,0,4,1,-5,4,-8,1,2,-7,2,-2,8,8,0,-6,-4,-1,4,6,-7,12,-16,6,-14
30/79,1,0,0,0,-3,-5,6,-2,-8,-10,-1,-1,-1,12,0,1,-9,-8,-5,-4,-9,-8,12,-12,2
-19/16,0,-2,0,0,4,4,-6,1,2,-8,-2,-2,0,1,6,-9,-4,-13,10,-3,0,-16,-6,-8,-7
88/97,0,2,1,3,0,-6,-3,1,-3,5,-1,7,6,12,0,-6,0,10,-14,-1,0,1,12,10,4
-85/94,0,-2,0,1,2,0,-8,1,-3,0,-1,-2,10,2,3,-6,4,-1,2,-3,11,1,12,18,-1
-83/96,0,0,0,3,-1,6,5,1,6,2,-2,-2,-6,-3,-3,1,4,1,12,0,8,-8,0,-9,18
-1/92,0,2,-2,1,0,6,6,-2,0,2,2,10,-5,8,-8,3,-7,5,10,-4,12,5,14,1,2
61/2,0,-2,3,1,-2,4,2,1,-9,4,0,-8,10,4,0,-14,0,-13,-11,3,-10,-8,6,18,-14
-73/50,0,2,0,-5,0,-5,2,1,-4,7,10,-7,-6,12,0,6,-1,8,1,-4,-11,-8,-7,10,-6
-46/27,-1,0,0,-5,-3,-6,-4,1,-7,2,-9,-8,2,-10,0,-2,-12,-3,4,2,-16,-12,6,-6,18
32/39,0,0,0,0,0,-2,2,-2,6,0,-10,-5,6,6,-6,6,6,-12,0,-8,14,-16,-15,12,2
55/2,0,-2,0,3,0,-5,-6,1,-6,9,3,-7,-9,-4,-1,-3,6,-6,-14,4,2,9,6,18,3
-24/85,0,0,0,-5,0,-5,-2,-2,6,-5,3,10,-2,0,1,-2,9,0,4,-12,-6,4,7,6,10
83/34,0,-2,-3,0,2,6,-2,-2,6,-4,2,-10,0,1,6,-14,-7,-2,-12,4,6,13,0,-15,10
43/28,0,2,4,-5,0,0,1,1,0,6,-9,-11,3,-1,4,-9,-5,-13,-3,-8,-11,-12,14,-10,-12
-68/31,0,2,-2,3,-5,0,-8,-2,-8,-3,2,7,2,4,-11,-11,0,2,-10,16,6,-14,14,-12,-3
-2/161,-1,-2,3,-5,2,2,-3,1,0,-10,1,-10,4,12,8,0,-3,-4,9,-15,10,0,-12,3,12
-5/323,0,-2,0,1,4,-1,-2,-2,6,-4,-6,-5,-6,4,10,0,8,1,8,6,-2,9,12,0,-6
-39/19,0,0,1,1,-1,-7,-5,-2,0,4,3,5,7,8,10,-4,-4,10,-4,5,7,0,14,10,5
24/47,0,0,2,1,0,1,5,1,-3,4,8,-3,-5,-4,3,-6,6,8,-4,-8,8,-4,2,10,-2
4979/79,0,-2,2,0,0,-7,-5,-2,6,-5,1,-5,0,-9,11,-10,0,-11,8,-8,-10,-8,2,6,-5
4981/78,0,0,0,-5,0,-2,-8,-2,0,-2,3,-2,-5,-6,-7,3,-4,-10,4,-9,-4,4,-10,1,-12
-18/47,1,-3,4,1,4,2,-3,-2,-3,0,-9,10,-6,-6,3,1,-9,-2,4,5,5,-4,-4,0,0
62/23,1,2,1,3,4,2,3,1,0,0,-10,-7,-2,2,0,-7,-1,13,4,-12,-5,6,14,3,2
-79/19,0,-2,2,0,0,0,2,-2,4,-4,-10,11,-9,1,0,9,-14,-3,-14,3,-13,4,3,-12,1
31/73,0,2,-2,0,2,6,-3,1,6,-2,-10,-1,-2,5,-7,3,6,6,-14,-15,-6,-14,-8,-12,-18
-14/55,-1,2,0,1,-2,-5,2,-2,-3,-3,-6,-6,12,-4,4,1,13,1,9,4,-2,6,-4,-16,1
16/65,0,-2,0,0,2,-2,-5,1,-9,2,-9,11,4,-9,-6,3,-12,-13,-14,-3,-6,5,4,1,-13
-10/69,-1,0,0,3,-3,-5,1,1,0,6,3,10,7,-10,-6,-10,4,10,-6,3,-10,0,12,6,6
-7/66,0,0,-3,1,-2,-6,6,-2,6,10,6,-11,3,0,-8,6,4,-5,2,0,-16,5,0,-9,10
97/60,0,0,0,-5,-3,-5,1,-2,6,-4,-4,8,-1,12,10,6,-4,2,-10,-4,2,2,0,10,8
38/65,-1,2,0,-5,2,-2,-1,1,6,6,1,-8,-6,4,0,0,-13,6,3,-15,4,-6,-13,1,-7
87/91,0,0,3,-5,4,-2,-5,1,-3,-10,3,-5,0,-1,-6,-4,8,-1,-8,-2,-2,12,-4,-9,-14
-6/463,-1,0,0,0,4,-1,1,-2,-8,-4,3,-7,6,6,0,6,7,-2,12,6,2,-14,3,1,13
5/88,0,-2,0,3,-2,6,-3,1,-6,-4,1,-2,0,0,0,-6,9,10,3,-4,0,-1,11,-6,12
-104/59,0,-2,1,-5,4,-7,-3,1,-3,-5,-1,10,-6,9,0,6,10,-7,3,8,-13,10,1,6,-1
506,1,-2,4,1,0,6,-3,1,-7,9,1,-7,-6,4,0,6,0,6,4,13,10,-10,-3,18,12
-28/25,0,-2,0,1,0,0,2,1,-3,6,0,11,-6,6,0,-3,0,0,5,11,-2,10,12,6,8
-20/59,0,-2,0,-5,2,6,-5,1,6,0,8,2,6,12,8,-11,10,-2,-5,-12,2,0,-5,-8,-7
-73/33,0,0,1,-5,-2,2,2,-2,6,-10,1,-7,-5,10,3,-3,-2,-3,-8,-2,-11,13,-10,-1,17
-101/41,0,-2,2,3,0,-5,2,-2,3,2,-2,-2,6,1,6,-14,6,2,-8,2,-4,11,4,12,-6
82/23,-1,-2,2,1,4,1,-3,-2,0,-2,-9,-5,-4,-1,-8,-9,0,-1,4,3,4,11,-4,5,0
-49/46,0,-2,4,1,-2,-6,2,0,0,0,-5,10,2,-2,4,9,-9,-3,-3,3,2,8,3,-12,2
101/11,0,2,0,1,-2,-5,2,1,-3,-2,3,2,-9,-6,3,-2,-11,-3,-11,-15,0,0,3,-15,11
-8923/60,0,0,0,-5,-3,2,-3,1,-3,3,-9,10,-1,0,-6,2,6,-6,0,8,4,-14,0,-13,3
-8925/58,0,0,0,1,2,2,-8,1,-8,-6,2,-5,6,8,6,6,6,2,2,8,0,-9,-4,2,-12
67/33,0,0,1,-5,-2,-5,4,-2,-3,-3,10,10,-9,-9,-8,7,-11,-7,-5,14,-11,-10,16,1,1
103/74,0,-2,-2,3,2,2,2,1,-6,4,6,-8,2,4,-11,-3,4,-8,14,-1,7,10,0,-8,2
-12/77,0,0,1,-5,-2,6,-1,-2,6,6,-2,5,0,6,6,-4,0,-7,-4,-13,-13,5,12,-6,8
12/91,0,0,3,-5,-3,-2,-6,1,3,5,-7,6,2,7,-6,-2,0,1,-10,6,-11,0,-3,6,-14
-757/2,0,2,2,3,-5,-5,-3,-2,-3,9,-5,-5,-1,6,0,3,4,6,9,10,12,-15,-16,-2,-6
-753/2,0,0,0,-5,-2,6,-5,-2,-8,6,3,-8,0,-9,0,4,0,-11,-14,0,-11,-14,16,-10,-2
-1/101,0,2,1,1,4,-1,4,-2,-3,-7,-9,2,4,4,4,-11,0,10,8,15,-1,-10,2,-12,-5
11/24,0,0,2,1,0,2,-3,1,3,0,-7,10,8,-1,3,-6,6,-5,8,-9,5,-16,16,8,1
65/88,0,-2,0,-5,-2,-7,3,-2,-3,6,10,10,-5,7,0,6,-4,2,-14,-12,-14,8,5,-10,-14
61/11,0,-2,2,3,-2,0,-3,1,-6,-3,-1,-5,0,1,0,2,10,-13,-5,10,-5,-16,-16,0,-2
74/91,-1,-2,2,-5,6,-2,4,-2,6,-2,-7,-11,-1,-9,-6,1,4,4,5,6,6,13,12,-12,8
35/46,0,-2,0,1,-5,-5,-1,1,0,3,1,-2,-9,-1,-8,1,-1,6,-12,-4,6,-8,-12,3,18
-75239,0,2,0,-5,-5,-5,2,0,-8,4,-4,-5,0,7,-6,4,6,4,-12,-3,4,-16,-4,12,14
-32/53,0,-2,4,1,4,6,4,1,6,-10,2,6,-1,-7,-4,5,-7,-13,5,-4,7,-1,-16,1,17
91/20,0,-2,0,1,-3,-7,-6,1,6,-4,3,7,2,7,0,-2,-3,10,16,2,-5,-16,-12,6,-9
11/57,0,0,-3,-5,0,2,3,-2,-3,-10,-10,-3,-3,-4,1,6,-12,1,11,5,-1,12,-16,-17,-6
33/68,0,0,4,0,0,4,-2,-2,-3,-5,-8,10,-3,5,-6,-12,-4,-8,12,-5,-13,-16,3,-15,2
-29/51,0,0,4,3,6,1,-2,1,6,-10,-4,11,-3,5,0,1,-9,-1,8,3,-6,-8,4,0,13
82/81,1,0,-2,3,-3,2,2,1,-8,-2,10,-2,-4,-6,11,-4,0,5,8,4,-13,-4,-4,10,-6
85/82,0,2,0,3,2,-5,-8,-2,-8,-5,3,-1,6,7,0,-12,-2,-11,16,15,4,0,-16,-15,9
-97/36,0,0,-3,0,0,0,5,0,1,4,-2,5,3,4,-6,-10,10,0,2,3,4,12,-16,-14,8
53/68,0,2,4,-5,6,-1,-2,-2,-6,3,-1,-7,-6,4,0,-10,0,2,14,0,-6,9,12,9,18
-48/35,0,0,0,-5,0,6,2,1,-9,0,10,-11,6,-4,-1,-6,-2,8,-14,6,-7,5,11,1,-14
13/56,0,-2,-3,-5,-1,-7,-5,1,-4,-5,3,2,6,-6,-6,-9,10,8,12,-3,-11,4,0,-8,2
-54/821,1,0,2,0,0,6,-3,1,3,2,0,-11,4,12,0,-6,4,-1,8,14,-13,10,4,-10,-12
-52/821,0,2,0,1,-1,-7,-1,1,4,7,3,-5,-4,6,11,-6,0,-2,6,8,11,-9,14,-6,8
-104/79,0,2,1,-5,-2,-7,-5,1,6,9,3,-1,12,8,13,-6,-12,10,-5,-1,-6,-8,3,0,8
79/88,0,2,-2,-5,-2,-5,5,1,-3,0,-5,-2,6,-6,-4,6,0,-5,-8,4,2,4,6,-13,10
-2/427,1,2,1,-5,-5,2,3,1,4,6,10,10,-3,9,0,6,-12,-4,5,-13,5,-1,6,-13,-9
-77/32,0,-2,2,1,0,4,-3,1,-8,9,4,-2,-5,8,4,-2,7,8,-10,3,7,-5,-16,-3,10
73/91,0,2,2,-5,2,-2,5,1,-9,4,1,10,12,-4,0,-12,2,1,-14,-12,-11,12,0,-10,-2
85/32,0,-2,0,1,-2,6,-8,1,1,0,1,-7,0,-1,4,-3,0,10,2,6,2,-16,3,10,17
37/36,0,0,2,1,4,-5,-1,-2,-8,-8,-9,-11,8,8,-6,6,-12,6,2,4,1,-6,3,10,2
-101/9,0,0,0,1,-5,-1,-6,1,-4,0,6,-10,-9,2,0,-4,-11,1,4,0,-9,15,-16,-16,2
97/8,0,-2,2,1,0,-5,-1,1,-3,2,4,2,-9,-3,-6,-11,9,4,-10,-3,-8,-7,-4,-6,8
-98/13,-1,2,1,1,2,-2,3,-2,-9,-5,-6,8,-3,4,0,4,6,8,2,-1,-2,8,-4,-10,-12
34/83,-1,-2,-3,0,-1,6,-8,-2,-3,-4,-5,-8,-3,10,8,-10,-13,-8,2,0,-4,-16,-16,-10,1
-89/74,0,-2,2,-5,-3,-6,2,1,-9,-10,-8,-8,1,7,-6,4,6,4,5,4,2,0,10,-13,-8
-45/37,0,0,0,1,0,1,-6,-2,-3,-1,-1,-8,-6,1,0,-4,0,6,-14,-15,14,0,10,6,-2
86/11,1,2,2,-5,-2,-1,2,-2,1,0,-5,-6,-3,-1,-8,1,7,8,8,8,-6,-16,6,-10,8
91/31,0,2,0,1,-3,-7,5,1,-4,-7,2,-6,-5,-3,6,-11,2,0,2,-15,-4,15,12,0,1
54/85,-1,0,0,-5,-3,-5,-2,1,1,-7,2,-2,-6,-9,0,-7,0,-3,10,0,-6,4,2,18,17
48/11,0,0,3,-5,-2,0,-4,-2,-9,6,1,8,2,4,-10,-2,4,-5,-3,8,0,-15,2,18,2
96/23,0,0,0,1,0,6,3,1,0,9,10,-7,-7,8,-6,6,-7,-11,-3,-13,-16,11,14,-9,9
-76/11,0,2,2,1,-2,6,1,1,4,4,1,-7,6,4,0,-9,-11,1,-10,0,-1,-15,0,-6,12
-80/13,0,2,0,3,-3,-2,2,-2,6,-4,2,-6,-6,-6,-10,-6,6,-8,4,2,4,5,5,-1,12
-45,0,0,0,-5,6,6,-5,1,-3,9,8,6,0,-2,4,6,-14,10,-11,15,0,-9,6,6,1
13/74,0,-2,-3,-5,-2,-7,2,-2,-8,0,-1,-8,-3,0,0,1,0,10,4,8,-1,-15,-12,10,13
674/99,-1,0,2,1,-2,1,-6,-2,-3,5,-5,-11,-4,-9,3,-10,1,1,2,3,-2,-12,17,-17,12
19/94,0,2,2,-5,4,0,-3,1,-8,4,10,-7,-6,4,3,7,2,10,16,6,7,4,8,18,16
55/64,0,2,0,1,0,2,3,1,1,3,3,10,-7,-10,12,-7,-9,5,11,8,-13,-8,-9,-14,2
22/57,-1,0,4,0,0,6,5,-2,6,6,-1,11,0,4,0,-11,0,2,4,-15,10,8,-7,-1,-18
-22/101,1,2,2,1,0,1,2,1,6,6,-5,-2,-6,-4,0,-3,-11,-2,5,12,-10,8,-3,-10,2
59/19,0,-2,0,1,2,6,-3,-2,4,-8,-1,10,-4,7,1,-2,-12,10,4,-9,7,-14,-16,0,-14
61/18,0,0,0,3,-3,6,-1,1,-4,-4,3,2,-2,-6,12,-10,-10,-13,-11,-15,4,8,-3,-12,-14
51/43,0,0,3,1,-3,1,-8,-2,2,3,3,11,-6,-12,-8,-11,-14,-3,5,-3,2,6,12,12,16
14/75,1,0,0,1,-3,-5,-6,1,6,2,-9,2,-9,6,-8,-2,8,10,8,-15,-6,15,12,-9,-7
-33/32,0,0,4,-5,0,2,-3,1,0,-10,-4,2,-1,10,0,7,0,-7,-11,11,14,15,6,-10,10
-99/34,0,0,2,0,0,6,-2,0,4,6,-4,5,6,7,-1,6,-3,13,10,3,-11,0,-7,-4,-12
-86/69,1,0,4,1,0,4,3,1,0,-5,2,-3,0,-1,-4,1,-11,4,1,2,-13,-15,-4,18,-7
-99/91,0,0,0,-5,0,-2,-4,0,3,-8,3,6,-4,-4,-2,-6,-4,-2,4,-4,-2,-6,-16,-6,1
-25/9,0,0,0,-5,4,1,4,1,6,2,3,2,6,4,8,10,-14,-13,-13,4,-2,5,7,-8,8
-77/101,0,-2,-3,1,0,-5,-4,-2,-8,0,-6,-8,-3,6,0,-4,1,13,-3,0,-5,15,-4,-6,-12
79/22,0,2,3,1,-2,1,-4,0,-3,-8,-5,-8,-9,1,4,-10,-7,-5,5,0,7,4,12,-7,8
-47/77,0,-2,2,-5,-2,-5,-3,-2,-4,-2,2,-7,-3,-4,-8,-10,7,-7,-12,12,-2,-16,-16,2,12
-83/63,0,0,2,-5,-1,-1,2,1,6,-3,1,-2,0,-2,-2,11,0,-4,11,-3,-16,-11,0,12,10
25/32,0,-2,0,0,0,0,-3,1,-3,-10,-7,-3,6,1,8,3,0,1,16,4,4,-8,-4,-6,2
-61/78,0,0,0,1,4,-2,3,-2,2,10,-6,-1,-6,-1,-8,-4,5,-13,5,12,-2,-10,3,0,-14
-49/88,0,-2,0,1,-2,6,6,-2,6,0,4,-2,7,4,-11,1,0,10,8,-3,7,-15,-16,-14,-18
-19/42,0,0,3,-5,-3,4,-3,1,-4,5,10,10,-7,-10,13,4,-11,10,-2,-12,-2,2,4,18,-12
-31/80,0,2,0,1,0,-5,-3,1,-6,0,-10,8,-5,-2,11,-2,-2,13,2,7,11,-16,6,4,3
59/35,0,2,0,-5,-1,-5,-3,1,-8,-4,2,2,-6,-2,-8,-3,-12,2,-14,-12,-13,-7,-4,5,-7
-70/61,1,-2,0,1,-2,4,-1,-2,-8,-2,-1,-1,-6,4,-8,-2,-12,-4,-10,6,-4,12,10,0,-7
-101/2,0,-2,-3,1,6,-5,-4,1,3,6,-9,-2,-1,-7,4,6,-4,2,4,8,-4,5,0,-7,-14
-92/195,0,0,0,0,4,-2,2,1,-7,-8,2,10,-6,-3,0,4,1,-2,6,4,-5,10,-3,-15,-12
-91/197,0,2,-2,1,-2,-7,-3,1,-6,7,3,2,0,-6,-11,0,6,13,8,3,14,2,-4,10,10
21/97,0,0,3,1,2,2,-5,0,6,-4,-9,-2,7,-2,0,-11,4,4,-14,13,-4,9,-3,-6,4
4/85,0,2,0,-5,2,-5,-2,-2,2,-1,0,-10,2,-3,4,2,2,8,-12,-15,0,12,12,-9,-2
-96/29,0,0,2,1,-1,6,-4,-2,3,-6,8,-8,6,-1,0,-14,-11,-5,4,8,14,4,17,12,-9
103/28,0,2,2,-5,0,-6,2,-2,-6,9,2,-2,-1,-3,4,-6,0,10,-12,0,4,10,12,6,12
-23/81,0,0,2,3,0,2,-1,-2,-7,0,-1,10,2,-3,6,2,0,13,5,3,2,13,-3,-17,-18
-7/87,0,0,2,1,4,-5,2,1,2,-6,-9,-2,2,-10,2,-2,4,-10,10,12,-7,4,12,10,13
-7/65,0,2,0,1,4,-2,-3,-2,-9,0,-1,-7,-9,1,0,1,0,-3,4,4,-4,1,2,6,3
-53/64,0,2,-3,3,6,2,-4,1,2,-2,-1,-7,4,4,11,-10,-4,-5,0,9,11,13,8,-6,-1
9/76,0,0,2,-5,-1,0,3,-2,-8,6,-7,5,-3,-12,0,-7,6,2,12,13,-8,-16,-3,-10,3
-102/11,-1,0,3,1,-2,6,-8,1,-4,-2,-6,-2,4,-2,-8,6,0,13,2,16,-6,-4,4,8,16
-90/77,-1,0,0,-5,-2,6,1,1,2,0,-7,10,-6,-4,0,3,-1,2,-8,8,11,-4,14,-1,1
-49/48,0,0,-3,1,4,-1,2,1,6,-7,10,-7,-3,8,0,-2,-12,-1,-14,-9,-8,8,-4,18,8
24/55,0,0,0,-5,-2,-5,-5,-2,6,0,2,2,-1,4,-7,0,0,-8,8,-12,12,8,17,8,-3
55/81,0,0,0,-5,0,2,3,-2,6,6,-4,6,0,-9,-7,3,-4,6,-3,-15,-5,9,-3,-14,2
37/51,0,0,-3,0,6,0,-2,1,1,5,-1,-11,6,-4,0,6,-4,-7,-13,16,10,-4,-12,-10,8
36/47,0,-3,0,3,-5,4,-3,1,-3,-7,1,10,1,4,3,7,6,2,8,-12,-16,5,12,5,8
-27/89,0,0,3,3,2,6,-5,-2,-3,4,1,10,-7,5,-6,-2,4,-5,-7,-12,12,10,-15,-8,-1
16/75,0,0,0,1,-2,6,6,-2,6,-10,6,-5,0,-2,8,2,0,-11,-12,12,-13,4,-16,-12,12
-7339/3,0,0,-3,1,-2,0,-3,-2,3,0,-9,-2,-4,-10,-3,-2,6,10,2,-2,7,-15,-3,-1,10
19/89,0,-2,4,0,0,2,-4,1,-3,-3,3,-2,8,6,-6,-6,-4,1,-3,3,4,6,-12,-8,-14
28/15,0,0,0,1,4,2,2,1,6,-1,6,6,12,10,12,6,0,-2,5,-15,-13,5,-4,6,8
-61/22,0,-2,-3,1,-2,6,5,1,-3,-5,-2,-7,-6,8,0,6,6,-13,-2,4,-6,-14,11,-6,-2
77/43,0,-2,2,1,0,1,4,1,-3,7,-5,-5,-6,-12,-11,-10,-2,-2,-14,-2,10,-7,-11,-17,18
-88/25,0,-2,0,1,0,2,-5,-2,6,6,-7,-3,7,0,-1,1,-4,10,-10,3,11,11,-10,2,0
-33/59,0,0,0,3,0,6,5,1,-3,-2,3,-2,-6,-4,6,4,10,2,-2,8,-4,-14,0,-13,-4
-85/63,0,0,0,-5,6,2,-8,1,6,-5,-1,8,-9,7,-6,6,8,-10,4,5,-1,-9,-4,-15,-3
-64/29,0,2,2,1,4,-1,-5,1,-4,-6,2,-2,-3,1,8,-6,0,2,2,14,0,10,-1,-3,-6
53/59,0,2,2,1,4,0,-3,-2,-4,-3,3,-1,4,-4,-8,-10,10,-13,8,-3,2,8,4,8,11
-98/31,1,2,2,1,4,-1,-1,-2,-3,0,2,-8,-6,-6,-8,6,13,-3,4,0,-13,-14,-15,-8,-2
-97/30,0,0,0,-5,-2,-5,2,1,-9,3,-10,6,6,0,8,1,-12,-4,4,-3,-2,6,-16,1,8
31/67,0,2,3,1,0,-1,2,1,-9,-8,-10,-7,4,8,-6,-10,-13,-13,0,-8,-6,-1,-4,9,-3
30/17,-1,0,0,3,4,2,-2,1,6,-5,-1,-2,8,-2,-8,6,13,-7,14,-15,0,8,1,-3,17
58/35,-1,-2,0,-5,4,-5,1,1,-3,-10,1,-2,-5,-4,-7,-6,-4,6,-14,15,-4,6,2,-2,12
95/23,0,2,0,1,4,1,-3,1,0,-10,1,-2,-6,-4,0,1,4,6,2,-15,-14,10,-10,-17,12
-63/97,0,-3,4,1,-3,-1,3,1,-3,3,1,5,-5,-4,-4,9,5,-3,0,0,-2,15,-15,-12,4
-9/1873,0,-3,2,3,0,-5,2,-2,2,-5,4,6,-9,2,-6,-4,-11,4,10,-9,4,10,2,6,-9
-11/1873,0,2,3,1,0,0,-6,1,-3,9,1,2,-5,6,-6,2,4,-13,4,-3,-14,0,-16,0,-9
-46/75,-1,0,0,1,-5,4,-3,1,-7,0,6,-6,-4,-12,-8,-9,0,-10,12,-12,4,-6,0,-1,3
-47/73,0,2,0,3,0,6,5,-2,-8,6,2,-5,4,4,-8,1,-4,-7,3,10,-6,10,5,3,14
39/7,0,0,0,-5,-3,-7,-3,-2,-4,-10,1,-3,-4,0,11,-6,-14,-5,4,7,-5,-1,-3,18,12
21/88,0,0,2,1,-2,-6,1,1,1,0,-6,-7,-3,-9,4,6,-7,0,12,2,-5,10,16,12,-6
-62/37,1,2,1,-5,-5,-5,-6,1,1,3,-10,-8,-5,-3,0,-4,10,6,12,0,2,4,2,-14,-18
55/31,0,2,0,1,0,4,-1,-2,0,9,2,-10,2,10,0,-10,-7,-10,12,2,-5,1,-3,8,-4
-63/44,0,0,-3,1,-2,1,-4,1,-4,3,10,-6,6,1,0,9,6,-11,-14,15,4,-6,-3,-12,-18
-37/57,0,0,2,-5,0,1,-3,-2,-3,-5,-9,-11,-1,-4,2,-14,0,0,-11,8,-5,-9,17,12,2
-43/52,0,-2,0,1,4,-2,-3,0,1,-5,-9,10,-1,-1,-3,6,8,5,8,0,7,8,7,6,-12
45/29,0,0,0,3,0,0,-3,-2,-9,-6,-2,7,0,-4,0,6,2,4,9,12,-10,11,5,-6,6
